timestamp,cpu_percent,arm_mhz,core_mhz,h264_mhz,isp_mhz,v3d_mhz,uart_mhz,pwm_mhz,emmc_mhz,pixel_mhz,vec_mhz,hdmi_mhz,dpi_mhz,arm_temp,core_volt,sdram_c_volt,sdram_i_volt,sdram_p_volt,3V7_WL_SW_A,3V3_SYS_A,1V8_SYS_A,DDR_VDD2_A,DDR_VDDQ_A,1V1_SYS_A,0V8_SW_A,VDD_CORE_A,3V3_DAC_A,3V3_ADC_A,0V8_AON_A,HDMI_A,3V7_WL_SW_V,3V3_SYS_V,1V8_SYS_V,DDR_VDD2_V,DDR_VDDQ_V,1V1_SYS_V,0V8_SW_V,VDD_CORE_V,3V3_DAC_V,3V3_ADC_V,0V8_AON_V,HDMI_V,EXT5V_V,BATT_V,readmr_4,readmr_5,readmr_6,readmr_8,throttle_hex,UV,ArmFreqCap,CurThrottle,SoftTempLimit,UV_occured,ArmFreqCap_occured,Throttle_occured,SoftTempLimit_occured
2026-04-13 10:50:30,0.0,2400,910,,910,960,44,,200,,,648,,61.5,0.8679,0.6000,0.6000,1.1000,0.00000000,0.05953173,0.12882280,0.00683151,0.00000000,0.20982490,0.33474400,1.52703000,0.00006105,0.00042735,0.00525030,0.01147740,3.59770100,3.30539300,1.80024200,1.11208700,0.60622650,1.10146400,0.80109810,0.86844850,3.30127900,3.30127900,0.79677580,5.03706000,5.01428000,0.00256410, 2, 255, 7, 24,0x50000,No,No,No,No,No,Yes,No,Yes
2026-04-13 10:50:32,1.2,2400,910,,910,960,44,,200,,,648,,62.0,0.8679,0.6000,0.6000,1.1000,0.00000000,0.06245952,0.12882280,0.00975930,0.00000000,0.20982490,0.34157550,1.52703000,0.00006105,0.00018315,0.00525030,0.01135530,3.65616200,3.30260900,1.82124300,1.10292900,0.60512760,1.10329600,0.80146440,0.86979160,3.30036300,3.30311000,0.79765500,5.03706000,5.03840000,0.00341880, 2, 255, 7, 24,0x50000,No,No,No,No,No,Yes,No,Yes
2026-04-13 10:50:34,1.7,1500,500,,500,500,44,,200,,,648,,62.0,0.7200,0.6000,0.6000,1.1000,0.00000000,0.11711160,0.12199130,0.11418380,0.00000000,0.20982490,0.33864770,1.46452000,0.00006105,0.00018315,0.00525030,0.01111110,3.64409900,3.29889800,1.81684800,1.11062200,0.60183090,1.10292900,0.80109810,0.71909580,3.29761600,3.30402600,0.79706880,5.07994000,5.04242000,0.00341880, 2, 255, 7, 24,0x50000,No,No,No,No,No,Yes,No,Yes
2026-04-13 10:50:36,0.0,1500,500,,500,500,44,,200,,,648,,60.9,0.7200,0.6000,0.6000,1.1000,0.00000000,0.05953173,0.12589500,0.00390372,0.00000000,0.23227130,0.33571990,0.96444000,0.00006105,0.00018315,0.00506715,0.01172160,3.64873800,3.31281700,1.79389300,1.10695900,0.60586020,1.10036500,0.80073180,0.71909580,3.29853100,3.30036300,0.79765500,5.04912000,5.07592000,0.00341880, 2, 255, 7, 24,0x50000,No,No,No,No,No,Yes,No,Yes
2026-04-13 10:50:39,1.0,1500,500,,500,500,44,,200,,,648,,60.9,0.7200,0.6000,0.6000,1.1000,0.00000000,0.06050766,0.12394310,0.00000000,0.00000000,0.20982490,0.33767180,0.95551000,0.00006105,0.00042735,0.00506715,0.01123320,3.66729800,3.30446500,1.78754400,1.10805800,0.60586020,1.10073200,0.80036550,0.71963300,3.30219400,3.30219400,0.79765500,5.05984000,5.07860000,0.00341880, 2, 255, 7, 24,0x50000,No,No,No,No,No,Yes,No,Yes
2026-04-13 10:50:41,0.0,1500,500,,500,500,44,,200,,,648,,60.9,0.7200,0.6000,0.6000,1.1000,0.00000000,0.06148359,0.12394310,0.00683151,0.00000000,0.21080090,0.33571990,0.95551000,0.00006105,0.00042735,0.00537240,0.01159950,3.65801800,3.31003300,1.82124300,1.10439400,0.60695910,1.10146400,0.80073180,0.71963300,3.30036300,3.30219400,0.79765500,5.05582000,5.03706000,0.00341880, 2, 255, 7, 24,0x50000,No,No,No,No,No,Yes,No,Yes
2026-04-13 10:50:43,2.2,2400,910,,910,960,44,,200,,,648,,61.5,0.8679,0.6000,0.6000,1.1000,0.00000000,0.06050766,0.13077460,0.00487965,0.00000000,0.20884900,0.33376810,1.49131000,0.00006105,0.00018315,0.00506715,0.01172160,3.65245000,3.31281700,1.79389300,1.10439400,0.60329610,1.10073200,0.80219700,0.86898570,3.30036300,3.30127900,0.79706880,5.03706000,5.04108000,0.00256410, 2, 255, 7, 24,0x50000,No,No,No,No,No,Yes,No,Yes
2026-04-13 10:50:45,0.0,2400,910,,910,960,44,,200,,,648,,60.9,0.8679,0.6000,0.6000,1.1000,0.00000000,0.06050766,0.13077460,0.00292779,0.00000000,0.20884900,0.33767180,1.53596000,0.00012210,0.00048840,0.00537240,0.01123320,3.65245000,3.31188900,1.78754400,1.10146400,0.60659280,1.10073200,0.80109810,0.86925430,3.30036300,3.30311000,0.79765500,5.04912000,5.04510000,0.00341880, 2, 255, 7, 24,0x50000,No,No,No,No,No,Yes,No,Yes
2026-04-13 10:50:47,0.2,2400,910,,910,960,44,,200,,,648,,62.6,0.8679,0.6000,0.6000,1.1000,0.00000000,0.05953173,0.13272650,0.00097593,0.00000000,0.20884900,0.33669580,1.51810000,0.00006105,0.00018315,0.00586080,0.01147740,3.65894600,3.31560100,1.81684800,1.10805800,0.60512760,1.10256300,0.79926660,0.86925430,3.30036300,3.30402600,0.79677580,5.01562000,5.00624000,0.00341880, 2, 255, 7, 24,0x50000,No,No,No,No,No,Yes,No,Yes
2026-04-13 10:50:49,0.0,1500,500,,500,500,44,,200,,,648,,61.5,0.7200,0.6000,0.6000,1.1000,0.00000000,0.08490592,0.12491900,0.00683151,0.00000000,0.21080090,0.33767180,0.94657990,0.00018315,0.00042735,0.00476190,0.01123320,3.65709000,3.30724900,1.81733600,1.10219700,0.60659280,1.10329600,0.80183080,0.71963300,3.29944700,3.30127900,0.79677580,5.06386000,5.01830000,0.00341880, 2, 255, 7, 24,0x50000,No,No,No,No,No,Yes,No,Yes
2026-04-13 10:50:51,0.0,1500,500,,500,500,44,,200,,,648,,60.9,0.7200,0.6000,0.6000,1.1000,0.00000000,0.08490592,0.12199130,0.00487965,0.00000000,0.20982490,0.33376810,0.95551000,0.00018315,0.00042735,0.00476190,0.01172160,3.66358600,3.30632200,1.79828900,1.10695900,0.59999940,1.09999900,0.79963290,0.71936430,3.29853100,3.30219400,0.79736190,5.05984000,5.04510000,0.00256410, 2, 255, 7, 24,0x50000,No,No,No,No,No,Yes,No,Yes
2026-04-13 10:50:54,2.0,1600,545,,545,551,43,,200,,,648,,60.9,0.7200,0.6000,0.6000,1.1000,0.00000000,0.06245952,0.12491900,0.00683151,0.00000000,0.20982490,0.33474400,0.97336990,0.00018315,0.00042735,0.00506715,0.01123320,3.66173000,3.31003300,1.81733600,1.11062200,0.60622650,1.10292900,0.80109810,0.72043880,3.29944700,3.30311000,0.79677580,5.06922000,5.05984000,0.00341880, 2, 255, 7, 24,0x50000,No,No,No,No,No,Yes,No,Yes
2026-04-13 10:50:56,1.0,1500,500,,500,500,44,,200,,,648,,61.5,0.7200,0.6000,0.6000,1.1000,0.00000000,0.05953173,0.12296720,0.00292779,0.00000000,0.20884900,0.33962360,0.92871990,0.00018315,0.00042735,0.00506715,0.01111110,3.65801800,3.31467300,1.82124300,1.10586000,0.60659280,1.10256300,0.79963290,0.72017020,3.29944700,3.29944700,0.79706880,5.05180000,5.06922000,0.00341880, 2, 255, 7, 24,0x50000,No,No,No,No,No,Yes,No,Yes
2026-04-13 10:50:58,0.0,1500,500,,500,500,44,,200,,,648,,60.4,0.7200,0.6000,0.6000,1.1000,0.00000000,0.06343545,0.12394310,0.00390372,0.00000000,0.20787310,0.44209630,0.97336990,0.00018315,0.00042735,0.00561660,0.01135530,3.67286600,3.30817700,1.82124300,1.11208700,0.60366240,1.09999900,0.80073180,0.71936430,3.29578400,3.30219400,0.79736190,5.03572000,5.04644000,0.00256410, 2, 255, 7, 24,0x50000,No,No,No,No,No,Yes,No,Yes
2026-04-13 10:51:00,0.0,2400,910,,910,960,44,,200,,,648,,61.5,0.8679,0.6000,0.6000,1.1000,0.00000000,0.06441138,0.12882280,0.01073523,0.00000000,0.20982490,0.33669580,1.50917000,0.00012210,0.00042735,0.00476190,0.01159950,3.64502700,3.31652900,1.78754400,1.11355200,0.60622650,1.09999900,0.79963290,0.86925430,3.29853100,3.30127900,0.79677580,5.02768000,5.02634000,0.00256410, 2, 255, 7, 24,0x50000,No,No,No,No,No,Yes,No,Yes
2026-04-13 10:51:02,0.0,2400,910,,910,960,44,,200,,,648,,62.0,0.8679,0.6000,0.6000,1.1000,0.00000000,0.05855580,0.12882280,0.00975930,0.00000000,0.20982490,0.33669580,1.50917000,0.00006105,0.00018315,0.00482295,0.01147740,3.64317100,3.31652900,1.79389300,1.10732500,0.60512760,1.10402800,0.80109810,0.86871700,3.30036300,3.30311000,0.79824100,5.04912000,5.01696000,0.00341880, 2, 255, 7, 24,0x50000,No,No,No,No,No,Yes,No,Yes
2026-04-13 10:51:04,0.2,1500,500,,500,500,44,,200,,,648,,60.9,0.7200,0.6000,0.6000,1.1000,0.00000000,0.06050766,0.12491900,0.00000000,0.00000000,0.20787310,0.33767180,0.94657990,0.00018315,0.00042735,0.00518925,0.01172160,3.66729800,3.31560100,1.81684800,1.10439400,0.60732540,1.10402800,0.80036550,0.71963300,3.29853100,3.30311000,0.79677580,5.06788000,5.04376000,0.00341880, 2, 255, 7, 24,0x50000,No,No,No,No,No,Yes,No,Yes
2026-04-13 10:51:06,0.0,1500,500,,500,500,44,,200,,,648,,60.4,0.7200,0.6000,0.6000,1.1000,0.00000000,0.06245952,0.12296720,0.00487965,0.00000000,0.20787310,0.33571990,0.95551000,0.00006105,0.00018315,0.00537240,0.01147740,3.65894600,3.30817700,1.81684800,1.10805800,0.60622650,1.09999900,0.80036550,0.71936430,3.29944700,3.30402600,0.79736190,5.05984000,5.05984000,0.00256410, 2, 255, 7, 24,0x50000,No,No,No,No,No,Yes,No,Yes
2026-04-13 10:51:08,1.5,2400,910,,910,960,44,,200,,,648,,60.9,0.8679,0.6000,0.6000,1.1000,0.00000000,0.06148359,0.12882280,0.00390372,0.00000000,0.21958430,0.33962360,1.50024000,0.00006105,0.00042735,0.00610500,0.01135530,3.65801800,3.30817700,1.78754400,1.11062200,0.60219720,1.10402800,0.79963290,0.86979160,3.29853100,3.30219400,0.79736190,5.01562000,5.04242000,0.00256410, 2, 255, 7, 24,0x50000,No,No,No,No,No,Yes,No,Yes
2026-04-13 10:51:11,4.0,2400,910,,910,960,44,,200,,,648,,63.1,0.8679,0.6000,0.6000,1.1000,0.00000000,0.05953173,0.12882280,0.00487965,0.00000000,0.20884900,0.33571990,1.50917000,0.00006105,0.00042735,0.00598290,0.01123320,3.65523400,3.30260900,1.78852100,1.10439400,0.60622650,1.09963300,0.79963290,0.86925430,3.29944700,3.30311000,0.79736190,5.01428000,5.01428000,0.00256410, 2, 255, 7, 24,0x50000,No,No,No,No,No,Yes,No,Yes
2026-04-13 10:51:13,1.0,2400,910,,910,960,43,,200,,,648,,61.5,0.8679,0.6000,0.6000,1.1000,0.00000000,0.06148359,0.12882280,0.00780744,0.00000000,0.20787310,0.33571990,1.50917000,0.00018315,0.00042735,0.00598290,0.01147740,3.65245000,3.30817700,1.78852100,1.11355200,0.60586020,1.09999900,0.80146440,0.86898570,3.29944700,3.30402600,0.79648270,5.04778000,5.02232000,0.00256410, 2, 255, 7, 24,0x50000,No,No,No,No,No,Yes,No,Yes
2026-04-13 10:51:15,0.0,1500,500,,500,500,44,,200,,,648,,60.9,0.7200,0.6000,0.6000,1.1000,0.00000000,0.06050766,0.12589500,0.00390372,0.00000000,0.21177680,0.33571990,0.93765000,0.00018315,0.00042735,0.00586080,0.01147740,3.65894600,3.31931300,1.81684800,1.10695900,0.60659280,1.10219700,0.80329590,0.71963300,3.29944700,3.30402600,0.79677580,5.05984000,5.06520000,0.00256410, 2, 255, 7, 24,0x50000,No,No,No,No,No,Yes,No,Yes
2026-04-13 10:51:17,0.0,1500,500,,500,500,44,,200,,,648,,60.9,0.7200,0.6000,0.6000,1.1000,0.00000000,0.06148359,0.12394310,0.00487965,0.00000000,0.21080090,0.33571990,0.94657990,0.00006105,0.00018315,0.00518925,0.01147740,3.66915400,3.30817700,1.81684800,1.10439400,0.60695910,1.10219700,0.80036550,0.71990160,3.30036300,3.30311000,0.79765500,5.03706000,5.03572000,0.00341880, 2, 255, 7, 24,0x50000,No,No,No,No,No,Yes,No,Yes
2026-04-13 10:51:19,0.0,1500,500,,500,500,44,,200,,,648,,61.5,0.7200,0.6000,0.6000,1.1000,0.00000000,0.05953173,0.12394310,0.00683151,0.00000000,0.20982490,0.33864770,0.95551000,0.00018315,0.00042735,0.00506715,0.01147740,3.65616200,3.31003300,1.82124300,1.10805800,0.60622650,1.10073200,0.80073180,0.71936430,3.29853100,3.30219400,0.79765500,5.03840000,5.05984000,0.00256410, 2, 255, 7, 24,0x50000,No,No,No,No,No,Yes,No,Yes
2026-04-13 10:51:21,0.0,1500,500,,500,500,44,,200,,,648,,60.4,0.7200,0.6000,0.6000,1.1000,0.00000000,0.05953173,0.12394310,0.00195186,0.00000000,0.21177680,0.33279210,0.93765000,0.00006105,0.00042735,0.00543345,0.01111110,3.64873800,3.31096100,1.80659200,1.10732500,0.60476130,1.10476100,0.80073180,0.71990160,3.29944700,3.30127900,0.79677580,5.06386000,5.05716000,0.00341880, 2, 255, 7, 24,0x50000,No,No,No,No,No,Yes,No,Yes
2026-04-13 10:51:23,2.0,2400,910,,910,960,44,,200,,,648,,61.5,0.8679,0.6000,0.6000,1.1000,0.00000000,0.12296720,0.12979870,0.00585558,0.00049020,0.20689720,0.33279210,1.50024000,0.00006105,0.00018315,0.00512820,0.01172160,3.64317100,3.31374500,1.79389300,1.10146400,0.60769170,1.09743500,0.79780140,0.86898570,3.29853100,3.30219400,0.79765500,4.94996000,5.04376000,0.00256410, 2, 255, 7, 24,0x50000,No,No,No,No,No,Yes,No,Yes
2026-04-13 10:51:26,10.3,2400,910,,910,960,44,,200,,,648,,61.5,0.8679,0.6000,0.6000,1.1000,0.00000000,0.06148359,0.12784680,0.00585558,0.00000000,0.20787310,0.33571990,1.50024000,0.00006105,0.00042735,0.00525030,0.01135530,3.65152200,3.30817700,1.78754400,1.10695900,0.60659280,1.10256300,0.80073180,0.86898570,3.30036300,3.30219400,0.79677580,5.04644000,5.02098000,0.00341880, 2, 255, 7, 24,0x50000,No,No,No,No,No,Yes,No,Yes
2026-04-13 10:51:28,1.0,2400,910,,910,960,44,,200,,,648,,62.0,0.8679,0.6000,0.6000,1.1000,0.00000000,0.06148359,0.12687090,0.00292779,0.00000000,0.20689720,0.33767180,1.51810000,0.00018315,0.00042735,0.00543345,0.01172160,3.65245000,3.31003300,1.81684800,1.10805800,0.60476130,1.09999900,0.80146440,0.86898570,3.29853100,3.30036300,0.79736190,4.90038000,5.04242000,0.00256410, 2, 255, 7, 24,0x50000,No,No,No,No,No,Yes,No,Yes
2026-04-13 10:51:30,0.2,2400,910,,910,960,44,,200,,,648,,62.0,0.8679,0.6000,0.6000,1.1000,0.00000000,0.06148359,0.12882280,0.00292779,0.00000000,0.20689720,0.33669580,1.52703000,0.00006105,0.00018315,0.00543345,0.01123320,3.66358600,3.30260900,1.79389300,1.10732500,0.60659280,1.10219700,0.79963290,0.86925430,3.30036300,3.30311000,0.79736190,5.04376000,5.03572000,0.00256410, 2, 255, 7, 24,0x50000,No,No,No,No,No,Yes,No,Yes
2026-04-13 10:51:32,0.0,2400,910,,910,960,44,,200,,,648,,61.5,0.8679,0.6000,0.6000,1.1000,0.00000000,0.06050766,0.12979870,0.00585558,0.00000000,0.20982490,0.33864770,1.51810000,0.00006105,0.00042735,0.00531135,0.01172160,3.64409900,3.31652900,1.79926600,1.11062200,0.60476130,1.10292900,0.80073180,0.86898570,3.29944700,3.30219400,0.79736190,5.04778000,5.02232000,0.00341880, 2, 255, 7, 24,0x50000,No,No,No,No,No,Yes,No,Yes
2026-04-13 10:51:34,2.0,2400,910,,910,960,44,,200,,,648,,63.1,0.8679,0.6000,0.6000,1.1000,0.00000000,0.06245952,0.13077460,0.00683151,0.00000000,0.21080090,0.33767180,2.58077000,0.00018315,0.00042735,0.00598290,0.01159950,3.61811600,3.31467300,1.78754400,1.10805800,0.60402870,1.10329600,0.80292960,0.86898570,3.29853100,3.30311000,0.79677580,4.97542000,4.99284000,0.00256410, 2, 255, 7, 24,0x50000,No,No,No,No,No,Yes,No,Yes
2026-04-13 10:51:36,0.0,2400,910,,910,960,44,,200,,,648,,62.0,0.8679,0.6000,0.6000,1.1000,0.00000000,0.05953173,0.12979870,0.00292779,0.00000000,0.20884900,0.33571990,1.52703000,0.00012210,0.00036630,0.00543345,0.01172160,3.65245000,3.31096100,1.79926600,1.10805800,0.60622650,1.10476100,0.80073180,0.86952300,3.30036300,3.30219400,0.79765500,5.04912000,5.02098000,0.00341880, 2, 255, 7, 24,0x50000,No,No,No,No,No,Yes,No,Yes
2026-04-13 10:51:38,0.0,2400,910,,910,960,44,,200,,,648,,62.0,0.8679,0.6000,0.6000,1.1000,0.00000000,0.05953173,0.13175060,0.00390372,0.00000000,0.20982490,0.33864770,1.51810000,0.00018315,0.00042735,0.00543345,0.01123320,3.64595500,3.31838500,1.78852100,1.10439400,0.60695910,1.10146400,0.80146440,0.86898570,3.29853100,3.30402600,0.79677580,5.02634000,5.04778000,0.00341880, 2, 255, 7, 24,0x50000,No,No,No,No,No,Yes,No,Yes
2026-04-13 10:51:40,2.3,1500,500,,500,500,44,,200,,,648,,61.5,0.7200,0.6000,0.6000,1.1000,0.00000000,0.07514661,0.12101530,0.00585558,0.00000000,0.20884900,0.34059960,0.96444000,0.00006105,0.00048840,0.00598290,0.01147740,3.65987400,3.31467300,1.79926600,1.10439400,0.60476130,1.10073200,0.80146440,0.72017020,3.29944700,3.30127900,0.79736190,5.06922000,5.04242000,0.00256410, 2, 255, 7, 24,0x50000,No,No,No,No,No,Yes,No,Yes
2026-04-13 10:51:43,1.0,1600,545,,545,500,43,,200,,,648,,60.9,0.7200,0.6000,0.6000,1.1000,0.00000000,0.06148359,0.12687090,0.00878337,0.00000000,0.20787310,0.34255140,0.94657990,0.00006105,0.00042735,0.00537240,0.01135530,3.79999600,3.31838500,1.81684800,1.10146400,0.60695910,1.10402800,0.80073180,0.71936430,3.29853100,3.30036300,0.79677580,4.96604000,5.04644000,0.00341880, 2, 255, 7, 24,0x50000,No,No,No,No,No,Yes,No,Yes
2026-04-13 10:51:45,1.0,1500,500,,500,500,44,,200,,,648,,60.9,0.7200,0.6000,0.6000,1.1000,0.00000000,0.05953173,0.12394310,0.00292779,0.00000000,0.20884900,0.33376810,0.96444000,0.00018315,0.00042735,0.00482295,0.01135530,3.66729800,3.30446500,1.78754400,1.10805800,0.61098840,1.10146400,0.80292960,0.71963300,3.30036300,3.30127900,0.79677580,5.05314000,5.03706000,0.00341880, 2, 255, 7, 24,0x50000,No,No,No,No,No,Yes,No,Yes
2026-04-13 10:51:47,0.0,1500,500,,500,500,44,,200,,,648,,60.4,0.7200,0.6000,0.6000,1.1000,0.00000000,0.08490592,0.12296720,0.00585558,0.00000000,0.20884900,0.33864770,0.97336990,0.00018315,0.00042735,0.00482295,0.01147740,3.65894600,3.30632200,1.81684800,1.11062200,0.60732540,1.10109800,0.79890030,0.71936430,3.30036300,3.30311000,0.79765500,5.08664000,5.07860000,0.00341880, 2, 255, 7, 24,0x50000,No,No,No,No,No,Yes,No,Yes
2026-04-13 10:51:49,0.0,1500,500,,500,500,44,,200,,,648,,60.9,0.7200,0.6000,0.6000,1.1000,0.00000000,0.05660394,0.12296720,0.00683151,0.00000000,0.21080090,0.33669580,0.95551000,0.00018315,0.00042735,0.00482295,0.01111110,3.65894600,3.31374500,1.81733600,1.11062200,0.60695910,1.10402800,0.79963290,0.71963300,3.29853100,3.30219400,0.79794790,5.06788000,4.95800000,0.00256410, 2, 255, 7, 24,0x50000,No,No,No,No,No,Yes,No,Yes
2026-04-13 10:51:51,0.3,1500,500,,500,500,44,,200,,,648,,60.4,0.7200,0.6000,0.6000,1.1000,0.00000000,0.06538731,0.12199130,0.00683151,0.00000000,0.20982490,0.33181620,0.96444000,0.00006105,0.00042735,0.00543345,0.01111110,3.65894600,3.31281700,1.81684800,1.10439400,0.60586020,1.10146400,0.80109810,0.71990160,3.29853100,3.30219400,0.79736190,5.05716000,5.04108000,0.00341880, 2, 255, 7, 24,0x50000,No,No,No,No,No,Yes,No,Yes
2026-04-13 10:51:53,0.0,2400,910,,910,960,44,,200,,,648,,62.6,0.8679,0.6000,0.6000,1.1000,0.06050766,0.09564114,0.12687090,0.00487965,0.00000000,0.20884900,0.33279210,1.50917000,0.00018315,0.00042735,0.00506715,0.01135530,3.64038700,3.31096100,1.79926600,1.10805800,0.60476130,1.09999900,0.80292960,0.86925430,3.29853100,3.30127900,0.79677580,5.03840000,5.00222000,0.00341880, 2, 255, 7, 24,0x50000,No,No,No,No,No,Yes,No,Yes
2026-04-13 10:51:55,0.2,2400,910,,910,960,44,,200,,,648,,60.9,0.8679,0.6000,0.6000,1.1000,0.04489278,0.08490592,0.12882280,0.00487965,0.00000000,0.20884900,0.33279210,1.51810000,0.00006105,0.00018315,0.00506715,0.01147740,3.59213300,3.31096100,1.81684800,1.11062200,0.60512760,1.10146400,0.80146440,0.86979160,3.29853100,3.30219400,0.79677580,5.01562000,5.03170000,0.00256410, 2, 255, 7, 24,0x50000,No,No,No,No,No,Yes,No,Yes
2026-04-13 10:51:58,0.0,1500,500,,500,500,44,,200,,,648,,61.5,0.7200,0.6000,0.6000,1.1000,0.06636324,0.05562801,0.12394310,0.00780744,0.00000000,0.21080090,0.33767180,0.96444000,0.00018315,0.00042735,0.00482295,0.01111110,3.63760300,3.31188900,1.81733600,1.10586000,0.60219720,1.09963300,0.80073180,0.71936430,3.29853100,3.30219400,0.79677580,5.03706000,5.05984000,0.00256410, 2, 255, 7, 24,0x50000,No,No,No,No,No,Yes,No,Yes
2026-04-13 10:52:00,1.5,2400,910,,910,960,44,,200,,,648,,61.5,0.8679,0.6000,0.6000,1.1000,0.00000000,0.06343545,0.12882280,0.00000000,0.00000000,0.21080090,0.33376810,1.51810000,0.00018315,0.00042735,0.00506715,0.01147740,3.65616200,3.31652900,1.79096300,1.10219700,0.60622650,1.10073200,0.80109810,0.86898570,3.29944700,3.30311000,0.79706880,5.02098000,5.01562000,0.00256410, 2, 255, 7, 24,0x50000,No,No,No,No,No,Yes,No,Yes
2026-04-13 10:52:02,1.3,2400,910,,910,960,44,,200,,,648,,62.6,0.8679,0.6000,0.6000,1.1000,0.00000000,0.05953173,0.12784680,0.00390372,0.00000000,0.20982490,0.33864770,1.54489000,0.00006105,0.00018315,0.00543345,0.01172160,3.63296300,3.31467300,1.78852100,1.10146400,0.60659280,1.10329600,0.79963290,0.86898570,3.30036300,3.30036300,0.79706880,5.01696000,5.03572000,0.00256410, 2, 255, 7, 24,0x50000,No,No,No,No,No,Yes,No,Yes
2026-04-13 10:52:04,0.0,1500,500,,500,500,44,,200,,,648,,62.0,0.7200,0.6000,0.6000,1.1000,0.00000000,0.06050766,0.12687090,0.00195186,0.00000000,0.20884900,0.33669580,0.95551000,0.00018315,0.00018315,0.00482295,0.01123320,3.65616200,3.30632200,1.81733600,1.11062200,0.60586020,1.10146400,0.80183080,0.71963300,3.29944700,3.30219400,0.79706880,5.03840000,5.06788000,0.00341880, 2, 255, 7, 24,0x50000,No,No,No,No,No,Yes,No,Yes
2026-04-13 10:52:06,0.3,1500,500,,500,500,44,,200,,,648,,61.5,0.7200,0.6000,0.6000,1.1000,0.00000000,0.08490592,0.12589500,0.00390372,0.00000000,0.20884900,0.33474400,0.93765000,0.00006105,0.00018315,0.00543345,0.01123320,3.67286600,3.31838500,1.81684800,1.10695900,0.60622650,1.10329600,0.79926660,0.71936430,3.30219400,3.30219400,0.79706880,5.07860000,5.04912000,0.00341880, 2, 255, 7, 24,0x50000,No,No,No,No,No,Yes,No,Yes
2026-04-13 10:52:08,0.2,1500,500,,500,500,44,,200,,,648,,60.9,0.7200,0.6000,0.6000,1.1000,0.00000000,0.09856894,0.15614880,0.00487965,0.00000000,0.20787310,0.33571990,0.96444000,0.00006105,0.00018315,0.00543345,0.01111110,3.64688300,3.30168200,1.78754400,1.10292900,0.60512760,1.10329600,0.79999920,0.71963300,3.29853100,3.30494200,0.79677580,5.04376000,5.05716000,0.00341880, 2, 255, 7, 24,0x50000,No,No,No,No,No,Yes,No,Yes
2026-04-13 10:52:10,0.0,1500,500,,500,500,44,,200,,,648,,63.1,0.7200,0.6000,0.6000,1.1000,0.00000000,0.06050766,0.12101530,0.00878337,0.00000000,0.20787310,0.33864770,0.94657990,0.00006105,0.00018315,0.00494505,0.01135530,3.65894600,3.30632200,1.81684800,1.11208700,0.60879060,1.10329600,0.79963290,0.71963300,3.29944700,3.30219400,0.79824100,5.08128000,5.08396000,0.00341880, 2, 255, 7, 24,0x50000,No,No,No,No,No,Yes,No,Yes
2026-04-13 10:52:12,1.8,1500,500,,500,500,44,,200,,,648,,59.8,0.7200,0.6000,0.6000,1.1000,0.00000000,0.06441138,0.12394310,0.00683151,0.00000000,0.20787310,0.33767180,0.94657990,0.00006105,0.00018315,0.00598290,0.01147740,3.66173000,3.30817700,1.78852100,1.11208700,0.60586020,1.10402800,0.80036550,0.71909580,3.29944700,3.30127900,0.79736190,5.06922000,5.03706000,0.00341880, 2, 255, 7, 24,0x50000,No,No,No,No,No,Yes,No,Yes
2026-04-13 10:52:15,1.5,1900,682,,500,500,44,,200,,,648,,61.5,0.7200,0.6000,0.6000,1.1000,0.00000000,0.06245952,0.12394310,0.00487965,0.00000000,0.20689720,0.33767180,0.94657990,0.00006105,0.00042735,0.00525030,0.01135530,3.65245000,3.30817700,1.81684800,1.10292900,0.60512760,1.10329600,0.80146440,0.72017020,3.29944700,3.30311000,0.79736190,5.04242000,5.08530000,0.00341880, 2, 255, 7, 24,0x50000,No,No,No,No,No,Yes,No,Yes
2026-04-13 10:52:17,0.0,1500,500,,500,500,44,,200,,,648,,60.4,0.7200,0.6000,0.6000,1.1000,0.00000000,0.06831510,0.12687090,0.00292779,0.00000000,0.21080090,0.33767180,0.93765000,0.00006105,0.00042735,0.00525030,0.01111110,3.79999600,3.31188900,1.81684800,1.10695900,0.60769170,1.10329600,0.80183080,0.71963300,3.29944700,3.30127900,0.79677580,5.06117900,5.03840000,0.00341880, 2, 255, 7, 24,0x50000,No,No,No,No,No,Yes,No,Yes
2026-04-13 10:52:19,0.0,1500,500,,500,500,44,,200,,,648,,60.4,0.7200,0.6000,0.6000,1.1000,0.00000000,0.05953173,0.12296720,0.00683151,0.00000000,0.20884900,0.33767180,0.96444000,0.00006105,0.00018315,0.00500610,0.01147740,3.66915400,3.31467300,1.81684800,1.10805800,0.60622650,1.10219700,0.79963290,0.71990160,3.29853100,3.30402600,0.79677580,5.04778000,5.04242000,0.00341880, 2, 255, 7, 24,0x50000,No,No,No,No,No,Yes,No,Yes
2026-04-13 10:52:21,0.0,1500,500,,500,500,44,,200,,,648,,62.0,0.7200,0.6000,0.6000,1.1000,0.00000000,0.05953173,0.12394310,0.00487965,0.00000000,0.20787310,0.34059960,0.96444000,0.00018315,0.00018315,0.00543345,0.01147740,3.66544200,3.31374500,1.81684800,1.11208700,0.60586020,1.09999900,0.80073180,0.71990160,3.29944700,3.30311000,0.79794790,5.04644000,5.06520000,0.00341880, 2, 255, 7, 24,0x50000,No,No,No,No,No,Yes,No,Yes
2026-04-13 10:52:23,1.5,2400,910,,910,960,44,,200,,,648,,60.9,0.8679,0.6000,0.6000,1.1000,0.00000000,0.06148359,0.12979870,0.00878337,0.00000000,0.20982490,0.33864770,1.50917000,0.00018315,0.00048840,0.00482295,0.01111110,3.64131500,3.31467300,1.79926600,1.11208700,0.60549390,1.10476100,0.79963290,0.86925430,3.29853100,3.30311000,0.79677580,5.01562000,5.04242000,0.00256410, 2, 255, 7, 24,0x50000,No,No,No,No,No,Yes,No,Yes
2026-04-13 10:52:25,1.2,2400,910,,910,960,44,,200,,,648,,61.5,0.8679,0.6000,0.6000,1.1000,0.00000000,0.05562801,0.12882280,0.00000000,0.00000000,0.20982490,0.33669580,1.52703000,0.00018315,0.00036630,0.00494505,0.01135530,3.64966700,3.31096100,1.80024200,1.10695900,0.60256350,1.10146400,0.79926660,0.86952300,3.29761600,3.30311000,0.79677580,5.03840000,5.01562000,0.00341880, 2, 255, 7, 24,0x50000,No,No,No,No,No,Yes,No,Yes
2026-04-13 10:52:27,0.0,2400,910,,910,960,44,,200,,,648,,61.5,0.8679,0.6000,0.6000,1.1000,0.00000000,0.06148359,0.12979870,0.00585558,0.00000000,0.20884900,0.33376810,1.52703000,0.00012210,0.00036630,0.00518925,0.01172160,3.65616200,3.31652900,1.82124300,1.10622600,0.60695910,1.10219700,0.80146440,0.86925430,3.29853100,3.30494200,0.79736190,5.04778000,5.05716000,0.00341880, 2, 255, 7, 24,0x50000,No,No,No,No,No,Yes,No,Yes
2026-04-13 10:52:30,4.8,2400,910,,910,960,44,,200,,,648,,62.0,0.8679,0.6000,0.6000,1.1000,0.00000000,0.06343545,0.12979870,0.00097593,0.00000000,0.20982490,0.33669580,1.49131000,0.00012210,0.00036630,0.00543345,0.01172160,3.65894600,3.30817700,1.79926600,1.10915600,0.60659280,1.10329600,0.79963290,0.86898570,3.29944700,3.30127900,0.79677580,4.93120000,5.04510000,0.00341880, 2, 255, 7, 24,0x50000,No,No,No,No,No,Yes,No,Yes
2026-04-13 10:52:32,1.8,2400,910,,910,960,44,,200,,,648,,62.0,0.8679,0.6000,0.6000,1.1000,0.00000000,0.06245952,0.12882280,0.00292779,0.00000000,0.20787310,0.33669580,1.50024000,0.00018315,0.00018315,0.00482295,0.01172160,3.65152200,3.30817700,1.78754400,1.10476100,0.60586020,1.09853400,0.79963290,0.86952300,3.30036300,3.30219400,0.79765500,5.04376000,5.02232000,0.00341880, 2, 255, 7, 24,0x50000,No,No,No,No,No,Yes,No,Yes
2026-04-13 10:52:34,2.0,2400,910,,910,960,44,,200,,,648,,62.6,0.8679,0.6000,0.6000,1.1000,0.00000000,0.06148359,0.12979870,0.00487965,0.00000000,0.20982490,0.33767180,1.50917000,0.00006105,0.00042735,0.00537240,0.01111110,3.64781100,3.30168200,1.79926600,1.10732500,0.60622650,1.10329600,0.80183080,0.86925430,3.29853100,3.30127900,0.79736190,5.03706000,5.02499900,0.00341880, 2, 255, 7, 24,0x50000,No,No,No,No,No,Yes,No,Yes
2026-04-13 10:52:36,0.0,1500,500,,500,500,44,,200,,,648,,60.4,0.7200,0.6000,0.6000,1.1000,0.00000000,0.08490592,0.12394310,0.00585558,0.00000000,0.20884900,0.33864770,0.96444000,0.00018315,0.00018315,0.00470085,0.01172160,3.79999600,3.31374500,1.82124300,1.11355200,0.60549390,1.10073200,0.80036550,0.71990160,3.30036300,3.30127900,0.79765500,5.07726000,5.05984000,0.00256410, 2, 255, 7, 24,0x50000,No,No,No,No,No,Yes,No,Yes
2026-04-13 10:52:38,0.0,1500,500,,500,500,44,,200,,,648,,61.5,0.7200,0.6000,0.6000,1.1000,0.00000000,0.06148359,0.12589500,0.00683151,0.00000000,0.20982490,0.33767180,0.96444000,0.00006105,0.00018315,0.00494505,0.01123320,3.65894600,3.30353800,1.81684800,1.11208700,0.60659280,1.10292900,0.80219700,0.71936430,3.29853100,3.30219400,0.79706880,5.05984000,5.03840000,0.00256410, 2, 255, 7, 24,0x50000,No,No,No,No,No,Yes,No,Yes
2026-04-13 10:52:40,0.2,1500,500,,500,500,44,,200,,,648,,60.4,0.7200,0.6000,0.6000,1.1000,0.00000000,0.05953173,0.12491900,0.00292779,0.00000000,0.20884900,0.33864770,0.96444000,0.00006105,0.00042735,0.00525030,0.01147740,3.65894600,3.31652900,1.81733600,1.10292900,0.60622650,1.10329600,0.80146440,0.71936430,3.30036300,3.30311000,0.79794790,5.08798000,5.07056000,0.00341880, 2, 255, 7, 24,0x50000,No,No,No,No,No,Yes,No,Yes
2026-04-13 10:52:42,0.0,1500,500,,500,500,44,,200,,,648,,60.9,0.7200,0.6000,0.6000,1.1000,0.00000000,0.06245952,0.12296720,0.00292779,0.00000000,0.22153610,0.33474400,0.93765000,0.00006105,0.00018315,0.00506715,0.01196580,3.66729800,3.30724900,1.81684800,1.11355200,0.60769170,1.10219700,0.80073180,0.71963300,3.29944700,3.30127900,0.79677580,5.06922000,5.04108000,0.00341880, 2, 255, 7, 24,0x50000,No,No,No,No,No,Yes,No,Yes
2026-04-13 10:52:44,1.8,2400,910,,910,960,44,,200,,,648,,62.0,0.8679,0.6000,0.6000,1.1000,0.00000000,0.06050766,0.13175060,0.00390372,0.00000000,0.24007880,0.33571990,1.50024000,0.00006105,0.00042735,0.00494505,0.01123320,3.65709000,3.31188900,1.79828900,1.10439400,0.60402870,1.10329600,0.80073180,0.86925430,3.30036300,3.30402600,0.79736190,5.01562000,5.04912000,0.00341880, 2, 255, 7, 24,0x50000,No,No,No,No,No,Yes,No,Yes
2026-04-13 10:52:47,0.0,2400,910,,910,960,44,,200,,,648,,63.1,0.8679,0.6000,0.6000,1.1000,0.00000000,0.05562801,0.12979870,0.00487965,0.00000000,0.20982490,0.33474400,1.50917000,0.00018315,0.00042735,0.00525030,0.01172160,3.64781100,3.30817700,1.78852100,1.10988900,0.60695910,1.09999900,0.79963290,0.86898570,3.29944700,3.30127900,0.79677580,5.03572000,5.04912000,0.00341880, 2, 255, 7, 24,0x50000,No,No,No,No,No,Yes,No,Yes
2026-04-13 10:52:49,0.0,2400,910,,910,960,44,,200,,,648,,62.0,0.7200,0.6000,0.6000,1.1000,0.00000000,0.06148359,0.12296720,0.00195186,0.00000000,0.21080090,0.33767180,0.96444000,0.00006105,0.00042735,0.00537240,0.01111110,3.62925200,3.30817700,1.81684800,1.10695900,0.60622650,1.10329600,0.80109810,0.71990160,3.29853100,3.30127900,0.79736190,5.05850000,5.03706000,0.00341880, 2, 255, 7, 24,0x50000,No,No,No,No,No,Yes,No,Yes
2026-04-13 10:52:51,1.8,2400,910,,910,960,44,,200,,,648,,60.9,0.8679,0.6000,0.6000,1.1000,0.00000000,0.06050766,0.13077460,0.00683151,0.00000000,0.20884900,0.33571990,1.51810000,0.00012210,0.00036630,0.00506715,0.01123320,3.64781100,3.30260900,1.82124300,1.10439400,0.60659280,1.10476100,0.80073180,0.86898570,3.29761600,3.30127900,0.79648270,5.03706000,5.01696000,0.00341880, 2, 255, 7, 24,0x50000,No,No,No,No,No,Yes,No,Yes
2026-04-13 10:52:53,0.0,2400,910,,910,960,44,,200,,,648,,62.6,0.8679,0.6000,0.6000,1.1000,0.00000000,0.06343545,0.12979870,0.00390372,0.00000000,0.21080090,0.33767180,1.52703000,0.00012210,0.00042735,0.00482295,0.01123320,3.65523400,3.30817700,1.81684800,1.10439400,0.60659280,1.10329600,0.80109810,0.86898570,3.29944700,3.30219400,0.79765500,5.04912000,5.04108000,0.00341880, 2, 255, 7, 24,0x50000,No,No,No,No,No,Yes,No,Yes
2026-04-13 10:52:55,1.3,2400,910,,910,960,44,,200,,,648,,62.0,0.8679,0.6000,0.6000,1.1000,0.00000000,0.06245952,0.13077460,0.00390372,0.00000000,0.20884900,0.33669580,1.52703000,0.00012210,0.00042735,0.00476190,0.01159950,3.64781100,3.30817700,1.78852100,1.10292900,0.60695910,1.10329600,0.80073180,0.86979160,3.30036300,3.30219400,0.79765500,5.02902000,5.05448000,0.00341880, 2, 255, 7, 24,0x50000,No,No,No,No,No,Yes,No,Yes
2026-04-13 10:52:57,0.5,1500,500,,500,500,44,,200,,,648,,59.8,0.7200,0.6000,0.6000,1.1000,0.00000000,0.05953173,0.12589500,0.00390372,0.00000000,0.20787310,0.33376810,0.96444000,0.00006105,0.00036630,0.00586080,0.01147740,3.65152200,3.31838500,1.79926600,1.11208700,0.60622650,1.10329600,0.80036550,0.71963300,3.29853100,3.30219400,0.79794790,5.04778000,5.06788000,0.00341880, 2, 255, 7, 24,0x50000,No,No,No,No,No,Yes,No,Yes
2026-04-13 10:52:59,0.2,1500,500,,500,500,44,,200,,,648,,60.9,0.7200,0.6000,0.6000,1.1000,0.00000000,0.07124290,0.12784680,0.00195186,0.00000000,0.20884900,0.33474400,0.95551000,0.00006105,0.00018315,0.00561660,0.01111110,3.65523400,3.31467300,1.81684800,1.10732500,0.60695910,1.10329600,0.80292960,0.71990160,3.30036300,3.30311000,0.79765500,5.03572000,5.06922000,0.00341880, 2, 255, 7, 24,0x50000,No,No,No,No,No,Yes,No,Yes
2026-04-13 10:53:02,1.5,1500,500,,500,500,44,,200,,,648,,60.9,0.7200,0.6000,0.6000,1.1000,0.00000000,0.05953173,0.12491900,0.00487965,0.00000000,0.21080090,0.33279210,0.95551000,0.00018315,0.00042735,0.00525030,0.01086690,3.65523400,3.31467300,1.78852100,1.10292900,0.60439500,1.09999900,0.79999920,0.71909580,3.29944700,3.30311000,0.79677580,5.06386000,5.05716000,0.00341880, 2, 255, 7, 24,0x50000,No,No,No,No,No,Yes,No,Yes
2026-04-13 10:53:04,0.0,2400,910,,910,960,44,,200,,,648,,62.0,0.8679,0.6000,0.6000,1.1000,0.00000000,0.06050766,0.12784680,0.00683151,0.00000000,0.20884900,0.33084030,1.50917000,0.00012210,0.00036630,0.00525030,0.01111110,3.65245000,3.30724900,1.81684800,1.10439400,0.60622650,1.10329600,0.79963290,0.86898570,3.29944700,3.30311000,0.79736190,5.04242000,5.03840000,0.00341880, 2, 255, 7, 24,0x50000,No,No,No,No,No,Yes,No,Yes
2026-04-13 10:53:06,0.2,2400,910,,910,960,44,,200,,,648,,62.6,0.8679,0.6000,0.6000,1.1000,0.00000000,0.06050766,0.13175060,0.00487965,0.00000000,0.20689720,0.33864770,1.51810000,0.00018315,0.00042735,0.00494505,0.01172160,3.65337800,3.31003300,1.78852100,1.10805800,0.60476130,1.09963300,0.79926660,0.86952300,3.29944700,3.30127900,0.79677580,5.02098000,5.05984000,0.00341880, 2, 255, 7, 24,0x50000,No,No,No,No,No,Yes,No,Yes
2026-04-13 10:53:08,3.8,2400,910,,910,960,44,,200,,,648,,62.0,0.8679,0.6000,0.6000,1.1000,0.00000000,0.05953173,0.13077460,0.00390372,0.00000000,0.21177680,0.33571990,1.50917000,0.00018315,0.00042735,0.00586080,0.01123320,3.66173000,3.31467300,1.81733600,1.10769100,0.60695910,1.10073200,0.79963290,0.86898570,3.29944700,3.30219400,0.79765500,5.03706000,5.03170000,0.00341880, 2, 255, 7, 24,0x50000,No,No,No,No,No,Yes,No,Yes
2026-04-13 10:53:10,0.0,2400,910,,910,960,44,,200,,,648,,62.6,0.8679,0.6000,0.6000,1.1000,0.00000000,0.05953173,0.12979870,0.00683151,0.00000000,0.21763240,0.33669580,1.51810000,0.00012210,0.00042735,0.00598290,0.01123320,3.65523400,3.30446500,1.78754400,1.10769100,0.60659280,1.10329600,0.80036550,0.86925430,3.29761600,3.30219400,0.79765500,5.03840000,5.00758000,0.00341880, 2, 255, 7, 24,0x50000,No,No,No,No,No,Yes,No,Yes
2026-04-13 10:53:12,0.2,2400,910,,910,960,44,,200,,,648,,62.6,0.8679,0.6000,0.6000,1.1000,0.00000000,0.06148359,0.13077460,0.00683151,0.00000000,0.34352740,0.44307220,1.52703000,0.00006105,0.00042735,0.00476190,0.01111110,3.65245000,3.31096100,1.78803200,1.10695900,0.60622650,1.10329600,0.79963290,0.86871700,3.29853100,3.30219400,0.79765500,5.01964000,5.03974000,0.00341880, 2, 255, 7, 24,0x50000,No,No,No,No,No,Yes,No,Yes
2026-04-13 10:53:14,0.0,1500,500,,500,500,44,,200,,,648,,61.5,0.7200,0.6000,0.6000,1.1000,0.00000000,0.06148359,0.12296720,0.00585558,0.00000000,0.20884900,0.33669580,0.95551000,0.00018315,0.00042735,0.00494505,0.01135530,3.66729800,3.30539300,1.81733600,1.11062200,0.60586020,1.10402800,0.80292960,0.71909580,3.29944700,3.30311000,0.79677580,5.03840000,5.03170000,0.00341880, 2, 255, 7, 24,0x50000,No,No,No,No,No,Yes,No,Yes
2026-04-13 10:53:16,0.0,1500,500,,500,500,44,,200,,,648,,60.4,0.7200,0.6000,0.6000,1.1000,0.00000000,0.06050766,0.12394310,0.00487965,0.00000000,0.20884900,0.33767180,0.96444000,0.00006105,0.00042735,0.00482295,0.01123320,3.65894600,3.29889800,1.81684800,1.11062200,0.60622650,1.10402800,0.80109810,0.71963300,3.29944700,3.30402600,0.79765500,5.06788000,5.04376000,0.00341880, 2, 255, 7, 24,0x50000,No,No,No,No,No,Yes,No,Yes
2026-04-13 10:53:19,0.0,1500,500,,500,500,44,,200,,,648,,60.9,0.7200,0.6000,0.6000,1.1000,0.00000000,0.05757987,0.12491900,0.00585558,0.00000000,0.22153610,0.34059960,0.94657990,0.00018315,0.00042735,0.00470085,0.01135530,3.66173000,3.30817700,1.78754400,1.10622600,0.60659280,1.10329600,0.80183080,0.71963300,3.29853100,3.30219400,0.79736190,5.03706000,5.07994000,0.00341880, 2, 255, 7, 24,0x50000,No,No,No,No,No,Yes,No,Yes
2026-04-13 10:53:21,0.0,1500,500,,500,500,44,,200,,,648,,59.3,0.7200,0.6000,0.6000,1.1000,0.00000000,0.05953173,0.12589500,0.00487965,0.00000000,0.20982490,0.33669580,0.95551000,0.00006105,0.00042735,0.00506715,0.01135530,3.79999600,3.31467300,1.81684800,1.10695900,0.60659280,1.10183000,0.80073180,0.71990160,3.30036300,3.30311000,0.79677580,5.07860000,5.03706000,0.00256410, 2, 255, 7, 24,0x50000,No,No,No,No,No,Yes,No,Yes
2026-04-13 10:53:23,1.0,2400,910,,910,960,44,,200,,,648,,62.0,0.8679,0.6000,0.6000,1.1000,0.00000000,0.05953173,0.13175060,0.00487965,0.00000000,0.21080090,0.33669580,1.52703000,0.00024420,0.00036630,0.00518925,0.01147740,3.65245000,3.31281700,1.79096300,1.10146400,0.60659280,1.10329600,0.80073180,0.86952300,3.29944700,3.30311000,0.79677580,5.04376000,5.03572000,0.00341880, 2, 255, 7, 24,0x50000,No,No,No,No,No,Yes,No,Yes
2026-04-13 10:53:25,1.0,2400,910,,910,960,44,,200,,,648,,62.6,0.8679,0.6000,0.6000,1.1000,0.00000000,0.05757987,0.13077460,0.00487965,0.00000000,0.20884900,0.33767180,1.52703000,0.00018315,0.00042735,0.00610500,0.01135530,3.63760300,3.31003300,1.78754400,1.10366200,0.60769170,1.10329600,0.80036550,0.86898570,3.29761600,3.30036300,0.79765500,5.03170000,5.04644000,0.00341880, 2, 255, 7, 24,0x50000,No,No,No,No,No,Yes,No,Yes
2026-04-13 10:53:27,0.0,1500,500,,500,500,44,,200,,,648,,62.0,0.7200,0.6000,0.6000,1.1000,0.00000000,0.05953173,0.12589500,0.00390372,0.00000000,0.20982490,0.33474400,0.94657990,0.00018315,0.00042735,0.00549450,0.01147740,3.79999600,3.30910500,1.81733600,1.10769100,0.60659280,1.10329600,0.79963290,0.71963300,3.29853100,3.30311000,0.79765500,5.05984000,5.06922000,0.00341880, 2, 255, 7, 24,0x50000,No,No,No,No,No,Yes,No,Yes
2026-04-13 10:53:29,0.3,1500,500,,500,500,44,,200,,,648,,59.8,0.7200,0.6000,0.6000,1.1000,0.00000000,0.06636324,0.12491900,0.00390372,0.00000000,0.20787310,0.33669580,0.95551000,0.00006105,0.00018315,0.00525030,0.01123320,3.66822600,3.30817700,1.79926600,1.11208700,0.60476130,1.10329600,0.79963290,0.71909580,3.29944700,3.30127900,0.79706880,5.05314000,5.02098000,0.00256410, 2, 255, 7, 24,0x50000,No,No,No,No,No,Yes,No,Yes
2026-04-13 10:53:31,0.0,1500,500,,500,500,44,,200,,,648,,62.0,0.7200,0.6000,0.6000,1.1000,0.00000000,0.06245952,0.12394310,0.00487965,0.00000000,0.20884900,0.33864770,0.98229990,0.00018315,0.00042735,0.00476190,0.01172160,3.65894600,3.31096100,1.81733600,1.10292900,0.60732540,1.09853400,0.80109810,0.72017020,3.30036300,3.30311000,0.79765500,5.06520000,5.07458000,0.00341880, 2, 255, 7, 24,0x50000,No,No,No,No,No,Yes,No,Yes
2026-04-13 10:53:34,0.0,1500,500,,500,500,44,,200,,,648,,60.9,0.7200,0.6000,0.6000,1.1000,0.00000000,0.06148359,0.12589500,0.00390372,0.00000000,0.20787310,0.33767180,0.94657990,0.00006105,0.00042735,0.00537240,0.01111110,3.60698000,3.30817700,1.81733600,1.10586000,0.60659280,1.10292900,0.80109810,0.71936430,3.30036300,3.30402600,0.79765500,5.04376000,5.06252000,0.00341880, 2, 255, 7, 24,0x50000,No,No,No,No,No,Yes,No,Yes
2026-04-13 10:53:36,0.0,1500,500,,500,500,44,,200,,,648,,60.9,0.7200,0.6000,0.6000,1.1000,0.00000000,0.06148359,0.12394310,0.00585558,0.00000000,0.20884900,0.33962360,0.95551000,0.00018315,0.00042735,0.00561660,0.01172160,3.66358600,3.31467300,1.81733600,1.10805800,0.60659280,1.10292900,0.79963290,0.72043880,3.30036300,3.30219400,0.79677580,5.04644000,5.06252000,0.00341880, 2, 255, 7, 24,0x50000,No,No,No,No,No,Yes,No,Yes
2026-04-13 10:53:38,0.0,1500,500,,500,500,44,,200,,,648,,60.4,0.7200,0.6000,0.6000,1.1000,0.00000000,0.05757987,0.12394310,0.00780744,0.00000000,0.21177680,0.33669580,0.96444000,0.00018315,0.00018315,0.00476190,0.01147740,3.79999600,3.30724900,1.79389300,1.10695900,0.60219720,1.10073200,0.79999920,0.71990160,3.30036300,3.30219400,0.79765500,4.96336000,5.04912000,0.00341880, 2, 255, 7, 24,0x50000,No,No,No,No,No,Yes,No,Yes
2026-04-13 10:53:40,1.0,1500,500,,500,500,44,,200,,,648,,61.5,0.7200,0.6000,0.6000,1.1000,0.00000000,0.06343545,0.12296720,0.00487965,0.00000000,0.20884900,0.33767180,0.95551000,0.00006105,0.00042735,0.00482295,0.01172160,3.79999600,3.31096100,1.82124300,1.10988900,0.60659280,1.10476100,0.80183080,0.71936430,3.29944700,3.30219400,0.79765500,5.04376000,5.06654000,0.00341880, 2, 255, 7, 24,0x50000,No,No,No,No,No,Yes,No,Yes
2026-04-13 10:53:42,0.0,1500,500,,500,500,44,,200,,,648,,62.0,0.7200,0.6000,0.6000,1.1000,0.00000000,0.06343545,0.12199130,0.00683151,0.00000000,0.20787310,0.33279210,0.95551000,0.00006105,0.00042735,0.00482295,0.01111110,3.66729800,3.31652900,1.81684800,1.10439400,0.60659280,1.10073200,0.80036550,0.71990160,3.29944700,3.30127900,0.79736190,5.09066000,5.07994000,0.00341880, 2, 255, 7, 24,0x50000,No,No,No,No,No,Yes,No,Yes
2026-04-13 10:53:44,0.0,1500,500,,500,500,44,,200,,,648,,60.4,0.7200,0.6000,0.6000,1.1000,0.00000000,0.06148359,0.12394310,0.00487965,0.00000000,0.21080090,0.33669580,0.94657990,0.00018315,0.00042735,0.00537240,0.01123320,3.66544200,3.31188900,1.79096300,1.10695900,0.60549390,1.10109800,0.80183080,0.72017020,3.30036300,3.30311000,0.79706880,5.06520000,5.05180000,0.00341880, 2, 255, 7, 24,0x50000,No,No,No,No,No,Yes,No,Yes
2026-04-13 10:53:46,0.0,2400,910,,910,960,44,,200,,,648,,62.6,0.8679,0.6000,0.6000,1.1000,0.00000000,0.06050766,0.12784680,0.00878337,0.00000000,0.20884900,0.33474400,1.70563000,0.00006105,0.00018315,0.00525030,0.01123320,3.65245000,3.31745700,1.81684800,1.10586000,0.60256350,1.10329600,0.80146440,0.86898570,3.30036300,3.30219400,0.79765500,5.04376000,5.02634000,0.00341880, 2, 255, 7, 24,0x50000,No,No,No,No,No,Yes,No,Yes
2026-04-13 10:53:49,4.0,2400,910,,910,960,43,,200,,,648,,62.6,0.8679,0.6000,0.6000,1.1000,0.00000000,0.06050766,0.12979870,0.00487965,0.00000000,0.20982490,0.33767180,1.51810000,0.00018315,0.00042735,0.00494505,0.01111110,3.65245000,3.30632200,1.78852100,1.10805800,0.60586020,1.10329600,0.79890030,0.86925430,3.29944700,3.30127900,0.79677580,5.04644000,5.01294000,0.00341880, 2, 255, 7, 24,0x50000,No,No,No,No,No,Yes,No,Yes
2026-04-13 10:53:51,1.5,1500,500,,500,500,44,,200,,,648,,60.4,0.7200,0.6000,0.6000,1.1000,0.00000000,0.09271335,0.15322100,0.00780744,0.00000000,0.21177680,0.33376810,0.94657990,0.00018315,0.00018315,0.00482295,0.01172160,3.64317100,3.31188900,1.82124300,1.10769100,0.61062210,1.10329600,0.80146440,0.71990160,3.29853100,3.30127900,0.79706880,5.03840000,5.05984000,0.00341880, 2, 255, 7, 24,0x50000,No,No,No,No,No,Yes,No,Yes
2026-04-13 10:53:53,0.0,1500,500,,500,500,44,,200,,,648,,60.9,0.7200,0.6000,0.6000,1.1000,0.05074836,0.05953173,0.12589500,0.00585558,0.00000000,0.20884900,0.33571990,0.95551000,0.00006105,0.00018315,0.00543345,0.01135530,3.65245000,3.30724900,1.81684800,1.11062200,0.60732540,1.10219700,0.80073180,0.71936430,3.30036300,3.30219400,0.79677580,5.04912000,5.07056000,0.00341880, 2, 255, 7, 24,0x50000,No,No,No,No,No,Yes,No,Yes
2026-04-13 10:53:55,0.2,1500,500,,500,500,44,,200,,,648,,60.9,0.7854,0.6000,0.6000,1.1000,0.05660394,0.06050766,0.12589500,0.00292779,0.00000000,0.20884900,0.33864770,1.15197000,0.00018315,0.00042735,0.00476190,0.01111110,3.64966700,3.30817700,1.79926600,1.10805800,0.60476130,1.09999900,0.80219700,0.78947420,3.30036300,3.30311000,0.79794790,4.96068000,4.89636000,0.00256410, 2, 255, 7, 24,0x50000,No,No,No,No,No,Yes,No,Yes
2026-04-13 10:53:57,0.0,1500,500,,500,500,44,,200,,,648,,60.4,0.7200,0.6000,0.6000,1.1000,0.06148359,0.06050766,0.12394310,0.00292779,0.00000000,0.20884900,0.33767180,0.94657990,0.00018315,0.00042735,0.00598290,0.01123320,3.64409900,3.30446500,1.78754400,1.10695900,0.60622650,1.10402800,0.79963290,0.71963300,3.29944700,3.30311000,0.79736190,5.02634000,5.04108000,0.00341880, 2, 255, 7, 24,0x50000,No,No,No,No,No,Yes,No,Yes
2026-04-13 10:53:59,0.2,1500,500,,500,500,44,,200,,,648,,59.8,0.7200,0.6000,0.6000,1.1000,0.00000000,0.05953173,0.12589500,0.00487965,0.00000000,0.20982490,0.33669580,0.93765000,0.00006105,0.00042735,0.00525030,0.01147740,3.65894600,3.31467300,1.81684800,1.11208700,0.60659280,1.10476100,0.80073180,0.71909580,3.30036300,3.30219400,0.79765500,5.07056000,5.07324000,0.00256410, 2, 255, 7, 24,0x50000,No,No,No,No,No,Yes,No,Yes
2026-04-13 10:54:01,0.0,1500,500,,500,500,44,,200,,,648,,60.4,0.7200,0.6000,0.6000,1.1000,0.00000000,0.05465208,0.12394310,0.02049453,0.00000000,0.20787310,0.33474400,0.93765000,0.00018315,0.00042735,0.00543345,0.01111110,3.66544200,3.31467300,1.78998600,1.10146400,0.60586020,1.10329600,0.79963290,0.71936430,3.29944700,3.30402600,0.79706880,5.07592000,5.05984000,0.00341880, 2, 255, 7, 24,0x50000,No,No,No,No,No,Yes,No,Yes
2026-04-13 10:54:03,0.0,1500,500,,500,500,44,,200,,,648,,59.3,0.7200,0.6000,0.6000,1.1000,0.00000000,0.06245952,0.12296720,0.00390372,0.00000000,0.20982490,0.33376810,0.95551000,0.00018315,0.00042735,0.00482295,0.01111110,3.65523400,3.31003300,1.78754400,1.11208700,0.60695910,1.10402800,0.80219700,0.71990160,3.29853100,3.30311000,0.79736190,5.06788000,5.05046000,0.00341880, 2, 255, 7, 24,0x50000,No,No,No,No,No,Yes,No,Yes
2026-04-13 10:54:06,1.5,1800,636,,636,653,44,,200,,,648,,60.4,0.7717,0.6000,0.6000,1.1000,0.00000000,0.06148359,0.12784680,0.00487965,0.00000000,0.20884900,0.33376810,1.09839000,0.00006105,0.00042735,0.00506715,0.01159950,3.79999600,3.31838500,1.81733600,1.10146400,0.60659280,1.10329600,0.80183080,0.77443140,3.29944700,3.30127900,0.79677580,5.05314000,5.07592000,0.00341880, 2, 255, 7, 24,0x50000,No,No,No,No,No,Yes,No,Yes
2026-04-13 10:54:08,0.0,1500,500,,500,500,44,,200,,,648,,59.8,0.7200,0.6000,0.6000,1.1000,0.00000000,0.05953173,0.12589500,0.00487965,0.00000000,0.20689720,0.33864770,0.95551000,0.00018315,0.00042735,0.00537240,0.01123320,3.66729800,3.31281700,1.78803200,1.10695900,0.60732540,1.10292900,0.79890030,0.72017020,3.30036300,3.30311000,0.79677580,5.04778000,5.06922000,0.00341880, 2, 255, 7, 24,0x50000,No,No,No,No,No,Yes,No,Yes
2026-04-13 10:54:10,0.0,1500,500,,500,500,44,,200,,,648,,60.4,0.7200,0.6000,0.6000,1.1000,0.00000000,0.06245952,0.12394310,0.00487965,0.00000000,0.20982490,0.33669580,0.96444000,0.00018315,0.00042735,0.00476190,0.01135530,3.66544200,3.31374500,1.79389300,1.11062200,0.60622650,1.10329600,0.80183080,0.71990160,3.29944700,3.30219400,0.79765500,5.03974000,4.94058000,0.00256410, 2, 255, 7, 24,0x50000,No,No,No,No,No,Yes,No,Yes
2026-04-13 10:54:12,1.0,1900,682,,682,704,43,,200,,,648,,60.9,0.7854,0.6000,0.6000,1.1000,0.00000000,0.06343545,0.12687090,0.00097593,0.00000000,0.20787310,0.33571990,1.14304000,0.00006105,0.00042735,0.00525030,0.01147740,3.79999600,3.31652900,1.79828900,1.10732500,0.59999940,1.10219700,0.79963290,0.78947420,3.29853100,3.30127900,0.79677580,4.96068000,4.97542000,0.00256410, 2, 255, 7, 24,0x50000,No,No,No,No,No,Yes,No,Yes
2026-04-13 10:54:14,0.0,1500,500,,500,500,44,,200,,,648,,60.4,0.7200,0.6000,0.6000,1.1000,0.00000000,0.06050766,0.12589500,0.00487965,0.00000000,0.21177680,0.33474400,0.93765000,0.00006105,0.00042735,0.00494505,0.01147740,3.79999600,3.31281700,1.81733600,1.10439400,0.60586020,1.10219700,0.80146440,0.71963300,3.29853100,3.30311000,0.79794790,5.09200000,5.05180000,0.00341880, 2, 255, 7, 24,0x50000,No,No,No,No,No,Yes,No,Yes
2026-04-13 10:54:16,1.5,1500,500,,500,500,44,,200,,,648,,59.8,0.7200,0.6000,0.6000,1.1000,0.00000000,0.06050766,0.12687090,0.00487965,0.00000000,0.22056020,0.33279210,0.94657990,0.00006105,0.00042735,0.00506715,0.01147740,3.79999600,3.31281700,1.81684800,1.11062200,0.60622650,1.10329600,0.80036550,0.71963300,3.30036300,3.30219400,0.79706880,5.05984000,5.03840000,0.00341880, 2, 255, 7, 24,0x50000,No,No,No,No,No,Yes,No,Yes
2026-04-13 10:54:18,0.0,1500,500,,500,500,44,,200,,,648,,60.4,0.7200,0.6000,0.6000,1.1000,0.00000000,0.05953173,0.12296720,0.00195186,0.00000000,0.20884900,0.33767180,0.94657990,0.00018315,0.00042735,0.00525030,0.01111110,3.66544200,3.31467300,1.82124300,1.11355200,0.60402870,1.10292900,0.80036550,0.71990160,3.29761600,3.30402600,0.79706880,5.07592000,5.07190000,0.00341880, 2, 255, 7, 24,0x50000,No,No,No,No,No,Yes,No,Yes
2026-04-13 10:54:21,5.0,2400,910,,910,960,44,,200,,,648,,61.5,0.8679,0.6000,0.6000,1.1000,0.00000000,0.06441138,0.12784680,0.00390372,0.00000000,0.20689720,0.33864770,1.50917000,0.00006105,0.00018315,0.00537240,0.01123320,3.66173000,3.31281700,1.78754400,1.10695900,0.60659280,1.10146400,0.80073180,0.86925430,3.30036300,3.30219400,0.79765500,5.02768000,5.00356000,0.00341880, 2, 255, 7, 24,0x50000,No,No,No,No,No,Yes,No,Yes
2026-04-13 10:54:23,3.7,2400,910,,910,960,44,,200,,,648,,61.5,0.8679,0.6000,0.6000,1.1000,0.00000000,0.06441138,0.12784680,0.00390372,0.00000000,0.21080090,0.33376810,1.50024000,0.00018315,0.00042735,0.00549450,0.01111110,3.60234100,3.31096100,1.80610300,1.11208700,0.60732540,1.10329600,0.79999920,0.86898570,3.29944700,3.30311000,0.79706880,5.04242000,5.01696000,0.00341880, 2, 255, 7, 24,0x50000,No,No,No,No,No,Yes,No,Yes
2026-04-13 10:54:25,0.0,2400,910,,910,960,43,,200,,,648,,60.9,0.8679,0.6000,0.6000,1.1000,0.00000000,0.05953173,0.12979870,0.00390372,0.00000000,0.20689720,0.33864770,1.51810000,0.00018315,0.00042735,0.00598290,0.01172160,3.65245000,3.31188900,1.78754400,1.10219700,0.60549390,1.10146400,0.80109810,0.86898570,3.29853100,3.30219400,0.79677580,5.02768000,5.03706000,0.00256410, 2, 255, 7, 24,0x50000,No,No,No,No,No,Yes,No,Yes
2026-04-13 10:54:27,1.8,1500,500,,500,500,44,,200,,,648,,59.8,0.7200,0.6000,0.6000,1.1000,0.00000000,0.07124290,0.12199130,0.00683151,0.00000000,0.20787310,0.33669580,0.94657990,0.00018315,0.00042735,0.00506715,0.01147740,3.79999600,3.30817700,1.81733600,1.10805800,0.60512760,1.10146400,0.80219700,0.71909580,3.29944700,3.30219400,0.79706880,5.07324000,5.04376000,0.00341880, 2, 255, 7, 24,0x50000,No,No,No,No,No,Yes,No,Yes
2026-04-13 10:54:29,1.0,1500,500,,500,500,44,,200,,,648,,59.8,0.7200,0.6000,0.6000,1.1000,0.00000000,0.06050766,0.12199130,0.00975930,0.00000000,0.20787310,0.33571990,0.93765000,0.00018315,0.00042735,0.00482295,0.01172160,3.66358600,3.31467300,1.78998600,1.11208700,0.60622650,1.10329600,0.79816780,0.71909580,3.30036300,3.30311000,0.79736190,4.98480000,5.06520000,0.00341880, 2, 255, 7, 24,0x50000,No,No,No,No,No,Yes,No,Yes
2026-04-13 10:54:31,0.0,1500,500,,500,500,44,,200,,,648,,60.4,0.7200,0.6000,0.6000,1.1000,0.00000000,0.06148359,0.12491900,0.00390372,0.00000000,0.20982490,0.33864770,0.92871990,0.00018315,0.00042735,0.00506715,0.01172160,3.65801800,3.30817700,1.79389300,1.10512700,0.60659280,1.10329600,0.80183080,0.71909580,3.30036300,3.30219400,0.79765500,5.04510000,5.06520000,0.00341880, 2, 255, 7, 24,0x50000,No,No,No,No,No,Yes,No,Yes
2026-04-13 10:54:33,1.7,2400,910,,910,960,44,,200,,,648,,61.5,0.8679,0.6000,0.6000,1.1000,0.00000000,0.06050766,0.13077460,0.01171116,0.00000000,0.20787310,0.33767180,1.49131000,0.00012210,0.00042735,0.00610500,0.01147740,3.64595500,3.31003300,1.78852100,1.10146400,0.60549390,1.10146400,0.79963290,0.86925430,3.29670000,3.30219400,0.79765500,5.01562000,5.00356000,0.00341880, 2, 255, 7, 24,0x50000,No,No,No,No,No,Yes,No,Yes
2026-04-13 10:54:35,0.0,2400,910,,910,960,43,,200,,,648,,60.9,0.8679,0.6000,0.6000,1.1000,0.00000000,0.06050766,0.12882280,0.00000000,0.00000000,0.21080090,0.33571990,1.50917000,0.00012210,0.00036630,0.00586080,0.01172160,3.65523400,3.31281700,1.81684800,1.10769100,0.60659280,1.10146400,0.79963290,0.86925430,3.30036300,3.30219400,0.79765500,5.04376000,5.01562000,0.00341880, 2, 255, 7, 24,0x50000,No,No,No,No,No,Yes,No,Yes
2026-04-13 10:54:38,1.2,2400,910,,910,960,44,,200,,,648,,60.4,0.8679,0.6000,0.6000,1.1000,0.00000000,0.06148359,0.12979870,0.00292779,0.00000000,0.20982490,0.33669580,1.52703000,0.00018315,0.00018315,0.00525030,0.01123320,3.63853100,3.31652900,1.78852100,1.10109800,0.60512760,1.10402800,0.80036550,0.86898570,3.30036300,3.30127900,0.79794790,5.02499900,5.03706000,0.00341880, 2, 255, 7, 24,0x50000,No,No,No,No,No,Yes,No,Yes
2026-04-13 10:54:40,0.0,1500,500,,500,500,44,,200,,,648,,61.5,0.7200,0.6000,0.6000,1.1000,0.00000000,0.07124290,0.12589500,0.00487965,0.00000000,0.20884900,0.33571990,0.95551000,0.00006105,0.00042735,0.00598290,0.01135530,3.79999600,3.31096100,1.81684800,1.10219700,0.60695910,1.10073200,0.79926660,0.71990160,3.29944700,3.30311000,0.79794790,5.05180000,5.03706000,0.00341880, 2, 255, 7, 24,0x50000,No,No,No,No,No,Yes,No,Yes
2026-04-13 10:54:42,0.0,1500,500,,500,500,44,,200,,,648,,60.4,0.7200,0.6000,0.6000,1.1000,0.00000000,0.06148359,0.12296720,0.00097593,0.00000000,0.20689720,0.33767180,0.93765000,0.00018315,0.00042735,0.00512820,0.01123320,3.65801800,3.31281700,1.81733600,1.10769100,0.60659280,1.09853400,0.80036550,0.72017020,3.29944700,3.30127900,0.79736190,4.99284000,5.05850000,0.00341880, 2, 255, 7, 24,0x50000,No,No,No,No,No,Yes,No,Yes
2026-04-13 10:54:44,0.0,1500,500,,500,500,44,,200,,,648,,60.4,0.7200,0.6000,0.6000,1.1000,0.00000000,0.08197812,0.12296720,0.00487965,0.00000000,0.20982490,0.33571990,0.94657990,0.00018315,0.00042735,0.00537240,0.01147740,3.66915400,3.31003300,1.81733600,1.10146400,0.60915690,1.10256300,0.80109810,0.71909580,3.29853100,3.30402600,0.79765500,5.06520000,5.09334000,0.00341880, 2, 255, 7, 24,0x50000,No,No,No,No,No,Yes,No,Yes
2026-04-13 10:54:46,0.0,1500,500,,500,500,44,,200,,,648,,59.8,0.7200,0.6000,0.6000,1.1000,0.00000000,0.06050766,0.12296720,0.00487965,0.00000000,0.20787310,0.33571990,0.93765000,0.00018315,0.00042735,0.00518925,0.01172160,3.65523400,3.30817700,1.78754400,1.11355200,0.60732540,1.10329600,0.79963290,0.71990160,3.30127900,3.30219400,0.79765500,5.06252000,5.01562000,0.00341880, 2, 255, 7, 24,0x50000,No,No,No,No,No,Yes,No,Yes
2026-04-13 10:54:48,0.0,1500,500,,500,500,44,,200,,,648,,59.8,0.7200,0.6000,0.6000,1.1000,0.00000000,0.06050766,0.12199130,0.00487965,0.00000000,0.21080090,0.33864770,0.94657990,0.00006105,0.00042735,0.00598290,0.01159950,3.65523400,3.30632200,1.81684800,1.10695900,0.60586020,1.10329600,0.79963290,0.71990160,3.30219400,3.30311000,0.79677580,5.03572000,5.03572000,0.00341880, 2, 255, 7, 24,0x50000,No,No,No,No,No,Yes,No,Yes
2026-04-13 10:54:50,0.0,1500,500,,500,500,44,,200,,,648,,59.8,0.7200,0.6000,0.6000,1.1000,0.00000000,0.06148359,0.12394310,0.01268709,0.00000000,0.20884900,0.33669580,0.93765000,0.00006105,0.00018315,0.00525030,0.01172160,3.65616200,3.31281700,1.82124300,1.10805800,0.60512760,1.10073200,0.80292960,0.71936430,3.29853100,3.30402600,0.79794790,5.05984000,5.00624000,0.00341880, 2, 255, 7, 24,0x50000,No,No,No,No,No,Yes,No,Yes
2026-04-13 10:54:53,0.0,1500,500,,500,500,44,,200,,,648,,59.3,0.7200,0.6000,0.6000,1.1000,0.00000000,0.06441138,0.12589500,0.00585558,0.00000000,0.21080090,0.33767180,0.93765000,0.00006105,0.00042735,0.00586080,0.01111110,3.65616200,3.30632200,1.82124300,1.10695900,0.60549390,1.10402800,0.79926660,0.71936430,3.29853100,3.30311000,0.79677580,5.03304000,5.05716000,0.00341880, 2, 255, 7, 24,0x50000,No,No,No,No,No,Yes,No,Yes
2026-04-13 10:54:55,0.0,2400,910,,910,960,44,,200,,,648,,62.0,0.8679,0.6000,0.6000,1.1000,0.00000000,0.06148359,0.12784680,0.00780744,0.00000000,0.22251200,0.33767180,1.49131000,0.00018315,0.00054945,0.00586080,0.01123320,3.65337800,3.30817700,1.78852100,1.10732500,0.60732540,1.10329600,0.80036550,0.86898570,3.29944700,3.30311000,0.79736190,5.02634000,5.03572000,0.00341880, 2, 255, 7, 24,0x50000,No,No,No,No,No,Yes,No,Yes
2026-04-13 10:54:57,0.0,2400,910,,910,960,44,,200,,,648,,61.5,0.8679,0.6000,0.6000,1.1000,0.00000000,0.05367615,0.12882280,0.00487965,0.00000000,0.22348800,0.33571990,1.50024000,0.00012210,0.00036630,0.00586080,0.01123320,3.66358600,3.31188900,1.79096300,1.11208700,0.60622650,1.10073200,0.79963290,0.86925430,3.29853100,3.30311000,0.79765500,5.03304000,5.02232000,0.00341880, 2, 255, 7, 24,0x50000,No,No,No,No,No,Yes,No,Yes
2026-04-13 10:54:59,6.3,2400,910,,910,960,44,,200,,,648,,61.5,0.8679,0.6000,0.6000,1.1000,0.00000000,0.05660394,0.12882280,0.00390372,0.00000000,0.22934360,0.33864770,1.50024000,0.00012210,0.00042735,0.00506715,0.01123320,3.64038700,3.30260900,1.78803200,1.10769100,0.60256350,1.10329600,0.80073180,0.86898570,3.29853100,3.30219400,0.79765500,5.01696000,5.03170000,0.00341880, 2, 255, 7, 24,0x50000,No,No,No,No,No,Yes,No,Yes
2026-04-13 10:55:01,0.0,2400,910,,910,960,44,,200,,,648,,62.0,0.8679,0.6000,0.6000,1.1000,0.00000000,0.05953173,0.12979870,0.00390372,0.00000000,0.22836760,0.33767180,1.51810000,0.00006105,0.00042735,0.00586080,0.01123320,3.64409900,3.31281700,1.78754400,1.11355200,0.60549390,1.10329600,0.80073180,0.86925430,3.29853100,3.30127900,0.79736190,5.01562000,4.95398000,0.00341880, 2, 255, 7, 24,0x50000,No,No,No,No,No,Yes,No,Yes
2026-04-13 10:55:03,0.0,2400,910,,500,500,44,,200,,,648,,62.0,0.7200,0.6000,0.6000,1.1000,0.00000000,0.06050766,0.12296720,0.00585558,0.00000000,0.21275270,0.33474400,0.96444000,0.00006105,0.00042735,0.00598290,0.01135530,3.79999600,3.31188900,1.81684800,1.11355200,0.60439500,1.09999900,0.80219700,0.71990160,3.29853100,3.30402600,0.79677580,5.04108000,5.03572000,0.00341880, 2, 255, 7, 24,0x50000,No,No,No,No,No,Yes,No,Yes
2026-04-13 10:55:05,0.0,1500,500,,500,500,44,,200,,,648,,60.4,0.7200,0.6000,0.6000,1.1000,0.00000000,0.09564114,0.15517290,0.00487965,0.00000000,0.20884900,0.33767180,0.93765000,0.00018315,0.00018315,0.00482295,0.01135530,3.64409900,3.29240200,1.78754400,1.10732500,0.60732540,1.09853400,0.80292960,0.71990160,3.29944700,3.30402600,0.79706880,5.03840000,5.04778000,0.00256410, 2, 255, 7, 24,0x50000,No,No,No,No,No,Yes,No,Yes
2026-04-13 10:55:07,0.0,1500,500,,500,500,44,,200,,,648,,61.5,0.7200,0.6000,0.6000,1.1000,0.00000000,0.06050766,0.12687090,0.00585558,0.00000000,0.23324730,0.33864770,0.93765000,0.00018315,0.00042735,0.00537240,0.01123320,3.65801800,3.30632200,1.79389300,1.10695900,0.60659280,1.10329600,0.80109810,0.71936430,3.30036300,3.30127900,0.79794790,5.04644000,5.06788000,0.00341880, 2, 255, 7, 24,0x50000,No,No,No,No,No,Yes,No,Yes
2026-04-13 10:55:10,0.3,1500,500,,500,500,44,,200,,,648,,60.4,0.7200,0.6000,0.6000,1.1000,0.00000000,0.05367615,0.12394310,0.00487965,0.00000000,0.20982490,0.33474400,0.94657990,0.00006105,0.00018315,0.00543345,0.01147740,3.64038700,3.31096100,1.78852100,1.10219700,0.60622650,1.09999900,0.79963290,0.71990160,3.29944700,3.30311000,0.79765500,5.06520000,5.04242000,0.00341880, 2, 255, 7, 24,0x50000,No,No,No,No,No,Yes,No,Yes
2026-04-13 10:55:12,0.0,1500,500,,500,500,44,,200,,,648,,59.8,0.7200,0.6000,0.6000,1.1000,0.00000000,0.06148359,0.12296720,0.00585558,0.00000000,0.20884900,0.33669580,0.95551000,0.00018315,0.00042735,0.00561660,0.01172160,3.65801800,3.30260900,1.82124300,1.10476100,0.60659280,1.10073200,0.80292960,0.71990160,3.30036300,3.30311000,0.79736190,5.06788000,5.02634000,0.00341880, 2, 255, 7, 24,0x50000,No,No,No,No,No,Yes,No,Yes
2026-04-13 10:55:14,1.7,2400,910,,910,960,44,,200,,,648,,61.5,0.8679,0.6000,0.6000,1.1000,0.00000000,0.06050766,0.12979870,0.00585558,0.00000000,0.20884900,0.33962360,1.50917000,0.00012210,0.00036630,0.00482295,0.01184370,3.65801800,3.30539300,1.81684800,1.10769100,0.60659280,1.10329600,0.79926660,0.86871700,3.29761600,3.30219400,0.79765500,5.03304000,5.02098000,0.00341880, 2, 255, 7, 24,0x50000,No,No,No,No,No,Yes,No,Yes
2026-04-13 10:55:16,0.0,2400,910,,910,960,44,,200,,,648,,61.5,0.8679,0.6000,0.6000,1.1000,0.00000000,0.06148359,0.12882280,0.00487965,0.00000000,0.20884900,0.33279210,1.50917000,0.00006105,0.00042735,0.00482295,0.01196580,3.65152200,3.30724900,1.78754400,1.10622600,0.60659280,1.10146400,0.80109810,0.86979160,3.29944700,3.30219400,0.79765500,5.02232000,5.04912000,0.00341880, 2, 255, 7, 24,0x50000,No,No,No,No,No,Yes,No,Yes
2026-04-13 10:55:18,1.0,2400,910,,910,960,44,,200,,,648,,60.9,0.8679,0.6000,0.6000,1.1000,0.00000000,0.05562801,0.13077460,0.00292779,0.00000000,0.20787310,0.33669580,1.50917000,0.00036630,0.00036630,0.00482295,0.01147740,3.64409900,3.30632200,1.81684800,1.11062200,0.60805800,1.10329600,0.80292960,0.86925430,3.29761600,3.30219400,0.79765500,5.02768000,5.03840000,0.00341880, 2, 255, 7, 24,0x50000,No,No,No,No,No,Yes,No,Yes
2026-04-13 10:55:20,0.0,2400,910,,910,960,44,,200,,,648,,62.0,0.8679,0.6000,0.6000,1.1000,0.00000000,0.05953173,0.12882280,0.00390372,0.00000000,0.20787310,0.33962360,1.50917000,0.00012210,0.00042735,0.00610500,0.01111110,3.64595500,3.30446500,1.78852100,1.10622600,0.60549390,1.10146400,0.80036550,0.86925430,3.29761600,3.30768900,0.79765500,5.01294000,5.01562000,0.00341880, 2, 255, 7, 24,0x50000,No,No,No,No,No,Yes,No,Yes
2026-04-13 10:55:22,0.0,2400,910,,910,960,44,,200,,,648,,60.9,0.8679,0.6000,0.6000,1.1000,0.00000000,0.05953173,0.13077460,0.00487965,0.00000000,0.20884900,0.33571990,1.51810000,0.00018315,0.00042735,0.00525030,0.01135530,3.65523400,3.31003300,1.78852100,1.10805800,0.60402870,1.10402800,0.80036550,0.86898570,3.30036300,3.30219400,0.79765500,5.05984000,5.00356000,0.00341880, 2, 255, 7, 24,0x50000,No,No,No,No,No,Yes,No,Yes
2026-04-13 10:55:25,0.2,1500,500,,500,500,44,,200,,,648,,60.9,0.7200,0.6000,0.6000,1.1000,0.00000000,0.06343545,0.12589500,0.00487965,0.00000000,0.21177680,0.33376810,0.94657990,0.00006105,0.00042735,0.00525030,0.01147740,3.65523400,3.31560100,1.81684800,1.11391800,0.60549390,1.10219700,0.80109810,0.71990160,3.29944700,3.30127900,0.79736190,5.03706000,5.05984000,0.00341880, 2, 255, 7, 24,0x50000,No,No,No,No,No,Yes,No,Yes
2026-04-13 10:55:27,0.0,2400,910,,910,960,44,,200,,,648,,62.6,0.8679,0.6000,0.6000,1.1000,0.00000000,0.06148359,0.12882280,0.00585558,0.00000000,0.22153610,0.33474400,1.51810000,0.00012210,0.00036630,0.00555555,0.01111110,3.64131500,3.30446500,1.79096300,1.11355200,0.60622650,1.10146400,0.80036550,0.86898570,3.29853100,3.30127900,0.79677580,5.03706000,5.02634000,0.00341880, 2, 255, 7, 24,0x50000,No,No,No,No,No,Yes,No,Yes
2026-04-13 10:55:29,0.2,2400,910,,910,960,44,,200,,,648,,62.6,0.8679,0.6000,0.6000,1.1000,0.00000000,0.06148359,0.13077460,0.00292779,0.00000000,0.21080090,0.33571990,1.51810000,0.00018315,0.00042735,0.00586080,0.01147740,3.64781100,3.31652900,1.81684800,1.10805800,0.60659280,1.10256300,0.80146440,0.86898570,3.29853100,3.30219400,0.79706880,5.02098000,4.94996000,0.00341880, 2, 255, 7, 24,0x50000,No,No,No,No,No,Yes,No,Yes
2026-04-13 10:55:31,4.8,2400,910,,910,960,44,,200,,,648,,62.0,0.8679,0.6000,0.6000,1.1000,0.00000000,0.05953173,0.12979870,0.00487965,0.00000000,0.21080090,0.33962360,1.50024000,0.00006105,0.00042735,0.00506715,0.01123320,3.65059400,3.29889800,1.79828900,1.10805800,0.60622650,1.10256300,0.80109810,0.86952300,3.30036300,3.30311000,0.79677580,5.03840000,5.02768000,0.00341880, 2, 255, 7, 24,0x50000,No,No,No,No,No,Yes,No,Yes
2026-04-13 10:55:33,0.0,2400,910,,910,960,44,,200,,,648,,63.1,0.8679,0.6000,0.6000,1.1000,0.00000000,0.10052080,0.16102850,0.00780744,0.00000000,0.20982490,0.33376810,1.53596000,0.00018315,0.00036630,0.00537240,0.01159950,3.62182800,3.29982600,1.78852100,1.11062200,0.60769170,1.10219700,0.80073180,0.86925430,3.29670000,3.30036300,0.79677580,5.01026000,5.03170000,0.00341880, 2, 255, 7, 24,0x50000,No,No,No,No,No,Yes,No,Yes
2026-04-13 10:55:35,0.7,2400,910,,910,960,44,,200,,,648,,63.1,0.7200,0.6000,0.6000,1.1000,0.00000000,0.05757987,0.12199130,0.00780744,0.00000000,0.20884900,0.33669580,0.97336990,0.00006105,0.00042735,0.00482295,0.01172160,3.79999600,3.31188900,1.81684800,1.11062200,0.60476130,1.10073200,0.80109810,0.71963300,3.30127900,3.30219400,0.79677580,5.09200000,5.07056000,0.00341880, 2, 255, 7, 24,0x50000,No,No,No,No,No,Yes,No,Yes
2026-04-13 10:55:37,0.0,1500,500,,500,500,44,,200,,,648,,61.5,0.7200,0.6000,0.6000,1.1000,0.00000000,0.05953173,0.12394310,0.00487965,0.00000000,0.20982490,0.33669580,0.95551000,0.00018315,0.00042735,0.00549450,0.01123320,3.65801800,3.31003300,1.82124300,1.10586000,0.60586020,1.09999900,0.80109810,0.71990160,3.30036300,3.30311000,0.79794790,5.04644000,5.05582000,0.00341880, 2, 255, 7, 24,0x50000,No,No,No,No,No,Yes,No,Yes
2026-04-13 10:55:39,2.0,2400,910,,910,960,43,,200,,,648,,61.5,0.8679,0.6000,0.6000,1.1000,0.00000000,0.06441138,0.13175060,0.00195186,0.00000000,0.21080090,0.33279210,1.50024000,0.00012210,0.00042735,0.00525030,0.01123320,3.64595500,3.30910500,1.78852100,1.11208700,0.60659280,1.09999900,0.80219700,0.86925430,3.29944700,3.30219400,0.79824100,5.03706000,5.03304000,0.00341880, 2, 255, 7, 24,0x50000,No,No,No,No,No,Yes,No,Yes
2026-04-13 10:55:42,1.0,2400,910,,910,960,44,,200,,,648,,62.0,0.8679,0.6000,0.6000,1.1000,0.00000000,0.06343545,0.12882280,0.00390372,0.00000000,0.28204380,0.33767180,1.50917000,0.00018315,0.00042735,0.00512820,0.01159950,3.65337800,3.31281700,1.78852100,1.11208700,0.60622650,1.09999900,0.79963290,0.86925430,3.29944700,3.30311000,0.79765500,5.04242000,5.03304000,0.00341880, 2, 255, 7, 24,0x50000,No,No,No,No,No,Yes,No,Yes
2026-04-13 10:55:44,0.0,2400,910,,910,960,44,,200,,,648,,62.6,0.8679,0.6000,0.6000,1.1000,0.00000000,0.06343545,0.12882280,0.00390372,0.00000000,0.20787310,0.33767180,1.51810000,0.00018315,0.00054945,0.00525030,0.01111110,3.63853100,3.31188900,1.78852100,1.10146400,0.60549390,1.10402800,0.80292960,0.86898570,3.29853100,3.30219400,0.79794790,5.02499900,5.02768000,0.00341880, 2, 255, 7, 24,0x50000,No,No,No,No,No,Yes,No,Yes
2026-04-13 10:55:46,0.0,1500,500,,500,500,44,,200,,,648,,62.6,0.7200,0.6000,0.6000,1.1000,0.00000000,0.06245952,0.12394310,0.00292779,0.00000000,0.21958430,0.33571990,0.96444000,0.00018315,0.00042735,0.00598290,0.01123320,3.66265800,3.31931300,1.81684800,1.10366200,0.60659280,1.10329600,0.79963290,0.71963300,3.29944700,3.30219400,0.79794790,5.07056000,5.05850000,0.00341880, 2, 255, 7, 24,0x50000,No,No,No,No,No,Yes,No,Yes
2026-04-13 10:55:48,0.0,2400,910,,910,960,44,,200,,,648,,63.1,0.8679,0.6000,0.6000,1.1000,0.00000000,0.05953173,0.13077460,0.00390372,0.00000000,0.21958430,0.33669580,1.51810000,0.00012210,0.00036630,0.00543345,0.01147740,3.64502700,3.30724900,1.79096300,1.10805800,0.60659280,1.10219700,0.80073180,0.86925430,3.29853100,3.30219400,0.79765500,5.05984000,5.05448000,0.00341880, 2, 255, 7, 24,0x50000,No,No,No,No,No,Yes,No,Yes
2026-04-13 10:55:50,1.2,2400,910,,910,960,44,,200,,,648,,62.6,0.8679,0.6000,0.6000,1.1000,0.00000000,0.08392998,0.12784680,0.00780744,0.00000000,0.20982490,0.33571990,1.52703000,0.00018315,0.00042735,0.00482295,0.01172160,3.64317100,3.31467300,1.81684800,1.11062200,0.60146460,1.10329600,0.80146440,0.86871700,3.30036300,3.30219400,0.79706880,5.02634000,5.00490000,0.00341880, 2, 255, 7, 24,0x50000,No,No,No,No,No,Yes,No,Yes
2026-04-13 10:55:52,0.2,1500,500,,500,500,44,,200,,,648,,62.0,0.7200,0.6000,0.6000,1.1000,0.00000000,0.06050766,0.12199130,0.00292779,0.00000000,0.21177680,0.33962360,0.97336990,0.00018315,0.00042735,0.00494505,0.01086690,3.63110700,3.31467300,1.78852100,1.10292900,0.60586020,1.10402800,0.80109810,0.72017020,3.29944700,3.30127900,0.79765500,5.05314000,5.01026000,0.00341880, 2, 255, 7, 24,0x50000,No,No,No,No,No,Yes,No,Yes
2026-04-13 10:55:54,0.2,1500,500,,500,500,44,,200,,,648,,61.5,0.7200,0.6000,0.6000,1.1000,0.05855580,0.06050766,0.12394310,0.00780744,0.00000000,0.21080090,0.33669580,0.96444000,0.00018315,0.00042735,0.00537240,0.01172160,3.65616200,3.30260900,1.82124300,1.11355200,0.60805800,1.10329600,0.80146440,0.71963300,3.29944700,3.30311000,0.79736190,5.05716000,4.96202000,0.00341880, 2, 255, 7, 24,0x50000,No,No,No,No,No,Yes,No,Yes
2026-04-13 10:55:57,0.0,1500,500,,500,500,44,,200,,,648,,60.4,0.7200,0.6000,0.6000,1.1000,0.05855580,0.06148359,0.12687090,0.00585558,0.00000000,0.20982490,0.33864770,1.48238000,0.00018315,0.00042735,0.00598290,0.01135530,3.63389100,3.31188900,1.79389300,1.10805800,0.59963310,1.10183000,0.80036550,0.71990160,3.30219400,3.30402600,0.79677580,5.02768000,5.03170000,0.00341880, 2, 255, 7, 24,0x50000,No,No,No,No,No,Yes,No,Yes
2026-04-13 10:55:59,0.2,1500,500,,500,500,44,,200,,,648,,62.0,0.7200,0.6000,0.6000,1.1000,0.05660394,0.05953173,0.12394310,0.00195186,0.00000000,0.20787310,0.33571990,0.96444000,0.00006105,0.00042735,0.00537240,0.01172160,3.65059400,3.30817700,1.81684800,1.11355200,0.60695910,1.09999900,0.80219700,0.71963300,3.29853100,3.30311000,0.79677580,5.07860000,5.05984000,0.00341880, 2, 255, 7, 24,0x50000,No,No,No,No,No,Yes,No,Yes
2026-04-13 10:56:01,0.0,1500,500,,500,500,44,,200,,,648,,60.4,0.7200,0.6000,0.6000,1.1000,0.00000000,0.06050766,0.12296720,0.00487965,0.00000000,0.22251200,0.33767180,0.94657990,0.00006105,0.00018315,0.00537240,0.01172160,3.65523400,3.31281700,1.81684800,1.10695900,0.60659280,1.10329600,0.79926660,0.71936430,3.29944700,3.30219400,0.79765500,5.03572000,5.05984000,0.00341880, 2, 255, 7, 24,0x50000,No,No,No,No,No,Yes,No,Yes
2026-04-13 10:56:03,1.5,2400,910,,910,960,43,,200,,,648,,62.6,0.8679,0.6000,0.6000,1.1000,0.00000000,0.06343545,0.13077460,0.00585558,0.00000000,0.20884900,0.38842010,1.52703000,0.00018315,0.00036630,0.00561660,0.01123320,3.64595500,3.30817700,1.78852100,1.10292900,0.60549390,1.10073200,0.80036550,0.86925430,3.29944700,3.30402600,0.79677580,5.02768000,5.02098000,0.00341880, 2, 255, 7, 24,0x50000,No,No,No,No,No,Yes,No,Yes
2026-04-13 10:56:05,0.0,2400,910,,910,960,44,,200,,,648,,62.0,0.8679,0.6000,0.6000,1.1000,0.00000000,0.06050766,0.12687090,0.00585558,0.00000000,0.20982490,0.33279210,1.50917000,0.00006105,0.00042735,0.00543345,0.01147740,3.64873800,3.30817700,1.79096300,1.10732500,0.60549390,1.09963300,0.80183080,0.86925430,3.30036300,3.30311000,0.79765500,5.05448000,5.04778000,0.00341880, 2, 255, 7, 24,0x50000,No,No,No,No,No,Yes,No,Yes
2026-04-13 10:56:07,4.3,2400,910,,910,960,44,,200,,,648,,63.1,0.8679,0.6000,0.6000,1.1000,0.00000000,0.06148359,0.12979870,0.00487965,0.00000000,0.21080090,0.33669580,1.53596000,0.00012210,0.00042735,0.00543345,0.01135530,3.65801800,3.31838500,1.81684800,1.10439400,0.60402870,1.10109800,0.79743510,0.86871700,3.29853100,3.30311000,0.79765500,4.95130000,4.86018000,0.00341880, 2, 255, 7, 24,0x50000,No,No,No,No,No,Yes,No,Yes
2026-04-13 10:56:09,0.0,2400,910,,910,960,44,,200,,,648,,62.6,0.8679,0.6000,0.6000,1.1000,0.00000000,0.05953173,0.12979870,0.00487965,0.00000000,0.21177680,0.33767180,1.52703000,0.00006105,0.00048840,0.00525030,0.01111110,3.64038700,3.31281700,1.79926600,1.10769100,0.60659280,1.10183000,0.79963290,0.86898570,3.29944700,3.30311000,0.79736190,5.02634000,5.03572000,0.00341880, 2, 255, 7, 24,0x50000,No,No,No,No,No,Yes,No,Yes
2026-04-13 10:56:11,0.0,2400,910,,910,960,44,,200,,,648,,63.1,0.8679,0.6000,0.6000,1.1000,0.00000000,0.06148359,0.13272650,0.00780744,0.00000000,0.21177680,0.33376810,1.52703000,0.00006105,0.00018315,0.00537240,0.01172160,3.64317100,3.31560100,1.81684800,1.10512700,0.60695910,1.10073200,0.80073180,0.86898570,3.29853100,3.30127900,0.79736190,5.01562000,5.03438000,0.00341880, 2, 255, 7, 24,0x50000,No,No,No,No,No,Yes,No,Yes
2026-04-13 10:56:14,2.0,1700,591,,682,704,44,,200,,,648,,62.0,0.7992,0.6000,0.6000,1.1000,0.00000000,0.06148359,0.12296720,0.00487965,0.00000000,0.23910290,0.33571990,0.95551000,0.00006105,0.00018315,0.00543345,0.01147740,3.63296300,3.30724900,1.81684800,1.10695900,0.60292980,1.09999900,0.79999920,0.71990160,3.30036300,3.30311000,0.79706880,4.98212000,5.03706000,0.00341880, 2, 255, 7, 24,0x50000,No,No,No,No,No,Yes,No,Yes
2026-04-13 10:56:16,1.0,2400,910,,910,960,44,,200,,,648,,63.7,0.8679,0.6000,0.6000,1.1000,0.00000000,0.06148359,0.12784680,0.00487965,0.00000000,0.24983810,0.33864770,1.53596000,0.00012210,0.00042735,0.00506715,0.01147740,3.64409900,3.31560100,1.78852100,1.10805800,0.60659280,1.10329600,0.80146440,0.86871700,3.30036300,3.30036300,0.79765500,5.02768000,5.01964000,0.00256410, 2, 255, 7, 24,0x50000,No,No,No,No,No,Yes,No,Yes
2026-04-13 10:56:18,0.0,2400,910,,910,960,44,,200,,,648,,62.6,0.8679,0.6000,0.6000,1.1000,0.00000000,0.05953173,0.12979870,0.00585558,0.00000000,0.22739170,0.33669580,1.52703000,0.00006105,0.00042735,0.00543345,0.01123320,3.64131500,3.31374500,1.79096300,1.10219700,0.60695910,1.10073200,0.80146440,0.86925430,3.29761600,3.30402600,0.79677580,5.05314000,5.03706000,0.00341880, 2, 255, 7, 24,0x50000,No,No,No,No,No,Yes,No,Yes
2026-04-13 10:56:20,0.2,1500,500,,500,500,44,,200,,,648,,60.9,0.7200,0.6000,0.6000,1.1000,0.00000000,0.06148359,0.12199130,0.00683151,0.00000000,0.20787310,0.33669580,0.97336990,0.00018315,0.00042735,0.00482295,0.01123320,3.61440400,3.31003300,1.78754400,1.10292900,0.60732540,1.10402800,0.80183080,0.71909580,3.29944700,3.30311000,0.79677580,5.05984000,5.04644000,0.00341880, 2, 255, 7, 24,0x50000,No,No,No,No,No,Yes,No,Yes
2026-04-13 10:56:22,0.0,1500,500,,500,500,44,,200,,,648,,61.5,0.7200,0.6000,0.6000,1.1000,0.00000000,0.06245952,0.12491900,0.00683151,0.00000000,0.21080090,0.33767180,0.96444000,0.00006105,0.00042735,0.00549450,0.01172160,3.65430600,3.31374500,1.78998600,1.10695900,0.60659280,1.10073200,0.79963290,0.71936430,3.29761600,3.30219400,0.79736190,5.05984000,5.06117900,0.00341880, 2, 255, 7, 24,0x50000,No,No,No,No,No,Yes,No,Yes
2026-04-13 10:56:24,0.0,2400,910,,910,960,44,,200,,,648,,62.0,0.8679,0.6000,0.6000,1.1000,0.00000000,0.05562801,0.13077460,0.00878337,0.00000000,0.20982490,0.33571990,1.52703000,0.00018315,0.00042735,0.00482295,0.01135530,3.64873800,3.30817700,1.78852100,1.10732500,0.60622650,1.10329600,0.80109810,0.86925430,3.29944700,3.30127900,0.79677580,5.06386000,5.02499900,0.00341880, 2, 255, 7, 24,0x50000,No,No,No,No,No,Yes,No,Yes
2026-04-13 10:56:26,0.2,2400,910,,910,960,44,,200,,,648,,63.1,0.8679,0.6000,0.6000,1.1000,0.00000000,0.05953173,0.13175060,0.00585558,0.00000000,0.21080090,0.33474400,1.54489000,0.00018315,0.00042735,0.00586080,0.01172160,3.61069200,3.30817700,1.78754400,1.10695900,0.60732540,1.09999900,0.80183080,0.86898570,3.29853100,3.30311000,0.79677580,5.04778000,5.03036000,0.00341880, 2, 255, 7, 24,0x50000,No,No,No,No,No,Yes,No,Yes
2026-04-13 10:56:29,1.8,1500,500,,500,500,44,,200,,,648,,60.9,0.7200,0.6000,0.6000,1.1000,0.00000000,0.06050766,0.12491900,0.00487965,0.00000000,0.21958430,0.34938290,0.96444000,0.00018315,0.00042735,0.00598290,0.01111110,3.65059400,3.31281700,1.78754400,1.10695900,0.60476130,1.10402800,0.80036550,0.71963300,3.29944700,3.30311000,0.79677580,5.04644000,5.06386000,0.00341880, 2, 255, 7, 24,0x50000,No,No,No,No,No,Yes,No,Yes
2026-04-13 10:56:31,0.0,1500,500,,500,500,44,,200,,,648,,60.9,0.7200,0.6000,0.6000,1.1000,0.00000000,0.06245952,0.12394310,0.00487965,0.00000000,0.20884900,0.33474400,0.96444000,0.00018315,0.00042735,0.00506715,0.01147740,3.79999600,3.31560100,1.81733600,1.10732500,0.60659280,1.10402800,0.80036550,0.71963300,3.30219400,3.30127900,0.79765500,5.06788000,5.04644000,0.00341880, 2, 255, 7, 24,0x50000,No,No,No,No,No,Yes,No,Yes
2026-04-13 10:56:33,0.0,1500,500,,500,500,44,,200,,,648,,60.9,0.7200,0.6000,0.6000,1.1000,0.00000000,0.06148359,0.12394310,0.00487965,0.00000000,0.20689720,0.33571990,0.94657990,0.00006105,0.00018315,0.00506715,0.01135530,3.66265800,3.31096100,1.81684800,1.11355200,0.60586020,1.10219700,0.80109810,0.71963300,3.29944700,3.30311000,0.79677580,5.06520000,5.05850000,0.00341880, 2, 255, 7, 24,0x50000,No,No,No,No,No,Yes,No,Yes
2026-04-13 10:56:35,0.0,1500,500,,500,500,44,,200,,,648,,61.5,0.7200,0.6000,0.6000,1.1000,0.00000000,0.05562801,0.12296720,0.00390372,0.00000000,0.24203070,0.33474400,0.96444000,0.00018315,0.00042735,0.00525030,0.01172160,3.66265800,3.30817700,1.79926600,1.11062200,0.60659280,1.10073200,0.80146440,0.71990160,3.29944700,3.30219400,0.79677580,5.06386000,5.08530000,0.00341880, 2, 255, 7, 24,0x50000,No,No,No,No,No,Yes,No,Yes
2026-04-13 10:56:37,0.0,2400,910,,910,960,44,,200,,,648,,62.6,0.8679,0.6000,0.6000,1.1000,0.00000000,0.06050766,0.12784680,0.00780744,0.00000000,0.21958430,0.33181620,1.52703000,0.00024420,0.00042735,0.00586080,0.01123320,3.65337800,3.30260900,1.78754400,1.10146400,0.60586020,1.10146400,0.79963290,0.86898570,3.30036300,3.30219400,0.79765500,5.03170000,5.01160000,0.00341880, 2, 255, 7, 24,0x50000,No,No,No,No,No,Yes,No,Yes
2026-04-13 10:56:39,0.0,2400,910,,910,960,44,,200,,,648,,62.6,0.8679,0.6000,0.6000,1.1000,0.00000000,0.06245952,0.13077460,0.00390372,0.00000000,0.24398250,0.33864770,1.51810000,0.00024420,0.00042735,0.00610500,0.01135530,3.64038700,3.31188900,1.78754400,1.10695900,0.60659280,1.10219700,0.80146440,0.86844850,3.29578400,3.30219400,0.79706880,5.01562000,5.04242000,0.00341880, 2, 255, 7, 24,0x50000,No,No,No,No,No,Yes,No,Yes
2026-04-13 10:56:41,0.0,1500,500,,500,500,44,,200,,,648,,62.0,0.7200,0.6000,0.6000,1.1000,0.00000000,0.06148359,0.12687090,0.00683151,0.00000000,0.20787310,0.33864770,0.96444000,0.00006105,0.00042735,0.00482295,0.01147740,3.65987400,3.30632200,1.81684800,1.11208700,0.60549390,1.09999900,0.80073180,0.71936430,3.29944700,3.30311000,0.79736190,5.05448000,5.06252000,0.00341880, 2, 255, 7, 24,0x50000,No,No,No,No,No,Yes,No,Yes
2026-04-13 10:56:44,0.2,1500,500,,500,500,44,,200,,,648,,60.9,0.7200,0.6000,0.6000,1.1000,0.00000000,0.05953173,0.12687090,0.00390372,0.00000000,0.20787310,0.33767180,0.97336990,0.00006105,0.00018315,0.00512820,0.01172160,3.65894600,3.30075400,1.78754400,1.11208700,0.60659280,1.10073200,0.80109810,0.71963300,3.29944700,3.30127900,0.79677580,5.03706000,5.06117900,0.00341880, 2, 255, 7, 24,0x50000,No,No,No,No,No,Yes,No,Yes
2026-04-13 10:56:46,0.0,2400,910,,910,960,44,,200,,,648,,62.6,0.8679,0.6000,0.6000,1.1000,0.00000000,0.05953173,0.12979870,0.00585558,0.00000000,0.20787310,0.33767180,1.52703000,0.00012210,0.00036630,0.00482295,0.01147740,3.64409900,3.30910500,1.78754400,1.10146400,0.60622650,1.10329600,0.80146440,0.86844850,3.29853100,3.30219400,0.79765500,5.02768000,5.03706000,0.00341880, 2, 255, 7, 24,0x50000,No,No,No,No,No,Yes,No,Yes
2026-04-13 10:56:48,1.0,2400,910,,910,960,44,,200,,,648,,62.6,0.8679,0.6000,0.6000,1.1000,0.00000000,0.09856894,0.16005250,0.00390372,0.00000000,0.20982490,0.33279210,1.51810000,0.00018315,0.00018315,0.00586080,0.01111110,3.63574700,3.31188900,1.81733600,1.10805800,0.60695910,1.10402800,0.80146440,0.86925430,3.29944700,3.30219400,0.79824100,5.01160000,5.03170000,0.00256410, 2, 255, 7, 24,0x50000,No,No,No,No,No,Yes,No,Yes
2026-04-13 10:56:50,0.0,1500,500,,500,500,44,,200,,,648,,62.0,0.7200,0.6000,0.6000,1.1000,0.00000000,0.06050766,0.12589500,0.00292779,0.00000000,0.21860830,0.33571990,0.96444000,0.00006105,0.00042735,0.00586080,0.01135530,3.79999600,3.31096100,1.81733600,1.10769100,0.60659280,1.10219700,0.80146440,0.71936430,3.30036300,3.30219400,0.79765500,5.05046000,5.06922000,0.00341880, 2, 255, 7, 24,0x50000,No,No,No,No,No,Yes,No,Yes
2026-04-13 10:56:52,0.0,2400,910,,910,960,44,,200,,,648,,62.6,0.8679,0.6000,0.6000,1.1000,0.00000000,0.05953173,0.12784680,0.00487965,0.00000000,0.20884900,0.33474400,1.53596000,0.00006105,0.00018315,0.00586080,0.01123320,3.65523400,3.31096100,1.81684800,1.11355200,0.60695910,1.10073200,0.80146440,0.86925430,3.29853100,3.30402600,0.79765500,5.02902000,5.02098000,0.00341880, 2, 255, 7, 24,0x50000,No,No,No,No,No,Yes,No,Yes
2026-04-13 10:56:54,0.0,2400,910,,910,960,44,,200,,,648,,63.1,0.8679,0.6000,0.6000,1.1000,0.00000000,0.06148359,0.12784680,0.00390372,0.00000000,0.20787310,0.33767180,1.53596000,0.00024420,0.00036630,0.00543345,0.01123320,3.65245000,3.31096100,1.78754400,1.10805800,0.60769170,1.10219700,0.80109810,0.86871700,3.29853100,3.30402600,0.79677580,5.01964000,5.04242000,0.00341880, 2, 255, 7, 24,0x50000,No,No,No,No,No,Yes,No,Yes
2026-04-13 10:56:56,2.5,1800,636,,636,653,44,,200,,,648,,63.1,0.7717,0.6000,0.6000,1.1000,0.00000000,0.05367615,0.12589500,0.00585558,0.00000000,0.21080090,0.33571990,1.10732000,0.00018315,0.00042735,0.00598290,0.01135530,3.65616200,3.30817700,1.82124300,1.10439400,0.60622650,1.10292900,0.80073180,0.77416290,3.29944700,3.30127900,0.79677580,5.04242000,5.04108000,0.00341880, 2, 255, 7, 24,0x50000,No,No,No,No,No,Yes,No,Yes
2026-04-13 10:56:58,1.7,2400,910,,910,960,44,,200,,,648,,62.6,0.8679,0.6000,0.6000,1.1000,0.00000000,0.06148359,0.12979870,0.00585558,0.00000000,0.20884900,0.33864770,1.52703000,0.00018315,0.00042735,0.00531135,0.01147740,3.64688300,3.30168200,1.78754400,1.10879000,0.60549390,1.10183000,0.80036550,0.87032880,3.29853100,3.30311000,0.79677580,5.01026000,5.04108000,0.00341880, 2, 255, 7, 24,0x50000,No,No,No,No,No,Yes,No,Yes
2026-04-13 10:57:01,0.0,2400,910,,910,960,44,,200,,,648,,62.6,0.8679,0.6000,0.6000,1.1000,0.00000000,0.06148359,0.12979870,0.00683151,0.00000000,0.20982490,0.33962360,1.52703000,0.00006105,0.00042735,0.00586080,0.01123320,3.64131500,3.31374500,1.79828900,1.10292900,0.60622650,1.10402800,0.80219700,0.86844850,3.29944700,3.30127900,0.79677580,5.01562000,5.05850000,0.00341880, 2, 255, 7, 24,0x50000,No,No,No,No,No,Yes,No,Yes
2026-04-13 10:57:03,0.0,2400,910,,910,960,44,,200,,,648,,62.0,0.8679,0.6000,0.6000,1.1000,0.00000000,0.06148359,0.12882280,0.00390372,0.00000000,0.20787310,0.33279210,1.53596000,0.00012210,0.00048840,0.00543345,0.01208790,3.65523400,3.30817700,1.78754400,1.10732500,0.60549390,1.10256300,0.80146440,0.86898570,3.30219400,3.30311000,0.79736190,5.03706000,5.02902000,0.00341880, 2, 255, 7, 24,0x50000,No,No,No,No,No,Yes,No,Yes
2026-04-13 10:57:05,0.0,2400,910,,910,960,44,,200,,,648,,63.1,0.8679,0.6000,0.6000,1.1000,0.00000000,0.06050766,0.13077460,0.00292779,0.00000000,0.20884900,0.33571990,1.53596000,0.00012210,0.00042735,0.00476190,0.01135530,3.65430600,3.31003300,1.78754400,1.10769100,0.60659280,1.10329600,0.80073180,0.86925430,3.29944700,3.30311000,0.79677580,5.02902000,5.02768000,0.00341880, 2, 255, 7, 24,0x50000,No,No,No,No,No,Yes,No,Yes
2026-04-13 10:57:07,1.2,2400,910,,910,960,44,,200,,,648,,63.1,0.8679,0.6000,0.6000,1.1000,0.00000000,0.05953173,0.12882280,0.00390372,0.00000000,0.20982490,0.33767180,1.53596000,0.00012210,0.00042735,0.00586080,0.01172160,3.63853100,3.31003300,1.81684800,1.10769100,0.60549390,1.10073200,0.79963290,0.86898570,3.30036300,3.30127900,0.79706880,5.01294000,5.04108000,0.00341880, 2, 255, 7, 24,0x50000,No,No,No,No,No,Yes,No,Yes
2026-04-13 10:57:09,0.0,1500,500,,500,500,44,,200,,,648,,63.1,0.7200,0.6000,0.6000,1.1000,0.00000000,0.06245952,0.12589500,0.00487965,0.00000000,0.20787310,0.33571990,0.96444000,0.00006105,0.00054945,0.00598290,0.01135530,3.65152200,3.31096100,1.78852100,1.10439400,0.60732540,1.10073200,0.80036550,0.71963300,3.29853100,3.30494200,0.79677580,5.06922000,5.05850000,0.00341880, 2, 255, 7, 24,0x50000,No,No,No,No,No,Yes,No,Yes
2026-04-13 10:57:11,0.2,1500,500,,500,500,44,,200,,,648,,62.6,0.7200,0.6000,0.6000,1.1000,0.00000000,0.06245952,0.12394310,0.00195186,0.00000000,0.21275270,0.33767180,0.96444000,0.00006105,0.00018315,0.00482295,0.01111110,3.65894600,3.30632200,1.81684800,1.11062200,0.60732540,1.10256300,0.79963290,0.71909580,3.29944700,3.30127900,0.79736190,5.05984000,5.04242000,0.00341880, 2, 255, 7, 24,0x50000,No,No,No,No,No,Yes,No,Yes
2026-04-13 10:57:13,1.0,1500,500,,500,500,44,,200,,,648,,62.0,0.7200,0.6000,0.6000,1.1000,0.00000000,0.05953173,0.12394310,0.00487965,0.00000000,0.21177680,0.33474400,0.94657990,0.00018315,0.00042735,0.00543345,0.01172160,3.65430600,3.30817700,1.78754400,1.10439400,0.60879060,1.10329600,0.79963290,0.71909580,3.29944700,3.30311000,0.79706880,5.03840000,5.07324000,0.00341880, 2, 255, 7, 24,0x50000,No,No,No,No,No,Yes,No,Yes
2026-04-13 10:57:16,0.0,1500,500,,500,500,44,,200,,,648,,62.6,0.7200,0.6000,0.6000,1.1000,0.00000000,0.09759300,0.15322100,0.00585558,0.00000000,0.20982490,0.33962360,0.95551000,0.00018315,0.00042735,0.00537240,0.01123320,3.64873800,3.31188900,1.82124300,1.10146400,0.60732540,1.10402800,0.80036550,0.71936430,3.30036300,3.30219400,0.79765500,5.03304000,5.07860000,0.00341880, 2, 255, 7, 24,0x50000,No,No,No,No,No,Yes,No,Yes
2026-04-13 10:57:18,0.0,1500,500,,500,500,44,,200,,,648,,60.9,0.7200,0.6000,0.6000,1.1000,0.00000000,0.06050766,0.12491900,0.00195186,0.00000000,0.20982490,0.33962360,0.94657990,0.00018315,0.00018315,0.00506715,0.01111110,3.66729800,3.31003300,1.78852100,1.10695900,0.60732540,1.10256300,0.79963290,0.71990160,3.30036300,3.30311000,0.79677580,5.04778000,5.06386000,0.00341880, 2, 255, 7, 24,0x50000,No,No,No,No,No,Yes,No,Yes
2026-04-13 10:57:20,0.0,1500,500,,500,500,44,,200,,,648,,60.9,0.7200,0.6000,0.6000,1.1000,0.00000000,0.06245952,0.12394310,0.00390372,0.00000000,0.20592120,0.35719040,0.95551000,0.00018315,0.00018315,0.00537240,0.01196580,3.65894600,3.31096100,1.81733600,1.10732500,0.60586020,1.10329600,0.80036550,0.71963300,3.29944700,3.30219400,0.79765500,5.07860000,5.02768000,0.00341880, 2, 255, 7, 24,0x50000,No,No,No,No,No,Yes,No,Yes
2026-04-13 10:57:22,0.0,1500,500,,500,500,44,,200,,,648,,60.9,0.7200,0.6000,0.6000,1.1000,0.00000000,0.08295405,0.12101530,0.00097593,0.00000000,0.20884900,0.33571990,0.94657990,0.00006105,0.00042735,0.00476190,0.01135530,3.65523400,3.30817700,1.78852100,1.10292900,0.60586020,1.10219700,0.80109810,0.71990160,3.29944700,3.30127900,0.79677580,5.04912000,5.05984000,0.00341880, 2, 255, 7, 24,0x50000,No,No,No,No,No,Yes,No,Yes
2026-04-13 10:57:24,0.5,2400,910,,910,960,44,,200,,,648,,62.0,0.8679,0.6000,0.6000,1.1000,0.00000000,0.06831510,0.12882280,0.00585558,0.00000000,0.21080090,0.33767180,1.53596000,0.00012210,0.00036630,0.00586080,0.01123320,3.64409900,3.30817700,1.81684800,1.10769100,0.60622650,1.10329600,0.80109810,0.86844850,3.30402600,3.30219400,0.79677580,5.03840000,5.02768000,0.00341880, 2, 255, 7, 24,0x50000,No,No,No,No,No,Yes,No,Yes
2026-04-13 10:57:26,1.0,2400,910,,910,960,44,,200,,,648,,62.6,0.8679,0.6000,0.6000,1.1000,0.00000000,0.08588185,0.12687090,0.02049453,0.00000000,0.20982490,0.33474400,1.52703000,0.00012210,0.00061050,0.00586080,0.01135530,3.64781100,3.30817700,1.78852100,1.11355200,0.60622650,1.09999900,0.80036550,0.86898570,3.30036300,3.30219400,0.79677580,5.06117900,5.00624000,0.00341880, 2, 255, 7, 24,0x50000,No,No,No,No,No,Yes,No,Yes
2026-04-13 10:57:28,0.0,1500,500,,500,500,44,,200,,,648,,61.5,0.7200,0.6000,0.6000,1.1000,0.00000000,0.06148359,0.12199130,0.00683151,0.00000000,0.20982490,0.33571990,0.97336990,0.00006105,0.00042735,0.00506715,0.01147740,3.66544200,3.31838500,1.79389300,1.10695900,0.60366240,1.10329600,0.80073180,0.71990160,3.29853100,3.30219400,0.79765500,5.06654000,5.03974000,0.00341880, 2, 255, 7, 24,0x50000,No,No,No,No,No,Yes,No,Yes
2026-04-13 10:57:30,0.0,2400,910,,910,960,44,,200,,,648,,62.6,0.8679,0.6000,0.6000,1.1000,0.00000000,0.05953173,0.13077460,0.00292779,0.00000000,0.20982490,0.33864770,1.51810000,0.00006105,0.00042735,0.00586080,0.01123320,3.64502700,3.31652900,1.79828900,1.10219700,0.60402870,1.10402800,0.80036550,0.86898570,3.30036300,3.30127900,0.79677580,5.03840000,5.04644000,0.00341880, 2, 255, 7, 24,0x50000,No,No,No,No,No,Yes,No,Yes
2026-04-13 10:57:33,1.0,2400,910,,910,960,44,,200,,,648,,63.1,0.8679,0.6000,0.6000,1.1000,0.00000000,0.06148359,0.12882280,0.00780744,0.00000000,0.20982490,0.33767180,1.52703000,0.00018315,0.00048840,0.00506715,0.01147740,3.64502700,3.31281700,1.78852100,1.10512700,0.60549390,1.10402800,0.80073180,0.86925430,3.30036300,3.30402600,0.79706880,5.05850000,5.02098000,0.00341880, 2, 255, 7, 24,0x50000,No,No,No,No,No,Yes,No,Yes
2026-04-13 10:57:35,0.0,1500,500,,500,500,44,,200,,,648,,61.5,0.7200,0.6000,0.6000,1.1000,0.00000000,0.05953173,0.12491900,0.00195186,0.00000000,0.20982490,0.33474400,0.95551000,0.00018315,0.00042735,0.00543345,0.01172160,3.65245000,3.31281700,1.82124300,1.10769100,0.60695910,1.10329600,0.80036550,0.71990160,3.29853100,3.30219400,0.79677580,5.05046000,5.05984000,0.00341880, 2, 255, 7, 24,0x50000,No,No,No,No,No,Yes,No,Yes
2026-04-13 10:57:37,0.0,1500,500,,500,500,44,,200,,,648,,62.0,0.7200,0.6000,0.6000,1.1000,0.00000000,0.06636324,0.12296720,0.00683151,0.00000000,0.20982490,0.33474400,0.96444000,0.00006105,0.00018315,0.00506715,0.01172160,3.65894600,3.30817700,1.81684800,1.10036500,0.60732540,1.10292900,0.79963290,0.71963300,3.30036300,3.30311000,0.79765500,5.07592000,5.04644000,0.00341880, 2, 255, 7, 24,0x50000,No,No,No,No,No,Yes,No,Yes
2026-04-13 10:57:39,0.2,1500,500,,500,500,44,,200,,,648,,61.5,0.7200,0.6000,0.6000,1.1000,0.00000000,0.05953173,0.12394310,0.00292779,0.00000000,0.21080090,0.33864770,0.96444000,0.00018315,0.00042735,0.00482295,0.01147740,3.65894600,3.31838500,1.81733600,1.10219700,0.60879060,1.10073200,0.80183080,0.71963300,3.29853100,3.30311000,0.79677580,4.94996000,5.03706000,0.00341880, 2, 255, 7, 24,0x50000,No,No,No,No,No,Yes,No,Yes
2026-04-13 10:57:41,1.8,2400,910,,910,960,44,,200,,,648,,62.0,0.8679,0.6000,0.6000,1.1000,0.00000000,0.05660394,0.12784680,0.00683151,0.00000000,0.21080090,0.33474400,1.51810000,0.00024420,0.00042735,0.00506715,0.01123320,3.65152200,3.31467300,1.78852100,1.10915600,0.60402870,1.10109800,0.79999920,0.86898570,3.30036300,3.30127900,0.79706880,5.02768000,5.03170000,0.00341880, 2, 255, 7, 24,0x50000,No,No,No,No,No,Yes,No,Yes
2026-04-13 10:57:43,0.0,2400,910,,910,960,44,,200,,,648,,62.6,0.8679,0.6000,0.6000,1.1000,0.00000000,0.05953173,0.13077460,0.00390372,0.00000000,0.20884900,0.33474400,1.51810000,0.00012210,0.00036630,0.00543345,0.01123320,3.65245000,3.30724900,1.82124300,1.10219700,0.60512760,1.10109800,0.80109810,0.86898570,3.30036300,3.30402600,0.79677580,5.01428000,5.04912000,0.00341880, 2, 255, 7, 24,0x50000,No,No,No,No,No,Yes,No,Yes
2026-04-13 10:57:45,1.0,2400,910,,910,960,44,,200,,,648,,63.1,0.7200,0.6000,0.6000,1.1000,0.00000000,0.06148359,0.12394310,0.00585558,0.00000000,0.20787310,0.33962360,0.97336990,0.00018315,0.00018315,0.00518925,0.01147740,3.65245000,3.30910500,1.81684800,1.10439400,0.60732540,1.10146400,0.80183080,0.71990160,3.29944700,3.30219400,0.79765500,5.02232000,5.04778000,0.00341880, 2, 255, 7, 24,0x50000,No,No,No,No,No,Yes,No,Yes
2026-04-13 10:57:48,0.0,1500,500,,500,500,44,,200,,,648,,62.0,0.7200,0.6000,0.6000,1.1000,0.00000000,0.06831510,0.12687090,0.00390372,0.00000000,0.20884900,0.33474400,0.96444000,0.00018315,0.00042735,0.00543345,0.01172160,3.65337800,3.31931300,1.82124300,1.10366200,0.60586020,1.10146400,0.80073180,0.71936430,3.30219400,3.30311000,0.79706880,5.03304000,5.04778000,0.00341880, 2, 255, 7, 24,0x50000,No,No,No,No,No,Yes,No,Yes
2026-04-13 10:57:50,0.0,1500,500,,500,500,44,,200,,,648,,61.5,0.7200,0.6000,0.6000,1.1000,0.00000000,0.06148359,0.12296720,0.00390372,0.00000000,0.20884900,0.33669580,0.96444000,0.00018315,0.00018315,0.00506715,0.01098900,3.65894600,3.31281700,1.81684800,1.10622600,0.60732540,1.09999900,0.80073180,0.71963300,3.29853100,3.30311000,0.79736190,5.07860000,5.06788000,0.00341880, 2, 255, 7, 24,0x50000,No,No,No,No,No,Yes,No,Yes
2026-04-13 10:57:52,1.5,1500,500,,500,500,44,,200,,,648,,60.9,0.7200,0.6000,0.6000,1.1000,0.00000000,0.06148359,0.12394310,0.00683151,0.00000000,0.20884900,0.33571990,0.96444000,0.00018315,0.00042735,0.00482295,0.01135530,3.61904400,3.31188900,1.82124300,1.10805800,0.60732540,1.10402800,0.80073180,0.71963300,3.30036300,3.30219400,0.79736190,5.05716000,5.05180000,0.00341880, 2, 255, 7, 24,0x50000,No,No,No,No,No,Yes,No,Yes
2026-04-13 10:57:54,0.0,1500,500,,500,500,44,,200,,,648,,61.5,0.7200,0.6000,0.6000,1.1000,0.06050766,0.05953173,0.12394310,0.00585558,0.00000000,0.21275270,0.33571990,0.95551000,0.00018315,0.00042735,0.00537240,0.01172160,3.65245000,3.31560100,1.82124300,1.10586000,0.60549390,1.10329600,0.79816780,0.71936430,3.29944700,3.30311000,0.79765500,5.05448000,5.02499900,0.00341880, 2, 255, 7, 24,0x50000,No,No,No,No,No,Yes,No,Yes
2026-04-13 10:57:56,0.0,1500,500,,500,500,44,,200,,,648,,60.9,0.7200,0.6000,0.6000,1.1000,0.05172429,0.06148359,0.12394310,0.00292779,0.00000000,0.20982490,0.33474400,0.95551000,0.00006105,0.00042735,0.00482295,0.01172160,3.66265800,3.30817700,1.81684800,1.11208700,0.60805800,1.10292900,0.79963290,0.71936430,3.29853100,3.30127900,0.79736190,5.05984000,5.02902000,0.00341880, 2, 255, 7, 24,0x50000,No,No,No,No,No,Yes,No,Yes
2026-04-13 10:57:58,0.0,1500,500,,500,500,44,,200,,,648,,60.4,0.7200,0.6000,0.6000,1.1000,0.06245952,0.05953173,0.12589500,0.00097593,0.00000000,0.20689720,0.33669580,0.93765000,0.00018315,0.00042735,0.00525030,0.01111110,3.64873800,3.31467300,1.82124300,1.11355200,0.60732540,1.10073200,0.80073180,0.71963300,3.29944700,3.29944700,0.79677580,5.04376000,5.05180000,0.00341880, 2, 255, 7, 24,0x50000,No,No,No,No,No,Yes,No,Yes
2026-04-13 10:58:00,0.0,1500,500,,500,500,44,,200,,,648,,60.9,0.7200,0.6000,0.6000,1.1000,0.00000000,0.06343545,0.12394310,0.00390372,0.00000000,0.20884900,0.33669580,0.95551000,0.00018315,0.00042735,0.00543345,0.01135530,3.65616200,3.32024100,1.82124300,1.10439400,0.60659280,1.10329600,0.80073180,0.71909580,3.30219400,3.30219400,0.79765500,5.07994000,5.07592000,0.00341880, 2, 255, 7, 24,0x50000,No,No,No,No,No,Yes,No,Yes
2026-04-13 10:58:02,1.0,2400,910,,910,960,44,,200,,,648,,60.9,0.8679,0.6000,0.6000,1.1000,0.00000000,0.06148359,0.12979870,0.00390372,0.00000000,0.20787310,0.33181620,1.50917000,0.00018315,0.00048840,0.00476190,0.01172160,3.65523400,3.30817700,1.79926600,1.10805800,0.60476130,1.10219700,0.79999920,0.86898570,3.29944700,3.30311000,0.79677580,5.01696000,5.03572000,0.00341880, 2, 255, 7, 24,0x50000,No,No,No,No,No,Yes,No,Yes
2026-04-13 10:58:05,4.0,2400,910,,910,960,44,,200,,,648,,62.0,0.8679,0.6000,0.6000,1.1000,0.00000000,0.05562801,0.13077460,0.00487965,0.00000000,0.23617510,0.33571990,1.50917000,0.00012210,0.00042735,0.00543345,0.01111110,3.65337800,3.30817700,1.78754400,1.11355200,0.60549390,1.10219700,0.80036550,0.86844850,3.29761600,3.30036300,0.79765500,5.03170000,5.04242000,0.00256410, 2, 255, 7, 24,0x50000,No,No,No,No,No,Yes,No,Yes
2026-04-13 10:58:07,0.0,1500,500,,500,500,44,,200,,,648,,61.5,0.7200,0.6000,0.6000,1.1000,0.00000000,0.06148359,0.12687090,0.00487965,0.00000000,0.20884900,0.33864770,0.95551000,0.00018315,0.00042735,0.00537240,0.01135530,3.66451400,3.31374500,1.82124300,1.10695900,0.60622650,1.10402800,0.80292960,0.71990160,3.29853100,3.30311000,0.79677580,5.06788000,5.06252000,0.00341880, 2, 255, 7, 24,0x50000,No,No,No,No,No,Yes,No,Yes
2026-04-13 10:58:09,0.0,1500,500,,500,500,44,,200,,,648,,62.0,0.7200,0.6000,0.6000,1.1000,0.00000000,0.05953173,0.12589500,0.00585558,0.00000000,0.20787310,0.33474400,0.95551000,0.00006105,0.00042735,0.00598290,0.01135530,3.65801800,3.31467300,1.81684800,1.10439400,0.60622650,1.10146400,0.80146440,0.71963300,3.29944700,3.30127900,0.79677580,5.06520000,5.04644000,0.00341880, 2, 255, 7, 24,0x50000,No,No,No,No,No,Yes,No,Yes
2026-04-13 10:58:11,0.0,1500,500,,500,500,44,,200,,,648,,60.9,0.7200,0.6000,0.6000,1.1000,0.00000000,0.06733918,0.12589500,0.00292779,0.00000000,0.20689720,0.33962360,0.95551000,0.00006105,0.00042735,0.00537240,0.01147740,3.66915400,3.31188900,1.81733600,1.10292900,0.60659280,1.10073200,0.80109810,0.71936430,3.29853100,3.30127900,0.79765500,5.06654000,5.05314000,0.00341880, 2, 255, 7, 24,0x50000,No,No,No,No,No,Yes,No,Yes
2026-04-13 10:58:13,1.3,2400,910,,910,960,44,,200,,,648,,62.6,0.8679,0.6000,0.6000,1.1000,0.00000000,0.06929103,0.12882280,0.00390372,0.00000000,0.20982490,0.33571990,1.51810000,0.00006105,0.00018315,0.00537240,0.01159950,3.65245000,3.31281700,1.81684800,1.10805800,0.60512760,1.10329600,0.80146440,0.86925430,3.30036300,3.30219400,0.79677580,5.03706000,4.95398000,0.00341880, 2, 255, 7, 24,0x50000,No,No,No,No,No,Yes,No,Yes
2026-04-13 10:58:15,0.0,2400,910,,910,960,44,,200,,,648,,62.6,0.8679,0.6000,0.6000,1.1000,0.00000000,0.06148359,0.13175060,0.00487965,0.00000000,0.21177680,0.33669580,1.51810000,0.00006105,0.00042735,0.00506715,0.01123320,3.64317100,3.30260900,1.79096300,1.10695900,0.60512760,1.09999900,0.80036550,0.86871700,3.30402600,3.30219400,0.79677580,5.03840000,5.02232000,0.00341880, 2, 255, 7, 24,0x50000,No,No,No,No,No,Yes,No,Yes
2026-04-13 10:58:17,0.3,1500,500,,500,500,44,,200,,,648,,60.9,0.7200,0.6000,0.6000,1.1000,0.00000000,0.06148359,0.12394310,0.00390372,0.00000000,0.22056020,0.33767180,0.96444000,0.00018315,0.00042735,0.00525030,0.01172160,3.65616200,3.30539300,1.82124300,1.10292900,0.60732540,1.10292900,0.79963290,0.71990160,3.30219400,3.30311000,0.79765500,5.04108000,5.06788000,0.00341880, 2, 255, 7, 24,0x50000,No,No,No,No,No,Yes,No,Yes
2026-04-13 10:58:20,0.0,1500,500,,500,500,44,,200,,,648,,59.8,0.7200,0.6000,0.6000,1.1000,0.00000000,0.05953173,0.12491900,0.00585558,0.00000000,0.21080090,0.33767180,0.97336990,0.00006105,0.00018315,0.00476190,0.01196580,3.65894600,3.31560100,1.81733600,1.10695900,0.60586020,1.09999900,0.80036550,0.71990160,3.30036300,3.30219400,0.79765500,5.09736000,5.03840000,0.00341880, 2, 255, 7, 24,0x50000,No,No,No,No,No,Yes,No,Yes
2026-04-13 10:58:22,0.0,1500,500,,500,500,44,,200,,,648,,60.4,0.7200,0.6000,0.6000,1.1000,0.00000000,0.06245952,0.12784680,0.00585558,0.00000000,0.20884900,0.33571990,0.95551000,0.00006105,0.00018315,0.00543345,0.01123320,3.58749300,3.31281700,1.79389300,1.11062200,0.59963310,1.09999900,0.79963290,0.71990160,3.30036300,3.30311000,0.79765500,5.04376000,5.01562000,0.00341880, 2, 255, 7, 24,0x50000,No,No,No,No,No,Yes,No,Yes
2026-04-13 10:58:24,0.0,2400,910,,910,960,44,,200,,,648,,62.0,0.8679,0.6000,0.6000,1.1000,0.00000000,0.06245952,0.12979870,0.00683151,0.00000000,0.20884900,0.33864770,1.51810000,0.00036630,0.00036630,0.00537240,0.01123320,3.64873800,3.30632200,1.81733600,1.10292900,0.60622650,1.10292900,0.80146440,0.86925430,3.30036300,3.30311000,0.79677580,5.01562000,5.03974000,0.00256410, 2, 255, 7, 24,0x50000,No,No,No,No,No,Yes,No,Yes
2026-04-13 10:58:26,0.0,2400,910,,910,960,44,,200,,,648,,62.0,0.8679,0.6000,0.6000,1.1000,0.00000000,0.06441138,0.12882280,0.00097593,0.00000000,0.20982490,0.33767180,1.50917000,0.00018315,0.00042735,0.00476190,0.01135530,3.64409900,3.31188900,1.81684800,1.10695900,0.60659280,1.10146400,0.80292960,0.86898570,3.29944700,3.30311000,0.79736190,5.04912000,5.04242000,0.00256410, 2, 255, 7, 24,0x50000,No,No,No,No,No,Yes,No,Yes
2026-04-13 10:58:28,0.0,1500,500,,500,500,44,,200,,,648,,61.5,0.7200,0.6000,0.6000,1.1000,0.00000000,0.07319475,0.12394310,0.00487965,0.00000000,0.20884900,0.33669580,0.95551000,0.00006105,0.00042735,0.00586080,0.01123320,3.65616200,3.31188900,1.79096300,1.11062200,0.60622650,1.10219700,0.80329590,0.72017020,3.29944700,3.30402600,0.79677580,5.03170000,5.05850000,0.00341880, 2, 255, 7, 24,0x50000,No,No,No,No,No,Yes,No,Yes
2026-04-13 10:58:30,0.0,1500,500,,500,500,44,,200,,,648,,59.8,0.7200,0.6000,0.6000,1.1000,0.00000000,0.09271335,0.15419700,0.00292779,0.00000000,0.21275270,0.33571990,0.94657990,0.00018315,0.00042735,0.00525030,0.01123320,3.65245000,3.30353800,1.81684800,1.10695900,0.60732540,1.10256300,0.80292960,0.71963300,3.30219400,3.30311000,0.79706880,5.03572000,5.04644000,0.00341880, 2, 255, 7, 24,0x50000,No,No,No,No,No,Yes,No,Yes
2026-04-13 10:58:32,1.7,2400,910,,910,960,44,,200,,,648,,61.5,0.8679,0.6000,0.6000,1.1000,0.00000000,0.05855580,0.12979870,0.00487965,0.00000000,0.20884900,0.33474400,1.50917000,0.00006105,0.00042735,0.00506715,0.01147740,3.65894600,3.31652900,1.81684800,1.11062200,0.60366240,1.10073200,0.80292960,0.86952300,3.29853100,3.30127900,0.79677580,5.02634000,5.03840000,0.00341880, 2, 255, 7, 24,0x50000,No,No,No,No,No,Yes,No,Yes
2026-04-13 10:58:34,0.0,2400,910,,910,960,44,,200,,,648,,62.6,0.8679,0.6000,0.6000,1.1000,0.00000000,0.06245952,0.13077460,0.00585558,0.00000000,0.20982490,0.33571990,1.51810000,0.00036630,0.00036630,0.00586080,0.01135530,3.65245000,3.30446500,1.81684800,1.10439400,0.60732540,1.10183000,0.79963290,0.86898570,3.29853100,3.30311000,0.79677580,5.01830000,5.04778000,0.00341880, 2, 255, 7, 24,0x50000,No,No,No,No,No,Yes,No,Yes
2026-04-13 10:58:37,0.0,2400,910,,910,960,44,,200,,,648,,62.0,0.8679,0.6000,0.6000,1.1000,0.00000000,0.06245952,0.13077460,0.00195186,0.00000000,0.20982490,0.33669580,1.51810000,0.00018315,0.00042735,0.00543345,0.01159950,3.65152200,3.31931300,1.79389300,1.10292900,0.60695910,1.10219700,0.80036550,0.86925430,3.29761600,3.30036300,0.79677580,5.03170000,5.04108000,0.00341880, 2, 255, 7, 24,0x50000,No,No,No,No,No,Yes,No,Yes
2026-04-13 10:58:39,0.2,1500,500,,500,500,44,,200,,,648,,59.8,0.7200,0.6000,0.6000,1.1000,0.00000000,0.06148359,0.12199130,0.00585558,0.00000000,0.20982490,0.33767180,0.95551000,0.00006105,0.00042735,0.00543345,0.01172160,3.65894600,3.31003300,1.81684800,1.11355200,0.60586020,1.09999900,0.79963290,0.71936430,3.29944700,3.30311000,0.79765500,5.05716000,5.04912000,0.00341880, 2, 255, 7, 24,0x50000,No,No,No,No,No,Yes,No,Yes
2026-04-13 10:58:41,0.0,1500,500,,500,500,44,,200,,,648,,60.9,0.7200,0.6000,0.6000,1.1000,0.00000000,0.06929103,0.12687090,0.00487965,0.00000000,0.20884900,0.33864770,0.96444000,0.00018315,0.00042735,0.00537240,0.01135530,3.65245000,3.30817700,1.79096300,1.10292900,0.60659280,1.10329600,0.80183080,0.71990160,3.30036300,3.30311000,0.79824100,5.06117900,5.04242000,0.00341880, 2, 255, 7, 24,0x50000,No,No,No,No,No,Yes,No,Yes
2026-04-13 10:58:43,0.3,1500,500,,500,500,44,,200,,,648,,61.5,0.7200,0.6000,0.6000,1.1000,0.00000000,0.06050766,0.12687090,0.01463895,0.00000000,0.20982490,0.33571990,1.50024000,0.00006105,0.00042735,0.00543345,0.01123320,3.62832400,3.30446500,1.79389300,1.10769100,0.60366240,1.10219700,0.80073180,0.71963300,3.29853100,3.30219400,0.79677580,5.03840000,5.05314000,0.00341880, 2, 255, 7, 24,0x50000,No,No,No,No,No,Yes,No,Yes
2026-04-13 10:58:45,0.0,2400,910,,910,960,44,,200,,,648,,60.9,0.8679,0.6000,0.6000,1.1000,0.00000000,0.06245952,0.12979870,0.00780744,0.00000000,0.20982490,0.34059960,1.52703000,0.00018315,0.00042735,0.00506715,0.01172160,3.65430600,3.31188900,1.81684800,1.10769100,0.60366240,1.10366200,0.80146440,0.86925430,3.29853100,3.30219400,0.79765500,5.04912000,4.99552000,0.00341880, 2, 255, 7, 24,0x50000,No,No,No,No,No,Yes,No,Yes
2026-04-13 10:58:47,0.0,2400,910,,910,960,44,,200,,,648,,62.6,0.8679,0.6000,0.6000,1.1000,0.00000000,0.05562801,0.12687090,0.00585558,0.00000000,0.20982490,0.33962360,1.51810000,0.00018315,0.00042735,0.00525030,0.01135530,3.64317100,3.30632200,1.82124300,1.10292900,0.60769170,1.10109800,0.80256330,0.86925430,3.29761600,3.30219400,0.79706880,5.03840000,5.01696000,0.00341880, 2, 255, 7, 24,0x50000,No,No,No,No,No,Yes,No,Yes
2026-04-13 10:58:49,1.7,2400,910,,910,960,44,,200,,,648,,62.0,0.8679,0.6000,0.6000,1.1000,0.00000000,0.06148359,0.12784680,0.00878337,0.00000000,0.22251200,0.33376810,1.52703000,0.00018315,0.00042735,0.00506715,0.01123320,3.65245000,3.30724900,1.78754400,1.11941300,0.60586020,1.10073200,0.80146440,0.86898570,3.29944700,3.30311000,0.79677580,5.02499900,5.03438000,0.00341880, 2, 255, 7, 24,0x50000,No,No,No,No,No,Yes,No,Yes
2026-04-13 10:58:52,1.0,2400,910,,910,960,44,,200,,,648,,62.6,0.8679,0.6000,0.6000,1.1000,0.00000000,0.06245952,0.12979870,0.00195186,0.00000000,0.21958430,0.33669580,1.52703000,0.00006105,0.00042735,0.00525030,0.01098900,3.63853100,3.30446500,1.81684800,1.10622600,0.60549390,1.10329600,0.80109810,0.86952300,3.30036300,3.30311000,0.79706880,5.02366000,5.04644000,0.00341880, 2, 255, 7, 24,0x50000,No,No,No,No,No,Yes,No,Yes
2026-04-13 10:58:54,0.0,2400,910,,500,500,44,,200,,,648,,62.6,0.7200,0.6000,0.6000,1.1000,0.00000000,0.06343545,0.12394310,0.00487965,0.00000000,0.20884900,0.33864770,0.96444000,0.00006105,0.00042735,0.00543345,0.01135530,3.65801800,3.32209700,1.82124300,1.10732500,0.60219720,1.10292900,0.79926660,0.71990160,3.29761600,3.30311000,0.79765500,5.03840000,5.04912000,0.00341880, 2, 255, 7, 24,0x50000,No,No,No,No,No,Yes,No,Yes
2026-04-13 10:58:56,0.3,2400,910,,910,960,44,,200,,,648,,63.1,0.8679,0.6000,0.6000,1.1000,0.00000000,0.05367615,0.13077460,0.00097593,0.00000000,0.20592120,0.33474400,1.52703000,0.00012210,0.00036630,0.00482295,0.01172160,3.64409900,3.31188900,1.81684800,1.11208700,0.60659280,1.10146400,0.80146440,0.86898570,3.30036300,3.30219400,0.79706880,5.00624000,5.03438000,0.00341880, 2, 255, 7, 24,0x50000,No,No,No,No,No,Yes,No,Yes
2026-04-13 10:58:58,0.0,2400,910,,910,960,44,,200,,,648,,62.6,0.8679,0.6000,0.6000,1.1000,0.00000000,0.09856894,0.16200440,0.00195186,0.00000000,0.21080090,0.33474400,1.52703000,0.00018315,0.00067155,0.00531135,0.01172160,3.64317100,3.30353800,1.78754400,1.10146400,0.60512760,1.10329600,0.80183080,0.86952300,3.30036300,3.30219400,0.79677580,5.03036000,5.01964000,0.00341880, 2, 255, 7, 24,0x50000,No,No,No,No,No,Yes,No,Yes
2026-04-13 10:59:00,0.0,1500,500,,500,500,44,,200,,,648,,62.0,0.7200,0.6000,0.6000,1.1000,0.00000000,0.06050766,0.12589500,0.00487965,0.00000000,0.20884900,0.33864770,0.96444000,0.00018315,0.00042735,0.00543345,0.01172160,3.79999600,3.31003300,1.82124300,1.10695900,0.60659280,1.09999900,0.79963290,0.71990160,3.29853100,3.30219400,0.79765500,5.04912000,5.04376000,0.00341880, 2, 255, 7, 24,0x50000,No,No,No,No,No,Yes,No,Yes
2026-04-13 10:59:02,0.0,2400,910,,910,960,44,,200,,,648,,63.1,0.8679,0.6000,0.6000,1.1000,0.00000000,0.06148359,0.12979870,0.00195186,0.00000000,0.21080090,0.33669580,1.52703000,0.00012210,0.00036630,0.00543345,0.01172160,3.65245000,3.31096100,1.78754400,1.11062200,0.60659280,1.10219700,0.80109810,0.86952300,3.30036300,3.30127900,0.79677580,5.05046000,5.02768000,0.00341880, 2, 255, 7, 24,0x50000,No,No,No,No,No,Yes,No,Yes
2026-04-13 10:59:04,0.7,2400,910,,910,960,44,,200,,,648,,62.6,0.8679,0.6000,0.6000,1.1000,0.00000000,0.06343545,0.12882280,0.00292779,0.00000000,0.20689720,0.33864770,1.53596000,0.00018315,0.00042735,0.00525030,0.01147740,3.62182800,3.31467300,1.78852100,1.11062200,0.60695910,1.10146400,0.79926660,0.86925430,3.29853100,3.30311000,0.79765500,4.98346000,5.05448000,0.00341880, 2, 255, 7, 24,0x50000,No,No,No,No,No,Yes,No,Yes
2026-04-13 10:59:06,0.2,1500,500,,500,500,44,,200,,,648,,62.0,0.7200,0.6000,0.6000,1.1000,0.00000000,0.06148359,0.12491900,0.00195186,0.00000000,0.23129540,0.33864770,0.96444000,0.00006105,0.00042735,0.00482295,0.01172160,3.79999600,3.30817700,1.81733600,1.10915600,0.60586020,1.10402800,0.80073180,0.71936430,3.29853100,3.30219400,0.79706880,5.04510000,5.07190000,0.00256410, 2, 255, 7, 24,0x50000,No,No,No,No,No,Yes,No,Yes
2026-04-13 10:59:09,0.0,1500,500,,500,500,44,,200,,,648,,61.5,0.7200,0.6000,0.6000,1.1000,0.00000000,0.06050766,0.12296720,0.00487965,0.00000000,0.20787310,0.33669580,0.95551000,0.00006105,0.00042735,0.00537240,0.01147740,3.65801800,3.31281700,1.81733600,1.11208700,0.60622650,1.10402800,0.80109810,0.71936430,3.30036300,3.30219400,0.79765500,5.05046000,5.04912000,0.00341880, 2, 255, 7, 24,0x50000,No,No,No,No,No,Yes,No,Yes
2026-04-13 10:59:11,1.8,1500,500,,500,500,44,,200,,,648,,62.0,0.7200,0.6000,0.6000,1.1000,0.00000000,0.05855580,0.12394310,0.00390372,0.00000000,0.21080090,0.33962360,0.96444000,0.00006105,0.00042735,0.00586080,0.01147740,3.65801800,3.31096100,1.81684800,1.10769100,0.60512760,1.10329600,0.79963290,0.71990160,3.30036300,3.30219400,0.79765500,5.07056000,5.06117900,0.00341880, 2, 255, 7, 24,0x50000,No,No,No,No,No,Yes,No,Yes
2026-04-13 10:59:13,0.0,1500,500,,500,500,44,,200,,,648,,62.0,0.7200,0.6000,0.6000,1.1000,0.00000000,0.06148359,0.12199130,0.00487965,0.00000000,0.21080090,0.33571990,0.97336990,0.00006105,0.00042735,0.00531135,0.01111110,3.65616200,3.31652900,1.81684800,1.10219700,0.60769170,1.10439400,0.80146440,0.71990160,3.29853100,3.30311000,0.79677580,5.05448000,5.04376000,0.00341880, 2, 255, 7, 24,0x50000,No,No,No,No,No,Yes,No,Yes
2026-04-13 10:59:15,0.0,1500,500,,500,500,44,,200,,,648,,61.5,0.7200,0.6000,0.6000,1.1000,0.00000000,0.05953173,0.12491900,0.00683151,0.00000000,0.20787310,0.33669580,0.96444000,0.00018315,0.00042735,0.00525030,0.01135530,3.65523400,3.30539300,1.81733600,1.10695900,0.60622650,1.09999900,0.80073180,0.71963300,3.29944700,3.30311000,0.79677580,5.05984000,5.06252000,0.00341880, 2, 255, 7, 24,0x50000,No,No,No,No,No,Yes,No,Yes
2026-04-13 10:59:17,0.2,1500,500,,500,500,44,,200,,,648,,60.9,0.7200,0.6000,0.6000,1.1000,0.00000000,0.06148359,0.12491900,0.00097593,0.00000000,0.20787310,0.33571990,0.94657990,0.00018315,0.00042735,0.00531135,0.01123320,3.65616200,3.30632200,1.82124300,1.10292900,0.60695910,1.10329600,0.80219700,0.71963300,3.30036300,3.30127900,0.79765500,4.97274000,5.06788000,0.00341880, 2, 255, 7, 24,0x50000,No,No,No,No,No,Yes,No,Yes
2026-04-13 10:59:19,0.0,1500,500,,500,500,44,,200,,,648,,61.5,0.7200,0.6000,0.6000,1.1000,0.00000000,0.06050766,0.12491900,0.00585558,0.00000000,0.20689720,0.33376810,0.95551000,0.00006105,0.00018315,0.00476190,0.01135530,3.65152200,3.31467300,1.81684800,1.11391800,0.60476130,1.10256300,0.80292960,0.71990160,3.30219400,3.30219400,0.79677580,5.05984000,5.04376000,0.00341880, 2, 255, 7, 24,0x50000,No,No,No,No,No,Yes,No,Yes
2026-04-13 10:59:21,0.0,1500,500,,500,500,44,,200,,,648,,60.9,0.7200,0.6000,0.6000,1.1000,0.00000000,0.06050766,0.12199130,0.00097593,0.00000000,0.21275270,0.33767180,0.93765000,0.00006105,0.00042735,0.00525030,0.01135530,3.66544200,3.32116900,1.81684800,1.10695900,0.60805800,1.10329600,0.80292960,0.71963300,3.30219400,3.30311000,0.79677580,5.08664000,5.05046000,0.00341880, 2, 255, 7, 24,0x50000,No,No,No,No,No,Yes,No,Yes
2026-04-13 10:59:24,0.0,1500,500,,500,500,44,,200,,,648,,61.5,0.7200,0.6000,0.6000,1.1000,0.00000000,0.05953173,0.12296720,0.00195186,0.00000000,0.21177680,0.33571990,0.94657990,0.00018315,0.00042735,0.00586080,0.01135530,3.65894600,3.30817700,1.81733600,1.10292900,0.60659280,1.10329600,0.80146440,0.71936430,3.30036300,3.30219400,0.79736190,5.06520000,5.03706000,0.00341880, 2, 255, 7, 24,0x50000,No,No,No,No,No,Yes,No,Yes
2026-04-13 10:59:26,0.0,1500,500,,500,500,44,,200,,,648,,60.4,0.7200,0.6000,0.6000,1.1000,0.00000000,0.06148359,0.12394310,0.00487965,0.00000000,0.22641580,0.33767180,0.94657990,0.00018315,0.00042735,0.00506715,0.01135530,3.65801800,3.30260900,1.78998600,1.10732500,0.60586020,1.10329600,0.80219700,0.71963300,3.29944700,3.30219400,0.79677580,5.06788000,5.05448000,0.00341880, 2, 255, 7, 24,0x50000,No,No,No,No,No,Yes,No,Yes
2026-04-13 10:59:28,0.7,2400,910,,910,960,44,,200,,,648,,62.0,0.8679,0.6000,0.6000,1.1000,0.00000000,0.05757987,0.12882280,0.00195186,0.00000000,0.21080090,0.33474400,1.50917000,0.00018315,0.00042735,0.00476190,0.01196580,3.65523400,3.30817700,1.78852100,1.10915600,0.60695910,1.10219700,0.79963290,0.86979160,3.29853100,3.30311000,0.79736190,5.03572000,5.02232000,0.00341880, 2, 255, 7, 24,0x50000,No,No,No,No,No,Yes,No,Yes
2026-04-13 10:59:30,0.0,2400,910,,910,960,44,,200,,,648,,62.6,0.8679,0.6000,0.6000,1.1000,0.00000000,0.05953173,0.13077460,0.00683151,0.00000000,0.20982490,0.33669580,1.51810000,0.00012210,0.00042735,0.00598290,0.01135530,3.65523400,3.30817700,1.78852100,1.10695900,0.60659280,1.10256300,0.79963290,0.86925430,3.29761600,3.30127900,0.79736190,5.04510000,5.02232000,0.00341880, 2, 255, 7, 24,0x50000,No,No,No,No,No,Yes,No,Yes
2026-04-13 10:59:32,1.2,1500,500,,500,500,44,,200,,,648,,62.0,0.7200,0.6000,0.6000,1.1000,0.00000000,0.05953173,0.12101530,0.00487965,0.00000000,0.20787310,0.33474400,0.95551000,0.00018315,0.00042735,0.00543345,0.01159950,3.65801800,3.30260900,1.78754400,1.11355200,0.60732540,1.10146400,0.80109810,0.71990160,3.29944700,3.30311000,0.79765500,5.05850000,5.03304000,0.00341880, 2, 255, 7, 24,0x50000,No,No,No,No,No,Yes,No,Yes
2026-04-13 10:59:34,0.0,1500,500,,500,500,44,,200,,,648,,62.0,0.7200,0.6000,0.6000,1.1000,0.00000000,0.05855580,0.12589500,0.00487965,0.00000000,0.20689720,0.33571990,0.96444000,0.00006105,0.00042735,0.00476190,0.01147740,3.79999600,3.30539300,1.82124300,1.10439400,0.60695910,1.10146400,0.80073180,0.71963300,3.29853100,3.30402600,0.79706880,5.05984000,5.04912000,0.00341880, 2, 255, 7, 24,0x50000,No,No,No,No,No,Yes,No,Yes
2026-04-13 10:59:36,5.2,2400,910,,910,960,44,,200,,,648,,62.0,0.8679,0.6000,0.6000,1.1000,0.00000000,0.05757987,0.13077460,0.00390372,0.00000000,0.20689720,0.33767180,1.50917000,0.00018315,0.00054945,0.00476190,0.01135530,3.64688300,3.30260900,1.78754400,1.10732500,0.60659280,1.10329600,0.80073180,0.86898570,3.29853100,3.30311000,0.79736190,5.02768000,5.02902000,0.00341880, 2, 255, 7, 24,0x50000,No,No,No,No,No,Yes,No,Yes
2026-04-13 10:59:38,0.0,2400,910,,910,960,44,,200,,,648,,62.0,0.8679,0.6000,0.6000,1.1000,0.00000000,0.06148359,0.12784680,0.00683151,0.00000000,0.20787310,0.33669580,1.52703000,0.00018315,0.00042735,0.00476190,0.01111110,3.65059400,3.30724900,1.81733600,1.10586000,0.60695910,1.10329600,0.80219700,0.86844850,3.29853100,3.30219400,0.79765500,5.03840000,5.04242000,0.00341880, 2, 255, 7, 24,0x50000,No,No,No,No,No,Yes,No,Yes
2026-04-13 10:59:41,1.0,2400,910,,910,960,44,,200,,,648,,62.6,0.8679,0.6000,0.6000,1.1000,0.00000000,0.06050766,0.13077460,0.00487965,0.00000000,0.20982490,0.33474400,1.67884000,0.00018315,0.00042735,0.00537240,0.01147740,3.64038700,3.31838500,1.78754400,1.10622600,0.60512760,1.10146400,0.80073180,0.86898570,3.30036300,3.30219400,0.79765500,5.03438000,5.03840000,0.00341880, 2, 255, 7, 24,0x50000,No,No,No,No,No,Yes,No,Yes
2026-04-13 10:59:43,3.3,2400,910,,910,960,44,,200,,,648,,62.6,0.8679,0.6000,0.6000,1.1000,0.00000000,0.05953173,0.12979870,0.00292779,0.00000000,0.20884900,0.33474400,1.51810000,0.00006105,0.00018315,0.00543345,0.01123320,3.65152200,3.30724900,1.79926600,1.10622600,0.60622650,1.10329600,0.80073180,0.86898570,3.29853100,3.30127900,0.79677580,5.02499900,5.02902000,0.00341880, 2, 255, 7, 24,0x50000,No,No,No,No,No,Yes,No,Yes
2026-04-13 10:59:45,0.0,2400,910,,910,960,44,,200,,,648,,62.6,0.8679,0.6000,0.6000,1.1000,0.00000000,0.06050766,0.12784680,0.00487965,0.00000000,0.20982490,0.33669580,1.51810000,0.00012210,0.00042735,0.00531135,0.01135530,3.64781100,3.31838500,1.78754400,1.10292900,0.60659280,1.10329600,0.79963290,0.86898570,3.30036300,3.30127900,0.79706880,5.03840000,5.02098000,0.00341880, 2, 255, 7, 24,0x50000,No,No,No,No,No,Yes,No,Yes
2026-04-13 10:59:47,0.0,2400,910,,910,960,43,,200,,,648,,63.1,0.8679,0.6000,0.6000,1.1000,0.00000000,0.06148359,0.13077460,0.00683151,0.00000000,0.20982490,0.34157550,1.53596000,0.00012210,0.00036630,0.00543345,0.01135530,3.64873800,3.30260900,1.79096300,1.10732500,0.60549390,1.10402800,0.80292960,0.86898570,3.29944700,3.30311000,0.79677580,5.04644000,5.03572000,0.00341880, 2, 255, 7, 24,0x50000,No,No,No,No,No,Yes,No,Yes
2026-04-13 10:59:49,0.0,1500,500,,500,500,44,,200,,,648,,61.5,0.7200,0.6000,0.6000,1.1000,0.00000000,0.05953173,0.12296720,0.00585558,0.00000000,0.22056020,0.34059960,0.95551000,0.00006105,0.00018315,0.00543345,0.01147740,3.79999600,3.32209700,1.81684800,1.10769100,0.60622650,1.10183000,0.79963290,0.71963300,3.29853100,3.30311000,0.79677580,5.01696000,5.05850000,0.00341880, 2, 255, 7, 24,0x50000,No,No,No,No,No,Yes,No,Yes
2026-04-13 10:59:51,0.0,1500,500,,500,500,44,,200,,,648,,60.9,0.7200,0.6000,0.6000,1.1000,0.00000000,0.06245952,0.12491900,0.00097593,0.00000000,0.20982490,0.33571990,0.95551000,0.00018315,0.00042735,0.00482295,0.01159950,3.65337800,3.30446500,1.81733600,1.10476100,0.60622650,1.10073200,0.80036550,0.71963300,3.30219400,3.30311000,0.79765500,5.06922000,5.02098000,0.00341880, 2, 255, 7, 24,0x50000,No,No,No,No,No,Yes,No,Yes
2026-04-13 10:59:53,0.0,1500,500,,500,500,44,,200,,,648,,60.4,0.7200,0.6000,0.6000,1.1000,0.04391685,0.05953173,0.12296720,0.00292779,0.00000000,0.20787310,0.33767180,0.95551000,0.00018315,0.00042735,0.00476190,0.01172160,3.64038700,3.31003300,1.81733600,1.10512700,0.60329610,1.10146400,0.79963290,0.71936430,3.29944700,3.30311000,0.79706880,5.01562000,5.03840000,0.00341880, 2, 255, 7, 24,0x50000,No,No,No,No,No,Yes,No,Yes
2026-04-13 10:59:56,0.0,1500,500,,500,500,44,,200,,,648,,60.9,0.7200,0.6000,0.6000,1.1000,0.06148359,0.06148359,0.12394310,0.00390372,0.00000000,0.22056020,0.33864770,0.95551000,0.00018315,0.00042735,0.00525030,0.01135530,3.64409900,3.31374500,1.82124300,1.10586000,0.60622650,1.10329600,0.80146440,0.71936430,3.30036300,3.30219400,0.79824100,5.03706000,5.07056000,0.00341880, 2, 255, 7, 24,0x50000,No,No,No,No,No,Yes,No,Yes
2026-04-13 10:59:58,0.0,1500,500,,500,500,44,,200,,,648,,60.9,0.7200,0.6000,0.6000,1.1000,0.06538731,0.06245952,0.12687090,0.00487965,0.00000000,0.20787310,0.33571990,0.95551000,0.00018315,0.00042735,0.00525030,0.01147740,3.64317100,3.31652900,1.82124300,1.10695900,0.60695910,1.09999900,0.80183080,0.71963300,3.30036300,3.30219400,0.79765500,5.03706000,5.05984000,0.00341880, 2, 255, 7, 24,0x50000,No,No,No,No,No,Yes,No,Yes
2026-04-13 11:00:00,0.2,1500,500,,500,500,44,,200,,,648,,60.4,0.7200,0.6000,0.6000,1.1000,0.05855580,0.05855580,0.12296720,0.00292779,0.00000000,0.21177680,0.33669580,0.95551000,0.00006105,0.00042735,0.00537240,0.01147740,3.64502700,3.31281700,1.79096300,1.10292900,0.60659280,1.10402800,0.80073180,0.71963300,3.29944700,3.30219400,0.79765500,5.03974000,5.03438000,0.00341880, 2, 255, 7, 24,0x50000,No,No,No,No,No,Yes,No,Yes
2026-04-13 11:00:02,1.3,1900,682,,682,704,43,,200,,,648,,60.9,0.7579,0.6000,0.6000,1.1000,0.00000000,0.05953173,0.12589500,0.00585558,0.00000000,0.20884900,0.33864770,1.04481000,0.00018315,0.00018315,0.00537240,0.01172160,3.66358600,3.30632200,1.79389300,1.10292900,0.60732540,1.10256300,0.79963290,0.75885150,3.29944700,3.30311000,0.79706880,5.05314000,4.97944000,0.00341880, 2, 255, 7, 24,0x50000,No,No,No,No,No,Yes,No,Yes
2026-04-13 11:00:04,0.0,2400,910,,910,960,44,,200,,,648,,62.6,0.8679,0.6000,0.6000,1.1000,0.00000000,0.06148359,0.12687090,0.00878337,0.00000000,0.20982490,0.33767180,1.50917000,0.00018315,0.00048840,0.00525030,0.01172160,3.64781100,3.31838500,1.78852100,1.10732500,0.60586020,1.10292900,0.80183080,0.86898570,3.29944700,3.30219400,0.79677580,5.05850000,5.00624000,0.00341880, 2, 255, 7, 24,0x50000,No,No,No,No,No,Yes,No,Yes
2026-04-13 11:00:06,0.0,2400,910,,910,960,44,,200,,,648,,62.0,0.8679,0.6000,0.6000,1.1000,0.00000000,0.05953173,0.12979870,0.00683151,0.00000000,0.20689720,0.33571990,1.50917000,0.00006105,0.00042735,0.00482295,0.01196580,3.64688300,3.31838500,1.78803200,1.10439400,0.60549390,1.10292900,0.80183080,0.86925430,3.29853100,3.30402600,0.79765500,5.03840000,5.03706000,0.00341880, 2, 255, 7, 24,0x50000,No,No,No,No,No,Yes,No,Yes
2026-04-13 11:00:08,0.0,1500,500,,500,500,44,,200,,,648,,60.9,0.7200,0.6000,0.6000,1.1000,0.00000000,0.06245952,0.12491900,0.00195186,0.00000000,0.21177680,0.33376810,0.95551000,0.00006105,0.00042735,0.00482295,0.01159950,3.65616200,3.31188900,1.81733600,1.10439400,0.60659280,1.10476100,0.80109810,0.71936430,3.30036300,3.30219400,0.79765500,5.05582000,5.04912000,0.00341880, 2, 255, 7, 24,0x50000,No,No,No,No,No,Yes,No,Yes
2026-04-13 11:00:11,0.0,1500,500,,500,500,44,,200,,,648,,60.9,0.7200,0.6000,0.6000,1.1000,0.00000000,0.06441138,0.12491900,0.00292779,0.00000000,0.20982490,0.33669580,0.94657990,0.00018315,0.00042735,0.00537240,0.01172160,3.66358600,3.31374500,1.79389300,1.11391800,0.60732540,1.10146400,0.80183080,0.71963300,3.29944700,3.30311000,0.79736190,5.07592000,5.02232000,0.00341880, 2, 255, 7, 24,0x50000,No,No,No,No,No,Yes,No,Yes
2026-04-13 11:00:13,1.8,1500,500,,500,500,44,,200,,,648,,59.8,0.7200,0.6000,0.6000,1.1000,0.00000000,0.09661707,0.15419700,0.00683151,0.00000000,0.21275270,0.33767180,0.94657990,0.00018315,0.00042735,0.00537240,0.01135530,3.65059400,3.31188900,1.82124300,1.11062200,0.61025580,1.10256300,0.80146440,0.71855850,3.29853100,3.29944700,0.79765500,5.03572000,5.03572000,0.00341880, 2, 255, 7, 24,0x50000,No,No,No,No,No,Yes,No,Yes
2026-04-13 11:00:15,0.0,1500,500,,500,500,44,,200,,,648,,59.8,0.7200,0.6000,0.6000,1.1000,0.00000000,0.06050766,0.12589500,0.00487965,0.00000000,0.20494530,0.33571990,0.95551000,0.00006105,0.00018315,0.00537240,0.01172160,3.66173000,3.31096100,1.81684800,1.10586000,0.60769170,1.10146400,0.80146440,0.71936430,3.30219400,3.30219400,0.79765500,5.07056000,5.06520000,0.00341880, 2, 255, 7, 24,0x50000,No,No,No,No,No,Yes,No,Yes
2026-04-13 11:00:17,0.0,1500,500,,500,500,44,,200,,,648,,60.9,0.7200,0.6000,0.6000,1.1000,0.00000000,0.05855580,0.12394310,0.00292779,0.00000000,0.20982490,0.33669580,0.95551000,0.00018315,0.00042735,0.00543345,0.01147740,3.79999600,3.30446500,1.81733600,1.10732500,0.60659280,1.10402800,0.80109810,0.71963300,3.29944700,3.30219400,0.79736190,5.07190000,5.05314000,0.00256410, 2, 255, 7, 24,0x50000,No,No,No,No,No,Yes,No,Yes
2026-04-13 11:00:19,4.0,2400,910,,910,960,44,,200,,,648,,62.6,0.8679,0.6000,0.6000,1.1000,0.00000000,0.06148359,0.12979870,0.00390372,0.00000000,0.21080090,0.33669580,1.50917000,0.00006105,0.00042735,0.00537240,0.01196580,3.65245000,3.30724900,1.78754400,1.10622600,0.60549390,1.10329600,0.80036550,0.86898570,3.29853100,3.30311000,0.79736190,5.02499900,5.02768000,0.00341880, 2, 255, 7, 24,0x50000,No,No,No,No,No,Yes,No,Yes
2026-04-13 11:00:21,0.0,2400,910,,910,960,44,,200,,,648,,62.0,0.8679,0.6000,0.6000,1.1000,0.00000000,0.05953173,0.12979870,0.00390372,0.00000000,0.20689720,0.33962360,1.52703000,0.00018315,0.00036630,0.00586080,0.01111110,3.64317100,3.30724900,1.78852100,1.10695900,0.60622650,1.10219700,0.80073180,0.86898570,3.29853100,3.30127900,0.79677580,5.02634000,5.04242000,0.00341880, 2, 255, 7, 24,0x50000,No,No,No,No,No,Yes,No,Yes
2026-04-13 11:00:23,1.3,1500,500,,500,500,44,,200,,,648,,61.5,0.7200,0.6000,0.6000,1.1000,0.00000000,0.05953173,0.12394310,0.00487965,0.00000000,0.22056020,0.33279210,0.97336990,0.00006105,0.00042735,0.00537240,0.01147740,3.79999600,3.31931300,1.81684800,1.10732500,0.60659280,1.10329600,0.80183080,0.71936430,3.29853100,3.30219400,0.79765500,5.05984000,5.07324000,0.00341880, 2, 255, 7, 24,0x50000,No,No,No,No,No,Yes,No,Yes
2026-04-13 11:00:25,1.5,2400,910,,910,960,44,,200,,,648,,63.1,0.8679,0.6000,0.6000,1.1000,0.00000000,0.08490592,0.13663020,0.09076149,0.00000000,0.37866080,0.48406130,1.61633000,0.00018315,0.00042735,0.00506715,0.01196580,3.59955700,3.30446500,1.81733600,1.10219700,0.60183090,1.09890000,0.79853400,0.86925430,3.29853100,3.30036300,0.79765500,4.93790000,4.92986000,0.00341880, 2, 255, 7, 24,0x50000,No,No,No,No,No,Yes,No,Yes
2026-04-13 11:00:28,1.8,2400,910,,910,960,44,,200,,,648,,62.6,0.8679,0.6000,0.6000,1.1000,0.00000000,0.12003940,0.13175060,0.00878337,0.00000000,0.36694970,0.48991690,1.55382000,0.00006105,0.00018315,0.00512820,0.01196580,3.62461200,3.30353800,1.81684800,1.10732500,0.60036570,1.09853400,0.79780140,0.87032880,3.30219400,3.30311000,0.79765500,4.97408000,5.00088000,0.00341880, 2, 255, 7, 24,0x50000,No,No,No,No,No,Yes,No,Yes
2026-04-13 11:00:30,1.3,1500,500,,500,500,44,,200,,,648,,62.6,0.7200,0.6000,0.6000,1.1000,0.00000000,0.08783370,0.12296720,0.00390372,0.00000000,0.36987750,0.48991690,0.99122990,0.00006105,0.00042735,0.00482295,0.01172160,3.64131500,3.31560100,1.79096300,1.11062200,0.60805800,1.10036500,0.79853400,0.72017020,3.29944700,3.30311000,0.79677580,4.99552000,4.99954000,0.00341880, 2, 255, 7, 24,0x50000,No,No,No,No,No,Yes,No,Yes
2026-04-13 11:00:32,0.3,1500,500,,500,500,44,,200,,,648,,62.0,0.7200,0.6000,0.6000,1.1000,0.00000000,0.09076149,0.12296720,0.01073523,0.00000000,0.38061270,0.48894090,1.00016000,0.00006105,0.00042735,0.00537240,0.01208790,3.62925200,3.31188900,1.81684800,1.10146400,0.59999940,1.09816700,0.79853400,0.71990160,3.30036300,3.30219400,0.79765500,4.99284000,5.00892000,0.00256410, 2, 255, 7, 24,0x50000,No,No,No,No,No,Yes,No,Yes
2026-04-13 11:00:34,0.5,1500,500,,500,500,44,,200,,,648,,61.5,0.7200,0.6000,0.6000,1.1000,0.00000000,0.09368929,0.12199130,0.00780744,0.00000000,0.36792560,0.48796500,0.95551000,0.00006105,0.00042735,0.00586080,0.01196580,3.65059400,3.31374500,1.82124300,1.10146400,0.60036570,1.09926600,0.79853400,0.71963300,3.29944700,3.30311000,0.79765500,5.03304000,5.00088000,0.00341880, 2, 255, 7, 24,0x50000,No,No,No,No,No,Yes,No,Yes
2026-04-13 11:00:36,0.3,1500,500,,500,500,44,,200,,,648,,61.5,0.7200,0.6000,0.6000,1.1000,0.00000000,0.08490592,0.12394310,0.00585558,0.00000000,0.36987750,0.48894090,0.97336990,0.00018315,0.00042735,0.00531135,0.01196580,3.63667500,3.30632200,1.82124300,1.11355200,0.60109830,1.09853400,0.79926660,0.71936430,3.29853100,3.30219400,0.79706880,4.99150000,5.00758000,0.00341880, 2, 255, 7, 24,0x50000,No,No,No,No,No,Yes,No,Yes
2026-04-13 11:00:38,0.2,1500,500,,500,500,44,,200,,,648,,62.0,0.7200,0.6000,0.6000,1.1000,0.00000000,0.08490592,0.12296720,0.00780744,0.00000000,0.37280530,0.42062580,0.97336990,0.00006105,0.00042735,0.00525030,0.01196580,3.63574700,3.30539300,1.81684800,1.10879000,0.60219720,1.09853400,0.79926660,0.71990160,3.29853100,3.30127900,0.79736190,4.99284000,5.02768000,0.00341880, 2, 255, 7, 24,0x50000,No,No,No,No,No,Yes,No,Yes
2026-04-13 11:00:40,0.5,1500,500,,500,500,44,,200,,,648,,62.0,0.7200,0.6000,0.6000,1.1000,0.00000000,0.09368929,0.12199130,0.00585558,0.00000000,0.36597380,0.48991690,0.98229990,0.00006105,0.00042735,0.00525030,0.01159950,3.62182800,3.31467300,1.81684800,1.10695900,0.60622650,1.09816700,0.79816780,0.71963300,3.29853100,3.30219400,0.79736190,5.00624000,5.01160000,0.00341880, 2, 255, 7, 24,0x50000,No,No,No,No,No,Yes,No,Yes
2026-04-13 11:00:43,0.0,1500,500,,500,500,44,,200,,,648,,60.9,0.7200,0.6000,0.6000,1.1000,0.00000000,0.06148359,0.12199130,0.00585558,0.00000000,0.21080090,0.33864770,0.96444000,0.00006105,0.00042735,0.00512820,0.01147740,3.65801800,3.31096100,1.81733600,1.10219700,0.60659280,1.10329600,0.80146440,0.71936430,3.30036300,3.30219400,0.79765500,5.06654000,5.04912000,0.00341880, 2, 255, 7, 24,0x50000,No,No,No,No,No,Yes,No,Yes
2026-04-13 11:00:45,0.0,1500,500,,500,500,44,,200,,,648,,60.9,0.7200,0.6000,0.6000,1.1000,0.00000000,0.05953173,0.12491900,0.00683151,0.00000000,0.22348800,0.33571990,0.96444000,0.00006105,0.00042735,0.00555555,0.01196580,3.66544200,3.31003300,1.80610300,1.10695900,0.60402870,1.10329600,0.80036550,0.71990160,3.29853100,3.30402600,0.79677580,5.01830000,4.99016000,0.00341880, 2, 255, 7, 24,0x50000,No,No,No,No,No,Yes,No,Yes
2026-04-13 11:00:47,1.0,1500,500,,500,500,44,,200,,,648,,60.9,0.7200,0.6000,0.6000,1.1000,0.00000000,0.05953173,0.12491900,0.00585558,0.00000000,0.20689720,0.33767180,0.94657990,0.00018315,0.00042735,0.00482295,0.01196580,3.65245000,3.31467300,1.81684800,1.10732500,0.60622650,1.10256300,0.79926660,0.71909580,3.29853100,3.30311000,0.79765500,5.05984000,5.06117900,0.00341880, 2, 255, 7, 24,0x50000,No,No,No,No,No,Yes,No,Yes
2026-04-13 11:00:49,1.5,1500,500,,500,500,44,,200,,,648,,62.6,0.8679,0.6000,0.6000,1.1000,0.00000000,0.05562801,0.12882280,0.01756674,0.00000000,0.20982490,0.33474400,1.50024000,0.00012210,0.00036630,0.00610500,0.01147740,3.62739600,3.30260900,1.79389300,1.10732500,0.59999940,1.09999900,0.80292960,0.86898570,3.29944700,3.30311000,0.79677580,5.02634000,5.07592000,0.00341880, 2, 255, 7, 24,0x50000,No,No,No,No,No,Yes,No,Yes
2026-04-13 11:00:51,18.7,2400,910,,910,960,44,,200,,,648,,62.0,0.8679,0.6000,0.6000,1.1000,0.00000000,0.09271335,0.12784680,0.00390372,0.00000000,0.36597380,0.48991690,1.55382000,0.00012210,0.00048840,0.00543345,0.01184370,3.63574700,3.31560100,1.79926600,1.10586000,0.60512760,1.09890000,0.79926660,0.86925430,3.30036300,3.30219400,0.79765500,4.98480000,4.98346000,0.00341880, 2, 255, 7, 24,0x50000,No,No,No,No,No,Yes,No,Yes
2026-04-13 11:00:53,16.9,2400,910,,910,960,44,,200,,,648,,64.2,0.8679,0.6000,0.6000,1.1000,0.00000000,0.08685777,0.13760610,0.02732604,0.00000000,0.36792560,0.49577240,2.66114000,0.00018315,0.00042735,0.00531135,0.01184370,3.62182800,3.30724900,1.78754400,1.10769100,0.60549390,1.09963300,0.79853400,0.86898570,3.29853100,3.30402600,0.79677580,4.98614000,4.97810000,0.00341880, 2, 255, 7, 24,0x50000,No,No,No,No,No,Yes,No,Yes
2026-04-13 11:00:55,0.3,1500,500,,500,500,44,,200,,,648,,61.5,0.7200,0.6000,0.6000,1.1000,0.00000000,0.09076149,0.12687090,0.00683151,0.00000000,0.39134800,0.48894090,0.97336990,0.00006105,0.00042735,0.00586080,0.01196580,3.63574700,3.31281700,1.81684800,1.11062200,0.60366240,1.09926600,0.79926660,0.71990160,3.29853100,3.30219400,0.79736190,5.01696000,5.02232000,0.00341880, 2, 255, 7, 24,0x50000,No,No,No,No,No,Yes,No,Yes
2026-04-13 11:00:57,0.3,1500,500,,500,500,44,,200,,,648,,61.5,0.7200,0.6000,0.6000,1.1000,0.00000000,0.08978556,0.12296720,0.00585558,0.00000000,0.36694970,0.49186870,0.98229990,0.00018315,0.00042735,0.00537240,0.01172160,3.63481900,3.31560100,1.81733600,1.10512700,0.60256350,1.09926600,0.79816780,0.71990160,3.29853100,3.30311000,0.79677580,5.00088000,5.01160000,0.00341880, 2, 255, 7, 24,0x50000,No,No,No,No,No,Yes,No,Yes
2026-04-13 11:01:00,10.5,2400,910,,910,960,43,,200,,,648,,65.3,0.8679,0.6000,0.6000,1.1000,0.00000000,0.08685777,0.13955800,0.17176370,0.01666680,0.38061270,0.57775060,5.25977000,0.00018315,0.00036630,0.00586080,0.01172160,3.53645500,3.31467300,1.79926600,1.10439400,0.60366240,1.10036500,0.79999920,0.86683680,3.29944700,3.30127900,0.79765500,4.85750000,4.82802000,0.00341880, 2, 255, 7, 24,0x50000,No,No,No,No,No,Yes,No,Yes
2026-04-13 11:01:02,2.0,2400,910,,910,960,44,,200,,,648,,64.2,0.8679,0.6000,0.6000,1.1000,0.00000000,0.08783370,0.13077460,0.00390372,0.00000000,0.36694970,0.48894090,1.53596000,0.00012210,0.00042735,0.00531135,0.01172160,3.62182800,3.30910500,1.78754400,1.10439400,0.60329610,1.09890000,0.79816780,0.86898570,3.29853100,3.30219400,0.79736190,4.97408000,4.98346000,0.00341880, 2, 255, 7, 24,0x50000,No,No,No,No,No,Yes,No,Yes
2026-04-13 11:01:04,0.5,2400,910,,910,960,44,,200,,,648,,64.2,0.8679,0.6000,0.6000,1.1000,0.00000000,0.08880963,0.12979870,0.00683151,0.00000000,0.36987750,0.49089280,1.56275000,0.00018315,0.00042735,0.00537240,0.01159950,3.61440400,3.31281700,1.81684800,1.10879000,0.60402870,1.09890000,0.79926660,0.86925430,3.30219400,3.30219400,0.79765500,4.97408000,4.98480000,0.00341880, 2, 255, 7, 24,0x50000,No,No,No,No,No,Yes,No,Yes
2026-04-13 11:01:06,2.5,1500,500,,500,500,44,,200,,,648,,62.6,0.7200,0.6000,0.6000,1.1000,0.00000000,0.08490592,0.12296720,0.00878337,0.00000000,0.39232380,0.49186870,0.99122990,0.00006105,0.00042735,0.00586080,0.01159950,3.64038700,3.31188900,1.81684800,1.10219700,0.60292980,1.09816700,0.79670250,0.71990160,3.29853100,3.30402600,0.79677580,5.02499900,5.01964000,0.00341880, 2, 255, 7, 24,0x50000,No,No,No,No,No,Yes,No,Yes
2026-04-13 11:01:08,0.3,1500,500,,500,500,44,,200,,,648,,60.4,0.7200,0.6000,0.6000,1.1000,0.00000000,0.09271335,0.12589500,0.00487965,0.00000000,0.36597380,0.48698910,0.97336990,0.00006105,0.00042735,0.00506715,0.01221000,3.64038700,3.31003300,1.78803200,1.11025500,0.60659280,1.09999900,0.79816780,0.71936430,3.29853100,3.30127900,0.79765500,4.99418000,5.00490000,0.00341880, 2, 255, 7, 24,0x50000,No,No,No,No,No,Yes,No,Yes
2026-04-13 11:01:10,0.2,1500,500,,500,500,44,,200,,,648,,60.4,0.7200,0.6000,0.6000,1.1000,0.00000000,0.08588185,0.12491900,0.00487965,0.00000000,0.34352740,0.49284470,0.98229990,0.00006105,0.00018315,0.00537240,0.01172160,3.62090000,3.31560100,1.79389300,1.10073200,0.60366240,1.09816700,0.79853400,0.71963300,3.30127900,3.30127900,0.79765500,5.01696000,5.00758000,0.00341880, 2, 255, 7, 24,0x50000,No,No,No,No,No,Yes,No,Yes
2026-04-13 11:01:13,9.0,2400,910,,910,960,44,,200,,,648,,63.7,0.8679,0.6000,0.6000,1.1000,0.00000000,0.09466522,0.12979870,0.00683151,0.00000000,0.36987750,0.48991690,1.54489000,0.00006105,0.00042735,0.00543345,0.01184370,3.62182800,3.31467300,1.79096300,1.10292900,0.60439500,1.10036500,0.79853400,0.86925430,3.30036300,3.30219400,0.79765500,5.01160000,4.96202000,0.00341880, 2, 255, 7, 24,0x50000,No,No,No,No,No,Yes,No,Yes
2026-04-13 11:01:15,0.3,2400,910,,910,960,44,,200,,,648,,64.2,0.8679,0.6000,0.6000,1.1000,0.00000000,0.09076149,0.12882280,0.00878337,0.00000000,0.36694970,0.49186870,1.57168000,0.00018315,0.00036630,0.00543345,0.01159950,3.62182800,3.31467300,1.79926600,1.10439400,0.60402870,1.09926600,0.79853400,0.86898570,3.30036300,3.30036300,0.79706880,4.98614000,4.92182000,0.00341880, 2, 255, 7, 24,0x50000,No,No,No,No,No,Yes,No,Yes
2026-04-13 11:01:17,0.5,1500,500,,500,500,44,,200,,,648,,62.0,0.7200,0.6000,0.6000,1.1000,0.00000000,0.08685777,0.12199130,0.00585558,0.00000000,0.38061270,0.48796500,0.99122990,0.00018315,0.00018315,0.00543345,0.01159950,3.61440400,3.30632200,1.81684800,1.10439400,0.60329610,1.09816700,0.79816780,0.71963300,3.29853100,3.30219400,0.79677580,5.02232000,4.99284000,0.00341880, 2, 255, 7, 24,0x50000,No,No,No,No,No,Yes,No,Yes
2026-04-13 11:01:19,1.0,2400,910,,910,960,44,,200,,,648,,64.2,0.8679,0.6000,0.6000,1.1000,0.00000000,0.08978556,0.12979870,0.00390372,0.00000000,0.37963680,0.49186870,1.56275000,0.00018315,0.00042735,0.00525030,0.01172160,3.62090000,3.31560100,1.78852100,1.10292900,0.60366240,1.09816700,0.79816780,0.86952300,3.29944700,3.30219400,0.79765500,4.99016000,5.00088000,0.00341880, 2, 255, 7, 24,0x50000,No,No,No,No,No,Yes,No,Yes
2026-04-13 11:01:21,0.2,2400,910,,910,960,44,,200,,,648,,64.2,0.8679,0.6000,0.6000,1.1000,0.00000000,0.09076149,0.12882280,0.00780744,0.00000000,0.39037200,0.48894090,1.56275000,0.00006105,0.00042735,0.00586080,0.01196580,3.62925200,3.31281700,1.79926600,1.10586000,0.60329610,1.09926600,0.79816780,0.86898570,3.30036300,3.30311000,0.79794790,4.99016000,4.97140000,0.00256410, 2, 255, 7, 24,0x50000,No,No,No,No,No,Yes,No,Yes
2026-04-13 11:01:23,0.3,1500,500,,500,500,44,,200,,,648,,63.1,0.7200,0.6000,0.6000,1.1000,0.00000000,0.08783370,0.12296720,0.00780744,0.00000000,0.36694970,0.49089280,0.99122990,0.00006105,0.00054945,0.00561660,0.01221000,3.64038700,3.31467300,1.78900900,1.10695900,0.60439500,1.09853400,0.79816780,0.71963300,3.29944700,3.30127900,0.79765500,5.01428000,4.99954000,0.00341880, 2, 255, 7, 24,0x50000,No,No,No,No,No,Yes,No,Yes
2026-04-13 11:01:25,0.3,1500,500,,500,500,44,,200,,,648,,63.1,0.7200,0.6000,0.6000,1.1000,0.00000000,0.09368929,0.12296720,0.00390372,0.00000000,0.37085340,0.51236320,1.00016000,0.00006105,0.00042735,0.00543345,0.01208790,3.62925200,3.30910500,1.81733600,1.10732500,0.60695910,1.09926600,0.79853400,0.71990160,3.30036300,3.30311000,0.79765500,5.02366000,5.00356000,0.00341880, 2, 255, 7, 24,0x50000,No,No,No,No,No,Yes,No,Yes
2026-04-13 11:01:27,1.5,2400,910,,910,960,44,,200,,,648,,63.1,0.8679,0.6000,0.6000,1.1000,0.00000000,0.12979870,0.16102850,0.00780744,0.00000000,0.37182930,0.48210940,1.56275000,0.00012210,0.00036630,0.00543345,0.01184370,3.63110700,3.31281700,1.78852100,1.10586000,0.60586020,1.09926600,0.79853400,0.86925430,3.30036300,3.30036300,0.79706880,4.97006000,4.99418000,0.00341880, 2, 255, 7, 24,0x50000,No,No,No,No,No,Yes,No,Yes
2026-04-13 11:01:30,0.2,2400,910,,910,960,44,,200,,,648,,64.8,0.8679,0.6000,0.6000,1.1000,0.00000000,0.09076149,0.13077460,0.00585558,0.00000000,0.36792560,0.49089280,1.56275000,0.00006105,0.00018315,0.00586080,0.01172160,3.62182800,3.30539300,1.79926600,1.10512700,0.60292980,1.09706800,0.79670250,0.86898570,3.29853100,3.29944700,0.79677580,4.91780000,4.97140000,0.00341880, 2, 255, 7, 24,0x50000,No,No,No,No,No,Yes,No,Yes
2026-04-13 11:01:32,5.3,2400,910,,910,960,44,,200,,,648,,64.2,0.8679,0.6000,0.6000,1.1000,0.00000000,0.09271335,0.13077460,0.00780744,0.00000000,0.36694970,0.48894090,1.58061000,0.00012210,0.00036630,0.00549450,0.01184370,3.62275600,3.31560100,1.79389300,1.10439400,0.60292980,1.09816700,0.79816780,0.86898570,3.29853100,3.30494200,0.79677580,4.99284000,4.98212000,0.00341880, 2, 255, 7, 24,0x50000,No,No,No,No,No,Yes,No,Yes
2026-04-13 11:01:34,1.8,2400,910,,910,960,44,,200,,,648,,64.2,0.8679,0.6000,0.6000,1.1000,0.00000000,0.09271335,0.12882280,0.01073523,0.00000000,0.36694970,0.48894090,1.54489000,0.00012210,0.00036630,0.00531135,0.01159950,3.61533200,3.29518600,1.78998600,1.10695900,0.60622650,1.09816700,0.79853400,0.87006020,3.29944700,3.30311000,0.79677580,4.99820000,4.97140000,0.00341880, 2, 255, 7, 24,0x50000,No,No,No,No,No,Yes,No,Yes
2026-04-13 11:01:36,1.3,2400,910,,910,960,44,,200,,,648,,64.8,0.8679,0.6000,0.6000,1.1000,0.00000000,0.08490592,0.12979870,0.00878337,0.00000000,0.36987750,0.48991690,1.57168000,0.00018315,0.00036630,0.00482295,0.01147740,3.59770100,3.31281700,1.78754400,1.10769100,0.60036570,1.09816700,0.79816780,0.86925430,3.30127900,3.30219400,0.79677580,4.84544000,4.98346000,0.00341880, 2, 255, 7, 24,0x50000,No,No,No,No,No,Yes,No,Yes
2026-04-13 11:01:38,0.3,1500,500,,500,500,44,,200,,,648,,63.7,0.7200,0.6000,0.6000,1.1000,0.00000000,0.08588185,0.12491900,0.00683151,0.00000000,0.36792560,0.49186870,1.00016000,0.00006105,0.00042735,0.00482295,0.01159950,3.63760300,3.31188900,1.81684800,1.10292900,0.60402870,1.09926600,0.79816780,0.71936430,3.29853100,3.30311000,0.79677580,5.01160000,5.01428000,0.00256410, 2, 255, 7, 24,0x50000,No,No,No,No,No,Yes,No,Yes
2026-04-13 11:01:40,0.2,1500,500,,500,500,44,,200,,,648,,63.1,0.7200,0.6000,0.6000,1.1000,0.00000000,0.08978556,0.12296720,0.00390372,0.00000000,0.36792560,0.49186870,1.00016000,0.00018315,0.00018315,0.00531135,0.01184370,3.64317100,3.30910500,1.82124300,1.10292900,0.60586020,1.09890000,0.79816780,0.71936430,3.29853100,3.30219400,0.79706880,5.01428000,4.99418000,0.00341880, 2, 255, 7, 24,0x50000,No,No,No,No,No,Yes,No,Yes
2026-04-13 11:01:42,1.5,2400,910,,910,960,44,,200,,,648,,64.2,0.8679,0.6000,0.6000,1.1000,0.00000000,0.09564114,0.12882280,0.00390372,0.00000000,0.36792560,0.49284470,1.58954000,0.00012210,0.00054945,0.00586080,0.01159950,3.57543000,3.31003300,1.80024200,1.11062200,0.59963310,1.09816700,0.79890030,0.86952300,3.29944700,3.30127900,0.79677580,4.84410000,4.89100000,0.00341880, 2, 255, 7, 24,0x50000,No,No,No,No,No,Yes,No,Yes
2026-04-13 11:01:44,0.5,2400,910,,910,960,44,,200,,,648,,64.8,0.8679,0.6000,0.6000,1.1000,0.00000000,0.08978556,0.13077460,0.00683151,0.00000000,0.37182930,0.49284470,1.58954000,0.00012210,0.00036630,0.00561660,0.01184370,3.62646800,3.31560100,1.79389300,1.10732500,0.60183090,1.09999900,0.79890030,0.86898570,3.29944700,3.30127900,0.79677580,4.98346000,4.99284000,0.00341880, 2, 255, 7, 24,0x50000,No,No,No,No,No,Yes,No,Yes
2026-04-13 11:01:47,0.3,1500,500,,500,500,44,,200,,,648,,63.7,0.7200,0.6000,0.6000,1.1000,0.00000000,0.09173742,0.12296720,0.00585558,0.00000000,0.36987750,0.49382060,0.99122990,0.00006105,0.00042735,0.00586080,0.01159950,3.63760300,3.31281700,1.79926600,1.10439400,0.60036570,1.09999900,0.79816780,0.71909580,3.29944700,3.30219400,0.79677580,4.98346000,5.00490000,0.00341880, 2, 255, 7, 24,0x50000,No,No,No,No,No,Yes,No,Yes
2026-04-13 11:01:49,0.3,1500,500,,500,500,44,,200,,,648,,63.7,0.7200,0.6000,0.6000,1.1000,0.00000000,0.09368929,0.12589500,0.10442450,0.00000000,0.36987750,0.49382060,1.00016000,0.00006105,0.00018315,0.00561660,0.01159950,3.62554000,3.31003300,1.81684800,1.10146400,0.60256350,1.09816700,0.79853400,0.71990160,3.29853100,3.30219400,0.79677580,4.99418000,5.01160000,0.00341880, 2, 255, 7, 24,0x50000,No,No,No,No,No,Yes,No,Yes
2026-04-13 11:01:51,0.3,1500,500,,500,500,44,,200,,,648,,63.1,0.7200,0.6000,0.6000,1.1000,0.00000000,0.09076149,0.12687090,0.01073523,0.00000000,0.36694970,0.49284470,1.00016000,0.00018315,0.00042735,0.00470085,0.01208790,3.64131500,3.31560100,1.81733600,1.10439400,0.60109830,1.09853400,0.79926660,0.71990160,3.29853100,3.30585700,0.79677580,5.01160000,5.02768000,0.00341880, 2, 255, 7, 24,0x50000,No,No,No,No,No,Yes,No,Yes
2026-04-13 11:01:53,0.7,2400,910,,910,960,44,,200,,,648,,64.8,0.8679,0.6000,0.6000,1.1000,0.00000000,0.08783370,0.12882280,0.00585558,0.00000000,0.36987750,0.49186870,1.56275000,0.00018315,0.00048840,0.00586080,0.01172160,3.62182800,3.31281700,1.79926600,1.11062200,0.60366240,1.09853400,0.79816780,0.86979160,3.29944700,3.30311000,0.79677580,4.96872000,4.98480000,0.00341880, 2, 255, 7, 24,0x50000,No,No,No,No,No,Yes,No,Yes
2026-04-13 11:01:55,1.5,2400,910,,910,960,44,,200,,,648,,63.7,0.8679,0.6000,0.6000,1.1000,0.05855580,0.09368929,0.12687090,0.00780744,0.00000000,0.36890160,0.48698910,1.58954000,0.00006105,0.00018315,0.00506715,0.01159950,3.57635800,3.30817700,1.79389300,1.10805800,0.60622650,1.09743500,0.79926660,0.86898570,3.30036300,3.30219400,0.79765500,4.98346000,4.97274000,0.00341880, 2, 255, 7, 24,0x50000,No,No,No,No,No,Yes,No,Yes
2026-04-13 11:01:57,0.3,1500,500,,500,500,44,,200,,,648,,64.2,0.7200,0.6000,0.6000,1.1000,0.04586871,0.12003940,0.12199130,0.00390372,0.00000000,0.36890160,0.49089280,1.00016000,0.00006105,0.00048840,0.00506715,0.01172160,3.61533200,3.29889800,1.79926600,1.11355200,0.60402870,1.09706800,0.79670250,0.71963300,3.29944700,3.30311000,0.79765500,4.98346000,5.00356000,0.00341880, 2, 255, 7, 24,0x50000,No,No,No,No,No,Yes,No,Yes
2026-04-13 11:01:59,1.2,2400,910,,910,960,44,,200,,,648,,65.3,0.8679,0.6000,0.6000,1.1000,0.05757987,0.08685777,0.13175060,0.00585558,0.00000000,0.36792560,0.49186870,1.58954000,0.00012210,0.00048840,0.00482295,0.01221000,3.61069200,3.31281700,1.78852100,1.10512700,0.60366240,1.09706800,0.79890030,0.86898570,3.29853100,3.30219400,0.79765500,4.96872000,4.95800000,0.00341880, 2, 255, 7, 24,0x50000,No,No,No,No,No,Yes,No,Yes
2026-04-13 11:02:02,0.2,2400,910,,910,960,44,,200,,,648,,65.3,0.8679,0.6000,0.6000,1.1000,0.00000000,0.07905034,0.12784680,0.00683151,0.00000000,0.36987750,0.48796500,1.57168000,0.00006105,0.00042735,0.00531135,0.01172160,3.61347600,3.31096100,1.81684800,1.11355200,0.60476130,1.09926600,0.79780140,0.86898570,3.29853100,3.30219400,0.79794790,4.97140000,4.97810000,0.00341880, 2, 255, 7, 24,0x50000,No,No,No,No,No,Yes,No,Yes
2026-04-13 11:02:04,0.3,1500,500,,500,500,44,,200,,,648,,63.1,0.7200,0.6000,0.6000,1.1000,0.00000000,0.09173742,0.12296720,0.00683151,0.00000000,0.36694970,0.49186870,1.04481000,0.00006105,0.00018315,0.00537240,0.01159950,3.63760300,3.31560100,1.81684800,1.10512700,0.60366240,1.09853400,0.79816780,0.71990160,3.30036300,3.30311000,0.79677580,4.99418000,5.00356000,0.00341880, 2, 255, 7, 24,0x50000,No,No,No,No,No,Yes,No,Yes
2026-04-13 11:02:06,1.8,1500,500,,500,500,44,,200,,,648,,63.1,0.7200,0.6000,0.6000,1.1000,0.00000000,0.09173742,0.12687090,0.00585558,0.00000000,0.38061270,0.49772430,1.01802000,0.00006105,0.00042735,0.00482295,0.01196580,3.63945900,3.31560100,1.78754400,1.10586000,0.60366240,1.09816700,0.79816780,0.71990160,3.30219400,3.30311000,0.79765500,4.99284000,5.01696000,0.00341880, 2, 255, 7, 24,0x50000,No,No,No,No,No,Yes,No,Yes
2026-04-13 11:02:08,20.1,2400,910,,910,960,44,,200,,,648,,65.9,0.8679,0.6000,0.6000,1.1000,0.00000000,0.09466522,0.12979870,0.00585558,0.00000000,0.36792560,0.48991690,1.58061000,0.00012210,0.00036630,0.00482295,0.01184370,3.62090000,3.29518600,1.82124300,1.10732500,0.60732540,1.09816700,0.79816780,0.86898570,3.29944700,3.30402600,0.79677580,5.00490000,4.97140000,0.00341880, 2, 255, 7, 24,0x50000,No,No,No,No,No,Yes,No,Yes
2026-04-13 11:02:10,0.0,2400,910,,910,960,44,,200,,,648,,65.3,0.8679,0.6000,0.6000,1.1000,0.00000000,0.09076149,0.12882280,0.00585558,0.00000000,0.36890160,0.48894090,1.58061000,0.00018315,0.00018315,0.00525030,0.01184370,3.61069200,3.30539300,1.78852100,1.10879000,0.60366240,1.09890000,0.79926660,0.87006020,3.30036300,3.30219400,0.79736190,4.97140000,4.94996000,0.00256410, 2, 255, 7, 24,0x50000,No,No,No,No,No,Yes,No,Yes
2026-04-13 11:02:12,0.0,2400,910,,910,960,44,,200,,,648,,65.3,0.8679,0.6000,0.6000,1.1000,0.00000000,0.09466522,0.12979870,0.00878337,0.00000000,0.37085340,0.49382060,1.57168000,0.00018315,0.00042735,0.00543345,0.01184370,3.61162000,3.29982600,1.79926600,1.10622600,0.60366240,1.09853400,0.79816780,0.86898570,3.29944700,3.30127900,0.79677580,4.96068000,4.98480000,0.00256410, 2, 255, 7, 24,0x50000,No,No,No,No,No,Yes,No,Yes
2026-04-13 11:02:14,0.5,2400,910,,910,960,44,,200,,,648,,65.3,0.8679,0.6000,0.6000,1.1000,0.00000000,0.13955800,0.16200440,0.00683151,0.00000000,0.36792560,0.49186870,1.58061000,0.00006105,0.00042735,0.00482295,0.01172160,3.61904400,3.32766400,1.79096300,1.11062200,0.60402870,1.09853400,0.79853400,0.86925430,3.30036300,3.30219400,0.79765500,4.97006000,4.96202000,0.00341880, 2, 255, 7, 24,0x50000,No,No,No,No,No,Yes,No,Yes
2026-04-13 11:02:17,2.0,2400,910,,910,960,44,,200,,,648,,65.3,0.8679,0.6000,0.6000,1.1000,0.00000000,0.09954486,0.13467840,0.00780744,0.00000000,0.36890160,0.49284470,1.58954000,0.00006105,0.00042735,0.00525030,0.01196580,3.62275600,3.31560100,1.79096300,1.10146400,0.60439500,1.09816700,0.79853400,0.86898570,3.29761600,3.30219400,0.79736190,4.97408000,4.95666000,0.00341880, 2, 255, 7, 24,0x50000,No,No,No,No,No,Yes,No,Yes
2026-04-13 11:02:19,3.0,2400,910,,910,960,44,,200,,,648,,64.2,0.8679,0.6000,0.6000,1.1000,0.00000000,0.09271335,0.12784680,0.00585558,0.00000000,0.36987750,0.48894090,1.58954000,0.00012210,0.00036630,0.00561660,0.01196580,3.61069200,3.31467300,1.79926600,1.10695900,0.60256350,1.09816700,0.79816780,0.86925430,3.29853100,3.30219400,0.79677580,4.95130000,4.97274000,0.00341880, 2, 255, 7, 24,0x50000,No,No,No,No,No,Yes,No,Yes
2026-04-13 11:02:21,0.2,2400,910,,910,960,44,,200,,,648,,63.7,0.8679,0.6000,0.6000,1.1000,0.00000000,0.09466522,0.12882280,0.00585558,0.00000000,0.37085340,0.49186870,1.60740000,0.00018315,0.00042735,0.00598290,0.01159950,3.61811600,3.31560100,1.78852100,1.11062200,0.60219720,1.09890000,0.79926660,0.86925430,3.29853100,3.30311000,0.79794790,4.98480000,4.96470000,0.00341880, 2, 255, 7, 24,0x50000,No,No,No,No,No,Yes,No,Yes
2026-04-13 11:02:23,0.3,2400,910,,910,960,44,,200,,,648,,65.3,0.8679,0.6000,0.6000,1.1000,0.00000000,0.06733918,0.12979870,0.00487965,0.00000000,0.21080090,0.33767180,1.57168000,0.00018315,0.00018315,0.00482295,0.01111110,3.63574700,3.31838500,1.81684800,1.10769100,0.60622650,1.10256300,0.80073180,0.86898570,3.29853100,3.30219400,0.79736190,5.04376000,5.04242000,0.00341880, 2, 255, 7, 24,0x50000,No,No,No,No,No,Yes,No,Yes
2026-04-13 11:02:25,1.0,1500,500,,500,500,44,,200,,,648,,63.1,0.7200,0.6000,0.6000,1.1000,0.00000000,0.06245952,0.12296720,0.00390372,0.00000000,0.20884900,0.33474400,1.00016000,0.00006105,0.00018315,0.00543345,0.01111110,3.65430600,3.30817700,1.81684800,1.10695900,0.60732540,1.09999900,0.79963290,0.71936430,3.30036300,3.30127900,0.79765500,5.04376000,5.07458000,0.00341880, 2, 255, 7, 24,0x50000,No,No,No,No,No,Yes,No,Yes
2026-04-13 11:02:27,0.0,1500,500,,500,500,44,,200,,,648,,64.2,0.7200,0.6000,0.6000,1.1000,0.00000000,0.06148359,0.12687090,0.00292779,0.00000000,0.22348800,0.33669580,0.99122990,0.00018315,0.00042735,0.00482295,0.01123320,3.65245000,3.31652900,1.81733600,1.11391800,0.60586020,1.10109800,0.80036550,0.71990160,3.29944700,3.30311000,0.79736190,5.05448000,5.02499900,0.00341880, 2, 255, 7, 24,0x50000,No,No,No,No,No,Yes,No,Yes
2026-04-13 11:02:29,0.0,1500,500,,500,500,44,,200,,,648,,64.8,0.7200,0.6000,0.6000,1.1000,0.00000000,0.06148359,0.12394310,0.00585558,0.00000000,0.20689720,0.33669580,0.99122990,0.00006105,0.00042735,0.00586080,0.01135530,3.65616200,3.31003300,1.82124300,1.10586000,0.60549390,1.09999900,0.80146440,0.71990160,3.30036300,3.30311000,0.79677580,5.05984000,5.05046000,0.00341880, 2, 255, 7, 24,0x50000,No,No,No,No,No,Yes,No,Yes
2026-04-13 11:02:32,0.5,1500,500,,500,500,44,,200,,,648,,63.7,0.7200,0.6000,0.6000,1.1000,0.00000000,0.05953173,0.12394310,0.00000000,0.00000000,0.21275270,0.33669580,1.00909000,0.00006105,0.00042735,0.00537240,0.01172160,3.65523400,3.30724900,1.78754400,1.10805800,0.60695910,1.10329600,0.79963290,0.72017020,3.29944700,3.30311000,0.79677580,5.03840000,5.02499900,0.00341880, 2, 255, 7, 24,0x50000,No,No,No,No,No,Yes,No,Yes
2026-04-13 11:02:34,3.0,1700,591,,591,602,44,,200,,,648,,64.8,0.7854,0.6000,0.6000,1.1000,0.00000000,0.05953173,0.12491900,0.00487965,0.00000000,0.21080090,0.33571990,1.19662000,0.00018315,0.00042735,0.00586080,0.01123320,3.64873800,3.31838500,1.79828900,1.10512700,0.60586020,1.09999900,0.80146440,0.78974280,3.29853100,3.30311000,0.79765500,5.04912000,5.00088000,0.00341880, 2, 255, 7, 24,0x50000,No,No,No,No,No,Yes,No,Yes
2026-04-13 11:02:36,0.0,1500,500,,500,500,44,,200,,,648,,62.6,0.7200,0.6000,0.6000,1.1000,0.00000000,0.07514661,0.12394310,0.00487965,0.00000000,0.21080090,0.33669580,0.98229990,0.00018315,0.00018315,0.00543345,0.01111110,3.65245000,3.30724900,1.78852100,1.11208700,0.60586020,1.10329600,0.80183080,0.72017020,3.30127900,3.30219400,0.79706880,5.06788000,5.05314000,0.00341880, 2, 255, 7, 24,0x50000,No,No,No,No,No,Yes,No,Yes
2026-04-13 11:02:38,0.0,1500,500,,500,500,44,,200,,,648,,63.7,0.7200,0.6000,0.6000,1.1000,0.00000000,0.06050766,0.12687090,0.00780744,0.00000000,0.21080090,0.33767180,0.97336990,0.00006105,0.00042735,0.00543345,0.01123320,3.64873800,3.31003300,1.82124300,1.11062200,0.60586020,1.09999900,0.80183080,0.71990160,3.30036300,3.30311000,0.79765500,5.04912000,5.01160000,0.00341880, 2, 255, 7, 24,0x50000,No,No,No,No,No,Yes,No,Yes
2026-04-13 11:02:40,0.0,1500,500,,500,500,44,,200,,,648,,63.1,0.7200,0.6000,0.6000,1.1000,0.00000000,0.06245952,0.12394310,0.00390372,0.00000000,0.20982490,0.33571990,0.98229990,0.00018315,0.00048840,0.00518925,0.01172160,3.65245000,3.30817700,1.78852100,1.10292900,0.60586020,1.10329600,0.80183080,0.71990160,3.29944700,3.30219400,0.79677580,5.04778000,5.05850000,0.00341880, 2, 255, 7, 24,0x50000,No,No,No,No,No,Yes,No,Yes
2026-04-13 11:02:42,0.0,1500,500,,500,500,44,,200,,,648,,62.6,0.7200,0.6000,0.6000,1.1000,0.00000000,0.06050766,0.12296720,0.00097593,0.00000000,0.21177680,0.33767180,0.98229990,0.00018315,0.00018315,0.00500610,0.01172160,3.64409900,3.30353800,1.81684800,1.10292900,0.60622650,1.10329600,0.80146440,0.71990160,3.30036300,3.30311000,0.79677580,5.04644000,5.06922000,0.00341880, 2, 255, 7, 24,0x50000,No,No,No,No,No,Yes,No,Yes
2026-04-13 11:02:44,1.7,2400,910,,910,960,44,,200,,,648,,63.7,0.8679,0.6000,0.6000,1.1000,0.00000000,0.06636324,0.13077460,0.00683151,0.00000000,0.21080090,0.33864770,1.54489000,0.00006105,0.00042735,0.00482295,0.01123320,3.63945900,3.31281700,1.81684800,1.10292900,0.60549390,1.10329600,0.80146440,0.86898570,3.29853100,3.30311000,0.79677580,4.97140000,5.04912000,0.00341880, 2, 255, 7, 24,0x50000,No,No,No,No,No,Yes,No,Yes
2026-04-13 11:02:47,0.0,2400,910,,910,960,44,,200,,,648,,63.1,0.8679,0.6000,0.6000,1.1000,0.00000000,0.06148359,0.13077460,0.00487965,0.00000000,0.20787310,0.33962360,1.56275000,0.00012210,0.00036630,0.00549450,0.01111110,3.61811600,3.31188900,1.79926600,1.11208700,0.60586020,1.10402800,0.79963290,0.86898570,3.30036300,3.30219400,0.79765500,5.01562000,5.03572000,0.00341880, 2, 255, 7, 24,0x50000,No,No,No,No,No,Yes,No,Yes
2026-04-13 11:02:49,0.0,2400,910,,910,960,44,,200,,,648,,64.2,0.8679,0.6000,0.6000,1.1000,0.00000000,0.05757987,0.13175060,0.00585558,0.00000000,0.21080090,0.33571990,1.55382000,0.00012210,0.00036630,0.00525030,0.01123320,3.64502700,3.30817700,1.78998600,1.10292900,0.60366240,1.10292900,0.79963290,0.86898570,3.29853100,3.30311000,0.79794790,5.01964000,5.03840000,0.00341880, 2, 255, 7, 24,0x50000,No,No,No,No,No,Yes,No,Yes
2026-04-13 11:02:51,3.0,2400,910,,910,960,44,,200,,,648,,64.2,0.8679,0.6000,0.6000,1.1000,0.00000000,0.06245952,0.13077460,0.00292779,0.00000000,0.21080090,0.33669580,1.57168000,0.00018315,0.00018315,0.00506715,0.01172160,3.64781100,3.30724900,1.78852100,1.10586000,0.60695910,1.10329600,0.80146440,0.86925430,3.29853100,3.30127900,0.79736190,5.03572000,5.05448000,0.00341880, 2, 255, 7, 24,0x50000,No,No,No,No,No,Yes,No,Yes
2026-04-13 11:02:53,0.0,2400,910,,910,960,44,,200,,,648,,64.8,0.8679,0.6000,0.6000,1.1000,0.00000000,0.05953173,0.12882280,0.00292779,0.00000000,0.21275270,0.33571990,1.56275000,0.00018315,0.00036630,0.00543345,0.01159950,3.64781100,3.31281700,1.79926600,1.10805800,0.60695910,1.10329600,0.80109810,0.86925430,3.29853100,3.30219400,0.79677580,5.00624000,5.05180000,0.00341880, 2, 255, 7, 24,0x50000,No,No,No,No,No,Yes,No,Yes
2026-04-13 11:02:55,1.0,1500,500,,500,500,44,,200,,,648,,63.7,0.7200,0.6000,0.6000,1.1000,0.00000000,0.06929103,0.12394310,0.00487965,0.00000000,0.20982490,0.34059960,0.99122990,0.00006105,0.00042735,0.00525030,0.01123320,3.65152200,3.31838500,1.81684800,1.11282000,0.60586020,1.10329600,0.79963290,0.71963300,3.30219400,3.30219400,0.79765500,5.07056000,5.05716000,0.00341880, 2, 255, 7, 24,0x50000,No,No,No,No,No,Yes,No,Yes
2026-04-13 11:02:57,1.0,1800,636,,636,653,44,,200,,,648,,63.1,0.7200,0.6000,0.6000,1.1000,0.00000000,0.06148359,0.12589500,0.00487965,0.00000000,0.20982490,0.33962360,0.97336990,0.00018315,0.00018315,0.00525030,0.01147740,3.65152200,3.30446500,1.81684800,1.10732500,0.60659280,1.10329600,0.80036550,0.71936430,3.29853100,3.30219400,0.79765500,5.07056000,5.06520000,0.00341880, 2, 255, 7, 24,0x50000,No,No,No,No,No,Yes,No,Yes
2026-04-13 11:02:59,0.3,1500,500,,500,500,44,,200,,,648,,62.6,0.7200,0.6000,0.6000,1.1000,0.00000000,0.06343545,0.12589500,0.00585558,0.00000000,0.21080090,0.33571990,0.97336990,0.00006105,0.00042735,0.00525030,0.01111110,3.65523400,3.30353800,1.81684800,1.10439400,0.60292980,1.10073200,0.79890030,0.71936430,3.29853100,3.30127900,0.79677580,5.04778000,5.04644000,0.00341880, 2, 255, 7, 24,0x50000,No,No,No,No,No,Yes,No,Yes
2026-04-13 11:03:02,0.0,1500,500,,500,500,44,,200,,,648,,62.0,0.7200,0.6000,0.6000,1.1000,0.00000000,0.06148359,0.12589500,0.00780744,0.00000000,0.21860830,0.33864770,0.96444000,0.00018315,0.00042735,0.00537240,0.01111110,3.65801800,3.30446500,1.81733600,1.10439400,0.60622650,1.10073200,0.80146440,0.71963300,3.29853100,3.30127900,0.79736190,5.05448000,5.06788000,0.00341880, 2, 255, 7, 24,0x50000,No,No,No,No,No,Yes,No,Yes
2026-04-13 11:03:04,0.2,1500,500,,500,500,44,,200,,,648,,64.8,0.7200,0.6000,0.6000,1.1000,0.00000000,0.06245952,0.12589500,0.00878337,0.00000000,0.21080090,0.33571990,0.99122990,0.00006105,0.00018315,0.00543345,0.01172160,3.65801800,3.30632200,1.81733600,1.10622600,0.60659280,1.10402800,0.80146440,0.71909580,3.29853100,3.30311000,0.79677580,5.05984000,5.04376000,0.00341880, 2, 255, 7, 24,0x50000,No,No,No,No,No,Yes,No,Yes
2026-04-13 11:03:06,0.0,2400,910,,910,960,44,,200,,,648,,64.8,0.8679,0.6000,0.6000,1.1000,0.00000000,0.06148359,0.12979870,0.00390372,0.00000000,0.20787310,0.33181620,1.55382000,0.00012210,0.00042735,0.00518925,0.01111110,3.64781100,3.31838500,1.78754400,1.10439400,0.60586020,1.10329600,0.80146440,0.86925430,3.29944700,3.30311000,0.79706880,5.03974000,5.03572000,0.00341880, 2, 255, 7, 24,0x50000,No,No,No,No,No,Yes,No,Yes
2026-04-13 11:03:08,0.0,2400,910,,910,960,44,,200,,,648,,63.7,0.8679,0.6000,0.6000,1.1000,0.00000000,0.06050766,0.12979870,0.00292779,0.00000000,0.21080090,0.33571990,1.54489000,0.00018315,0.00036630,0.00482295,0.01147740,3.64595500,3.31096100,1.78852100,1.10695900,0.60695910,1.10073200,0.79963290,0.86925430,3.29761600,3.30127900,0.79677580,5.04242000,5.02634000,0.00341880, 2, 255, 7, 24,0x50000,No,No,No,No,No,Yes,No,Yes
2026-04-13 11:03:10,0.0,1500,500,,500,500,44,,200,,,648,,64.2,0.7200,0.6000,0.6000,1.1000,0.00000000,0.06148359,0.12491900,0.00000000,0.00000000,0.20982490,0.33669580,0.98229990,0.00006105,0.00018315,0.00549450,0.01135530,3.65894600,3.31838500,1.81733600,1.10732500,0.60659280,1.10219700,0.80109810,0.71963300,3.30036300,3.30219400,0.79706880,5.03438000,5.03840000,0.00341880, 2, 255, 7, 24,0x50000,No,No,No,No,No,Yes,No,Yes
2026-04-13 11:03:12,0.0,1500,500,,500,500,44,,200,,,648,,63.1,0.7200,0.6000,0.6000,1.1000,0.00000000,0.06441138,0.12394310,0.00487965,0.00000000,0.20982490,0.33767180,0.97336990,0.00018315,0.00042735,0.00525030,0.01172160,3.64873800,3.30446500,1.82124300,1.10732500,0.60659280,1.10146400,0.79963290,0.71909580,3.29853100,3.30219400,0.79736190,5.05180000,5.04778000,0.00341880, 2, 255, 7, 24,0x50000,No,No,No,No,No,Yes,No,Yes
2026-04-13 11:03:14,1.0,1500,500,,500,500,44,,200,,,648,,62.6,0.7200,0.6000,0.6000,1.1000,0.00000000,0.05367615,0.12491900,0.00683151,0.00000000,0.20982490,0.33767180,0.98229990,0.00006105,0.00018315,0.00537240,0.01172160,3.65894600,3.30446500,1.81684800,1.11208700,0.60842430,1.09999900,0.80036550,0.71963300,3.29944700,3.30219400,0.79677580,5.06788000,5.08396000,0.00341880, 2, 255, 7, 24,0x50000,No,No,No,No,No,Yes,No,Yes
2026-04-13 11:03:17,0.3,2400,910,,910,960,44,,200,,,648,,64.2,0.8679,0.6000,0.6000,1.1000,0.00000000,0.06148359,0.12979870,0.00487965,0.00000000,0.21177680,0.33571990,1.54489000,0.00024420,0.00036630,0.00525030,0.01135530,3.64038700,3.30353800,1.78852100,1.10769100,0.60586020,1.10146400,0.79890030,0.86871700,3.29761600,3.30127900,0.79706880,5.03706000,5.01696000,0.00341880, 2, 255, 7, 24,0x50000,No,No,No,No,No,Yes,No,Yes
2026-04-13 11:03:19,0.0,2400,910,,910,960,44,,200,,,648,,63.7,0.8679,0.6000,0.6000,1.1000,0.00000000,0.05562801,0.13175060,0.00683151,0.00000000,0.20884900,0.33767180,1.55382000,0.00012210,0.00042735,0.00549450,0.01172160,3.65245000,3.30724900,1.78852100,1.10659200,0.60659280,1.09963300,0.80073180,0.86925430,3.30036300,3.30311000,0.79736190,5.03572000,5.02902000,0.00341880, 2, 255, 7, 24,0x50000,No,No,No,No,No,Yes,No,Yes
2026-04-13 11:03:21,0.2,1500,500,,500,500,44,,200,,,648,,63.1,0.7200,0.6000,0.6000,1.1000,0.00000000,0.06148359,0.12394310,0.00878337,0.00000000,0.28204380,0.33767180,0.97336990,0.00006105,0.00018315,0.00482295,0.01172160,3.61811600,3.31374500,1.81684800,1.10256300,0.60732540,1.09999900,0.80292960,0.71990160,3.30036300,3.30311000,0.79794790,5.07324000,5.07592000,0.00341880, 2, 255, 7, 24,0x50000,No,No,No,No,No,Yes,No,Yes
2026-04-13 11:03:23,0.0,1500,500,,500,500,44,,200,,,648,,64.2,0.7200,0.6000,0.6000,1.1000,0.00000000,0.06636324,0.12491900,0.00292779,0.00000000,0.20787310,0.33864770,0.97336990,0.00006105,0.00042735,0.00543345,0.01147740,3.65430600,3.32209700,1.81684800,1.11062200,0.60586020,1.10073200,0.80036550,0.71990160,3.29853100,3.30311000,0.79677580,5.07592000,5.04108000,0.00341880, 2, 255, 7, 24,0x50000,No,No,No,No,No,Yes,No,Yes
2026-04-13 11:03:25,0.0,1500,500,,500,500,44,,200,,,648,,63.7,0.7200,0.6000,0.6000,1.1000,0.00000000,0.05367615,0.12199130,0.00292779,0.00000000,0.21177680,0.33767180,0.96444000,0.00018315,0.00042735,0.00543345,0.01123320,3.64873800,3.30260900,1.82124300,1.10439400,0.60109830,1.10329600,0.80036550,0.71963300,3.29944700,3.29944700,0.79677580,4.91780000,5.06386000,0.00341880, 2, 255, 7, 24,0x50000,No,No,No,No,No,Yes,No,Yes
2026-04-13 11:03:27,1.0,2400,910,,910,960,44,,200,,,648,,64.8,0.8679,0.6000,0.6000,1.1000,0.00000000,0.06148359,0.12979870,0.00683151,0.00000000,0.21080090,0.33376810,1.53596000,0.00012210,0.00036630,0.00610500,0.01123320,3.64595500,3.31281700,1.78852100,1.10769100,0.60769170,1.10219700,0.80146440,0.86925430,3.29761600,3.30219400,0.79765500,5.06117900,5.01562000,0.00341880, 2, 255, 7, 24,0x50000,No,No,No,No,No,Yes,No,Yes
2026-04-13 11:03:29,0.0,2400,910,,910,960,44,,200,,,648,,63.7,0.8679,0.6000,0.6000,1.1000,0.00000000,0.06050766,0.12979870,0.00390372,0.00000000,0.20787310,0.33474400,1.55382000,0.00012210,0.00036630,0.00543345,0.01086690,3.63667500,3.31838500,1.79096300,1.11355200,0.60622650,1.10183000,0.79926660,0.86979160,3.29853100,3.30311000,0.79677580,5.03840000,5.01696000,0.00341880, 2, 255, 7, 24,0x50000,No,No,No,No,No,Yes,No,Yes
2026-04-13 11:03:31,0.0,1500,500,,500,500,44,,200,,,648,,64.2,0.7200,0.6000,0.6000,1.1000,0.00000000,0.06050766,0.12296720,0.00487965,0.00000000,0.21080090,0.33669580,0.97336990,0.00018315,0.00042735,0.00531135,0.01135530,3.65616200,3.30446500,1.82124300,1.10439400,0.60659280,1.10146400,0.80036550,0.71963300,3.30036300,3.30219400,0.79765500,5.05984000,5.05448000,0.00341880, 2, 255, 7, 24,0x50000,No,No,No,No,No,Yes,No,Yes
2026-04-13 11:03:34,1.5,2400,910,,910,960,44,,200,,,648,,64.2,0.8679,0.6000,0.6000,1.1000,0.00000000,0.05757987,0.13077460,0.00487965,0.00000000,0.20982490,0.33767180,1.53596000,0.00006105,0.00042735,0.00482295,0.01172160,3.64781100,3.31096100,1.78803200,1.10219700,0.60622650,1.09999900,0.80183080,0.86925430,3.29853100,3.30219400,0.79677580,5.05448000,5.04242000,0.00341880, 2, 255, 7, 24,0x50000,No,No,No,No,No,Yes,No,Yes
2026-04-13 11:03:36,0.0,2400,910,,910,960,44,,200,,,648,,64.2,0.8679,0.6000,0.6000,1.1000,0.00000000,0.05953173,0.12882280,0.00585558,0.00000000,0.21177680,0.33571990,1.54489000,0.00006105,0.00042735,0.00543345,0.01159950,3.65059400,3.31467300,1.79096300,1.10292900,0.60732540,1.09999900,0.80183080,0.86791120,3.29944700,3.30402600,0.79648270,4.97274000,5.01026000,0.00341880, 2, 255, 7, 24,0x50000,No,No,No,No,No,Yes,No,Yes
2026-04-13 11:03:38,0.0,1500,500,,500,500,44,,200,,,648,,63.7,0.7200,0.6000,0.6000,1.1000,0.00000000,0.06636324,0.12687090,0.00292779,0.00000000,0.21080090,0.33571990,0.99122990,0.00018315,0.00042735,0.00482295,0.01147740,3.65430600,3.30539300,1.81733600,1.10586000,0.60695910,1.10146400,0.80183080,0.71963300,3.29853100,3.30127900,0.79765500,5.07056000,5.05046000,0.00341880, 2, 255, 7, 24,0x50000,No,No,No,No,No,Yes,No,Yes
2026-04-13 11:03:40,0.0,1500,500,,500,500,44,,200,,,648,,63.1,0.7200,0.6000,0.6000,1.1000,0.00000000,0.05855580,0.12491900,0.00585558,0.00000000,0.21177680,0.33864770,1.00909000,0.00006105,0.00018315,0.00525030,0.01172160,3.65523400,3.31838500,1.81684800,1.10805800,0.60622650,1.10329600,0.79963290,0.71963300,3.29853100,3.30219400,0.79677580,5.05984000,5.04912000,0.00341880, 2, 255, 7, 24,0x50000,No,No,No,No,No,Yes,No,Yes
2026-04-13 11:03:42,0.5,1500,500,,500,500,44,,200,,,648,,62.6,0.7200,0.6000,0.6000,1.1000,0.00000000,0.06050766,0.12296720,0.00390372,0.00000000,0.21080090,0.33571990,0.97336990,0.00018315,0.00042735,0.00470085,0.01111110,3.65430600,3.31374500,1.82124300,1.10586000,0.60402870,1.10329600,0.80109810,0.71990160,3.29853100,3.30311000,0.79824100,5.05984000,5.05984000,0.00341880, 2, 255, 7, 24,0x50000,No,No,No,No,No,Yes,No,Yes
2026-04-13 11:03:44,0.0,1500,500,,500,500,44,,200,,,648,,62.6,0.7200,0.6000,0.6000,1.1000,0.00000000,0.06733918,0.12491900,0.00487965,0.00000000,0.20982490,0.33669580,0.95551000,0.00006105,0.00030525,0.00543345,0.01123320,3.64502700,3.31188900,1.81684800,1.10805800,0.60586020,1.10402800,0.80183080,0.71963300,3.29944700,3.30219400,0.79706880,5.04644000,5.03706000,0.00341880, 2, 255, 7, 24,0x50000,No,No,No,No,No,Yes,No,Yes
2026-04-13 11:03:46,1.8,1700,591,,591,602,44,,200,,,648,,62.6,0.7992,0.6000,0.6000,1.1000,0.00000000,0.06148359,0.12491900,0.00487965,0.00000000,0.20884900,0.33864770,1.23234000,0.00018315,0.00042735,0.00555555,0.01111110,3.61254800,3.31652900,1.80610300,1.10292900,0.60476130,1.10073200,0.79926660,0.79941320,3.29853100,3.30219400,0.79677580,4.92584000,5.08396000,0.00341880, 2, 255, 7, 24,0x50000,No,No,No,No,No,Yes,No,Yes
2026-04-13 11:03:49,0.0,1500,500,,500,500,44,,200,,,648,,62.0,0.7200,0.6000,0.6000,1.1000,0.00000000,0.10540040,0.15224510,0.00390372,0.00000000,0.20884900,0.33864770,0.97336990,0.00006105,0.00042735,0.00506715,0.01196580,3.65245000,3.29333000,1.81684800,1.10219700,0.60586020,1.10329600,0.80146440,0.71990160,3.30219400,3.30311000,0.79765500,5.05984000,5.00356000,0.00341880, 2, 255, 7, 24,0x50000,No,No,No,No,No,Yes,No,Yes
2026-04-13 11:03:51,0.0,1500,500,,500,500,44,,200,,,648,,62.6,0.7200,0.6000,0.6000,1.1000,0.00000000,0.05953173,0.12589500,0.00390372,0.00000000,0.20787310,0.33474400,0.95551000,0.00018315,0.00042735,0.00476190,0.01135530,3.66729800,3.30446500,1.82124300,1.10586000,0.60695910,1.09999900,0.80109810,0.71963300,3.30036300,3.30219400,0.79765500,5.05984000,5.05046000,0.00341880, 2, 255, 7, 24,0x50000,No,No,No,No,No,Yes,No,Yes
2026-04-13 11:03:53,1.7,2400,910,,910,960,44,,200,,,648,,62.6,0.8679,0.6000,0.6000,1.1000,0.00000000,0.06343545,0.12979870,0.00585558,0.00000000,0.21080090,0.33474400,1.54489000,0.00018315,0.00042735,0.00506715,0.01111110,3.64595500,3.31931300,1.78852100,1.10439400,0.60695910,1.10146400,0.80036550,0.86925430,3.29853100,3.30402600,0.79677580,5.02768000,5.03170000,0.00341880, 2, 255, 7, 24,0x50000,No,No,No,No,No,Yes,No,Yes
2026-04-13 11:03:55,0.0,2400,910,,910,960,44,,200,,,648,,64.2,0.8679,0.6000,0.6000,1.1000,0.04684464,0.06050766,0.12882280,0.00683151,0.00000000,0.21177680,0.33767180,1.53596000,0.00012210,0.00042735,0.00543345,0.01147740,3.63110700,3.31003300,1.78754400,1.11208700,0.60659280,1.10292900,0.79963290,0.86898570,3.30036300,3.30127900,0.79765500,5.03304000,5.01026000,0.00341880, 2, 255, 7, 24,0x50000,No,No,No,No,No,Yes,No,Yes
2026-04-13 11:03:57,0.0,1500,500,,500,500,44,,200,,,648,,63.7,0.7200,0.6000,0.6000,1.1000,0.04977243,0.06245952,0.12296720,0.00195186,0.00000000,0.20787310,0.33767180,0.99122990,0.00018315,0.00042735,0.00525030,0.01172160,3.65245000,3.31003300,1.82124300,1.11355200,0.60659280,1.10256300,0.80073180,0.71936430,3.29853100,3.30219400,0.79765500,5.05448000,4.94192000,0.00341880, 2, 255, 7, 24,0x50000,No,No,No,No,No,Yes,No,Yes
2026-04-13 11:03:59,0.0,1500,500,,500,500,44,,200,,,648,,62.6,0.7200,0.6000,0.6000,1.1000,0.05757987,0.05562801,0.12589500,0.00585558,0.00000000,0.21080090,0.33864770,0.97336990,0.00006105,0.00042735,0.00586080,0.01172160,3.63945900,3.32209700,1.81684800,1.10146400,0.60659280,1.10329600,0.80146440,0.71936430,3.29944700,3.30219400,0.79736190,5.03572000,5.04912000,0.00341880, 2, 255, 7, 24,0x50000,No,No,No,No,No,Yes,No,Yes
2026-04-13 11:04:01,0.0,1500,500,,500,500,44,,200,,,648,,61.5,0.7200,0.6000,0.6000,1.1000,0.00000000,0.06148359,0.12394310,0.00487965,0.00000000,0.20982490,0.33669580,0.96444000,0.00006105,0.00042735,0.00543345,0.01147740,3.65894600,3.30724900,1.81684800,1.10988900,0.60586020,1.10329600,0.80073180,0.71963300,3.30036300,3.30219400,0.79765500,5.05984000,5.04376000,0.00341880, 2, 255, 7, 24,0x50000,No,No,No,No,No,Yes,No,Yes
2026-04-13 11:04:04,5.8,2400,910,,910,960,44,,200,,,648,,64.2,0.8679,0.6000,0.6000,1.1000,0.00000000,0.05562801,0.12882280,0.00683151,0.00000000,0.21080090,0.33474400,1.52703000,0.00018315,0.00042735,0.00476190,0.01135530,3.65616200,3.31188900,1.78754400,1.10732500,0.60622650,1.10073200,0.79963290,0.86925430,3.29853100,3.30219400,0.79677580,5.02098000,5.01428000,0.00341880, 2, 255, 7, 24,0x50000,No,No,No,No,No,Yes,No,Yes
2026-04-13 11:04:06,1.5,2400,910,,910,960,44,,200,,,648,,64.2,0.8679,0.6000,0.6000,1.1000,0.00000000,0.05757987,0.13077460,0.00292779,0.00000000,0.20982490,0.33669580,1.53596000,0.00018315,0.00054945,0.00537240,0.01123320,3.63667500,3.30075400,1.78852100,1.11208700,0.60695910,1.10476100,0.80183080,0.86898570,3.29944700,3.30219400,0.79677580,5.01696000,5.04242000,0.00341880, 2, 255, 7, 24,0x50000,No,No,No,No,No,Yes,No,Yes
2026-04-13 11:04:08,1.3,2400,910,,910,960,44,,200,,,648,,62.0,0.8679,0.6000,0.6000,1.1000,0.00000000,0.06245952,0.12882280,0.00878337,0.00000000,0.20884900,0.33571990,1.54489000,0.00018315,0.00042735,0.00476190,0.01147740,3.64038700,3.31374500,1.78754400,1.11355200,0.60476130,1.10146400,0.80109810,0.86898570,3.30036300,3.30127900,0.79765500,5.03304000,5.01562000,0.00341880, 2, 255, 7, 24,0x50000,No,No,No,No,No,Yes,No,Yes
2026-04-13 11:04:10,0.0,1500,500,,500,500,44,,200,,,648,,63.1,0.7200,0.6000,0.6000,1.1000,0.00000000,0.06148359,0.12491900,0.00585558,0.00000000,0.20884900,0.34352740,0.96444000,0.00018315,0.00018315,0.00482295,0.01172160,3.66637000,3.30724900,1.81684800,1.10219700,0.60586020,1.10329600,0.79963290,0.71990160,3.30036300,3.30219400,0.79824100,5.03840000,5.04912000,0.00341880, 2, 255, 7, 24,0x50000,No,No,No,No,No,Yes,No,Yes
2026-04-13 11:04:12,0.0,1500,500,,500,500,44,,200,,,648,,62.6,0.7200,0.6000,0.6000,1.1000,0.00000000,0.06148359,0.12394310,0.00780744,0.00000000,0.20689720,0.33084030,0.98229990,0.00006105,0.00042735,0.00537240,0.01123320,3.65801800,3.30724900,1.81684800,1.11062200,0.60732540,1.10292900,0.79926660,0.71963300,3.30036300,3.30219400,0.79736190,5.06922000,5.02634000,0.00341880, 2, 255, 7, 24,0x50000,No,No,No,No,No,Yes,No,Yes
2026-04-13 11:04:14,0.0,1500,500,,500,500,44,,200,,,648,,62.6,0.7200,0.6000,0.6000,1.1000,0.00000000,0.06148359,0.12491900,0.00487965,0.00000000,0.22056020,0.33767180,0.97336990,0.00006105,0.00042735,0.00506715,0.01135530,3.64873800,3.31281700,1.82124300,1.10219700,0.60695910,1.10073200,0.80073180,0.71990160,3.30036300,3.30311000,0.79765500,5.03974000,5.06117900,0.00341880, 2, 255, 7, 24,0x50000,No,No,No,No,No,Yes,No,Yes
2026-04-13 11:04:16,2.2,2400,910,,910,960,44,,200,,,648,,63.1,0.8679,0.6000,0.6000,1.1000,0.00000000,0.05757987,0.12784680,0.00390372,0.00000000,0.22056020,0.33571990,1.54489000,0.00012210,0.00036630,0.00586080,0.01135530,3.66080200,3.30168200,1.78754400,1.11062200,0.60659280,1.10476100,0.80073180,0.86925430,3.30036300,3.30036300,0.79736190,5.03438000,5.02232000,0.00341880, 2, 255, 7, 24,0x50000,No,No,No,No,No,Yes,No,Yes
2026-04-13 11:04:18,1.0,2400,910,,910,960,44,,200,,,648,,63.7,0.8679,0.6000,0.6000,1.1000,0.00000000,0.06733918,0.12784680,0.00585558,0.00000000,0.20884900,0.33571990,1.53596000,0.00024420,0.00036630,0.00586080,0.01123320,3.64038700,3.30724900,1.78852100,1.10805800,0.60586020,1.10329600,0.80109810,0.86925430,3.29761600,3.30127900,0.79677580,5.00758000,5.05448000,0.00341880, 2, 255, 7, 24,0x50000,No,No,No,No,No,Yes,No,Yes
2026-04-13 11:04:21,0.0,2400,910,,500,500,44,,200,,,648,,63.1,0.7200,0.6000,0.6000,1.1000,0.00000000,0.06148359,0.12589500,0.00390372,0.00000000,0.21080090,0.33864770,0.98229990,0.00006105,0.00048840,0.00476190,0.01135530,3.65987400,3.31467300,1.79926600,1.10695900,0.60622650,1.10402800,0.80036550,0.71990160,3.29944700,3.30127900,0.79736190,5.05850000,5.05984000,0.00341880, 2, 255, 7, 24,0x50000,No,No,No,No,No,Yes,No,Yes
2026-04-13 11:04:23,0.0,2400,910,,910,960,44,,200,,,648,,62.6,0.8679,0.6000,0.6000,1.1000,0.00000000,0.06050766,0.12784680,0.00292779,0.00000000,0.21275270,0.33669580,1.54489000,0.00018315,0.00042735,0.00586080,0.01172160,3.65523400,3.30446500,1.78754400,1.10769100,0.60659280,1.10476100,0.79926660,0.86952300,3.29944700,3.30402600,0.79677580,5.03840000,5.00356000,0.00341880, 2, 255, 7, 24,0x50000,No,No,No,No,No,Yes,No,Yes
2026-04-13 11:04:25,0.0,2400,910,,910,960,44,,200,,,648,,64.2,0.8679,0.6000,0.6000,1.1000,0.00000000,0.05953173,0.13175060,0.00487965,0.00000000,0.21080090,0.33767180,1.54489000,0.00018315,0.00054945,0.00525030,0.01135530,3.65245000,3.31096100,1.78852100,1.10805800,0.60732540,1.09999900,0.80036550,0.86925430,3.30036300,3.30311000,0.79677580,5.03840000,5.02634000,0.00341880, 2, 255, 7, 24,0x50000,No,No,No,No,No,Yes,No,Yes
2026-04-13 11:04:27,1.7,1500,500,,500,500,44,,200,,,648,,63.7,0.7200,0.6000,0.6000,1.1000,0.00000000,0.06148359,0.12491900,0.00487965,0.00000000,0.20982490,0.33474400,0.97336990,0.00006105,0.00018315,0.00561660,0.01135530,3.64781100,3.31467300,1.81684800,1.10805800,0.60732540,1.10219700,0.80073180,0.71990160,3.29853100,3.30127900,0.79677580,5.05716000,5.05984000,0.00341880, 2, 255, 7, 24,0x50000,No,No,No,No,No,Yes,No,Yes
2026-04-13 11:04:29,0.3,1500,500,,500,500,44,,200,,,648,,63.7,0.7200,0.6000,0.6000,1.1000,0.00000000,0.06050766,0.12101530,0.00487965,0.00000000,0.22153610,0.33669580,0.97336990,0.00006105,0.00042735,0.00482295,0.01111110,3.65152200,3.30817700,1.81684800,1.11025500,0.60659280,1.10109800,0.80146440,0.71963300,3.29853100,3.30219400,0.79765500,5.06252000,5.04644000,0.00341880, 2, 255, 7, 24,0x50000,No,No,No,No,No,Yes,No,Yes
2026-04-13 11:04:31,0.0,1500,500,,500,500,44,,200,,,648,,62.6,0.7200,0.6000,0.6000,1.1000,0.00000000,0.06148359,0.12394310,0.00292779,0.00000000,0.20884900,0.33571990,0.96444000,0.00006105,0.00042735,0.00476190,0.01147740,3.65801800,3.31652900,1.81684800,1.10769100,0.60659280,1.10329600,0.80109810,0.71963300,3.30036300,3.30219400,0.79765500,5.05582000,5.05984000,0.00341880, 2, 255, 7, 24,0x50000,No,No,No,No,No,Yes,No,Yes
2026-04-13 11:04:33,0.2,1500,500,,500,500,44,,200,,,648,,63.1,0.7200,0.6000,0.6000,1.1000,0.00000000,0.06148359,0.12491900,0.00390372,0.00000000,0.21177680,0.33571990,0.96444000,0.00018315,0.00042735,0.00525030,0.01135530,3.65245000,3.31838500,1.81733600,1.11062200,0.60512760,1.10329600,0.80109810,0.71990160,3.30036300,3.30219400,0.79765500,5.05716000,5.03572000,0.00341880, 2, 255, 7, 24,0x50000,No,No,No,No,No,Yes,No,Yes
2026-04-13 11:04:36,4.5,2400,910,,910,960,43,,200,,,648,,62.6,0.8679,0.6000,0.6000,1.1000,0.00000000,0.12589500,0.12979870,0.00292779,0.00000000,0.20787310,0.33376810,1.54489000,0.00018315,0.00042735,0.00598290,0.01172160,3.64502700,3.31281700,1.81684800,1.11391800,0.60842430,1.10329600,0.80146440,0.86925430,3.29853100,3.30311000,0.79706880,5.04912000,5.02634000,0.00341880, 2, 255, 7, 24,0x50000,No,No,No,No,No,Yes,No,Yes
2026-04-13 11:04:38,3.2,2400,910,,910,960,44,,200,,,648,,63.1,0.8679,0.6000,0.6000,1.1000,0.00000000,0.05953173,0.13077460,0.00585558,0.00000000,0.20982490,0.33669580,1.53596000,0.00006105,0.00054945,0.00543345,0.01172160,3.63945900,3.30353800,1.78754400,1.10439400,0.60695910,1.10329600,0.80073180,0.86871700,3.30036300,3.30311000,0.79765500,5.00356000,5.03170000,0.00341880, 2, 255, 7, 24,0x50000,No,No,No,No,No,Yes,No,Yes
2026-04-13 11:04:40,0.2,2400,910,,910,960,44,,200,,,648,,65.3,0.8679,0.6000,0.6000,1.1000,0.00000000,0.06050766,0.12979870,0.00878337,0.00000000,0.20982490,0.33962360,1.53596000,0.00012210,0.00036630,0.00610500,0.01123320,3.64595500,3.30446500,1.79926600,1.10439400,0.60659280,1.10146400,0.80073180,0.86871700,3.30036300,3.30219400,0.79765500,5.01294000,5.05448000,0.00341880, 2, 255, 7, 24,0x50000,No,No,No,No,No,Yes,No,Yes
2026-04-13 11:04:42,0.0,1500,500,,500,500,44,,200,,,648,,62.6,0.7200,0.6000,0.6000,1.1000,0.00000000,0.06148359,0.12394310,0.00487965,0.00000000,0.22153610,0.33376810,0.96444000,0.00006105,0.00018315,0.00525030,0.01196580,3.65801800,3.30260900,1.81684800,1.10292900,0.60659280,1.10329600,0.80146440,0.71936430,3.30036300,3.30219400,0.79765500,5.05984000,5.02499900,0.00341880, 2, 255, 7, 24,0x50000,No,No,No,No,No,Yes,No,Yes
2026-04-13 11:04:44,0.0,2400,910,,910,960,44,,200,,,648,,64.2,0.8679,0.6000,0.6000,1.1000,0.00000000,0.06538731,0.12784680,0.00000000,0.00000000,0.23031950,0.33767180,1.53596000,0.00012210,0.00036630,0.00482295,0.01135530,3.64873800,3.29518600,1.79389300,1.10292900,0.60622650,1.10219700,0.80146440,0.86898570,3.29944700,3.30219400,0.79677580,5.04644000,5.03304000,0.00341880, 2, 255, 7, 24,0x50000,No,No,No,No,No,Yes,No,Yes
2026-04-13 11:04:46,0.0,2400,910,,910,960,44,,200,,,648,,64.2,0.8679,0.6000,0.6000,1.1000,0.00000000,0.06538731,0.12979870,0.00390372,0.00000000,0.20982490,0.33571990,1.53596000,0.00018315,0.00018315,0.00592185,0.01135530,3.64409900,3.30353800,1.78754400,1.10805800,0.60586020,1.10109800,0.79963290,0.86979160,3.29853100,3.30219400,0.79677580,5.03706000,5.01562000,0.00341880, 2, 255, 7, 24,0x50000,No,No,No,No,No,Yes,No,Yes
2026-04-13 11:04:48,0.0,1500,500,,500,500,44,,200,,,648,,62.0,0.7200,0.6000,0.6000,1.1000,0.00000000,0.05855580,0.12589500,0.00292779,0.00000000,0.20982490,0.33767180,1.03588000,0.00006105,0.00042735,0.00598290,0.01123320,3.67008200,3.30817700,1.81684800,1.10146400,0.60622650,1.10219700,0.80183080,0.72017020,3.30219400,3.30127900,0.79677580,5.05850000,5.05046000,0.00341880, 2, 255, 7, 24,0x50000,No,No,No,No,No,Yes,No,Yes
2026-04-13 11:04:50,0.0,1500,500,,500,500,44,,200,,,648,,62.0,0.7200,0.6000,0.6000,1.1000,0.00000000,0.06148359,0.12394310,0.00585558,0.00000000,0.21080090,0.33571990,0.97336990,0.00006105,0.00018315,0.00500610,0.01159950,3.65523400,3.31745700,1.78754400,1.10695900,0.60732540,1.10329600,0.79963290,0.71936430,3.30036300,3.30219400,0.79677580,5.05314000,5.03840000,0.00341880, 2, 255, 7, 24,0x50000,No,No,No,No,No,Yes,No,Yes
2026-04-13 11:04:53,1.0,1500,500,,500,500,44,,200,,,648,,62.6,0.7200,0.6000,0.6000,1.1000,0.00000000,0.07124290,0.12589500,0.00585558,0.00000000,0.20982490,0.33669580,0.97336990,0.00006105,0.00018315,0.00525030,0.01135530,3.65059400,3.31467300,1.82124300,1.10146400,0.60622650,1.09999900,0.79963290,0.71963300,3.30219400,3.30402600,0.79677580,5.07592000,5.03840000,0.00341880, 2, 255, 7, 24,0x50000,No,No,No,No,No,Yes,No,Yes
2026-04-13 11:04:55,0.0,1500,500,,500,500,44,,200,,,648,,62.0,0.7200,0.6000,0.6000,1.1000,0.00000000,0.06343545,0.12394310,0.00487965,0.00000000,0.20884900,0.33669580,0.96444000,0.00006105,0.00042735,0.00537240,0.01111110,3.65801800,3.31096100,1.81733600,1.10146400,0.60512760,1.10329600,0.80183080,0.71909580,3.30036300,3.30219400,0.79765500,5.07056000,5.03304000,0.00341880, 2, 255, 7, 24,0x50000,No,No,No,No,No,Yes,No,Yes
2026-04-13 11:04:57,0.2,1500,500,,500,500,44,,200,,,648,,63.1,0.7200,0.6000,0.6000,1.1000,0.00000000,0.05953173,0.12394310,0.00292779,0.00000000,0.20884900,0.33767180,0.98229990,0.00018315,0.00018315,0.00531135,0.01196580,3.65523400,3.31374500,1.81684800,1.10219700,0.60622650,1.10329600,0.80109810,0.71990160,3.30036300,3.30127900,0.79765500,5.03706000,5.06386000,0.00341880, 2, 255, 7, 24,0x50000,No,No,No,No,No,Yes,No,Yes
2026-04-13 11:04:59,2.0,2400,910,,910,960,44,,200,,,648,,63.1,0.8679,0.6000,0.6000,1.1000,0.00000000,0.05562801,0.12882280,0.00487965,0.00000000,0.20982490,0.33474400,1.52703000,0.00018315,0.00042735,0.00482295,0.01172160,3.66080200,3.31096100,1.78754400,1.10769100,0.60622650,1.10146400,0.80146440,0.86898570,3.29944700,3.30219400,0.79765500,5.04644000,4.95130000,0.00341880, 2, 255, 7, 24,0x50000,No,No,No,No,No,Yes,No,Yes
2026-04-13 11:05:01,0.0,2400,910,,910,960,44,,200,,,648,,63.1,0.8679,0.6000,0.6000,1.1000,0.00000000,0.06148359,0.12979870,0.00390372,0.00000000,0.21080090,0.33376810,1.53596000,0.00012210,0.00036630,0.00482295,0.01111110,3.63760300,3.30724900,1.81684800,1.11062200,0.60732540,1.10146400,0.80109810,0.86898570,3.30036300,3.30219400,0.79706880,5.02232000,5.02098000,0.00341880, 2, 255, 7, 24,0x50000,No,No,No,No,No,Yes,No,Yes
2026-04-13 11:05:03,0.0,2400,910,,910,960,44,,200,,,648,,63.7,0.8679,0.6000,0.6000,1.1000,0.00000000,0.06148359,0.12979870,0.00780744,0.00000000,0.20884900,0.33962360,1.53596000,0.00018315,0.00042735,0.00518925,0.01172160,3.64038700,3.31188900,1.78754400,1.10439400,0.60622650,1.09999900,0.80036550,0.86898570,3.29944700,3.30219400,0.79677580,5.04242000,5.02634000,0.00341880, 2, 255, 7, 24,0x50000,No,No,No,No,No,Yes,No,Yes
2026-04-13 11:05:05,0.0,2400,910,,910,960,44,,200,,,648,,63.7,0.8679,0.6000,0.6000,1.1000,0.00000000,0.05757987,0.12979870,0.00390372,0.00000000,0.20787310,0.33279210,1.54489000,0.00018315,0.00042735,0.00482295,0.01123320,3.64502700,3.31096100,1.78754400,1.10879000,0.60549390,1.10109800,0.80146440,0.86898570,3.29853100,3.30402600,0.79736190,5.01696000,5.03974000,0.00341880, 2, 255, 7, 24,0x50000,No,No,No,No,No,Yes,No,Yes
2026-04-13 11:05:08,0.0,2400,910,,910,960,44,,200,,,648,,63.7,0.8679,0.6000,0.6000,1.1000,0.00000000,0.06733918,0.12784680,0.00292779,0.00000000,0.21080090,0.33669580,1.54489000,0.00018315,0.00042735,0.00592185,0.01147740,3.65430600,3.29982600,1.78852100,1.10622600,0.60769170,1.10329600,0.80146440,0.86898570,3.29944700,3.30402600,0.79677580,5.03170000,5.01428000,0.00341880, 2, 255, 7, 24,0x50000,No,No,No,No,No,Yes,No,Yes
2026-04-13 11:05:10,0.0,1500,500,,500,500,44,,200,,,648,,64.2,0.7200,0.6000,0.6000,1.1000,0.00000000,0.06148359,0.12394310,0.00683151,0.00000000,0.20982490,0.33767180,0.97336990,0.00006105,0.00042735,0.00586080,0.01123320,3.66729800,3.30632200,1.81684800,1.10292900,0.60292980,1.09999900,0.79963290,0.71963300,3.29944700,3.30311000,0.79794790,5.06788000,5.05582000,0.00341880, 2, 255, 7, 24,0x50000,No,No,No,No,No,Yes,No,Yes
2026-04-13 11:05:12,0.0,1500,500,,500,500,44,,200,,,648,,62.0,0.7200,0.6000,0.6000,1.1000,0.00000000,0.05757987,0.12491900,0.00195186,0.00000000,0.21080090,0.33864770,0.96444000,0.00018315,0.00042735,0.00482295,0.01086690,3.57079000,3.31281700,1.79389300,1.10732500,0.60183090,1.10219700,0.80292960,0.71990160,3.29853100,3.30311000,0.79824100,5.07458000,5.05850000,0.00341880, 2, 255, 7, 24,0x50000,No,No,No,No,No,Yes,No,Yes
2026-04-13 11:05:14,0.3,2400,910,,910,960,44,,200,,,648,,64.2,0.8679,0.6000,0.6000,1.1000,0.00000000,0.06148359,0.12979870,0.00292779,0.00000000,0.21080090,0.33962360,1.52703000,0.00012210,0.00036630,0.00525030,0.01135530,3.65152200,3.31003300,1.82124300,1.11062200,0.60586020,1.10256300,0.80073180,0.86925430,3.29761600,3.30219400,0.79706880,5.03840000,5.02634000,0.00341880, 2, 255, 7, 24,0x50000,No,No,No,No,No,Yes,No,Yes
2026-04-13 11:05:16,0.0,2400,910,,910,960,43,,200,,,648,,63.7,0.8679,0.6000,0.6000,1.1000,0.00000000,0.06050766,0.12882280,0.00683151,0.00000000,0.21177680,0.33767180,1.53596000,0.00006105,0.00042735,0.00543345,0.01086690,3.64502700,3.31281700,1.80610300,1.10732500,0.60659280,1.10256300,0.80183080,0.86925430,3.30036300,3.30036300,0.79765500,5.01562000,5.04778000,0.00341880, 2, 255, 7, 24,0x50000,No,No,No,No,No,Yes,No,Yes
2026-04-13 11:05:18,0.0,1500,500,,500,500,44,,200,,,648,,63.1,0.7200,0.6000,0.6000,1.1000,0.00000000,0.06148359,0.12589500,0.00390372,0.00000000,0.20982490,0.33474400,0.97336990,0.00030525,0.00042735,0.00543345,0.01172160,3.66358600,3.31374500,1.79096300,1.10695900,0.60109830,1.10109800,0.80109810,0.71990160,3.29853100,3.30219400,0.79677580,5.05984000,5.03706000,0.00341880, 2, 255, 7, 24,0x50000,No,No,No,No,No,Yes,No,Yes
2026-04-13 11:05:20,0.2,2400,910,,910,960,43,,200,,,648,,64.2,0.8679,0.6000,0.6000,1.1000,0.00000000,0.06050766,0.12882280,0.00487965,0.00000000,0.21275270,0.33669580,1.53596000,0.00018315,0.00042735,0.00482295,0.01111110,3.63667500,3.30724900,1.81684800,1.10732500,0.60695910,1.10073200,0.80183080,0.86898570,3.29944700,3.30402600,0.79677580,5.02634000,5.03304000,0.00341880, 2, 255, 7, 24,0x50000,No,No,No,No,No,Yes,No,Yes
2026-04-13 11:05:23,1.0,2400,910,,910,960,44,,200,,,648,,63.7,0.8679,0.6000,0.6000,1.1000,0.00000000,0.05953173,0.12882280,0.00585558,0.00000000,0.20689720,0.33474400,1.56275000,0.00012210,0.00036630,0.00555555,0.01172160,3.64409900,3.30910500,1.79096300,1.10292900,0.60695910,1.10219700,0.79963290,0.86898570,3.29944700,3.30219400,0.79677580,5.06788000,5.02499900,0.00341880, 2, 255, 7, 24,0x50000,No,No,No,No,No,Yes,No,Yes
2026-04-13 11:05:25,0.0,1500,500,,500,500,44,,200,,,648,,62.6,0.7200,0.6000,0.6000,1.1000,0.00000000,0.06050766,0.12101530,0.00487965,0.00000000,0.20982490,0.33669580,1.00016000,0.00018315,0.00042735,0.00512820,0.01123320,3.65245000,3.30817700,1.81733600,1.11208700,0.60659280,1.10109800,0.80109810,0.71990160,3.29853100,3.30402600,0.79736190,5.04108000,5.05850000,0.00341880, 2, 255, 7, 24,0x50000,No,No,No,No,No,Yes,No,Yes
2026-04-13 11:05:27,0.0,1500,500,,500,500,44,,200,,,648,,62.0,0.7200,0.6000,0.6000,1.1000,0.00000000,0.06733918,0.12589500,0.00487965,0.00000000,0.21177680,0.33669580,0.97336990,0.00006105,0.00042735,0.00482295,0.01111110,3.65430600,3.31096100,1.81684800,1.10695900,0.60622650,1.10329600,0.80073180,0.71963300,3.29853100,3.30219400,0.79677580,5.04912000,5.04510000,0.00341880, 2, 255, 7, 24,0x50000,No,No,No,No,No,Yes,No,Yes
2026-04-13 11:05:29,0.0,1500,500,,500,500,44,,200,,,648,,62.6,0.7200,0.6000,0.6000,1.1000,0.00000000,0.06148359,0.12491900,0.00683151,0.00000000,0.20787310,0.33571990,0.96444000,0.00018315,0.00042735,0.00482295,0.01147740,3.66729800,3.31188900,1.81733600,1.10769100,0.60586020,1.10402800,0.80146440,0.71963300,3.30036300,3.30219400,0.79765500,5.03438000,5.05984000,0.00341880, 2, 255, 7, 24,0x50000,No,No,No,No,No,Yes,No,Yes
2026-04-13 11:05:31,1.7,2400,910,,910,960,44,,200,,,648,,62.0,0.8679,0.6000,0.6000,1.1000,0.00000000,0.06148359,0.12882280,0.00683151,0.00000000,0.21177680,0.33571990,1.52703000,0.00006105,0.00042735,0.00586080,0.01111110,3.64688300,3.31003300,1.78852100,1.10695900,0.60695910,1.10036500,0.80073180,0.86979160,3.30036300,3.30219400,0.79765500,5.03438000,5.03304000,0.00341880, 2, 255, 7, 24,0x50000,No,No,No,No,No,Yes,No,Yes
2026-04-13 11:05:33,1.2,2400,910,,910,960,44,,200,,,648,,64.8,0.8679,0.6000,0.6000,1.1000,0.00000000,0.06050766,0.12784680,0.00292779,0.00000000,0.21080090,0.33864770,1.53596000,0.00018315,0.00042735,0.00537240,0.01172160,3.65152200,3.30168200,1.79828900,1.10805800,0.60586020,1.10146400,0.80219700,0.86898570,3.29944700,3.30311000,0.79677580,5.04778000,5.03706000,0.00341880, 2, 255, 7, 24,0x50000,No,No,No,No,No,Yes,No,Yes
2026-04-13 11:05:35,0.0,2400,910,,910,960,44,,200,,,648,,63.7,0.8679,0.6000,0.6000,1.1000,0.00000000,0.06148359,0.12979870,0.00292779,0.00000000,0.21080090,0.33279210,1.54489000,0.00018315,0.00042735,0.00543345,0.01123320,3.64781100,3.31188900,1.78852100,1.10622600,0.60622650,1.09999900,0.80073180,0.86925430,3.29944700,3.30219400,0.79736190,5.04644000,5.03974000,0.00341880, 2, 255, 7, 24,0x50000,No,No,No,No,No,Yes,No,Yes
2026-04-13 11:05:37,0.2,1500,500,,500,500,44,,200,,,648,,63.7,0.7200,0.6000,0.6000,1.1000,0.00000000,0.06148359,0.12589500,0.00195186,0.00000000,0.20982490,0.34059960,0.97336990,0.00006105,0.00042735,0.00537240,0.01147740,3.65337800,3.31281700,1.81733600,1.10183000,0.60659280,1.10219700,0.80036550,0.71963300,3.29853100,3.30219400,0.79765500,5.03438000,5.05984000,0.00341880, 2, 255, 7, 24,0x50000,No,No,No,No,No,Yes,No,Yes
2026-04-13 11:05:40,0.0,1500,500,,500,500,44,,200,,,648,,62.6,0.7200,0.6000,0.6000,1.1000,0.00000000,0.06148359,0.12687090,0.00487965,0.00000000,0.20884900,0.33767180,0.96444000,0.00006105,0.00042735,0.00543345,0.01172160,3.64502700,3.30817700,1.79096300,1.10439400,0.60512760,1.10146400,0.80146440,0.71990160,3.30402600,3.30311000,0.79677580,5.05314000,5.06386000,0.00341880, 2, 255, 7, 24,0x50000,No,No,No,No,No,Yes,No,Yes
2026-04-13 11:05:42,1.0,1500,500,,500,500,44,,200,,,648,,62.6,0.7200,0.6000,0.6000,1.1000,0.00000000,0.06148359,0.12491900,0.00390372,0.00000000,0.22056020,0.33279210,0.95551000,0.00006105,0.00042735,0.00598290,0.01111110,3.79999600,3.31188900,1.78852100,1.10695900,0.60512760,1.10292900,0.80146440,0.71963300,3.29853100,3.30219400,0.79794790,5.06252000,5.06386000,0.00341880, 2, 255, 7, 24,0x50000,No,No,No,No,No,Yes,No,Yes
2026-04-13 11:05:44,0.0,1500,500,,500,500,44,,200,,,648,,60.4,0.7200,0.6000,0.6000,1.1000,0.00000000,0.05953173,0.12491900,0.00292779,0.00000000,0.20982490,0.33571990,0.97336990,0.00018315,0.00042735,0.00537240,0.01123320,3.66729800,3.31560100,1.79389300,1.10769100,0.60586020,1.10292900,0.79999920,0.71990160,3.30036300,3.30311000,0.79736190,5.05850000,5.06654000,0.00341880, 2, 255, 7, 24,0x50000,No,No,No,No,No,Yes,No,Yes
2026-04-13 11:05:46,0.0,1500,500,,500,500,44,,200,,,648,,62.6,0.7200,0.6000,0.6000,1.1000,0.00000000,0.06343545,0.12003940,0.00487965,0.00000000,0.21080090,0.33669580,0.96444000,0.00018315,0.00042735,0.00476190,0.01123320,3.65616200,3.30632200,1.82124300,1.10805800,0.60659280,1.10036500,0.80073180,0.71963300,3.30219400,3.30219400,0.79736190,5.07994000,5.01830000,0.00341880, 2, 255, 7, 24,0x50000,No,No,No,No,No,Yes,No,Yes
2026-04-13 11:05:48,0.0,1500,500,,500,500,44,,200,,,648,,62.0,0.7200,0.6000,0.6000,1.1000,0.00000000,0.06148359,0.12199130,0.00390372,0.00000000,0.22153610,0.33376810,0.96444000,0.00018315,0.00042735,0.00586080,0.01086690,3.65245000,3.30817700,1.79389300,1.10695900,0.60476130,1.10329600,0.80109810,0.71990160,3.29853100,3.30219400,0.79765500,5.04376000,5.03974000,0.00341880, 2, 255, 7, 24,0x50000,No,No,No,No,No,Yes,No,Yes
2026-04-13 11:05:50,2.0,2400,910,,910,960,44,,200,,,648,,63.1,0.8679,0.6000,0.6000,1.1000,0.00000000,0.06050766,0.12882280,0.00390372,0.00000000,0.21275270,0.33767180,1.52703000,0.00018315,0.00042735,0.00506715,0.01172160,3.64317100,3.30632200,1.81684800,1.10439400,0.60622650,1.10292900,0.80073180,0.86952300,3.30219400,3.30219400,0.79677580,4.95264000,4.94862000,0.00341880, 2, 255, 7, 24,0x50000,No,No,No,No,No,Yes,No,Yes
2026-04-13 11:05:52,0.0,2400,910,,910,960,44,,200,,,648,,63.1,0.8679,0.6000,0.6000,1.1000,0.00000000,0.06148359,0.12784680,0.00292779,0.00000000,0.20884900,0.33571990,1.52703000,0.00018315,0.00042735,0.00610500,0.01086690,3.65430600,3.31188900,1.81684800,1.10695900,0.60659280,1.10402800,0.80183080,0.86925430,3.30036300,3.30219400,0.79765500,5.04912000,4.97944000,0.00341880, 2, 255, 7, 24,0x50000,No,No,No,No,No,Yes,No,Yes
2026-04-13 11:05:55,0.0,1500,500,,500,500,44,,200,,,648,,63.1,0.7200,0.6000,0.6000,1.1000,0.05270022,0.06148359,0.12101530,0.00292779,0.00000000,0.20884900,0.33376810,0.96444000,0.00006105,0.00042735,0.00586080,0.01111110,3.65245000,3.30724900,1.78754400,1.10805800,0.60512760,1.10329600,0.80109810,0.71963300,3.30036300,3.30127900,0.79736190,5.06788000,5.02768000,0.00341880, 2, 255, 7, 24,0x50000,No,No,No,No,No,Yes,No,Yes
2026-04-13 11:05:57,0.0,1500,500,,500,500,44,,200,,,648,,60.9,0.7200,0.6000,0.6000,1.1000,0.05953173,0.05953173,0.12589500,0.00292779,0.00000000,0.22446390,0.33767180,0.96444000,0.00018315,0.00042735,0.00482295,0.01172160,3.65059400,3.31188900,1.79096300,1.10292900,0.60476130,1.10402800,0.79963290,0.71990160,3.29944700,3.30127900,0.79677580,5.04242000,5.06922000,0.00341880, 2, 255, 7, 24,0x50000,No,No,No,No,No,Yes,No,Yes
2026-04-13 11:05:59,2.3,1500,500,,500,500,44,,200,,,648,,62.0,0.7200,0.6000,0.6000,1.1000,0.05855580,0.06148359,0.12491900,0.00585558,0.00000000,0.20982490,0.33767180,0.97336990,0.00006105,0.00042735,0.00586080,0.01172160,3.64038700,3.31467300,1.78852100,1.10805800,0.60366240,1.10219700,0.80036550,0.71963300,3.29944700,3.30219400,0.79765500,5.03706000,5.03438000,0.00341880, 2, 255, 7, 24,0x50000,No,No,No,No,No,Yes,No,Yes
2026-04-13 11:06:01,0.0,1500,500,,500,500,44,,200,,,648,,61.5,0.7200,0.6000,0.6000,1.1000,0.05953173,0.06148359,0.12394310,0.00390372,0.00000000,0.20787310,0.33376810,0.96444000,0.00018315,0.00042735,0.00525030,0.01135530,3.64409900,3.30724900,1.79389300,1.10439400,0.60732540,1.10402800,0.80109810,0.71963300,3.30219400,3.30127900,0.79736190,5.04912000,5.04912000,0.00341880, 2, 255, 7, 24,0x50000,No,No,No,No,No,Yes,No,Yes
2026-04-13 11:06:03,0.0,1500,500,,500,500,44,,200,,,648,,62.0,0.7200,0.6000,0.6000,1.1000,0.00000000,0.06148359,0.12589500,0.00585558,0.00000000,0.21958430,0.33864770,0.96444000,0.00006105,0.00042735,0.00506715,0.01172160,3.66729800,3.31467300,1.81684800,1.10439400,0.60695910,1.10219700,0.79963290,0.71936430,3.30036300,3.30219400,0.79736190,5.05984000,5.04778000,0.00341880, 2, 255, 7, 24,0x50000,No,No,No,No,No,Yes,No,Yes
2026-04-13 11:06:05,0.0,1500,500,,500,500,44,,200,,,648,,61.5,0.7200,0.6000,0.6000,1.1000,0.00000000,0.06148359,0.12296720,0.00097593,0.00000000,0.21080090,0.33669580,0.96444000,0.00006105,0.00042735,0.00561660,0.01111110,3.65616200,3.31281700,1.79096300,1.10695900,0.60805800,1.10402800,0.80109810,0.71963300,3.29944700,3.30219400,0.79765500,5.05582000,5.05046000,0.00341880, 2, 255, 7, 24,0x50000,No,No,No,No,No,Yes,No,Yes
2026-04-13 11:06:07,0.0,1500,500,,500,500,44,,200,,,648,,61.5,0.7200,0.6000,0.6000,1.1000,0.00000000,0.06148359,0.12394310,0.00195186,0.00000000,0.21080090,0.33279210,0.96444000,0.00018315,0.00042735,0.00537240,0.01147740,3.65430600,3.31188900,1.79389300,1.10476100,0.60549390,1.10329600,0.79963290,0.71936430,3.29944700,3.30127900,0.79765500,5.05850000,5.05984000,0.00341880, 2, 255, 7, 24,0x50000,No,No,No,No,No,Yes,No,Yes
2026-04-13 11:06:10,0.0,2400,910,,910,960,44,,200,,,648,,63.1,0.8679,0.6000,0.6000,1.1000,0.00000000,0.06245952,0.12979870,0.00585558,0.00000000,0.20884900,0.33279210,1.51810000,0.00024420,0.00042735,0.00610500,0.01123320,3.66080200,3.30446500,1.78754400,1.10732500,0.60695910,1.10329600,0.80256330,0.86925430,3.29944700,3.30311000,0.79677580,5.03170000,5.02634000,0.00341880, 2, 255, 7, 24,0x50000,No,No,No,No,No,Yes,No,Yes
2026-04-13 11:06:12,0.0,2400,910,,910,960,44,,200,,,648,,63.1,0.8679,0.6000,0.6000,1.1000,0.00000000,0.06050766,0.12882280,0.00292779,0.00000000,0.20982490,0.33767180,1.54489000,0.00006105,0.00042735,0.00476190,0.01135530,3.64409900,3.30539300,1.78852100,1.11062200,0.60732540,1.10329600,0.79963290,0.86952300,3.29578400,3.30311000,0.79765500,5.01830000,5.04912000,0.00341880, 2, 255, 7, 24,0x50000,No,No,No,No,No,Yes,No,Yes
2026-04-13 11:06:14,1.8,2400,910,,910,960,44,,200,,,648,,63.1,0.8679,0.6000,0.6000,1.1000,0.00000000,0.05465208,0.12882280,0.00487965,0.00000000,0.20884900,0.33669580,1.52703000,0.00006105,0.00042735,0.00500610,0.01172160,3.63760300,3.30817700,1.78852100,1.10146400,0.60732540,1.10219700,0.80109810,0.86979160,3.30036300,3.30311000,0.79736190,5.01562000,5.01696000,0.00341880, 2, 255, 7, 24,0x50000,No,No,No,No,No,Yes,No,Yes
2026-04-13 11:06:16,0.0,2400,910,,910,960,44,,200,,,648,,63.7,0.8679,0.6000,0.6000,1.1000,0.00000000,0.06245952,0.12979870,0.00195186,0.00000000,0.21177680,0.33669580,1.54489000,0.00012210,0.00042735,0.00561660,0.01135530,3.65523400,3.30817700,1.81684800,1.10219700,0.60659280,1.10329600,0.79963290,0.86925430,3.30036300,3.30402600,0.79706880,5.05850000,5.05582000,0.00341880, 2, 255, 7, 24,0x50000,No,No,No,No,No,Yes,No,Yes
2026-04-13 11:06:18,0.0,2400,910,,910,960,44,,200,,,648,,62.6,0.7200,0.6000,0.6000,1.1000,0.00000000,0.10832820,0.15614880,0.00292779,0.00000000,0.20982490,0.33767180,0.99122990,0.00018315,0.00042735,0.00525030,0.01111110,3.60419700,3.29333000,1.82124300,1.10073200,0.60476130,1.10402800,0.79890030,0.71990160,3.29761600,3.30036300,0.79706880,5.03170000,5.04242000,0.00256410, 2, 255, 7, 24,0x50000,No,No,No,No,No,Yes,No,Yes
2026-04-13 11:06:20,0.0,1500,500,,500,500,44,,200,,,648,,62.6,0.7200,0.6000,0.6000,1.1000,0.00000000,0.06050766,0.12491900,0.00292779,0.00000000,0.21080090,0.33767180,0.95551000,0.00018315,0.00042735,0.00482295,0.01172160,3.66451400,3.30724900,1.82124300,1.10586000,0.60659280,1.10073200,0.80183080,0.71990160,3.29944700,3.30219400,0.79677580,5.06654000,5.05046000,0.00341880, 2, 255, 7, 24,0x50000,No,No,No,No,No,Yes,No,Yes
2026-04-13 11:06:22,2.5,2400,910,,910,960,44,,200,,,648,,63.7,0.8679,0.6000,0.6000,1.1000,0.00000000,0.05953173,0.13077460,0.00292779,0.00000000,0.20982490,0.33474400,1.54489000,0.00006105,0.00042735,0.00561660,0.01111110,3.65430600,3.32209700,1.81684800,1.11208700,0.60402870,1.10329600,0.80219700,0.86925430,3.29853100,3.30219400,0.79765500,5.02768000,5.01026000,0.00341880, 2, 255, 7, 24,0x50000,No,No,No,No,No,Yes,No,Yes
2026-04-13 11:06:24,1.2,2400,910,,910,960,44,,200,,,648,,63.1,0.8679,0.6000,0.6000,1.1000,0.00000000,0.06148359,0.13077460,0.00780744,0.00000000,0.20884900,0.33767180,1.54489000,0.00018315,0.00054945,0.00525030,0.01111110,3.61811600,3.31467300,1.79535800,1.10292900,0.60732540,1.10292900,0.80073180,0.86898570,3.29944700,3.30127900,0.79736190,5.01696000,5.03572000,0.00341880, 2, 255, 7, 24,0x50000,No,No,No,No,No,Yes,No,Yes
2026-04-13 11:06:27,0.0,1500,500,,500,500,44,,200,,,648,,63.1,0.7200,0.6000,0.6000,1.1000,0.00000000,0.06148359,0.12491900,0.00487965,0.00000000,0.20787310,0.33864770,0.97336990,0.00018315,0.00042735,0.00470085,0.01098900,3.65616200,3.31838500,1.79389300,1.10695900,0.61062210,1.10329600,0.80073180,0.71990160,3.29853100,3.30127900,0.79706880,5.05850000,5.04242000,0.00341880, 2, 255, 7, 24,0x50000,No,No,No,No,No,Yes,No,Yes
2026-04-13 11:06:29,1.8,2400,910,,910,960,44,,200,,,648,,63.7,0.8679,0.6000,0.6000,1.1000,0.00000000,0.06245952,0.12979870,0.00390372,0.00000000,0.20982490,0.33767180,1.54489000,0.00024420,0.00036630,0.00518925,0.01111110,3.64038700,3.31281700,1.81684800,1.10622600,0.60805800,1.09999900,0.79963290,0.86979160,3.30036300,3.30219400,0.79765500,5.05582000,5.01830000,0.00341880, 2, 255, 7, 24,0x50000,No,No,No,No,No,Yes,No,Yes
2026-04-13 11:06:31,1.0,2400,910,,910,960,44,,200,,,648,,64.2,0.8679,0.6000,0.6000,1.1000,0.00000000,0.06733918,0.12784680,0.00487965,0.00000000,0.20982490,0.33474400,1.54489000,0.00006105,0.00042735,0.00543345,0.01123320,3.65245000,3.31931300,1.81684800,1.10292900,0.60659280,1.10073200,0.80146440,0.86979160,3.30036300,3.30768900,0.79765500,5.04912000,5.02366000,0.00341880, 2, 255, 7, 24,0x50000,No,No,No,No,No,Yes,No,Yes
2026-04-13 11:06:33,0.0,1500,500,,500,500,44,,200,,,648,,63.1,0.7200,0.6000,0.6000,1.1000,0.00000000,0.05953173,0.12687090,0.00878337,0.00000000,0.21275270,0.33767180,0.96444000,0.00018315,0.00042735,0.00531135,0.01111110,3.65616200,3.30260900,1.81733600,1.10146400,0.60695910,1.10146400,0.80329590,0.71963300,3.30036300,3.30219400,0.79765500,5.04510000,5.06788000,0.00341880, 2, 255, 7, 24,0x50000,No,No,No,No,No,Yes,No,Yes
2026-04-13 11:06:35,1.8,2400,910,,910,960,44,,200,,,648,,62.6,0.8679,0.6000,0.6000,1.1000,0.00000000,0.06050766,0.12882280,0.00585558,0.00000000,0.21080090,0.33864770,1.54489000,0.00018315,0.00042735,0.00506715,0.01123320,3.64595500,3.31188900,1.78754400,1.10732500,0.60695910,1.10256300,0.79963290,0.86925430,3.29944700,3.30402600,0.79706880,5.05850000,5.00490000,0.00341880, 2, 255, 7, 24,0x50000,No,No,No,No,No,Yes,No,Yes
2026-04-13 11:06:37,0.2,2400,910,,910,960,44,,200,,,648,,63.7,0.8679,0.6000,0.6000,1.1000,0.00000000,0.06050766,0.12979870,0.00195186,0.00000000,0.21372870,0.33571990,1.54489000,0.00012210,0.00061050,0.00531135,0.01123320,3.61718800,3.31096100,1.78754400,1.10695900,0.60695910,1.10292900,0.80109810,0.86925430,3.29944700,3.30311000,0.79765500,5.01562000,5.04912000,0.00341880, 2, 255, 7, 24,0x50000,No,No,No,No,No,Yes,No,Yes
2026-04-13 11:06:39,0.5,1500,500,,500,500,44,,200,,,648,,64.2,0.8679,0.6000,0.6000,1.1000,0.00000000,0.06050766,0.12882280,0.00292779,0.00000000,0.20982490,0.33767180,1.55382000,0.00018315,0.00048840,0.00518925,0.01147740,3.65245000,3.31838500,1.78754400,1.11208700,0.60622650,1.10146400,0.80146440,0.86898570,3.29944700,3.30402600,0.79677580,5.02768000,5.03572000,0.00341880, 2, 255, 7, 24,0x50000,No,No,No,No,No,Yes,No,Yes
2026-04-13 11:06:42,0.0,2400,910,,910,960,44,,200,,,648,,64.2,0.8679,0.6000,0.6000,1.1000,0.00000000,0.06148359,0.12882280,0.00487965,0.00000000,0.21080090,0.33669580,1.53596000,0.00012210,0.00036630,0.00482295,0.01172160,3.64595500,3.31096100,1.78852100,1.10622600,0.60659280,1.10329600,0.80073180,0.86871700,3.30036300,3.30311000,0.79765500,5.05582000,5.01562000,0.00341880, 2, 255, 7, 24,0x50000,No,No,No,No,No,Yes,No,Yes
2026-04-13 11:06:44,0.0,2400,910,,910,960,44,,200,,,648,,64.8,0.8679,0.6000,0.6000,1.1000,0.00000000,0.06148359,0.12687090,0.00487965,0.00000000,0.20982490,0.33571990,1.53596000,0.00018315,0.00054945,0.00543345,0.01172160,3.64038700,3.31003300,1.78852100,1.11355200,0.60659280,1.10402800,0.80109810,0.86898570,3.30036300,3.30311000,0.79824100,5.01964000,5.04108000,0.00341880, 2, 255, 7, 24,0x50000,No,No,No,No,No,Yes,No,Yes
2026-04-13 11:06:46,1.5,1500,500,,500,500,44,,200,,,648,,64.2,0.7200,0.6000,0.6000,1.1000,0.00000000,0.09759300,0.15517290,0.00292779,0.00000000,0.20982490,0.33767180,0.98229990,0.00006105,0.00042735,0.00543345,0.01111110,3.65059400,3.29333000,1.82124300,1.10769100,0.60695910,1.10256300,0.79963290,0.71936430,3.30036300,3.30219400,0.79765500,5.05046000,5.05046000,0.00341880, 2, 255, 7, 24,0x50000,No,No,No,No,No,Yes,No,Yes
2026-04-13 11:06:48,1.0,1500,500,,500,500,44,,200,,,648,,63.1,0.7200,0.6000,0.6000,1.1000,0.00000000,0.06148359,0.12296720,0.00585558,0.00000000,0.21763240,0.33962360,0.97336990,0.00006105,0.00042735,0.00525030,0.01196580,3.65801800,3.31374500,1.82124300,1.10805800,0.60622650,1.10146400,0.79963290,0.71936430,3.29853100,3.30219400,0.79765500,5.04912000,5.03840000,0.00341880, 2, 255, 7, 24,0x50000,No,No,No,No,No,Yes,No,Yes
2026-04-13 11:06:50,0.5,1500,500,,500,500,44,,200,,,648,,63.1,0.7200,0.6000,0.6000,1.1000,0.00000000,0.06050766,0.12491900,0.00585558,0.00000000,0.21177680,0.33767180,0.96444000,0.00006105,0.00018315,0.00592185,0.01147740,3.65245000,3.32209700,1.81684800,1.10439400,0.60659280,1.10402800,0.80073180,0.71990160,3.30219400,3.30311000,0.79765500,5.05716000,5.04242000,0.00341880, 2, 255, 7, 24,0x50000,No,No,No,No,No,Yes,No,Yes
2026-04-13 11:06:52,0.3,1500,500,,500,500,44,,200,,,648,,62.6,0.7200,0.6000,0.6000,1.1000,0.00000000,0.06148359,0.12491900,0.00292779,0.00000000,0.20884900,0.33571990,0.98229990,0.00006105,0.00042735,0.00543345,0.01135530,3.65894600,3.30446500,1.79389300,1.10292900,0.60402870,1.09999900,0.79926660,0.71990160,3.29853100,3.30219400,0.79736190,5.07056000,5.06386000,0.00341880, 2, 255, 7, 24,0x50000,No,No,No,No,No,Yes,No,Yes
2026-04-13 11:06:54,0.0,1500,500,,500,500,44,,200,,,648,,62.6,0.7200,0.6000,0.6000,1.1000,0.00000000,0.06050766,0.12394310,0.00390372,0.00000000,0.20787310,0.33864770,0.97336990,0.00018315,0.00042735,0.00525030,0.01111110,3.65616200,3.30817700,1.79389300,1.10695900,0.60659280,1.10329600,0.80183080,0.71963300,3.29853100,3.30219400,0.79765500,5.04376000,5.03706000,0.00341880, 2, 255, 7, 24,0x50000,No,No,No,No,No,Yes,No,Yes
2026-04-13 11:06:56,0.0,2400,910,,910,960,44,,200,,,648,,65.3,0.8679,0.6000,0.6000,1.1000,0.00000000,0.06343545,0.12882280,0.00487965,0.00000000,0.20884900,0.33669580,1.54489000,0.00012210,0.00036630,0.00543345,0.01172160,3.65430600,3.31931300,1.79389300,1.11062200,0.60732540,1.10256300,0.80183080,0.86898570,3.29944700,3.30127900,0.79736190,5.03572000,5.02634000,0.00341880, 2, 255, 7, 24,0x50000,No,No,No,No,No,Yes,No,Yes
2026-04-13 11:06:59,0.0,2400,910,,910,960,44,,200,,,648,,63.7,0.8679,0.6000,0.6000,1.1000,0.00000000,0.06343545,0.12979870,0.00487965,0.00000000,0.20982490,0.33767180,1.55382000,0.00024420,0.00042735,0.00525030,0.01135530,3.64409900,3.30817700,1.78754400,1.10695900,0.60659280,1.09963300,0.79963290,0.86925430,3.30036300,3.30036300,0.79765500,5.03438000,5.03304000,0.00341880, 2, 255, 7, 24,0x50000,No,No,No,No,No,Yes,No,Yes
2026-04-13 11:07:01,0.0,1500,500,,500,500,44,,200,,,648,,62.6,0.7200,0.6000,0.6000,1.1000,0.00000000,0.06148359,0.12199130,0.00585558,0.00000000,0.20787310,0.33669580,0.97336990,0.00006105,0.00042735,0.00598290,0.01172160,3.65801800,3.31096100,1.81684800,1.11355200,0.60329610,1.10146400,0.79963290,0.71990160,3.29944700,3.30219400,0.79765500,5.06520000,5.02499900,0.00341880, 2, 255, 7, 24,0x50000,No,No,No,No,No,Yes,No,Yes
2026-04-13 11:07:03,0.0,1500,500,,500,500,44,,200,,,648,,63.1,0.7200,0.6000,0.6000,1.1000,0.00000000,0.06050766,0.12394310,0.00292779,0.00000000,0.20884900,0.33474400,0.95551000,0.00006105,0.00042735,0.00494505,0.01123320,3.65059400,3.31467300,1.81684800,1.10292900,0.60622650,1.10292900,0.79963290,0.71963300,3.29944700,3.30311000,0.79736190,5.05180000,5.05850000,0.00341880, 2, 255, 7, 24,0x50000,No,No,No,No,No,Yes,No,Yes
2026-04-13 11:07:05,4.8,2400,910,,910,960,44,,200,,,648,,63.7,0.8679,0.6000,0.6000,1.1000,0.00000000,0.06245952,0.12979870,0.00585558,0.00000000,0.21080090,0.33669580,1.52703000,0.00018315,0.00042735,0.00537240,0.01172160,3.64595500,3.30817700,1.78852100,1.10292900,0.60622650,1.09999900,0.80109810,0.86898570,3.30036300,3.30311000,0.79677580,5.02634000,5.02499900,0.00341880, 2, 255, 7, 24,0x50000,No,No,No,No,No,Yes,No,Yes
2026-04-13 11:07:07,0.0,2400,910,,910,960,44,,200,,,648,,63.7,0.8679,0.6000,0.6000,1.1000,0.00000000,0.06148359,0.13175060,0.00390372,0.00000000,0.23324730,0.33376810,1.55382000,0.00012210,0.00042735,0.00525030,0.01111110,3.64224300,3.30817700,1.78754400,1.10805800,0.60659280,1.10329600,0.79963290,0.86791120,3.30036300,3.30036300,0.79706880,5.03438000,5.01562000,0.00341880, 2, 255, 7, 24,0x50000,No,No,No,No,No,Yes,No,Yes
2026-04-13 11:07:09,0.0,1500,500,,500,500,44,,200,,,648,,64.2,0.7200,0.6000,0.6000,1.1000,0.00000000,0.05953173,0.12296720,0.00292779,0.00000000,0.21080090,0.33669580,0.98229990,0.00006105,0.00018315,0.00598290,0.01135530,3.64781100,3.31652900,1.78754400,1.10695900,0.60549390,1.10329600,0.80146440,0.71963300,3.29853100,3.30219400,0.79794790,5.04912000,5.05984000,0.00341880, 2, 255, 7, 24,0x50000,No,No,No,No,No,Yes,No,Yes
2026-04-13 11:07:11,1.7,1500,500,,500,500,44,,200,,,648,,61.5,0.7200,0.6000,0.6000,1.1000,0.00000000,0.05757987,0.12394310,0.00390372,0.00000000,0.21080090,0.33669580,0.97336990,0.00006105,0.00042735,0.00586080,0.01123320,3.65801800,3.31838500,1.81684800,1.11062200,0.60402870,1.10146400,0.80146440,0.71990160,3.29853100,3.30219400,0.79765500,5.05582000,4.97408000,0.00341880, 2, 255, 7, 24,0x50000,No,No,No,No,No,Yes,No,Yes
2026-04-13 11:07:14,0.0,1500,500,,500,500,44,,200,,,648,,61.5,0.7200,0.6000,0.6000,1.1000,0.00000000,0.06929103,0.12687090,0.00780744,0.00000000,0.20884900,0.33767180,0.95551000,0.00018315,0.00042735,0.00476190,0.01172160,3.64317100,3.31374500,1.81733600,1.11391800,0.60549390,1.10073200,0.79963290,0.71963300,3.29853100,3.30127900,0.79736190,5.03706000,5.05984000,0.00341880, 2, 255, 7, 24,0x50000,No,No,No,No,No,Yes,No,Yes
2026-04-13 11:07:16,0.0,1500,500,,500,500,44,,200,,,648,,61.5,0.7200,0.6000,0.6000,1.1000,0.00000000,0.06050766,0.12589500,0.00487965,0.00000000,0.20787310,0.33474400,0.96444000,0.00006105,0.00042735,0.00586080,0.01098900,3.65430600,3.30632200,1.81684800,1.11208700,0.60659280,1.10146400,0.80219700,0.71936430,3.29853100,3.30219400,0.79794790,5.05984000,5.06788000,0.00341880, 2, 255, 7, 24,0x50000,No,No,No,No,No,Yes,No,Yes
2026-04-13 11:07:18,0.0,1500,500,,500,500,44,,200,,,648,,62.6,0.7200,0.6000,0.6000,1.1000,0.00000000,0.05855580,0.12394310,0.00292779,0.00000000,0.20884900,0.33767180,0.96444000,0.00018315,0.00042735,0.00543345,0.01123320,3.65801800,3.30632200,1.82124300,1.10805800,0.61062210,1.10073200,0.80109810,0.71990160,3.29853100,3.30311000,0.79824100,5.06117900,5.04242000,0.00341880, 2, 255, 7, 24,0x50000,No,No,No,No,No,Yes,No,Yes
2026-04-13 11:07:20,0.5,1500,500,,500,500,43,,200,,,648,,62.6,0.7992,0.6000,0.6000,1.1000,0.00000000,0.05855580,0.12882280,0.00292779,0.00000000,0.23617510,0.33962360,1.21448000,0.00018315,0.00042735,0.00592185,0.01135530,3.64966700,3.29704200,1.79828900,1.10695900,0.60622650,1.10256300,0.79963290,0.79968180,3.29853100,3.30219400,0.79765500,5.05180000,5.04108000,0.00341880, 2, 255, 7, 24,0x50000,No,No,No,No,No,Yes,No,Yes
2026-04-13 11:07:22,0.0,1500,500,,500,500,44,,200,,,648,,60.9,0.7200,0.6000,0.6000,1.1000,0.00000000,0.11711160,0.12394310,0.00292779,0.00000000,0.21860830,0.33571990,0.95551000,0.00006105,0.00042735,0.00476190,0.01172160,3.64409900,3.31467300,1.82124300,1.10769100,0.60292980,1.10219700,0.79926660,0.71990160,3.30036300,3.30219400,0.79765500,5.03438000,5.06117900,0.00341880, 2, 255, 7, 24,0x50000,No,No,No,No,No,Yes,No,Yes
2026-04-13 11:07:24,1.5,1500,500,,500,500,44,,200,,,648,,62.0,0.7200,0.6000,0.6000,1.1000,0.00000000,0.06343545,0.12296720,0.00487965,0.00000000,0.20689720,0.33474400,0.97336990,0.00006105,0.00042735,0.00525030,0.01111110,3.66637000,3.31467300,1.81684800,1.11355200,0.60659280,1.10329600,0.80109810,0.71936430,3.30036300,3.30219400,0.79736190,5.05984000,5.04644000,0.00341880, 2, 255, 7, 24,0x50000,No,No,No,No,No,Yes,No,Yes
2026-04-13 11:07:26,0.0,1500,500,,500,500,44,,200,,,648,,62.6,0.7200,0.6000,0.6000,1.1000,0.00000000,0.05953173,0.12394310,0.00487965,0.00000000,0.20689720,0.33669580,0.95551000,0.00030525,0.00042735,0.00537240,0.01135530,3.64688300,3.31467300,1.79389300,1.10292900,0.60732540,1.10219700,0.80073180,0.71990160,3.30036300,3.30402600,0.79765500,5.05984000,5.05716000,0.00341880, 2, 255, 7, 24,0x50000,No,No,No,No,No,Yes,No,Yes
2026-04-13 11:07:29,0.0,1500,500,,500,500,44,,200,,,648,,62.6,0.7200,0.6000,0.6000,1.1000,0.00000000,0.05855580,0.12491900,0.00585558,0.00000000,0.23129540,0.33767180,0.94657990,0.00006105,0.00042735,0.00598290,0.01111110,3.65523400,3.30632200,1.82124300,1.11208700,0.60915690,1.10219700,0.79963290,0.71936430,3.30219400,3.30311000,0.79765500,5.05448000,5.04912000,0.00341880, 2, 255, 7, 24,0x50000,No,No,No,No,No,Yes,No,Yes
2026-04-13 11:07:31,0.0,1500,500,,500,500,44,,200,,,648,,62.0,0.7200,0.6000,0.6000,1.1000,0.00000000,0.06148359,0.12491900,0.00683151,0.00000000,0.21080090,0.33767180,0.95551000,0.00006105,0.00018315,0.00549450,0.01172160,3.65523400,3.31281700,1.81684800,1.11208700,0.60695910,1.10329600,0.80073180,0.71963300,3.30219400,3.30219400,0.79765500,5.05984000,5.04912000,0.00341880, 2, 255, 7, 24,0x50000,No,No,No,No,No,Yes,No,Yes
2026-04-13 11:07:33,0.0,1500,500,,500,500,44,,200,,,648,,61.5,0.7200,0.6000,0.6000,1.1000,0.00000000,0.05953173,0.12491900,0.00292779,0.00000000,0.20884900,0.33767180,0.95551000,0.00006105,0.00018315,0.00506715,0.01196580,3.66637000,3.31467300,1.79389300,1.10805800,0.60659280,1.10219700,0.79963290,0.71990160,3.30036300,3.30219400,0.79765500,5.06117900,5.07056000,0.00341880, 2, 255, 7, 24,0x50000,No,No,No,No,No,Yes,No,Yes
2026-04-13 11:07:35,1.8,1500,500,,500,500,44,,200,,,648,,61.5,0.7200,0.6000,0.6000,1.1000,0.00000000,0.06148359,0.12491900,0.00683151,0.00000000,0.21958430,0.33571990,0.95551000,0.00018315,0.00018315,0.00543345,0.01147740,3.67008200,3.30817700,1.81684800,1.11062200,0.60073200,1.10219700,0.80292960,0.71990160,3.30036300,3.30219400,0.79736190,5.07324000,4.95532000,0.00341880, 2, 255, 7, 24,0x50000,No,No,No,No,No,Yes,No,Yes
2026-04-13 11:07:37,1.0,1500,500,,500,500,44,,200,,,648,,60.9,0.7200,0.6000,0.6000,1.1000,0.00000000,0.05953173,0.12296720,0.00487965,0.00000000,0.20787310,0.33962360,0.97336990,0.00006105,0.00018315,0.00586080,0.01172160,3.66265800,3.30724900,1.81684800,1.11025500,0.60622650,1.09853400,0.79963290,0.71936430,3.29853100,3.30311000,0.79794790,5.06252000,5.03840000,0.00341880, 2, 255, 7, 24,0x50000,No,No,No,No,No,Yes,No,Yes
2026-04-13 11:07:39,0.0,1500,500,,500,500,44,,200,,,648,,59.8,0.7200,0.6000,0.6000,1.1000,0.00000000,0.05953173,0.12394310,0.00487965,0.00000000,0.20787310,0.33376810,0.95551000,0.00006105,0.00042735,0.00525030,0.01111110,3.65894600,3.31281700,1.80024200,1.10732500,0.60512760,1.10146400,0.80292960,0.71990160,3.29944700,3.30127900,0.79677580,5.03706000,5.06386000,0.00341880, 2, 255, 7, 24,0x50000,No,No,No,No,No,Yes,No,Yes
2026-04-13 11:07:41,4.8,2400,910,,910,960,44,,200,,,648,,62.6,0.8679,0.6000,0.6000,1.1000,0.00000000,0.05953173,0.12882280,0.00390372,0.00000000,0.20982490,0.33669580,1.53596000,0.00018315,0.00042735,0.00482295,0.01172160,3.65523400,3.31467300,1.78852100,1.11208700,0.60659280,1.09999900,0.79963290,0.86898570,3.29853100,3.30219400,0.79677580,4.93924000,5.01160000,0.00341880, 2, 255, 7, 24,0x50000,No,No,No,No,No,Yes,No,Yes
2026-04-13 11:07:44,1.8,2400,910,,910,960,44,,200,,,648,,63.1,0.8679,0.6000,0.6000,1.1000,0.00000000,0.06050766,0.12882280,0.00780744,0.00000000,0.21080090,0.33864770,1.50917000,0.00018315,0.00054945,0.00476190,0.01172160,3.64038700,3.30446500,1.78900900,1.11355200,0.60622650,1.10329600,0.80109810,0.86898570,3.30036300,3.30219400,0.79765500,5.01964000,5.02499900,0.00341880, 2, 255, 7, 24,0x50000,No,No,No,No,No,Yes,No,Yes
2026-04-13 11:07:46,1.0,2400,910,,910,960,43,,200,,,648,,61.5,0.8679,0.6000,0.6000,1.1000,0.00000000,0.06050766,0.12979870,0.00390372,0.00000000,0.20982490,0.33767180,1.52703000,0.00018315,0.00042735,0.00476190,0.01111110,3.65152200,3.31003300,1.78852100,1.10805800,0.60659280,1.09999900,0.80109810,0.86925430,3.30036300,3.30311000,0.79765500,5.04376000,4.93656000,0.00341880, 2, 255, 7, 24,0x50000,No,No,No,No,No,Yes,No,Yes
2026-04-13 11:07:48,0.2,1500,500,,500,500,44,,200,,,648,,60.9,0.7200,0.6000,0.6000,1.1000,0.00000000,0.06148359,0.12589500,0.00097593,0.00000000,0.22056020,0.33376810,0.96444000,0.00006105,0.00042735,0.00537240,0.01147740,3.66729800,3.31467300,1.81684800,1.10146400,0.60586020,1.10146400,0.80109810,0.71963300,3.30219400,3.30219400,0.79736190,5.04778000,4.97140000,0.00341880, 2, 255, 7, 24,0x50000,No,No,No,No,No,Yes,No,Yes
2026-04-13 11:07:50,0.0,1500,500,,500,500,44,,200,,,648,,61.5,0.7200,0.6000,0.6000,1.1000,0.00000000,0.06245952,0.12491900,0.00585558,0.00000000,0.20884900,0.33474400,0.95551000,0.00018315,0.00042735,0.00506715,0.01172160,3.65894600,3.31652900,1.81733600,1.10695900,0.60659280,1.10292900,0.80109810,0.71990160,3.30219400,3.30311000,0.79677580,5.06788000,5.04778000,0.00341880, 2, 255, 7, 24,0x50000,No,No,No,No,No,Yes,No,Yes
2026-04-13 11:07:52,0.0,2400,910,,910,960,44,,200,,,648,,62.6,0.8679,0.6000,0.6000,1.1000,0.00000000,0.06343545,0.13077460,0.00390372,0.00000000,0.20689720,0.33962360,1.53596000,0.00012210,0.00054945,0.00482295,0.01111110,3.65245000,3.31560100,1.78852100,1.11355200,0.60586020,1.10219700,0.79963290,0.86925430,3.30036300,3.30311000,0.79794790,5.05046000,5.03304000,0.00341880, 2, 255, 7, 24,0x50000,No,No,No,No,No,Yes,No,Yes
2026-04-13 11:07:54,0.0,2400,910,,910,960,44,,200,,,648,,62.6,0.8679,0.6000,0.6000,1.1000,0.00000000,0.05953173,0.12979870,0.00292779,0.00000000,0.20689720,0.33474400,1.52703000,0.00018315,0.00036630,0.00586080,0.01123320,3.64595500,3.31003300,1.79926600,1.10219700,0.60769170,1.10219700,0.80183080,0.86898570,3.29853100,3.30219400,0.79677580,5.03974000,4.97408000,0.00341880, 2, 255, 7, 24,0x50000,No,No,No,No,No,Yes,No,Yes
2026-04-13 11:07:56,0.5,1500,500,,500,500,44,,200,,,648,,63.1,0.7200,0.6000,0.6000,1.1000,0.05855580,0.06441138,0.12296720,0.00292779,0.00000000,0.20787310,0.33571990,0.96444000,0.00018315,0.00042735,0.00561660,0.01123320,3.64781100,3.31003300,1.81684800,1.10146400,0.60659280,1.10329600,0.80109810,0.71990160,3.29853100,3.30219400,0.79765500,5.05984000,5.04376000,0.00341880, 2, 255, 7, 24,0x50000,No,No,No,No,No,Yes,No,Yes
2026-04-13 11:07:58,0.0,1500,500,,500,500,44,,200,,,648,,62.6,0.7200,0.6000,0.6000,1.1000,0.05074836,0.06538731,0.12296720,0.00780744,0.00000000,0.21080090,0.33571990,0.95551000,0.00018315,0.00042735,0.00555555,0.01123320,3.65245000,3.30724900,1.81733600,1.10805800,0.60622650,1.10329600,0.80109810,0.71990160,3.30219400,3.30311000,0.79765500,5.07324000,5.04108000,0.00341880, 2, 255, 7, 24,0x50000,No,No,No,No,No,Yes,No,Yes
2026-04-13 11:08:01,0.0,1500,500,,500,500,44,,200,,,648,,62.0,0.7200,0.6000,0.6000,1.1000,0.06148359,0.06050766,0.12394310,0.00683151,0.00000000,0.20884900,0.33571990,0.96444000,0.00018315,0.00042735,0.00586080,0.01135530,3.65801800,3.30724900,1.81733600,1.11062200,0.60366240,1.10219700,0.80146440,0.71990160,3.30219400,3.30219400,0.79765500,4.86554000,4.88832000,0.00341880, 2, 255, 7, 24,0x50000,No,No,No,No,No,Yes,No,Yes
2026-04-13 11:08:03,0.0,2400,910,,910,960,44,,200,,,648,,64.2,0.8679,0.6000,0.6000,1.1000,0.00000000,0.06148359,0.12882280,0.00390372,0.00000000,0.20884900,0.33571990,1.51810000,0.00024420,0.00036630,0.00586080,0.01135530,3.64409900,3.31931300,1.78754400,1.10586000,0.60549390,1.10329600,0.79963290,0.86898570,3.29853100,3.30219400,0.79736190,5.01696000,5.02634000,0.00341880, 2, 255, 7, 24,0x50000,No,No,No,No,No,Yes,No,Yes
2026-04-13 11:08:05,0.0,2400,910,,910,960,44,,200,,,648,,63.1,0.8679,0.6000,0.6000,1.1000,0.00000000,0.05953173,0.13175060,0.01073523,0.00000000,0.20884900,0.33571990,1.53596000,0.00018315,0.00042735,0.00610500,0.01147740,3.65430600,3.31652900,1.81684800,1.10915600,0.60402870,1.10146400,0.80073180,0.86898570,3.29944700,3.30219400,0.79794790,5.03706000,5.05984000,0.00341880, 2, 255, 7, 24,0x50000,No,No,No,No,No,Yes,No,Yes
2026-04-13 11:08:07,0.3,1500,500,,500,500,44,,200,,,648,,63.1,0.7200,0.6000,0.6000,1.1000,0.00000000,0.06050766,0.12394310,0.00000000,0.00000000,0.20982490,0.33669580,0.96444000,0.00018315,0.00018315,0.00586080,0.01172160,3.65523400,3.31931300,1.81684800,1.11208700,0.60292980,1.10402800,0.80183080,0.72017020,3.29944700,3.30219400,0.79677580,4.91914000,5.00490000,0.00341880, 2, 255, 7, 24,0x50000,No,No,No,No,No,Yes,No,Yes
2026-04-13 11:08:09,0.2,1500,500,,500,500,44,,200,,,648,,62.0,0.7579,0.6000,0.6000,1.1000,0.00000000,0.06148359,0.12589500,0.00585558,0.00000000,0.20982490,0.33474400,1.03588000,0.00006105,0.00042735,0.00586080,0.01123320,3.65894600,3.32209700,1.81684800,1.11391800,0.60622650,1.10292900,0.80109810,0.75965740,3.29944700,3.30127900,0.79677580,5.04242000,5.05850000,0.00341880, 2, 255, 7, 24,0x50000,No,No,No,No,No,Yes,No,Yes
2026-04-13 11:08:11,0.0,1500,500,,500,500,44,,200,,,648,,61.5,0.7200,0.6000,0.6000,1.1000,0.00000000,0.05953173,0.12296720,0.00683151,0.00000000,0.21177680,0.33669580,0.97336990,0.00006105,0.00042735,0.00506715,0.01135530,3.79999600,3.31096100,1.79389300,1.10695900,0.60659280,1.10219700,0.80292960,0.71990160,3.29853100,3.30219400,0.79677580,5.06654000,5.04242000,0.00341880, 2, 255, 7, 24,0x50000,No,No,No,No,No,Yes,No,Yes
2026-04-13 11:08:13,0.0,1500,500,,500,500,44,,200,,,648,,60.4,0.7200,0.6000,0.6000,1.1000,0.00000000,0.06343545,0.12101530,0.00292779,0.00000000,0.22934360,0.33474400,0.94657990,0.00018315,0.00042735,0.00482295,0.01086690,3.66544200,3.30446500,1.82124300,1.11062200,0.60659280,1.10146400,0.80036550,0.71990160,3.29944700,3.30219400,0.79765500,5.04376000,5.05716000,0.00341880, 2, 255, 7, 24,0x50000,No,No,No,No,No,Yes,No,Yes
2026-04-13 11:08:16,0.0,1500,500,,500,500,44,,200,,,648,,62.0,0.7200,0.6000,0.6000,1.1000,0.00000000,0.06050766,0.12589500,0.00683151,0.00000000,0.20689720,0.33767180,0.95551000,0.00018315,0.00018315,0.00482295,0.01159950,3.66544200,3.31096100,1.82124300,1.11062200,0.60659280,1.10329600,0.80073180,0.71990160,3.29853100,3.30402600,0.79736190,5.07056000,5.08128000,0.00341880, 2, 255, 7, 24,0x50000,No,No,No,No,No,Yes,No,Yes
2026-04-13 11:08:18,1.8,2400,910,,910,960,44,,200,,,648,,62.0,0.8679,0.6000,0.6000,1.1000,0.00000000,0.06148359,0.12979870,0.00585558,0.00000000,0.20689720,0.33669580,1.51810000,0.00018315,0.00036630,0.00543345,0.01147740,3.64502700,3.30632200,1.79096300,1.10146400,0.60622650,1.10146400,0.79963290,0.86925430,3.29853100,3.30219400,0.79677580,5.01696000,5.04510000,0.00341880, 2, 255, 7, 24,0x50000,No,No,No,No,No,Yes,No,Yes
2026-04-13 11:08:20,0.0,2400,910,,910,960,44,,200,,,648,,62.6,0.8679,0.6000,0.6000,1.1000,0.00000000,0.05953173,0.12882280,0.00585558,0.00000000,0.20787310,0.33376810,1.52703000,0.00012210,0.00036630,0.00476190,0.01135530,3.65245000,3.31096100,1.78852100,1.10622600,0.60879060,1.10219700,0.80146440,0.86979160,3.30036300,3.30311000,0.79765500,5.04376000,5.03572000,0.00341880, 2, 255, 7, 24,0x50000,No,No,No,No,No,Yes,No,Yes
2026-04-13 11:08:22,0.2,2400,910,,910,960,44,,200,,,648,,63.1,0.8679,0.6000,0.6000,1.1000,0.00000000,0.06148359,0.12979870,0.00487965,0.00000000,0.20787310,0.33571990,1.53596000,0.00018315,0.00042735,0.00482295,0.01147740,3.65245000,3.31281700,1.78754400,1.10622600,0.60659280,1.10329600,0.80183080,0.86952300,3.29761600,3.30311000,0.79794790,5.04376000,5.01696000,0.00341880, 2, 255, 7, 24,0x50000,No,No,No,No,No,Yes,No,Yes
2026-04-13 11:08:24,0.0,1500,500,,500,500,44,,200,,,648,,62.6,0.7200,0.6000,0.6000,1.1000,0.00000000,0.08295405,0.12589500,0.00097593,0.00000000,0.20982490,0.33571990,0.96444000,0.00006105,0.00042735,0.00549450,0.01172160,3.66358600,3.31096100,1.80659200,1.10292900,0.60732540,1.10329600,0.80292960,0.71963300,3.30219400,3.30311000,0.79824100,5.03572000,5.05448000,0.00341880, 2, 255, 7, 24,0x50000,No,No,No,No,No,Yes,No,Yes
2026-04-13 11:08:26,1.0,2400,910,,910,960,44,,200,,,648,,62.6,0.8679,0.6000,0.6000,1.1000,0.00000000,0.06148359,0.13565430,0.02537418,0.00000000,0.20787310,0.33864770,2.65221000,0.00006105,0.00054945,0.00482295,0.01123320,3.64781100,3.31281700,1.78754400,1.10732500,0.60549390,1.09999900,0.80146440,0.86898570,3.29761600,3.30219400,0.79677580,4.99284000,5.04912000,0.00341880, 2, 255, 7, 24,0x50000,No,No,No,No,No,Yes,No,Yes
2026-04-13 11:08:28,1.0,2400,910,,910,960,44,,200,,,648,,62.6,0.8679,0.6000,0.6000,1.1000,0.00000000,0.06343545,0.13077460,0.00195186,0.00000000,0.20982490,0.33474400,1.52703000,0.00018315,0.00042735,0.00482295,0.01111110,3.64409900,3.31188900,1.81684800,1.11355200,0.60732540,1.10402800,0.80219700,0.86898570,3.29853100,3.30402600,0.79677580,5.02098000,5.04108000,0.00341880, 2, 255, 7, 24,0x50000,No,No,No,No,No,Yes,No,Yes
2026-04-13 11:08:30,0.0,1500,500,,500,500,44,,200,,,648,,62.6,0.7200,0.6000,0.6000,1.1000,0.00000000,0.05953173,0.12491900,0.00780744,0.00000000,0.21275270,0.33669580,0.97336990,0.00018315,0.00042735,0.00482295,0.01111110,3.65245000,3.30446500,1.82124300,1.10805800,0.60659280,1.10219700,0.79963290,0.72043880,3.29853100,3.30219400,0.79677580,5.09200000,5.03706000,0.00341880, 2, 255, 7, 24,0x50000,No,No,No,No,No,Yes,No,Yes
2026-04-13 11:08:33,0.0,1500,500,,500,500,44,,200,,,648,,62.0,0.7200,0.6000,0.6000,1.1000,0.00000000,0.05757987,0.12784680,0.00390372,0.00000000,0.21958430,0.33767180,0.96444000,0.00006105,0.00042735,0.00543345,0.01172160,3.65430600,3.30724900,1.79096300,1.10586000,0.60695910,1.10256300,0.79963290,0.71990160,3.30036300,3.30311000,0.79706880,5.06117900,5.05850000,0.00341880, 2, 255, 7, 24,0x50000,No,No,No,No,No,Yes,No,Yes
2026-04-13 11:08:35,0.0,1500,500,,500,500,44,,200,,,648,,60.9,0.7200,0.6000,0.6000,1.1000,0.00000000,0.06148359,0.12394310,0.00878337,0.00000000,0.20884900,0.33864770,0.96444000,0.00018315,0.00042735,0.00549450,0.01135530,3.65894600,3.31652900,1.82124300,1.10292900,0.60512760,1.10073200,0.80036550,0.71963300,3.29944700,3.30311000,0.79706880,5.05984000,5.08396000,0.00341880, 2, 255, 7, 24,0x50000,No,No,No,No,No,Yes,No,Yes
2026-04-13 11:08:37,0.0,1500,500,,500,500,44,,200,,,648,,61.5,0.7200,0.6000,0.6000,1.1000,0.00000000,0.06733918,0.12491900,0.00292779,0.00000000,0.21177680,0.33669580,0.95551000,0.00006105,0.00018315,0.00592185,0.01172160,3.64873800,3.31374500,1.78998600,1.11062200,0.60586020,1.10219700,0.80146440,0.71990160,3.29853100,3.30219400,0.79706880,5.05582000,5.03974000,0.00341880, 2, 255, 7, 24,0x50000,No,No,No,No,No,Yes,No,Yes
2026-04-13 11:08:39,1.7,2400,910,,910,960,44,,200,,,648,,63.7,0.8679,0.6000,0.6000,1.1000,0.00000000,0.06929103,0.12882280,0.00390372,0.00000000,0.21177680,0.33669580,1.53596000,0.00018315,0.00042735,0.00586080,0.01123320,3.64038700,3.30260900,1.79926600,1.10732500,0.60659280,1.10146400,0.80146440,0.86898570,3.29944700,3.30311000,0.79677580,5.01428000,5.04912000,0.00341880, 2, 255, 7, 24,0x50000,No,No,No,No,No,Yes,No,Yes
2026-04-13 11:08:41,0.0,2400,910,,910,960,44,,200,,,648,,63.7,0.8679,0.6000,0.6000,1.1000,0.00000000,0.07124290,0.13077460,0.00390372,0.00000000,0.20884900,0.34157550,1.53596000,0.00036630,0.00036630,0.00531135,0.01123320,3.64409900,3.31281700,1.81684800,1.11062200,0.60695910,1.09999900,0.79890030,0.86898570,3.30036300,3.30219400,0.79677580,5.01964000,5.04912000,0.00341880, 2, 255, 7, 24,0x50000,No,No,No,No,No,Yes,No,Yes
2026-04-13 11:08:43,0.0,1500,500,,500,500,44,,200,,,648,,61.5,0.7200,0.6000,0.6000,1.1000,0.00000000,0.06050766,0.12296720,0.00683151,0.00000000,0.22153610,0.33669580,0.95551000,0.00006105,0.00042735,0.00543345,0.01147740,3.65987400,3.31281700,1.79096300,1.10915600,0.60732540,1.10219700,0.80146440,0.71990160,3.29853100,3.30127900,0.79677580,4.90306000,5.05850000,0.00341880, 2, 255, 7, 24,0x50000,No,No,No,No,No,Yes,No,Yes
2026-04-13 11:08:45,0.0,1500,500,,500,500,44,,200,,,648,,61.5,0.7200,0.6000,0.6000,1.1000,0.00000000,0.05953173,0.12296720,0.00000000,0.00000000,0.21372870,0.33571990,0.96444000,0.00018315,0.00042735,0.00543345,0.01172160,3.65801800,3.30724900,1.82124300,1.10622600,0.60586020,1.09999900,0.80109810,0.71963300,3.29944700,3.30311000,0.79794790,5.07860000,5.05850000,0.00341880, 2, 255, 7, 24,0x50000,No,No,No,No,No,Yes,No,Yes
2026-04-13 11:08:48,0.0,1500,500,,500,500,44,,200,,,648,,62.6,0.7200,0.6000,0.6000,1.1000,0.00000000,0.09661707,0.15322100,0.00292779,0.00000000,0.20884900,0.33767180,0.95551000,0.00018315,0.00042735,0.00543345,0.01111110,3.65245000,3.29518600,1.82124300,1.10512700,0.60695910,1.09999900,0.80073180,0.71990160,3.29944700,3.30311000,0.79736190,5.06788000,5.03304000,0.00341880, 2, 255, 7, 24,0x50000,No,No,No,No,No,Yes,No,Yes
2026-04-13 11:08:50,0.0,1500,500,,500,500,44,,200,,,648,,61.5,0.7200,0.6000,0.6000,1.1000,0.00000000,0.06929103,0.12784680,0.00292779,0.00000000,0.22934360,0.33767180,0.96444000,0.00018315,0.00042735,0.00476190,0.01147740,3.66358600,3.31931300,1.82124300,1.11062200,0.60659280,1.10292900,0.80292960,0.71963300,3.30219400,3.30311000,0.79765500,5.04912000,5.04778000,0.00341880, 2, 255, 7, 24,0x50000,No,No,No,No,No,Yes,No,Yes
2026-04-13 11:08:52,1.0,2400,910,,910,960,43,,200,,,648,,62.6,0.8679,0.6000,0.6000,1.1000,0.00000000,0.06929103,0.13175060,0.00487965,0.00000000,0.23422320,0.33376810,1.52703000,0.00006105,0.00042735,0.00531135,0.01111110,3.65616200,3.30260900,1.79096300,1.10439400,0.60622650,1.10219700,0.80073180,0.86898570,3.29761600,3.30402600,0.79677580,5.04912000,4.96336000,0.00341880, 2, 255, 7, 24,0x50000,No,No,No,No,No,Yes,No,Yes
2026-04-13 11:08:54,0.2,2400,910,,910,960,44,,200,,,648,,62.6,0.8679,0.6000,0.6000,1.1000,0.00000000,0.06148359,0.12882280,0.00292779,0.00000000,0.22056020,0.33669580,1.51810000,0.00018315,0.00042735,0.00537240,0.01159950,3.64409900,3.32024100,1.78754400,1.10732500,0.60659280,1.10329600,0.79963290,0.86898570,3.29944700,3.30219400,0.79736190,5.04778000,5.03304000,0.00341880, 2, 255, 7, 24,0x50000,No,No,No,No,No,Yes,No,Yes
2026-04-13 11:08:56,2.0,1900,682,,682,704,43,,200,,,648,,63.7,0.7200,0.6000,0.6000,1.1000,0.00000000,0.06148359,0.12101530,0.00292779,0.00000000,0.21080090,0.33474400,0.97336990,0.00006105,0.00042735,0.00543345,0.01159950,3.64409900,3.31931300,1.81733600,1.11282000,0.60695910,1.10476100,0.80073180,0.71990160,3.29944700,3.30219400,0.79677580,5.06520000,5.07190000,0.00341880, 2, 255, 7, 24,0x50000,No,No,No,No,No,Yes,No,Yes
2026-04-13 11:08:58,0.0,1500,500,,500,500,44,,200,,,648,,61.5,0.7200,0.6000,0.6000,1.1000,0.00000000,0.06343545,0.12784680,0.00292779,0.00000000,0.20884900,0.33571990,0.96444000,0.00018315,0.00042735,0.00476190,0.01172160,3.65801800,3.31096100,1.81733600,1.10292900,0.60586020,1.10329600,0.80183080,0.71990160,3.29944700,3.30311000,0.79765500,5.05984000,5.06922000,0.00341880, 2, 255, 7, 24,0x50000,No,No,No,No,No,Yes,No,Yes
2026-04-13 11:09:00,0.2,1500,500,,500,500,44,,200,,,648,,62.0,0.7200,0.6000,0.6000,1.1000,0.00000000,0.06343545,0.12199130,0.00390372,0.00000000,0.21080090,0.33571990,0.96444000,0.00006105,0.00042735,0.00537240,0.01172160,3.79999600,3.30817700,1.81733600,1.10439400,0.60659280,1.10146400,0.79890030,0.71936430,3.30036300,3.30036300,0.79677580,5.01294000,5.05314000,0.00341880, 2, 255, 7, 24,0x50000,No,No,No,No,No,Yes,No,Yes
2026-04-13 11:09:02,1.5,2400,910,,910,960,44,,200,,,648,,62.6,0.8679,0.6000,0.6000,1.1000,0.00000000,0.05465208,0.13175060,0.00683151,0.00000000,0.22543980,0.33767180,1.50917000,0.00012210,0.00042735,0.00537240,0.01172160,3.64595500,3.31003300,1.78754400,1.10769100,0.60659280,1.10329600,0.80073180,0.86925430,3.30127900,3.30219400,0.79706880,5.03304000,4.96336000,0.00256410, 2, 255, 7, 24,0x50000,No,No,No,No,No,Yes,No,Yes
2026-04-13 11:09:05,0.0,2400,910,,910,960,44,,200,,,648,,63.1,0.8679,0.6000,0.6000,1.1000,0.00000000,0.05953173,0.12784680,0.00780744,0.00000000,0.22056020,0.33669580,1.52703000,0.00036630,0.00036630,0.00482295,0.01123320,3.63667500,3.30817700,1.79389300,1.10769100,0.60622650,1.10183000,0.80073180,0.86898570,3.29944700,3.30219400,0.79765500,5.02768000,5.03974000,0.00341880, 2, 255, 7, 24,0x50000,No,No,No,No,No,Yes,No,Yes
2026-04-13 11:09:07,1.5,1500,500,,500,500,44,,200,,,648,,62.6,0.7200,0.6000,0.6000,1.1000,0.00000000,0.06245952,0.12687090,0.00780744,0.00000000,0.20787310,0.33767180,0.97336990,0.00006105,0.00018315,0.00482295,0.01172160,3.66173000,3.30632200,1.79389300,1.10586000,0.60695910,1.10073200,0.80036550,0.71990160,3.30036300,3.30219400,0.79765500,5.04912000,4.98346000,0.00341880, 2, 255, 7, 24,0x50000,No,No,No,No,No,Yes,No,Yes
2026-04-13 11:09:09,0.0,1500,500,,500,500,44,,200,,,648,,62.6,0.7200,0.6000,0.6000,1.1000,0.00000000,0.05953173,0.12491900,0.00487965,0.00000000,0.20884900,0.33767180,0.96444000,0.00018315,0.00042735,0.00561660,0.01147740,3.65152200,3.31188900,1.81733600,1.10695900,0.60659280,1.10329600,0.80109810,0.71963300,3.30127900,3.30311000,0.79765500,5.04644000,5.05716000,0.00341880, 2, 255, 7, 24,0x50000,No,No,No,No,No,Yes,No,Yes
2026-04-13 11:09:11,0.0,1500,500,,500,500,44,,200,,,648,,62.0,0.7200,0.6000,0.6000,1.1000,0.00000000,0.05757987,0.12394310,0.00487965,0.00000000,0.22056020,0.33571990,0.95551000,0.00006105,0.00042735,0.00561660,0.01172160,3.65894600,3.31374500,1.81684800,1.11062200,0.60805800,1.10073200,0.80109810,0.71936430,3.29853100,3.30219400,0.79765500,5.07592000,5.07592000,0.00341880, 2, 255, 7, 24,0x50000,No,No,No,No,No,Yes,No,Yes
2026-04-13 11:09:13,1.5,2400,910,,910,960,44,,200,,,648,,61.5,0.8679,0.6000,0.6000,1.1000,0.00000000,0.06148359,0.13272650,0.00585558,0.00000000,0.22056020,0.33669580,1.51810000,0.00024420,0.00036630,0.00506715,0.01172160,3.64409900,3.29982600,1.78754400,1.11062200,0.60622650,1.10329600,0.80036550,0.86898570,3.30036300,3.30036300,0.79706880,5.03438000,5.02768000,0.00341880, 2, 255, 7, 24,0x50000,No,No,No,No,No,Yes,No,Yes
2026-04-13 11:09:15,1.0,2400,910,,910,960,44,,200,,,648,,64.2,0.8679,0.6000,0.6000,1.1000,0.00000000,0.06050766,0.12687090,0.00195186,0.00000000,0.20982490,0.33474400,1.51810000,0.00018315,0.00042735,0.00586080,0.01111110,3.64595500,3.30817700,1.79926600,1.11062200,0.60732540,1.10329600,0.79963290,0.86979160,3.29853100,3.30311000,0.79677580,5.02634000,5.02366000,0.00341880, 2, 255, 7, 24,0x50000,No,No,No,No,No,Yes,No,Yes
2026-04-13 11:09:17,1.2,2400,910,,910,960,44,,200,,,648,,63.1,0.7200,0.6000,0.6000,1.1000,0.00000000,0.06538731,0.12296720,0.00487965,0.00000000,0.21080090,0.34059960,0.98229990,0.00006105,0.00018315,0.00561660,0.01147740,3.66637000,3.31838500,1.81684800,1.10732500,0.60695910,1.09999900,0.79963290,0.71936430,3.29853100,3.30219400,0.79765500,5.06117900,5.07056000,0.00341880, 2, 255, 7, 24,0x50000,No,No,No,No,No,Yes,No,Yes
2026-04-13 11:09:20,0.0,1500,500,,500,500,44,,200,,,648,,62.0,0.7200,0.6000,0.6000,1.1000,0.00000000,0.06148359,0.12296720,0.00878337,0.00000000,0.20884900,0.33376810,0.95551000,0.00018315,0.00042735,0.00537240,0.01147740,3.65245000,3.31838500,1.81684800,1.11062200,0.60439500,1.10402800,0.80109810,0.72017020,3.30036300,3.30311000,0.79677580,5.06520000,5.04644000,0.00341880, 2, 255, 7, 24,0x50000,No,No,No,No,No,Yes,No,Yes
2026-04-13 11:09:22,0.0,1500,500,,500,500,44,,200,,,648,,61.5,0.7200,0.6000,0.6000,1.1000,0.00000000,0.06050766,0.12296720,0.00292779,0.00000000,0.21275270,0.33571990,0.96444000,0.00006105,0.00042735,0.00549450,0.01123320,3.65801800,3.31096100,1.81684800,1.10805800,0.60622650,1.10146400,0.80073180,0.72017020,3.30036300,3.30219400,0.79765500,5.07592000,4.92986000,0.00341880, 2, 255, 7, 24,0x50000,No,No,No,No,No,Yes,No,Yes
2026-04-13 11:09:24,0.2,2400,910,,910,960,44,,200,,,648,,63.1,0.8679,0.6000,0.6000,1.1000,0.00000000,0.06050766,0.12979870,0.00097593,0.00000000,0.20884900,0.33767180,1.52703000,0.00036630,0.00036630,0.00482295,0.01123320,3.65245000,3.30260900,1.80610300,1.10915600,0.60622650,1.10329600,0.80146440,0.86898570,3.29944700,3.30219400,0.79706880,5.04778000,5.04108000,0.00341880, 2, 255, 7, 24,0x50000,No,No,No,No,No,Yes,No,Yes
2026-04-13 11:09:26,0.0,2400,910,,910,960,44,,200,,,648,,64.2,0.8679,0.6000,0.6000,1.1000,0.00000000,0.06148359,0.12882280,0.00585558,0.00000000,0.22153610,0.33474400,1.53596000,0.00006105,0.00042735,0.00598290,0.01123320,3.64224300,3.31652900,1.80024200,1.10732500,0.60659280,1.10073200,0.80073180,0.86952300,3.29944700,3.30311000,0.79677580,5.03304000,5.02499900,0.00341880, 2, 255, 7, 24,0x50000,No,No,No,No,No,Yes,No,Yes
2026-04-13 11:09:28,2.0,1500,500,,500,500,44,,200,,,648,,62.6,0.7200,0.6000,0.6000,1.1000,0.00000000,0.06245952,0.12491900,0.00487965,0.00000000,0.20982490,0.33669580,0.94657990,0.00018315,0.00042735,0.00476190,0.01135530,3.65987400,3.30817700,1.79389300,1.10146400,0.60659280,1.09999900,0.80036550,0.71990160,3.29761600,3.30311000,0.79765500,5.04912000,5.05850000,0.00341880, 2, 255, 7, 24,0x50000,No,No,No,No,No,Yes,No,Yes
2026-04-13 11:09:30,0.0,1500,500,,500,500,44,,200,,,648,,62.0,0.7200,0.6000,0.6000,1.1000,0.00000000,0.06245952,0.12394310,0.00292779,0.00000000,0.20982490,0.33571990,0.95551000,0.00018315,0.00042735,0.00543345,0.01123320,3.65894600,3.31838500,1.78803200,1.11391800,0.60586020,1.10329600,0.80073180,0.71963300,3.30219400,3.30219400,0.79765500,5.08932000,5.03706000,0.00341880, 2, 255, 7, 24,0x50000,No,No,No,No,No,Yes,No,Yes
2026-04-13 11:09:32,1.0,1500,500,,500,500,44,,200,,,648,,61.5,0.7200,0.6000,0.6000,1.1000,0.00000000,0.06831510,0.12882280,0.00390372,0.00000000,0.21958430,0.33571990,0.95551000,0.00018315,0.00042735,0.00512820,0.01147740,3.65523400,3.31003300,1.81684800,1.10695900,0.60732540,1.10402800,0.80329590,0.72017020,3.30219400,3.30311000,0.79677580,5.05850000,5.05716000,0.00341880, 2, 255, 7, 24,0x50000,No,No,No,No,No,Yes,No,Yes
2026-04-13 11:09:34,0.0,1500,500,,500,500,44,,200,,,648,,61.5,0.7200,0.6000,0.6000,1.1000,0.00000000,0.06050766,0.12394310,0.00487965,0.00000000,0.20787310,0.33571990,0.95551000,0.00006105,0.00042735,0.00525030,0.01135530,3.65801800,3.30817700,1.81684800,1.10879000,0.60805800,1.10219700,0.80183080,0.71990160,3.30219400,3.30311000,0.79765500,5.03706000,5.08128000,0.00341880, 2, 255, 7, 24,0x50000,No,No,No,No,No,Yes,No,Yes
2026-04-13 11:09:37,0.0,1500,500,,500,500,44,,200,,,648,,60.9,0.7200,0.6000,0.6000,1.1000,0.00000000,0.05953173,0.12784680,0.00000000,0.00000000,0.20884900,0.33962360,0.95551000,0.00018315,0.00042735,0.00525030,0.01172160,3.65616200,3.31096100,1.79389300,1.10146400,0.60805800,1.10329600,0.79963290,0.71990160,3.29853100,3.30311000,0.79765500,5.05448000,5.03706000,0.00341880, 2, 255, 7, 24,0x50000,No,No,No,No,No,Yes,No,Yes
2026-04-13 11:09:39,5.0,2400,910,,910,960,44,,200,,,648,,63.1,0.8679,0.6000,0.6000,1.1000,0.00000000,0.06050766,0.13175060,0.00975930,0.00000000,0.20982490,0.33376810,1.50024000,0.00024420,0.00042735,0.00586080,0.01135530,3.65337800,3.31003300,1.81684800,1.10769100,0.60622650,1.10146400,0.80183080,0.86925430,3.29944700,3.30402600,0.79765500,5.03170000,5.04242000,0.00341880, 2, 255, 7, 24,0x50000,No,No,No,No,No,Yes,No,Yes
2026-04-13 11:09:41,1.0,2400,910,,910,960,44,,200,,,648,,64.2,0.8679,0.6000,0.6000,1.1000,0.00000000,0.06245952,0.12979870,0.00975930,0.00000000,0.20787310,0.33474400,1.54489000,0.00012210,0.00036630,0.00543345,0.01111110,3.64502700,3.31188900,1.79096300,1.11282000,0.60622650,1.09999900,0.80292960,0.86952300,3.30127900,3.30402600,0.79677580,5.04242000,5.01696000,0.00341880, 2, 255, 7, 24,0x50000,No,No,No,No,No,Yes,No,Yes
2026-04-13 11:09:43,0.0,2400,910,,910,960,44,,200,,,648,,62.6,0.8679,0.6000,0.6000,1.1000,0.00000000,0.08490592,0.12882280,0.00000000,0.00000000,0.20884900,0.34157550,1.58954000,0.00006105,0.00042735,0.00549450,0.01172160,3.65059400,3.29147400,1.79096300,1.10292900,0.60622650,1.10329600,0.80036550,0.86979160,3.30402600,3.30127900,0.79706880,5.03840000,5.01428000,0.00341880, 2, 255, 7, 24,0x50000,No,No,No,No,No,Yes,No,Yes
2026-04-13 11:09:45,0.0,1500,500,,500,500,44,,200,,,648,,63.1,0.7200,0.6000,0.6000,1.1000,0.00000000,0.06733918,0.12394310,0.00585558,0.00000000,0.20689720,0.33767180,0.97336990,0.00018315,0.00042735,0.00567765,0.01172160,3.65430600,3.31281700,1.78852100,1.10732500,0.60732540,1.10329600,0.80292960,0.71990160,3.30036300,3.30311000,0.79765500,5.05716000,5.06252000,0.00341880, 2, 255, 7, 24,0x50000,No,No,No,No,No,Yes,No,Yes
2026-04-13 11:09:47,0.0,1500,500,,500,500,44,,200,,,648,,60.4,0.7200,0.6000,0.6000,1.1000,0.00000000,0.05757987,0.12491900,0.00683151,0.00000000,0.21177680,0.33571990,0.95551000,0.00006105,0.00042735,0.00482295,0.01147740,3.64317100,3.30632200,1.78998600,1.11208700,0.60036570,1.10329600,0.79963290,0.72017020,3.30036300,3.30219400,0.79765500,5.04510000,5.05046000,0.00341880, 2, 255, 7, 24,0x50000,No,No,No,No,No,Yes,No,Yes
2026-04-13 11:09:49,2.0,2400,910,,910,960,44,,200,,,648,,62.0,0.8679,0.6000,0.6000,1.1000,0.00000000,0.06343545,0.12979870,0.00683151,0.00000000,0.20787310,0.33571990,1.51810000,0.00018315,0.00042735,0.00506715,0.01172160,3.65894600,3.30260900,1.78754400,1.10219700,0.60622650,1.10219700,0.80183080,0.86952300,3.29944700,3.30311000,0.79736190,5.03840000,5.01428000,0.00341880, 2, 255, 7, 24,0x50000,No,No,No,No,No,Yes,No,Yes
2026-04-13 11:09:52,0.0,2400,910,,910,960,44,,200,,,648,,63.1,0.8679,0.6000,0.6000,1.1000,0.00000000,0.05953173,0.12979870,0.00487965,0.00000000,0.20982490,0.38842010,1.54489000,0.00018315,0.00054945,0.00476190,0.01135530,3.65337800,3.30817700,1.78852100,1.10512700,0.60586020,1.10146400,0.80292960,0.86898570,3.29761600,3.30311000,0.79677580,5.05448000,5.02768000,0.00341880, 2, 255, 7, 24,0x50000,No,No,No,No,No,Yes,No,Yes
2026-04-13 11:09:54,0.0,1500,500,,500,500,44,,200,,,648,,62.6,0.7200,0.6000,0.6000,1.1000,0.00000000,0.06148359,0.12296720,0.00390372,0.00000000,0.20982490,0.33767180,0.97336990,0.00018315,0.00042735,0.00543345,0.01147740,3.65801800,3.31374500,1.79389300,1.10292900,0.60586020,1.10256300,0.80073180,0.71963300,3.30036300,3.30219400,0.79765500,5.03974000,5.07056000,0.00341880, 2, 255, 7, 24,0x50000,No,No,No,No,No,Yes,No,Yes
2026-04-13 11:09:56,0.0,1500,500,,500,500,44,,200,,,648,,62.0,0.7200,0.6000,0.6000,1.1000,0.05172429,0.06050766,0.12296720,0.00487965,0.00000000,0.20787310,0.33669580,0.95551000,0.00030525,0.00042735,0.00586080,0.01147740,3.65616200,3.31096100,1.80610300,1.10586000,0.60732540,1.10402800,0.79999920,0.71990160,3.29944700,3.30311000,0.79677580,5.04242000,5.03170000,0.00341880, 2, 255, 7, 24,0x50000,No,No,No,No,No,Yes,No,Yes
2026-04-13 11:09:58,0.0,1500,500,,500,500,44,,200,,,648,,62.0,0.7200,0.6000,0.6000,1.1000,0.05660394,0.05953173,0.12101530,0.00585558,0.00000000,0.20982490,0.33767180,0.95551000,0.00006105,0.00042735,0.00476190,0.01159950,3.65801800,3.30260900,1.79389300,1.11062200,0.60659280,1.10219700,0.80109810,0.71990160,3.29944700,3.30219400,0.79677580,5.05716000,5.03170000,0.00341880, 2, 255, 7, 24,0x50000,No,No,No,No,No,Yes,No,Yes
2026-04-13 11:10:00,1.8,2400,910,,910,960,44,,200,,,648,,62.6,0.8679,0.6000,0.6000,1.1000,0.05465208,0.06343545,0.12882280,0.00390372,0.00000000,0.22056020,0.33767180,1.51810000,0.00024420,0.00036630,0.00518925,0.01172160,3.64409900,3.31003300,1.81684800,1.11062200,0.60659280,1.10256300,0.80109810,0.86979160,3.29944700,3.30311000,0.79677580,5.03840000,5.04376000,0.00341880, 2, 255, 7, 24,0x50000,No,No,No,No,No,Yes,No,Yes
2026-04-13 11:10:02,0.0,2400,910,,910,960,44,,200,,,648,,63.1,0.8679,0.6000,0.6000,1.1000,0.00000000,0.08978556,0.12882280,0.00683151,0.00000000,0.21080090,0.33669580,1.52703000,0.00018315,0.00042735,0.00586080,0.01196580,3.64873800,3.31281700,1.79828900,1.10695900,0.60659280,1.10402800,0.80329590,0.86898570,3.30036300,3.30219400,0.79736190,5.02232000,5.03304000,0.00341880, 2, 255, 7, 24,0x50000,No,No,No,No,No,Yes,No,Yes
2026-04-13 11:10:04,0.0,2400,910,,910,960,44,,200,,,648,,63.1,0.8679,0.6000,0.6000,1.1000,0.00000000,0.05953173,0.12882280,0.00585558,0.00000000,0.21080090,0.33669580,1.53596000,0.00006105,0.00042735,0.00506715,0.01147740,3.64688300,3.31374500,1.78754400,1.10439400,0.60659280,1.10146400,0.80183080,0.86925430,3.29853100,3.30219400,0.79736190,5.02232000,5.04510000,0.00341880, 2, 255, 7, 24,0x50000,No,No,No,No,No,Yes,No,Yes
2026-04-13 11:10:06,0.0,1500,500,,500,500,44,,200,,,648,,60.9,0.7200,0.6000,0.6000,1.1000,0.00000000,0.05953173,0.12199130,0.00487965,0.00000000,0.21080090,0.33571990,0.94657990,0.00006105,0.00042735,0.00543345,0.01147740,3.65801800,3.31188900,1.78998600,1.10695900,0.60695910,1.09999900,0.80292960,0.71990160,3.30036300,3.30219400,0.79824100,5.05850000,5.05582000,0.00341880, 2, 255, 7, 24,0x50000,No,No,No,No,No,Yes,No,Yes
2026-04-13 11:10:09,0.0,1500,500,,500,500,44,,200,,,648,,62.0,0.7200,0.6000,0.6000,1.1000,0.00000000,0.05953173,0.12296720,0.00292779,0.00000000,0.20787310,0.33864770,0.94657990,0.00006105,0.00042735,0.00476190,0.01147740,3.79999600,3.31281700,1.81684800,1.10732500,0.60659280,1.10292900,0.80146440,0.71990160,3.29853100,3.30219400,0.79794790,5.04912000,5.07190000,0.00341880, 2, 255, 7, 24,0x50000,No,No,No,No,No,Yes,No,Yes
2026-04-13 11:10:11,2.0,1500,500,,500,500,44,,200,,,648,,62.0,0.7200,0.6000,0.6000,1.1000,0.00000000,0.06148359,0.12394310,0.00780744,0.00000000,0.20884900,0.33767180,0.96444000,0.00018315,0.00042735,0.00586080,0.01123320,3.66358600,3.30260900,1.82124300,1.11355200,0.60659280,1.10329600,0.80146440,0.71963300,3.30036300,3.30219400,0.79706880,5.05046000,5.06520000,0.00341880, 2, 255, 7, 24,0x50000,No,No,No,No,No,Yes,No,Yes
2026-04-13 11:10:13,0.0,1500,500,,500,500,44,,200,,,648,,60.9,0.7200,0.6000,0.6000,1.1000,0.00000000,0.06343545,0.12296720,0.00292779,0.00000000,0.21177680,0.38646830,0.97336990,0.00006105,0.00042735,0.00549450,0.01111110,3.65801800,3.31838500,1.81684800,1.10732500,0.60732540,1.10402800,0.80109810,0.71990160,3.29853100,3.30402600,0.79765500,5.07994000,5.05180000,0.00341880, 2, 255, 7, 24,0x50000,No,No,No,No,No,Yes,No,Yes
2026-04-13 11:10:15,0.0,2400,910,,910,960,44,,200,,,648,,62.6,0.8679,0.6000,0.6000,1.1000,0.00000000,0.06050766,0.12882280,0.00487965,0.00000000,0.21080090,0.33474400,1.51810000,0.00018315,0.00042735,0.00592185,0.01111110,3.64409900,3.31838500,1.81733600,1.10769100,0.60695910,1.10402800,0.79963290,0.86925430,3.30036300,3.30219400,0.79677580,5.03304000,5.03706000,0.00341880, 2, 255, 7, 24,0x50000,No,No,No,No,No,Yes,No,Yes
2026-04-13 11:10:17,0.2,2400,910,,910,960,44,,200,,,648,,63.1,0.8679,0.6000,0.6000,1.1000,0.00000000,0.06245952,0.12979870,0.00487965,0.00000000,0.20884900,0.33571990,1.51810000,0.00024420,0.00036630,0.00518925,0.01135530,3.64966700,3.31281700,1.81684800,1.10146400,0.60659280,1.10109800,0.80146440,0.86925430,3.29761600,3.30127900,0.79677580,5.01026000,5.04108000,0.00341880, 2, 255, 7, 24,0x50000,No,No,No,No,No,Yes,No,Yes
2026-04-13 11:10:19,0.0,1500,500,,500,500,44,,200,,,648,,62.0,0.7200,0.6000,0.6000,1.1000,0.00000000,0.06148359,0.12589500,0.00487965,0.00000000,0.20787310,0.33571990,0.96444000,0.00018315,0.00042735,0.00463980,0.01147740,3.65245000,3.30724900,1.81733600,1.10732500,0.60073200,1.10402800,0.80183080,0.71963300,3.29944700,3.30219400,0.79736190,5.07324000,5.07994000,0.00341880, 2, 255, 7, 24,0x50000,No,No,No,No,No,Yes,No,Yes
2026-04-13 11:10:21,7.0,2400,910,,910,960,44,,200,,,648,,63.1,0.8679,0.6000,0.6000,1.1000,0.00000000,0.05855580,0.13175060,0.00585558,0.00000000,0.21080090,0.33571990,1.51810000,0.00024420,0.00048840,0.00586080,0.01147740,3.63389100,3.31838500,1.81684800,1.10769100,0.60476130,1.09999900,0.80292960,0.86925430,3.30036300,3.30219400,0.79677580,5.02902000,5.00892000,0.00341880, 2, 255, 7, 24,0x50000,No,No,No,No,No,Yes,No,Yes
2026-04-13 11:10:24,0.0,2400,910,,910,960,44,,200,,,648,,63.1,0.8679,0.6000,0.6000,1.1000,0.00000000,0.05855580,0.12979870,0.00585558,0.00000000,0.20884900,0.33474400,1.53596000,0.00012210,0.00036630,0.00561660,0.01123320,3.65430600,3.31096100,1.78754400,1.10769100,0.60695910,1.09999900,0.80219700,0.86898570,3.30036300,3.30311000,0.79677580,5.03840000,5.03974000,0.00341880, 2, 255, 7, 24,0x50000,No,No,No,No,No,Yes,No,Yes
2026-04-13 11:10:26,0.0,2400,910,,910,960,44,,200,,,648,,63.1,0.8679,0.6000,0.6000,1.1000,0.00000000,0.06050766,0.13077460,0.00487965,0.00000000,0.20982490,0.33669580,1.52703000,0.00018315,0.00042735,0.00525030,0.01098900,3.64409900,3.31467300,1.78754400,1.10805800,0.60842430,1.10219700,0.80146440,0.86925430,3.30036300,3.30219400,0.79677580,5.03304000,5.03974000,0.00341880, 2, 255, 7, 24,0x50000,No,No,No,No,No,Yes,No,Yes
2026-04-13 11:10:28,3.5,2400,910,,910,960,44,,200,,,648,,63.1,0.8679,0.6000,0.6000,1.1000,0.00000000,0.06441138,0.12882280,0.00390372,0.00000000,0.20982490,0.33279210,1.51810000,0.00018315,0.00042735,0.00598290,0.01123320,3.64038700,3.31003300,1.78754400,1.10805800,0.60586020,1.10402800,0.80073180,0.86979160,3.29853100,3.30311000,0.79736190,5.05984000,5.02768000,0.00341880, 2, 255, 7, 24,0x50000,No,No,No,No,No,Yes,No,Yes
2026-04-13 11:10:30,0.0,2400,910,,910,960,44,,200,,,648,,63.1,0.8679,0.6000,0.6000,1.1000,0.00000000,0.09954486,0.16200440,0.00292779,0.00000000,0.20884900,0.33376810,1.53596000,0.00036630,0.00036630,0.00543345,0.01172160,3.63481900,3.29518600,1.79096300,1.11062200,0.60622650,1.10073200,0.80183080,0.86898570,3.30402600,3.30219400,0.79677580,5.03840000,5.00758000,0.00341880, 2, 255, 7, 24,0x50000,No,No,No,No,No,Yes,No,Yes
