timestamp,cpu_percent,arm_mhz,core_mhz,h264_mhz,isp_mhz,v3d_mhz,uart_mhz,pwm_mhz,emmc_mhz,pixel_mhz,vec_mhz,hdmi_mhz,dpi_mhz,arm_temp,core_volt,sdram_c_volt,sdram_i_volt,sdram_p_volt,3V7_WL_SW_A,3V3_SYS_A,1V8_SYS_A,DDR_VDD2_A,DDR_VDDQ_A,1V1_SYS_A,0V8_SW_A,VDD_CORE_A,3V3_DAC_A,3V3_ADC_A,0V8_AON_A,HDMI_A,3V7_WL_SW_V,3V3_SYS_V,1V8_SYS_V,DDR_VDD2_V,DDR_VDDQ_V,1V1_SYS_V,0V8_SW_V,VDD_CORE_V,3V3_DAC_V,3V3_ADC_V,0V8_AON_V,HDMI_V,EXT5V_V,BATT_V,readmr_4,readmr_5,readmr_6,readmr_8,throttle_hex,UV,ArmFreqCap,CurThrottle,SoftTempLimit,UV_occured,ArmFreqCap_occured,Throttle_occured,SoftTempLimit_occured
2026-04-13 20:05:39,6.3,2400,910,,910,960,44,,200,,,648,,60.9,0.8600,0.6000,0.6000,1.1000,0.00000000,0.09564114,0.13370240,0.00390372,0.00000000,0.36402190,0.47625380,1.46452000,0.00000000,0.00000000,0.00506715,0.01404150,3.79999600,3.31652900,1.79877700,1.10732500,0.59999940,1.10292900,0.79999920,0.86092710,3.31226800,3.31409900,0.79970620,4.95264000,4.94192000,0.00000000, 2, 255, 7, 24,0xf0000,No,No,No,No,Yes,Yes,Yes,Yes
2026-04-13 20:05:41,9.8,2400,910,,910,960,44,,200,,,648,,59.8,0.8600,0.6000,0.6000,1.1000,0.00000000,0.09076149,0.13272650,0.01073523,0.00000000,0.35621450,0.33962360,1.45559000,0.00000000,0.00006105,0.00549450,0.01355310,3.79999600,3.31560100,1.80317300,1.11208700,0.60476130,1.10109800,0.79963290,0.86119580,3.30952000,3.31226800,0.79999920,4.97542000,4.98882000,0.00000000, 2, 255, 7, 24,0xf0000,No,No,No,No,Yes,Yes,Yes,Yes
2026-04-13 20:05:43,7.5,2400,910,,910,960,43,,200,,,648,,60.9,0.8600,0.6000,0.6000,1.1000,0.00000000,0.07612254,0.13370240,0.00390372,0.00000000,0.27423630,0.49284470,1.45559000,0.00000000,0.00006105,0.00506715,0.01416360,3.67379400,3.31281700,1.80024200,1.11062200,0.60439500,1.10292900,0.79926660,0.86173300,3.31135200,3.31501500,0.80058540,4.99552000,4.91512000,0.00000000, 2, 255, 7, 24,0xf0000,No,No,No,No,Yes,Yes,Yes,Yes
2026-04-13 20:05:46,7.7,2400,910,,910,960,44,,200,,,648,,59.8,0.8600,0.6000,0.6000,1.1000,0.00000000,0.09076149,0.13272650,0.00780744,0.00000000,0.35914220,0.49186870,1.47345000,0.00000000,0.00000000,0.00512820,0.01465200,3.65894600,3.31931300,1.81733600,1.11062200,0.60183090,1.10073200,0.80146440,0.86146430,3.30952000,3.31501500,0.80058540,4.99552000,4.97274000,0.00000000, 2, 255, 7, 24,0xf0000,No,No,No,No,Yes,Yes,Yes,Yes
2026-04-13 20:05:48,8.8,2400,910,,910,960,44,,200,,,648,,60.4,0.8600,0.6000,0.6000,1.1000,0.00000000,0.08880963,0.13077460,0.09661707,0.00000000,0.33474400,0.34157550,2.51826000,0.00000000,0.00000000,0.00500610,0.01428570,3.65152200,3.31838500,1.80024200,1.11282000,0.60512760,1.10622600,0.80292960,0.86119580,3.31318300,3.31318300,0.79999920,4.95130000,5.01294000,0.00000000, 2, 255, 7, 24,0xf0000,No,No,No,No,Yes,Yes,Yes,Yes
2026-04-13 20:05:50,7.5,2400,910,,910,960,43,,200,,,648,,60.4,0.8600,0.6000,0.6000,1.1000,0.00000000,0.06148359,0.13370240,0.00585558,0.00000000,0.20787310,0.35231080,1.50024000,0.00000000,0.00000000,0.00506715,0.01440780,3.65152200,3.30168200,1.80024200,1.10769100,0.60512760,1.10769100,0.80073180,0.86146430,3.31135200,3.31409900,0.80058540,4.96336000,5.00356000,0.00000000, 2, 255, 7, 24,0xf0000,No,No,No,No,Yes,Yes,Yes,Yes
2026-04-13 20:05:52,7.3,2400,910,,910,960,44,,200,,,648,,60.9,0.8600,0.6000,0.6000,1.1000,0.00000000,0.12199130,0.13370240,0.00780744,0.00000000,0.35914220,0.38354050,2.29501000,0.00048840,0.00006105,0.00482295,0.01416360,3.64038700,3.30724900,1.79926600,1.10695900,0.60402870,1.10146400,0.80219700,0.86092710,3.30952000,3.31135200,0.79882700,4.96872000,4.96872000,0.00000000, 2, 255, 7, 24,0xf0000,No,No,No,No,Yes,Yes,Yes,Yes
2026-04-13 20:05:54,8.5,2400,910,,910,960,44,,200,,,648,,59.8,0.8600,0.6000,0.6000,1.1000,0.00000000,0.06636324,0.13175060,0.00975930,0.00000000,0.20884900,0.48210940,1.45559000,0.00000000,0.00000000,0.00470085,0.01452990,3.66729800,3.31652900,1.80610300,1.11062200,0.60512760,1.10512700,0.79999920,0.86146430,3.31043600,3.31135200,0.80058540,4.88698000,4.92450000,0.00000000, 2, 255, 7, 24,0xf0000,No,No,No,No,Yes,Yes,Yes,Yes
2026-04-13 20:05:56,8.5,2400,910,,910,960,44,,200,,,648,,60.9,0.8600,0.6000,0.6000,1.1000,0.00000000,0.07417068,0.13175060,0.00585558,0.00000000,0.20982490,0.34547920,1.47345000,0.00048840,0.00000000,0.00518925,0.01404150,3.64966700,3.32580900,1.79877700,1.10695900,0.60476130,1.10402800,0.80366220,0.86092710,3.31043600,3.31226800,0.79970620,4.99552000,5.01026000,0.00000000, 2, 255, 7, 24,0xf0000,No,No,No,No,Yes,Yes,Yes,Yes
2026-04-13 20:05:58,8.2,2400,910,,910,960,44,,200,,,648,,61.5,0.8600,0.6000,0.6000,1.1000,0.00000000,0.10832820,0.13760610,0.00487965,0.00000000,0.35816630,0.34059960,1.48238000,0.00000000,0.00006105,0.00549450,0.01391940,3.65245000,3.30260900,1.81684800,1.10439400,0.60366240,1.10219700,0.80219700,0.86065850,3.31043600,3.31226800,0.79999920,5.00356000,4.99284000,0.00000000, 2, 255, 7, 24,0xf0000,No,No,No,No,Yes,Yes,Yes,Yes
2026-04-13 20:06:00,12.8,2400,910,,910,960,43,,200,,,648,,61.5,0.8600,0.6000,0.6000,1.1000,0.00000000,0.08490592,0.13467840,0.01073523,0.00000000,0.33474400,0.34059960,1.48238000,0.00000000,0.00000000,0.00482295,0.01428570,3.79999600,3.31560100,1.80610300,1.10586000,0.60512760,1.10476100,0.79963290,0.86119580,3.31043600,3.31226800,0.79970620,4.99820000,4.99284000,0.00000000, 2, 255, 7, 24,0xf0000,No,No,No,No,Yes,Yes,Yes,Yes
2026-04-13 20:06:03,11.5,2400,910,,910,960,44,,200,,,648,,60.9,0.8600,0.6000,0.6000,1.1000,0.00000000,0.06245952,0.13565430,0.00683151,0.00000000,0.21275270,0.35621450,1.49131000,0.00000000,0.00000000,0.00518925,0.01440780,3.79999600,3.31003300,1.80024200,1.10439400,0.60329610,1.10769100,0.80073180,0.86119580,3.31135200,3.31318300,0.79999920,4.98078000,4.99418000,0.00000000, 2, 255, 7, 24,0xf0000,No,No,No,No,Yes,Yes,Yes,Yes
2026-04-13 20:06:05,9.0,2400,910,,910,960,44,,200,,,648,,61.5,0.8600,0.6000,0.6000,1.1000,0.00000000,0.09076149,0.13272650,0.00878337,0.00000000,0.36109410,0.45966300,1.46452000,0.00000000,0.00000000,0.00518925,0.01355310,3.79906800,3.32024100,1.80659200,1.11208700,0.60476130,1.10146400,0.80292960,0.86173300,3.31135200,3.31043600,0.80058540,5.01696000,5.00758000,0.00000000, 2, 255, 7, 24,0xf0000,No,No,No,No,Yes,Yes,Yes,Yes
2026-04-13 20:06:07,10.2,2400,910,,910,960,44,,200,,,648,,60.9,0.8600,0.6000,0.6000,1.1000,0.00000000,0.06148359,0.13467840,0.00975930,0.00000000,0.20787310,0.37085340,1.48238000,0.00000000,0.00000000,0.00506715,0.01428570,3.66822600,3.32580900,1.80024200,1.10695900,0.60366240,1.10549400,0.80366220,0.86146430,3.31043600,3.31409900,0.79999920,4.97274000,4.94728000,0.00000000, 2, 255, 7, 24,0xf0000,No,No,No,No,Yes,Yes,Yes,Yes
2026-04-13 20:06:09,9.0,2400,910,,910,960,44,,200,,,648,,61.5,0.8600,0.6000,0.6000,1.1000,0.00000000,0.07417068,0.13467840,0.00878337,0.00000000,0.20982490,0.35426260,1.50917000,0.00000000,0.00006105,0.00482295,0.01440780,3.79999600,3.31096100,1.81684800,1.10439400,0.59999940,1.10146400,0.80586010,0.86173300,3.31043600,3.31318300,0.79941320,4.98882000,4.98346000,0.00000000, 2, 255, 7, 24,0xf0000,No,No,No,No,Yes,Yes,Yes,Yes
2026-04-13 20:06:11,10.3,2400,910,,910,960,44,,200,,,648,,61.5,0.7500,0.6000,0.6000,1.1000,0.00000000,0.06733918,0.13077460,0.00683151,0.00000000,0.21080090,0.49577240,1.03588000,0.00000000,0.00048840,0.00494505,0.01465200,3.68214500,3.30817700,1.80024200,1.11098800,0.60073200,1.10146400,0.79963290,0.75589670,3.30952000,3.31135200,0.79912020,4.97408000,5.01026000,0.00000000, 2, 255, 7, 24,0xf0000,No,No,No,No,Yes,Yes,Yes,Yes
2026-04-13 20:06:13,9.0,2400,910,,910,960,44,,200,,,648,,60.9,0.8600,0.6000,0.6000,1.1000,0.00000000,0.06148359,0.13467840,0.00683151,0.00000000,0.21080090,0.47918160,1.49131000,0.00000000,0.00006105,0.00610500,0.01440780,3.67008200,3.31003300,1.79584700,1.10879000,0.60622650,1.10659200,0.80146440,0.86173300,3.31043600,3.31135200,0.79970620,4.96336000,4.96202000,0.00000000, 2, 255, 7, 24,0xf0000,No,No,No,No,Yes,Yes,Yes,Yes
2026-04-13 20:06:15,9.0,2400,910,,910,960,44,,200,,,648,,61.5,0.8600,0.6000,0.6000,1.1000,0.00000000,0.09076149,0.13175060,0.00975930,0.00000000,0.36109410,0.49382060,1.50024000,0.00000000,0.00048840,0.00482295,0.01391940,3.79999600,3.31560100,1.80024200,1.11062200,0.60219720,1.10146400,0.79926660,0.86146430,3.30952000,3.31318300,0.79912020,4.99016000,4.97408000,0.00000000, 2, 255, 7, 24,0xf0000,No,No,No,No,Yes,Yes,Yes,Yes
2026-04-13 20:06:18,7.0,1500,500,,500,500,44,,200,,,648,,61.5,0.7200,0.6000,0.6000,1.1000,0.00000000,0.08295405,0.13077460,0.00780744,0.00000000,0.27228450,0.34450330,0.96444000,0.00000000,0.00006105,0.00586080,0.01404150,3.79999600,3.31003300,1.79926600,1.10732500,0.60256350,1.10586000,0.80292960,0.72151340,3.31043600,3.31409900,0.79999920,5.03706000,5.05448000,0.00000000, 2, 255, 7, 24,0xf0000,No,No,No,No,Yes,Yes,Yes,Yes
2026-04-13 20:06:20,3.5,2400,910,,910,960,44,,200,,,648,,60.9,0.8600,0.6000,0.6000,1.1000,0.00000000,0.09076149,0.13467840,0.00878337,0.00000000,0.36499780,0.49284470,1.46452000,0.00000000,0.00000000,0.00506715,0.01379730,3.79999600,3.32024100,1.80024200,1.10805800,0.60695910,1.10292900,0.79963290,0.86092710,3.31043600,3.31135200,0.79941320,4.95800000,4.97274000,0.00000000, 2, 255, 7, 24,0xf0000,No,No,No,No,Yes,Yes,Yes,Yes
2026-04-13 20:06:22,4.0,2400,910,,910,960,44,,200,,,648,,61.5,0.8600,0.6000,0.6000,1.1000,0.00000000,0.09173742,0.13175060,0.01756674,0.00000000,0.36011820,0.35035890,1.48238000,0.00048840,0.00024420,0.00476190,0.01404150,3.79721200,3.32209700,1.80024200,1.11282000,0.60512760,1.10329600,0.79999920,0.86119580,3.31135200,3.31226800,0.80029220,4.99552000,4.95130000,0.00000000, 2, 255, 7, 24,0xf0000,No,No,No,No,Yes,Yes,Yes,Yes
2026-04-13 20:06:24,2.7,1500,500,,500,500,44,,200,,,648,,60.9,0.7200,0.6000,0.6000,1.1000,0.00000000,0.06733918,0.12784680,0.00487965,0.00000000,0.20982490,0.34547920,0.97336990,0.00000000,0.00054945,0.00586080,0.01440780,3.79999600,3.32580900,1.79633500,1.11062200,0.60512760,1.10549400,0.80329590,0.72070740,3.31135200,3.31409900,0.79999920,5.03706000,5.04778000,0.00000000, 2, 255, 7, 24,0xf0000,No,No,No,No,Yes,Yes,Yes,Yes
2026-04-13 20:06:26,2.3,2400,910,,910,960,44,,200,,,648,,61.5,0.8600,0.6000,0.6000,1.1000,0.00000000,0.06245952,0.13370240,0.01268709,0.00000000,0.21372870,0.49772430,1.50024000,0.00000000,0.00000000,0.00549450,0.01440780,3.67379400,3.31281700,1.81733600,1.10879000,0.60659280,1.10769100,0.80146440,0.86146430,3.31043600,3.31501500,0.79999920,4.96202000,4.95666000,0.00000000, 2, 255, 7, 24,0xf0000,No,No,No,No,Yes,Yes,Yes,Yes
2026-04-13 20:06:28,2.5,2400,910,,910,960,44,,200,,,648,,61.5,0.8600,0.6000,0.6000,1.1000,0.00000000,0.06343545,0.13467840,0.00780744,0.00000000,0.21080090,0.35328660,1.50024000,0.00000000,0.00000000,0.00598290,0.01428570,3.79999600,3.31003300,1.80610300,1.10805800,0.60256350,1.10659200,0.79963290,0.86146430,3.31135200,3.31409900,0.80058540,5.00624000,5.01428000,0.00000000, 2, 255, 7, 24,0xf0000,No,No,No,No,Yes,Yes,Yes,Yes
2026-04-13 20:06:30,2.3,1500,500,,500,500,44,,200,,,648,,60.4,0.7200,0.6000,0.6000,1.1000,0.00000000,0.12101530,0.15712470,0.00683151,0.00000000,0.38549240,0.49577240,0.93765000,0.00000000,0.00000000,0.00500610,0.01465200,3.79999600,3.30168200,1.80024200,1.10805800,0.59999940,1.10146400,0.80329590,0.72097620,3.30860500,3.31135200,0.79970620,5.03840000,5.02098000,0.00000000, 2, 255, 7, 24,0xf0000,No,No,No,No,Yes,Yes,Yes,Yes
2026-04-13 20:06:32,5.0,2400,910,,910,960,43,,200,,,648,,62.0,0.8600,0.6000,0.6000,1.1000,0.00000000,0.09173742,0.13175060,0.00683151,0.00000000,0.36987750,0.44404820,1.49131000,0.00000000,0.00000000,0.00592185,0.01391940,3.79350000,3.32024100,1.80610300,1.10439400,0.60476130,1.10292900,0.80036550,0.86146430,3.31043600,3.31226800,0.79999920,4.98346000,4.96068000,0.00000000, 2, 255, 7, 24,0xf0000,No,No,No,No,Yes,Yes,Yes,Yes
2026-04-13 20:06:35,4.3,2400,910,,910,960,44,,200,,,648,,61.5,0.8600,0.6000,0.6000,1.1000,0.00000000,0.09076149,0.13370240,0.00585558,0.00000000,0.37182930,0.49089280,1.49131000,0.00000000,0.00000000,0.00518925,0.01440780,3.79999600,3.32024100,1.80659200,1.10805800,0.59926680,1.10219700,0.80292960,0.86200170,3.31043600,3.31043600,0.79999920,4.99552000,4.96336000,0.00000000, 2, 255, 7, 24,0xf0000,No,No,No,No,Yes,Yes,Yes,Yes
2026-04-13 20:06:37,1.2,1500,500,,500,500,44,,200,,,648,,60.9,0.7200,0.6000,0.6000,1.1000,0.00000000,0.06148359,0.12687090,0.00878337,0.00000000,0.21177680,0.35328660,0.96444000,0.00000000,0.00024420,0.00586080,0.01465200,3.79999600,3.32580900,1.80610300,1.10732500,0.60402870,1.10769100,0.80146440,0.72097620,3.31043600,3.31043600,0.80058540,5.03706000,5.05046000,0.00000000, 2, 255, 7, 24,0xf0000,No,No,No,No,Yes,Yes,Yes,Yes
2026-04-13 20:06:39,1.2,2400,910,,910,960,44,,200,,,648,,62.6,0.8600,0.6000,0.6000,1.1000,0.00000000,0.07319475,0.13663020,0.01073523,0.00000000,0.21080090,0.48015760,1.49131000,0.00000000,0.00000000,0.00543345,0.01428570,3.66915400,3.31560100,1.80610300,1.10805800,0.61721550,1.10549400,0.80146440,0.86119580,3.31135200,3.31318300,0.79999920,4.97140000,4.92986000,0.00000000, 2, 255, 7, 24,0xf0000,No,No,No,No,Yes,Yes,Yes,Yes
2026-04-13 20:06:41,1.3,2400,910,,910,960,44,,200,,,648,,61.5,0.8600,0.6000,0.6000,1.1000,0.00000000,0.09076149,0.13272650,0.00683151,0.00000000,0.36207000,0.49089280,1.47345000,0.00000000,0.00000000,0.00518925,0.01330890,3.79721200,3.30910500,1.80024200,1.10879000,0.59926680,1.10329600,0.80146440,0.86065850,3.31501500,3.31318300,0.79999920,4.98480000,4.96336000,0.00000000, 2, 255, 7, 24,0xf0000,No,No,No,No,Yes,Yes,Yes,Yes
2026-04-13 20:06:43,0.0,1500,500,,500,500,44,,200,,,648,,60.9,0.7913,0.6000,0.6000,1.1000,0.00000000,0.09173742,0.13077460,0.00878337,0.00000000,0.20689720,0.38549240,1.23234000,0.00000000,0.00048840,0.00457875,0.01428570,3.79999600,3.31003300,1.80024200,1.10732500,0.59963310,1.10622600,0.79999920,0.79618970,3.31043600,3.31409900,0.79970620,5.01562000,5.02634000,0.00000000, 2, 255, 7, 24,0xf0000,No,No,No,No,Yes,Yes,Yes,Yes
2026-04-13 20:06:45,0.5,2400,910,,910,960,44,,200,,,648,,62.0,0.8600,0.6000,0.6000,1.1000,0.00000000,0.08978556,0.13565430,0.00585558,0.00000000,0.35328660,0.49382060,1.48238000,0.00000000,0.00000000,0.00506715,0.01330890,3.67379400,3.31652900,1.79828900,1.10879000,0.60659280,1.10329600,0.80146440,0.86119580,3.30952000,3.31135200,0.79912020,4.97408000,4.91378000,0.00000000, 2, 255, 7, 24,0xf0000,No,No,No,No,Yes,Yes,Yes,Yes
2026-04-13 20:06:47,0.2,2400,910,,910,960,44,,200,,,648,,61.5,0.8600,0.6000,0.6000,1.1000,0.00000000,0.06148359,0.13370240,0.00585558,0.00000000,0.20884900,0.48015760,1.79493000,0.00000000,0.00006105,0.00476190,0.01465200,3.79999600,3.30446500,1.81684800,1.10732500,0.61245360,1.10549400,0.80036550,0.86173300,3.31226800,3.31226800,0.79941320,4.96202000,4.99016000,0.00000000, 2, 255, 7, 24,0xf0000,No,No,No,No,Yes,Yes,Yes,Yes
2026-04-13 20:06:50,1.7,1500,500,,500,500,44,,200,,,648,,61.5,0.7200,0.6000,0.6000,1.1000,0.00000000,0.09076149,0.12589500,0.00878337,0.00000000,0.36011820,0.35133480,0.95551000,0.00048840,0.00006105,0.00525030,0.01355310,3.79906800,3.32024100,1.79682400,1.11355200,0.60659280,1.10769100,0.80219700,0.72097620,3.31135200,3.31409900,0.79912020,5.05984000,5.05984000,0.00000000, 2, 255, 7, 24,0xf0000,No,No,No,No,Yes,Yes,Yes,Yes
2026-04-13 20:06:52,0.3,2400,910,,910,960,44,,200,,,648,,62.6,0.8600,0.6000,0.6000,1.1000,0.00000000,0.09076149,0.13370240,0.00975930,0.00000000,0.35426260,0.33571990,1.49131000,0.00000000,0.00000000,0.00537240,0.01391940,3.65245000,3.31003300,1.81733600,1.11208700,0.60659280,1.10219700,0.80146440,0.86065850,3.31135200,3.31135200,0.80058540,4.99552000,4.97676000,0.00000000, 2, 255, 7, 24,0xf0000,No,No,No,No,Yes,Yes,Yes,Yes
2026-04-13 20:06:54,0.3,2400,910,,910,960,44,,200,,,648,,62.0,0.8600,0.6000,0.6000,1.1000,0.00000000,0.09271335,0.13370240,0.00975930,0.00000000,0.36109410,0.49186870,1.46452000,0.00000000,0.00000000,0.00500610,0.01355310,3.66637000,3.31003300,1.80024200,1.11208700,0.60549390,1.10329600,0.79999920,0.86092710,3.30860500,3.31135200,0.80058540,4.97408000,4.95264000,0.00000000, 2, 255, 7, 24,0xf0000,No,No,No,No,Yes,Yes,Yes,Yes
2026-04-13 20:06:56,0.3,1500,500,,500,500,44,,200,,,648,,60.9,0.7200,0.6000,0.6000,1.1000,0.00000000,0.07221882,0.12589500,0.04001313,0.00000000,0.20982490,0.34255140,0.97336990,0.00000000,0.00054945,0.00586080,0.01404150,3.79999600,3.30910500,1.79926600,1.11025500,0.60512760,1.10915600,0.80109810,0.72151340,3.31043600,3.31318300,0.79999920,5.03706000,5.05180000,0.00000000, 2, 255, 7, 24,0xf0000,No,No,No,No,Yes,Yes,Yes,Yes
2026-04-13 20:06:58,0.0,2400,910,,910,960,44,,200,,,648,,62.0,0.8600,0.6000,0.6000,1.1000,0.00000000,0.09856894,0.16688400,0.00780744,0.00000000,0.20787310,0.35426260,1.50024000,0.00000000,0.00006105,0.00506715,0.01404150,3.65894600,3.31931300,1.81684800,1.10879000,0.60439500,1.10586000,0.80292960,0.86146430,3.31043600,3.31409900,0.79970620,4.96202000,4.99284000,0.00000000, 2, 255, 7, 24,0xf0000,No,No,No,No,Yes,Yes,Yes,Yes
2026-04-13 20:07:00,1.0,2400,910,,910,960,44,,200,,,648,,62.0,0.8600,0.6000,0.6000,1.1000,0.00000000,0.07124290,0.13370240,0.01073523,0.00000000,0.20982490,0.34450330,1.50917000,0.00000000,0.00006105,0.00506715,0.01440780,3.79999600,3.31003300,1.81684800,1.10695900,0.60659280,1.10439400,0.80109810,0.86119580,3.31043600,3.31318300,0.79999920,5.01026000,5.01696000,0.00000000, 2, 255, 7, 24,0xf0000,No,No,No,No,Yes,Yes,Yes,Yes
2026-04-13 20:07:02,1.5,1600,545,,545,551,43,,200,,,648,,61.5,0.7200,0.6000,0.6000,1.1000,0.00000000,0.09076149,0.12589500,0.00683151,0.00000000,0.36304600,0.46161490,0.94657990,0.00000000,0.00006105,0.00518925,0.01416360,3.79906800,3.30724900,1.79926600,1.10805800,0.60549390,1.10146400,0.80402850,0.72070740,3.31043600,3.31409900,0.79970620,5.06520000,5.05046000,0.00000000, 2, 255, 7, 24,0xf0000,No,No,No,No,Yes,Yes,Yes,Yes
2026-04-13 20:07:04,2.3,2400,910,,910,960,44,,200,,,648,,62.6,0.8600,0.6000,0.6000,1.1000,0.00000000,0.06929103,0.13467840,0.00585558,0.00000000,0.20787310,0.41672210,1.50024000,0.00000000,0.00000000,0.00586080,0.01416360,3.63760300,3.31096100,1.80610300,1.10439400,0.60439500,1.10915600,0.80146440,0.86173300,3.31135200,3.31501500,0.79999920,4.90440000,4.85348000,0.00000000, 2, 255, 7, 24,0xf0000,No,No,No,No,Yes,Yes,Yes,Yes
2026-04-13 20:07:07,3.0,2400,910,,910,960,43,,200,,,648,,63.7,0.8600,0.6000,0.6000,1.1000,0.00000000,0.09368929,0.13565430,0.02537418,0.00000000,0.35523850,0.35621450,4.95615000,0.00000000,0.00000000,0.00525030,0.01379730,3.59955700,3.31560100,1.81684800,1.10586000,0.60366240,1.10329600,0.79963290,0.86119580,3.31135200,3.31318300,0.79970620,4.84410000,4.83472000,0.00000000, 2, 255, 7, 24,0xf0000,No,No,No,No,Yes,Yes,Yes,Yes
2026-04-13 20:07:09,0.3,1500,500,,500,500,44,,200,,,648,,62.6,0.8600,0.6000,0.6000,1.1000,0.00000000,0.05855580,0.13467840,0.00975930,0.00000000,0.20982490,0.34743110,1.50917000,0.00000000,0.00024420,0.00506715,0.01404150,3.79999600,3.31745700,1.80610300,1.10586000,0.60512760,1.10842400,0.80036550,0.86146430,3.31226800,3.31226800,0.79970620,5.00490000,5.00490000,0.00000000, 2, 255, 7, 24,0xf0000,No,No,No,No,Yes,Yes,Yes,Yes
2026-04-13 20:07:11,2.5,2400,910,,910,960,44,,200,,,648,,63.1,0.8600,0.6000,0.6000,1.1000,0.00000000,0.08685777,0.13663020,0.00975930,0.00000000,0.21372870,0.50943550,1.51810000,0.00000000,0.00048840,0.00525030,0.01452990,3.67565000,3.31560100,1.80024200,1.10879000,0.60146460,1.10549400,0.80036550,0.86173300,3.31043600,3.31226800,0.79999920,4.99820000,5.01562000,0.00000000, 2, 255, 7, 24,0xf0000,No,No,No,No,Yes,Yes,Yes,Yes
2026-04-13 20:07:13,7.5,2400,910,,910,960,44,,200,,,648,,63.1,0.8600,0.6000,0.6000,1.1000,0.00000000,0.06538731,0.13663020,0.00878337,0.00000000,0.21080090,0.35426260,1.50024000,0.00000000,0.00048840,0.00506715,0.01440780,3.66358600,3.32024100,1.80024200,1.10805800,0.60439500,1.10549400,0.80183080,0.86173300,3.31043600,3.31501500,0.79999920,5.00624000,4.99686000,0.00000000, 2, 255, 7, 24,0xf0000,No,No,No,No,Yes,Yes,Yes,Yes
2026-04-13 20:07:15,7.7,2400,910,,910,960,44,,200,,,648,,62.0,0.8600,0.6000,0.6000,1.1000,0.00000000,0.10832820,0.13370240,0.00878337,0.00000000,0.36109410,0.48796500,1.49131000,0.00000000,0.00024420,0.00506715,0.01391940,3.79906800,3.31096100,1.80659200,1.10732500,0.60292980,1.10329600,0.80292960,0.86119580,3.31043600,3.31043600,0.79970620,4.98212000,4.97140000,0.00000000, 2, 255, 7, 24,0xf0000,No,No,No,No,Yes,Yes,Yes,Yes
2026-04-13 20:07:17,6.5,2400,910,,910,960,44,,200,,,648,,62.6,0.8600,0.6000,0.6000,1.1000,0.00000000,0.05953173,0.13272650,0.00975930,0.00000000,0.21958430,0.35621450,1.50024000,0.00000000,0.00000000,0.00506715,0.01465200,3.63389100,3.32209700,1.80659200,1.11062200,0.60402870,1.10769100,0.80146440,0.86146430,3.31135200,3.31318300,0.79941320,4.85616000,4.93522000,0.00000000, 2, 255, 7, 24,0xf0000,No,No,No,No,Yes,Yes,Yes,Yes
2026-04-13 20:07:19,6.3,2400,910,,910,960,44,,200,,,648,,62.6,0.8600,0.6000,0.6000,1.1000,0.00000000,0.06343545,0.13760610,0.02049453,0.00000000,0.21275270,0.50357990,2.52719000,0.00000000,0.00006105,0.00470085,0.01416360,3.66265800,3.32580900,1.81684800,1.10952300,0.60219720,1.10146400,0.80036550,0.86173300,3.31226800,3.31135200,0.79941320,4.92986000,4.95666000,0.00000000, 2, 255, 7, 24,0xf0000,No,No,No,No,Yes,Yes,Yes,Yes
2026-04-13 20:07:22,7.0,2400,910,,910,960,44,,200,,,648,,62.0,0.8600,0.6000,0.6000,1.1000,0.00000000,0.07026696,0.13565430,0.02732604,0.00000000,0.21080090,0.35426260,2.56291000,0.00000000,0.00006105,0.00482295,0.01465200,3.63018000,3.31003300,1.79926600,1.10586000,0.60476130,1.10512700,0.80366220,0.86173300,3.31043600,3.31501500,0.79970620,4.92986000,4.90976000,0.00000000, 2, 255, 7, 24,0xf0000,No,No,No,No,Yes,Yes,Yes,Yes
2026-04-13 20:07:24,6.0,2400,910,,910,960,44,,200,,,648,,62.6,0.8600,0.6000,0.6000,1.1000,0.06636324,0.05953173,0.13370240,0.00585558,0.00000000,0.21080090,0.35621450,1.50024000,0.00000000,0.00000000,0.00518925,0.01416360,3.62275600,3.31374500,1.80659200,1.10952300,0.60256350,1.10549400,0.79963290,0.86173300,3.31318300,3.31409900,0.79941320,4.94728000,4.97408000,0.00000000, 2, 255, 7, 24,0xf0000,No,No,No,No,Yes,Yes,Yes,Yes
2026-04-13 20:07:26,6.5,2400,910,,910,960,44,,200,,,648,,63.1,0.8600,0.6000,0.6000,1.1000,0.04294092,0.10540040,0.13565430,0.08100219,0.00294120,0.20884900,0.51041140,2.26822000,0.00000000,0.00000000,0.00512820,0.01416360,3.63574700,3.31096100,1.79487000,1.10879000,0.60366240,1.10586000,0.80036550,0.86146430,3.31043600,3.31226800,0.79970620,4.95666000,4.97274000,0.00000000, 2, 255, 7, 24,0xf0000,No,No,No,No,Yes,Yes,Yes,Yes
2026-04-13 20:07:28,8.8,2400,910,,910,960,44,,200,,,648,,62.0,0.8600,0.6000,0.6000,1.1000,0.05855580,0.06148359,0.13467840,0.00975930,0.00000000,0.21470460,0.49479650,1.50024000,0.00000000,0.00000000,0.00494505,0.01440780,3.65801800,3.31003300,1.80659200,1.10805800,0.60219720,1.10805800,0.80036550,0.86173300,3.31043600,3.31226800,0.79970620,4.95130000,4.99284000,0.00000000, 2, 255, 7, 24,0xf0000,No,No,No,No,Yes,Yes,Yes,Yes
2026-04-13 20:07:30,7.5,2400,910,,910,960,44,,200,,,648,,63.1,0.8600,0.6000,0.6000,1.1000,0.00000000,0.09271335,0.13272650,0.00487965,0.00000000,0.36109410,0.51138740,2.59863000,0.00000000,0.00000000,0.00512820,0.01367520,3.66822600,3.30724900,1.79877700,1.10695900,0.60439500,1.10292900,0.80109810,0.86173300,3.31043600,3.31318300,0.79999920,4.98212000,4.97944000,0.00000000, 2, 255, 7, 24,0xf0000,No,No,No,No,Yes,Yes,Yes,Yes
2026-04-13 20:07:32,8.1,2400,910,,910,960,43,,200,,,648,,63.1,0.8600,0.6000,0.6000,1.1000,0.00000000,0.08490592,0.13370240,0.01951860,0.00000000,0.33474400,0.34547920,2.56291000,0.00000000,0.00006105,0.00586080,0.01416360,3.64317100,3.30724900,1.81684800,1.10842400,0.60659280,1.10842400,0.80292960,0.86092710,3.31043600,3.31226800,0.79999920,5.02232000,4.97944000,0.00000000, 2, 255, 7, 24,0xf0000,No,No,No,No,Yes,Yes,Yes,Yes
2026-04-13 20:07:34,8.3,2400,910,,910,960,44,,200,,,648,,62.6,0.8600,0.6000,0.6000,1.1000,0.00000000,0.15029320,0.13467840,0.00975930,0.00196080,0.33767180,0.51138740,1.48238000,0.00000000,0.00000000,0.00543345,0.01367520,3.63481900,3.31096100,1.80610300,1.10732500,0.60183090,1.10219700,0.79963290,0.86146430,3.30952000,3.31135200,0.79999920,4.94862000,4.94594000,0.00000000, 2, 255, 7, 24,0xf0000,No,No,No,No,Yes,Yes,Yes,Yes
2026-04-13 20:07:36,10.9,2400,910,,910,960,44,,200,,,648,,63.1,0.8600,0.6000,0.6000,1.1000,0.00000000,0.09368929,0.13077460,0.00585558,0.00000000,0.36304600,0.48991690,1.49131000,0.00000000,0.00024420,0.00488400,0.01379730,3.64873800,3.31374500,1.80659200,1.10879000,0.60073200,1.09999900,0.80109810,0.86119580,3.31043600,3.31043600,0.79970620,4.98212000,4.93120000,0.00000000, 2, 255, 7, 24,0xf0000,No,No,No,No,Yes,Yes,Yes,Yes
2026-04-13 20:07:39,11.5,2400,910,,910,960,44,,200,,,648,,63.7,0.8600,0.6000,0.6000,1.1000,0.00000000,0.08978556,0.13565430,0.01073523,0.00000000,0.35133480,0.49870020,1.48238000,0.00000000,0.00048840,0.00592185,0.01416360,3.66265800,3.31745700,1.80024200,1.10732500,0.60439500,1.10146400,0.79926660,0.86119580,3.31043600,3.31043600,0.79999920,4.96872000,4.94192000,0.00000000, 2, 255, 7, 24,0xf0000,No,No,No,No,Yes,Yes,Yes,Yes
2026-04-13 20:07:41,9.0,2400,910,,910,960,44,,200,,,648,,62.6,0.8600,0.6000,0.6000,1.1000,0.00000000,0.06831510,0.13663020,0.00585558,0.00000000,0.21177680,0.49382060,1.50024000,0.00048840,0.00000000,0.00586080,0.01416360,3.67472200,3.32580900,1.79828900,1.11391800,0.60549390,1.10549400,0.80109810,0.86173300,3.31318300,3.31226800,0.79999920,4.96068000,4.97274000,0.00000000, 2, 255, 7, 24,0xf0000,No,No,No,No,Yes,Yes,Yes,Yes
2026-04-13 20:07:43,8.5,2400,910,,910,960,44,,200,,,648,,63.1,0.8600,0.6000,0.6000,1.1000,0.00000000,0.06441138,0.13565430,0.00975930,0.00000000,0.20787310,0.35328660,1.50024000,0.00000000,0.00000000,0.00518925,0.01416360,3.61997200,3.35550300,1.80659200,1.10769100,0.60439500,1.10769100,0.80256330,0.86200170,3.31043600,3.31409900,0.79999920,4.94058000,4.92584000,0.00000000, 2, 255, 7, 24,0xf0000,No,No,No,No,Yes,Yes,Yes,Yes
2026-04-13 20:07:45,8.5,2400,910,,910,960,44,,200,,,648,,62.6,0.8600,0.6000,0.6000,1.1000,0.00000000,0.06441138,0.14443760,0.00780744,0.00000000,0.21275270,0.41672210,1.51810000,0.00000000,0.00000000,0.00482295,0.01440780,3.67101000,3.32580900,1.79828900,1.10879000,0.60659280,1.10586000,0.80292960,0.86146430,3.31043600,3.31043600,0.79999920,4.97274000,4.99284000,0.00000000, 2, 255, 7, 24,0xf0000,No,No,No,No,Yes,Yes,Yes,Yes
2026-04-13 20:07:47,10.0,2400,910,,910,960,44,,200,,,648,,62.6,0.8600,0.6000,0.6000,1.1000,0.00000000,0.09076149,0.13370240,0.00585558,0.00000000,0.36109410,0.47625380,1.50024000,0.00000000,0.00000000,0.00518925,0.01416360,3.66265800,3.31560100,1.80024200,1.11355200,0.60659280,1.10219700,0.79926660,0.86119580,3.31043600,3.31318300,0.79999920,4.97542000,4.95398000,0.00000000, 2, 255, 7, 24,0xf0000,No,No,No,No,Yes,Yes,Yes,Yes
2026-04-13 20:07:49,9.8,2400,910,,910,960,44,,200,,,648,,63.1,0.8600,0.6000,0.6000,1.1000,0.00000000,0.06733918,0.13370240,0.00975930,0.00000000,0.20982490,0.38646830,1.50024000,0.00000000,0.00006105,0.00482295,0.01404150,3.65430600,3.30817700,1.81684800,1.11062200,0.59999940,1.10842400,0.79963290,0.86146430,3.31043600,3.31409900,0.79970620,4.96202000,5.01428000,0.00000000, 2, 255, 7, 24,0xf0000,No,No,No,No,Yes,Yes,Yes,Yes
2026-04-13 20:07:51,9.0,2400,910,,910,960,44,,200,,,648,,63.1,0.7500,0.6000,0.6000,1.1000,0.00000000,0.08978556,0.12882280,0.00487965,0.00000000,0.35914220,0.49186870,1.06267000,0.00000000,0.00000000,0.00482295,0.01416360,3.79999600,3.32024100,1.80024200,1.10695900,0.60073200,1.10329600,0.80146440,0.75535940,3.30952000,3.31226800,0.80058540,5.04510000,5.03036000,0.00000000, 2, 255, 7, 24,0xf0000,No,No,No,No,Yes,Yes,Yes,Yes
2026-04-13 20:07:54,10.8,2400,910,,910,960,44,,200,,,648,,62.6,0.8600,0.6000,0.6000,1.1000,0.00000000,0.09076149,0.13175060,0.00683151,0.00000000,0.35914220,0.35328660,1.48238000,0.00000000,0.00000000,0.00518925,0.01355310,3.65152200,3.32024100,1.80659200,1.10805800,0.60476130,1.10329600,0.80292960,0.86200170,3.31135200,3.31226800,0.79999920,4.97810000,4.97408000,0.00000000, 2, 255, 7, 24,0xf0000,No,No,No,No,Yes,Yes,Yes,Yes
2026-04-13 20:07:56,8.5,2400,910,,910,960,44,,200,,,648,,63.1,0.8600,0.6000,0.6000,1.1000,0.00000000,0.08978556,0.13272650,0.01073523,0.00000000,0.35914220,0.35231080,1.49131000,0.00000000,0.00048840,0.00518925,0.01355310,3.65152200,3.32580900,1.80024200,1.10805800,0.60586020,1.10476100,0.80256330,0.86119580,3.31043600,3.31226800,0.79970620,4.98480000,4.97408000,0.00000000, 2, 255, 7, 24,0xf0000,No,No,No,No,Yes,Yes,Yes,Yes
2026-04-13 20:07:58,8.3,1600,545,,545,551,43,,200,,,648,,62.6,0.7200,0.6000,0.6000,1.1000,0.00000000,0.09173742,0.12882280,0.00683151,0.00000000,0.36890160,0.49382060,0.98229990,0.00000000,0.00000000,0.00500610,0.01391940,3.79999600,3.31560100,1.80024200,1.10439400,0.60036570,1.10219700,0.80036550,0.72070740,3.30952000,3.31135200,0.79999920,5.01562000,4.95264000,0.00000000, 2, 255, 7, 24,0xf0000,No,No,No,No,Yes,Yes,Yes,Yes
2026-04-13 20:08:00,9.5,2400,910,,910,960,44,,200,,,648,,63.1,0.8600,0.6000,0.6000,1.1000,0.00000000,0.08295405,0.13370240,0.00975930,0.00000000,0.27130850,0.34450330,1.50024000,0.00000000,0.00000000,0.00549450,0.01416360,3.66358600,3.31560100,1.80659200,1.11355200,0.60659280,1.10769100,0.80219700,0.86119580,3.31043600,3.31318300,0.79999920,5.03304000,5.03840000,0.00000000, 2, 255, 7, 24,0xf0000,No,No,No,No,Yes,Yes,Yes,Yes
2026-04-13 20:08:02,5.5,2400,910,,910,960,43,,200,,,648,,62.6,0.8600,0.6000,0.6000,1.1000,0.00000000,0.12199130,0.13370240,0.00683151,0.00000000,0.21177680,0.48015760,1.52703000,0.00000000,0.00006105,0.00518925,0.01428570,3.66915400,3.30724900,1.80317300,1.10915600,0.60402870,1.10146400,0.80146440,0.86173300,3.31043600,3.31318300,0.80058540,4.95666000,4.97408000,0.00000000, 2, 255, 7, 24,0xf0000,No,No,No,No,Yes,Yes,Yes,Yes
2026-04-13 20:08:04,3.8,1500,500,,500,500,44,,200,,,648,,62.6,0.7200,0.6000,0.6000,1.1000,0.00000000,0.06343545,0.12784680,0.00683151,0.00000000,0.20982490,0.41769800,1.00016000,0.00000000,0.00000000,0.00586080,0.01440780,3.79999600,3.30910500,1.79926600,1.11208700,0.60659280,1.10659200,0.79963290,0.72097620,3.31135200,3.31318300,0.79999920,4.99552000,4.98882000,0.00000000, 2, 255, 7, 24,0xf0000,No,No,No,No,Yes,Yes,Yes,Yes
2026-04-13 20:08:06,2.8,2400,910,,910,960,44,,200,,,648,,62.6,0.8600,0.6000,0.6000,1.1000,0.00000000,0.06148359,0.13663020,0.00780744,0.00000000,0.21275270,0.50162800,1.50024000,0.00000000,0.00024420,0.00586080,0.01428570,3.79999600,3.32580900,1.80659200,1.11098800,0.59963310,1.10659200,0.79926660,0.86146430,3.31135200,3.31501500,0.79999920,4.99016000,5.00490000,0.00000000, 2, 255, 7, 24,0xf0000,No,No,No,No,Yes,Yes,Yes,Yes
2026-04-13 20:08:09,6.5,2400,910,,910,960,44,,200,,,648,,63.1,0.8600,0.6000,0.6000,1.1000,0.00000000,0.09271335,0.13175060,0.00585558,0.00000000,0.36011820,0.47625380,1.48238000,0.00000000,0.00000000,0.00537240,0.01343100,3.65801800,3.31652900,1.81684800,1.10695900,0.60512760,1.10146400,0.80146440,0.86065850,3.30860500,3.31501500,0.79912020,4.97408000,4.97810000,0.00000000, 2, 255, 7, 24,0xf0000,No,No,No,No,Yes,Yes,Yes,Yes
2026-04-13 20:08:11,4.0,1500,500,,500,500,44,,200,,,648,,63.1,0.7200,0.6000,0.6000,1.1000,0.00000000,0.09271335,0.12589500,0.00585558,0.00000000,0.38744420,0.49382060,0.95551000,0.00000000,0.00048840,0.00525030,0.01404150,3.79999600,3.32302500,1.80024200,1.11062200,0.60622650,1.09999900,0.79890030,0.72151340,3.30952000,3.31409900,0.80029220,4.99552000,5.00490000,0.00000000, 2, 255, 7, 24,0xf0000,No,No,No,No,Yes,Yes,Yes,Yes
2026-04-13 20:08:13,1.5,2400,910,,910,960,44,,200,,,648,,63.1,0.8600,0.6000,0.6000,1.1000,0.00000000,0.10052080,0.16688400,0.01073523,0.00000000,0.22056020,0.35523850,1.51810000,0.00000000,0.00000000,0.00506715,0.01404150,3.79999600,3.31003300,1.80024200,1.10732500,0.59999940,1.10549400,0.80219700,0.86173300,3.31043600,3.31409900,0.80029220,5.01562000,5.02768000,0.00000000, 2, 255, 7, 24,0xf0000,No,No,No,No,Yes,Yes,Yes,Yes
2026-04-13 20:08:15,1.3,2400,910,,910,960,44,,200,,,648,,63.7,0.8600,0.6000,0.6000,1.1000,0.00000000,0.07319475,0.13565430,0.00683151,0.00000000,0.20982490,0.34743110,1.50917000,0.00000000,0.00048840,0.00543345,0.01465200,3.66080200,3.30168200,1.80024200,1.10732500,0.60659280,1.10549400,0.79926660,0.86146430,3.31043600,3.31318300,0.79999920,4.98748000,5.01294000,0.00000000, 2, 255, 7, 24,0xf0000,No,No,No,No,Yes,Yes,Yes,Yes
2026-04-13 20:08:17,0.8,1500,500,,500,500,44,,200,,,648,,62.6,0.7200,0.6000,0.6000,1.1000,0.00000000,0.09076149,0.12687090,0.00780744,0.00000000,0.35914220,0.45966300,0.97336990,0.00000000,0.00024420,0.00518925,0.01416360,3.79999600,3.31652900,1.80659200,1.11025500,0.60036570,1.10073200,0.80036550,0.72070740,3.31043600,3.31135200,0.79941320,5.03170000,5.01696000,0.00000000, 2, 255, 7, 24,0xf0000,No,No,No,No,Yes,Yes,Yes,Yes
2026-04-13 20:08:19,1.3,2400,910,,910,960,44,,200,,,648,,63.1,0.8600,0.6000,0.6000,1.1000,0.00000000,0.06148359,0.13175060,0.01171116,0.00000000,0.20982490,0.35426260,1.52703000,0.00000000,0.00000000,0.00518925,0.01428570,3.79906800,3.32024100,1.80610300,1.10879000,0.59999940,1.10402800,0.80146440,0.86119580,3.31318300,3.31409900,0.80058540,5.01160000,4.98882000,0.00000000, 2, 255, 7, 24,0xf0000,No,No,No,No,Yes,Yes,Yes,Yes
2026-04-13 20:08:21,0.5,2400,910,,910,960,44,,200,,,648,,63.7,0.8600,0.6000,0.6000,1.1000,0.00000000,0.08880963,0.13467840,0.01171116,0.00000000,0.33571990,0.34059960,1.50917000,0.00000000,0.00000000,0.00500610,0.01416360,3.65152200,3.32580900,1.80610300,1.11282000,0.59999940,1.10769100,0.80256330,0.86146430,3.31043600,3.31593100,0.79970620,5.00490000,4.98480000,0.00000000, 2, 255, 7, 24,0xf0000,No,No,No,No,Yes,Yes,Yes,Yes
2026-04-13 20:08:23,0.0,1500,500,,500,500,44,,200,,,648,,62.0,0.7200,0.6000,0.6000,1.1000,0.00000000,0.06245952,0.12784680,0.00975930,0.00000000,0.20884900,0.35523850,0.98229990,0.00000000,0.00048840,0.00586080,0.01404150,3.79721200,3.31003300,1.80024200,1.10695900,0.60402870,1.10549400,0.79963290,0.72070740,3.31043600,3.31043600,0.79970620,4.97274000,4.99954000,0.00000000, 2, 255, 7, 24,0xf0000,No,No,No,No,Yes,Yes,Yes,Yes
2026-04-13 20:08:26,0.3,2400,910,,910,960,44,,200,,,648,,64.2,0.8600,0.6000,0.6000,1.1000,0.00000000,0.06733918,0.13370240,0.00585558,0.00000000,0.21177680,0.41769800,1.51810000,0.00000000,0.00000000,0.00506715,0.01404150,3.79999600,3.31467300,1.79828900,1.11062200,0.59926680,1.10549400,0.80109810,0.86146430,3.31226800,3.31409900,0.79970620,5.01026000,4.97274000,0.00000000, 2, 255, 7, 24,0xf0000,No,No,No,No,Yes,Yes,Yes,Yes
2026-04-13 20:08:28,0.2,2400,910,,910,960,44,,200,,,648,,63.7,0.8600,0.6000,0.6000,1.1000,0.00000000,0.06148359,0.13760610,0.00975930,0.00000000,0.23031950,0.49382060,1.51810000,0.00000000,0.00048840,0.00500610,0.01428570,3.65894600,3.32580900,1.80024200,1.10695900,0.60659280,1.10146400,0.80109810,0.86119580,3.31043600,3.31135200,0.79999920,4.97140000,4.95130000,0.00000000, 2, 255, 7, 24,0xf0000,No,No,No,No,Yes,Yes,Yes,Yes
2026-04-13 20:08:30,0.2,1500,500,,500,500,44,,200,,,648,,62.0,0.7200,0.6000,0.6000,1.1000,0.00000000,0.07026696,0.12784680,0.01073523,0.00000000,0.20982490,0.37085340,0.98229990,0.00000000,0.00048840,0.00549450,0.01428570,3.79721200,3.30724900,1.80024200,1.10988900,0.60586020,1.10586000,0.80329590,0.72151340,3.31043600,3.31043600,0.79970620,4.99418000,5.01026000,0.00000000, 2, 255, 7, 24,0xf0000,No,No,No,No,Yes,Yes,Yes,Yes
2026-04-13 20:08:32,0.0,2400,910,,910,960,43,,200,,,648,,63.7,0.8600,0.6000,0.6000,1.1000,0.00000000,0.09076149,0.13272650,0.01073523,0.00000000,0.36109410,0.47625380,1.50024000,0.00000000,0.00000000,0.00543345,0.01379730,3.67286600,3.31560100,1.80610300,1.10439400,0.60659280,1.10146400,0.79670250,0.86119580,3.30952000,3.31318300,0.80058540,5.00758000,4.99686000,0.00000000, 2, 255, 7, 24,0xf0000,No,No,No,No,Yes,Yes,Yes,Yes
2026-04-13 20:08:34,1.7,2400,910,,910,960,44,,200,,,648,,63.7,0.8600,0.6000,0.6000,1.1000,0.00000000,0.09076149,0.13370240,0.00780744,0.00000000,0.35914220,0.44404820,1.50917000,0.00000000,0.00012210,0.00592185,0.01391940,3.64409900,3.29333000,1.81684800,1.11062200,0.59926680,1.10476100,0.80292960,0.86119580,3.30952000,3.31135200,0.79999920,4.99150000,4.97542000,0.00000000, 2, 255, 7, 24,0xf0000,No,No,No,No,Yes,Yes,Yes,Yes
2026-04-13 20:08:36,0.2,1500,500,,500,500,44,,200,,,648,,62.6,0.7200,0.6000,0.6000,1.1000,0.00000000,0.06733918,0.12882280,0.00780744,0.00000000,0.21665650,0.49089280,0.97336990,0.00000000,0.00048840,0.00598290,0.01355310,3.67565000,3.30910500,1.80024200,1.10732500,0.60146460,1.10329600,0.80109810,0.72151340,3.30952000,3.31135200,0.79970620,4.97140000,4.98882000,0.00000000, 2, 255, 7, 24,0xf0000,No,No,No,No,Yes,Yes,Yes,Yes
2026-04-13 20:08:38,0.8,2400,910,,910,960,44,,200,,,648,,62.6,0.8600,0.6000,0.6000,1.1000,0.00000000,0.08685777,0.13370240,0.01073523,0.00000000,0.35816630,0.44404820,1.48238000,0.00000000,0.00000000,0.00634920,0.01428570,3.66637000,3.35735900,1.80659200,1.10879000,0.60659280,1.10146400,0.80146440,0.86119580,3.30952000,3.31318300,0.79999920,5.01160000,4.99552000,0.00000000, 2, 255, 7, 24,0xf0000,No,No,No,No,Yes,Yes,Yes,Yes
2026-04-13 20:08:41,4.0,2400,910,,910,960,44,,200,,,648,,63.7,0.8600,0.6000,0.6000,1.1000,0.00000000,0.05953173,0.13663020,0.00780744,0.00000000,0.20787310,0.35328660,1.51810000,0.00000000,0.00024420,0.00518925,0.01440780,3.66358600,3.31745700,1.80659200,1.10805800,0.60622650,1.10769100,0.80292960,0.86173300,3.31043600,3.31593100,0.79970620,4.96068000,4.97274000,0.00000000, 2, 255, 7, 24,0xf0000,No,No,No,No,Yes,Yes,Yes,Yes
2026-04-13 20:08:43,3.5,2400,910,,910,960,43,,200,,,648,,63.7,0.8600,0.6000,0.6000,1.1000,0.00000000,0.09173742,0.13467840,0.00683151,0.00000000,0.36402190,0.49284470,1.50024000,0.00000000,0.00024420,0.00482295,0.01355310,3.63667500,3.31003300,1.80659200,1.10439400,0.59890050,1.10256300,0.79963290,0.86146430,3.31318300,3.31226800,0.79970620,4.88832000,4.75432000,0.00000000, 2, 255, 7, 24,0xf0000,No,No,No,No,Yes,Yes,Yes,Yes
2026-04-13 20:08:45,1.3,2400,910,,910,960,44,,200,,,648,,64.8,0.8600,0.6000,0.6000,1.1000,0.00000000,0.06441138,0.13565430,0.02537418,0.00000000,0.20982490,0.40208320,4.93829000,0.00000000,0.00000000,0.00488400,0.01416360,3.61533200,3.31745700,1.80610300,1.11025500,0.60073200,1.10292900,0.80073180,0.86200170,3.31043600,3.31501500,0.79999920,4.85750000,4.84812000,0.00000000, 2, 255, 7, 24,0xf0000,No,No,No,No,Yes,Yes,Yes,Yes
2026-04-13 20:08:47,0.2,1600,545,,545,551,43,,200,,,648,,64.8,0.8600,0.6000,0.6000,1.1000,0.00000000,0.09076149,0.13272650,0.00683151,0.00000000,0.35719040,0.33474400,1.53596000,0.00000000,0.00000000,0.00518925,0.01330890,3.79906800,3.32580900,1.80610300,1.10732500,0.60073200,1.10329600,0.80292960,0.86065850,3.31043600,3.31135200,0.79999920,5.03974000,5.02768000,0.00000000, 2, 255, 7, 24,0xf0000,No,No,No,No,Yes,Yes,Yes,Yes
2026-04-13 20:08:49,3.0,2400,910,,910,960,44,,200,,,648,,64.8,0.8600,0.6000,0.6000,1.1000,0.00000000,0.10247270,0.13467840,0.00683151,0.00000000,0.27326040,0.34157550,1.53596000,0.00000000,0.00000000,0.00518925,0.01404150,3.64966700,3.32580900,1.79828900,1.11355200,0.60292980,1.10622600,0.79963290,0.86146430,3.31318300,3.31226800,0.79970620,4.97274000,5.00356000,0.00000000, 2, 255, 7, 24,0xf0000,No,No,No,No,Yes,Yes,Yes,Yes
2026-04-13 20:08:51,6.0,2400,910,,910,960,44,,200,,,648,,64.8,0.8600,0.6000,0.6000,1.1000,0.00000000,0.06148359,0.13467840,0.00780744,0.00000000,0.20884900,0.41672210,1.50917000,0.00000000,0.00006105,0.00525030,0.01416360,3.67008200,3.30817700,1.81684800,1.11025500,0.60476130,1.10146400,0.80036550,0.86173300,3.31043600,3.31043600,0.79941320,4.96202000,4.97274000,0.00000000, 2, 255, 7, 24,0xf0000,No,No,No,No,Yes,Yes,Yes,Yes
2026-04-13 20:08:53,6.3,2400,910,,910,960,44,,200,,,648,,63.7,0.8600,0.6000,0.6000,1.1000,0.00000000,0.09076149,0.13467840,0.00780744,0.00000000,0.36109410,0.47527790,1.50917000,0.00000000,0.00006105,0.00586080,0.01355310,3.64781100,3.32580900,1.80317300,1.10695900,0.60476130,1.10256300,0.79926660,0.86092710,3.30860500,3.31135200,0.79941320,4.97408000,4.94594000,0.00000000, 2, 255, 7, 24,0xf0000,No,No,No,No,Yes,Yes,Yes,Yes
2026-04-13 20:08:56,7.9,2400,910,,910,960,44,,200,,,648,,64.2,0.8600,0.6000,0.6000,1.1000,0.00000000,0.09271335,0.13370240,0.00975930,0.00000000,0.36304600,0.49479650,2.53612000,0.00000000,0.00024420,0.00518925,0.01416360,3.65059400,3.30632200,1.80659200,1.10952300,0.60402870,1.10146400,0.79926660,0.86227020,3.31043600,3.31501500,0.79999920,4.92718000,4.92182000,0.00000000, 2, 255, 7, 24,0xf0000,No,No,No,No,Yes,Yes,Yes,Yes
2026-04-13 20:08:58,6.5,2400,910,,910,960,44,,200,,,648,,64.8,0.8600,0.6000,0.6000,1.1000,0.00000000,0.08978556,0.13175060,0.01073523,0.00000000,0.35816630,0.33962360,1.51810000,0.00000000,0.00000000,0.00592185,0.01355310,3.63853100,3.31652900,1.80024200,1.11355200,0.59999940,1.10256300,0.80073180,0.86119580,3.31043600,3.31409900,0.79970620,4.98212000,4.92986000,0.00000000, 2, 255, 7, 24,0xf0000,No,No,No,No,Yes,Yes,Yes,Yes
2026-04-13 20:09:00,6.8,1500,500,,500,500,44,,200,,,648,,63.1,0.7638,0.6000,0.6000,1.1000,0.00000000,0.10930420,0.13077460,0.00390372,0.00441180,0.36304600,0.48991690,1.09839000,0.00000000,0.00048840,0.00634920,0.01391940,3.66080200,3.31003300,1.80024200,1.11428500,0.61025580,1.10476100,0.80219700,0.76610420,3.30952000,3.31501500,0.79970620,5.01294000,5.01964000,0.00000000, 2, 255, 7, 24,0xf0000,No,No,No,No,Yes,Yes,Yes,Yes
2026-04-13 20:09:02,5.8,2400,910,,910,960,44,,200,,,648,,63.7,0.8600,0.6000,0.6000,1.1000,0.00000000,0.06929103,0.13370240,0.00878337,0.00000000,0.21177680,0.41574620,1.54489000,0.00000000,0.00000000,0.00586080,0.01404150,3.65616200,3.31745700,1.80659200,1.11062200,0.60219720,1.10549400,0.80109810,0.86173300,3.31135200,3.31226800,0.79941320,4.95264000,4.94326000,0.00000000, 2, 255, 7, 24,0xf0000,No,No,No,No,Yes,Yes,Yes,Yes
2026-04-13 20:09:04,7.5,2400,910,,910,960,44,,200,,,648,,64.2,0.8600,0.6000,0.6000,1.1000,0.00000000,0.10540040,0.13272650,0.02635011,0.00000000,0.35816630,0.34938290,2.53612000,0.00000000,0.00000000,0.00482295,0.01355310,3.62182800,3.32580900,1.80610300,1.10988900,0.60586020,1.10146400,0.80183080,0.86146430,3.30952000,3.31226800,0.80029220,4.94192000,4.90976000,0.00000000, 2, 255, 7, 24,0xf0000,No,No,No,No,Yes,Yes,Yes,Yes
2026-04-13 20:09:06,8.7,2400,910,,910,960,44,,200,,,648,,63.1,0.8600,0.6000,0.6000,1.1000,0.00000000,0.09271335,0.13370240,0.02049453,0.00000000,0.35914220,0.34840700,2.56291000,0.00000000,0.00006105,0.00482295,0.01416360,3.62182800,3.29518600,1.81684800,1.10879000,0.60402870,1.10146400,0.79999920,0.86119580,3.30860500,3.31043600,0.79999920,4.93522000,4.97274000,0.00000000, 2, 255, 7, 24,0xf0000,No,No,No,No,Yes,Yes,Yes,Yes
2026-04-13 20:09:08,7.3,2400,910,,910,960,44,,200,,,648,,63.7,0.8600,0.6000,0.6000,1.1000,0.00000000,0.06343545,0.13467840,0.00878337,0.00000000,0.27521230,0.49382060,1.52703000,0.00000000,0.00000000,0.00488400,0.01391940,3.65337800,3.32580900,1.80659200,1.11062200,0.60366240,1.10402800,0.80146440,0.86119580,3.30860500,3.31135200,0.79941320,4.92986000,4.96872000,0.00000000, 2, 255, 7, 24,0xf0000,No,No,No,No,Yes,Yes,Yes,Yes
2026-04-13 20:09:10,8.5,2400,910,,910,960,44,,200,,,648,,64.8,0.8600,0.6000,0.6000,1.1000,0.00000000,0.06050766,0.13467840,0.00975930,0.00000000,0.24398250,0.49577240,1.53596000,0.00000000,0.00000000,0.00518925,0.01404150,3.65245000,3.31931300,1.80659200,1.11208700,0.60366240,1.10549400,0.79963290,0.86119580,3.31135200,3.31135200,0.79970620,4.90976000,4.97274000,0.00000000, 2, 255, 7, 24,0xf0000,No,No,No,No,Yes,Yes,Yes,Yes
2026-04-13 20:09:13,13.5,2400,910,,910,960,44,,200,,,648,,64.8,0.8600,0.6000,0.6000,1.1000,0.00000000,0.06343545,0.13272650,0.00683151,0.00000000,0.21080090,0.49284470,1.51810000,0.00000000,0.00000000,0.00518925,0.01391940,3.65430600,3.32302500,1.80659200,1.11355200,0.60402870,1.10549400,0.80036550,0.86173300,3.31043600,3.31226800,0.79970620,4.95130000,5.00088000,0.00000000, 2, 255, 7, 24,0xf0000,No,No,No,No,Yes,Yes,Yes,Yes
2026-04-13 20:09:15,11.2,2400,910,,910,960,44,,200,,,648,,64.2,0.8600,0.6000,0.6000,1.1000,0.00000000,0.08295405,0.13370240,0.01073523,0.00000000,0.27228450,0.34743110,1.51810000,0.00000000,0.00000000,0.00482295,0.01379730,3.65245000,3.32580900,1.80659200,1.10805800,0.60402870,1.10549400,0.80292960,0.86065850,3.30952000,3.31684600,0.79912020,4.97140000,5.00624000,0.00000000, 2, 255, 7, 24,0xf0000,No,No,No,No,Yes,Yes,Yes,Yes
2026-04-13 20:09:17,8.3,2400,910,,910,960,44,,200,,,648,,64.2,0.8600,0.6000,0.6000,1.1000,0.00000000,0.06929103,0.13663020,0.00878337,0.00000000,0.21275270,0.49284470,1.52703000,0.00000000,0.00000000,0.00494505,0.01404150,3.65987400,3.35550300,1.80659200,1.10439400,0.60439500,1.10439400,0.79926660,0.86173300,3.31135200,3.31501500,0.79941320,4.95264000,4.95398000,0.00000000, 2, 255, 7, 24,0xf0000,No,No,No,No,Yes,Yes,Yes,Yes
2026-04-13 20:09:19,10.2,2400,910,,910,960,44,,200,,,648,,64.8,0.8600,0.6000,0.6000,1.1000,0.00000000,0.08685777,0.13565430,0.02244639,0.00000000,0.24203070,0.34450330,1.51810000,0.00000000,0.00000000,0.00592185,0.01428570,3.66451400,3.32580900,1.80024200,1.10805800,0.60512760,1.10659200,0.80219700,0.86119580,3.31043600,3.31226800,0.80029220,4.99284000,5.00624000,0.00000000, 2, 255, 7, 24,0xf0000,No,No,No,No,Yes,Yes,Yes,Yes
2026-04-13 20:09:21,8.3,2400,910,,910,960,43,,200,,,648,,63.7,0.8600,0.6000,0.6000,1.1000,0.00000000,0.09856894,0.13467840,0.00683151,0.00000000,0.35914220,0.47430200,1.50024000,0.00000000,0.00006105,0.00549450,0.01367520,3.66451400,3.31374500,1.79682400,1.10879000,0.60366240,1.10146400,0.80292960,0.86146430,3.31043600,3.31409900,0.79970620,4.99552000,4.95666000,0.00000000, 2, 255, 7, 24,0xf0000,No,No,No,No,Yes,Yes,Yes,Yes
2026-04-13 20:09:23,8.3,2400,910,,910,960,44,,200,,,648,,64.8,0.8600,0.6000,0.6000,1.1000,0.06636324,0.09759300,0.13272650,0.00487965,0.00000000,0.36011820,0.35035890,1.50917000,0.00000000,0.00006105,0.00506715,0.01379730,3.65152200,3.31652900,1.80659200,1.10732500,0.60512760,1.10183000,0.80109810,0.86119580,3.31043600,3.31318300,0.79912020,5.01696000,4.99016000,0.00000000, 2, 255, 7, 24,0xf0000,No,No,No,No,Yes,Yes,Yes,Yes
2026-04-13 20:09:25,9.5,2400,910,,910,960,44,,200,,,648,,62.6,0.8600,0.6000,0.6000,1.1000,0.04391685,0.07417068,0.13565430,0.00780744,0.00000000,0.27521230,0.38549240,1.51810000,0.00000000,0.00024420,0.00500610,0.01416360,3.64966700,3.32024100,1.80659200,1.10769100,0.60146460,1.10586000,0.80256330,0.86092710,3.31043600,3.31043600,0.79970620,4.91914000,5.00758000,0.00000000, 2, 255, 7, 24,0xf0000,No,No,No,No,Yes,Yes,Yes,Yes
2026-04-13 20:09:27,8.8,2400,910,,910,960,44,,200,,,648,,64.2,0.8600,0.6000,0.6000,1.1000,0.06050766,0.10149670,0.13370240,0.00487965,0.00000000,0.35914220,0.35035890,1.50917000,0.00000000,0.00000000,0.00512820,0.01391940,3.64781100,3.31560100,1.80024200,1.11355200,0.60439500,1.10146400,0.79963290,0.86119580,3.31135200,3.31318300,0.79912020,4.99016000,4.94192000,0.00000000, 2, 255, 7, 24,0xf0000,No,No,No,No,Yes,Yes,Yes,Yes
2026-04-13 20:09:30,8.5,2400,910,,545,551,43,,200,,,648,,64.2,0.7500,0.6000,0.6000,1.1000,0.00000000,0.08783370,0.12882280,0.00585558,0.00000000,0.33474400,0.34157550,1.07160000,0.00000000,0.00000000,0.00616605,0.01416360,3.79814000,3.32395300,1.80024200,1.10292900,0.60036570,1.10659200,0.80146440,0.75535940,3.31043600,3.31318300,0.79999920,5.05046000,5.05314000,0.00000000, 2, 255, 7, 24,0xf0000,No,No,No,No,Yes,Yes,Yes,Yes
2026-04-13 20:09:32,9.5,2400,910,,910,960,44,,200,,,648,,63.7,0.8600,0.6000,0.6000,1.1000,0.00000000,0.06929103,0.13663020,0.00878337,0.00000000,0.22446390,0.49577240,1.51810000,0.00000000,0.00000000,0.00518925,0.01404150,3.66265800,3.32580900,1.79828900,1.11355200,0.60586020,1.10549400,0.80109810,0.86146430,3.31043600,3.31135200,0.79970620,4.95532000,4.95130000,0.00000000, 2, 255, 7, 24,0xf0000,No,No,No,No,Yes,Yes,Yes,Yes
2026-04-13 20:09:34,8.7,2400,910,,910,960,44,,200,,,648,,64.2,0.8600,0.6000,0.6000,1.1000,0.00000000,0.09759300,0.13370240,0.00780744,0.00000000,0.38158860,0.35035890,1.50024000,0.00000000,0.00024420,0.00598290,0.01379730,3.65616200,3.29518600,1.80659200,1.10805800,0.60659280,1.10329600,0.80109810,0.86119580,3.30952000,3.31318300,0.79912020,5.01696000,4.97408000,0.00000000, 2, 255, 7, 24,0xf0000,No,No,No,No,Yes,Yes,Yes,Yes
2026-04-13 20:09:36,9.5,1500,500,,500,500,44,,200,,,648,,64.2,0.7200,0.6000,0.6000,1.1000,0.00000000,0.06831510,0.12687090,0.00975930,0.00000000,0.27423630,0.38549240,1.00909000,0.00000000,0.00024420,0.00470085,0.01404150,3.79999600,3.31003300,1.80659200,1.11062200,0.60183090,1.10146400,0.80146440,0.72097620,3.30952000,3.31318300,0.80058540,5.01696000,5.02232000,0.00000000, 2, 255, 7, 24,0xf0000,No,No,No,No,Yes,Yes,Yes,Yes
2026-04-13 20:09:38,6.3,2400,910,,910,960,44,,200,,,648,,64.2,0.8600,0.6000,0.6000,1.1000,0.00000000,0.07709848,0.13565430,0.01171116,0.00000000,0.33669580,0.49284470,1.50024000,0.00000000,0.00000000,0.00476190,0.01343100,3.65987400,3.32024100,1.80659200,1.10879000,0.60659280,1.10073200,0.79926660,0.86119580,3.30860500,3.31135200,0.79941320,4.95264000,4.96470000,0.00000000, 2, 255, 7, 24,0xf0000,No,No,No,No,Yes,Yes,Yes,Yes
2026-04-13 20:09:40,3.0,2400,910,,910,960,44,,200,,,648,,64.2,0.8600,0.6000,0.6000,1.1000,0.00000000,0.09856894,0.13272650,0.01073523,0.00000000,0.36011820,0.41477020,1.51810000,0.00000000,0.00000000,0.00518925,0.01379730,3.65987400,3.31281700,1.80659200,1.11355200,0.60659280,1.10329600,0.80073180,0.86065850,3.30952000,3.31318300,0.79941320,4.97408000,4.92986000,0.00000000, 2, 255, 7, 24,0xf0000,No,No,No,No,Yes,Yes,Yes,Yes
2026-04-13 20:09:42,3.2,1500,500,,500,500,44,,200,,,648,,63.7,0.7200,0.6000,0.6000,1.1000,0.00000000,0.06148359,0.12784680,0.00585558,0.00000000,0.22251200,0.48015760,1.00016000,0.00000000,0.00024420,0.00537240,0.01404150,3.67101000,3.31374500,1.80659200,1.10695900,0.60695910,1.10292900,0.80036550,0.72124470,3.31043600,3.31135200,0.79999920,5.00490000,4.99686000,0.00000000, 2, 255, 7, 24,0xf0000,No,No,No,No,Yes,Yes,Yes,Yes
2026-04-13 20:09:45,6.8,2400,910,,910,960,44,,200,,,648,,64.2,0.8600,0.6000,0.6000,1.1000,0.00000000,0.09076149,0.13370240,0.00878337,0.00000000,0.35719040,0.34352740,1.50917000,0.00000000,0.00000000,0.00549450,0.01355310,3.65430600,3.31560100,1.80561500,1.10769100,0.60366240,1.10292900,0.80073180,0.86173300,3.30952000,3.31043600,0.80087830,4.99552000,4.97408000,0.00000000, 2, 255, 7, 24,0xf0000,No,No,No,No,Yes,Yes,Yes,Yes
2026-04-13 20:09:47,5.0,2400,910,,910,960,44,,200,,,648,,64.2,0.8600,0.6000,0.6000,1.1000,0.00000000,0.06831510,0.13565430,0.00585558,0.00000000,0.22739170,0.49479650,1.52703000,0.00000000,0.00024420,0.00476190,0.01404150,3.66637000,3.31374500,1.80659200,1.10805800,0.59890050,1.10256300,0.79926660,0.86173300,3.31043600,3.31318300,0.79999920,4.95800000,4.97006000,0.00000000, 2, 255, 7, 24,0xf0000,No,No,No,No,Yes,Yes,Yes,Yes
2026-04-13 20:09:49,2.7,1500,500,,500,500,44,,200,,,648,,64.2,0.7200,0.6000,0.6000,1.1000,0.00000000,0.09954486,0.12394310,0.00585558,0.00000000,0.36207000,0.48796500,0.98229990,0.00000000,0.00000000,0.00525030,0.01379730,3.79999600,3.31560100,1.80024200,1.11282000,0.59963310,1.10476100,0.80256330,0.72097620,3.31043600,3.31318300,0.79970620,5.05984000,5.03840000,0.00000000, 2, 255, 7, 24,0xf0000,No,No,No,No,Yes,Yes,Yes,Yes
2026-04-13 20:09:51,3.0,2400,910,,910,960,44,,200,,,648,,64.2,0.8600,0.6000,0.6000,1.1000,0.00000000,0.09173742,0.13370240,0.00780744,0.00000000,0.33669580,0.34255140,1.50917000,0.00000000,0.00000000,0.00457875,0.01404150,3.65616200,3.32580900,1.80561500,1.10732500,0.61538400,1.10622600,0.80036550,0.86092710,3.30952000,3.31226800,0.79970620,4.99418000,4.97408000,0.00000000, 2, 255, 7, 24,0xf0000,No,No,No,No,Yes,Yes,Yes,Yes
2026-04-13 20:09:53,1.5,2400,910,,910,960,43,,200,,,648,,64.8,0.8600,0.6000,0.6000,1.1000,0.00000000,0.07709848,0.13467840,0.00878337,0.00000000,0.27521230,0.49479650,1.51810000,0.00000000,0.00024420,0.00537240,0.01404150,3.66637000,3.32024100,1.80659200,1.10879000,0.61245360,1.10439400,0.80036550,0.86146430,3.31043600,3.31135200,0.79970620,4.97810000,4.96738000,0.00000000, 2, 255, 7, 24,0xf0000,No,No,No,No,Yes,Yes,Yes,Yes
2026-04-13 20:09:55,2.0,1500,500,,500,500,44,,200,,,648,,63.7,0.7200,0.6000,0.6000,1.1000,0.00000000,0.12101530,0.15907660,0.00975930,0.00000000,0.27521230,0.34255140,1.00016000,0.00000000,0.00000000,0.00518925,0.01391940,3.68214500,3.32580900,1.79828900,1.11355200,0.60622650,1.10622600,0.80292960,0.72070740,3.31043600,3.31226800,0.79999920,5.02098000,5.03170000,0.00000000, 2, 255, 7, 24,0xf0000,No,No,No,No,Yes,Yes,Yes,Yes
2026-04-13 20:09:57,1.7,2400,910,,910,960,43,,200,,,648,,63.7,0.8600,0.6000,0.6000,1.1000,0.00000000,0.06538731,0.13370240,0.00683151,0.00000000,0.21372870,0.49772430,1.51810000,0.00000000,0.00024420,0.00482295,0.01416360,3.66080200,3.31838500,1.80659200,1.10732500,0.60659280,1.10549400,0.79816780,0.86173300,3.31043600,3.31135200,0.79970620,4.93522000,4.96202000,0.00000000, 2, 255, 7, 24,0xf0000,No,No,No,No,Yes,Yes,Yes,Yes
2026-04-13 20:09:59,1.5,2400,910,,910,960,44,,200,,,648,,64.8,0.8600,0.6000,0.6000,1.1000,0.00000000,0.06245952,0.13467840,0.00780744,0.00000000,0.27326040,0.49382060,1.52703000,0.00000000,0.00000000,0.00531135,0.01391940,3.67379400,3.31467300,1.80561500,1.10988900,0.60549390,1.10659200,0.79999920,0.86173300,3.31043600,3.30860500,0.79941320,4.95264000,4.97810000,0.00000000, 2, 255, 7, 24,0xf0000,No,No,No,No,Yes,Yes,Yes,Yes
2026-04-13 20:10:02,2.5,1500,500,,500,500,44,,200,,,648,,63.7,0.7200,0.6000,0.6000,1.1000,0.00000000,0.06929103,0.12784680,0.00683151,0.00000000,0.27618820,0.49772430,0.98229990,0.00000000,0.00000000,0.00512820,0.01379730,3.79999600,3.32395300,1.80024200,1.10769100,0.60659280,1.10146400,0.80036550,0.72070740,3.30860500,3.31135200,0.79941320,5.03974000,5.02768000,0.00000000, 2, 255, 7, 24,0xf0000,No,No,No,No,Yes,Yes,Yes,Yes
2026-04-13 20:10:04,1.5,2400,910,,910,960,44,,200,,,648,,64.8,0.8600,0.6000,0.6000,1.1000,0.00000000,0.09759300,0.13467840,0.00975930,0.00000000,0.36011820,0.49284470,1.50917000,0.00000000,0.00024420,0.00512820,0.01391940,3.66358600,3.32580900,1.79877700,1.10695900,0.59999940,1.10073200,0.80292960,0.86200170,3.31043600,3.31226800,0.79999920,4.96202000,4.96202000,0.00000000, 2, 255, 7, 24,0xf0000,No,No,No,No,Yes,Yes,Yes,Yes
2026-04-13 20:10:06,1.5,2400,910,,910,960,43,,200,,,648,,66.4,0.8600,0.6000,0.6000,1.1000,0.00000000,0.10247270,0.13467840,0.00878337,0.00000000,0.36011820,0.49479650,1.51810000,0.00000000,0.00000000,0.00512820,0.01343100,3.63296300,3.30260900,1.79926600,1.11172000,0.60292980,1.10329600,0.79670250,0.86119580,3.31135200,3.31318300,0.79970620,4.94996000,4.93120000,0.00000000, 2, 255, 7, 24,0xf0000,No,No,No,No,Yes,Yes,Yes,Yes
2026-04-13 20:10:08,0.3,1500,500,,500,500,44,,200,,,648,,64.8,0.7200,0.6000,0.6000,1.1000,0.00000000,0.06343545,0.12687090,0.00780744,0.00000000,0.21372870,0.49382060,1.00909000,0.00000000,0.00024420,0.00482295,0.01379730,3.66822600,3.31467300,1.80659200,1.11355200,0.60109830,1.10146400,0.80036550,0.72124470,3.30952000,3.31135200,0.80058540,5.02902000,5.02768000,0.00000000, 2, 255, 7, 24,0xf0000,No,No,No,No,Yes,Yes,Yes,Yes
2026-04-13 20:10:10,0.2,2400,910,,910,960,44,,200,,,648,,63.7,0.8600,0.6000,0.6000,1.1000,0.00000000,0.08978556,0.13370240,0.00780744,0.00000000,0.35621450,0.34255140,1.50917000,0.00000000,0.00000000,0.00512820,0.01355310,3.64409900,3.31188900,1.79682400,1.11355200,0.60476130,1.10329600,0.80256330,0.86092710,3.30860500,3.31226800,0.79999920,4.98346000,4.98480000,0.00000000, 2, 255, 7, 24,0xf0000,No,No,No,No,Yes,Yes,Yes,Yes
2026-04-13 20:10:12,0.2,2400,910,,910,960,44,,200,,,648,,64.2,0.8600,0.6000,0.6000,1.1000,0.00000000,0.06733918,0.13370240,0.00780744,0.00000000,0.27521230,0.49479650,1.51810000,0.00000000,0.00000000,0.00506715,0.01416360,3.67565000,3.30724900,1.80610300,1.11428500,0.59926680,1.10292900,0.80073180,0.86173300,3.30952000,3.31226800,0.79999920,4.98480000,4.99418000,0.00000000, 2, 255, 7, 24,0xf0000,No,No,No,No,Yes,Yes,Yes,Yes
2026-04-13 20:10:14,0.0,1500,500,,500,500,44,,200,,,648,,64.2,0.7200,0.6000,0.6000,1.1000,0.00000000,0.09173742,0.12687090,0.00487965,0.00000000,0.35914220,0.35328660,1.00016000,0.00000000,0.00000000,0.00537240,0.01416360,3.79999600,3.32580900,1.80659200,1.11355200,0.60695910,1.10842400,0.80292960,0.72097620,3.31043600,3.31501500,0.80058540,5.04242000,5.06252000,0.00000000, 2, 255, 7, 24,0xf0000,No,No,No,No,Yes,Yes,Yes,Yes
2026-04-13 20:10:17,5.5,2400,910,,910,960,44,,200,,,648,,64.8,0.8600,0.6000,0.6000,1.1000,0.00000000,0.09076149,0.13370240,0.00878337,0.00000000,0.37182930,0.35133480,1.52703000,0.00000000,0.00000000,0.00592185,0.01343100,3.64502700,3.31374500,1.80659200,1.10292900,0.60659280,1.10329600,0.79963290,0.86119580,3.30768900,3.31318300,0.79999920,4.98480000,4.97408000,0.00000000, 2, 255, 7, 24,0xf0000,No,No,No,No,Yes,Yes,Yes,Yes
2026-04-13 20:10:19,2.3,2400,910,,910,960,44,,200,,,648,,64.8,0.8600,0.6000,0.6000,1.1000,0.00000000,0.09076149,0.13370240,0.00975930,0.00000000,0.35816630,0.34547920,1.50917000,0.00000000,0.00024420,0.00512820,0.01367520,3.66358600,3.31003300,1.80659200,1.11062200,0.60366240,1.10256300,0.80292960,0.86119580,3.31135200,3.31409900,0.79912020,5.03304000,4.99552000,0.00000000, 2, 255, 7, 24,0xf0000,No,No,No,No,Yes,Yes,Yes,Yes
2026-04-13 20:10:21,0.5,1500,500,,500,500,44,,200,,,648,,64.2,0.7200,0.6000,0.6000,1.1000,0.00000000,0.07319475,0.12394310,0.00585558,0.00000000,0.21275270,0.34547920,1.00909000,0.00000000,0.00000000,0.00586080,0.01416360,3.67101000,3.32766400,1.80610300,1.10805800,0.59963310,1.10549400,0.80109810,0.72097620,3.31043600,3.31043600,0.79941320,5.02098000,5.04912000,0.00000000, 2, 255, 7, 24,0xf0000,No,No,No,No,Yes,Yes,Yes,Yes
2026-04-13 20:10:23,0.2,2400,910,,910,960,44,,200,,,648,,64.8,0.8600,0.6000,0.6000,1.1000,0.00000000,0.12979870,0.16688400,0.00878337,0.00000000,0.33669580,0.34547920,1.53596000,0.00000000,0.00097680,0.00525030,0.01428570,3.65987400,3.31652900,1.79584700,1.10695900,0.60549390,1.10769100,0.79963290,0.86119580,3.31043600,3.31318300,0.79970620,5.01026000,4.99552000,0.00000000, 2, 255, 7, 24,0xf0000,No,No,No,No,Yes,Yes,Yes,Yes
2026-04-13 20:10:25,0.0,2400,910,,910,960,44,,200,,,648,,64.8,0.8600,0.6000,0.6000,1.1000,0.00000000,0.09466522,0.13955800,0.06148359,0.00000000,0.36207000,0.54652080,2.83974000,0.00000000,0.00000000,0.00500610,0.01343100,3.59955700,3.31745700,1.80659200,1.10586000,0.60036570,1.10146400,0.80146440,0.86119580,3.30952000,3.31135200,0.80058540,4.86018000,4.84142000,0.00000000, 2, 255, 7, 24,0xf0000,No,No,No,No,Yes,Yes,Yes,Yes
2026-04-13 20:10:27,3.8,2400,910,,910,960,43,,200,,,648,,65.3,0.8600,0.6000,0.6000,1.1000,0.00000000,0.09564114,0.13370240,0.04391685,0.00196080,0.36109410,0.46063900,5.96524000,0.00000000,0.00000000,0.00506715,0.01330890,3.57728600,3.31467300,1.80610300,1.11428500,0.59999940,1.10219700,0.80109810,0.86146430,3.31043600,3.31226800,0.79970620,5.02499900,5.03572000,0.00000000, 2, 255, 7, 24,0xf0000,No,No,No,No,Yes,Yes,Yes,Yes
2026-04-13 20:10:29,0.8,2400,910,,910,960,44,,200,,,648,,66.4,0.8600,0.6000,0.6000,1.1000,0.00000000,0.07514661,0.13175060,0.02342232,0.00000000,0.33962360,0.49577240,1.54489000,0.00000000,0.00006105,0.00482295,0.01404150,3.67008200,3.31838500,1.81684800,1.10402800,0.60366240,1.10219700,0.80146440,0.86146430,3.30952000,3.31135200,0.79912020,4.97408000,4.97542000,0.00000000, 2, 255, 7, 24,0xf0000,No,No,No,No,Yes,Yes,Yes,Yes
2026-04-13 20:10:31,0.0,2400,910,,910,960,44,,200,,,648,,65.3,0.8600,0.6000,0.6000,1.1000,0.00000000,0.09076149,0.13467840,0.00585558,0.00000000,0.36304600,0.49284470,1.60740000,0.00000000,0.00000000,0.00482295,0.01379730,3.65987400,3.31931300,1.80610300,1.10439400,0.60549390,1.10476100,0.80146440,0.86173300,3.30860500,3.31043600,0.80058540,4.97408000,4.95666000,0.00000000, 2, 255, 7, 24,0xf0000,No,No,No,No,Yes,Yes,Yes,Yes
2026-04-13 20:10:34,3.3,2400,910,,910,960,44,,200,,,648,,64.8,0.8600,0.6000,0.6000,1.1000,0.00000000,0.06929103,0.13272650,0.01171116,0.00000000,0.22251200,0.49674840,1.53596000,0.00000000,0.00000000,0.00531135,0.01355310,3.79999600,3.31003300,1.80024200,1.10695900,0.59890050,1.10146400,0.80073180,0.86146430,3.31043600,3.31318300,0.79970620,5.00088000,5.01160000,0.00000000, 2, 255, 7, 24,0xf0000,No,No,No,No,Yes,Yes,Yes,Yes
2026-04-13 20:10:36,1.5,2400,910,,910,960,44,,200,,,648,,64.8,0.8600,0.6000,0.6000,1.1000,0.00000000,0.06148359,0.13565430,0.00780744,0.00000000,0.21177680,0.47918160,1.52703000,0.00000000,0.00000000,0.00543345,0.01428570,3.66358600,3.31838500,1.80659200,1.11355200,0.59999940,1.10769100,0.80073180,0.86146430,3.31135200,3.31318300,0.79912020,4.97140000,4.99150000,0.00000000, 2, 255, 7, 24,0xf0000,No,No,No,No,Yes,Yes,Yes,Yes
2026-04-13 20:10:38,0.2,2400,910,,910,960,44,,200,,,648,,64.8,0.8600,0.6000,0.6000,1.1000,0.00000000,0.08783370,0.13370240,0.00780744,0.00000000,0.33767180,0.49577240,1.51810000,0.00000000,0.00000000,0.00476190,0.01379730,3.67101000,3.35550300,1.80610300,1.10695900,0.60659280,1.10329600,0.80146440,0.86173300,3.30952000,3.31135200,0.79941320,4.98614000,4.94862000,0.00000000, 2, 255, 7, 24,0xf0000,No,No,No,No,Yes,Yes,Yes,Yes
2026-04-13 20:10:40,0.3,1500,500,,500,500,44,,200,,,648,,63.7,0.7200,0.6000,0.6000,1.1000,0.00000000,0.07905034,0.13272650,0.09076149,0.00049020,0.27423630,0.41477020,3.08085000,0.00000000,0.00048840,0.00555555,0.01416360,3.62925200,3.32580900,1.80024200,1.10695900,0.60219720,1.10586000,0.80036550,0.72124470,3.31043600,3.31043600,0.79941320,4.89770000,4.91378000,0.00000000, 2, 255, 7, 24,0xf0000,No,No,No,No,Yes,Yes,Yes,Yes
2026-04-13 20:10:42,0.3,2400,910,,910,960,44,,200,,,648,,65.9,0.8600,0.6000,0.6000,1.1000,0.00000000,0.08978556,0.13467840,0.13370240,0.00098040,0.35328660,0.35523850,5.08117000,0.00000000,0.00000000,0.00506715,0.01367520,3.59027700,3.31652900,1.80610300,1.10769100,0.60366240,1.10256300,0.82051210,0.85931540,3.30952000,3.31135200,0.79912020,4.85616000,4.83740000,0.00000000, 2, 255, 7, 24,0xf0000,No,No,No,No,Yes,Yes,Yes,Yes
2026-04-13 20:10:44,0.2,2400,910,,910,960,44,,200,,,648,,66.4,0.8600,0.6000,0.6000,1.1000,0.00000000,0.06148359,0.13370240,0.00780744,0.00000000,0.21665650,0.49577240,1.61633000,0.00000000,0.00000000,0.00525030,0.01391940,3.67472200,3.30910500,1.79877700,1.11428500,0.60622650,1.10842400,0.79963290,0.86146430,3.31043600,3.31226800,0.79970620,4.97140000,4.95264000,0.00000000, 2, 255, 7, 24,0xf0000,No,No,No,No,Yes,Yes,Yes,Yes
2026-04-13 20:10:46,4.0,1500,500,,500,500,44,,200,,,648,,64.2,0.8600,0.6000,0.6000,1.1000,0.00000000,0.12394310,0.13272650,0.01366302,0.00000000,0.33474400,0.34059960,1.50917000,0.00000000,0.00000000,0.00616605,0.01391940,3.65059400,3.31652900,1.82124300,1.10659200,0.60439500,1.10586000,0.80036550,0.86119580,3.31318300,3.31226800,0.79912020,4.94996000,4.99552000,0.00000000, 2, 255, 7, 24,0xf0000,No,No,No,No,Yes,Yes,Yes,Yes
2026-04-13 20:10:49,9.3,2400,910,,910,960,44,,200,,,648,,65.3,0.8600,0.6000,0.6000,1.1000,0.00000000,0.09076149,0.13272650,0.01463895,0.00000000,0.35816630,0.34255140,1.52703000,0.00000000,0.00000000,0.00555555,0.01367520,3.65152200,3.30632200,1.80610300,1.11062200,0.60439500,1.10109800,0.80036550,0.86146430,3.31226800,3.31226800,0.79970620,5.01696000,4.99284000,0.00000000, 2, 255, 7, 24,0xf0000,No,No,No,No,Yes,Yes,Yes,Yes
2026-04-13 20:10:51,8.8,2400,910,,910,960,44,,200,,,648,,65.3,0.8600,0.6000,0.6000,1.1000,0.00000000,0.08490592,0.13272650,0.00585558,0.00000000,0.33474400,0.38354050,1.53596000,0.00000000,0.00024420,0.00525030,0.01379730,3.65523400,3.30910500,1.80659200,1.10439400,0.60695910,1.10476100,0.80146440,0.86119580,3.30952000,3.31318300,0.79970620,5.00624000,4.97542000,0.00000000, 2, 255, 7, 24,0xf0000,No,No,No,No,Yes,Yes,Yes,Yes
2026-04-13 20:10:53,6.8,2400,910,,910,960,44,,200,,,648,,65.3,0.8600,0.6000,0.6000,1.1000,0.00000000,0.06733918,0.13272650,0.00975930,0.00000000,0.21177680,0.47820570,1.52703000,0.00000000,0.00000000,0.00494505,0.01367520,3.64131500,3.32580900,1.80659200,1.11062200,0.60512760,1.10659200,0.79963290,0.86119580,3.30952000,3.31318300,0.79941320,4.95666000,4.94862000,0.00000000, 2, 255, 7, 24,0xf0000,No,No,No,No,Yes,Yes,Yes,Yes
2026-04-13 20:10:55,6.5,2400,910,,910,960,43,,200,,,648,,64.2,0.8600,0.6000,0.6000,1.1000,0.00000000,0.09076149,0.13175060,0.00585558,0.00000000,0.36304600,0.49089280,1.50917000,0.00000000,0.00000000,0.00506715,0.01367520,3.65152200,3.32024100,1.80659200,1.11062200,0.60256350,1.10329600,0.80036550,0.86119580,3.31043600,3.31135200,0.79999920,4.95130000,4.92986000,0.00000000, 2, 255, 7, 24,0xf0000,No,No,No,No,Yes,Yes,Yes,Yes
2026-04-13 20:10:57,7.5,2400,910,,910,960,44,,200,,,648,,64.8,0.8600,0.6000,0.6000,1.1000,0.00000000,0.06343545,0.13760610,0.02049453,0.00000000,0.21275270,0.49870020,2.59863000,0.00000000,0.00000000,0.00525030,0.01428570,3.67565000,3.30632200,1.80659200,1.10695900,0.60439500,1.10586000,0.80036550,0.86200170,3.31043600,3.31043600,0.79970620,4.96068000,4.99686000,0.00000000, 2, 255, 7, 24,0xf0000,No,No,No,No,Yes,Yes,Yes,Yes
2026-04-13 20:10:59,8.0,2400,910,,910,960,44,,200,,,648,,64.8,0.8600,0.6000,0.6000,1.1000,0.00000000,0.09271335,0.13077460,0.01073523,0.00000000,0.36304600,0.46844640,1.52703000,0.00000000,0.00024420,0.00518925,0.01343100,3.65152200,3.32024100,1.80659200,1.11465100,0.60292980,1.10329600,0.80073180,0.86092710,3.31135200,3.31318300,0.79970620,4.98212000,4.96336000,0.00000000, 2, 255, 7, 24,0xf0000,No,No,No,No,Yes,Yes,Yes,Yes
2026-04-13 20:11:01,7.0,2400,910,,910,960,44,,200,,,648,,65.3,0.8600,0.6000,0.6000,1.1000,0.00000000,0.09173742,0.13955800,0.00292779,0.00000000,0.36402190,0.49284470,1.51810000,0.00000000,0.00006105,0.00586080,0.01391940,3.64781100,3.31560100,1.81684800,1.10695900,0.60219720,1.10329600,0.80109810,0.86146430,3.31043600,3.31226800,0.79941320,4.94996000,4.97542000,0.00000000, 2, 255, 7, 24,0xf0000,No,No,No,No,Yes,Yes,Yes,Yes
2026-04-13 20:11:04,7.5,2400,910,,910,960,44,,200,,,648,,65.9,0.8600,0.6000,0.6000,1.1000,0.00000000,0.09368929,0.13467840,0.00585558,0.00000000,0.36011820,0.47625380,1.52703000,0.00000000,0.00000000,0.00531135,0.01355310,3.64502700,3.32580900,1.80610300,1.10988900,0.60512760,1.10329600,0.80036550,0.86092710,3.30860500,3.31959400,0.79970620,4.94058000,4.94058000,0.00000000, 2, 255, 7, 24,0xf0000,No,No,No,No,Yes,Yes,Yes,Yes
2026-04-13 20:11:06,8.5,2400,910,,910,960,44,,200,,,648,,65.3,0.8600,0.6000,0.6000,1.1000,0.00000000,0.06245952,0.13565430,0.00975930,0.00000000,0.21080090,0.38451640,1.53596000,0.00000000,0.00006105,0.00525030,0.01391940,3.65523400,3.31560100,1.81684800,1.11355200,0.60366240,1.10586000,0.80073180,0.86119580,3.31318300,3.31318300,0.79970620,4.96872000,4.98078000,0.00000000, 2, 255, 7, 24,0xf0000,No,No,No,No,Yes,Yes,Yes,Yes
2026-04-13 20:11:08,9.2,2400,910,,910,960,44,,200,,,648,,64.8,0.8600,0.6000,0.6000,1.1000,0.00000000,0.09466522,0.13272650,0.00878337,0.00000000,0.33864770,0.36694970,1.53596000,0.00000000,0.00048840,0.00457875,0.01391940,3.63296300,3.31560100,1.80024200,1.10915600,0.60549390,1.10146400,0.80073180,0.86119580,3.31135200,3.31318300,0.79970620,4.94728000,4.95130000,0.00000000, 2, 255, 7, 24,0xf0000,No,No,No,No,Yes,Yes,Yes,Yes
2026-04-13 20:11:10,10.5,2400,910,,910,960,44,,200,,,648,,65.3,0.8600,0.6000,0.6000,1.1000,0.00000000,0.09368929,0.13565430,0.01171116,0.00000000,0.27521230,0.41281840,1.54489000,0.00000000,0.00006105,0.00506715,0.01355310,3.65523400,3.30260900,1.81684800,1.10805800,0.60036570,1.10256300,0.80292960,0.86092710,3.30952000,3.31318300,0.79941320,4.92718000,4.95130000,0.00000000, 2, 255, 7, 24,0xf0000,No,No,No,No,Yes,Yes,Yes,Yes
2026-04-13 20:11:12,11.1,2400,910,,910,960,44,,200,,,648,,64.8,0.8600,0.6000,0.6000,1.1000,0.00000000,0.09271335,0.13565430,0.00975930,0.00000000,0.36304600,0.49577240,2.56291000,0.00000000,0.00000000,0.00506715,0.01391940,3.63018000,3.31560100,1.80659200,1.11098800,0.60073200,1.10549400,0.79963290,0.86146430,3.31043600,3.31135200,0.79970620,4.89770000,4.91780000,0.00000000, 2, 255, 7, 24,0xf0000,No,No,No,No,Yes,Yes,Yes,Yes
2026-04-13 20:11:14,10.5,2400,910,,910,960,44,,200,,,648,,65.3,0.8600,0.6000,0.6000,1.1000,0.00000000,0.09271335,0.13370240,0.01171116,0.00000000,0.36207000,0.49772430,2.60756000,0.00000000,0.00024420,0.00500610,0.01416360,3.63574700,3.31745700,1.80659200,1.10695900,0.60256350,1.10549400,0.80073180,0.86146430,3.31226800,3.31409900,0.79970620,4.99284000,4.97006000,0.00000000, 2, 255, 7, 24,0xf0000,No,No,No,No,Yes,Yes,Yes,Yes
2026-04-13 20:11:16,10.5,2400,910,,910,960,44,,200,,,648,,65.3,0.8600,0.6000,0.6000,1.1000,0.00000000,0.09173742,0.13565430,0.00487965,0.00000000,0.36109410,0.49772430,1.56275000,0.00000000,0.00006105,0.00525030,0.01416360,3.66265800,3.30724900,1.79535800,1.11355200,0.60036570,1.10146400,0.79999920,0.86119580,3.31226800,3.31226800,0.79941320,4.99954000,4.93120000,0.00000000, 2, 255, 7, 24,0xf0000,No,No,No,No,Yes,Yes,Yes,Yes
2026-04-13 20:11:18,12.2,2400,910,,910,960,44,,200,,,648,,66.4,0.8600,0.6000,0.6000,1.1000,0.00000000,0.09466522,0.13467840,0.00975930,0.00000000,0.27716410,0.38158860,2.59863000,0.00000000,0.00006105,0.00592185,0.01355310,3.61811600,3.31838500,1.80317300,1.10988900,0.60183090,1.10146400,0.79999920,0.86200170,3.31043600,3.31318300,0.79941320,4.88698000,4.95532000,0.00000000, 2, 255, 7, 24,0xf0000,No,No,No,No,Yes,Yes,Yes,Yes
2026-04-13 20:11:21,14.7,2400,910,,910,960,44,,200,,,648,,65.9,0.8600,0.6000,0.6000,1.1000,0.00000000,0.09271335,0.14150990,0.02244639,0.00000000,0.36109410,0.47820570,2.59863000,0.00000000,0.00000000,0.00586080,0.01391940,3.65987400,3.32024100,1.81684800,1.10622600,0.60292980,1.10366200,0.79963290,0.86119580,3.30952000,3.31135200,0.79999920,4.97408000,4.99820000,0.00000000, 2, 255, 7, 24,0xf0000,No,No,No,No,Yes,Yes,Yes,Yes
2026-04-13 20:11:23,13.4,2400,910,,910,960,44,,200,,,648,,65.9,0.8600,0.6000,0.6000,1.1000,0.00000000,0.09466522,0.13467840,0.00878337,0.00000000,0.36011820,0.49382060,1.56275000,0.00000000,0.00024420,0.00500610,0.01391940,3.62925200,3.31838500,1.80659200,1.10439400,0.60476130,1.10219700,0.80036550,0.86173300,3.31043600,3.31135200,0.79941320,4.98748000,4.96470000,0.00000000, 2, 255, 7, 24,0xf0000,No,No,No,No,Yes,Yes,Yes,Yes
2026-04-13 20:11:25,11.5,2400,910,,910,960,44,,200,,,648,,66.4,0.8600,0.6000,0.6000,1.1000,0.06148359,0.09271335,0.13467840,0.02830197,0.00000000,0.28009190,0.37085340,2.46468000,0.00000000,0.00000000,0.00518925,0.01343100,3.61533200,3.32024100,1.80610300,1.10439400,0.60036570,1.10256300,0.80146440,0.86119580,3.31135200,3.31226800,0.79912020,4.90842000,4.91378000,0.00000000, 2, 255, 7, 24,0xf0000,No,No,No,No,Yes,Yes,Yes,Yes
2026-04-13 20:11:27,10.6,2400,910,,910,960,43,,200,,,648,,66.4,0.8600,0.6000,0.6000,1.1000,0.05465208,0.08685777,0.13955800,0.02147046,0.00000000,0.36304600,0.50162800,2.58077000,0.00000000,0.00000000,0.00482295,0.01367520,3.61811600,3.29518600,1.81684800,1.10732500,0.60366240,1.10329600,0.80146440,0.86092710,3.31501500,3.31226800,0.79912020,4.92718000,4.97408000,0.00000000, 2, 255, 7, 24,0xf0000,No,No,No,No,Yes,Yes,Yes,Yes
2026-04-13 20:11:29,10.3,2400,910,,910,960,43,,200,,,648,,65.3,0.8600,0.6000,0.6000,1.1000,0.06148359,0.09271335,0.13175060,0.00878337,0.00000000,0.33864770,0.38256460,1.54489000,0.00000000,0.00000000,0.00506715,0.01330890,3.63853100,3.31560100,1.79828900,1.11355200,0.60659280,1.10219700,0.80439480,0.86146430,3.31043600,3.31409900,0.79970620,4.97140000,4.94996000,0.00000000, 2, 255, 7, 24,0xf0000,No,No,No,No,Yes,Yes,Yes,Yes
2026-04-13 20:11:31,10.5,2400,910,,910,960,44,,200,,,648,,65.3,0.8600,0.6000,0.6000,1.1000,0.00000000,0.09368929,0.13175060,0.01366302,0.00000000,0.33864770,0.49089280,2.60756000,0.00000000,0.00000000,0.00482295,0.01379730,3.64873800,3.31560100,1.80659200,1.11098800,0.60366240,1.10219700,0.80036550,0.86119580,3.31043600,3.31226800,0.79970620,4.95130000,4.95532000,0.00000000, 2, 255, 7, 24,0xf0000,No,No,No,No,Yes,Yes,Yes,Yes
2026-04-13 20:11:33,10.3,2400,910,,910,960,44,,200,,,648,,65.9,0.8600,0.6000,0.6000,1.1000,0.00000000,0.09271335,0.13370240,0.02147046,0.00000000,0.27423630,0.36011820,2.67007000,0.00000000,0.00006105,0.00500610,0.01343100,3.62832400,3.30910500,1.81684800,1.10695900,0.60512760,1.10329600,0.79963290,0.86119580,3.31135200,3.31318300,0.79970620,4.99016000,4.99016000,0.00000000, 2, 255, 7, 24,0xf0000,No,No,No,No,Yes,Yes,Yes,Yes
2026-04-13 20:11:35,10.6,2400,910,,910,960,44,,200,,,648,,65.9,0.8600,0.6000,0.6000,1.1000,0.00000000,0.09173742,0.13370240,0.01268709,0.00000000,0.36207000,0.49870020,2.59863000,0.00000000,0.00006105,0.00512820,0.01416360,3.63296300,3.31745700,1.79926600,1.10842400,0.60512760,1.10659200,0.79999920,0.86173300,3.31043600,3.31135200,0.79999920,4.93522000,5.00490000,0.00000000, 2, 255, 7, 24,0xf0000,No,No,No,No,Yes,Yes,Yes,Yes
2026-04-13 20:11:38,11.2,2400,910,,910,960,44,,200,,,648,,67.0,0.8600,0.6000,0.6000,1.1000,0.00000000,0.09076149,0.13467840,0.01073523,0.00000000,0.36109410,0.49577240,1.53596000,0.00000000,0.00024420,0.00488400,0.01416360,3.64502700,3.35550300,1.80659200,1.10879000,0.60146460,1.10659200,0.80292960,0.86200170,3.31043600,3.31043600,0.79999920,4.87626000,4.91780000,0.00000000, 2, 255, 7, 24,0xf0000,No,No,No,No,Yes,Yes,Yes,Yes
2026-04-13 20:11:40,10.2,2400,910,,910,960,44,,200,,,648,,66.4,0.8600,0.6000,0.6000,1.1000,0.00000000,0.13370240,0.13175060,0.00780744,0.00000000,0.33767180,0.51138740,1.60740000,0.00000000,0.00024420,0.00482295,0.01416360,3.62925200,3.30260900,1.80024200,1.11245300,0.60549390,1.10329600,0.80146440,0.86092710,3.31135200,3.31318300,0.79999920,4.97408000,4.96470000,0.00000000, 2, 255, 7, 24,0xf0000,No,No,No,No,Yes,Yes,Yes,Yes
2026-04-13 20:11:42,11.3,2400,910,,910,960,44,,200,,,648,,65.3,0.8600,0.6000,0.6000,1.1000,0.00000000,0.06733918,0.13565430,0.00878337,0.00000000,0.36304600,0.49479650,1.56275000,0.00000000,0.00024420,0.00537240,0.01404150,3.65245000,3.31467300,1.80659200,1.10732500,0.59999940,1.10146400,0.80036550,0.86092710,3.30860500,3.31409900,0.79941320,4.97810000,4.90842000,0.00000000, 2, 255, 7, 24,0xf0000,No,No,No,No,Yes,Yes,Yes,Yes
2026-04-13 20:11:44,10.3,2400,910,,910,960,44,,200,,,648,,65.9,0.8600,0.6000,0.6000,1.1000,0.00000000,0.09076149,0.13370240,0.02732604,0.00000000,0.36109410,0.47625380,1.55382000,0.00000000,0.00000000,0.00561660,0.01343100,3.65337800,3.30910500,1.81684800,1.10732500,0.60659280,1.10256300,0.80146440,0.86173300,3.30952000,3.31135200,0.79941320,4.97408000,4.97140000,0.00000000, 2, 255, 7, 24,0xf0000,No,No,No,No,Yes,Yes,Yes,Yes
2026-04-13 20:11:46,10.5,2400,910,,910,960,44,,200,,,648,,67.0,0.8600,0.6000,0.6000,1.1000,0.00000000,0.09271335,0.13760610,0.00487965,0.00000000,0.35328660,0.49772430,1.57168000,0.00000000,0.00000000,0.00506715,0.01416360,3.65245000,3.35550300,1.80659200,1.10622600,0.59890050,1.10146400,0.79963290,0.86119580,3.31043600,3.31501500,0.79941320,4.97408000,4.97006000,0.00000000, 2, 255, 7, 24,0xf0000,No,No,No,No,Yes,Yes,Yes,Yes
2026-04-13 20:11:48,12.0,2400,910,,910,960,44,,200,,,648,,65.9,0.8600,0.6000,0.6000,1.1000,0.00000000,0.09076149,0.13370240,0.01073523,0.00000000,0.36499780,0.49772430,1.52703000,0.00000000,0.00006105,0.00525030,0.01404150,3.65245000,3.31652900,1.81684800,1.11025500,0.60146460,1.10549400,0.80036550,0.86173300,3.31043600,3.31226800,0.79999920,4.93522000,4.96068000,0.00000000, 2, 255, 7, 24,0xf0000,No,No,No,No,Yes,Yes,Yes,Yes
2026-04-13 20:11:50,15.8,2400,910,,910,960,44,,200,,,648,,66.4,0.8600,0.6000,0.6000,1.1000,0.00000000,0.06538731,0.13760610,0.00975930,0.00000000,0.36499780,0.49674840,1.57168000,0.00000000,0.00000000,0.00561660,0.01416360,3.65430600,3.31003300,1.80610300,1.10805800,0.60586020,1.10219700,0.80036550,0.86146430,3.31226800,3.31226800,0.79999920,4.96202000,4.95398000,0.00000000, 2, 255, 7, 24,0xf0000,No,No,No,No,Yes,Yes,Yes,Yes
2026-04-13 20:11:53,13.7,2400,910,,910,960,44,,200,,,648,,66.4,0.8600,0.6000,0.6000,1.1000,0.00000000,0.09076149,0.13175060,0.01268709,0.00000000,0.24398250,0.47527790,1.56275000,0.00000000,0.00000000,0.00518925,0.01416360,3.63667500,3.31560100,1.80659200,1.11025500,0.60329610,1.10292900,0.79670250,0.86092710,3.31043600,3.31318300,0.80029220,4.96738000,4.98480000,0.00000000, 2, 255, 7, 24,0xf0000,No,No,No,No,Yes,Yes,Yes,Yes
2026-04-13 20:11:55,14.8,2400,910,,910,960,44,,200,,,648,,65.3,0.8600,0.6000,0.6000,1.1000,0.00000000,0.12394310,0.13663020,0.00878337,0.00000000,0.36109410,0.49186870,1.55382000,0.00000000,0.00018315,0.00512820,0.01391940,3.65245000,3.32024100,1.81684800,1.10805800,0.60622650,1.10366200,0.80109810,0.86146430,3.31043600,3.31043600,0.79999920,4.95800000,4.95264000,0.00000000, 2, 255, 7, 24,0xf0000,No,No,No,No,Yes,Yes,Yes,Yes
2026-04-13 20:11:57,10.7,2400,910,,910,960,44,,200,,,648,,66.4,0.8600,0.6000,0.6000,1.1000,0.00000000,0.09173742,0.13370240,0.00878337,0.00000000,0.36109410,0.49674840,1.58061000,0.00000000,0.00024420,0.00586080,0.01367520,3.64873800,3.31374500,1.80659200,1.10879000,0.60659280,1.10219700,0.80146440,0.86119580,3.30952000,3.31409900,0.79999920,4.98614000,4.92718000,0.00000000, 2, 255, 7, 24,0xf0000,No,No,No,No,Yes,Yes,Yes,Yes
2026-04-13 20:11:59,11.3,1600,545,,545,551,43,,200,,,648,,66.4,0.7500,0.6000,0.6000,1.1000,0.00000000,0.09954486,0.12784680,0.01659081,0.00000000,0.36304600,0.41477020,1.68777000,0.00000000,0.00000000,0.00500610,0.01379730,3.64502700,3.32024100,1.79828900,1.10915600,0.60073200,1.10549400,0.79963290,0.75589670,3.31135200,3.31043600,0.79999920,4.97944000,4.98614000,0.00000000, 2, 255, 7, 24,0xf0000,No,No,No,No,Yes,Yes,Yes,Yes
2026-04-13 20:12:01,10.1,2400,910,,910,960,44,,200,,,648,,67.5,0.8600,0.6000,0.6000,1.1000,0.00000000,0.06929103,0.13272650,0.01073523,0.00000000,0.36304600,0.49382060,1.58061000,0.00000000,0.00000000,0.00512820,0.01355310,3.65709000,3.31467300,1.80610300,1.11098800,0.60476130,1.10219700,0.80146440,0.86146430,3.31043600,3.31318300,0.79999920,4.99686000,4.98480000,0.00000000, 2, 255, 7, 24,0xf0000,No,No,No,No,Yes,Yes,Yes,Yes
2026-04-13 20:12:03,10.3,2400,910,,910,960,44,,200,,,648,,67.5,0.8600,0.6000,0.6000,1.1000,0.00000000,0.09368929,0.13272650,0.00975930,0.00000000,0.36304600,0.47918160,1.56275000,0.00000000,0.00024420,0.00506715,0.01416360,3.65059400,3.31560100,1.80659200,1.10439400,0.60073200,1.10219700,0.80109810,0.86173300,3.31043600,3.31043600,0.79970620,4.94058000,4.90976000,0.00000000, 2, 255, 7, 24,0xf0000,No,No,No,No,Yes,Yes,Yes,Yes
2026-04-13 20:12:05,12.3,2400,910,,910,960,44,,200,,,648,,66.4,0.8600,0.6000,0.6000,1.1000,0.00000000,0.10052080,0.13370240,0.00780744,0.00000000,0.27618820,0.38549240,1.55382000,0.00000000,0.00000000,0.00482295,0.01367520,3.63667500,3.31838500,1.81684800,1.11208700,0.60366240,1.10256300,0.80036550,0.86119580,3.31135200,3.31226800,0.79999920,4.94996000,4.97408000,0.00000000, 2, 255, 7, 24,0xf0000,No,No,No,No,Yes,Yes,Yes,Yes
2026-04-13 20:12:08,11.5,2400,910,,910,960,44,,200,,,648,,66.4,0.8600,0.6000,0.6000,1.1000,0.00000000,0.09076149,0.13565430,0.01268709,0.00000000,0.37182930,0.49382060,1.61633000,0.00000000,0.00006105,0.00537240,0.01404150,3.64317100,3.31003300,1.80659200,1.10915600,0.60512760,1.10769100,0.79963290,0.86092710,3.31043600,3.31135200,0.79912020,4.96336000,4.95264000,0.00000000, 2, 255, 7, 24,0xf0000,No,No,No,No,Yes,Yes,Yes,Yes
2026-04-13 20:12:10,11.7,2400,910,,910,960,44,,200,,,648,,66.4,0.8600,0.6000,0.6000,1.1000,0.00000000,0.09076149,0.13467840,0.01073523,0.00000000,0.37280530,0.47918160,1.57168000,0.00000000,0.00000000,0.00543345,0.01367520,3.65152200,3.31652900,1.79828900,1.11062200,0.60439500,1.10476100,0.80109810,0.86146430,3.31043600,3.31226800,0.79970620,4.98212000,4.97408000,0.00000000, 2, 255, 7, 24,0xf0000,No,No,No,No,Yes,Yes,Yes,Yes
2026-04-13 20:12:12,12.3,2400,910,,910,960,44,,200,,,648,,65.9,0.8600,0.6000,0.6000,1.1000,0.00000000,0.07417068,0.13370240,0.10442450,0.00000000,0.36304600,0.49479650,1.58061000,0.00000000,0.00000000,0.00482295,0.01367520,3.65245000,3.31467300,1.80659200,1.11208700,0.60512760,1.10329600,0.80073180,0.86146430,3.31135200,3.31318300,0.79912020,4.97274000,4.94192000,0.00000000, 2, 255, 7, 24,0xf0000,No,No,No,No,Yes,Yes,Yes,Yes
2026-04-13 20:12:14,10.7,2400,910,,910,960,44,,200,,,648,,65.9,0.8600,0.6000,0.6000,1.1000,0.00000000,0.08783370,0.13760610,0.01073523,0.00000000,0.36304600,0.49284470,1.60740000,0.00000000,0.00006105,0.00433455,0.01379730,3.64502700,3.31467300,1.79682400,1.11062200,0.60659280,1.10695900,0.79999920,0.86173300,3.31135200,3.31135200,0.79999920,4.96336000,4.99552000,0.00000000, 2, 255, 7, 24,0xf0000,No,No,No,No,Yes,Yes,Yes,Yes
2026-04-13 20:12:16,11.8,2400,910,,910,960,44,,200,,,648,,67.0,0.8600,0.6000,0.6000,1.1000,0.00000000,0.09271335,0.13663020,0.00975930,0.00000000,0.37085340,0.38256460,1.56275000,0.00000000,0.00000000,0.00494505,0.01330890,3.64317100,3.29889800,1.80659200,1.11282000,0.60256350,1.10219700,0.80219700,0.86119580,3.30952000,3.31226800,0.79999920,4.97006000,4.97408000,0.00000000, 2, 255, 7, 24,0xf0000,No,No,No,No,Yes,Yes,Yes,Yes
2026-04-13 20:12:18,11.3,2400,910,,910,960,44,,200,,,648,,65.9,0.8600,0.6000,0.6000,1.1000,0.00000000,0.09173742,0.13370240,0.01073523,0.00000000,0.34059960,0.36011820,1.56275000,0.00000000,0.00000000,0.00457875,0.01355310,3.63667500,3.32024100,1.80659200,1.11208700,0.60329610,1.10256300,0.80292960,0.86146430,3.31318300,3.31226800,0.79912020,4.93924000,4.99150000,0.00000000, 2, 255, 7, 24,0xf0000,No,No,No,No,Yes,Yes,Yes,Yes
2026-04-13 20:12:20,11.0,2400,910,,910,960,44,,200,,,648,,65.3,0.8600,0.6000,0.6000,1.1000,0.00000000,0.09271335,0.13663020,0.01659081,0.00000000,0.27618820,0.36597380,2.65221000,0.00000000,0.00000000,0.00518925,0.01355310,3.62925200,3.31745700,1.80659200,1.10879000,0.60439500,1.10329600,0.80183080,0.86227020,3.31135200,3.31409900,0.79912020,4.90708000,4.97408000,0.00000000, 2, 255, 7, 24,0xf0000,No,No,No,No,Yes,Yes,Yes,Yes
2026-04-13 20:12:22,10.6,2400,910,,910,960,44,,200,,,648,,67.0,0.8600,0.6000,0.6000,1.1000,0.00000000,0.10832820,0.13077460,0.00878337,0.00000000,0.36402190,0.41477020,2.30394000,0.00000000,0.00012210,0.00482295,0.01343100,3.62832400,3.31374500,1.80561500,1.10879000,0.60292980,1.10073200,0.80146440,0.86092710,3.30768900,3.31135200,0.79941320,4.90306000,4.92986000,0.00000000, 2, 255, 7, 24,0xf0000,No,No,No,No,Yes,Yes,Yes,Yes
2026-04-13 20:12:25,16.9,2400,910,,910,960,44,,200,,,648,,67.0,0.8600,0.6000,0.6000,1.1000,0.00000000,0.20787310,0.16395620,0.00878337,0.00000000,0.36207000,0.49577240,1.56275000,0.00000000,0.00024420,0.00586080,0.01391940,3.63574700,3.31374500,1.80659200,1.11501700,0.60512760,1.10146400,0.80292960,0.86173300,3.31043600,3.31226800,0.79999920,4.93522000,4.93120000,0.00000000, 2, 255, 7, 24,0xf0000,No,No,No,No,Yes,Yes,Yes,Yes
2026-04-13 20:12:27,13.1,2400,910,,910,960,44,,200,,,648,,67.0,0.8600,0.6000,0.6000,1.1000,0.00000000,0.13272650,0.13663020,0.01268709,0.00000000,0.27618820,0.36499780,1.57168000,0.00000000,0.00000000,0.00518925,0.01318680,3.64966700,3.32580900,1.79877700,1.10952300,0.60292980,1.10146400,0.80219700,0.86146430,3.31043600,3.31318300,0.79999920,4.97274000,4.96068000,0.00000000, 2, 255, 7, 24,0xf0000,No,No,No,No,Yes,Yes,Yes,Yes
2026-04-13 20:12:29,11.5,2400,910,,910,960,44,,200,,,648,,68.6,0.8600,0.6000,0.6000,1.1000,0.00000000,0.13077460,0.13760610,0.01268709,0.00000000,0.36987750,0.36890160,2.38431000,0.00000000,0.00006105,0.00525030,0.01330890,3.63667500,3.30724900,1.79926600,1.10769100,0.60036570,1.10256300,0.80073180,0.86200170,3.31043600,3.30952000,0.79941320,4.88698000,4.97676000,0.00000000, 2, 255, 7, 24,0xf0000,No,No,No,No,Yes,Yes,Yes,Yes
2026-04-13 20:12:31,11.8,2400,910,,910,960,44,,200,,,648,,67.5,0.8600,0.6000,0.6000,1.1000,0.00000000,0.09271335,0.13175060,0.00878337,0.00000000,0.37378120,0.41574620,1.55382000,0.00000000,0.00000000,0.00500610,0.01367520,3.63018000,3.31003300,1.80610300,1.10879000,0.60146460,1.10329600,0.79890030,0.86119580,3.31318300,3.31226800,0.79941320,4.94728000,4.95264000,0.00000000, 2, 255, 7, 24,0xf0000,No,No,No,No,Yes,Yes,Yes,Yes
2026-04-13 20:12:33,11.6,2400,910,,910,960,44,,200,,,648,,67.0,0.8600,0.6000,0.6000,1.1000,0.00000000,0.09271335,0.13467840,0.01073523,0.00000000,0.38646830,0.49382060,1.52703000,0.00000000,0.00006105,0.00482295,0.01391940,3.63296300,3.30724900,1.80024200,1.10988900,0.60512760,1.10549400,0.80073180,0.86119580,3.31043600,3.31135200,0.80029220,4.95130000,4.94192000,0.00000000, 2, 255, 7, 24,0xf0000,No,No,No,No,Yes,Yes,Yes,Yes
2026-04-13 20:12:35,11.5,2400,910,,910,960,44,,200,,,648,,67.5,0.8600,0.6000,0.6000,1.1000,0.00000000,0.08295405,0.13175060,0.00780744,0.00000000,0.36109410,0.49479650,1.56275000,0.00000000,0.00006105,0.00482295,0.01416360,3.65245000,3.29889800,1.80610300,1.11355200,0.60622650,1.10549400,0.80036550,0.86119580,3.31043600,3.31043600,0.79999920,4.97542000,4.98748000,0.00000000, 2, 255, 7, 24,0xf0000,No,No,No,No,Yes,Yes,Yes,Yes
2026-04-13 20:12:37,12.2,2400,910,,910,960,44,,200,,,648,,67.0,0.8600,0.6000,0.6000,1.1000,0.00000000,0.09271335,0.13370240,0.00683151,0.00000000,0.33864770,0.36011820,1.56275000,0.00000000,0.00000000,0.00476190,0.01318680,3.65616200,3.31745700,1.80561500,1.10586000,0.59926680,1.10256300,0.80183080,0.86119580,3.31043600,3.31043600,0.79912020,4.97944000,4.99016000,0.00000000, 2, 255, 7, 24,0xf0000,No,No,No,No,Yes,Yes,Yes,Yes
2026-04-13 20:12:40,12.8,2400,910,,910,960,44,,200,,,648,,67.0,0.8600,0.6000,0.6000,1.1000,0.00000000,0.09759300,0.13663020,0.00878337,0.00000000,0.27423630,0.47625380,1.61633000,0.00000000,0.00024420,0.00586080,0.01391940,3.63667500,3.31560100,1.80659200,1.10586000,0.60659280,1.10146400,0.80183080,0.86146430,3.31043600,3.31135200,0.79970620,4.92584000,4.93656000,0.00000000, 2, 255, 7, 24,0xf0000,No,No,No,No,Yes,Yes,Yes,Yes
2026-04-13 20:12:42,11.7,2400,910,,910,960,44,,200,,,648,,67.0,0.8600,0.6000,0.6000,1.1000,0.00000000,0.07612254,0.13467840,0.00683151,0.00000000,0.36109410,0.49479650,1.58061000,0.00000000,0.00024420,0.00567765,0.01379730,3.63389100,3.31374500,1.80610300,1.10805800,0.60439500,1.10146400,0.80036550,0.86173300,3.31043600,3.31409900,0.80029220,4.96068000,4.89904000,0.00000000, 2, 255, 7, 24,0xf0000,No,No,No,No,Yes,Yes,Yes,Yes
2026-04-13 20:12:44,14.0,2400,910,,910,960,44,,200,,,648,,67.0,0.8600,0.6000,0.6000,1.1000,0.00000000,0.09173742,0.13858210,0.00975930,0.00539220,0.35914220,0.49284470,1.54489000,0.00000000,0.00006105,0.00506715,0.01416360,3.64409900,3.31838500,1.81684800,1.11428500,0.59963310,1.10769100,0.79926660,0.86119580,3.30952000,3.31135200,0.79999920,4.93254000,4.98882000,0.00000000, 2, 255, 7, 24,0xf0000,No,No,No,No,Yes,Yes,Yes,Yes
2026-04-13 20:12:46,11.7,2400,910,,910,960,44,,200,,,648,,67.0,0.8600,0.6000,0.6000,1.1000,0.00000000,0.09661707,0.13370240,0.01366302,0.00000000,0.36304600,0.49772430,1.55382000,0.00000000,0.00048840,0.00500610,0.01391940,3.63481900,3.31931300,1.80024200,1.10732500,0.60586020,1.10805800,0.80109810,0.86146430,3.31043600,3.31226800,0.79970620,4.92986000,4.99284000,0.00000000, 2, 255, 7, 24,0xf0000,No,No,No,No,Yes,Yes,Yes,Yes
2026-04-13 20:12:48,12.0,2400,910,,910,960,44,,200,,,648,,66.4,0.8600,0.6000,0.6000,1.1000,0.00000000,0.08490592,0.13370240,0.01073523,0.00000000,0.36207000,0.49577240,1.57168000,0.00000000,0.00000000,0.00518925,0.01416360,3.63853100,3.32024100,1.80659200,1.10622600,0.60732540,1.10402800,0.79963290,0.86146430,3.31135200,3.31318300,0.79912020,4.94192000,4.99150000,0.00000000, 2, 255, 7, 24,0xf0000,No,No,No,No,Yes,Yes,Yes,Yes
2026-04-13 20:12:50,15.0,2400,910,,910,960,44,,200,,,648,,67.0,0.8600,0.6000,0.6000,1.1000,0.00000000,0.09466522,0.13370240,0.00780744,0.00000000,0.33767180,0.38354050,1.55382000,0.00000000,0.00000000,0.00518925,0.01306470,3.64781100,3.31560100,1.80610300,1.11355200,0.60256350,1.10329600,0.79963290,0.86119580,3.30952000,3.31318300,0.79912020,4.98346000,4.96336000,0.00000000, 2, 255, 7, 24,0xf0000,No,No,No,No,Yes,Yes,Yes,Yes
2026-04-13 20:12:52,10.9,2400,910,,910,960,44,,200,,,648,,66.4,0.8600,0.6000,0.6000,1.1000,0.00000000,0.13955800,0.16688400,0.04001313,0.00000000,0.27423630,0.47722980,1.56275000,0.00000000,0.00000000,0.00494505,0.01379730,3.64317100,3.31838500,1.81733600,1.10622600,0.60476130,1.10183000,0.80146440,0.86280750,3.30952000,3.31501500,0.79941320,4.92986000,4.92450000,0.00000000, 2, 255, 7, 24,0xf0000,No,No,No,No,Yes,Yes,Yes,Yes
2026-04-13 20:12:55,12.0,2400,910,,910,960,43,,200,,,648,,67.0,0.8600,0.6000,0.6000,1.1000,0.00000000,0.09564114,0.13370240,0.01366302,0.00000000,0.36304600,0.47722980,1.57168000,0.00000000,0.00000000,0.00518925,0.01330890,3.63481900,3.31560100,1.80024200,1.10879000,0.59963310,1.10219700,0.80073180,0.86119580,3.31043600,3.31135200,0.79999920,4.94192000,4.94728000,0.00000000, 2, 255, 7, 24,0xf0000,No,No,No,No,Yes,Yes,Yes,Yes
2026-04-13 20:12:57,16.3,2400,910,,910,960,44,,200,,,648,,67.0,0.8600,0.6000,0.6000,1.1000,0.00000000,0.09173742,0.13370240,0.00780744,0.00000000,0.36304600,0.41477020,1.56275000,0.00000000,0.00000000,0.00518925,0.01330890,3.63389100,3.31652900,1.80659200,1.11355200,0.60659280,1.10146400,0.79963290,0.86146430,3.31135200,3.31226800,0.79999920,4.97944000,4.93522000,0.00000000, 2, 255, 7, 24,0xf0000,No,No,No,No,Yes,Yes,Yes,Yes
2026-04-13 20:12:59,13.3,2400,910,,910,960,44,,200,,,648,,67.0,0.8600,0.6000,0.6000,1.1000,0.00000000,0.07417068,0.13175060,0.01268709,0.00000000,0.36987750,0.49772430,1.55382000,0.00000000,0.00000000,0.00518925,0.01379730,3.64502700,3.30260900,1.80024200,1.10915600,0.59963310,1.10146400,0.80036550,0.86280750,3.30952000,3.31043600,0.79999920,4.97408000,4.94996000,0.00000000, 2, 255, 7, 24,0xf0000,No,No,No,No,Yes,Yes,Yes,Yes
2026-04-13 20:13:01,12.3,2400,910,,910,960,44,,200,,,648,,66.4,0.8600,0.6000,0.6000,1.1000,0.00000000,0.09076149,0.13370240,0.00878337,0.00000000,0.27618820,0.41184250,2.31287000,0.00000000,0.00000000,0.00586080,0.01416360,3.60512400,3.31931300,1.80659200,1.10769100,0.60073200,1.10292900,0.79816780,0.86119580,3.31043600,3.31135200,0.79999920,4.95130000,4.97140000,0.00000000, 2, 255, 7, 24,0xf0000,No,No,No,No,Yes,Yes,Yes,Yes
2026-04-13 20:13:03,12.8,2400,910,,910,960,44,,200,,,648,,67.0,0.8600,0.6000,0.6000,1.1000,0.00000000,0.15126920,0.15126920,0.10344860,0.00000000,0.37182930,0.49674840,1.53596000,0.00000000,0.00000000,0.00525030,0.01343100,3.64873800,3.31374500,1.80024200,1.10988900,0.60146460,1.10146400,0.80036550,0.86200170,3.31043600,3.31226800,0.79970620,4.93522000,4.90708000,0.00000000, 2, 255, 7, 24,0xf0000,No,No,No,No,Yes,Yes,Yes,Yes
2026-04-13 20:13:05,9.7,2400,910,,910,960,44,,200,,,648,,67.0,0.8600,0.6000,0.6000,1.1000,0.00000000,0.10442450,0.13663020,0.00683151,0.00000000,0.38549240,0.49772430,1.58061000,0.00000000,0.00000000,0.00586080,0.01379730,3.64317100,3.31188900,1.82124300,1.10695900,0.60183090,1.10769100,0.80036550,0.86173300,3.30952000,3.31043600,0.79970620,4.97408000,4.97140000,0.00000000, 2, 255, 7, 24,0xf0000,No,No,No,No,Yes,Yes,Yes,Yes
2026-04-13 20:13:07,11.8,2400,910,,910,960,44,,200,,,648,,66.4,0.8600,0.6000,0.6000,1.1000,0.00000000,0.07417068,0.13467840,0.01171116,0.00000000,0.36499780,0.49674840,1.59847000,0.00000000,0.00000000,0.00500610,0.01379730,3.63574700,3.31374500,1.80659200,1.11025500,0.60586020,1.10769100,0.80036550,0.86173300,3.31043600,3.31043600,0.79941320,4.95532000,4.95130000,0.00000000, 2, 255, 7, 24,0xf0000,No,No,No,No,Yes,Yes,Yes,Yes
2026-04-13 20:13:09,11.6,2400,910,,910,960,44,,200,,,648,,67.0,0.8600,0.6000,0.6000,1.1000,0.00000000,0.09271335,0.13467840,0.01171116,0.00000000,0.33767180,0.36987750,1.56275000,0.00000000,0.00000000,0.00494505,0.01367520,3.63203500,3.31003300,1.80659200,1.10988900,0.60183090,1.10402800,0.80146440,0.86146430,3.31135200,3.31043600,0.79999920,4.94996000,4.95130000,0.00000000, 2, 255, 7, 24,0xf0000,No,No,No,No,Yes,Yes,Yes,Yes
2026-04-13 20:13:12,11.3,2400,910,,910,960,44,,200,,,648,,67.5,0.8600,0.6000,0.6000,1.1000,0.00000000,0.10442450,0.13467840,0.01073523,0.00000000,0.27423630,0.49382060,1.62526000,0.00000000,0.00000000,0.00531135,0.01379730,3.64595500,3.32580900,1.80610300,1.10586000,0.60366240,1.10219700,0.80292960,0.86119580,3.31226800,3.31226800,0.79999920,4.92986000,4.94996000,0.00000000, 2, 255, 7, 24,0xf0000,No,No,No,No,Yes,Yes,Yes,Yes
2026-04-13 20:13:14,10.8,2400,910,,910,960,44,,200,,,648,,68.6,0.8600,0.6000,0.6000,1.1000,0.00000000,0.07905034,0.13467840,0.00585558,0.00000000,0.35914220,0.50065210,1.58061000,0.00000000,0.00024420,0.00494505,0.01379730,3.64502700,3.30817700,1.80659200,1.11391800,0.60439500,1.10292900,0.80036550,0.86173300,3.30952000,3.31226800,0.79970620,4.97140000,4.93120000,0.00000000, 2, 255, 7, 24,0xf0000,No,No,No,No,Yes,Yes,Yes,Yes
2026-04-13 20:13:16,12.5,2400,910,,910,960,44,,200,,,648,,67.0,0.8600,0.6000,0.6000,1.1000,0.00000000,0.09173742,0.13175060,0.00878337,0.00000000,0.35914220,0.49382060,1.58061000,0.00000000,0.00024420,0.00537240,0.01355310,3.64873800,3.31003300,1.80659200,1.10879000,0.60219720,1.10146400,0.80146440,0.86119580,3.30860500,3.31135200,0.79941320,4.95398000,4.96738000,0.00000000, 2, 255, 7, 24,0xf0000,No,No,No,No,Yes,Yes,Yes,Yes
2026-04-13 20:13:18,11.7,2400,910,,910,960,44,,200,,,648,,67.0,0.8600,0.6000,0.6000,1.1000,0.00000000,0.08685777,0.13272650,0.00780744,0.00000000,0.36207000,0.50162800,1.55382000,0.00000000,0.00000000,0.00488400,0.01379730,3.63667500,3.31374500,1.80659200,1.10805800,0.60366240,1.10549400,0.79926660,0.86119580,3.30952000,3.31318300,0.79912020,4.95934000,4.89904000,0.00000000, 2, 255, 7, 24,0xf0000,No,No,No,No,Yes,Yes,Yes,Yes
2026-04-13 20:13:20,13.0,2400,910,,910,960,44,,200,,,648,,67.5,0.8600,0.6000,0.6000,1.1000,0.00000000,0.13175060,0.16688400,0.00780744,0.00000000,0.35426260,0.49870020,1.59847000,0.00000000,0.00000000,0.00537240,0.01379730,3.65059400,3.31188900,1.82124300,1.11098800,0.59890050,1.10146400,0.80146440,0.86092710,3.30952000,3.31226800,0.79970620,4.95666000,4.92852000,0.00000000, 2, 255, 7, 24,0xf0000,No,No,No,No,Yes,Yes,Yes,Yes
2026-04-13 20:13:22,12.2,2400,910,,910,960,43,,200,,,648,,66.4,0.8600,0.6000,0.6000,1.1000,0.00000000,0.09076149,0.13370240,0.00683151,0.00000000,0.27521230,0.47820570,1.58061000,0.00000000,0.00024420,0.00567765,0.01343100,3.64224300,3.30910500,1.80610300,1.10879000,0.60292980,1.10146400,0.80109810,0.86173300,3.31043600,3.31226800,0.79970620,4.93522000,4.96202000,0.00000000, 2, 255, 7, 24,0xf0000,No,No,No,No,Yes,Yes,Yes,Yes
2026-04-13 20:13:24,12.2,2400,910,,910,960,44,,200,,,648,,68.1,0.8600,0.6000,0.6000,1.1000,0.06343545,0.10247270,0.13272650,0.00390372,0.00000000,0.33864770,0.49479650,1.58061000,0.00000000,0.00000000,0.00512820,0.01367520,3.63574700,3.31003300,1.80561500,1.11062200,0.59999940,1.10219700,0.80073180,0.86119580,3.31043600,3.31409900,0.79999920,4.94728000,4.92048000,0.00000000, 2, 255, 7, 24,0xf0000,No,No,No,No,Yes,Yes,Yes,Yes
2026-04-13 20:13:27,11.3,2400,910,,910,960,44,,200,,,648,,67.5,0.8600,0.6000,0.6000,1.1000,0.04586871,0.12296720,0.13467840,0.00683151,0.00000000,0.36304600,0.47527790,3.57200000,0.00000000,0.00006105,0.00482295,0.01367520,3.63853100,3.31931300,1.79926600,1.11062200,0.60659280,1.10769100,0.79963290,0.86146430,3.30952000,3.31226800,0.79912020,4.97140000,4.93522000,0.00000000, 2, 255, 7, 24,0xf0000,No,No,No,No,Yes,Yes,Yes,Yes
2026-04-13 20:13:29,17.1,2400,910,,910,960,44,,200,,,648,,67.0,0.8600,0.6000,0.6000,1.1000,0.06538731,0.10735230,0.13175060,0.01171116,0.00000000,0.27618820,0.47722980,1.58954000,0.00000000,0.00006105,0.00561660,0.01379730,3.64038700,3.29518600,1.81733600,1.10952300,0.60036570,1.10329600,0.79963290,0.86119580,3.31135200,3.31409900,0.79970620,4.95130000,4.93924000,0.00000000, 2, 255, 7, 24,0xf0000,No,No,No,No,Yes,Yes,Yes,Yes
2026-04-13 20:13:31,15.5,2400,910,,910,960,44,,200,,,648,,68.1,0.8600,0.6000,0.6000,1.1000,0.00000000,0.10247270,0.13565430,0.00878337,0.00000000,0.36207000,0.49967620,1.67884000,0.00000000,0.00000000,0.00537240,0.01355310,3.64502700,3.31003300,1.79828900,1.10622600,0.60366240,1.10805800,0.80036550,0.86200170,3.31043600,3.31409900,0.79970620,4.95264000,4.98346000,0.00000000, 2, 255, 7, 24,0xf0000,No,No,No,No,Yes,Yes,Yes,Yes
2026-04-13 20:13:33,10.1,2400,910,,910,960,44,,200,,,648,,68.1,0.8600,0.6000,0.6000,1.1000,0.00000000,0.12003940,0.13467840,0.00975930,0.00000000,0.27618820,0.35816630,1.58061000,0.00000000,0.00000000,0.00586080,0.01306470,3.61997200,3.30910500,1.80610300,1.10439400,0.60036570,1.10183000,0.80329590,0.86173300,3.31043600,3.31043600,0.79941320,4.98882000,4.99284000,0.00000000, 2, 255, 7, 24,0xf0000,No,No,No,No,Yes,Yes,Yes,Yes
2026-04-13 20:13:35,10.5,2400,910,,910,960,43,,200,,,648,,67.5,0.8600,0.6000,0.6000,1.1000,0.00000000,0.09271335,0.13467840,0.00780744,0.00000000,0.27618820,0.38158860,1.58954000,0.00000000,0.00048840,0.00525030,0.01330890,3.63760300,3.30260900,1.80024200,1.11062200,0.60219720,1.10329600,0.79670250,0.86119580,3.30952000,3.31226800,0.79912020,4.90708000,4.94996000,0.00000000, 2, 255, 7, 24,0xf0000,No,No,No,No,Yes,Yes,Yes,Yes
2026-04-13 20:13:37,10.8,2400,910,,910,960,43,,200,,,648,,67.5,0.8600,0.6000,0.6000,1.1000,0.00000000,0.10247270,0.13565430,0.01073523,0.00000000,0.36694970,0.49382060,1.57168000,0.00000000,0.00000000,0.00537240,0.01355310,3.63018000,3.32580900,1.80659200,1.10732500,0.60073200,1.10146400,0.79963290,0.86146430,3.31043600,3.31135200,0.79999920,4.94326000,4.94996000,0.00000000, 2, 255, 7, 24,0xf0000,No,No,No,No,Yes,Yes,Yes,Yes
2026-04-13 20:13:39,11.8,2400,910,,910,960,43,,200,,,648,,67.0,0.8600,0.6000,0.6000,1.1000,0.00000000,0.09076149,0.13663020,0.00878337,0.00000000,0.36207000,0.49479650,1.58061000,0.00000000,0.00024420,0.00518925,0.01355310,3.65616200,3.31745700,1.80659200,1.10439400,0.60732540,1.10586000,0.80292960,0.86146430,3.31043600,3.31043600,0.79970620,4.95666000,4.95130000,0.00000000, 2, 255, 7, 24,0xf0000,No,No,No,No,Yes,Yes,Yes,Yes
2026-04-13 20:13:41,12.2,2400,910,,910,960,44,,200,,,648,,68.1,0.8600,0.6000,0.6000,1.1000,0.00000000,0.15810070,0.13272650,0.00878337,0.00196080,0.36402190,0.49382060,1.57168000,0.00000000,0.00006105,0.00537240,0.01367520,3.61811600,3.30724900,1.79584700,1.10879000,0.60586020,1.10256300,0.80292960,0.86146430,3.31043600,3.31043600,0.79970620,4.93120000,4.89904000,0.00000000, 2, 255, 7, 24,0xf0000,No,No,No,No,Yes,Yes,Yes,Yes
2026-04-13 20:13:44,10.3,2400,910,,910,960,44,,200,,,648,,68.1,0.8600,0.6000,0.6000,1.1000,0.00000000,0.09368929,0.13565430,0.00683151,0.00000000,0.35719040,0.49382060,1.59847000,0.00000000,0.00000000,0.00555555,0.01343100,3.62832400,3.31188900,1.82124300,1.10622600,0.60586020,1.10329600,0.80036550,0.86200170,3.31226800,3.31226800,0.79999920,4.93924000,4.92048000,0.00000000, 2, 255, 7, 24,0xf0000,No,No,No,No,Yes,Yes,Yes,Yes
2026-04-13 20:13:46,12.8,2400,910,,910,960,44,,200,,,648,,66.4,0.8600,0.6000,0.6000,1.1000,0.00000000,0.07319475,0.13467840,0.00683151,0.00000000,0.36304600,0.49967620,2.02711000,0.00000000,0.00024420,0.00518925,0.01379730,3.61997200,3.32024100,1.80610300,1.10659200,0.60586020,1.10292900,0.80073180,0.86146430,3.30677300,3.31226800,0.79941320,4.98346000,4.97274000,0.00000000, 2, 255, 7, 24,0xf0000,No,No,No,No,Yes,Yes,Yes,Yes
2026-04-13 20:13:48,11.5,2400,910,,910,960,44,,200,,,648,,67.5,0.8600,0.6000,0.6000,1.1000,0.00000000,0.09173742,0.13370240,0.00780744,0.00000000,0.33962360,0.49089280,1.58954000,0.00000000,0.00006105,0.00537240,0.01379730,3.65152200,3.31838500,1.79926600,1.10732500,0.60219720,1.10146400,0.80146440,0.86065850,3.30952000,3.31318300,0.79999920,4.92718000,4.96738000,0.00000000, 2, 255, 7, 24,0xf0000,No,No,No,No,Yes,Yes,Yes,Yes
2026-04-13 20:13:50,12.2,2400,910,,910,960,44,,200,,,648,,68.1,0.8600,0.6000,0.6000,1.1000,0.00000000,0.09271335,0.13370240,0.01268709,0.00000000,0.27716410,0.35914220,1.65205000,0.00000000,0.00024420,0.00482295,0.01343100,3.64873800,3.31838500,1.80659200,1.11062200,0.60622650,1.10219700,0.80073180,0.86173300,3.31135200,3.31226800,0.79999920,4.96336000,4.93522000,0.00000000, 2, 255, 7, 24,0xf0000,No,No,No,No,Yes,Yes,Yes,Yes
2026-04-13 20:13:52,10.8,2400,910,,910,960,44,,200,,,648,,68.1,0.8600,0.6000,0.6000,1.1000,0.00000000,0.09076149,0.13370240,0.00585558,0.00098040,0.33864770,0.35816630,1.58954000,0.00000000,0.00000000,0.00482295,0.01330890,3.63574700,3.31560100,1.80659200,1.10988900,0.60512760,1.10146400,0.80146440,0.86119580,3.31043600,3.31043600,0.79970620,4.92986000,4.93388000,0.00000000, 2, 255, 7, 24,0xf0000,No,No,No,No,Yes,Yes,Yes,Yes
2026-04-13 20:13:54,11.1,2400,910,,910,960,44,,200,,,648,,68.1,0.8600,0.6000,0.6000,1.1000,0.00000000,0.10832820,0.13565430,0.01268709,0.00000000,0.27618820,0.35426260,1.58061000,0.00000000,0.00000000,0.00500610,0.01343100,3.64317100,3.31560100,1.82124300,1.11355200,0.60402870,1.10256300,0.80439480,0.86173300,3.30860500,3.31135200,0.79912020,4.96738000,4.97140000,0.00000000, 2, 255, 7, 24,0xf0000,No,No,No,No,Yes,Yes,Yes,Yes
2026-04-13 20:13:56,11.8,2400,910,,910,960,44,,200,,,648,,67.5,0.8600,0.6000,0.6000,1.1000,0.00000000,0.09271335,0.13370240,0.02049453,0.00000000,0.36109410,0.49284470,1.58061000,0.00000000,0.00000000,0.00531135,0.01367520,3.60048500,3.32766400,1.80610300,1.10549400,0.60659280,1.10586000,0.79963290,0.86146430,3.31501500,3.31318300,0.79999920,4.95800000,4.97408000,0.00000000, 2, 255, 7, 24,0xf0000,No,No,No,No,Yes,Yes,Yes,Yes
2026-04-13 20:13:58,11.5,2400,910,,910,960,44,,200,,,648,,68.1,0.8600,0.6000,0.6000,1.1000,0.00000000,0.07514661,0.13565430,0.01171116,0.00000000,0.36304600,0.50162800,1.59847000,0.00000000,0.00006105,0.00561660,0.01379730,3.65430600,3.30817700,1.81684800,1.10879000,0.60659280,1.10329600,0.79999920,0.86092710,3.31043600,3.31226800,0.79882700,4.88698000,4.97274000,0.00000000, 2, 255, 7, 24,0xf0000,No,No,No,No,Yes,Yes,Yes,Yes
2026-04-13 20:14:01,15.8,2400,910,,910,960,44,,200,,,648,,68.1,0.8600,0.6000,0.6000,1.1000,0.00000000,0.09466522,0.13565430,0.01073523,0.00000000,0.23031950,0.41281840,1.58954000,0.00000000,0.00000000,0.00543345,0.01379730,3.64224300,3.32580900,1.80659200,1.11355200,0.60036570,1.10219700,0.80036550,0.85931540,3.30952000,3.31226800,0.79970620,4.97810000,4.94862000,0.00000000, 2, 255, 7, 24,0xf0000,No,No,No,No,Yes,Yes,Yes,Yes
2026-04-13 20:14:03,12.3,2400,910,,910,960,44,,200,,,648,,68.1,0.8600,0.6000,0.6000,1.1000,0.00000000,0.08978556,0.13370240,0.01073523,0.00000000,0.36207000,0.47820570,1.58954000,0.00000000,0.00000000,0.00512820,0.01343100,3.62554000,3.30168200,1.80024200,1.10586000,0.59999940,1.10219700,0.79963290,0.86280750,3.31043600,3.30952000,0.79912020,4.88832000,4.89368000,0.00000000, 2, 255, 7, 24,0xf0000,No,No,No,No,Yes,Yes,Yes,Yes
2026-04-13 20:14:05,11.5,2400,910,,910,960,44,,200,,,648,,68.1,0.8600,0.6000,0.6000,1.1000,0.00000000,0.09466522,0.13467840,0.00585558,0.00000000,0.35328660,0.49577240,1.58954000,0.00000000,0.00000000,0.00537240,0.01367520,3.63574700,3.29518600,1.80561500,1.10805800,0.59999940,1.10073200,0.80146440,0.86092710,3.30952000,3.31409900,0.79970620,4.97274000,4.96336000,0.00000000, 2, 255, 7, 24,0xf0000,No,No,No,No,Yes,Yes,Yes,Yes
2026-04-13 20:14:07,11.5,2400,910,,910,960,44,,200,,,648,,67.5,0.8600,0.6000,0.6000,1.1000,0.00000000,0.08978556,0.13272650,0.00780744,0.00000000,0.36597380,0.50162800,1.58954000,0.00000000,0.00000000,0.00500610,0.01367520,3.62925200,3.30910500,1.80610300,1.10805800,0.60402870,1.10439400,0.80073180,0.86119580,3.31318300,3.31318300,0.79999920,4.94192000,4.97944000,0.00000000, 2, 255, 7, 24,0xf0000,No,No,No,No,Yes,Yes,Yes,Yes
2026-04-13 20:14:09,11.3,2400,910,,910,960,44,,200,,,648,,67.5,0.8600,0.6000,0.6000,1.1000,0.00000000,0.09466522,0.13565430,0.00975930,0.00000000,0.35621450,0.49382060,1.58954000,0.00000000,0.00000000,0.00543345,0.01330890,3.64873800,3.32116900,1.79682400,1.11098800,0.60256350,1.10256300,0.80073180,0.86146430,3.30952000,3.31043600,0.79999920,4.98882000,4.93120000,0.00000000, 2, 255, 7, 24,0xf0000,No,No,No,No,Yes,Yes,Yes,Yes
2026-04-13 20:14:11,12.8,2400,910,,910,960,44,,200,,,648,,68.1,0.8600,0.6000,0.6000,1.1000,0.00000000,0.10149670,0.13467840,0.01073523,0.00000000,0.36011820,0.49479650,1.60740000,0.00000000,0.00006105,0.00494505,0.01355310,3.63574700,3.32209700,1.81684800,1.10439400,0.60109830,1.10219700,0.80036550,0.86173300,3.31043600,3.31043600,0.79970620,4.92986000,4.95532000,0.00000000, 2, 255, 7, 24,0xf0000,No,No,No,No,Yes,Yes,Yes,Yes
2026-04-13 20:14:13,11.6,2400,910,,910,960,44,,200,,,648,,68.1,0.8600,0.6000,0.6000,1.1000,0.00000000,0.09271335,0.13467840,0.00585558,0.00000000,0.35426260,0.49284470,1.59847000,0.00000000,0.00000000,0.00555555,0.01330890,3.63110700,3.31931300,1.80610300,1.10879000,0.60366240,1.10073200,0.80036550,0.86119580,3.31043600,3.31318300,0.79970620,4.93120000,4.91914000,0.00000000, 2, 255, 7, 24,0xf0000,No,No,No,No,Yes,Yes,Yes,Yes
2026-04-13 20:14:16,11.5,2400,910,,910,960,44,,200,,,648,,67.5,0.8600,0.6000,0.6000,1.1000,0.00000000,0.09271335,0.13663020,0.00975930,0.00000000,0.35523850,0.49674840,1.59847000,0.00000000,0.00000000,0.00561660,0.01379730,3.64502700,3.32580900,1.80659200,1.11465100,0.60476130,1.10146400,0.79963290,0.86065850,3.30952000,3.31135200,0.79999920,4.92718000,4.93790000,0.00000000, 2, 255, 7, 24,0xf0000,No,No,No,No,Yes,Yes,Yes,Yes
2026-04-13 20:14:18,11.3,2400,910,,910,960,44,,200,,,648,,68.6,0.8600,0.6000,0.6000,1.1000,0.00000000,0.09466522,0.13370240,0.00975930,0.00000000,0.23129540,0.35426260,1.58954000,0.00000000,0.00000000,0.00500610,0.01343100,3.61533200,3.31003300,1.80561500,1.10952300,0.60183090,1.10183000,0.79999920,0.86173300,3.30952000,3.31318300,0.79970620,4.96336000,4.93120000,0.00000000, 2, 255, 7, 24,0xf0000,No,No,No,No,Yes,Yes,Yes,Yes
2026-04-13 20:14:20,13.4,2400,910,,910,960,44,,200,,,648,,67.5,0.8600,0.6000,0.6000,1.1000,0.00000000,0.09368929,0.13467840,0.00975930,0.00000000,0.23617510,0.44404820,1.58954000,0.00000000,0.00006105,0.00500610,0.01391940,3.65059400,3.31745700,1.79926600,1.10439400,0.60183090,1.10219700,0.80219700,0.86146430,3.30952000,3.31318300,0.79941320,4.97542000,4.95666000,0.00000000, 2, 255, 7, 24,0xf0000,No,No,No,No,Yes,Yes,Yes,Yes
2026-04-13 20:14:22,12.4,2400,910,,910,960,43,,200,,,648,,68.1,0.8600,0.6000,0.6000,1.1000,0.00000000,0.09466522,0.13370240,0.00975930,0.00000000,0.27716410,0.36792560,1.59847000,0.00000000,0.00006105,0.00592185,0.01318680,3.64781100,3.31003300,1.79926600,1.11355200,0.60183090,1.10256300,0.80146440,0.86092710,3.31043600,3.31226800,0.79999920,4.96738000,4.93388000,0.00000000, 2, 255, 7, 24,0xf0000,No,No,No,No,Yes,Yes,Yes,Yes
2026-04-13 20:14:24,11.3,2400,910,,910,960,44,,200,,,648,,68.1,0.8600,0.6000,0.6000,1.1000,0.00000000,0.09271335,0.13370240,0.00487965,0.00000000,0.33767180,0.49186870,1.58061000,0.00000000,0.00000000,0.00586080,0.01343100,3.63760300,3.31838500,1.80561500,1.10622600,0.60622650,1.10329600,0.80146440,0.86092710,3.31043600,3.31226800,0.79999920,4.95666000,4.94996000,0.00000000, 2, 255, 7, 24,0xf0000,No,No,No,No,Yes,Yes,Yes,Yes
2026-04-13 20:14:26,10.8,2400,910,,910,960,44,,200,,,648,,67.5,0.8600,0.6000,0.6000,1.1000,0.00000000,0.09271335,0.13467840,0.00292779,0.00000000,0.33864770,0.49479650,1.59847000,0.00000000,0.00024420,0.00525030,0.01355310,3.63853100,3.31652900,1.79877700,1.11062200,0.60146460,1.10146400,0.80036550,0.86092710,3.31043600,3.31226800,0.79941320,4.94058000,4.98346000,0.00000000, 2, 255, 7, 24,0xf0000,No,No,No,No,Yes,Yes,Yes,Yes
2026-04-13 20:14:28,11.2,2400,910,,910,960,44,,200,,,648,,68.1,0.8600,0.6000,0.6000,1.1000,0.00000000,0.08880963,0.13370240,0.00878337,0.00000000,0.36304600,0.49479650,2.58077000,0.00000000,0.00000000,0.00506715,0.01367520,3.63574700,3.31838500,1.80659200,1.10695900,0.59999940,1.10549400,0.79963290,0.86119580,3.31043600,3.31318300,0.79912020,4.98480000,4.94192000,0.00000000, 2, 255, 7, 24,0xf0000,No,No,No,No,Yes,Yes,Yes,Yes
2026-04-13 20:14:30,11.8,2400,910,,910,960,44,,200,,,648,,68.6,0.8600,0.6000,0.6000,1.1000,0.00000000,0.10344860,0.13370240,0.09271335,0.00000000,0.27911600,0.38158860,1.58954000,0.00000000,0.00006105,0.00586080,0.01355310,3.64038700,3.31652900,1.81684800,1.10439400,0.60219720,1.10256300,0.80219700,0.86173300,3.31043600,3.31226800,0.80058540,4.97810000,4.97676000,0.00000000, 2, 255, 7, 24,0xf0000,No,No,No,No,Yes,Yes,Yes,Yes
2026-04-13 20:14:33,13.8,2400,910,,910,960,44,,200,,,648,,67.5,0.8600,0.6000,0.6000,1.1000,0.00000000,0.09368929,0.13565430,0.00683151,0.00000000,0.36304600,0.51821880,2.64328000,0.00000000,0.00000000,0.00482295,0.01343100,3.63110700,3.31467300,1.79877700,1.10732500,0.60622650,1.10769100,0.80036550,0.86119580,3.31043600,3.31226800,0.79999920,4.96738000,4.98346000,0.00000000, 2, 255, 7, 24,0xf0000,No,No,No,No,Yes,Yes,Yes,Yes
2026-04-13 20:14:35,13.5,2400,910,,910,960,44,,200,,,648,,68.1,0.8600,0.6000,0.6000,1.1000,0.00000000,0.08978556,0.13467840,0.01073523,0.00000000,0.36304600,0.52212260,1.58061000,0.00000000,0.00000000,0.00537240,0.01318680,3.64131500,3.31745700,1.80659200,1.10586000,0.60549390,1.10292900,0.79963290,0.86119580,3.31043600,3.31135200,0.79941320,4.99016000,4.97408000,0.00000000, 2, 255, 7, 24,0xf0000,No,No,No,No,Yes,Yes,Yes,Yes
2026-04-13 20:14:37,10.8,2400,910,,910,960,44,,200,,,648,,68.6,0.8600,0.6000,0.6000,1.1000,0.00000000,0.09173742,0.13175060,0.07905034,0.00000000,0.35426260,0.41477020,2.61649000,0.00000000,0.00000000,0.00488400,0.01343100,3.63018000,3.31745700,1.80659200,1.11062200,0.60146460,1.10329600,0.79963290,0.86119580,3.31043600,3.31135200,0.79970620,4.96872000,4.96872000,0.00000000, 2, 255, 7, 24,0xf0000,No,No,No,No,Yes,Yes,Yes,Yes
2026-04-13 20:14:39,12.1,2400,910,,910,960,44,,200,,,648,,67.5,0.8600,0.6000,0.6000,1.1000,0.00000000,0.09466522,0.13272650,0.00878337,0.00000000,0.23715100,0.46259080,1.75028000,0.00000000,0.00012210,0.00610500,0.01355310,3.64409900,3.31560100,1.79682400,1.10659200,0.60366240,1.10329600,0.80292960,0.86146430,3.31043600,3.31135200,0.79970620,4.96202000,4.94192000,0.00000000, 2, 255, 7, 24,0xf0000,No,No,No,No,Yes,Yes,Yes,Yes
2026-04-13 20:14:41,11.8,2400,910,,910,960,44,,200,,,648,,68.1,0.8600,0.6000,0.6000,1.1000,0.00000000,0.09564114,0.13370240,0.00683151,0.00000000,0.36694970,0.49479650,1.59847000,0.00000000,0.00000000,0.00531135,0.01416360,3.64502700,3.31281700,1.80659200,1.10695900,0.59963310,1.10146400,0.80109810,0.86092710,3.31043600,3.31135200,0.79941320,4.98882000,4.97274000,0.00000000, 2, 255, 7, 24,0xf0000,No,No,No,No,Yes,Yes,Yes,Yes
2026-04-13 20:14:43,12.5,2400,910,,910,960,44,,200,,,648,,68.1,0.8600,0.6000,0.6000,1.1000,0.00000000,0.09564114,0.13565430,0.00683151,0.00000000,0.37280530,0.50260400,1.58954000,0.00000000,0.00000000,0.00549450,0.01391940,3.64317100,3.31096100,1.79682400,1.11208700,0.60366240,1.10586000,0.79999920,0.86119580,3.31043600,3.31135200,0.79970620,4.93522000,4.98882000,0.00000000, 2, 255, 7, 24,0xf0000,No,No,No,No,Yes,Yes,Yes,Yes
2026-04-13 20:14:45,11.3,2400,910,,910,960,44,,200,,,648,,68.6,0.8600,0.6000,0.6000,1.1000,0.00000000,0.12491900,0.13467840,0.09271335,0.00000000,0.27521230,0.47527790,1.58061000,0.00000000,0.00000000,0.00525030,0.01330890,3.63667500,3.29518600,1.82124300,1.10988900,0.60402870,1.10329600,0.80036550,0.86119580,3.30952000,3.31318300,0.79999920,4.96336000,4.93656000,0.00000000, 2, 255, 7, 24,0xf0000,No,No,No,No,Yes,Yes,Yes,Yes
2026-04-13 20:14:47,11.5,2400,910,,910,960,44,,200,,,648,,68.6,0.8600,0.6000,0.6000,1.1000,0.00000000,0.08978556,0.13467840,0.01366302,0.00000000,0.35621450,0.49772430,1.58061000,0.00000000,0.00024420,0.00543345,0.01391940,3.64131500,3.31560100,1.80659200,1.11391800,0.59963310,1.10219700,0.80036550,0.86146430,3.31043600,3.31043600,0.79941320,4.94594000,4.95532000,0.00000000, 2, 255, 7, 24,0xf0000,No,No,No,No,Yes,Yes,Yes,Yes
2026-04-13 20:14:50,12.5,2400,910,,910,960,44,,200,,,648,,68.1,0.8600,0.6000,0.6000,1.1000,0.00000000,0.14346170,0.13175060,0.00975930,0.00000000,0.27618820,0.38158860,1.58061000,0.00000000,0.00000000,0.00543345,0.01355310,3.62182800,3.30260900,1.79926600,1.10439400,0.60146460,1.10402800,0.80292960,0.86173300,3.31043600,3.31226800,0.79970620,4.94594000,4.94192000,0.00000000, 2, 255, 7, 24,0xf0000,No,No,No,No,Yes,Yes,Yes,Yes
2026-04-13 20:14:52,10.7,2400,910,,910,960,44,,200,,,648,,68.1,0.8600,0.6000,0.6000,1.1000,0.00000000,0.09466522,0.13565430,0.02439825,0.00000000,0.27814010,0.38158860,2.64328000,0.00000000,0.00000000,0.00549450,0.01367520,3.61533200,3.32024100,1.80659200,1.10915600,0.60073200,1.10146400,0.82051210,0.86146430,3.31043600,3.31226800,0.79999920,4.88698000,4.88832000,0.00000000, 2, 255, 7, 24,0xf0000,No,No,No,No,Yes,Yes,Yes,Yes
2026-04-13 20:14:54,10.7,2400,910,,910,960,44,,200,,,648,,68.6,0.8600,0.6000,0.6000,1.1000,0.00000000,0.07807440,0.14053390,0.07612254,0.00000000,0.37573300,0.49479650,1.58061000,0.00000000,0.00048840,0.00518925,0.01343100,3.62554000,3.30168200,1.80024200,1.10879000,0.60659280,1.10146400,0.80292960,0.86146430,3.31135200,3.31135200,0.79941320,4.98346000,4.95130000,0.00000000, 2, 255, 7, 24,0xf0000,No,No,No,No,Yes,Yes,Yes,Yes
2026-04-13 20:14:56,13.1,2400,910,,910,960,44,,200,,,648,,68.1,0.8600,0.6000,0.6000,1.1000,0.00000000,0.09466522,0.13467840,0.00683151,0.00000000,0.27618820,0.41281840,1.59847000,0.00000000,0.00024420,0.00549450,0.01367520,3.60698000,3.31374500,1.79877700,1.11355200,0.60036570,1.10292900,0.79926660,0.86173300,3.31043600,3.31409900,0.79970620,4.95264000,4.95666000,0.00000000, 2, 255, 7, 24,0xf0000,No,No,No,No,Yes,Yes,Yes,Yes
2026-04-13 20:14:58,11.1,2400,910,,910,960,44,,200,,,648,,68.1,0.8600,0.6000,0.6000,1.1000,0.00000000,0.09173742,0.13663020,0.00585558,0.00000000,0.38061270,0.49870020,1.61633000,0.00000000,0.00024420,0.00549450,0.01416360,3.65245000,3.31281700,1.80659200,1.10439400,0.60476130,1.10219700,0.80036550,0.86146430,3.31043600,3.31226800,0.79970620,4.97810000,4.96202000,0.00000000, 2, 255, 7, 24,0xf0000,No,No,No,No,Yes,Yes,Yes,Yes
2026-04-13 20:15:00,11.0,2400,910,,910,960,44,,200,,,648,,69.2,0.8600,0.6000,0.6000,1.1000,0.00000000,0.06343545,0.13663020,0.05562801,0.00000000,0.36304600,0.49284470,1.59847000,0.00000000,0.00048840,0.00525030,0.01367520,3.63853100,3.31003300,1.80024200,1.10622600,0.59999940,1.10329600,0.79963290,0.86119580,3.30952000,3.31226800,0.79912020,4.96068000,4.99418000,0.00000000, 2, 255, 7, 24,0xf0000,No,No,No,No,Yes,Yes,Yes,Yes
2026-04-13 20:15:02,14.2,2400,910,,910,960,43,,200,,,648,,68.1,0.8600,0.6000,0.6000,1.1000,0.00000000,0.09564114,0.13370240,0.00683151,0.00000000,0.27618820,0.47527790,1.58061000,0.00000000,0.00000000,0.00616605,0.01391940,3.62646800,3.29518600,1.80659200,1.10732500,0.60659280,1.10476100,0.80146440,0.86119580,3.31135200,3.31318300,0.79912020,4.92718000,4.97274000,0.00000000, 2, 255, 7, 24,0xf0000,No,No,No,No,Yes,Yes,Yes,Yes
2026-04-13 20:15:05,15.0,2400,910,,910,960,44,,200,,,648,,68.6,0.8600,0.6000,0.6000,1.1000,0.00000000,0.07417068,0.13467840,0.01073523,0.00000000,0.36792560,0.49577240,1.60740000,0.00000000,0.00024420,0.00537240,0.01355310,3.64131500,3.31281700,1.80659200,1.10805800,0.60366240,1.10219700,0.80036550,0.86173300,3.31043600,3.31409900,0.79999920,4.97140000,4.94058000,0.00000000, 2, 255, 7, 24,0xf0000,No,No,No,No,Yes,Yes,Yes,Yes
2026-04-13 20:15:07,13.3,2400,910,,910,960,44,,200,,,648,,68.1,0.8600,0.6000,0.6000,1.1000,0.00000000,0.09173742,0.13467840,0.00878337,0.00000000,0.27618820,0.36597380,1.74135000,0.00000000,0.00000000,0.00500610,0.01367520,3.64595500,3.32024100,1.80024200,1.11355200,0.60549390,1.10292900,0.80402850,0.86119580,3.31135200,3.31318300,0.79999920,4.95934000,4.92986000,0.00000000, 2, 255, 7, 24,0xf0000,No,No,No,No,Yes,Yes,Yes,Yes
2026-04-13 20:15:09,12.3,2400,910,,910,960,44,,200,,,648,,67.5,0.8600,0.6000,0.6000,1.1000,0.00000000,0.11125600,0.13467840,0.00780744,0.00000000,0.27716410,0.49577240,1.58954000,0.00000000,0.00000000,0.00549450,0.01343100,3.64038700,3.30817700,1.81684800,1.10439400,0.60659280,1.10073200,0.79926660,0.86146430,3.31501500,3.31135200,0.79912020,4.90306000,4.92718000,0.00000000, 2, 255, 7, 24,0xf0000,No,No,No,No,Yes,Yes,Yes,Yes
2026-04-13 20:15:11,11.3,2400,910,,910,960,44,,200,,,648,,67.5,0.8600,0.6000,0.6000,1.1000,0.00000000,0.06929103,0.13370240,0.01756674,0.00000000,0.36109410,0.50065210,1.60740000,0.00000000,0.00000000,0.00549450,0.01379730,3.64502700,3.32580900,1.80610300,1.11282000,0.60512760,1.10402800,0.79926660,0.86065850,3.30952000,3.31318300,0.79941320,4.95398000,4.93790000,0.00000000, 2, 255, 7, 24,0xf0000,No,No,No,No,Yes,Yes,Yes,Yes
2026-04-13 20:15:13,12.8,2400,910,,910,960,44,,200,,,648,,68.1,0.8600,0.6000,0.6000,1.1000,0.00000000,0.09466522,0.13370240,0.00780744,0.00000000,0.35523850,0.49479650,1.59847000,0.00000000,0.00000000,0.00549450,0.01343100,3.63110700,3.31560100,1.80659200,1.10879000,0.60622650,1.10329600,0.80036550,0.86092710,3.31043600,3.31226800,0.79941320,4.94594000,4.93388000,0.00000000, 2, 255, 7, 24,0xf0000,No,No,No,No,Yes,Yes,Yes,Yes
2026-04-13 20:15:15,12.5,2400,910,,910,960,44,,200,,,648,,68.1,0.8600,0.6000,0.6000,1.1000,0.00000000,0.09368929,0.13272650,0.01366302,0.00000000,0.27618820,0.38158860,1.58061000,0.00000000,0.00000000,0.00470085,0.01343100,3.63389100,3.32024100,1.80561500,1.10695900,0.60329610,1.10366200,0.80219700,0.86173300,3.31135200,3.31226800,0.79941320,4.94058000,4.98078000,0.00000000, 2, 255, 7, 24,0xf0000,No,No,No,No,Yes,Yes,Yes,Yes
2026-04-13 20:15:17,12.0,2400,910,,910,960,44,,200,,,648,,69.2,0.8600,0.6000,0.6000,1.1000,0.00000000,0.09466522,0.13565430,0.00975930,0.00000000,0.33962360,0.49479650,1.60740000,0.00000000,0.00006105,0.00561660,0.01379730,3.65616200,3.31188900,1.80561500,1.10439400,0.60292980,1.10146400,0.80109810,0.86173300,3.31043600,3.31409900,0.79999920,4.97140000,4.95130000,0.00000000, 2, 255, 7, 24,0xf0000,No,No,No,No,Yes,Yes,Yes,Yes
2026-04-13 20:15:20,12.4,2400,910,,910,960,44,,200,,,648,,68.6,0.8600,0.6000,0.6000,1.1000,0.00000000,0.09173742,0.13565430,0.00878337,0.00000000,0.24495840,0.47625380,1.59847000,0.00000000,0.00012210,0.00537240,0.01367520,3.64317100,3.29518600,1.82124300,1.10769100,0.60183090,1.10219700,0.80036550,0.86092710,3.31043600,3.31226800,0.79999920,4.95532000,4.98212000,0.00000000, 2, 255, 7, 24,0xf0000,No,No,No,No,Yes,Yes,Yes,Yes
2026-04-13 20:15:22,12.5,2400,910,,910,960,44,,200,,,648,,68.6,0.8600,0.6000,0.6000,1.1000,0.00000000,0.09368929,0.13663020,0.00780744,0.00000000,0.24495840,0.47527790,1.59847000,0.00000000,0.00048840,0.00476190,0.01355310,3.63853100,3.31838500,1.79926600,1.10586000,0.59926680,1.10146400,0.80036550,0.86092710,3.31135200,3.31501500,0.79941320,4.93656000,4.94326000,0.00000000, 2, 255, 7, 24,0xf0000,No,No,No,No,Yes,Yes,Yes,Yes
2026-04-13 20:15:24,9.7,2400,910,,910,960,44,,200,,,648,,68.1,0.8600,0.6000,0.6000,1.1000,0.05855580,0.12003940,0.13370240,0.01268709,0.00000000,0.34059960,0.38451640,1.58061000,0.00000000,0.00000000,0.00500610,0.01367520,3.62832400,3.30260900,1.80561500,1.10586000,0.60586020,1.10146400,0.80219700,0.86092710,3.31043600,3.31043600,0.79999920,4.94058000,4.94996000,0.00000000, 2, 255, 7, 24,0xf0000,No,No,No,No,Yes,Yes,Yes,Yes
2026-04-13 20:15:26,12.0,2400,910,,910,960,44,,200,,,648,,69.2,0.8600,0.6000,0.6000,1.1000,0.06050766,0.07612254,0.13175060,0.00878337,0.00000000,0.36109410,0.49479650,1.60740000,0.00000000,0.00024420,0.00518925,0.01367520,3.61626000,3.31188900,1.80610300,1.10622600,0.60439500,1.10073200,0.80329590,0.86092710,3.30860500,3.31135200,0.79941320,4.93120000,4.91914000,0.00000000, 2, 255, 7, 24,0xf0000,No,No,No,No,Yes,Yes,Yes,Yes
2026-04-13 20:15:28,14.4,2400,910,,910,960,44,,200,,,648,,68.1,0.8600,0.6000,0.6000,1.1000,0.06343545,0.09466522,0.13565430,0.00585558,0.00000000,0.34157550,0.49674840,1.58061000,0.00000000,0.00000000,0.00482295,0.01343100,3.60698000,3.31560100,1.80561500,1.11062200,0.60366240,1.10256300,0.80109810,0.86146430,3.31043600,3.31409900,0.79970620,4.95264000,4.92048000,0.00000000, 2, 255, 7, 24,0xf0000,No,No,No,No,Yes,Yes,Yes,Yes
2026-04-13 20:15:30,12.3,2400,910,,910,960,44,,200,,,648,,68.6,0.8600,0.6000,0.6000,1.1000,0.00000000,0.12296720,0.16688400,0.00683151,0.00000000,0.36109410,0.49674840,1.60740000,0.00000000,0.00000000,0.00506715,0.01343100,3.64595500,3.32580900,1.80610300,1.10439400,0.59999940,1.10219700,0.80036550,0.86146430,3.30860500,3.31226800,0.79941320,4.98346000,4.92986000,0.00000000, 2, 255, 7, 24,0xf0000,No,No,No,No,Yes,Yes,Yes,Yes
2026-04-13 20:15:32,11.8,2400,910,,910,960,44,,200,,,648,,68.6,0.8600,0.6000,0.6000,1.1000,0.00000000,0.09271335,0.13663020,0.00585558,0.00000000,0.35523850,0.49186870,1.59847000,0.00000000,0.00000000,0.00500610,0.01391940,3.65059400,3.30910500,1.80659200,1.10732500,0.60219720,1.10329600,0.79963290,0.86119580,3.31043600,3.31135200,0.79999920,4.98346000,4.96336000,0.00000000, 2, 255, 7, 24,0xf0000,No,No,No,No,Yes,Yes,Yes,Yes
2026-04-13 20:15:34,11.7,2400,910,,910,960,44,,200,,,648,,69.2,0.8600,0.6000,0.6000,1.1000,0.00000000,0.07221882,0.13272650,0.00487965,0.00000000,0.36304600,0.49772430,1.61633000,0.00000000,0.00024420,0.00482295,0.01367520,3.64502700,3.31652900,1.80659200,1.11098800,0.60146460,1.10146400,0.80036550,0.86173300,3.30860500,3.31135200,0.79941320,4.93120000,4.97274000,0.00000000, 2, 255, 7, 24,0xf0000,No,No,No,No,Yes,Yes,Yes,Yes
2026-04-13 20:15:37,13.5,2400,910,,910,960,44,,200,,,648,,69.2,0.8600,0.6000,0.6000,1.1000,0.00000000,0.09271335,0.13272650,0.01366302,0.00000000,0.27716410,0.36597380,1.59847000,0.00000000,0.00024420,0.00506715,0.01306470,3.65059400,3.31281700,1.80659200,1.11062200,0.60402870,1.10073200,0.80402850,0.86092710,3.30860500,3.31226800,0.79970620,4.95666000,4.97274000,0.00000000, 2, 255, 7, 24,0xf0000,No,No,No,No,Yes,Yes,Yes,Yes
2026-04-13 20:15:39,2.2,1500,500,,500,500,44,,200,,,648,,68.6,0.7200,0.6000,0.6000,1.1000,0.00000000,0.09271335,0.12784680,0.00780744,0.00000000,0.36109410,0.36792560,1.06267000,0.00000000,0.00048840,0.00561660,0.01379730,3.66729800,3.32024100,1.80024200,1.11098800,0.60695910,1.10146400,0.80036550,0.72097620,3.31043600,3.31043600,0.79999920,5.02098000,5.01562000,0.00000000, 2, 255, 7, 24,0xf0000,No,No,No,No,Yes,Yes,Yes,Yes
2026-04-13 20:15:41,12.2,2400,910,,910,960,44,,200,,,648,,68.6,0.8600,0.6000,0.6000,1.1000,0.00000000,0.15712470,0.14541360,0.13175060,0.00000000,0.27618820,0.36694970,1.59847000,0.00000000,0.00000000,0.00555555,0.01391940,3.63481900,3.32580900,1.80024200,1.10805800,0.60586020,1.10329600,0.80329590,0.86146430,3.31043600,3.31226800,0.79999920,4.93924000,4.93120000,0.00000000, 2, 255, 7, 24,0xf0000,No,No,No,No,Yes,Yes,Yes,Yes
2026-04-13 20:15:43,10.5,2400,910,,910,960,44,,200,,,648,,68.6,0.8600,0.6000,0.6000,1.1000,0.00000000,0.09271335,0.14150990,0.03025383,0.01372560,0.27618820,0.47722980,2.72365000,0.00000000,0.00000000,0.00537240,0.01355310,3.65152200,3.32302500,1.80561500,1.10732500,0.59999940,1.10146400,0.80073180,0.86119580,3.31135200,3.31318300,0.79970620,4.97944000,4.94058000,0.00000000, 2, 255, 7, 24,0xf0000,No,No,No,No,Yes,Yes,Yes,Yes
2026-04-13 20:15:45,11.8,2400,910,,910,960,44,,200,,,648,,68.6,0.8600,0.6000,0.6000,1.1000,0.00000000,0.09173742,0.13467840,0.00683151,0.00000000,0.36402190,0.37768490,1.59847000,0.00000000,0.00024420,0.00518925,0.01306470,3.63574700,3.31096100,1.80659200,1.10879000,0.59999940,1.10073200,0.80219700,0.86119580,3.31318300,3.31318300,0.79999920,4.94192000,4.88430000,0.00000000, 2, 255, 7, 24,0xf0000,No,No,No,No,Yes,Yes,Yes,Yes
2026-04-13 20:15:47,10.1,2400,910,,910,960,44,,200,,,648,,69.2,0.8600,0.6000,0.6000,1.1000,0.00000000,0.08490592,0.13467840,0.01366302,0.00000000,0.36207000,0.49577240,1.59847000,0.00000000,0.00006105,0.00512820,0.01379730,3.63110700,3.32580900,1.79926600,1.11355200,0.60219720,1.10366200,0.80146440,0.86119580,3.30952000,3.31043600,0.79941320,4.88832000,4.96738000,0.00000000, 2, 255, 7, 24,0xf0000,No,No,No,No,Yes,Yes,Yes,Yes
2026-04-13 20:15:49,10.7,2400,910,,910,960,44,,200,,,648,,68.6,0.8600,0.6000,0.6000,1.1000,0.00000000,0.09173742,0.13370240,0.00683151,0.00000000,0.36011820,0.47722980,1.59847000,0.00000000,0.00000000,0.00543345,0.01367520,3.64317100,3.31745700,1.80659200,1.10732500,0.59926680,1.10329600,0.80366220,0.86173300,3.30952000,3.31226800,0.79912020,4.95666000,4.97408000,0.00000000, 2, 255, 7, 24,0xf0000,No,No,No,No,Yes,Yes,Yes,Yes
2026-04-13 20:15:52,11.5,2400,910,,910,960,44,,200,,,648,,68.6,0.8600,0.6000,0.6000,1.1000,0.00000000,0.09173742,0.13467840,0.00487965,0.00000000,0.36402190,0.49284470,1.58061000,0.00000000,0.00006105,0.00494505,0.01330890,3.62461200,3.29518600,1.82124300,1.10695900,0.60586020,1.10366200,0.80036550,0.86200170,3.30952000,3.31226800,0.79970620,4.95532000,4.97408000,0.00000000, 2, 255, 7, 24,0xf0000,No,No,No,No,Yes,Yes,Yes,Yes
2026-04-13 20:15:54,11.6,2400,910,,910,960,44,,200,,,648,,69.2,0.8600,0.6000,0.6000,1.1000,0.00000000,0.08978556,0.13663020,0.00878337,0.00000000,0.36304600,0.49967620,2.42896000,0.00000000,0.00000000,0.00592185,0.01318680,3.62461200,3.31931300,1.82124300,1.10879000,0.60402870,1.10476100,0.80146440,0.86173300,3.31043600,3.31501500,0.79999920,4.95264000,4.98614000,0.00000000, 2, 255, 7, 24,0xf0000,No,No,No,No,Yes,Yes,Yes,Yes
2026-04-13 20:15:56,10.3,2400,910,,910,960,44,,200,,,648,,68.6,0.8600,0.6000,0.6000,1.1000,0.00000000,0.09368929,0.13370240,0.00975930,0.00000000,0.36499780,0.49382060,1.58954000,0.00000000,0.00000000,0.00543345,0.01318680,3.63667500,3.31188900,1.80561500,1.11098800,0.60329610,1.10769100,0.80036550,0.86173300,3.31043600,3.30952000,0.79970620,4.98346000,4.94996000,0.00000000, 2, 255, 7, 24,0xf0000,No,No,No,No,Yes,Yes,Yes,Yes
2026-04-13 20:15:58,10.6,2400,910,,910,960,44,,200,,,648,,68.6,0.8600,0.6000,0.6000,1.1000,0.00000000,0.08880963,0.13565430,0.02244639,0.00000000,0.36207000,0.50455580,2.63435000,0.00000000,0.00000000,0.00494505,0.01367520,3.62275600,3.31560100,1.80659200,1.10732500,0.60512760,1.10146400,0.79963290,0.86173300,3.31043600,3.31135200,0.79970620,4.90708000,4.89502000,0.00000000, 2, 255, 7, 24,0xf0000,No,No,No,No,Yes,Yes,Yes,Yes
2026-04-13 20:16:00,10.7,2400,910,,910,960,44,,200,,,648,,69.2,0.8600,0.6000,0.6000,1.1000,0.00000000,0.06831510,0.13077460,0.00683151,0.00000000,0.36207000,0.49967620,1.64312000,0.00000000,0.00024420,0.00470085,0.01379730,3.62832400,3.31560100,1.80659200,1.10988900,0.59999940,1.10329600,0.80073180,0.86146430,3.31135200,3.31226800,0.79912020,4.90708000,4.90976000,0.00000000, 2, 255, 7, 24,0xf0000,No,No,No,No,Yes,Yes,Yes,Yes
2026-04-13 20:16:02,10.7,2400,910,,910,960,43,,200,,,648,,67.0,0.8600,0.6000,0.6000,1.1000,0.00000000,0.06733918,0.13663020,0.01951860,0.00000000,0.36499780,0.49772430,2.67007000,0.00000000,0.00006105,0.00592185,0.01367520,3.61162000,3.31188900,1.82124300,1.10988900,0.60512760,1.10219700,0.79963290,0.86119580,3.30952000,3.31135200,0.79912020,4.94192000,4.91512000,0.00000000, 2, 255, 7, 24,0xf0000,No,No,No,No,Yes,Yes,Yes,Yes
2026-04-13 20:16:04,11.3,2400,910,,910,960,44,,200,,,648,,68.6,0.8600,0.6000,0.6000,1.1000,0.00000000,0.16688400,0.13565430,0.00780744,0.00000000,0.36499780,0.50162800,1.59847000,0.00000000,0.00000000,0.00604395,0.01343100,3.62925200,3.29518600,1.82124300,1.10695900,0.60439500,1.10439400,0.80109810,0.86173300,3.30860500,3.31043600,0.79970620,4.97408000,4.94996000,0.00000000, 2, 255, 7, 24,0xf0000,No,No,No,No,Yes,Yes,Yes,Yes
2026-04-13 20:16:06,10.8,2400,910,,910,960,44,,200,,,648,,68.6,0.8600,0.6000,0.6000,1.1000,0.00000000,0.08978556,0.13467840,0.00780744,0.00000000,0.34059960,0.49089280,1.60740000,0.00000000,0.00000000,0.00537240,0.01379730,3.64409900,3.31560100,1.80024200,1.10805800,0.60329610,1.10146400,0.79963290,0.86119580,3.30952000,3.31318300,0.79941320,4.96336000,4.96470000,0.00000000, 2, 255, 7, 24,0xf0000,No,No,No,No,Yes,Yes,Yes,Yes
2026-04-13 20:16:09,15.8,1600,545,,545,551,43,,200,,,648,,69.2,0.8600,0.6000,0.6000,1.1000,0.00000000,0.12003940,0.13272650,0.00878337,0.00000000,0.27814010,0.52212260,1.61633000,0.00000000,0.00012210,0.00525030,0.01330890,3.62182800,3.29518600,1.81733600,1.10769100,0.60659280,1.10219700,0.80146440,0.86119580,3.31043600,3.31226800,0.79999920,4.97542000,4.95398000,0.00000000, 2, 255, 7, 24,0xf0000,No,No,No,No,Yes,Yes,Yes,Yes
2026-04-13 20:16:11,13.8,2400,910,,910,960,44,,200,,,648,,69.2,0.8600,0.6000,0.6000,1.1000,0.00000000,0.09173742,0.14053390,0.08392998,0.00000000,0.36597380,0.51529100,2.49147000,0.00000000,0.00006105,0.00525030,0.01318680,3.64131500,3.30817700,1.81684800,1.11098800,0.60586020,1.10622600,0.79926660,0.86119580,3.31043600,3.31043600,0.79999920,4.97140000,4.97274000,0.00000000, 2, 255, 7, 24,0xf0000,No,No,No,No,Yes,Yes,Yes,Yes
2026-04-13 20:16:13,11.0,2400,910,,910,960,44,,200,,,648,,68.6,0.8600,0.6000,0.6000,1.1000,0.00000000,0.09466522,0.13467840,0.00683151,0.00000000,0.27814010,0.36499780,1.59847000,0.00000000,0.00000000,0.00518925,0.01306470,3.63574700,3.31281700,1.80561500,1.10805800,0.60439500,1.10329600,0.80109810,0.86146430,3.31135200,3.31043600,0.79970620,4.87626000,4.92718000,0.00000000, 2, 255, 7, 24,0xf0000,No,No,No,No,Yes,Yes,Yes,Yes
2026-04-13 20:16:15,10.5,2400,910,,910,960,44,,200,,,648,,69.2,0.8600,0.6000,0.6000,1.1000,0.00000000,0.08880963,0.13565430,0.00683151,0.00000000,0.36011820,0.49870020,1.61633000,0.00000000,0.00006105,0.00518925,0.01330890,3.63574700,3.31560100,1.79926600,1.10622600,0.59963310,1.10659200,0.80146440,0.86173300,3.31043600,3.31226800,0.80058540,4.98078000,4.98480000,0.00000000, 2, 255, 7, 24,0xf0000,No,No,No,No,Yes,Yes,Yes,Yes
2026-04-13 20:16:17,10.5,2400,910,,910,960,44,,200,,,648,,69.7,0.8600,0.6000,0.6000,1.1000,0.00000000,0.07221882,0.13370240,0.00683151,0.00000000,0.36304600,0.49772430,1.61633000,0.00000000,0.00006105,0.00549450,0.01367520,3.64409900,3.32024100,1.79926600,1.10586000,0.59926680,1.10219700,0.80146440,0.86119580,3.30860500,3.31318300,0.79999920,4.95264000,4.92986000,0.00000000, 2, 255, 7, 24,0xf0000,No,No,No,No,Yes,Yes,Yes,Yes
2026-04-13 20:16:19,12.5,2400,910,,910,960,44,,200,,,648,,68.6,0.8600,0.6000,0.6000,1.1000,0.00000000,0.09271335,0.13467840,0.00780744,0.00000000,0.35328660,0.49479650,1.62526000,0.00000000,0.00006105,0.00506715,0.01391940,3.63760300,3.32024100,1.79926600,1.10622600,0.60109830,1.10146400,0.79963290,0.86092710,3.31318300,3.31409900,0.79970620,4.94058000,4.97274000,0.00000000, 2, 255, 7, 24,0xf0000,No,No,No,No,Yes,Yes,Yes,Yes
2026-04-13 20:16:21,10.3,2400,910,,910,960,44,,200,,,648,,69.2,0.8600,0.6000,0.6000,1.1000,0.00000000,0.09368929,0.13467840,0.01073523,0.00000000,0.35523850,0.41281840,1.60740000,0.00000000,0.00000000,0.00537240,0.01355310,3.64038700,3.30168200,1.80024200,1.11025500,0.60439500,1.10146400,0.80292960,0.86200170,3.30952000,3.31043600,0.79941320,4.88698000,4.89770000,0.00000000, 2, 255, 7, 24,0xf0000,No,No,No,No,Yes,Yes,Yes,Yes
2026-04-13 20:16:24,10.7,2400,910,,910,960,44,,200,,,648,,69.7,0.8600,0.6000,0.6000,1.1000,0.00000000,0.09271335,0.14150990,0.00878337,0.00000000,0.36207000,0.49967620,1.72349000,0.00000000,0.00006105,0.00525030,0.01379730,3.63203500,3.30724900,1.80317300,1.10732500,0.60476130,1.10256300,0.79963290,0.86146430,3.30952000,3.31135200,0.79912020,4.97140000,4.97140000,0.00000000, 2, 255, 7, 24,0xf0000,No,No,No,No,Yes,Yes,Yes,Yes
2026-04-13 20:16:26,10.7,2400,910,,910,960,44,,200,,,648,,69.2,0.8600,0.6000,0.6000,1.1000,0.00000000,0.07612254,0.13370240,0.00683151,0.00000000,0.36304600,0.49577240,1.62526000,0.00000000,0.00024420,0.00555555,0.01330890,3.64502700,3.31931300,1.80659200,1.10805800,0.60439500,1.10219700,0.80146440,0.86119580,3.30860500,3.31501500,0.79941320,4.90976000,4.98480000,0.00000000, 2, 255, 7, 24,0xf0000,No,No,No,No,Yes,Yes,Yes,Yes
2026-04-13 20:16:28,10.3,2400,910,,910,960,44,,200,,,648,,69.7,0.8600,0.6000,0.6000,1.1000,0.00000000,0.06831510,0.13370240,0.00878337,0.00000000,0.36011820,0.49870020,1.61633000,0.00000000,0.00024420,0.00506715,0.01330890,3.63574700,3.31745700,1.80659200,1.11062200,0.60183090,1.10292900,0.80036550,0.86092710,3.30860500,3.31135200,0.79970620,4.94192000,4.97274000,0.00000000, 2, 255, 7, 24,0xf0000,No,No,No,No,Yes,Yes,Yes,Yes
2026-04-13 20:16:30,11.5,2400,910,,910,960,44,,200,,,648,,69.7,0.8600,0.6000,0.6000,1.1000,0.00000000,0.08685777,0.13467840,0.00878337,0.00000000,0.36499780,0.49479650,1.60740000,0.00000000,0.00048840,0.00555555,0.01367520,3.64688300,3.32580900,1.79535800,1.10805800,0.60805800,1.10476100,0.79963290,0.86146430,3.31135200,3.31043600,0.79912020,4.97944000,4.94996000,0.00000000, 2, 255, 7, 24,0xf0000,No,No,No,No,Yes,Yes,Yes,Yes
2026-04-13 20:16:32,10.3,2400,910,,910,960,44,,200,,,648,,69.7,0.8600,0.6000,0.6000,1.1000,0.00000000,0.09564114,0.13565430,0.01854267,0.00000000,0.35523850,0.49577240,2.71472000,0.00000000,0.00006105,0.00543345,0.01330890,3.61069200,3.31003300,1.82124300,1.10586000,0.60073200,1.10146400,0.79999920,0.86227020,3.30952000,3.31135200,0.79970620,4.94996000,4.94594000,0.00000000, 2, 255, 7, 24,0xf0000,No,No,No,No,Yes,Yes,Yes,Yes
2026-04-13 20:16:34,12.5,2400,910,,910,960,44,,200,,,648,,69.2,0.8600,0.6000,0.6000,1.1000,0.00000000,0.08880963,0.13467840,0.00683151,0.00000000,0.36304600,0.49674840,1.60740000,0.00000000,0.00000000,0.00525030,0.01330890,3.63018000,3.31560100,1.79487000,1.11428500,0.60036570,1.10805800,0.79963290,0.86146430,3.30952000,3.31043600,0.79970620,4.96872000,4.94192000,0.00000000, 2, 255, 7, 24,0xf0000,No,No,No,No,Yes,Yes,Yes,Yes
2026-04-13 20:16:36,11.3,2400,910,,910,960,44,,200,,,648,,70.3,0.8600,0.6000,0.6000,1.1000,0.00000000,0.09173742,0.13467840,0.00585558,0.00000000,0.33962360,0.48991690,1.61633000,0.00000000,0.00000000,0.00482295,0.01343100,3.63667500,3.31560100,1.80659200,1.11208700,0.60695910,1.10146400,0.80146440,0.86092710,3.31043600,3.31135200,0.79970620,4.95264000,4.96738000,0.00000000, 2, 255, 7, 24,0xf0000,No,No,No,No,Yes,Yes,Yes,Yes
2026-04-13 20:16:38,11.0,2400,910,,910,960,44,,200,,,648,,69.2,0.8600,0.6000,0.6000,1.1000,0.00000000,0.09368929,0.13565430,0.01366302,0.00000000,0.36207000,0.49870020,1.60740000,0.00000000,0.00000000,0.00781440,0.01343100,3.64502700,3.30910500,1.80561500,1.11062200,0.60366240,1.10476100,0.80036550,0.86173300,3.31043600,3.31135200,0.79941320,4.97810000,4.93388000,0.00000000, 2, 255, 7, 24,0xf0000,No,No,No,No,Yes,Yes,Yes,Yes
2026-04-13 20:16:41,14.3,2400,910,,910,960,44,,200,,,648,,69.7,0.8600,0.6000,0.6000,1.1000,0.00000000,0.07905034,0.13175060,0.00780744,0.00000000,0.36011820,0.49479650,1.62526000,0.00000000,0.00000000,0.00586080,0.01306470,3.64502700,3.31096100,1.80610300,1.10879000,0.59926680,1.10476100,0.80329590,0.86173300,3.31043600,3.31043600,0.79970620,4.98748000,4.96202000,0.00000000, 2, 255, 7, 24,0xf0000,No,No,No,No,Yes,Yes,Yes,Yes
2026-04-13 20:16:43,14.3,2400,910,,910,960,44,,200,,,648,,69.7,0.8600,0.6000,0.6000,1.1000,0.00000000,0.09271335,0.13272650,0.00878337,0.00000000,0.36304600,0.47722980,1.59847000,0.00000000,0.00006105,0.00586080,0.01367520,3.64317100,3.32580900,1.82124300,1.10695900,0.60476130,1.10073200,0.80292960,0.86146430,3.31043600,3.31043600,0.79999920,4.93656000,4.89636000,0.00000000, 2, 255, 7, 24,0xf0000,No,No,No,No,Yes,Yes,Yes,Yes
2026-04-13 20:16:45,16.2,2400,910,,910,960,44,,200,,,648,,70.3,0.8600,0.6000,0.6000,1.1000,0.00000000,0.09368929,0.13663020,0.00683151,0.00294120,0.24593440,0.47722980,1.63419000,0.00000000,0.00000000,0.00494505,0.01367520,3.64409900,3.31374500,1.80561500,1.10439400,0.60476130,1.10219700,0.80036550,0.86119580,3.31043600,3.31135200,0.79970620,4.92450000,4.96604000,0.00000000, 2, 255, 7, 24,0xf0000,No,No,No,No,Yes,Yes,Yes,Yes
2026-04-13 20:16:47,10.4,1600,545,,545,551,44,,200,,,648,,69.7,0.7913,0.6000,0.6000,1.1000,0.00000000,0.09173742,0.12882280,0.01659081,0.00000000,0.27521230,0.49967620,1.33057000,0.00000000,0.00000000,0.00482295,0.01343100,3.63574700,3.32580900,1.80659200,1.10879000,0.60219720,1.10256300,0.79926660,0.79618970,3.31043600,3.31318300,0.79941320,4.97408000,4.97542000,0.00000000, 2, 255, 7, 24,0xf0000,No,No,No,No,Yes,Yes,Yes,Yes
2026-04-13 20:16:49,11.1,2400,910,,910,960,44,,200,,,648,,70.8,0.8600,0.6000,0.6000,1.1000,0.00000000,0.07612254,0.13565430,0.00683151,0.00000000,0.36694970,0.49870020,1.62526000,0.00000000,0.00024420,0.00506715,0.01343100,3.63389100,3.30817700,1.80659200,1.10805800,0.60366240,1.10256300,0.80146440,0.86173300,3.30952000,3.31409900,0.79912020,4.96336000,4.98212000,0.00000000, 2, 255, 7, 24,0xf0000,No,No,No,No,Yes,Yes,Yes,Yes
2026-04-13 20:16:51,17.1,2400,910,,910,960,44,,200,,,648,,70.8,0.8600,0.6000,0.6000,1.1000,0.00000000,0.09271335,0.13565430,0.00390372,0.00000000,0.35426260,0.49284470,1.62526000,0.00000000,0.00000000,0.00506715,0.01343100,3.63389100,3.32024100,1.80561500,1.11355200,0.60036570,1.10219700,0.79999920,0.86146430,3.30860500,3.31318300,0.79941320,4.87894000,4.93254000,0.00000000, 2, 255, 7, 24,0xf0000,No,No,No,No,Yes,Yes,Yes,Yes
2026-04-13 20:16:53,10.7,2400,910,,910,960,44,,200,,,648,,69.7,0.8600,0.6000,0.6000,1.1000,0.00000000,0.09564114,0.13565430,0.00683151,0.00000000,0.34059960,0.38354050,1.60740000,0.00000000,0.00000000,0.00586080,0.01306470,3.64317100,3.31188900,1.82124300,1.11062200,0.60622650,1.10256300,0.80109810,0.86146430,3.31043600,3.31226800,0.79970620,4.93522000,4.94996000,0.00000000, 2, 255, 7, 24,0xf0000,No,No,No,No,Yes,Yes,Yes,Yes
2026-04-13 20:16:55,12.3,2400,910,,910,960,44,,200,,,648,,69.2,0.8600,0.6000,0.6000,1.1000,0.00000000,0.09466522,0.13565430,0.01073523,0.00000000,0.36304600,0.41379430,1.60740000,0.00000000,0.00024420,0.00506715,0.01318680,3.63203500,3.31281700,1.80610300,1.10695900,0.59999940,1.10146400,0.80109810,0.86173300,3.30952000,3.31043600,0.79970620,4.95264000,4.94594000,0.00000000, 2, 255, 7, 24,0xf0000,No,No,No,No,Yes,Yes,Yes,Yes
2026-04-13 20:16:58,9.0,2400,910,,910,960,44,,200,,,648,,69.2,0.8600,0.6000,0.6000,1.1000,0.00000000,0.08490592,0.13467840,0.00780744,0.00000000,0.36304600,0.49967620,1.60740000,0.00000000,0.00024420,0.00506715,0.01330890,3.65245000,3.32116900,1.80659200,1.11355200,0.60109830,1.10439400,0.79963290,0.86146430,3.31135200,3.31318300,0.79912020,4.99284000,5.00624000,0.00000000, 2, 255, 7, 24,0xf0000,No,No,No,No,Yes,Yes,Yes,Yes
2026-04-13 20:17:00,0.2,1600,545,,545,551,43,,200,,,648,,69.2,0.7200,0.6000,0.6000,1.1000,0.00000000,0.09173742,0.12687090,0.01268709,0.00000000,0.36304600,0.49772430,1.06267000,0.00000000,0.00024420,0.00457875,0.01367520,3.64873800,3.31003300,1.79877700,1.10695900,0.59963310,1.10146400,0.80329590,0.72070740,3.30677300,3.31135200,0.79970620,4.95264000,4.99150000,0.00000000, 2, 255, 7, 24,0xf0000,No,No,No,No,Yes,Yes,Yes,Yes
2026-04-13 20:17:02,2.0,2400,910,,910,960,44,,200,,,648,,70.3,0.8600,0.6000,0.6000,1.1000,0.00000000,0.09466522,0.14931730,0.14834140,0.00784320,0.36011820,0.58653400,4.58109000,0.00000000,0.00000000,0.00592185,0.01330890,3.58934900,3.31560100,1.80610300,1.10769100,0.60366240,1.10292900,0.79963290,0.86119580,3.30952000,3.31135200,0.79970620,4.94996000,4.88966000,0.00000000, 2, 255, 7, 24,0xf0000,No,No,No,No,Yes,Yes,Yes,Yes
2026-04-13 20:17:04,2.0,2400,910,,910,960,44,,200,,,648,,69.2,0.8600,0.6000,0.6000,1.1000,0.00000000,0.09271335,0.13565430,0.01073523,0.00000000,0.36597380,0.49967620,1.60740000,0.00000000,0.00006105,0.00537240,0.01355310,3.64873800,3.31560100,1.80659200,1.10439400,0.60476130,1.10219700,0.80146440,0.86119580,3.31043600,3.31135200,0.79912020,4.97006000,4.95666000,0.00000000, 2, 255, 7, 24,0xf0000,No,No,No,No,Yes,Yes,Yes,Yes
2026-04-13 20:17:06,1.5,1500,500,,500,500,44,,200,,,648,,68.6,0.7200,0.6000,0.6000,1.1000,0.00000000,0.09564114,0.12882280,0.01073523,0.00000000,0.37280530,0.49967620,1.08053000,0.00000000,0.00024420,0.00543345,0.01367520,3.64595500,3.32024100,1.79877700,1.10915600,0.60183090,1.10146400,0.80109810,0.72124470,3.31043600,3.30952000,0.79941320,5.02634000,5.01562000,0.00000000, 2, 255, 7, 24,0xf0000,No,No,No,No,Yes,Yes,Yes,Yes
2026-04-13 20:17:08,3.0,2400,910,,910,960,44,,200,,,648,,69.7,0.8600,0.6000,0.6000,1.1000,0.00000000,0.08783370,0.13467840,0.01366302,0.00000000,0.36207000,0.49967620,1.61633000,0.00000000,0.00000000,0.00506715,0.01330890,3.64224300,3.30910500,1.80024200,1.10695900,0.60292980,1.10219700,0.80292960,0.86146430,3.30860500,3.31043600,0.79941320,4.97140000,4.94996000,0.00000000, 2, 255, 7, 24,0xf0000,No,No,No,No,Yes,Yes,Yes,Yes
2026-04-13 20:17:10,4.8,2400,910,,910,960,44,,200,,,648,,69.7,0.8600,0.6000,0.6000,1.1000,0.00000000,0.16883590,0.13760610,0.01073523,0.00000000,0.36304600,0.49479650,1.62526000,0.00000000,0.00000000,0.00482295,0.01355310,3.64038700,3.30817700,1.80024200,1.10732500,0.60183090,1.10219700,0.79999920,0.86092710,3.30952000,3.30952000,0.79882700,4.96336000,4.92450000,0.00000000, 2, 255, 7, 24,0xf0000,No,No,No,No,Yes,Yes,Yes,Yes
2026-04-13 20:17:13,22.7,2400,910,,910,960,43,,200,,,648,,70.8,0.8600,0.6000,0.6000,1.1000,0.00000000,0.13175060,0.16688400,0.00683151,0.00000000,0.36499780,0.50065210,2.68793000,0.00000000,0.00000000,0.00518925,0.01367520,3.60605200,3.31188900,1.80561500,1.11062200,0.60329610,1.10073200,0.80036550,0.86173300,3.30860500,3.31043600,0.79853400,4.93120000,4.93388000,0.00000000, 2, 255, 7, 24,0xf0000,No,No,No,No,Yes,Yes,Yes,Yes
2026-04-13 20:17:15,31.9,2400,910,,910,960,44,,200,,,648,,70.3,0.8600,0.6000,0.6000,1.1000,0.00000000,0.09564114,0.13370240,0.00683151,0.00000000,0.36402190,0.49479650,1.63419000,0.00000000,0.00000000,0.00549450,0.01367520,3.63018000,3.31003300,1.80659200,1.11428500,0.60439500,1.10329600,0.80329590,0.86173300,3.31043600,3.31226800,0.79941320,4.93120000,4.91914000,0.00000000, 2, 255, 7, 24,0xf0000,No,No,No,No,Yes,Yes,Yes,Yes
2026-04-13 20:17:17,24.7,2400,910,,910,960,44,,200,,,648,,70.8,0.8600,0.6000,0.6000,1.1000,0.00000000,0.09564114,0.13370240,0.01073523,0.00000000,0.36207000,0.49772430,2.73258000,0.00000000,0.00024420,0.00512820,0.01330890,3.62275600,3.31931300,1.79877700,1.10915600,0.60439500,1.10146400,0.80036550,0.86146430,3.30952000,3.31409900,0.79970620,4.91244000,4.93522000,0.00000000, 2, 255, 7, 24,0xf0000,No,No,No,No,Yes,Yes,Yes,Yes
2026-04-13 20:17:19,22.4,2400,910,,910,960,44,,200,,,648,,71.9,0.8600,0.6000,0.6000,1.1000,0.00000000,0.16493220,0.13370240,0.01073523,0.00000000,0.36304600,0.50065210,1.67884000,0.00000000,0.00000000,0.00482295,0.01330890,3.63110700,3.30910500,1.79828900,1.10695900,0.60292980,1.10256300,0.80292960,0.86146430,3.31043600,3.31043600,0.79970620,4.91914000,4.93924000,0.00000000, 2, 255, 7, 24,0xf0000,No,No,No,No,Yes,Yes,Yes,Yes
2026-04-13 20:17:21,7.8,2400,910,,910,960,44,,200,,,648,,71.4,0.8600,0.6000,0.6000,1.1000,0.00000000,0.09466522,0.14736540,0.16493220,0.01617660,0.36109410,0.58653400,4.41142000,0.00000000,0.00000000,0.00549450,0.01330890,3.57450200,3.31188900,1.80561500,1.10146400,0.60256350,1.10256300,0.80109810,0.86280750,3.30952000,3.31043600,0.79970620,4.82802000,4.82668000,0.00000000, 2, 255, 7, 24,0xf0000,No,No,No,No,Yes,Yes,Yes,Yes
2026-04-13 20:17:23,0.5,1500,500,,500,500,44,,200,,,648,,69.7,0.7200,0.6000,0.6000,1.1000,0.00000000,0.10052080,0.12882280,0.01268709,0.00000000,0.36597380,0.49967620,1.08946000,0.00000000,0.00000000,0.00525030,0.01367520,3.65709000,3.31560100,1.80610300,1.11098800,0.59890050,1.10256300,0.80036550,0.72070740,3.31043600,3.31409900,0.79941320,4.96336000,4.95130000,0.00000000, 2, 255, 7, 24,0xf0000,No,No,No,No,Yes,Yes,Yes,Yes
2026-04-13 20:17:25,3.0,2400,910,,910,960,44,,200,,,648,,70.3,0.8600,0.6000,0.6000,1.1000,0.06148359,0.08783370,0.13272650,0.00975930,0.00000000,0.36304600,0.50065210,1.63419000,0.00000000,0.00006105,0.00525030,0.01391940,3.62182800,3.32024100,1.81684800,1.10732500,0.60256350,1.10329600,0.79890030,0.86173300,3.30952000,3.31043600,0.79970620,4.95934000,4.97274000,0.00000000, 2, 255, 7, 24,0xf0000,No,No,No,No,Yes,Yes,Yes,Yes
2026-04-13 20:17:28,1.8,2400,910,,910,960,44,,200,,,648,,70.3,0.8600,0.6000,0.6000,1.1000,0.06733918,0.09368929,0.13467840,0.01073523,0.00000000,0.37280530,0.49284470,1.64312000,0.00000000,0.00000000,0.00543345,0.01306470,3.62646800,3.32024100,1.80659200,1.11062200,0.60073200,1.10146400,0.79963290,0.86119580,3.31043600,3.31318300,0.79882700,4.95398000,4.90842000,0.00000000, 2, 255, 7, 24,0xf0000,No,No,No,No,Yes,Yes,Yes,Yes
2026-04-13 20:17:30,3.8,2400,910,,910,960,44,,200,,,648,,70.8,0.8600,0.6000,0.6000,1.1000,0.05855580,0.09271335,0.13272650,0.00975930,0.00000000,0.37475720,0.49870020,1.65205000,0.00000000,0.00000000,0.00525030,0.01330890,3.62461200,3.32024100,1.79682400,1.10732500,0.60036570,1.10146400,0.80036550,0.86200170,3.31043600,3.31226800,0.79941320,4.95264000,4.94192000,0.00000000, 2, 255, 7, 24,0xf0000,No,No,No,No,Yes,Yes,Yes,Yes
2026-04-13 20:17:32,12.0,2400,910,,910,960,44,,200,,,648,,70.8,0.8600,0.6000,0.6000,1.1000,0.00000000,0.09271335,0.13370240,0.00780744,0.00000000,0.36499780,0.49967620,1.65205000,0.00000000,0.00000000,0.00543345,0.01343100,3.62275600,3.29518600,1.80659200,1.10732500,0.60183090,1.10146400,0.79999920,0.86173300,3.31043600,3.31043600,0.79941320,4.93522000,4.94996000,0.00000000, 2, 255, 7, 24,0xf0000,No,No,No,No,Yes,Yes,Yes,Yes
2026-04-13 20:17:34,25.6,1600,545,,545,551,43,,200,,,648,,70.3,0.7200,0.6000,0.6000,1.1000,0.00000000,0.10149670,0.12979870,0.00878337,0.00000000,0.36402190,0.49967620,1.11625000,0.00000000,0.00048840,0.00525030,0.01355310,3.65152200,3.31560100,1.80024200,1.10695900,0.60146460,1.10329600,0.80036550,0.72070740,3.30677300,3.31043600,0.79941320,4.98748000,4.94594000,0.00000000, 2, 255, 7, 24,0xf0000,No,No,No,No,Yes,Yes,Yes,Yes
2026-04-13 20:17:36,31.7,2400,910,,910,960,43,,200,,,648,,70.8,0.8600,0.6000,0.6000,1.1000,0.00000000,0.09466522,0.13565430,0.00975930,0.00000000,0.36402190,0.49577240,1.66098000,0.00000000,0.00000000,0.00518925,0.01343100,3.61811600,3.31745700,1.80610300,1.10732500,0.60586020,1.10073200,0.80109810,0.86146430,3.31043600,3.31043600,0.79970620,4.91914000,4.93120000,0.00000000, 2, 255, 7, 24,0xf0000,No,No,No,No,Yes,Yes,Yes,Yes
2026-04-13 20:17:38,24.3,2400,910,,910,960,44,,200,,,648,,71.4,0.8600,0.6000,0.6000,1.1000,0.00000000,0.09954486,0.13370240,0.00878337,0.00000000,0.36304600,0.50748360,1.65205000,0.00000000,0.00000000,0.00586080,0.01318680,3.63389100,3.31560100,1.80659200,1.10879000,0.60439500,1.10329600,0.80146440,0.86173300,3.31043600,3.31135200,0.79941320,4.87760000,4.89904000,0.00000000, 2, 255, 7, 24,0xf0000,No,No,No,No,Yes,Yes,Yes,Yes
2026-04-13 20:17:40,16.2,2400,910,,910,960,44,,200,,,648,,70.8,0.8600,0.6000,0.6000,1.1000,0.00000000,0.13077460,0.16883590,0.01463895,0.00000000,0.36304600,0.51041140,2.75937000,0.00000000,0.00012210,0.00537240,0.01330890,3.61904400,3.31188900,1.80561500,1.11208700,0.60036570,1.10146400,0.80292960,0.86146430,3.31043600,3.31226800,0.79941320,4.91378000,4.92048000,0.00000000, 2, 255, 7, 24,0xf0000,No,No,No,No,Yes,Yes,Yes,Yes
2026-04-13 20:17:42,0.0,2400,910,,910,960,44,,200,,,648,,71.9,0.8600,0.6000,0.6000,1.1000,0.00000000,0.09466522,0.14443760,0.15614880,0.00588240,0.36304600,0.58653400,4.75076000,0.00000000,0.00000000,0.00470085,0.01318680,3.57450200,3.31560100,1.80659200,1.10769100,0.60366240,1.10292900,0.80109810,0.85931540,3.31043600,3.31043600,0.79912020,4.81194000,4.95130000,0.00000000, 2, 255, 7, 24,0xf0000,No,No,No,No,Yes,Yes,Yes,Yes
2026-04-13 20:17:45,6.0,2400,910,,910,960,44,,200,,,648,,70.8,0.8600,0.6000,0.6000,1.1000,0.00000000,0.10832820,0.13370240,0.01073523,0.00000000,0.36402190,0.49870020,1.64312000,0.00000000,0.00000000,0.00482295,0.01367520,3.64502700,3.30910500,1.79682400,1.10695900,0.59999940,1.10109800,0.80036550,0.86146430,3.31043600,3.31226800,0.79970620,4.98346000,4.96336000,0.00000000, 2, 255, 7, 24,0xf0000,No,No,No,No,Yes,Yes,Yes,Yes
2026-04-13 20:17:47,6.7,2400,910,,910,960,43,,200,,,648,,70.8,0.8600,0.6000,0.6000,1.1000,0.00000000,0.09076149,0.13565430,0.00780744,0.00000000,0.36402190,0.49967620,1.64312000,0.00000000,0.00000000,0.00525030,0.01330890,3.63296300,3.31838500,1.79926600,1.10695900,0.60256350,1.10329600,0.79963290,0.86119580,3.30952000,3.31135200,0.79941320,4.98480000,4.98480000,0.00000000, 2, 255, 7, 24,0xf0000,No,No,No,No,Yes,Yes,Yes,Yes
2026-04-13 20:17:49,2.8,2400,910,,910,960,44,,200,,,648,,70.8,0.8600,0.6000,0.6000,1.1000,0.00000000,0.09466522,0.13467840,0.00878337,0.00000000,0.36402190,0.49577240,1.66098000,0.00000000,0.00006105,0.00586080,0.01343100,3.63667500,3.31467300,1.79926600,1.10439400,0.60256350,1.10329600,0.80146440,0.86119580,3.30860500,3.31135200,0.79941320,4.95934000,4.96336000,0.00000000, 2, 255, 7, 24,0xf0000,No,No,No,No,Yes,Yes,Yes,Yes
2026-04-13 20:17:51,3.0,1600,545,,545,551,44,,200,,,648,,72.5,0.8600,0.6000,0.6000,1.1000,0.00000000,0.12199130,0.13175060,0.00878337,0.00000000,0.36402190,0.53871340,2.46468000,0.00000000,0.00006105,0.00506715,0.01330890,3.62090000,3.30724900,1.81684800,1.10586000,0.60109830,1.10219700,0.80036550,0.86173300,3.31043600,3.31043600,0.79941320,4.89234000,4.96336000,0.00000000, 2, 255, 7, 24,0xf0000,No,No,No,No,Yes,Yes,Yes,Yes
2026-04-13 20:17:53,16.1,2400,910,,910,960,44,,200,,,648,,71.9,0.8600,0.6000,0.6000,1.1000,0.00000000,0.09368929,0.13467840,0.00585558,0.00000000,0.36109410,0.49577240,1.66991000,0.00000000,0.00024420,0.00506715,0.01330890,3.62090000,3.31374500,1.80659200,1.11098800,0.60439500,1.10219700,0.80292960,0.86146430,3.30952000,3.31409900,0.79970620,4.91914000,4.90842000,0.00000000, 2, 255, 7, 24,0xf0000,No,No,No,No,Yes,Yes,Yes,Yes
2026-04-13 20:17:55,25.5,2400,910,,910,960,44,,200,,,648,,71.4,0.8600,0.6000,0.6000,1.1000,0.00000000,0.09759300,0.13858210,0.00975930,0.00000000,0.36207000,0.49870020,2.79509000,0.00000000,0.00000000,0.00586080,0.01330890,3.63110700,3.30168200,1.80024200,1.10879000,0.60183090,1.10183000,0.80146440,0.86119580,3.30952000,3.31318300,0.79999920,4.92584000,4.92048000,0.00000000, 2, 255, 7, 24,0xf0000,No,No,No,No,Yes,Yes,Yes,Yes
2026-04-13 20:17:57,26.4,2400,910,,910,960,44,,200,,,648,,71.4,0.8600,0.6000,0.6000,1.1000,0.00000000,0.09661707,0.13663020,0.01073523,0.00000000,0.36402190,0.49967620,1.67884000,0.00000000,0.00006105,0.00500610,0.01306470,3.61162000,3.31838500,1.79682400,1.10879000,0.59963310,1.10219700,0.79926660,0.86119580,3.31043600,3.31226800,0.79941320,4.95264000,4.92316000,0.00000000, 2, 255, 7, 24,0xf0000,No,No,No,No,Yes,Yes,Yes,Yes
2026-04-13 20:18:00,24.0,2400,910,,910,960,44,,200,,,648,,72.5,0.8600,0.6000,0.6000,1.1000,0.00000000,0.11711160,0.13663020,0.00975930,0.00000000,0.36304600,0.49870020,1.70563000,0.00000000,0.00000000,0.00506715,0.01343100,3.62275600,3.31188900,1.80561500,1.11025500,0.60073200,1.10219700,0.80146440,0.86173300,3.31043600,3.31226800,0.79970620,4.96336000,4.95264000,0.00000000, 2, 255, 7, 24,0xf0000,No,No,No,No,Yes,Yes,Yes,Yes
2026-04-13 20:18:02,12.8,2400,910,,910,960,44,,200,,,648,,73.6,0.8600,0.6000,0.6000,1.1000,0.00000000,0.09661707,0.14443760,0.18054710,0.01274520,0.37280530,0.53188190,4.92043000,0.00000000,0.00012210,0.00561660,0.01330890,3.57450200,3.31374500,1.82124300,1.10512700,0.60036570,1.10146400,0.80036550,0.85931540,3.30952000,3.31226800,0.79941320,4.85482000,4.80256000,0.00000000, 2, 255, 7, 24,0xf0000,No,No,No,No,Yes,Yes,Yes,Yes
2026-04-13 20:18:04,1.0,2400,910,,910,960,43,,200,,,648,,73.0,0.8600,0.6000,0.6000,1.1000,0.00000000,0.09564114,0.14638950,0.15614880,0.01470600,0.36402190,0.57775060,4.11673000,0.00000000,0.00006105,0.00586080,0.01318680,3.57079000,3.31188900,1.82124300,1.10439400,0.60219720,1.10256300,0.79963290,0.86415060,3.30952000,3.31409900,0.79912020,4.76504000,4.80658000,0.00000000, 2, 255, 7, 24,0xf0000,No,No,No,No,Yes,Yes,Yes,Yes
2026-04-13 20:18:06,2.8,2400,910,,910,960,44,,200,,,648,,71.4,0.8600,0.6000,0.6000,1.1000,0.00000000,0.09368929,0.13370240,0.01171116,0.00000000,0.36402190,0.49870020,1.66991000,0.00000000,0.00012210,0.00506715,0.01330890,3.64502700,3.31652900,1.82124300,1.11355200,0.60292980,1.10329600,0.80036550,0.86092710,3.30860500,3.31135200,0.79970620,4.98346000,4.99016000,0.00000000, 2, 255, 7, 24,0xf0000,No,No,No,No,Yes,Yes,Yes,Yes
2026-04-13 20:18:08,1.8,2400,910,,910,960,44,,200,,,648,,71.4,0.8600,0.6000,0.6000,1.1000,0.00000000,0.09271335,0.13467840,0.00683151,0.00000000,0.36402190,0.49772430,1.66991000,0.00000000,0.00006105,0.00525030,0.01318680,3.62739600,3.31560100,1.80024200,1.10769100,0.60146460,1.10146400,0.79926660,0.86119580,3.31043600,3.31135200,0.79999920,4.95800000,4.97408000,0.00000000, 2, 255, 7, 24,0xf0000,No,No,No,No,Yes,Yes,Yes,Yes
2026-04-13 20:18:10,2.3,2400,910,,910,960,44,,200,,,648,,71.4,0.8600,0.6000,0.6000,1.1000,0.00000000,0.09271335,0.13467840,0.00683151,0.00000000,0.36402190,0.50162800,1.66991000,0.00000000,0.00018315,0.00512820,0.01343100,3.62925200,3.31838500,1.81733600,1.10732500,0.60329610,1.10329600,0.79999920,0.86092710,3.31043600,3.31226800,0.79970620,4.94594000,4.96202000,0.00000000, 2, 255, 7, 24,0xf0000,No,No,No,No,Yes,Yes,Yes,Yes
2026-04-13 20:18:12,6.3,1800,636,,636,602,43,,200,,,648,,71.4,0.7638,0.6000,0.6000,1.1000,0.00000000,0.11028010,0.13370240,0.01073523,0.00000000,0.36597380,0.49772430,1.25913000,0.00000000,0.00012210,0.00482295,0.01330890,3.63945900,3.31560100,1.82124300,1.11025500,0.60622650,1.10146400,0.80073180,0.76583570,3.30952000,3.31043600,0.79941320,4.97676000,4.96068000,0.00000000, 2, 255, 7, 24,0xf0000,No,No,No,No,Yes,Yes,Yes,Yes
2026-04-13 20:18:14,21.0,2400,910,,910,960,44,,200,,,648,,71.9,0.8600,0.6000,0.6000,1.1000,0.00000000,0.11223200,0.13663020,0.02244639,0.00000000,0.36402190,0.50455580,2.69686000,0.00000000,0.00006105,0.00610500,0.01318680,3.59862900,3.31931300,1.81684800,1.10732500,0.60549390,1.10256300,0.80036550,0.86200170,3.31043600,3.31226800,0.79970620,4.89234000,4.91378000,0.00000000, 2, 255, 7, 24,0xf0000,No,No,No,No,Yes,Yes,Yes,Yes
2026-04-13 20:18:17,30.7,2400,910,,910,960,43,,200,,,648,,70.8,0.8600,0.6000,0.6000,1.1000,0.00000000,0.09661707,0.13663020,0.01073523,0.00000000,0.36499780,0.49772430,1.67884000,0.00000000,0.00006105,0.00494505,0.01306470,3.61162000,3.31652900,1.82124300,1.10842400,0.59999940,1.10329600,0.80036550,0.86200170,3.31043600,3.31318300,0.79999920,4.93120000,4.96336000,0.00000000, 2, 255, 7, 24,0xf0000,No,No,No,No,Yes,Yes,Yes,Yes
2026-04-13 20:18:19,27.8,1900,682,,682,704,43,,200,,,648,,71.4,0.7500,0.6000,0.6000,1.1000,0.00000000,0.09564114,0.12979870,0.00780744,0.00000000,0.37280530,0.49674840,1.22341000,0.00000000,0.00024420,0.00518925,0.01318680,3.63760300,3.32580900,1.80610300,1.11062200,0.60439500,1.10292900,0.80109810,0.75616540,3.31043600,3.31226800,0.79912020,4.94728000,4.95398000,0.00000000, 2, 255, 7, 24,0xf0000,No,No,No,No,Yes,Yes,Yes,Yes
2026-04-13 20:18:21,23.7,2400,910,,910,960,44,,200,,,648,,71.9,0.8600,0.6000,0.6000,1.1000,0.00000000,0.12296720,0.13663020,0.00683151,0.00000000,0.36597380,0.49772430,1.70563000,0.00000000,0.00000000,0.00512820,0.01367520,3.63853100,3.31652900,1.80024200,1.10622600,0.60292980,1.10219700,0.79999920,0.86092710,3.30952000,3.31135200,0.79970620,4.96872000,4.93522000,0.00000000, 2, 255, 7, 24,0xf0000,No,No,No,No,Yes,Yes,Yes,Yes
2026-04-13 20:18:23,9.7,2400,910,,910,960,44,,200,,,648,,74.1,0.8600,0.6000,0.6000,1.1000,0.00000000,0.09564114,0.14248580,0.08588185,0.00588240,0.36402190,0.58750990,4.68825000,0.00000000,0.00000000,0.00525030,0.01330890,3.57635800,3.32024100,1.80561500,1.10659200,0.60036570,1.10256300,0.80073180,0.86817980,3.31043600,3.31135200,0.79970620,4.80122000,4.82802000,0.00000000, 2, 255, 7, 24,0xf0000,No,No,No,No,Yes,Yes,Yes,Yes
2026-04-13 20:18:25,1.5,2400,910,,910,960,44,,200,,,648,,71.4,0.8600,0.6000,0.6000,1.1000,0.00000000,0.09856894,0.15322100,0.12101530,0.01960800,0.36402190,0.59043760,5.60804000,0.00000000,0.00000000,0.00525030,0.01330890,3.57821400,3.31003300,1.80024200,1.10769100,0.60219720,1.10146400,0.80146440,0.86227020,3.30952000,3.31318300,0.79941320,4.82534000,4.84142000,0.00000000, 2, 255, 7, 24,0xf0000,No,No,No,No,Yes,Yes,Yes,Yes
2026-04-13 20:18:27,2.5,2400,910,,910,960,44,,200,,,648,,71.9,0.8600,0.6000,0.6000,1.1000,0.00000000,0.12589500,0.16395620,0.01756674,0.00000000,0.36304600,0.49967620,1.66098000,0.00000000,0.00000000,0.00543345,0.01343100,3.62925200,3.31188900,1.79682400,1.10732500,0.60183090,1.10109800,0.79999920,0.86173300,3.31043600,3.30860500,0.79941320,4.98614000,4.99284000,0.00000000, 2, 255, 7, 24,0xf0000,No,No,No,No,Yes,Yes,Yes,Yes
2026-04-13 20:18:30,1.8,2400,910,,910,960,44,,200,,,648,,71.9,0.8600,0.6000,0.6000,1.1000,0.00000000,0.09466522,0.13370240,0.01756674,0.00000000,0.36402190,0.50162800,1.67884000,0.00000000,0.00024420,0.00549450,0.01343100,3.63018000,3.31560100,1.80659200,1.11355200,0.60183090,1.10329600,0.79999920,0.86119580,3.31043600,3.31226800,0.79941320,4.95666000,4.95666000,0.00000000, 2, 255, 7, 24,0xf0000,No,No,No,No,Yes,Yes,Yes,Yes
2026-04-13 20:18:32,3.3,1500,500,,500,500,44,,200,,,648,,70.8,0.7200,0.6000,0.6000,1.1000,0.00000000,0.09466522,0.12882280,0.01268709,0.00000000,0.36304600,0.49186870,1.13411000,0.00000000,0.00000000,0.00537240,0.01330890,3.64966700,3.31096100,1.79828900,1.11282000,0.60036570,1.10219700,0.80036550,0.72070740,3.30952000,3.31226800,0.79970620,5.01026000,4.97542000,0.00000000, 2, 255, 7, 24,0xf0000,No,No,No,No,Yes,Yes,Yes,Yes
2026-04-13 20:18:34,5.0,2400,910,,910,960,44,,200,,,648,,71.9,0.8600,0.6000,0.6000,1.1000,0.00000000,0.10052080,0.13467840,0.00878337,0.00000000,0.36597380,0.49577240,1.67884000,0.00000000,0.00000000,0.00500610,0.01330890,3.62832400,3.31560100,1.80561500,1.10879000,0.60073200,1.10366200,0.79963290,0.86119580,3.31135200,3.31226800,0.79912020,4.94192000,4.92986000,0.00000000, 2, 255, 7, 24,0xf0000,No,No,No,No,Yes,Yes,Yes,Yes
2026-04-13 20:18:36,18.7,2400,910,,910,960,44,,200,,,648,,72.5,0.8600,0.6000,0.6000,1.1000,0.00000000,0.11028010,0.13565430,0.00780744,0.00000000,0.36304600,0.49967620,1.67884000,0.00000000,0.00000000,0.00555555,0.01330890,3.62182800,3.32766400,1.80610300,1.10769100,0.60219720,1.10146400,0.79963290,0.86146430,3.31135200,3.31226800,0.79912020,4.94058000,4.95130000,0.00000000, 2, 255, 7, 24,0xf0000,No,No,No,No,Yes,Yes,Yes,Yes
2026-04-13 20:18:38,29.7,2400,910,,910,960,44,,200,,,648,,71.9,0.8600,0.6000,0.6000,1.1000,0.00000000,0.09466522,0.13467840,0.00975930,0.00000000,0.36402190,0.49870020,1.69670000,0.00000000,0.00006105,0.00470085,0.01318680,3.61440400,3.31003300,1.81684800,1.10695900,0.60476130,1.10073200,0.79999920,0.86200170,3.31043600,3.31135200,0.80058540,4.93522000,4.92584000,0.00000000, 2, 255, 7, 24,0xf0000,No,No,No,No,Yes,Yes,Yes,Yes
2026-04-13 20:18:40,24.8,2400,910,,910,960,44,,200,,,648,,73.0,0.8600,0.6000,0.6000,1.1000,0.00000000,0.09466522,0.13663020,0.01268709,0.00000000,0.36499780,0.49674840,1.70563000,0.00000000,0.00006105,0.00494505,0.01330890,3.62832400,3.31003300,1.82124300,1.10659200,0.60183090,1.10146400,0.80036550,0.86173300,3.31135200,3.31043600,0.79970620,4.96202000,4.94058000,0.00000000, 2, 255, 7, 24,0xf0000,No,No,No,No,Yes,Yes,Yes,Yes
2026-04-13 20:18:42,21.8,2400,910,,910,960,43,,200,,,648,,73.6,0.8600,0.6000,0.6000,1.1000,0.00000000,0.09173742,0.13760610,0.01659081,0.00000000,0.36499780,0.49772430,1.69670000,0.00000000,0.00006105,0.00482295,0.01318680,3.58934900,3.31003300,1.82124300,1.10842400,0.60366240,1.10146400,0.80183080,0.86173300,3.31043600,3.31043600,0.79941320,4.86018000,4.91914000,0.00000000, 2, 255, 7, 24,0xf0000,No,No,No,No,Yes,Yes,Yes,Yes
2026-04-13 20:18:44,5.2,2400,910,,910,960,44,,200,,,648,,73.0,0.8600,0.6000,0.6000,1.1000,0.00000000,0.09368929,0.15322100,0.16688400,0.01225500,0.36304600,0.54261710,4.42928000,0.00000000,0.00048840,0.00433455,0.01330890,3.58842100,3.31003300,1.80317300,1.10586000,0.60109830,1.10219700,0.80036550,0.85904670,3.30952000,3.31226800,0.79941320,4.86688000,4.81194000,0.00000000, 2, 255, 7, 24,0xf0000,No,No,No,No,Yes,Yes,Yes,Yes
2026-04-13 20:18:47,2.2,2400,910,,910,960,44,,200,,,648,,71.9,0.8600,0.6000,0.6000,1.1000,0.00000000,0.09271335,0.13370240,0.01463895,0.00000000,0.36304600,0.49577240,1.68777000,0.00000000,0.00000000,0.00537240,0.01343100,3.61347600,3.31188900,1.82124300,1.10732500,0.60292980,1.10183000,0.80219700,0.86119580,3.31043600,3.31043600,0.79941320,4.97006000,4.92986000,0.00000000, 2, 255, 7, 24,0xf0000,No,No,No,No,Yes,Yes,Yes,Yes
2026-04-13 20:18:49,6.8,2400,910,,910,960,44,,200,,,648,,71.9,0.8600,0.6000,0.6000,1.1000,0.00000000,0.09564114,0.13663020,0.01268709,0.00000000,0.36304600,0.49870020,1.68777000,0.00000000,0.00000000,0.00482295,0.01318680,3.62925200,3.31745700,1.82124300,1.11062200,0.60292980,1.10146400,0.79963290,0.86173300,3.30860500,3.31226800,0.80058540,4.96202000,4.94594000,0.00000000, 2, 255, 7, 24,0xf0000,No,No,No,No,Yes,Yes,Yes,Yes
2026-04-13 20:18:51,2.8,2400,910,,910,960,44,,200,,,648,,72.5,0.8600,0.6000,0.6000,1.1000,0.00000000,0.09271335,0.13272650,0.01171116,0.00000000,0.36402190,0.49772430,1.67884000,0.00000000,0.00000000,0.00482295,0.01343100,3.64317100,3.31560100,1.82124300,1.10769100,0.60549390,1.10219700,0.80146440,0.86092710,3.31043600,3.31226800,0.79999920,4.97542000,4.95532000,0.00000000, 2, 255, 7, 24,0xf0000,No,No,No,No,Yes,Yes,Yes,Yes
2026-04-13 20:18:53,3.5,2400,910,,910,960,44,,200,,,648,,71.9,0.8600,0.6000,0.6000,1.1000,0.00000000,0.10832820,0.13565430,0.01268709,0.00000000,0.36499780,0.49870020,1.69670000,0.00000000,0.00000000,0.00500610,0.01343100,3.62832400,3.32024100,1.82124300,1.11355200,0.60402870,1.10476100,0.80146440,0.86119580,3.30952000,3.31318300,0.79941320,4.94862000,4.92182000,0.00000000, 2, 255, 7, 24,0xf0000,No,No,No,No,Yes,Yes,Yes,Yes
2026-04-13 20:18:55,11.8,2400,910,,910,960,44,,200,,,648,,72.5,0.8600,0.6000,0.6000,1.1000,0.00000000,0.10052080,0.14834140,0.09173742,0.00000000,0.36499780,0.52407440,1.74135000,0.00000000,0.00000000,0.00543345,0.01330890,3.63481900,3.31188900,1.82124300,1.11208700,0.60476130,1.10256300,0.80036550,0.86200170,3.30952000,3.31226800,0.79941320,4.97542000,4.96068000,0.00000000, 2, 255, 7, 24,0xf0000,No,No,No,No,Yes,Yes,Yes,Yes
2026-04-13 20:18:57,25.9,2400,910,,910,960,43,,200,,,648,,72.5,0.8600,0.6000,0.6000,1.1000,0.00000000,0.09368929,0.13565430,0.01659081,0.00000000,0.36499780,0.49772430,1.67884000,0.00000000,0.00000000,0.00506715,0.01367520,3.62090000,3.31745700,1.82124300,1.10805800,0.60256350,1.10476100,0.79999920,0.86200170,3.31043600,3.31135200,0.79941320,4.92450000,4.92852000,0.00000000, 2, 255, 7, 24,0xf0000,No,No,No,No,Yes,Yes,Yes,Yes
2026-04-13 20:18:59,26.4,2400,910,,910,960,44,,200,,,648,,72.5,0.8600,0.6000,0.6000,1.1000,0.00000000,0.09271335,0.13565430,0.01756674,0.00000000,0.36402190,0.49577240,1.68777000,0.00000000,0.00012210,0.00610500,0.01318680,3.61904400,3.31560100,1.82124300,1.10439400,0.60439500,1.10146400,0.80036550,0.86173300,3.30952000,3.31043600,0.79999920,4.94058000,4.92852000,0.00000000, 2, 255, 7, 24,0xf0000,No,No,No,No,Yes,Yes,Yes,Yes
2026-04-13 20:19:02,23.9,2400,910,,910,960,44,,200,,,648,,74.1,0.8600,0.6000,0.6000,1.1000,0.00000000,0.09368929,0.13955800,0.03513348,0.00000000,0.36694970,0.49479650,1.69670000,0.00000000,0.00000000,0.00543345,0.01343100,3.61440400,3.31281700,1.82124300,1.10805800,0.60073200,1.10329600,0.79926660,0.86092710,3.30860500,3.31135200,0.79999920,4.96336000,4.96738000,0.00000000, 3, 255, 7, 24,0xf0000,No,No,No,No,Yes,Yes,Yes,Yes
2026-04-13 20:19:04,15.7,2400,910,,910,960,44,,200,,,648,,74.7,0.8600,0.6000,0.6000,1.1000,0.00000000,0.09173742,0.13565430,0.02244639,0.00000000,0.37475720,0.49870020,2.80402000,0.00000000,0.00024420,0.00586080,0.01343100,3.62925200,3.32024100,1.81733600,1.11355200,0.60476130,1.10292900,0.79963290,0.86119580,3.30952000,3.31318300,0.79912020,4.94862000,4.94728000,0.00000000, 131, 255, 7, 24,0xf0000,No,No,No,No,Yes,Yes,Yes,Yes
2026-04-13 20:19:06,0.3,2400,910,,910,960,44,,200,,,648,,73.6,0.8600,0.6000,0.6000,1.1000,0.00000000,0.09564114,0.15126920,0.13760610,0.00539220,0.36304600,0.56603940,4.69718000,0.00000000,0.00000000,0.00634920,0.01330890,3.59862900,3.32024100,1.82124300,1.10439400,0.60366240,1.10146400,0.80073180,0.86280750,3.31043600,3.31318300,0.79912020,4.89636000,4.84544000,0.00000000, 3, 255, 7, 24,0xf0000,No,No,No,No,Yes,Yes,Yes,Yes
2026-04-13 20:19:08,1.5,2400,910,,910,960,44,,200,,,648,,72.5,0.8600,0.6000,0.6000,1.1000,0.00000000,0.09466522,0.13858210,0.03318162,0.00000000,0.37866080,0.49674840,2.56291000,0.00000000,0.00024420,0.00506715,0.01330890,3.61533200,3.31374500,1.80659200,1.10586000,0.60549390,1.10146400,0.80036550,0.86092710,3.31043600,3.31226800,0.79970620,4.95666000,4.87090000,0.00000000, 3, 255, 7, 24,0xf0000,No,No,No,No,Yes,Yes,Yes,Yes
2026-04-13 20:19:10,1.3,1500,500,,500,500,44,,200,,,648,,72.5,0.7200,0.6000,0.6000,1.1000,0.00000000,0.09466522,0.13077460,0.02927790,0.00000000,0.36499780,0.53871340,1.15197000,0.00000000,0.00000000,0.00586080,0.01343100,3.63760300,3.31560100,1.79877700,1.11355200,0.60183090,1.10109800,0.79999920,0.72097620,3.30952000,3.31226800,0.79970620,4.98480000,4.98078000,0.00000000, 3, 255, 7, 24,0xf0000,No,No,No,No,Yes,Yes,Yes,Yes
2026-04-13 20:19:12,3.0,2400,910,,910,960,44,,200,,,648,,72.5,0.8600,0.6000,0.6000,1.1000,0.00000000,0.10247270,0.13858210,0.03610941,0.00000000,0.36207000,0.49967620,1.66991000,0.00000000,0.00012210,0.00512820,0.01306470,3.62832400,3.31560100,1.82124300,1.10695900,0.60146460,1.10219700,0.80073180,0.86092710,3.31043600,3.31226800,0.79912020,4.95264000,4.96202000,0.00000000, 3, 255, 7, 24,0xf0000,No,No,No,No,Yes,Yes,Yes,Yes
2026-04-13 20:19:14,5.7,2400,910,,910,960,44,,200,,,648,,72.5,0.8600,0.6000,0.6000,1.1000,0.00000000,0.10149670,0.13955800,0.03318162,0.00000000,0.36499780,0.49674840,1.68777000,0.00000000,0.00006105,0.00586080,0.01343100,3.63389100,3.31560100,1.82124300,1.10549400,0.60036570,1.10329600,0.80036550,0.86146430,3.31043600,3.31043600,0.79941320,4.97408000,4.92986000,0.00000000, 3, 255, 7, 24,0xf0000,No,No,No,No,Yes,Yes,Yes,Yes
2026-04-13 20:19:16,19.6,2400,910,,910,960,44,,200,,,648,,72.5,0.8600,0.6000,0.6000,1.1000,0.00000000,0.09564114,0.13858210,0.05757987,0.00000000,0.36304600,0.50748360,2.67900000,0.00000000,0.00048840,0.00592185,0.01330890,3.60883600,3.31003300,1.80024200,1.10769100,0.60146460,1.10109800,0.79963290,0.86146430,3.31043600,3.31226800,0.79970620,4.91914000,4.90976000,0.00000000, 3, 255, 7, 24,0xf0000,No,No,No,No,Yes,Yes,Yes,Yes
2026-04-13 20:19:19,27.6,2400,910,,910,960,44,,200,,,648,,73.0,0.8600,0.6000,0.6000,1.1000,0.00000000,0.09271335,0.13858210,0.03220569,0.00000000,0.36304600,0.49870020,1.69670000,0.00000000,0.00006105,0.00512820,0.01330890,3.61162000,3.31188900,1.82124300,1.10732500,0.60476130,1.10183000,0.79926660,0.86119580,3.31043600,3.31318300,0.79970620,4.92852000,4.94996000,0.00000000, 3, 255, 7, 24,0xf0000,No,No,No,No,Yes,Yes,Yes,Yes
2026-04-13 20:19:21,32.7,2400,591,,591,602,44,,200,,,648,,73.0,0.7638,0.6000,0.6000,1.1000,0.00000000,0.09759300,0.13565430,0.03415755,0.00000000,0.36304600,0.50065210,1.36629000,0.00000000,0.00000000,0.00537240,0.01318680,3.62925200,3.31188900,1.82124300,1.11208700,0.60512760,1.10329600,0.79999920,0.78114700,3.30860500,3.31135200,0.79970620,4.97408000,4.97810000,0.00000000, 3, 255, 7, 24,0xf0000,No,No,No,No,Yes,Yes,Yes,Yes
2026-04-13 20:19:23,23.9,2400,910,,910,960,43,,200,,,648,,74.7,0.8600,0.6000,0.6000,1.1000,0.00000000,0.09466522,0.13858210,0.03513348,0.00000000,0.36499780,0.50065210,1.70563000,0.00000000,0.00054945,0.00525030,0.01306470,3.61069200,3.30910500,1.79926600,1.10769100,0.60146460,1.10219700,0.79926660,0.86146430,3.30952000,3.31226800,0.79970620,4.88698000,4.84544000,0.00000000, 3, 255, 7, 24,0xf0000,No,No,No,No,Yes,Yes,Yes,Yes
2026-04-13 20:19:25,4.7,2400,910,,910,960,44,,200,,,648,,74.1,0.8600,0.6000,0.6000,1.1000,0.06636324,0.10540040,0.15224510,0.21372870,0.02058840,0.36499780,0.58263020,4.60788000,0.00000000,0.00000000,0.00494505,0.01330890,3.56151000,3.31281700,1.80659200,1.10842400,0.60439500,1.10146400,0.80109810,0.85824090,3.31043600,3.31043600,0.79912020,4.82668000,4.80256000,0.00000000, 3, 255, 7, 24,0xf0000,No,No,No,No,Yes,Yes,Yes,Yes
2026-04-13 20:19:27,1.5,1500,500,,500,500,44,,200,,,648,,71.9,0.7200,0.6000,0.6000,1.1000,0.04977243,0.09271335,0.13272650,0.03415755,0.00000000,0.36597380,0.49674840,1.15197000,0.00000000,0.00000000,0.00500610,0.01355310,3.64502700,3.32580900,1.80610300,1.10952300,0.60329610,1.10329600,0.79999920,0.72151340,3.30952000,3.31318300,0.79970620,4.98882000,4.99686000,0.00000000, 3, 255, 7, 24,0xf0000,No,No,No,No,Yes,Yes,Yes,Yes
2026-04-13 20:19:29,3.3,2400,910,,910,960,44,,200,,,648,,72.5,0.8600,0.6000,0.6000,1.1000,0.07221882,0.09759300,0.13858210,0.03025383,0.00000000,0.36694970,0.50553170,1.68777000,0.00000000,0.00006105,0.00543345,0.01306470,3.62090000,3.31652900,1.82124300,1.11098800,0.59999940,1.10256300,0.80036550,0.86146430,3.30952000,3.31226800,0.79941320,4.93924000,4.94192000,0.00000000, 3, 255, 7, 24,0xf0000,No,No,No,No,Yes,Yes,Yes,Yes
2026-04-13 20:19:31,1.8,2400,910,,910,960,44,,200,,,648,,72.5,0.8600,0.6000,0.6000,1.1000,0.00000000,0.09173742,0.13955800,0.03610941,0.00000000,0.36694970,0.49870020,1.68777000,0.00000000,0.00024420,0.00549450,0.01318680,3.62832400,3.29518600,1.80659200,1.10732500,0.60366240,1.10292900,0.80036550,0.86119580,3.30860500,3.31135200,0.79941320,4.95666000,4.95398000,0.00000000, 3, 255, 7, 24,0xf0000,No,No,No,No,Yes,Yes,Yes,Yes
2026-04-13 20:19:34,4.0,2400,910,,910,960,44,,200,,,648,,74.1,0.8600,0.6000,0.6000,1.1000,0.00000000,0.09173742,0.13858210,0.03415755,0.00000000,0.37573300,0.49967620,1.71456000,0.00000000,0.00000000,0.00549450,0.01306470,3.64317100,3.31003300,1.82124300,1.10659200,0.60366240,1.10146400,0.79999920,0.86092710,3.30952000,3.31318300,0.79941320,4.98614000,4.98882000,0.00000000, 3, 255, 7, 24,0xf0000,No,No,No,No,Yes,Yes,Yes,Yes
2026-04-13 20:19:36,17.1,2400,910,,910,960,44,,200,,,648,,73.6,0.8600,0.6000,0.6000,1.1000,0.00000000,0.10442450,0.13760610,0.03318162,0.00000000,0.36207000,0.50455580,1.70563000,0.00000000,0.00012210,0.00470085,0.01318680,3.62832400,3.31560100,1.82124300,1.10586000,0.60659280,1.10329600,0.79963290,0.86119580,3.31135200,3.31409900,0.79912020,4.93388000,4.88832000,0.00000000, 3, 255, 7, 24,0xf0000,No,No,No,No,Yes,Yes,Yes,Yes
2026-04-13 20:19:38,26.5,2400,910,,910,960,44,,200,,,648,,73.6,0.8600,0.6000,0.6000,1.1000,0.00000000,0.10344860,0.13858210,0.03513348,0.00000000,0.36304600,0.49870020,1.70563000,0.00000000,0.00006105,0.00525030,0.01330890,3.61254800,3.31560100,1.82124300,1.11245300,0.60146460,1.10109800,0.79963290,0.86173300,3.30677300,3.31226800,0.79941320,4.93120000,4.93120000,0.00000000, 3, 255, 7, 24,0xf0000,No,No,No,No,Yes,Yes,Yes,Yes
2026-04-13 20:19:40,25.9,2400,910,,910,960,44,,200,,,648,,74.1,0.8600,0.6000,0.6000,1.1000,0.00000000,0.10247270,0.13858210,0.03220569,0.00000000,0.36597380,0.49870020,1.70563000,0.00000000,0.00000000,0.00537240,0.01343100,3.61347600,3.31931300,1.80561500,1.10512700,0.60256350,1.10292900,0.80146440,0.86173300,3.31043600,3.31226800,0.79970620,4.95666000,4.92450000,0.00000000, 3, 255, 7, 24,0xf0000,No,No,No,No,Yes,Yes,Yes,Yes
2026-04-13 20:19:42,24.3,2400,910,,910,960,44,,200,,,648,,75.2,0.8600,0.6000,0.6000,1.1000,0.00000000,0.15419700,0.17078780,0.03806127,0.00000000,0.36597380,0.49772430,1.98246000,0.00000000,0.00048840,0.00500610,0.01367520,3.60326800,3.30260900,1.80024200,1.11135400,0.60036570,1.10146400,0.80036550,0.86200170,3.31043600,3.31043600,0.79970620,4.95666000,4.91378000,0.00000000, 3, 255, 7, 24,0xf0000,No,No,No,No,Yes,Yes,Yes,Yes
2026-04-13 20:19:44,9.5,2400,910,,910,960,44,,200,,,648,,74.1,0.8600,0.6000,0.6000,1.1000,0.00000000,0.09759300,0.15126920,0.18933040,0.01323540,0.36597380,0.54847260,3.96492000,0.00000000,0.00006105,0.00781440,0.01318680,3.57728600,3.30724900,1.81684800,1.10512700,0.60366240,1.10329600,0.80146440,0.86227020,3.30952000,3.31135200,0.79941320,4.84410000,4.80658000,0.00000000, 3, 255, 7, 24,0xf0000,No,No,No,No,Yes,Yes,Yes,Yes
2026-04-13 20:19:46,0.5,2400,910,,910,960,44,,200,,,648,,72.5,0.8600,0.6000,0.6000,1.1000,0.00000000,0.09368929,0.14150990,0.09076149,0.00000000,0.36207000,0.53188190,3.10764000,0.00000000,0.00024420,0.00506715,0.01355310,3.61904400,3.31560100,1.80610300,1.11208700,0.60366240,1.10292900,0.80146440,0.86173300,3.31043600,3.31226800,0.79970620,4.93522000,4.93522000,0.00000000, 3, 255, 7, 24,0xf0000,No,No,No,No,Yes,Yes,Yes,Yes
2026-04-13 20:19:48,1.8,2400,910,,910,960,44,,200,,,648,,73.0,0.8600,0.6000,0.6000,1.1000,0.00000000,0.09368929,0.14053390,0.03025383,0.00000000,0.36304600,0.49967620,1.70563000,0.00000000,0.00024420,0.00470085,0.01306470,3.63018000,3.30168200,1.79877700,1.10915600,0.60073200,1.10146400,0.79890030,0.86146430,3.31043600,3.31318300,0.79941320,4.95800000,4.96604000,0.00000000, 3, 255, 7, 24,0xf0000,No,No,No,No,Yes,Yes,Yes,Yes
2026-04-13 20:19:51,1.8,2400,910,,910,960,44,,200,,,648,,73.0,0.8600,0.6000,0.6000,1.1000,0.00000000,0.09271335,0.13565430,0.03318162,0.00000000,0.36499780,0.50065210,1.68777000,0.00000000,0.00006105,0.00500610,0.01318680,3.61811600,3.31560100,1.79926600,1.11355200,0.61684920,1.10256300,0.79963290,0.86146430,3.31135200,3.31043600,0.79999920,4.93120000,4.95130000,0.00000000, 3, 255, 7, 24,0xf0000,No,No,No,No,Yes,Yes,Yes,Yes
2026-04-13 20:19:53,8.3,2400,910,,910,960,44,,200,,,648,,73.6,0.8600,0.6000,0.6000,1.1000,0.00000000,0.09271335,0.13858210,0.03708534,0.00000000,0.36597380,0.49967620,1.69670000,0.00000000,0.00006105,0.00470085,0.01318680,3.64131500,3.31188900,1.82124300,1.10549400,0.60366240,1.10146400,0.79963290,0.86119580,3.31043600,3.31318300,0.79912020,4.98212000,4.98346000,0.00000000, 3, 255, 7, 24,0xf0000,No,No,No,No,Yes,Yes,Yes,Yes
2026-04-13 20:19:55,18.5,2400,910,,910,960,44,,200,,,648,,73.6,0.8600,0.6000,0.6000,1.1000,0.00000000,0.09271335,0.14053390,0.03415755,0.00000000,0.36402190,0.50065210,1.70563000,0.00000000,0.00048840,0.00537240,0.01330890,3.62182800,3.31003300,1.79926600,1.10586000,0.60329610,1.10292900,0.79963290,0.86146430,3.31043600,3.31135200,0.79970620,4.93120000,4.95800000,0.00000000, 3, 255, 7, 24,0xf0000,No,No,No,No,Yes,Yes,Yes,Yes
2026-04-13 20:19:57,26.1,2400,910,,910,960,44,,200,,,648,,73.6,0.8600,0.6000,0.6000,1.1000,0.00000000,0.09564114,0.13663020,0.03220569,0.00000000,0.36694970,0.49772430,1.70563000,0.00000000,0.00024420,0.00555555,0.01306470,3.60698000,3.32024100,1.80659200,1.10805800,0.60036570,1.10219700,0.79999920,0.86146430,3.31043600,3.31135200,0.79941320,4.91378000,4.93522000,0.00000000, 3, 255, 7, 24,0xf0000,No,No,No,No,Yes,Yes,Yes,Yes
2026-04-13 20:19:59,26.6,2400,910,,910,960,44,,200,,,648,,74.1,0.8600,0.6000,0.6000,1.1000,0.00000000,0.09271335,0.13858210,0.03513348,0.00000000,0.36499780,0.49772430,1.69670000,0.00000000,0.00048840,0.00482295,0.01306470,3.61626000,3.30168200,1.80024200,1.10366200,0.60586020,1.10219700,0.79963290,0.86119580,3.30952000,3.31318300,0.79912020,4.91780000,4.88832000,0.00000000, 3, 255, 7, 24,0xf0000,No,No,No,No,Yes,Yes,Yes,Yes
2026-04-13 20:20:01,25.9,2400,910,,910,960,44,,200,,,648,,74.1,0.8600,0.6000,0.6000,1.1000,0.00000000,0.08880963,0.13760610,0.03415755,0.00000000,0.36694970,0.49870020,2.71472000,0.00000000,0.00000000,0.00549450,0.01318680,3.60976400,3.31188900,1.82124300,1.10879000,0.60439500,1.10146400,0.80036550,0.86092710,3.30860500,3.31043600,0.79941320,4.92986000,4.92316000,0.00000000, 3, 255, 7, 24,0xf0000,No,No,No,No,Yes,Yes,Yes,Yes
2026-04-13 20:20:04,20.2,2400,910,,910,960,44,,200,,,648,,75.2,0.8600,0.6000,0.6000,1.1000,0.00000000,0.09661707,0.13760610,0.03610941,0.00000000,0.36597380,0.50943550,1.74135000,0.00000000,0.00048840,0.00476190,0.01318680,3.63018000,3.31560100,1.80024200,1.11062200,0.60219720,1.10146400,0.79926660,0.86119580,3.30952000,3.31318300,0.79912020,4.95130000,4.94996000,0.00000000, 3, 255, 7, 24,0xf0000,No,No,No,No,Yes,Yes,Yes,Yes
2026-04-13 20:20:06,2.2,1500,500,,500,500,44,,200,,,648,,74.1,0.8600,0.6000,0.6000,1.1000,0.00000000,0.09368929,0.13663020,0.04391685,0.00000000,0.36304600,0.50065210,2.78616000,0.00000000,0.00018315,0.00470085,0.01343100,3.56522200,3.31281700,1.82515100,1.11941300,0.60256350,1.10146400,0.80183080,0.86146430,3.30860500,3.30952000,0.79970620,4.79318000,4.80658000,0.00000000, 3, 255, 7, 24,0xf0000,No,No,No,No,Yes,Yes,Yes,Yes
2026-04-13 20:20:08,1.5,2400,910,,910,960,44,,200,,,648,,73.6,0.8600,0.6000,0.6000,1.1000,0.00000000,0.09466522,0.13858210,0.03220569,0.00000000,0.36207000,0.50553170,1.68777000,0.00000000,0.00024420,0.00506715,0.01318680,3.64131500,3.31003300,1.80659200,1.10805800,0.60109830,1.10146400,0.79999920,0.86173300,3.30952000,3.31226800,0.79970620,4.97810000,4.98614000,0.00000000, 3, 255, 7, 24,0xf0000,No,No,No,No,Yes,Yes,Yes,Yes
2026-04-13 20:20:10,2.8,2400,910,,910,960,44,,200,,,648,,73.0,0.8600,0.6000,0.6000,1.1000,0.00000000,0.09368929,0.13858210,0.03220569,0.00000000,0.36597380,0.49967620,1.69670000,0.00000000,0.00018315,0.00537240,0.01306470,3.61440400,3.31374500,1.82515100,1.11062200,0.60073200,1.10146400,0.80036550,0.86200170,3.30860500,3.31043600,0.79941320,4.94594000,4.97274000,0.00000000, 3, 255, 7, 24,0xf0000,No,No,No,No,Yes,Yes,Yes,Yes
2026-04-13 20:20:12,3.0,2400,910,,910,960,44,,200,,,648,,73.0,0.8600,0.6000,0.6000,1.1000,0.00000000,0.09368929,0.13760610,0.03220569,0.00000000,0.36694970,0.49967620,1.70563000,0.00000000,0.00000000,0.00537240,0.01330890,3.62832400,3.31838500,1.82124300,1.11062200,0.60183090,1.10329600,0.80036550,0.86092710,3.31043600,3.31226800,0.79970620,4.96068000,4.96068000,0.00000000, 3, 255, 7, 24,0xf0000,No,No,No,No,Yes,Yes,Yes,Yes
2026-04-13 20:20:14,4.0,2400,910,,910,960,44,,200,,,648,,73.0,0.8600,0.6000,0.6000,1.1000,0.00000000,0.09466522,0.13955800,0.03513348,0.00000000,0.36402190,0.50065210,1.70563000,0.00000000,0.00000000,0.00482295,0.01306470,3.61440400,3.30724900,1.81684800,1.10805800,0.60659280,1.10219700,0.80146440,0.86119580,3.31043600,3.31226800,0.79882700,4.99150000,4.99552000,0.00000000, 3, 255, 7, 24,0xf0000,No,No,No,No,Yes,Yes,Yes,Yes
2026-04-13 20:20:16,19.0,2400,910,,910,960,43,,200,,,648,,75.2,0.8600,0.6000,0.6000,1.1000,0.00000000,0.09466522,0.14053390,0.03513348,0.00000000,0.36207000,0.50065210,1.71456000,0.00000000,0.00048840,0.00482295,0.01318680,3.63018000,3.31560100,1.80024200,1.11025500,0.60036570,1.10256300,0.80036550,0.86200170,3.31043600,3.30952000,0.79970620,4.95800000,4.94058000,0.00000000, 3, 255, 7, 24,0xf0000,No,No,No,No,Yes,Yes,Yes,Yes
2026-04-13 20:20:18,26.4,2400,910,,910,960,44,,200,,,648,,73.6,0.8600,0.6000,0.6000,1.1000,0.00000000,0.09564114,0.13663020,0.02927790,0.00000000,0.36304600,0.49870020,2.90225000,0.00000000,0.00006105,0.00610500,0.01318680,3.61162000,3.31745700,1.82124300,1.10805800,0.60586020,1.10219700,0.80329590,0.86200170,3.30860500,3.31409900,0.79970620,4.92852000,4.90708000,0.00000000, 3, 255, 7, 24,0xf0000,No,No,No,No,Yes,Yes,Yes,Yes
2026-04-13 20:20:21,27.3,2400,910,,910,960,44,,200,,,648,,74.7,0.8600,0.6000,0.6000,1.1000,0.00000000,0.09173742,0.13663020,0.03025383,0.00000000,0.36499780,0.49967620,1.72349000,0.00000000,0.00000000,0.00555555,0.01318680,3.62832400,3.31560100,1.79682400,1.10439400,0.60622650,1.10219700,0.80036550,0.86119580,3.31043600,3.31226800,0.79912020,4.97274000,4.90842000,0.00000000, 3, 255, 7, 24,0xf0000,No,No,No,No,Yes,Yes,Yes,Yes
2026-04-13 20:20:23,23.5,2400,910,,910,960,44,,200,,,648,,74.7,0.8600,0.6000,0.6000,1.1000,0.00000000,0.12491900,0.13858210,0.03318162,0.00000000,0.36597380,0.49772430,1.73242000,0.00000000,0.00024420,0.00543345,0.01330890,3.62275600,3.31838500,1.80659200,1.10915600,0.60146460,1.10073200,0.80109810,0.86200170,3.30952000,3.31043600,0.79970620,4.91244000,4.89904000,0.00000000, 3, 255, 7, 24,0xf0000,No,No,No,No,Yes,Yes,Yes,Yes
2026-04-13 20:20:25,13.2,2400,910,,910,960,44,,200,,,648,,75.2,0.8600,0.6000,0.6000,1.1000,0.00000000,0.10344860,0.14736540,0.21080090,0.02451000,0.36694970,0.59434140,4.50072000,0.00000000,0.00006105,0.00537240,0.01306470,3.58099800,3.32024100,1.80317300,1.11355200,0.60256350,1.10329600,0.80036550,0.86200170,3.31043600,3.31043600,0.79970620,4.81730000,4.86286000,0.00000000, 3, 255, 7, 24,0xf0000,No,No,No,No,Yes,Yes,Yes,Yes
2026-04-13 20:20:27,0.3,1500,500,,500,500,44,,200,,,648,,71.9,0.7200,0.6000,0.6000,1.1000,0.00000000,0.09368929,0.13175060,0.03513348,0.00000000,0.37573300,0.49967620,1.16090000,0.00000000,0.00012210,0.00512820,0.01343100,3.65059400,3.31003300,1.82124300,1.10915600,0.60402870,1.10146400,0.80109810,0.72097620,3.30952000,3.31226800,0.79912020,4.97408000,4.97810000,0.00000000, 3, 255, 7, 24,0xf0000,No,No,No,No,Yes,Yes,Yes,Yes
2026-04-13 20:20:29,1.5,2400,910,,910,960,43,,200,,,648,,73.6,0.8600,0.6000,0.6000,1.1000,0.00000000,0.12882280,0.17273960,0.03220569,0.00000000,0.36694970,0.49870020,1.69670000,0.00000000,0.00018315,0.00512820,0.01282050,3.62275600,3.31931300,1.81733600,1.10952300,0.60292980,1.10256300,0.80036550,0.86092710,3.31226800,3.31226800,0.79970620,4.93522000,4.96202000,0.00000000, 3, 255, 7, 24,0xf0000,No,No,No,No,Yes,Yes,Yes,Yes
2026-04-13 20:20:31,1.8,2400,910,,910,960,44,,200,,,648,,73.6,0.8600,0.6000,0.6000,1.1000,0.00000000,0.09368929,0.13663020,0.03513348,0.00000000,0.36402190,0.50065210,1.75921000,0.00000000,0.00006105,0.00512820,0.01330890,3.62646800,3.31931300,1.80561500,1.11062200,0.60183090,1.10219700,0.80073180,0.86146430,3.30952000,3.31226800,0.79970620,4.94996000,4.96202000,0.00000000, 3, 255, 7, 24,0xf0000,No,No,No,No,Yes,Yes,Yes,Yes
2026-04-13 20:20:33,4.0,2400,910,,910,960,44,,200,,,648,,73.6,0.8600,0.6000,0.6000,1.1000,0.00000000,0.09564114,0.13858210,0.03610941,0.00000000,0.36792560,0.49674840,1.71456000,0.00000000,0.00000000,0.00543345,0.01318680,3.62461200,3.31374500,1.80561500,1.10842400,0.59963310,1.10219700,0.80036550,0.86173300,3.31043600,3.31043600,0.79970620,4.92986000,4.96470000,0.00000000, 3, 255, 7, 24,0xf0000,No,No,No,No,Yes,Yes,Yes,Yes
2026-04-13 20:20:36,14.0,2400,910,,910,960,44,,200,,,648,,73.6,0.8600,0.6000,0.6000,1.1000,0.00000000,0.09466522,0.13760610,0.03025383,0.00000000,0.36402190,0.50065210,1.71456000,0.00000000,0.00018315,0.00512820,0.01330890,3.61069200,3.31560100,1.81733600,1.10586000,0.60586020,1.10256300,0.79816780,0.86038990,3.31043600,3.31226800,0.79999920,4.87626000,4.95398000,0.00000000, 3, 255, 7, 24,0xf0000,No,No,No,No,Yes,Yes,Yes,Yes
2026-04-13 20:20:38,27.7,2400,910,,910,960,44,,200,,,648,,74.1,0.8600,0.6000,0.6000,1.1000,0.00000000,0.09368929,0.13663020,0.03122976,0.00000000,0.36499780,0.49967620,1.71456000,0.00000000,0.00000000,0.00488400,0.01330890,3.61718800,3.31560100,1.82124300,1.10805800,0.60109830,1.10329600,0.79999920,0.86173300,3.31043600,3.31135200,0.79882700,4.94058000,4.93924000,0.00000000, 3, 255, 7, 24,0xf0000,No,No,No,No,Yes,Yes,Yes,Yes
2026-04-13 20:20:40,26.0,2400,910,,910,960,44,,200,,,648,,74.7,0.8600,0.6000,0.6000,1.1000,0.00000000,0.09466522,0.13858210,0.03513348,0.00000000,0.36694970,0.50065210,1.70563000,0.00000000,0.00012210,0.00537240,0.01318680,3.61904400,3.31560100,1.82124300,1.10769100,0.60183090,1.10146400,0.80109810,0.86200170,3.30677300,3.31043600,0.79941320,4.93120000,4.91914000,0.00000000, 3, 255, 7, 24,0xf0000,No,No,No,No,Yes,Yes,Yes,Yes
2026-04-13 20:20:42,25.0,2400,910,,910,960,44,,200,,,648,,74.1,0.8600,0.6000,0.6000,1.1000,0.00000000,0.09661707,0.13760610,0.03415755,0.00000000,0.36304600,0.49967620,1.74135000,0.00000000,0.00000000,0.00506715,0.01306470,3.62739600,3.31838500,1.80024200,1.10952300,0.60292980,1.10329600,0.79963290,0.86119580,3.30952000,3.31318300,0.79912020,4.94192000,4.89904000,0.00000000, 3, 255, 7, 24,0xf0000,No,No,No,No,Yes,Yes,Yes,Yes
2026-04-13 20:20:44,13.5,2400,910,,910,960,44,,200,,,648,,75.7,0.8600,0.6000,0.6000,1.1000,0.00000000,0.09173742,0.14443760,0.10247270,0.01225500,0.37378120,0.58750990,4.23282000,0.00000000,0.00000000,0.00525030,0.01306470,3.60698000,3.31745700,1.80659200,1.10952300,0.60219720,1.10292900,0.80073180,0.86119580,3.31043600,3.31318300,0.79970620,4.94728000,4.93924000,0.00000000, 3, 255, 7, 24,0xf0000,No,No,No,No,Yes,Yes,Yes,Yes
2026-04-13 20:20:46,0.3,2400,910,,910,960,44,,200,,,648,,75.2,0.8600,0.6000,0.6000,1.1000,0.00000000,0.09564114,0.15029320,0.13565430,0.00931380,0.36304600,0.56506350,4.49179000,0.00000000,0.00006105,0.00512820,0.01318680,3.57821400,3.31003300,1.80024200,1.10915600,0.60439500,1.10256300,0.80073180,0.85931540,3.31135200,3.31318300,0.79970620,4.85884000,4.85616000,0.00000000, 3, 255, 7, 24,0xf0000,No,No,No,No,Yes,Yes,Yes,Yes
2026-04-13 20:20:48,1.5,1500,500,,500,500,44,,200,,,648,,73.0,0.7200,0.6000,0.6000,1.1000,0.00000000,0.09173742,0.13077460,0.03513348,0.00000000,0.36499780,0.50065210,1.16983000,0.00000000,0.00024420,0.00506715,0.01343100,3.64966700,3.32024100,1.80024200,1.10952300,0.60366240,1.10329600,0.80109810,0.72151340,3.30952000,3.31226800,0.79970620,5.00356000,4.99954000,0.00000000, 3, 255, 7, 24,0xf0000,No,No,No,No,Yes,Yes,Yes,Yes
2026-04-13 20:20:50,3.2,2400,910,,910,960,43,,200,,,648,,74.1,0.8600,0.6000,0.6000,1.1000,0.00000000,0.09368929,0.13955800,0.03220569,0.00000000,0.36402190,0.49967620,1.72349000,0.00000000,0.00000000,0.00543345,0.01318680,3.61904400,3.31374500,1.80659200,1.11062200,0.60329610,1.10219700,0.79999920,0.86173300,3.30952000,3.31318300,0.79970620,4.96872000,4.95666000,0.00000000, 3, 255, 7, 24,0xf0000,No,No,No,No,Yes,Yes,Yes,Yes
2026-04-13 20:20:53,3.2,2400,910,,910,960,44,,200,,,648,,74.1,0.8600,0.6000,0.6000,1.1000,0.00000000,0.09271335,0.13955800,0.03318162,0.00000000,0.36499780,0.50357990,1.71456000,0.00000000,0.00048840,0.00482295,0.01306470,3.63018000,3.32580900,1.80024200,1.11428500,0.60073200,1.10219700,0.80109810,0.86146430,3.31043600,3.31043600,0.79941320,4.96202000,4.94996000,0.00000000, 3, 255, 7, 24,0xf0000,No,No,No,No,Yes,Yes,Yes,Yes
2026-04-13 20:20:55,6.3,2400,910,,910,960,44,,200,,,648,,73.6,0.8600,0.6000,0.6000,1.1000,0.00000000,0.09466522,0.13858210,0.03318162,0.00000000,0.36597380,0.49870020,1.69670000,0.00000000,0.00000000,0.00525030,0.01330890,3.62832400,3.31560100,1.80561500,1.11062200,0.60109830,1.10219700,0.79999920,0.86092710,3.30860500,3.31135200,0.79970620,4.96738000,4.96604000,0.00000000, 3, 255, 7, 24,0xf0000,No,No,No,No,Yes,Yes,Yes,Yes
2026-04-13 20:20:57,25.1,2400,910,,910,960,44,,200,,,648,,74.1,0.8600,0.6000,0.6000,1.1000,0.00000000,0.09564114,0.13955800,0.04001313,0.00000000,0.36304600,0.50162800,2.77723000,0.00000000,0.00000000,0.00518925,0.01318680,3.60698000,3.30632200,1.80659200,1.11062200,0.60476130,1.10109800,0.79963290,0.86092710,3.30860500,3.31135200,0.79912020,4.92584000,4.97274000,0.00000000, 3, 255, 7, 24,0xf0000,No,No,No,No,Yes,Yes,Yes,Yes
2026-04-13 20:20:59,26.4,2400,910,,910,960,44,,200,,,648,,74.7,0.8600,0.6000,0.6000,1.1000,0.00000000,0.09271335,0.13760610,0.03513348,0.00000000,0.36499780,0.49967620,1.72349000,0.00000000,0.00006105,0.00537240,0.01343100,3.61440400,3.31188900,1.82124300,1.11062200,0.60146460,1.10146400,0.80036550,0.86146430,3.31043600,3.31226800,0.79970620,4.91914000,4.89636000,0.00000000, 3, 255, 7, 24,0xf0000,No,No,No,No,Yes,Yes,Yes,Yes
2026-04-13 20:21:01,28.1,2400,910,,910,960,44,,200,,,648,,73.6,0.8600,0.6000,0.6000,1.1000,0.00000000,0.10637640,0.14053390,0.04879650,0.00000000,0.36402190,0.51138740,2.78616000,0.00000000,0.00006105,0.00586080,0.01330890,3.61069200,3.31003300,1.79584700,1.10549400,0.60292980,1.10292900,0.80109810,0.86092710,3.31043600,3.31043600,0.79970620,4.97274000,4.96336000,0.00000000, 3, 255, 7, 24,0xf0000,No,No,No,No,Yes,Yes,Yes,Yes
2026-04-13 20:21:03,21.6,2400,910,,910,960,44,,200,,,648,,75.7,0.8600,0.6000,0.6000,1.1000,0.00000000,0.09564114,0.13858210,0.03220569,0.00000000,0.37768490,0.49967620,1.75028000,0.00000000,0.00000000,0.00512820,0.01318680,3.61347600,3.29518600,1.79487000,1.10732500,0.60073200,1.10183000,0.79963290,0.86119580,3.31043600,3.31135200,0.79970620,4.86420000,4.86956000,0.00000000, 3, 255, 7, 24,0xf0000,No,No,No,No,Yes,Yes,Yes,Yes
2026-04-13 20:21:05,4.0,2400,910,,910,960,44,,200,,,648,,75.2,0.8600,0.6000,0.6000,1.1000,0.00000000,0.09564114,0.14443760,0.19518600,0.01715700,0.36402190,0.56994310,4.67039000,0.00000000,0.00006105,0.00518925,0.01318680,3.56336600,3.31652900,1.82124300,1.11355200,0.60292980,1.10256300,0.79999920,0.86388190,3.30952000,3.31226800,0.79882700,4.81730000,4.80658000,0.00000000, 3, 255, 7, 24,0xf0000,No,No,No,No,Yes,Yes,Yes,Yes
2026-04-13 20:21:08,1.5,2400,910,,910,960,44,,200,,,648,,74.1,0.8600,0.6000,0.6000,1.1000,0.00000000,0.08880963,0.13760610,0.03122976,0.00000000,0.38939610,0.49967620,1.71456000,0.00000000,0.00000000,0.00506715,0.01318680,3.63667500,3.31003300,1.80024200,1.11355200,0.60073200,1.10219700,0.79999920,0.86119580,3.30952000,3.31318300,0.79941320,4.98078000,4.98614000,0.00000000, 3, 255, 7, 24,0xf0000,No,No,No,No,Yes,Yes,Yes,Yes
2026-04-13 20:21:10,1.5,2400,910,,910,960,44,,200,,,648,,74.1,0.8600,0.6000,0.6000,1.1000,0.00000000,0.09368929,0.13858210,0.03415755,0.00000000,0.37280530,0.49674840,1.73242000,0.00000000,0.00012210,0.00500610,0.01318680,3.62646800,3.30910500,1.79682400,1.10695900,0.59926680,1.10109800,0.79963290,0.86119580,3.30952000,3.31135200,0.79970620,4.96336000,4.95130000,0.00000000, 3, 255, 7, 24,0xf0000,No,No,No,No,Yes,Yes,Yes,Yes
2026-04-13 20:21:12,3.5,2400,910,,910,960,44,,200,,,648,,74.1,0.8600,0.6000,0.6000,1.1000,0.00000000,0.09368929,0.13955800,0.03220569,0.00000000,0.38939610,0.53968930,1.71456000,0.00000000,0.00000000,0.00506715,0.01318680,3.61347600,3.30632200,1.80561500,1.11245300,0.60219720,1.10219700,0.79963290,0.86119580,3.31043600,3.31318300,0.79970620,4.93924000,4.93120000,0.00000000, 3, 255, 7, 24,0xf0000,No,No,No,No,Yes,Yes,Yes,Yes
2026-04-13 20:21:14,5.3,2400,910,,910,960,43,,200,,,648,,73.6,0.8600,0.6000,0.6000,1.1000,0.00000000,0.09271335,0.13955800,0.03415755,0.00000000,0.38744420,0.50357990,1.73242000,0.00000000,0.00018315,0.00537240,0.01318680,3.62925200,3.29518600,1.81733600,1.10586000,0.60439500,1.10146400,0.80146440,0.86173300,3.30952000,3.31043600,0.79912020,4.98212000,4.98346000,0.00000000, 3, 255, 7, 24,0xf0000,No,No,No,No,Yes,Yes,Yes,Yes
2026-04-13 20:21:16,17.4,1600,545,,910,960,44,,200,,,648,,73.6,0.8600,0.6000,0.6000,1.1000,0.00000000,0.10344860,0.13760610,0.03415755,0.00000000,0.36304600,0.49967620,1.71456000,0.00000000,0.00006105,0.00512820,0.01318680,3.60698000,3.29333000,1.82124300,1.10915600,0.60439500,1.10146400,0.80329590,0.86280750,3.30952000,3.31226800,0.79941320,4.90976000,4.93924000,0.00000000, 3, 255, 7, 24,0xf0000,No,No,No,No,Yes,Yes,Yes,Yes
2026-04-13 20:21:18,26.8,2400,910,,910,960,44,,200,,,648,,74.7,0.8600,0.6000,0.6000,1.1000,0.00000000,0.09271335,0.14053390,0.03415755,0.00000000,0.36597380,0.49870020,1.73242000,0.00000000,0.00000000,0.00470085,0.01294260,3.60512400,3.31096100,1.82124300,1.10439400,0.60476130,1.10292900,0.80146440,0.86173300,3.30952000,3.31043600,0.79912020,4.92986000,4.94460000,0.00000000, 3, 255, 7, 24,0xf0000,No,No,No,No,Yes,Yes,Yes,Yes
2026-04-13 20:21:20,26.1,2400,910,,910,960,44,,200,,,648,,74.7,0.8600,0.6000,0.6000,1.1000,0.00000000,0.09466522,0.13760610,0.03513348,0.00000000,0.36499780,0.49772430,1.71456000,0.00000000,0.00006105,0.00482295,0.01306470,3.61626000,3.31003300,1.80317300,1.11355200,0.60586020,1.10366200,0.79963290,0.86092710,3.30952000,3.31135200,0.79912020,4.93924000,4.92450000,0.00000000, 3, 255, 7, 24,0xf0000,No,No,No,No,Yes,Yes,Yes,Yes
2026-04-13 20:21:22,23.7,2400,910,,910,960,44,,200,,,648,,75.2,0.8600,0.6000,0.6000,1.1000,0.00000000,0.09466522,0.14053390,0.03122976,0.00000000,0.36499780,0.49577240,1.75028000,0.00000000,0.00000000,0.00512820,0.01318680,3.62090000,3.31374500,1.80561500,1.11062200,0.60146460,1.10146400,0.80073180,0.86146430,3.30952000,3.31226800,0.79970620,4.94058000,4.96068000,0.00000000, 3, 255, 7, 24,0xf0000,No,No,No,No,Yes,Yes,Yes,Yes
2026-04-13 20:21:25,11.5,2400,910,,910,960,44,,200,,,648,,76.3,0.8600,0.6000,0.6000,1.1000,0.06538731,0.09076149,0.14834140,0.19811380,0.01470600,0.36499780,0.58750990,4.58109000,0.00000000,0.00048840,0.00518925,0.01318680,3.54851900,3.30260900,1.80024200,1.10146400,0.60256350,1.10146400,0.80109810,0.86038990,3.31043600,3.31043600,0.79970620,4.82802000,4.79452000,0.00000000, 3, 255, 7, 24,0xf0000,No,No,No,No,Yes,Yes,Yes,Yes
2026-04-13 20:21:27,0.5,1500,500,,500,500,44,,200,,,648,,73.0,0.7200,0.6000,0.6000,1.1000,0.05074836,0.09564114,0.13663020,0.12394310,0.00098040,0.36792560,0.56603940,2.91118000,0.00000000,0.00048840,0.00555555,0.01306470,3.58563700,3.30260900,1.80024200,1.11355200,0.60073200,1.10439400,0.80109810,0.72097620,3.31043600,3.31226800,0.79941320,4.89234000,4.86018000,0.00000000, 3, 255, 7, 24,0xf0000,No,No,No,No,Yes,Yes,Yes,Yes
2026-04-13 20:21:29,6.0,2400,910,,910,960,44,,200,,,648,,74.1,0.8600,0.6000,0.6000,1.1000,0.07026696,0.08783370,0.13858210,0.10149670,0.00000000,0.36304600,0.50162800,1.71456000,0.00000000,0.00024420,0.00586080,0.01294260,3.62646800,3.31745700,1.80659200,1.11355200,0.60183090,1.10146400,0.79999920,0.86092710,3.30860500,3.31226800,0.79970620,4.97810000,4.98480000,0.00000000, 3, 255, 7, 24,0xf0000,No,No,No,No,Yes,Yes,Yes,Yes
2026-04-13 20:21:31,2.7,2400,910,,910,960,44,,200,,,648,,74.7,0.8600,0.6000,0.6000,1.1000,0.00000000,0.09368929,0.13760610,0.03415755,0.00000000,0.36694970,0.50162800,1.72349000,0.00000000,0.00018315,0.00470085,0.01294260,3.62090000,3.31560100,1.81733600,1.11062200,0.60476130,1.10109800,0.79963290,0.86146430,3.31043600,3.31226800,0.79941320,4.96202000,4.95264000,0.00000000, 3, 255, 7, 24,0xf0000,No,No,No,No,Yes,Yes,Yes,Yes
2026-04-13 20:21:33,2.8,2400,910,,910,960,44,,200,,,648,,74.1,0.8600,0.6000,0.6000,1.1000,0.00000000,0.09466522,0.13663020,0.03415755,0.00000000,0.36499780,0.48894090,1.72349000,0.00000000,0.00048840,0.00506715,0.01343100,3.61904400,3.31560100,1.80024200,1.10915600,0.60439500,1.10329600,0.80036550,0.86200170,3.31043600,3.31043600,0.79941320,4.95264000,4.92852000,0.00000000, 3, 255, 7, 24,0xf0000,No,No,No,No,Yes,Yes,Yes,Yes
2026-04-13 20:21:35,7.0,2400,910,,910,960,44,,200,,,648,,74.7,0.8600,0.6000,0.6000,1.1000,0.00000000,0.08978556,0.14346170,0.03220569,0.00000000,0.36792560,0.54652080,1.72349000,0.00000000,0.00006105,0.00500610,0.01318680,3.61347600,3.29425800,1.81684800,1.10842400,0.60439500,1.10146400,0.79999920,0.86092710,3.30860500,3.31135200,0.79941320,4.95666000,4.97676000,0.00000000, 3, 255, 7, 24,0xf0000,No,No,No,No,Yes,Yes,Yes,Yes
2026-04-13 20:21:37,24.9,1600,545,,545,551,44,,200,,,648,,73.6,0.7500,0.6000,0.6000,1.1000,0.00000000,0.09466522,0.13370240,0.03415755,0.00000000,0.36499780,0.49870020,1.27699000,0.00000000,0.00012210,0.00525030,0.01318680,3.62090000,3.31003300,1.82124300,1.11025500,0.59963310,1.10146400,0.80036550,0.75616540,3.30952000,3.31043600,0.79970620,4.96738000,4.97408000,0.00000000, 3, 255, 7, 24,0xf0000,No,No,No,No,Yes,Yes,Yes,Yes
2026-04-13 20:21:40,27.1,2400,910,,910,960,44,,200,,,648,,75.7,0.8600,0.6000,0.6000,1.1000,0.00000000,0.09466522,0.13858210,0.04001313,0.00196080,0.36792560,0.50748360,1.75921000,0.00000000,0.00006105,0.00512820,0.01318680,3.61440400,3.31560100,1.81684800,1.10952300,0.60292980,1.10146400,0.79963290,0.86146430,3.30677300,3.31226800,0.79941320,4.92986000,4.91378000,0.00000000, 3, 255, 7, 24,0xf0000,No,No,No,No,Yes,Yes,Yes,Yes
2026-04-13 20:21:42,26.6,2400,910,,910,960,44,,200,,,648,,75.7,0.8600,0.6000,0.6000,1.1000,0.00000000,0.09368929,0.13663020,0.03513348,0.00000000,0.36694970,0.49967620,1.77707000,0.00000000,0.00006105,0.00506715,0.01318680,3.62646800,3.31374500,1.82124300,1.10695900,0.59963310,1.10073200,0.80036550,0.86146430,3.31043600,3.31135200,0.79941320,4.95264000,4.96336000,0.00000000, 3, 255, 7, 24,0xf0000,No,No,No,No,Yes,Yes,Yes,Yes
2026-04-13 20:21:44,24.3,2400,910,,910,960,44,,200,,,648,,75.2,0.8600,0.6000,0.6000,1.1000,0.00000000,0.09661707,0.13955800,0.04782057,0.00000000,0.36207000,0.50357990,2.80402000,0.00000000,0.00000000,0.00470085,0.01306470,3.61162000,3.32024100,1.79877700,1.10732500,0.60586020,1.10146400,0.79963290,0.86146430,3.31135200,3.31409900,0.79912020,4.94996000,4.93924000,0.00000000, 3, 255, 7, 24,0xf0000,No,No,No,No,Yes,Yes,Yes,Yes
2026-04-13 20:21:46,9.5,2400,910,,910,960,44,,200,,,648,,77.4,0.8600,0.6000,0.6000,1.1000,0.00000000,0.09564114,0.15126920,0.16981180,0.01029420,0.36402190,0.53968930,4.35784000,0.00000000,0.00006105,0.00781440,0.01294260,3.56336600,3.32116900,1.82124300,1.10915600,0.60366240,1.10146400,0.79926660,0.85958410,3.30952000,3.31135200,0.79941320,4.80122000,4.81462000,0.00000000, 3, 255, 7, 24,0xf0000,No,No,No,No,Yes,Yes,Yes,Yes
2026-04-13 20:21:48,1.5,2400,910,,910,960,44,,200,,,648,,74.7,0.8600,0.6000,0.6000,1.1000,0.00000000,0.09271335,0.13858210,0.03122976,0.00000000,0.36402190,0.50260400,1.72349000,0.00000000,0.00000000,0.00586080,0.01282050,3.59862900,3.30632200,1.82124300,1.11025500,0.59926680,1.10146400,0.79926660,0.86227020,3.31135200,3.31226800,0.79970620,4.89100000,4.90440000,0.00000000, 3, 255, 7, 24,0xf0000,No,No,No,No,Yes,Yes,Yes,Yes
2026-04-13 20:21:50,1.5,2400,910,,910,960,44,,200,,,648,,74.1,0.8600,0.6000,0.6000,1.1000,0.00000000,0.09368929,0.13858210,0.03220569,0.00000000,0.37475720,0.49870020,1.72349000,0.00000000,0.00000000,0.00512820,0.01343100,3.63574700,3.31560100,1.82124300,1.10695900,0.60292980,1.10329600,0.80146440,0.86092710,3.30860500,3.31318300,0.79941320,4.97944000,4.97140000,0.00000000, 3, 255, 7, 24,0xf0000,No,No,No,No,Yes,Yes,Yes,Yes
2026-04-13 20:21:52,6.8,2400,910,,910,960,44,,200,,,648,,74.7,0.8600,0.6000,0.6000,1.1000,0.00000000,0.09368929,0.13663020,0.03025383,0.00000000,0.37378120,0.50357990,1.75028000,0.00000000,0.00006105,0.00500610,0.01318680,3.62554000,3.31560100,1.81684800,1.10586000,0.60219720,1.10256300,0.79963290,0.86173300,3.30952000,3.31318300,0.79999920,4.96336000,4.97006000,0.00000000, 3, 255, 7, 24,0xf0000,No,No,No,No,Yes,Yes,Yes,Yes
2026-04-13 20:21:55,4.0,2400,910,,910,960,44,,200,,,648,,74.7,0.8600,0.6000,0.6000,1.1000,0.00000000,0.09466522,0.13858210,0.03903720,0.00000000,0.36304600,0.49967620,1.73242000,0.00000000,0.00048840,0.00525030,0.01330890,3.62554000,3.31560100,1.80024200,1.11282000,0.60292980,1.10256300,0.80329590,0.86173300,3.30952000,3.31409900,0.79999920,4.96068000,4.95532000,0.00000000, 3, 255, 7, 24,0xf0000,No,No,No,No,Yes,Yes,Yes,Yes
2026-04-13 20:21:57,12.5,2400,910,,910,960,44,,200,,,648,,75.2,0.8600,0.6000,0.6000,1.1000,0.00000000,0.09368929,0.13663020,0.04001313,0.00000000,0.36694970,0.49674840,1.72349000,0.00000000,0.00000000,0.00537240,0.01318680,3.60605200,3.31838500,1.82124300,1.10769100,0.59963310,1.10219700,0.80146440,0.86119580,3.30677300,3.31043600,0.79970620,4.92450000,4.94192000,0.00000000, 3, 255, 7, 24,0xf0000,No,No,No,No,Yes,Yes,Yes,Yes
2026-04-13 20:21:59,26.3,1600,545,,545,551,43,,200,,,648,,74.7,0.7500,0.6000,0.6000,1.1000,0.00000000,0.09564114,0.13467840,0.03415755,0.00000000,0.36792560,0.50065210,1.27699000,0.00000000,0.00000000,0.00506715,0.01330890,3.64038700,3.32580900,1.80024200,1.10805800,0.60549390,1.10329600,0.79926660,0.75589670,3.31135200,3.31043600,0.79912020,4.97140000,4.97274000,0.00000000, 3, 255, 7, 24,0xf0000,No,No,No,No,Yes,Yes,Yes,Yes
2026-04-13 20:22:01,38.2,2400,910,,910,960,43,,200,,,648,,76.8,0.8600,0.6000,0.6000,1.1000,0.00000000,0.09466522,0.13858210,0.03318162,0.00000000,0.36402190,0.51041140,2.81295000,0.00000000,0.00048840,0.00525030,0.01306470,3.61997200,3.30910500,1.80024200,1.11025500,0.60219720,1.10219700,0.79926660,0.86119580,3.31135200,3.31318300,0.79912020,4.94192000,4.92718000,0.00000000, 3, 255, 7, 24,0xf0000,No,No,No,No,Yes,Yes,Yes,Yes
2026-04-13 20:22:03,24.8,2400,910,,910,960,44,,200,,,648,,76.3,0.8600,0.6000,0.6000,1.1000,0.00000000,0.09173742,0.14150990,0.03513348,0.00000000,0.36499780,0.50065210,1.75028000,0.00000000,0.00006105,0.00525030,0.01318680,3.63574700,3.31003300,1.82124300,1.10952300,0.60256350,1.10219700,0.80036550,0.86173300,3.30860500,3.31135200,0.79970620,4.98748000,4.97140000,0.00000000, 3, 255, 7, 24,0xf0000,No,No,No,No,Yes,Yes,Yes,Yes
2026-04-13 20:22:05,0.5,1500,500,,500,500,44,,200,,,648,,73.6,0.7200,0.6000,0.6000,1.1000,0.00000000,0.09368929,0.13175060,0.03415755,0.00000000,0.36304600,0.50162800,1.17876000,0.00000000,0.00000000,0.00586080,0.01294260,3.62925200,3.31931300,1.82124300,1.10952300,0.60256350,1.10329600,0.79963290,0.72097620,3.30952000,3.31043600,0.79882700,4.99016000,4.97274000,0.00000000, 3, 255, 7, 24,0xf0000,No,No,No,No,Yes,Yes,Yes,Yes
2026-04-13 20:22:07,2.5,2400,910,,910,960,44,,200,,,648,,73.0,0.8600,0.6000,0.6000,1.1000,0.00000000,0.09368929,0.13955800,0.04098906,0.00000000,0.36597380,0.49870020,1.70563000,0.00000000,0.00018315,0.00506715,0.01306470,3.62090000,3.31281700,1.82124300,1.10952300,0.60036570,1.10146400,0.80036550,0.86173300,3.31043600,3.31135200,0.79970620,4.95666000,4.96068000,0.00000000, 3, 255, 7, 24,0xf0000,No,No,No,No,Yes,Yes,Yes,Yes
2026-04-13 20:22:10,4.3,2400,910,,910,960,44,,200,,,648,,74.7,0.8600,0.6000,0.6000,1.1000,0.00000000,0.09368929,0.13760610,0.03610941,0.00000000,0.36694970,0.49870020,1.97353000,0.00000000,0.00000000,0.00482295,0.01306470,3.60790800,3.31560100,1.82124300,1.11355200,0.60109830,1.10292900,0.79963290,0.86173300,3.31135200,3.31135200,0.79999920,4.92182000,4.90038000,0.00000000, 3, 255, 7, 24,0xf0000,No,No,No,No,Yes,Yes,Yes,Yes
2026-04-13 20:22:12,4.8,2400,910,,910,960,44,,200,,,648,,75.2,0.8600,0.6000,0.6000,1.1000,0.00000000,0.09564114,0.13858210,0.03122976,0.00000000,0.36597380,0.50162800,1.72349000,0.00000000,0.00006105,0.00525030,0.01318680,3.62090000,3.32024100,1.82124300,1.10915600,0.60073200,1.10146400,0.79963290,0.86119580,3.31043600,3.31226800,0.79941320,4.93924000,4.96202000,0.00000000, 3, 255, 7, 24,0xf0000,No,No,No,No,Yes,Yes,Yes,Yes
2026-04-13 20:22:14,19.2,2400,910,,910,960,44,,200,,,648,,74.7,0.8600,0.6000,0.6000,1.1000,0.00000000,0.09466522,0.13663020,0.03318162,0.00000000,0.36890160,0.49870020,1.73242000,0.00000000,0.00000000,0.00537240,0.01318680,3.62182800,3.31003300,1.82124300,1.11062200,0.60402870,1.10329600,0.79963290,0.86119580,3.31043600,3.31135200,0.79912020,4.92986000,4.96336000,0.00000000, 3, 255, 7, 24,0xf0000,No,No,No,No,Yes,Yes,Yes,Yes
2026-04-13 20:22:16,25.6,2400,910,,910,960,44,,200,,,648,,75.2,0.8600,0.6000,0.6000,1.1000,0.00000000,0.09759300,0.13760610,0.03610941,0.00000000,0.36304600,0.49967620,1.73242000,0.00000000,0.00024420,0.00506715,0.01318680,3.61533200,3.32024100,1.80659200,1.10879000,0.60292980,1.10329600,0.80146440,0.86119580,3.30952000,3.31043600,0.79882700,4.88832000,4.91378000,0.00000000, 3, 255, 7, 24,0xf0000,No,No,No,No,Yes,Yes,Yes,Yes
2026-04-13 20:22:18,26.0,2400,910,,910,960,44,,200,,,648,,75.2,0.8600,0.6000,0.6000,1.1000,0.00000000,0.10832820,0.13663020,0.03513348,0.00392160,0.36499780,0.49772430,1.75028000,0.00000000,0.00048840,0.00506715,0.01318680,3.61069200,3.32024100,1.79926600,1.11355200,0.60586020,1.10219700,0.79963290,0.86146430,3.31135200,3.31043600,0.79999920,4.92852000,4.91780000,0.00000000, 3, 255, 7, 24,0xf0000,No,No,No,No,Yes,Yes,Yes,Yes
2026-04-13 20:22:20,23.3,2400,910,,910,960,44,,200,,,648,,76.3,0.8600,0.6000,0.6000,1.1000,0.00000000,0.09759300,0.14248580,0.04684464,0.00000000,0.36402190,0.56213570,3.02727000,0.00000000,0.00000000,0.00543345,0.01343100,3.58749300,3.30260900,1.82124300,1.10769100,0.60366240,1.10219700,0.79999920,0.86119580,3.30860500,3.31501500,0.79999920,4.86152000,4.91914000,0.00000000, 3, 255, 7, 24,0xf0000,No,No,No,No,Yes,Yes,Yes,Yes
2026-04-13 20:22:22,5.5,2400,910,,910,960,44,,200,,,648,,76.3,0.8600,0.6000,0.6000,1.1000,0.00000000,0.09564114,0.14541360,0.16395620,0.01764720,0.36694970,0.58555800,5.19726000,0.00000000,0.00024420,0.00506715,0.01294260,3.56058200,3.30817700,1.80610300,1.11355200,0.60366240,1.10329600,0.79963290,0.86200170,3.31043600,3.31043600,0.79912020,4.81060000,4.81462000,0.00000000, 3, 255, 7, 24,0xf0000,No,No,No,No,Yes,Yes,Yes,Yes
2026-04-13 20:22:25,0.5,2400,910,,910,960,44,,200,,,648,,74.7,0.8600,0.6000,0.6000,1.1000,0.00000000,0.09661707,0.13663020,0.03025383,0.00000000,0.36499780,0.49967620,1.74135000,0.00000000,0.00000000,0.00506715,0.01257630,3.62646800,3.31560100,1.79682400,1.11355200,0.60329610,1.10146400,0.80036550,0.86092710,3.30860500,3.31135200,0.79941320,4.97274000,4.98748000,0.00000000, 3, 255, 7, 24,0xf0000,No,No,No,No,Yes,Yes,Yes,Yes
2026-04-13 20:22:27,2.5,2400,910,,910,960,44,,200,,,648,,74.7,0.8600,0.6000,0.6000,1.1000,0.00000000,0.09368929,0.13858210,0.03122976,0.00000000,0.36597380,0.50065210,1.73242000,0.00000000,0.00006105,0.00537240,0.01343100,3.62646800,3.31281700,1.82124300,1.10805800,0.60586020,1.10329600,0.80036550,0.86173300,3.31043600,3.31043600,0.79999920,4.93656000,4.95800000,0.00000000, 3, 255, 7, 24,0xf0000,No,No,No,No,Yes,Yes,Yes,Yes
2026-04-13 20:22:29,2.5,2400,910,,910,960,44,,200,,,648,,74.7,0.8600,0.6000,0.6000,1.1000,0.00000000,0.10247270,0.14150990,0.03415755,0.00000000,0.36499780,0.50162800,1.72349000,0.00000000,0.00006105,0.00592185,0.01306470,3.63481900,3.32580900,1.79828900,1.11391800,0.60146460,1.10219700,0.79963290,0.86119580,3.30952000,3.31409900,0.79941320,4.97140000,4.97944000,0.00000000, 3, 255, 7, 24,0xf0000,No,No,No,No,Yes,Yes,Yes,Yes
2026-04-13 20:22:31,4.5,2400,910,,910,960,44,,200,,,648,,75.2,0.8600,0.6000,0.6000,1.1000,0.00000000,0.12784680,0.16883590,0.03220569,0.00000000,0.36402190,0.50748360,1.72349000,0.00000000,0.00018315,0.00470085,0.01306470,3.61440400,3.29518600,1.82124300,1.10842400,0.60146460,1.10329600,0.79963290,0.86146430,3.31043600,3.31226800,0.79970620,4.95264000,4.96202000,0.00000000, 3, 255, 7, 24,0xf0000,No,No,No,No,Yes,Yes,Yes,Yes
2026-04-13 20:22:33,16.9,1600,910,,910,960,44,,200,,,648,,74.7,0.8600,0.6000,0.6000,1.1000,0.00000000,0.09564114,0.13760610,0.04098906,0.00000000,0.37573300,0.49870020,1.75028000,0.00000000,0.00048840,0.00482295,0.01306470,3.61533200,3.31560100,1.79926600,1.10732500,0.60146460,1.10329600,0.79963290,0.86092710,3.30860500,3.31043600,0.79912020,4.95264000,4.96872000,0.00000000, 3, 255, 7, 24,0xf0000,No,No,No,No,Yes,Yes,Yes,Yes
2026-04-13 20:22:35,30.4,2400,910,,910,960,44,,200,,,648,,76.3,0.8600,0.6000,0.6000,1.1000,0.00000000,0.09564114,0.13858210,0.03318162,0.00000000,0.37475720,0.50260400,1.75028000,0.00000000,0.00048840,0.00512820,0.01269840,3.60883600,3.31652900,1.80024200,1.10915600,0.60549390,1.10256300,0.79926660,0.86119580,3.30952000,3.31318300,0.79912020,4.92048000,4.90440000,0.00000000, 3, 255, 7, 24,0xf0000,No,No,No,No,Yes,Yes,Yes,Yes
2026-04-13 20:22:37,26.3,2400,910,,910,960,44,,200,,,648,,75.7,0.8600,0.6000,0.6000,1.1000,0.00000000,0.09368929,0.13955800,0.03415755,0.00000000,0.37475720,0.49870020,1.75921000,0.00000000,0.00000000,0.00610500,0.01294260,3.62646800,3.32024100,1.82124300,1.10549400,0.60549390,1.10219700,0.80146440,0.86119580,3.30952000,3.31501500,0.79941320,4.92718000,4.91914000,0.00000000, 3, 255, 7, 24,0xf0000,No,No,No,No,Yes,Yes,Yes,Yes
2026-04-13 20:22:39,24.4,2400,910,,910,960,44,,200,,,648,,74.7,0.8600,0.6000,0.6000,1.1000,0.00000000,0.09466522,0.14053390,0.05172429,0.00000000,0.37573300,0.50943550,2.83974000,0.00000000,0.00000000,0.00470085,0.01343100,3.59955700,3.31560100,1.82124300,1.10732500,0.60146460,1.10476100,0.80146440,0.86146430,3.30952000,3.31135200,0.79882700,4.95934000,4.96336000,0.00000000, 3, 255, 7, 24,0xf0000,No,No,No,No,Yes,Yes,Yes,Yes
2026-04-13 20:22:42,11.2,2400,910,,910,960,44,,200,,,648,,76.8,0.8600,0.6000,0.6000,1.1000,0.00000000,0.09661707,0.15614880,0.19908970,0.02058840,0.37475720,0.57482280,4.83113000,0.00000000,0.00000000,0.00586080,0.01282050,3.56429400,3.31652900,1.80024200,1.10842400,0.60183090,1.10146400,0.79926660,0.85985260,3.30952000,3.31318300,0.79970620,4.85616000,4.85616000,0.00000000, 3, 255, 7, 24,0xf0000,No,No,No,No,Yes,Yes,Yes,Yes
2026-04-13 20:22:44,1.5,2400,910,,910,960,44,,200,,,648,,75.2,0.8600,0.6000,0.6000,1.1000,0.00000000,0.09564114,0.15126920,0.15029320,0.00196080,0.37475720,0.56701540,4.71504000,0.00000000,0.00018315,0.00586080,0.01294260,3.58378200,3.31096100,1.81733600,1.10659200,0.60366240,1.10073200,0.79999920,0.86307610,3.30952000,3.31135200,0.79912020,4.85750000,4.79720000,0.00000000, 3, 255, 7, 24,0xf0000,No,No,No,No,Yes,Yes,Yes,Yes
2026-04-13 20:22:46,1.0,2400,910,,910,960,44,,200,,,648,,75.2,0.8600,0.6000,0.6000,1.1000,0.00000000,0.10735230,0.13760610,0.03610941,0.00000000,0.36597380,0.50553170,1.74135000,0.00000000,0.00000000,0.00525030,0.01306470,3.62832400,3.31188900,1.81733600,1.10586000,0.60292980,1.10292900,0.79926660,0.86119580,3.30952000,3.31501500,0.79970620,4.99016000,4.98480000,0.00000000, 3, 255, 7, 24,0xf0000,No,No,No,No,Yes,Yes,Yes,Yes
2026-04-13 20:22:48,2.0,2400,910,,910,960,44,,200,,,648,,75.7,0.8600,0.6000,0.6000,1.1000,0.00000000,0.09173742,0.13760610,0.03610941,0.00000000,0.36499780,0.49772430,1.71456000,0.00000000,0.00018315,0.00543345,0.01282050,3.62182800,3.31560100,1.82124300,1.11062200,0.60439500,1.10292900,0.80036550,0.86173300,3.30952000,3.31043600,0.79941320,4.95264000,4.95532000,0.00000000, 3, 255, 7, 24,0xf0000,No,No,No,No,Yes,Yes,Yes,Yes
2026-04-13 20:22:50,3.0,2400,910,,910,960,44,,200,,,648,,75.2,0.8600,0.6000,0.6000,1.1000,0.00000000,0.09564114,0.13760610,0.03318162,0.00000000,0.36402190,0.50162800,1.73242000,0.00000000,0.00000000,0.00610500,0.01318680,3.63389100,3.31560100,1.80561500,1.11245300,0.60366240,1.10329600,0.80036550,0.86173300,3.30860500,3.31135200,0.79941320,4.97542000,4.97408000,0.00000000, 3, 255, 7, 24,0xf0000,No,No,No,No,Yes,Yes,Yes,Yes
2026-04-13 20:22:52,7.7,2400,910,,910,960,44,,200,,,648,,75.2,0.8600,0.6000,0.6000,1.1000,0.00000000,0.10540040,0.14053390,0.03513348,0.00000000,0.36499780,0.49772430,1.75028000,0.00000000,0.00000000,0.00506715,0.01282050,3.62832400,3.30817700,1.82124300,1.10952300,0.60586020,1.10219700,0.80146440,0.86092710,3.30860500,3.31043600,0.79941320,4.95800000,4.94460000,0.00000000, 3, 255, 7, 24,0xf0000,No,No,No,No,Yes,Yes,Yes,Yes
2026-04-13 20:22:54,24.2,1600,545,,545,551,43,,200,,,648,,74.7,0.7200,0.6000,0.6000,1.1000,0.00000000,0.09173742,0.13175060,0.03220569,0.00000000,0.36597380,0.53773740,1.20555000,0.00000000,0.00024420,0.00543345,0.01294260,3.63574700,3.31745700,1.80659200,1.10915600,0.60549390,1.10183000,0.80146440,0.72097620,3.30860500,3.31135200,0.79970620,4.94728000,4.95264000,0.00000000, 3, 255, 7, 24,0xf0000,No,No,No,No,Yes,Yes,Yes,Yes
2026-04-13 20:22:57,27.3,2400,910,,910,960,44,,200,,,648,,75.2,0.8600,0.6000,0.6000,1.1000,0.00000000,0.09173742,0.13858210,0.03513348,0.00000000,0.36694970,0.49772430,1.74135000,0.00000000,0.00000000,0.00506715,0.01294260,3.59955700,3.31188900,1.81733600,1.10586000,0.60146460,1.10292900,0.80146440,0.86119580,3.30860500,3.31135200,0.79882700,4.91646000,4.94058000,0.00000000, 3, 255, 7, 24,0xf0000,No,No,No,No,Yes,Yes,Yes,Yes
2026-04-13 20:22:59,26.1,2400,910,,910,960,44,,200,,,648,,75.2,0.8600,0.6000,0.6000,1.1000,0.00000000,0.09466522,0.14053390,0.03903720,0.00000000,0.36402190,0.50455580,2.81295000,0.00000000,0.00006105,0.00482295,0.01282050,3.59955700,3.31560100,1.80561500,1.10915600,0.60366240,1.10146400,0.80036550,0.86173300,3.30860500,3.31226800,0.79941320,4.89770000,4.97274000,0.00000000, 3, 255, 7, 24,0xf0000,No,No,No,No,Yes,Yes,Yes,Yes
2026-04-13 20:23:01,19.0,2400,910,,591,602,44,,200,,,648,,76.3,0.7638,0.6000,0.6000,1.1000,0.00000000,0.09368929,0.13955800,0.03415755,0.00000000,0.36597380,0.50162800,2.83081000,0.00000000,0.00000000,0.00543345,0.01318680,3.57728600,3.31560100,1.82124300,1.10659200,0.60512760,1.10146400,0.79999920,0.86173300,3.30860500,3.31135200,0.79941320,4.88296000,4.97274000,0.00000000, 3, 255, 7, 24,0xf0000,No,No,No,No,Yes,Yes,Yes,Yes
2026-04-13 20:23:03,1.0,2400,910,,910,960,44,,200,,,648,,76.8,0.8600,0.6000,0.6000,1.1000,0.00000000,0.09466522,0.13955800,0.03806127,0.00000000,0.37768490,0.50943550,2.83081000,0.00000000,0.00048840,0.00512820,0.01318680,3.60883600,3.32952100,1.80024200,1.10952300,0.60402870,1.10292900,0.79999920,0.86119580,3.30952000,3.31226800,0.79912020,4.93388000,4.92584000,0.00000000, 3, 255, 7, 24,0xf0000,No,No,No,No,Yes,Yes,Yes,Yes
2026-04-13 20:23:05,1.0,2400,910,,910,960,44,,200,,,648,,75.2,0.8600,0.6000,0.6000,1.1000,0.00000000,0.09466522,0.13663020,0.03122976,0.00000000,0.36597380,0.50065210,1.74135000,0.00000000,0.00006105,0.00610500,0.01282050,3.62182800,3.31560100,1.82124300,1.10659200,0.60036570,1.10292900,0.80036550,0.86173300,3.31043600,3.31135200,0.79941320,4.95666000,4.97140000,0.00000000, 3, 255, 7, 24,0xf0000,No,No,No,No,Yes,Yes,Yes,Yes
2026-04-13 20:23:07,5.3,2400,910,,910,960,43,,200,,,648,,75.2,0.8600,0.6000,0.6000,1.1000,0.00000000,0.10149670,0.13858210,0.03122976,0.00000000,0.36499780,0.49870020,1.74135000,0.00000000,0.00000000,0.00610500,0.01343100,3.62739600,3.30632200,1.81733600,1.10915600,0.60109830,1.10329600,0.79926660,0.86065850,3.30952000,3.31135200,0.79882700,4.96336000,4.90574000,0.00000000, 3, 255, 7, 24,0xf0000,No,No,No,No,Yes,Yes,Yes,Yes
2026-04-13 20:23:09,4.2,2400,910,,910,960,44,,200,,,648,,74.7,0.8600,0.6000,0.6000,1.1000,0.00000000,0.10442450,0.13565430,0.03318162,0.00000000,0.36597380,0.49967620,1.75028000,0.00000000,0.00006105,0.00525030,0.01306470,3.62090000,3.31560100,1.81684800,1.10952300,0.60036570,1.10109800,0.80036550,0.86173300,3.30768900,3.31226800,0.79941320,4.95666000,4.94594000,0.00000000, 3, 255, 7, 24,0xf0000,No,No,No,No,Yes,Yes,Yes,Yes
2026-04-13 20:23:12,5.5,2400,910,,910,960,44,,200,,,648,,75.2,0.8600,0.6000,0.6000,1.1000,0.00000000,0.12784680,0.13760610,0.03513348,0.00000000,0.36499780,0.50065210,1.74135000,0.00000000,0.00006105,0.00518925,0.01282050,3.61904400,3.29889800,1.80610300,1.10549400,0.60073200,1.10146400,0.79963290,0.86119580,3.30860500,3.31135200,0.79941320,4.92718000,4.92048000,0.00000000, 3, 255, 7, 24,0xf0000,No,No,No,No,Yes,Yes,Yes,Yes
2026-04-13 20:23:14,21.8,2400,910,,910,960,44,,200,,,648,,74.7,0.8600,0.6000,0.6000,1.1000,0.00000000,0.09564114,0.13858210,0.03415755,0.00000000,0.36597380,0.50065210,1.74135000,0.00000000,0.00048840,0.00543345,0.01282050,3.59213300,3.31560100,1.80024200,1.11208700,0.59999940,1.10109800,0.80036550,0.86092710,3.31043600,3.31409900,0.79970620,4.93656000,4.93254000,0.00000000, 3, 255, 7, 24,0xf0000,No,No,No,No,Yes,Yes,Yes,Yes
2026-04-13 20:23:16,26.4,2400,910,,910,960,44,,200,,,648,,75.2,0.8600,0.6000,0.6000,1.1000,0.00000000,0.09466522,0.14053390,0.03220569,0.00000000,0.36597380,0.50357990,1.75028000,0.00000000,0.00000000,0.00537240,0.01330890,3.61347600,3.31188900,1.82124300,1.10915600,0.60073200,1.10183000,0.80036550,0.86065850,3.30952000,3.31135200,0.79912020,4.92718000,4.97006000,0.00000000, 3, 255, 7, 24,0xf0000,No,No,No,No,Yes,Yes,Yes,Yes
2026-04-13 20:23:18,27.2,2400,910,,910,960,44,,200,,,648,,75.2,0.8600,0.6000,0.6000,1.1000,0.00000000,0.09466522,0.13858210,0.04684464,0.00000000,0.36597380,0.50553170,2.86653000,0.00000000,0.00006105,0.00482295,0.01306470,3.61347600,3.32024100,1.82124300,1.10879000,0.60586020,1.10292900,0.79963290,0.86119580,3.31135200,3.31318300,0.79912020,4.93388000,4.89770000,0.00000000, 3, 255, 7, 24,0xf0000,No,No,No,No,Yes,Yes,Yes,Yes
2026-04-13 20:23:20,22.1,2400,910,,910,960,44,,200,,,648,,77.9,0.8600,0.6000,0.6000,1.1000,0.00000000,0.09173742,0.13955800,0.03708534,0.00000000,0.37573300,0.50162800,1.77707000,0.00000000,0.00018315,0.00561660,0.01318680,3.58378200,3.31188900,1.82124300,1.10915600,0.60586020,1.10146400,0.80036550,0.86173300,3.30860500,3.31135200,0.79970620,4.87090000,4.91244000,0.00000000, 3, 255, 7, 24,0xf0000,No,No,No,No,Yes,Yes,Yes,Yes
2026-04-13 20:23:22,5.2,2400,910,,910,960,44,,200,,,648,,77.9,0.8600,0.6000,0.6000,1.1000,0.00000000,0.09466522,0.14931730,0.18835450,0.00637260,0.36499780,0.54359300,4.38463000,0.00000000,0.00024420,0.00537240,0.01306470,3.57450200,3.31374500,1.80659200,1.10402800,0.60256350,1.10329600,0.80073180,0.85689780,3.31318300,3.31226800,0.79882700,4.84008000,4.82266000,0.00000000, 3, 255, 7, 24,0xf0000,No,No,No,No,Yes,Yes,Yes,Yes
2026-04-13 20:23:24,2.5,1500,500,,500,500,44,,200,,,648,,74.1,0.7200,0.6000,0.6000,1.1000,0.06343545,0.09368929,0.13175060,0.03610941,0.00000000,0.36597380,0.49967620,1.17876000,0.00000000,0.00024420,0.00482295,0.01294260,3.63018000,3.31745700,1.80659200,1.10622600,0.60109830,1.10109800,0.79999920,0.72070740,3.30860500,3.31135200,0.79941320,4.98882000,4.98614000,0.00000000, 3, 255, 7, 24,0xf0000,No,No,No,No,Yes,Yes,Yes,Yes
2026-04-13 20:23:27,1.5,2400,910,,910,960,44,,200,,,648,,74.1,0.8600,0.6000,0.6000,1.1000,0.05562801,0.09466522,0.13858210,0.03513348,0.00000000,0.36597380,0.49772430,1.72349000,0.00000000,0.00006105,0.00543345,0.01306470,3.63389100,3.31560100,1.82124300,1.11208700,0.60073200,1.10109800,0.79963290,0.86119580,3.31043600,3.31318300,0.79912020,4.99284000,4.99820000,0.00000000, 3, 255, 7, 24,0xf0000,No,No,No,No,Yes,Yes,Yes,Yes
2026-04-13 20:23:29,3.0,2400,910,,910,960,44,,200,,,648,,75.2,0.8600,0.6000,0.6000,1.1000,0.06343545,0.10052080,0.13565430,0.03708534,0.00000000,0.36694970,0.49967620,1.72349000,0.00000000,0.00006105,0.00537240,0.01282050,3.61347600,3.31281700,1.82124300,1.10659200,0.60439500,1.10146400,0.80036550,0.86173300,3.30860500,3.31135200,0.79941320,4.92986000,4.96202000,0.00000000, 3, 255, 7, 24,0xf0000,No,No,No,No,Yes,Yes,Yes,Yes
2026-04-13 20:23:31,3.0,2400,910,,910,960,44,,200,,,648,,75.2,0.8600,0.6000,0.6000,1.1000,0.00000000,0.13077460,0.13565430,0.03220569,0.00000000,0.36694970,0.49577240,2.00032000,0.00000000,0.00048840,0.00598290,0.01282050,3.62275600,3.30168200,1.80024200,1.10769100,0.60366240,1.10219700,0.80036550,0.86200170,3.30860500,3.30860500,0.79941320,4.90842000,4.94460000,0.00000000, 3, 255, 7, 24,0xf0000,No,No,No,No,Yes,Yes,Yes,Yes
2026-04-13 20:23:33,14.3,2400,910,,910,960,44,,200,,,648,,75.7,0.8600,0.6000,0.6000,1.1000,0.00000000,0.09466522,0.13760610,0.02927790,0.00000000,0.37475720,0.49870020,1.75028000,0.00000000,0.00000000,0.00543345,0.01330890,3.63389100,3.32024100,1.82124300,1.10915600,0.60366240,1.10109800,0.80146440,0.86119580,3.31043600,3.31501500,0.79941320,4.98614000,4.96872000,0.00000000, 3, 255, 7, 24,0xf0000,No,No,No,No,Yes,Yes,Yes,Yes
2026-04-13 20:23:35,27.2,1600,545,,545,551,43,,200,,,648,,74.7,0.7500,0.6000,0.6000,1.1000,0.00000000,0.09661707,0.13663020,0.03415755,0.00000000,0.36499780,0.49967620,1.28592000,0.00000000,0.00024420,0.00506715,0.01306470,3.63574700,3.32024100,1.80659200,1.11282000,0.60476130,1.10329600,0.79963290,0.75589670,3.31135200,3.31043600,0.79912020,4.96872000,4.98748000,0.00000000, 3, 255, 7, 24,0xf0000,No,No,No,No,Yes,Yes,Yes,Yes
2026-04-13 20:23:37,27.1,2400,910,,910,960,44,,200,,,648,,75.7,0.8600,0.6000,0.6000,1.1000,0.00000000,0.09368929,0.13858210,0.04001313,0.00000000,0.38744420,0.50260400,1.75028000,0.00000000,0.00000000,0.00482295,0.01294260,3.60976400,3.29518600,1.82124300,1.11098800,0.60366240,1.10329600,0.80146440,0.86119580,3.30860500,3.31135200,0.79999920,4.94192000,4.92986000,0.00000000, 3, 255, 7, 24,0xf0000,No,No,No,No,Yes,Yes,Yes,Yes
2026-04-13 20:23:39,27.3,2400,910,,910,960,44,,200,,,648,,76.3,0.8600,0.6000,0.6000,1.1000,0.00000000,0.09368929,0.13760610,0.03513348,0.00000000,0.37573300,0.49967620,1.77707000,0.00000000,0.00000000,0.00494505,0.01269840,3.62461200,3.31560100,1.81733600,1.10915600,0.60109830,1.10329600,0.80146440,0.86119580,3.31043600,3.31135200,0.79970620,4.97944000,4.99150000,0.00000000, 3, 255, 7, 24,0xf0000,No,No,No,No,Yes,Yes,Yes,Yes
2026-04-13 20:23:41,12.5,2400,910,,910,960,44,,200,,,648,,77.9,0.8600,0.6000,0.6000,1.1000,0.00000000,0.08880963,0.14443760,0.16493220,0.00000000,0.37573300,0.55530420,3.20587000,0.00000000,0.00000000,0.00512820,0.01294260,3.60790800,3.31931300,1.81733600,1.10732500,0.60219720,1.10329600,0.80146440,0.76717870,3.31043600,3.31501500,0.79912020,4.92584000,4.96738000,0.00000000, 3, 255, 7, 24,0xf0000,No,No,No,No,Yes,Yes,Yes,Yes
2026-04-13 20:23:44,0.7,2400,910,,910,960,44,,200,,,648,,76.8,0.8600,0.6000,0.6000,1.1000,0.00000000,0.09564114,0.14736540,0.13467840,0.00000000,0.36304600,0.57677460,4.67039000,0.00000000,0.00000000,0.00500610,0.01294260,3.61811600,3.31560100,1.80024200,1.12527400,0.60256350,1.10256300,0.79963290,0.86173300,3.30952000,3.31226800,0.79912020,4.77844000,4.84410000,0.00000000, 3, 255, 7, 24,0xf0000,No,No,No,No,Yes,Yes,Yes,Yes
2026-04-13 20:23:46,2.0,2400,910,,910,960,44,,200,,,648,,75.7,0.8600,0.6000,0.6000,1.1000,0.00000000,0.09368929,0.13858210,0.03318162,0.00000000,0.38842010,0.49870020,1.74135000,0.00000000,0.00000000,0.00537240,0.01318680,3.62925200,3.31003300,1.82124300,1.11245300,0.60659280,1.10256300,0.80146440,0.86146430,3.30952000,3.31318300,0.79941320,4.98614000,4.98078000,0.00000000, 3, 255, 7, 24,0xf0000,No,No,No,No,Yes,Yes,Yes,Yes
2026-04-13 20:23:48,2.3,1500,500,,500,500,44,,200,,,648,,74.7,0.7200,0.6000,0.6000,1.1000,0.00000000,0.09271335,0.13175060,0.03318162,0.00000000,0.36890160,0.49967620,1.19662000,0.00000000,0.00000000,0.00482295,0.01318680,3.65616200,3.31281700,1.80659200,1.11355200,0.60695910,1.10476100,0.79963290,0.72097620,3.30952000,3.31318300,0.79941320,5.02768000,5.00490000,0.00000000, 3, 255, 7, 24,0xf0000,No,No,No,No,Yes,Yes,Yes,Yes
2026-04-13 20:23:50,3.0,2400,910,,910,960,44,,200,,,648,,74.1,0.8600,0.6000,0.6000,1.1000,0.00000000,0.09368929,0.13955800,0.03025383,0.00000000,0.35621450,0.49870020,1.73242000,0.00000000,0.00006105,0.00500610,0.01294260,3.63018000,3.30910500,1.79877700,1.10732500,0.60439500,1.10146400,0.80073180,0.86119580,3.31135200,3.31318300,0.79912020,4.99284000,4.99284000,0.00000000, 3, 255, 7, 24,0xf0000,No,No,No,No,Yes,Yes,Yes,Yes
2026-04-13 20:23:52,5.8,2400,910,,910,960,44,,200,,,648,,74.7,0.8600,0.6000,0.6000,1.1000,0.00000000,0.10930420,0.13663020,0.03025383,0.00000000,0.34157550,0.50357990,1.75028000,0.00000000,0.00030525,0.00586080,0.01306470,3.63760300,3.31467300,1.80317300,1.11062200,0.60659280,1.10292900,0.79963290,0.86173300,3.31135200,3.31043600,0.79912020,4.93924000,4.97676000,0.00000000, 3, 255, 7, 24,0xf0000,No,No,No,No,Yes,Yes,Yes,Yes
2026-04-13 20:23:54,23.4,2400,910,,910,960,44,,200,,,648,,75.2,0.8600,0.6000,0.6000,1.1000,0.00000000,0.09466522,0.14736540,0.10149670,0.00000000,0.36499780,0.49967620,1.75028000,0.00000000,0.00048840,0.00549450,0.01306470,3.60698000,3.30724900,1.80024200,1.11355200,0.60586020,1.10219700,0.80036550,0.86038990,3.30860500,3.31226800,0.79970620,4.92986000,4.93120000,0.00000000, 3, 255, 7, 24,0xf0000,No,No,No,No,Yes,Yes,Yes,Yes
2026-04-13 20:23:56,27.2,2400,910,,910,960,44,,200,,,648,,75.2,0.8600,0.6000,0.6000,1.1000,0.00000000,0.08685777,0.13955800,0.04001313,0.00000000,0.36694970,0.49967620,1.75028000,0.00000000,0.00000000,0.00506715,0.01306470,3.60698000,3.31652900,1.80024200,1.11062200,0.60036570,1.10109800,0.79926660,0.86119580,3.30952000,3.31135200,0.79912020,4.93120000,4.95130000,0.00000000, 3, 255, 7, 24,0xf0000,No,No,No,No,Yes,Yes,Yes,Yes
2026-04-13 20:23:59,26.0,2400,910,,910,960,44,,200,,,648,,76.3,0.8600,0.6000,0.6000,1.1000,0.00000000,0.08685777,0.14150990,0.02830197,0.00000000,0.36792560,0.49772430,1.76814000,0.00000000,0.00024420,0.00555555,0.01294260,3.62925200,3.31003300,1.80659200,1.11025500,0.60476130,1.10219700,0.79999920,0.86173300,3.30952000,3.31043600,0.79941320,4.94326000,4.98882000,0.00000000, 3, 255, 7, 24,0xf0000,No,No,No,No,Yes,Yes,Yes,Yes
2026-04-13 20:24:01,20.3,2400,910,,910,960,44,,200,,,648,,77.9,0.8600,0.6000,0.6000,1.1000,0.00000000,0.09564114,0.13858210,0.04001313,0.00000000,0.36597380,0.49967620,1.78600000,0.00000000,0.00006105,0.00512820,0.01330890,3.62832400,3.29518600,1.82515100,1.10805800,0.60476130,1.10109800,0.79963290,0.86146430,3.30952000,3.31226800,0.79912020,4.99552000,4.97140000,0.00000000, 3, 255, 7, 24,0xf0000,No,No,No,No,Yes,Yes,Yes,Yes
2026-04-13 20:24:03,2.5,2400,910,,910,960,44,,200,,,648,,77.4,0.8600,0.6000,0.6000,1.1000,0.00000000,0.09466522,0.14834140,0.15029320,0.02009820,0.34255140,0.57775060,5.19726000,0.00000000,0.00024420,0.00555555,0.01318680,3.59120500,3.31003300,1.80659200,1.10805800,0.60366240,1.10146400,0.80292960,0.86495640,3.31043600,3.31226800,0.79970620,4.82266000,4.86688000,0.00000000, 3, 255, 7, 24,0xf0000,No,No,No,No,Yes,Yes,Yes,Yes
2026-04-13 20:24:05,3.5,1800,636,,636,653,44,,200,,,648,,74.1,0.7200,0.6000,0.6000,1.1000,0.00000000,0.09466522,0.13272650,0.03025383,0.00000000,0.37670900,0.50162800,1.21448000,0.00000000,0.00000000,0.00586080,0.01318680,3.63574700,3.32766400,1.80659200,1.10659200,0.60622650,1.10219700,0.79999920,0.72070740,3.30860500,3.31135200,0.79882700,4.95666000,5.04376000,0.00000000, 3, 255, 7, 24,0xf0000,No,No,No,No,Yes,Yes,Yes,Yes
2026-04-13 20:24:07,1.5,2400,910,,910,960,44,,200,,,648,,75.2,0.8600,0.6000,0.6000,1.1000,0.00000000,0.09271335,0.13760610,0.03318162,0.00000000,0.36792560,0.49967620,1.74135000,0.00000000,0.00006105,0.00482295,0.01306470,3.62461200,3.29333000,1.82124300,1.10732500,0.60512760,1.10219700,0.79926660,0.86119580,3.31135200,3.31135200,0.79912020,4.97140000,4.97274000,0.00000000, 3, 255, 7, 24,0xf0000,No,No,No,No,Yes,Yes,Yes,Yes
2026-04-13 20:24:09,3.0,2400,910,,910,960,44,,200,,,648,,75.2,0.8600,0.6000,0.6000,1.1000,0.00000000,0.09173742,0.13760610,0.03415755,0.00000000,0.36597380,0.50065210,1.75921000,0.00000000,0.00018315,0.00561660,0.01306470,3.63667500,3.31560100,1.82124300,1.10952300,0.59999940,1.10219700,0.80036550,0.86092710,3.31043600,3.31043600,0.79970620,4.95264000,4.99552000,0.00000000, 3, 255, 7, 24,0xf0000,No,No,No,No,Yes,Yes,Yes,Yes
2026-04-13 20:24:11,8.3,2400,910,,910,960,44,,200,,,648,,76.3,0.8600,0.6000,0.6000,1.1000,0.00000000,0.09271335,0.13760610,0.03220569,0.00000000,0.36499780,0.50357990,1.75921000,0.00000000,0.00048840,0.00506715,0.01294260,3.62275600,3.31003300,1.79926600,1.10622600,0.60512760,1.10219700,0.79963290,0.86146430,3.31135200,3.31318300,0.79912020,4.97408000,4.97810000,0.00000000, 3, 255, 7, 24,0xf0000,No,No,No,No,Yes,Yes,Yes,Yes
2026-04-13 20:24:13,17.1,2400,910,,910,960,44,,200,,,648,,76.3,0.8600,0.6000,0.6000,1.1000,0.00000000,0.11028010,0.14248580,0.03903720,0.00000000,0.36499780,0.49967620,1.76814000,0.00000000,0.00012210,0.00586080,0.01318680,3.62925200,3.31931300,1.81733600,1.10769100,0.60292980,1.10292900,0.80146440,0.86119580,3.30952000,3.31501500,0.79941320,4.94862000,4.95130000,0.00000000, 3, 255, 7, 24,0xf0000,No,No,No,No,Yes,Yes,Yes,Yes
2026-04-13 20:24:16,31.0,2400,910,,910,960,44,,200,,,648,,75.7,0.8600,0.6000,0.6000,1.1000,0.00000000,0.09564114,0.14053390,0.03708534,0.00000000,0.36499780,0.50553170,1.75028000,0.00000000,0.00000000,0.00531135,0.01294260,3.61347600,3.31838500,1.82124300,1.10952300,0.60659280,1.10219700,0.79999920,0.86119580,3.31135200,3.31135200,0.79941320,4.92986000,4.92718000,0.00000000, 3, 255, 7, 24,0xf0000,No,No,No,No,Yes,Yes,Yes,Yes
2026-04-13 20:24:18,26.1,2400,910,,910,960,44,,200,,,648,,76.3,0.8600,0.6000,0.6000,1.1000,0.00000000,0.09564114,0.13858210,0.03610941,0.00000000,0.34743110,0.50065210,1.77707000,0.00000000,0.00006105,0.00512820,0.01318680,3.61347600,3.31931300,1.81733600,1.10842400,0.60036570,1.10256300,0.79963290,0.86173300,3.31043600,3.31226800,0.79941320,4.93254000,4.95130000,0.00000000, 3, 255, 7, 24,0xf0000,No,No,No,No,Yes,Yes,Yes,Yes
2026-04-13 20:24:20,23.7,2400,910,,910,960,44,,200,,,648,,77.4,0.8600,0.6000,0.6000,1.1000,0.00000000,0.09564114,0.14931730,0.13272650,0.00000000,0.36597380,0.50553170,2.84867000,0.00000000,0.00024420,0.00683760,0.01294260,3.60790800,3.32580900,1.80024200,1.10549400,0.60183090,1.10292900,0.80036550,0.86092710,3.31043600,3.31043600,0.79882700,4.99686000,4.97542000,0.00000000, 3, 255, 7, 24,0xf0000,No,No,No,No,Yes,Yes,Yes,Yes
2026-04-13 20:24:22,9.0,2400,910,,910,960,44,,200,,,648,,77.9,0.8600,0.6000,0.6000,1.1000,0.00000000,0.09564114,0.15029320,0.18054710,0.00931380,0.36499780,0.57482280,4.86685000,0.00000000,0.00006105,0.00518925,0.01294260,3.59120500,3.31003300,1.81684800,1.10292900,0.60109830,1.10146400,0.80073180,0.86065850,3.31135200,3.31043600,0.79912020,4.87224000,4.84946000,0.00000000, 3, 255, 7, 24,0xf0000,No,No,No,No,Yes,Yes,Yes,Yes
2026-04-13 20:24:24,0.5,2400,910,,910,960,44,,200,,,648,,75.7,0.8600,0.6000,0.6000,1.1000,0.00000000,0.08880963,0.14346170,0.08295405,0.00000000,0.36402190,0.52309850,2.77723000,0.00000000,0.00000000,0.00512820,0.01306470,3.59491700,3.31281700,1.80561500,1.10842400,0.60036570,1.10073200,0.80146440,0.86173300,3.30860500,3.31135200,0.79941320,4.87760000,4.94326000,0.00000000, 3, 255, 7, 24,0xf0000,No,No,No,No,Yes,Yes,Yes,Yes
2026-04-13 20:24:26,2.0,1500,500,,500,500,44,,200,,,648,,74.7,0.7200,0.6000,0.6000,1.1000,0.00000000,0.09564114,0.13077460,0.04001313,0.00000000,0.36597380,0.50065210,1.20555000,0.00000000,0.00024420,0.00549450,0.01318680,3.63389100,3.31560100,1.80659200,1.11282000,0.60622650,1.10146400,0.79999920,0.72097620,3.30952000,3.31135200,0.79941320,5.00624000,5.00624000,0.00000000, 3, 255, 7, 24,0xf0000,No,No,No,No,Yes,Yes,Yes,Yes
2026-04-13 20:24:28,1.8,2400,910,,910,960,44,,200,,,648,,75.2,0.8600,0.6000,0.6000,1.1000,0.00000000,0.09271335,0.13760610,0.03220569,0.00000000,0.36402190,0.49870020,1.77707000,0.00000000,0.00000000,0.00488400,0.01318680,3.63667500,3.31188900,1.82124300,1.10695900,0.60512760,1.10329600,0.79963290,0.86119580,3.31135200,3.31043600,0.79912020,4.98346000,4.97140000,0.00000000, 3, 255, 7, 24,0xf0000,No,No,No,No,Yes,Yes,Yes,Yes
2026-04-13 20:24:31,3.5,2400,910,,910,960,44,,200,,,648,,75.2,0.8600,0.6000,0.6000,1.1000,0.00000000,0.09271335,0.13858210,0.03318162,0.00000000,0.36694970,0.50065210,1.75028000,0.00000000,0.00000000,0.00561660,0.01343100,3.62925200,3.31560100,1.81733600,1.10805800,0.59963310,1.10219700,0.79963290,0.86119580,3.30860500,3.31135200,0.79999920,4.99016000,5.01160000,0.00000000, 3, 255, 7, 24,0xf0000,No,No,No,No,Yes,Yes,Yes,Yes
2026-04-13 20:24:33,10.0,2400,910,,910,960,44,,200,,,648,,75.7,0.8600,0.6000,0.6000,1.1000,0.00000000,0.09173742,0.13858210,0.03122976,0.00000000,0.36402190,0.49674840,1.75921000,0.00000000,0.00006105,0.00586080,0.01306470,3.62832400,3.31560100,1.82124300,1.10915600,0.60292980,1.10256300,0.79963290,0.86119580,3.30860500,3.31135200,0.79941320,4.96202000,4.96202000,0.00000000, 3, 255, 7, 24,0xf0000,No,No,No,No,Yes,Yes,Yes,Yes
2026-04-13 20:24:35,26.1,2400,910,,910,960,44,,200,,,648,,76.3,0.8600,0.6000,0.6000,1.1000,0.00000000,0.09368929,0.14053390,0.03610941,0.00000000,0.36694970,0.50748360,1.75921000,0.00000000,0.00006105,0.00470085,0.01282050,3.63389100,3.32024100,1.81684800,1.10805800,0.60219720,1.10146400,0.80329590,0.86146430,3.30952000,3.31226800,0.79970620,4.96202000,4.98346000,0.00000000, 3, 255, 7, 24,0xf0000,No,No,No,No,Yes,Yes,Yes,Yes
2026-04-13 20:24:37,24.2,1700,591,,500,500,44,,200,,,648,,75.7,0.7200,0.6000,0.6000,1.1000,0.00000000,0.14736540,0.13077460,0.03122976,0.00000000,0.36499780,0.50748360,1.22341000,0.00000000,0.00024420,0.00586080,0.01367520,3.64595500,3.32580900,1.79828900,1.10439400,0.60549390,1.10146400,0.80036550,0.72070740,3.31043600,3.31043600,0.79941320,5.02768000,5.01562000,0.00000000, 3, 255, 7, 24,0xf0000,No,No,No,No,Yes,Yes,Yes,Yes
2026-04-13 20:24:39,27.2,2400,910,,910,960,44,,200,,,648,,76.3,0.8600,0.6000,0.6000,1.1000,0.00000000,0.09368929,0.13858210,0.03513348,0.00000000,0.36792560,0.50357990,1.75028000,0.00000000,0.00000000,0.00482295,0.01318680,3.59491700,3.31931300,1.82124300,1.10476100,0.60109830,1.10329600,0.79890030,0.86065850,3.30952000,3.31226800,0.79941320,4.87760000,4.94192000,0.00000000, 3, 255, 7, 24,0xf0000,No,No,No,No,Yes,Yes,Yes,Yes
2026-04-13 20:24:41,17.3,2400,910,,910,960,44,,200,,,648,,77.9,0.8600,0.6000,0.6000,1.1000,0.00000000,0.09466522,0.13760610,0.04001313,0.00000000,0.36694970,0.50357990,2.86653000,0.00000000,0.00000000,0.00586080,0.01318680,3.59491700,3.31652900,1.80561500,1.10439400,0.60146460,1.10256300,0.79999920,0.86173300,3.30860500,3.31135200,0.79941320,4.95934000,4.94862000,0.00000000, 3, 255, 7, 24,0xf0000,No,No,No,No,Yes,Yes,Yes,Yes
2026-04-13 20:24:43,5.0,1500,500,,500,500,44,,200,,,648,,76.3,0.8600,0.6000,0.6000,1.1000,0.00000000,0.09466522,0.14150990,0.04098906,0.00000000,0.36694970,0.50748360,2.85760000,0.00000000,0.00048840,0.00506715,0.01330890,3.62739600,3.31838500,1.80024200,1.10659200,0.60622650,1.10219700,0.80036550,0.86173300,3.31043600,3.31226800,0.79970620,4.97408000,4.97810000,0.00000000, 3, 255, 7, 24,0xf0000,No,No,No,No,Yes,Yes,Yes,Yes
2026-04-13 20:24:46,1.5,2400,910,,910,960,44,,200,,,648,,75.7,0.8600,0.6000,0.6000,1.1000,0.00000000,0.09564114,0.13858210,0.13175060,0.00049020,0.36499780,0.50065210,2.54505000,0.00000000,0.00018315,0.00525030,0.01318680,3.61347600,3.31003300,1.81733600,1.10659200,0.60183090,1.10219700,0.80036550,0.86173300,3.30952000,3.31318300,0.79941320,4.88698000,4.89904000,0.00000000, 3, 255, 7, 24,0xf0000,No,No,No,No,Yes,Yes,Yes,Yes
2026-04-13 20:24:48,3.0,2400,910,,910,960,44,,200,,,648,,76.3,0.8600,0.6000,0.6000,1.1000,0.00000000,0.10052080,0.13663020,0.03318162,0.00000000,0.36402190,0.50162800,1.75028000,0.00000000,0.00048840,0.00610500,0.01306470,3.63018000,3.30910500,1.80024200,1.10842400,0.60512760,1.10292900,0.80036550,0.86173300,3.30952000,3.31226800,0.79999920,4.96202000,4.98480000,0.00000000, 3, 255, 7, 24,0xf0000,No,No,No,No,Yes,Yes,Yes,Yes
2026-04-13 20:24:50,2.8,2400,910,,910,960,44,,200,,,648,,75.7,0.8600,0.6000,0.6000,1.1000,0.00000000,0.09466522,0.13955800,0.03513348,0.00000000,0.36597380,0.49870020,1.75028000,0.00000000,0.00048840,0.00525030,0.01318680,3.64409900,3.30910500,1.80024200,1.11062200,0.60586020,1.10292900,0.80109810,0.86173300,3.31043600,3.31135200,0.79970620,5.00490000,5.00088000,0.00000000, 3, 255, 7, 24,0xf0000,No,No,No,No,Yes,Yes,Yes,Yes
2026-04-13 20:24:52,5.2,2400,910,,910,960,44,,200,,,648,,75.7,0.8600,0.6000,0.6000,1.1000,0.00000000,0.10247270,0.13858210,0.03513348,0.00000000,0.36402190,0.50357990,1.76814000,0.00000000,0.00048840,0.00543345,0.01318680,3.60698000,3.31096100,1.80024200,1.11355200,0.60439500,1.10329600,0.79963290,0.86119580,3.31043600,3.31226800,0.79912020,4.95130000,4.97408000,0.00000000, 3, 255, 7, 24,0xf0000,No,No,No,No,Yes,Yes,Yes,Yes
2026-04-13 20:24:54,18.6,2400,910,,910,960,44,,200,,,648,,76.3,0.8600,0.6000,0.6000,1.1000,0.00000000,0.09368929,0.13760610,0.03025383,0.00000000,0.36499780,0.50260400,2.82188000,0.00000000,0.00000000,0.00525030,0.01294260,3.59491700,3.30632200,1.79682400,1.10659200,0.60402870,1.10329600,0.80146440,0.86200170,3.31043600,3.31043600,0.79999920,4.92048000,4.92182000,0.00000000, 3, 255, 7, 24,0xf0000,No,No,No,No,Yes,Yes,Yes,Yes
2026-04-13 20:24:56,27.5,2400,910,,910,960,44,,200,,,648,,76.3,0.8600,0.6000,0.6000,1.1000,0.00000000,0.09368929,0.13565430,0.03415755,0.00000000,0.36694970,0.50260400,1.76814000,0.00000000,0.00006105,0.00494505,0.01294260,3.62739600,3.31560100,1.79828900,1.10915600,0.60586020,1.10219700,0.80073180,0.86119580,3.30952000,3.31318300,0.79970620,4.97140000,4.94996000,0.00000000, 3, 255, 7, 24,0xf0000,No,No,No,No,Yes,Yes,Yes,Yes
2026-04-13 20:24:58,25.0,2400,910,,910,960,44,,200,,,648,,76.3,0.8600,0.6000,0.6000,1.1000,0.00000000,0.09271335,0.13858210,0.03610941,0.00000000,0.36694970,0.50260400,1.78600000,0.00000000,0.00000000,0.00500610,0.01257630,3.63853100,3.31560100,1.80024200,1.10988900,0.60366240,1.10146400,0.79926660,0.86119580,3.30952000,3.31135200,0.79912020,4.95130000,4.97006000,0.00000000, 3, 255, 7, 24,0xf0000,No,No,No,No,Yes,Yes,Yes,Yes
2026-04-13 20:25:00,23.7,2400,910,,910,960,44,,200,,,648,,77.4,0.8600,0.6000,0.6000,1.1000,0.00000000,0.16883590,0.17176370,0.03415755,0.00000000,0.36499780,0.50357990,1.83065000,0.00000000,0.00000000,0.00506715,0.01294260,3.62275600,3.31188900,1.82124300,1.10659200,0.60476130,1.10219700,0.80146440,0.86173300,3.30860500,3.31043600,0.79941320,4.87894000,4.91378000,0.00000000, 3, 255, 7, 24,0xf0000,No,No,No,No,Yes,Yes,Yes,Yes
2026-04-13 20:25:03,8.2,2400,910,,910,960,44,,200,,,648,,77.4,0.8600,0.6000,0.6000,1.1000,0.00000000,0.10344860,0.15029320,0.22056020,0.01617660,0.36499780,0.58750990,4.81327000,0.00000000,0.00000000,0.00537240,0.01282050,3.57728600,3.31838500,1.82124300,1.10769100,0.60036570,1.10256300,0.80109810,0.85904670,3.31043600,3.31226800,0.79912020,4.89636000,4.88162000,0.00000000, 3, 255, 7, 24,0xf0000,No,No,No,No,Yes,Yes,Yes,Yes
2026-04-13 20:25:05,1.3,1500,500,,500,500,44,,200,,,648,,75.2,0.7200,0.6000,0.6000,1.1000,0.00000000,0.09173742,0.13565430,0.03415755,0.00000000,0.36597380,0.50162800,1.20555000,0.00000000,0.00024420,0.00543345,0.01318680,3.63574700,3.31374500,1.80659200,1.11135400,0.60219720,1.10256300,0.79926660,0.72097620,3.30952000,3.31135200,0.79941320,5.04376000,5.03304000,0.00000000, 3, 255, 7, 24,0xf0000,No,No,No,No,Yes,Yes,Yes,Yes
2026-04-13 20:25:07,2.5,2400,910,,910,960,44,,200,,,648,,75.7,0.8600,0.6000,0.6000,1.1000,0.00000000,0.09466522,0.13955800,0.03318162,0.00000000,0.38939610,0.50065210,1.75921000,0.00000000,0.00018315,0.00512820,0.01294260,3.64131500,3.31931300,1.81733600,1.10586000,0.60439500,1.10292900,0.80109810,0.86146430,3.30952000,3.31135200,0.79941320,5.00356000,4.98346000,0.00000000, 3, 255, 7, 24,0xf0000,No,No,No,No,Yes,Yes,Yes,Yes
2026-04-13 20:25:09,2.8,2400,910,,910,960,44,,200,,,648,,75.2,0.8600,0.6000,0.6000,1.1000,0.00000000,0.09271335,0.13760610,0.02927790,0.00000000,0.38842010,0.49967620,1.76814000,0.00000000,0.00048840,0.00506715,0.01318680,3.64038700,3.30817700,1.80024200,1.11135400,0.60586020,1.10146400,0.80036550,0.86146430,3.30952000,3.31043600,0.79912020,4.97274000,4.99418000,0.00000000, 3, 255, 7, 24,0xf0000,No,No,No,No,Yes,Yes,Yes,Yes
2026-04-13 20:25:11,4.3,2400,910,,910,960,44,,200,,,648,,76.3,0.8600,0.6000,0.6000,1.1000,0.00000000,0.09564114,0.13858210,0.03318162,0.00000000,0.37378120,0.50065210,1.75921000,0.00000000,0.00006105,0.00586080,0.01294260,3.62832400,3.29333000,1.82124300,1.10769100,0.60329610,1.10292900,0.80036550,0.86092710,3.30952000,3.31043600,0.79941320,4.99552000,5.00892000,0.00000000, 3, 255, 7, 24,0xf0000,No,No,No,No,Yes,Yes,Yes,Yes
2026-04-13 20:25:13,15.3,2400,910,,910,960,44,,200,,,648,,76.3,0.8600,0.6000,0.6000,1.1000,0.00000000,0.09271335,0.13760610,0.03220569,0.00000000,0.36597380,0.49870020,1.77707000,0.00000000,0.00024420,0.00586080,0.01294260,3.62646800,3.32024100,1.80659200,1.10659200,0.60146460,1.10256300,0.79963290,0.86119580,3.30952000,3.31226800,0.79912020,4.97274000,4.95666000,0.00000000, 3, 255, 7, 24,0xf0000,No,No,No,No,Yes,Yes,Yes,Yes
2026-04-13 20:25:15,37.5,1500,500,,500,500,44,,200,,,648,,75.7,0.7200,0.6000,0.6000,1.1000,0.00000000,0.09173742,0.13175060,0.03220569,0.00000000,0.36499780,0.55530420,1.21448000,0.00000000,0.00000000,0.00549450,0.01306470,3.62368400,3.30910500,1.79877700,1.11098800,0.60402870,1.10256300,0.79999920,0.72097620,3.30952000,3.31135200,0.79941320,4.97810000,4.97140000,0.00000000, 3, 255, 7, 24,0xf0000,No,No,No,No,Yes,Yes,Yes,Yes
2026-04-13 20:25:18,25.6,2400,910,,910,960,44,,200,,,648,,77.4,0.8600,0.6000,0.6000,1.1000,0.00000000,0.08880963,0.13760610,0.03220569,0.00000000,0.36304600,0.49967620,1.76814000,0.00000000,0.00018315,0.00470085,0.01294260,3.58934900,3.31838500,1.81733600,1.10952300,0.60292980,1.10329600,0.80109810,0.86146430,3.31043600,3.31135200,0.79970620,4.97140000,4.94326000,0.00000000, 3, 255, 7, 24,0xf0000,No,No,No,No,Yes,Yes,Yes,Yes
2026-04-13 20:25:20,23.8,2400,910,,910,960,44,,200,,,648,,76.3,0.8600,0.6000,0.6000,1.1000,0.00000000,0.14053390,0.13858210,0.03318162,0.00000000,0.36890160,0.50065210,1.97353000,0.00000000,0.00000000,0.00641025,0.01294260,3.64038700,3.31652900,1.81684800,1.11025500,0.60476130,1.10329600,0.79926660,0.86119580,3.30952000,3.31318300,0.79882700,5.01160000,4.99284000,0.00000000, 3, 255, 7, 24,0xf0000,No,No,No,No,Yes,Yes,Yes,Yes
2026-04-13 20:25:22,9.3,2400,910,,910,960,44,,200,,,648,,77.4,0.8600,0.6000,0.6000,1.1000,0.00000000,0.09661707,0.15126920,0.18933040,0.02303940,0.36597380,0.58263020,4.82220000,0.00000000,0.00000000,0.00500610,0.01282050,3.57264600,3.31467300,1.82124300,1.10695900,0.60109830,1.10366200,0.79999920,0.86227020,3.31043600,3.31135200,0.79999920,4.87760000,4.88296000,0.00000000, 3, 255, 7, 24,0xf0000,No,No,No,No,Yes,Yes,Yes,Yes
2026-04-13 20:25:24,0.5,2400,910,,910,960,44,,200,,,648,,75.7,0.8600,0.6000,0.6000,1.1000,0.00000000,0.09466522,0.14248580,0.09466522,0.00000000,0.36694970,0.52212260,2.83974000,0.00000000,0.00006105,0.00549450,0.01282050,3.61440400,3.32024100,1.82124300,1.10805800,0.60329610,1.10146400,0.79963290,0.86065850,3.31043600,3.31226800,0.79970620,4.94996000,4.96068000,0.00000000, 3, 255, 7, 24,0xf0000,No,No,No,No,Yes,Yes,Yes,Yes
2026-04-13 20:25:26,1.3,2400,910,,910,960,44,,200,,,648,,76.3,0.8600,0.6000,0.6000,1.1000,0.06441138,0.09271335,0.13760610,0.03318162,0.00000000,0.36792560,0.50162800,1.75921000,0.00000000,0.00018315,0.00586080,0.01282050,3.61440400,3.31188900,1.81733600,1.11135400,0.60769170,1.10292900,0.80036550,0.86173300,3.30860500,3.30952000,0.79970620,4.96738000,4.95666000,0.00000000, 3, 255, 7, 24,0xf0000,No,No,No,No,Yes,Yes,Yes,Yes
2026-04-13 20:25:28,1.5,2400,910,,910,960,44,,200,,,648,,76.3,0.8600,0.6000,0.6000,1.1000,0.04684464,0.09271335,0.13858210,0.03415755,0.00000000,0.36597380,0.49967620,1.77707000,0.00000000,0.00006105,0.00470085,0.01282050,3.61440400,3.31560100,1.82124300,1.10805800,0.60512760,1.10292900,0.79963290,0.86119580,3.31135200,3.31135200,0.79970620,4.96336000,4.98614000,0.00000000, 3, 255, 7, 24,0xf0000,No,No,No,No,Yes,Yes,Yes,Yes
2026-04-13 20:25:30,2.8,2400,910,,910,960,43,,200,,,648,,76.3,0.8600,0.6000,0.6000,1.1000,0.06343545,0.09466522,0.13663020,0.03318162,0.00000000,0.36207000,0.50065210,1.75921000,0.00000000,0.00000000,0.00586080,0.01282050,3.62739600,3.31560100,1.80024200,1.11025500,0.60109830,1.10256300,0.79963290,0.86119580,3.30860500,3.31318300,0.79882700,4.93656000,4.84008000,0.00000000, 3, 255, 7, 24,0xf0000,No,No,No,No,Yes,Yes,Yes,Yes
2026-04-13 20:25:32,11.5,2400,910,,910,960,44,,200,,,648,,75.2,0.8600,0.6000,0.6000,1.1000,0.00000000,0.09466522,0.14053390,0.03513348,0.00000000,0.36499780,0.49967620,1.75921000,0.00000000,0.00018315,0.00512820,0.01306470,3.62925200,3.31931300,1.81733600,1.11025500,0.59963310,1.10146400,0.79999920,0.86173300,3.30952000,3.31135200,0.79941320,4.96738000,4.98882000,0.00000000, 3, 255, 7, 24,0xf0000,No,No,No,No,Yes,Yes,Yes,Yes
2026-04-13 20:25:35,26.7,2400,910,,910,960,44,,200,,,648,,76.8,0.8600,0.6000,0.6000,1.1000,0.00000000,0.08978556,0.14248580,0.09564114,0.00000000,0.36694970,0.49967620,1.76814000,0.00000000,0.00000000,0.00506715,0.01282050,3.61440400,3.30168200,1.80024200,1.10805800,0.60329610,1.10146400,0.80036550,0.86146430,3.31043600,3.31135200,0.79941320,4.96202000,4.97006000,0.00000000, 3, 255, 7, 24,0xf0000,No,No,No,No,Yes,Yes,Yes,Yes
2026-04-13 20:25:37,27.5,2400,910,,910,960,44,,200,,,648,,78.5,0.8600,0.6000,0.6000,1.1000,0.00000000,0.09271335,0.13955800,0.03610941,0.00000000,0.38646830,0.50162800,1.79493000,0.00000000,0.00024420,0.00537240,0.01330890,3.61347600,3.32024100,1.79682400,1.10732500,0.60366240,1.10219700,0.79999920,0.86173300,3.31043600,3.31043600,0.79970620,4.94192000,4.92450000,0.00000000, 3, 255, 7, 24,0xf0000,No,No,No,No,Yes,Yes,Yes,Yes
2026-04-13 20:25:39,25.6,2400,910,,910,960,44,,200,,,648,,76.8,0.8600,0.6000,0.6000,1.1000,0.00000000,0.09466522,0.13760610,0.03610941,0.00000000,0.38744420,0.50357990,1.77707000,0.00000000,0.00000000,0.00476190,0.01257630,3.61162000,3.31560100,1.82124300,1.10659200,0.60329610,1.10219700,0.79999920,0.86092710,3.30952000,3.31135200,0.79941320,4.95264000,4.95264000,0.00000000, 3, 255, 7, 24,0xf0000,No,No,No,No,Yes,Yes,Yes,Yes
2026-04-13 20:25:41,17.4,2400,910,,910,960,44,,200,,,648,,77.4,0.8600,0.6000,0.6000,1.1000,0.00000000,0.09271335,0.13955800,0.04001313,0.00000000,0.36499780,0.50162800,2.71472000,0.00000000,0.00000000,0.00518925,0.01269840,3.60605200,3.31560100,1.80561500,1.10732500,0.60073200,1.10073200,0.79999920,0.86119580,3.30952000,3.31135200,0.79941320,4.94862000,4.87894000,0.00000000, 3, 255, 7, 24,0xf0000,No,No,No,No,Yes,Yes,Yes,Yes
2026-04-13 20:25:43,0.5,1500,500,,500,500,44,,200,,,648,,75.2,0.7913,0.6000,0.6000,1.1000,0.00000000,0.10540040,0.14931730,0.16395620,0.00784320,0.36694970,0.56603940,3.62558000,0.00000000,0.00000000,0.00531135,0.01318680,3.63296300,3.31560100,1.81684800,1.10732500,0.60439500,1.10219700,0.79999920,0.79565250,3.30860500,3.31043600,0.79941320,4.99686000,4.98748000,0.00000000, 3, 255, 7, 24,0xf0000,No,No,No,No,Yes,Yes,Yes,Yes
2026-04-13 20:25:45,1.8,2400,910,,910,960,44,,200,,,648,,75.7,0.8600,0.6000,0.6000,1.1000,0.00000000,0.09271335,0.13858210,0.03415755,0.00000000,0.38842010,0.50357990,1.75028000,0.00000000,0.00006105,0.00586080,0.01257630,3.62182800,3.30910500,1.79926600,1.10695900,0.59999940,1.10219700,0.79670250,0.86146430,3.31226800,3.31226800,0.79970620,4.95532000,4.99284000,0.00000000, 3, 255, 7, 24,0xf0000,No,No,No,No,Yes,Yes,Yes,Yes
2026-04-13 20:25:47,5.3,2400,910,,910,960,44,,200,,,648,,75.7,0.8600,0.6000,0.6000,1.1000,0.00000000,0.09368929,0.13955800,0.03610941,0.00000000,0.37768490,0.50553170,1.77707000,0.00000000,0.00054945,0.00537240,0.01257630,3.63203500,3.30910500,1.79926600,1.11355200,0.60586020,1.10329600,0.80073180,0.86146430,3.30952000,3.31043600,0.79970620,4.97140000,4.97140000,0.00000000, 3, 255, 7, 24,0xf0000,No,No,No,No,Yes,Yes,Yes,Yes
2026-04-13 20:25:50,4.5,2400,910,,910,960,44,,200,,,648,,76.8,0.8600,0.6000,0.6000,1.1000,0.00000000,0.09368929,0.13760610,0.02927790,0.00000000,0.36499780,0.49870020,1.75921000,0.00000000,0.00000000,0.00543345,0.01269840,3.61162000,3.31560100,1.82124300,1.11135400,0.60146460,1.10146400,0.80036550,0.86092710,3.30952000,3.31135200,0.79882700,4.93790000,4.94058000,0.00000000, 3, 255, 7, 24,0xf0000,No,No,No,No,Yes,Yes,Yes,Yes
2026-04-13 20:25:52,3.8,2400,910,,910,960,44,,200,,,648,,75.7,0.8600,0.6000,0.6000,1.1000,0.00000000,0.09368929,0.13955800,0.03610941,0.00000000,0.36597380,0.50065210,1.75921000,0.00000000,0.00024420,0.00525030,0.01294260,3.63110700,3.31003300,1.80024200,1.11245300,0.60219720,1.10292900,0.80292960,0.86092710,3.31043600,3.31226800,0.79970620,4.97274000,4.98882000,0.00000000, 3, 255, 7, 24,0xf0000,No,No,No,No,Yes,Yes,Yes,Yes
2026-04-13 20:25:54,19.5,2400,910,,910,960,44,,200,,,648,,76.8,0.8600,0.6000,0.6000,1.1000,0.00000000,0.08978556,0.13565430,0.03513348,0.00000000,0.36597380,0.50748360,1.77707000,0.00000000,0.00006105,0.00470085,0.01294260,3.62925200,3.32024100,1.82124300,1.11062200,0.60292980,1.10109800,0.79963290,0.86119580,3.31043600,3.31043600,0.79912020,4.94996000,4.99016000,0.00000000, 3, 255, 7, 24,0xf0000,No,No,No,No,Yes,Yes,Yes,Yes
2026-04-13 20:25:56,27.2,2400,910,,910,960,44,,200,,,648,,76.3,0.8600,0.6000,0.6000,1.1000,0.00000000,0.09564114,0.13663020,0.04001313,0.00000000,0.36694970,0.49967620,1.77707000,0.00000000,0.00006105,0.00525030,0.01306470,3.62090000,3.32024100,1.82124300,1.10695900,0.60622650,1.10329600,0.80036550,0.86173300,3.31043600,3.31043600,0.79941320,4.93120000,4.96202000,0.00000000, 3, 255, 7, 24,0xf0000,No,No,No,No,Yes,Yes,Yes,Yes
2026-04-13 20:25:58,26.4,2400,910,,910,960,44,,200,,,648,,76.3,0.8600,0.6000,0.6000,1.1000,0.00000000,0.09466522,0.13663020,0.03025383,0.00000000,0.36402190,0.49967620,1.79493000,0.00000000,0.00000000,0.00537240,0.01282050,3.61533200,3.31560100,1.80561500,1.10769100,0.60366240,1.10329600,0.80073180,0.86119580,3.30860500,3.31135200,0.79941320,4.90976000,4.98882000,0.00000000, 3, 255, 7, 24,0xf0000,No,No,No,No,Yes,Yes,Yes,Yes
2026-04-13 20:26:00,23.6,1700,591,,591,602,44,,200,,,648,,76.8,0.8600,0.6000,0.6000,1.1000,0.00000000,0.10540040,0.13760610,0.03513348,0.00000000,0.36304600,0.49967620,1.84851000,0.00000000,0.00018315,0.00512820,0.01282050,3.62925200,3.29889800,1.81684800,1.11062200,0.60622650,1.10146400,0.79963290,0.86146430,3.31043600,3.31043600,0.79970620,4.97140000,4.97140000,0.00000000, 3, 255, 7, 24,0xf0000,No,No,No,No,Yes,Yes,Yes,Yes
2026-04-13 20:26:02,7.5,2400,910,,910,960,44,,200,,,648,,77.4,0.8600,0.6000,0.6000,1.1000,0.00000000,0.09173742,0.14736540,0.18152300,0.01127460,0.36597380,0.58750990,4.48286000,0.00000000,0.00006105,0.00470085,0.01282050,3.58378200,3.29518600,1.81733600,1.10476100,0.60036570,1.10219700,0.79999920,0.86200170,3.30860500,3.31135200,0.79912020,4.84812000,4.82802000,0.00000000, 3, 255, 7, 24,0xf0000,No,No,No,No,Yes,Yes,Yes,Yes
2026-04-13 20:26:05,0.5,2400,910,,910,960,44,,200,,,648,,76.3,0.8600,0.6000,0.6000,1.1000,0.00000000,0.09368929,0.13858210,0.03318162,0.00000000,0.36499780,0.49772430,1.76814000,0.00000000,0.00018315,0.00537240,0.01294260,3.64224300,3.32024100,1.81733600,1.11062200,0.60366240,1.10183000,0.80036550,0.86173300,3.30952000,3.31135200,0.79941320,4.99418000,5.00758000,0.00000000, 3, 255, 7, 24,0xf0000,No,No,No,No,Yes,Yes,Yes,Yes
2026-04-13 20:26:07,2.2,1500,500,,500,500,44,,200,,,648,,75.2,0.7200,0.6000,0.6000,1.1000,0.00000000,0.08978556,0.13175060,0.03513348,0.00000000,0.36499780,0.49674840,1.19662000,0.00000000,0.00000000,0.00549450,0.01318680,3.63574700,3.31188900,1.82124300,1.10915600,0.60256350,1.10146400,0.79926660,0.72097620,3.30952000,3.31135200,0.79941320,4.99552000,4.97274000,0.00000000, 3, 255, 7, 24,0xf0000,No,No,No,No,Yes,Yes,Yes,Yes
2026-04-13 20:26:09,2.2,2400,910,,910,960,44,,200,,,648,,75.7,0.8600,0.6000,0.6000,1.1000,0.00000000,0.09564114,0.13663020,0.03610941,0.00000000,0.36694970,0.49870020,1.96460000,0.00000000,0.00000000,0.00482295,0.01318680,3.61069200,3.31374500,1.80561500,1.10952300,0.60183090,1.10146400,0.79999920,0.86173300,3.30952000,3.31135200,0.79970620,4.97810000,4.95398000,0.00000000, 3, 255, 7, 24,0xf0000,No,No,No,No,Yes,Yes,Yes,Yes
2026-04-13 20:26:11,4.2,2400,910,,910,960,44,,200,,,648,,76.3,0.8600,0.6000,0.6000,1.1000,0.00000000,0.09368929,0.13955800,0.03610941,0.00000000,0.36499780,0.50065210,1.76814000,0.00000000,0.00000000,0.00586080,0.01282050,3.64131500,3.32024100,1.82124300,1.10695900,0.60476130,1.10292900,0.80073180,0.86173300,3.31043600,3.31135200,0.79941320,4.99686000,4.99954000,0.00000000, 3, 255, 7, 24,0xf0000,No,No,No,No,Yes,Yes,Yes,Yes
2026-04-13 20:26:13,14.0,2400,910,,910,960,44,,200,,,648,,76.8,0.8600,0.6000,0.6000,1.1000,0.00000000,0.09466522,0.13858210,0.03513348,0.00000000,0.37475720,0.49772430,1.77707000,0.00000000,0.00000000,0.00549450,0.01257630,3.62832400,3.29518600,1.82515100,1.10732500,0.60512760,1.10329600,0.80146440,0.86173300,3.30952000,3.31226800,0.79882700,4.97006000,4.94326000,0.00000000, 3, 255, 7, 24,0xf0000,No,No,No,No,Yes,Yes,Yes,Yes
2026-04-13 20:26:15,25.9,2400,910,,910,960,44,,200,,,648,,76.8,0.8600,0.6000,0.6000,1.1000,0.00000000,0.12687090,0.17176370,0.03318162,0.00000000,0.37475720,0.50065210,1.79493000,0.00000000,0.00006105,0.00586080,0.01294260,3.60605200,3.29518600,1.81684800,1.11062200,0.60219720,1.10292900,0.80146440,0.86146430,3.31135200,3.31226800,0.79912020,4.95130000,4.93120000,0.00000000, 3, 255, 7, 24,0xf0000,No,No,No,No,Yes,Yes,Yes,Yes
2026-04-13 20:26:17,26.6,1700,591,,591,960,44,,200,,,648,,76.8,0.8600,0.6000,0.6000,1.1000,0.00000000,0.08978556,0.13663020,0.03318162,0.00000000,0.36597380,0.49967620,1.78600000,0.00000000,0.00048840,0.00506715,0.01282050,3.61811600,3.32580900,1.80024200,1.10988900,0.60036570,1.10219700,0.80036550,0.86173300,3.31043600,3.31318300,0.79941320,4.94058000,4.95666000,0.00000000, 3, 255, 7, 24,0xf0000,No,No,No,No,Yes,Yes,Yes,Yes
2026-04-13 20:26:19,27.3,2400,910,,910,960,44,,200,,,648,,77.4,0.8600,0.6000,0.6000,1.1000,0.00000000,0.09564114,0.14248580,0.05562801,0.00000000,0.36792560,0.50650770,2.85760000,0.00000000,0.00006105,0.00567765,0.01269840,3.60326800,3.31003300,1.81684800,1.10805800,0.60219720,1.10146400,0.79999920,0.86173300,3.31043600,3.31226800,0.79882700,4.88698000,4.99552000,0.00000000, 3, 255, 7, 24,0xf0000,No,No,No,No,Yes,Yes,Yes,Yes
2026-04-13 20:26:22,11.7,2400,910,,910,960,44,,200,,,648,,79.0,0.8600,0.6000,0.6000,1.1000,0.00000000,0.09661707,0.15322100,0.22836760,0.02401980,0.36402190,0.58653400,4.88471000,0.00000000,0.00012210,0.00549450,0.01294260,3.54666300,3.31188900,1.81733600,1.10292900,0.60036570,1.10219700,0.80146440,0.86280750,3.30952000,3.31409900,0.79912020,4.80122000,4.85616000,0.00000000, 3, 255, 7, 24,0xf0000,No,No,No,No,Yes,Yes,Yes,Yes
2026-04-13 20:26:24,1.3,2400,910,,910,960,44,,200,,,648,,76.3,0.8600,0.6000,0.6000,1.1000,0.00000000,0.09564114,0.14541360,0.17566740,0.04362780,0.36597380,0.58263020,5.75985000,0.00000000,0.00018315,0.00470085,0.01294260,3.57821400,3.29518600,1.81733600,1.10512700,0.60366240,1.10219700,0.79999920,0.86415060,3.30860500,3.31135200,0.79941320,4.87090000,4.87090000,0.00000000, 3, 255, 7, 24,0xf0000,No,No,No,No,Yes,Yes,Yes,Yes
2026-04-13 20:26:26,2.0,2400,910,,910,960,44,,200,,,648,,76.3,0.8600,0.6000,0.6000,1.1000,0.00000000,0.09856894,0.13760610,0.03318162,0.00000000,0.36792560,0.49870020,1.76814000,0.00000000,0.00018315,0.00500610,0.01306470,3.63945900,3.31560100,1.81733600,1.10915600,0.60402870,1.10146400,0.79999920,0.86092710,3.30952000,3.31135200,0.79941320,5.00624000,4.99284000,0.00000000, 3, 255, 7, 24,0xf0000,No,No,No,No,Yes,Yes,Yes,Yes
2026-04-13 20:26:28,3.7,1600,545,,545,551,44,,200,,,648,,75.7,0.7200,0.6000,0.6000,1.1000,0.00000000,0.09271335,0.13467840,0.03025383,0.00000000,0.36499780,0.50162800,1.22341000,0.00000000,0.00000000,0.00482295,0.01294260,3.64317100,3.31560100,1.80561500,1.10842400,0.60292980,1.10073200,0.79963290,0.72097620,3.31135200,3.31135200,0.79941320,5.04376000,5.04108000,0.00000000, 3, 255, 7, 24,0xf0000,No,No,No,No,Yes,Yes,Yes,Yes
2026-04-13 20:26:30,2.8,2400,910,,910,960,44,,200,,,648,,75.7,0.8600,0.6000,0.6000,1.1000,0.00000000,0.09368929,0.13663020,0.03415755,0.00000000,0.36597380,0.50162800,1.77707000,0.00000000,0.00000000,0.00525030,0.01318680,3.62832400,3.31838500,1.79682400,1.10439400,0.60586020,1.10146400,0.79926660,0.86119580,3.31043600,3.31226800,0.79912020,4.97140000,4.95264000,0.00000000, 3, 255, 7, 24,0xf0000,No,No,No,No,Yes,Yes,Yes,Yes
2026-04-13 20:26:32,5.5,2400,910,,910,960,44,,200,,,648,,76.3,0.8600,0.6000,0.6000,1.1000,0.00000000,0.09466522,0.13858210,0.03122976,0.00000000,0.36402190,0.50748360,1.76814000,0.00000000,0.00024420,0.00506715,0.01318680,3.62182800,3.31560100,1.80659200,1.10915600,0.60402870,1.10146400,0.80036550,0.86173300,3.30952000,3.31135200,0.79941320,4.94058000,4.95398000,0.00000000, 3, 255, 7, 24,0xf0000,No,No,No,No,Yes,Yes,Yes,Yes
2026-04-13 20:26:34,23.1,2400,910,,910,960,44,,200,,,648,,76.8,0.8600,0.6000,0.6000,1.1000,0.00000000,0.09271335,0.13760610,0.03415755,0.00000000,0.36597380,0.50065210,1.76814000,0.00000000,0.00048840,0.00586080,0.01269840,3.62275600,3.32024100,1.80024200,1.10695900,0.60439500,1.10329600,0.80073180,0.86119580,3.30952000,3.31318300,0.79912020,4.94728000,4.94996000,0.00000000, 3, 255, 7, 24,0xf0000,No,No,No,No,Yes,Yes,Yes,Yes
2026-04-13 20:26:37,26.7,2400,910,,910,960,44,,200,,,648,,75.7,0.8600,0.6000,0.6000,1.1000,0.00000000,0.09173742,0.14150990,0.03415755,0.00000000,0.36597380,0.50065210,1.77707000,0.00000000,0.00006105,0.00476190,0.01269840,3.60698000,3.30446500,1.81684800,1.10695900,0.60183090,1.10109800,0.79999920,0.86092710,3.30860500,3.31135200,0.79882700,4.94192000,4.96470000,0.00000000, 3, 255, 7, 24,0xf0000,No,No,No,No,Yes,Yes,Yes,Yes
2026-04-13 20:26:39,27.1,2400,910,,910,960,44,,200,,,648,,76.8,0.8600,0.6000,0.6000,1.1000,0.00000000,0.09368929,0.13565430,0.03122976,0.00000000,0.37670900,0.50357990,2.01818000,0.00000000,0.00024420,0.00506715,0.01318680,3.62461200,3.32024100,1.80561500,1.10952300,0.60512760,1.10329600,0.80036550,0.76529840,3.30677300,3.31226800,0.79912020,4.96738000,4.97140000,0.00000000, 3, 255, 7, 24,0xf0000,No,No,No,No,Yes,Yes,Yes,Yes
2026-04-13 20:26:41,20.1,2400,910,,910,960,44,,200,,,648,,80.1,0.8600,0.6000,0.6000,1.1000,0.00000000,0.09466522,0.14150990,0.03318162,0.00000000,0.36597380,0.50065210,1.82172000,0.00000000,0.00000000,0.00549450,0.01294260,3.62275600,3.32116900,1.82515100,1.11098800,0.60036570,1.10146400,0.79926660,0.86119580,3.30952000,3.31135200,0.79882700,4.97944000,4.98346000,0.00000000, 3, 255, 7, 24,0xf0000,No,No,No,No,Yes,Yes,Yes,Yes
2026-04-13 20:26:43,2.7,2400,910,,910,960,44,,200,,,648,,77.4,0.8600,0.6000,0.6000,1.1000,0.00000000,0.10442450,0.14346170,0.14053390,0.01127460,0.36499780,0.57872650,4.82220000,0.00000000,0.00006105,0.00470085,0.01282050,3.55594200,3.29518600,1.82124300,1.10879000,0.60036570,1.10109800,0.80146440,0.86038990,3.31043600,3.31135200,0.79999920,4.80122000,4.79184000,0.00000000, 3, 255, 7, 24,0xf0000,No,No,No,No,Yes,Yes,Yes,Yes
2026-04-13 20:26:45,2.0,1500,500,,500,500,44,,200,,,648,,75.7,0.7200,0.6000,0.6000,1.1000,0.00000000,0.09564114,0.13272650,0.03513348,0.00000000,0.36402190,0.50065210,1.21448000,0.00000000,0.00000000,0.00543345,0.01306470,3.63203500,3.31745700,1.80561500,1.11282000,0.60183090,1.10329600,0.80036550,0.72097620,3.30768900,3.31318300,0.79882700,4.99552000,4.95532000,0.00000000, 3, 255, 7, 24,0xf0000,No,No,No,No,Yes,Yes,Yes,Yes
2026-04-13 20:26:47,1.8,2400,910,,910,960,44,,200,,,648,,76.3,0.8600,0.6000,0.6000,1.1000,0.00000000,0.08978556,0.14053390,0.04684464,0.00000000,0.36792560,0.50162800,1.77707000,0.00000000,0.00018315,0.00543345,0.01318680,3.64317100,3.29518600,1.82124300,1.11355200,0.60366240,1.10329600,0.80036550,0.86092710,3.31043600,3.31043600,0.79941320,5.00892000,5.00356000,0.00000000, 3, 255, 7, 24,0xf0000,No,No,No,No,Yes,Yes,Yes,Yes
2026-04-13 20:26:49,2.3,2400,910,,910,960,43,,200,,,648,,76.8,0.8600,0.6000,0.6000,1.1000,0.00000000,0.09564114,0.13955800,0.03415755,0.00000000,0.36597380,0.50455580,1.77707000,0.00000000,0.00024420,0.00506715,0.01294260,3.62182800,3.31560100,1.80659200,1.10805800,0.60476130,1.10476100,0.80146440,0.86173300,3.31043600,3.31135200,0.80058540,4.98882000,4.96604000,0.00000000, 3, 255, 7, 24,0xf0000,No,No,No,No,Yes,Yes,Yes,Yes
2026-04-13 20:26:51,6.8,2400,910,,910,960,44,,200,,,648,,76.8,0.8600,0.6000,0.6000,1.1000,0.00000000,0.09466522,0.13760610,0.03415755,0.00000000,0.36694970,0.50162800,1.78600000,0.00000000,0.00048840,0.00525030,0.01294260,3.63760300,3.30817700,1.79926600,1.11282000,0.60146460,1.10329600,0.80329590,0.86173300,3.31043600,3.31409900,0.79999920,4.99552000,4.93924000,0.00000000, 3, 255, 7, 24,0xf0000,No,No,No,No,Yes,Yes,Yes,Yes
2026-04-13 20:26:54,17.5,2400,910,,910,960,44,,200,,,648,,77.9,0.8600,0.6000,0.6000,1.1000,0.00000000,0.09466522,0.13663020,0.03513348,0.00000000,0.38646830,0.50162800,1.78600000,0.00000000,0.00000000,0.00549450,0.01282050,3.62275600,3.31560100,1.82124300,1.10879000,0.60183090,1.10146400,0.80036550,0.86092710,3.30952000,3.31135200,0.79882700,4.97810000,4.96202000,0.00000000, 3, 255, 7, 24,0xf0000,No,No,No,No,Yes,Yes,Yes,Yes
2026-04-13 20:26:56,27.0,1500,500,,500,500,44,,200,,,648,,75.7,0.7500,0.6000,0.6000,1.1000,0.00000000,0.09271335,0.13370240,0.03318162,0.00000000,0.36499780,0.47722980,1.32164000,0.00000000,0.00012210,0.00610500,0.01306470,3.61904400,3.31467300,1.82124300,1.10695900,0.60036570,1.10329600,0.80036550,0.75562810,3.30952000,3.31226800,0.79912020,4.95666000,4.98748000,0.00000000, 3, 255, 7, 24,0xf0000,No,No,No,No,Yes,Yes,Yes,Yes
2026-04-13 20:26:58,26.8,2400,910,,910,960,44,,200,,,648,,77.9,0.8600,0.6000,0.6000,1.1000,0.00000000,0.09368929,0.14053390,0.03025383,0.00000000,0.36597380,0.49967620,1.78600000,0.00000000,0.00036630,0.00586080,0.01294260,3.62090000,3.31560100,1.81684800,1.10879000,0.60622650,1.10219700,0.79999920,0.86173300,3.30952000,3.31318300,0.79941320,4.96872000,4.94192000,0.00000000, 3, 255, 7, 24,0xf0000,No,No,No,No,Yes,Yes,Yes,Yes
2026-04-13 20:27:00,24.9,2400,910,,910,960,44,,200,,,648,,78.5,0.8600,0.6000,0.6000,1.1000,0.00000000,0.11223200,0.13663020,0.03610941,0.00000000,0.36694970,0.49870020,1.80386000,0.00000000,0.00024420,0.00543345,0.01318680,3.60419700,3.31281700,1.80659200,1.11062200,0.60402870,1.10146400,0.80146440,0.86200170,3.30768900,3.31501500,0.79941320,4.93522000,4.92986000,0.00000000, 3, 255, 7, 24,0xf0000,No,No,No,No,Yes,Yes,Yes,Yes
2026-04-13 20:27:02,9.0,2400,910,,910,960,44,,200,,,648,,77.4,0.8600,0.6000,0.6000,1.1000,0.00000000,0.09271335,0.14443760,0.16590810,0.02647080,0.36499780,0.57775060,5.25977000,0.00000000,0.00024420,0.00592185,0.01282050,3.56243800,3.31560100,1.81733600,1.12527400,0.60146460,1.10329600,0.80036550,0.85931540,3.31043600,3.31043600,0.79912020,4.84946000,4.88832000,0.00000000, 3, 255, 7, 24,0xf0000,No,No,No,No,Yes,Yes,Yes,Yes
2026-04-13 20:27:04,0.8,2400,910,,910,960,43,,200,,,648,,76.3,0.8600,0.6000,0.6000,1.1000,0.00000000,0.09271335,0.13663020,0.03513348,0.00000000,0.38939610,0.50357990,1.75921000,0.00012210,0.00006105,0.00525030,0.01318680,3.62739600,3.31745700,1.79828900,1.10805800,0.60586020,1.10146400,0.79963290,0.86119580,3.31043600,3.31135200,0.79912020,4.96604000,4.97140000,0.00000000, 3, 255, 7, 24,0xf0000,No,No,No,No,Yes,Yes,Yes,Yes
2026-04-13 20:27:06,1.5,2400,910,,910,960,44,,200,,,648,,76.8,0.8600,0.6000,0.6000,1.1000,0.00000000,0.09466522,0.13760610,0.03220569,0.00000000,0.36499780,0.50162800,1.77707000,0.00000000,0.00006105,0.00543345,0.01318680,3.63481900,3.31560100,1.80024200,1.11355200,0.60549390,1.10329600,0.80073180,0.86119580,3.31135200,3.31135200,0.79970620,4.97140000,4.93924000,0.00000000, 3, 255, 7, 24,0xf0000,No,No,No,No,Yes,Yes,Yes,Yes
2026-04-13 20:27:09,2.5,2400,910,,910,960,44,,200,,,648,,75.7,0.8600,0.6000,0.6000,1.1000,0.00000000,0.09271335,0.13955800,0.03610941,0.00000000,0.36597380,0.49870020,1.76814000,0.00000000,0.00024420,0.00549450,0.01294260,3.60976400,3.31374500,1.80561500,1.11355200,0.60183090,1.10146400,0.80036550,0.86092710,3.31043600,3.31226800,0.79941320,4.96470000,4.98480000,0.00000000, 3, 255, 7, 24,0xf0000,No,No,No,No,Yes,Yes,Yes,Yes
2026-04-13 20:27:11,0.5,2400,910,,910,960,44,,200,,,648,,76.3,0.8600,0.6000,0.6000,1.1000,0.00000000,0.09368929,0.13760610,0.03318162,0.00000000,0.37378120,0.49967620,1.76814000,0.00000000,0.00006105,0.00512820,0.01294260,3.62182800,3.31560100,1.81684800,1.10695900,0.60586020,1.10109800,0.80073180,0.86119580,3.30952000,3.31318300,0.79912020,4.97274000,4.97140000,0.00000000, 3, 255, 7, 24,0xf0000,No,No,No,No,Yes,Yes,Yes,Yes
2026-04-13 20:27:13,0.2,1500,500,,500,500,44,,200,,,648,,74.7,0.7200,0.6000,0.6000,1.1000,0.00000000,0.10052080,0.13272650,0.03318162,0.00000000,0.36597380,0.50065210,1.21448000,0.00000000,0.00000000,0.00506715,0.01318680,3.65245000,3.32024100,1.80561500,1.10732500,0.60366240,1.10329600,0.80146440,0.72124470,3.30952000,3.31226800,0.79882700,5.01294000,4.97274000,0.00000000, 3, 255, 7, 24,0xf0000,No,No,No,No,Yes,Yes,Yes,Yes
2026-04-13 20:27:15,29.6,2400,910,,910,960,44,,200,,,648,,76.8,0.8600,0.6000,0.6000,1.1000,0.00000000,0.09271335,0.13663020,0.02927790,0.00000000,0.36304600,0.49967620,1.76814000,0.00000000,0.00000000,0.00543345,0.01318680,3.62832400,3.31931300,1.82124300,1.11355200,0.60476130,1.10219700,0.80146440,0.86173300,3.30860500,3.31135200,0.79941320,4.94326000,4.90976000,0.00000000, 3, 255, 7, 24,0xf0000,No,No,No,No,Yes,Yes,Yes,Yes
2026-04-13 20:27:17,25.0,2400,910,,910,960,44,,200,,,648,,76.8,0.8600,0.6000,0.6000,1.1000,0.00000000,0.08783370,0.14150990,0.03318162,0.00000000,0.36694970,0.50260400,1.80386000,0.00000000,0.00048840,0.00537240,0.01294260,3.59027700,3.31003300,1.80024200,1.11355200,0.60476130,1.10146400,0.80036550,0.86173300,3.31043600,3.31135200,0.79912020,4.88698000,4.91914000,0.00000000, 3, 255, 7, 24,0xf0000,No,No,No,No,Yes,Yes,Yes,Yes
2026-04-13 20:27:19,18.6,2400,910,,910,960,44,,200,,,648,,78.5,0.8600,0.6000,0.6000,1.1000,0.00000000,0.09271335,0.14053390,0.04098906,0.00000000,0.36597380,0.50162800,2.88439000,0.00000000,0.00048840,0.00525030,0.01294260,3.61997200,3.30910500,1.80024200,1.11355200,0.60512760,1.10256300,0.80219700,0.86119580,3.30952000,3.31318300,0.79912020,4.96872000,4.87358000,0.00000000, 3, 255, 7, 24,0xf0000,No,No,No,No,Yes,Yes,Yes,Yes
2026-04-13 20:27:21,0.5,2400,910,,910,960,44,,200,,,648,,77.9,0.8600,0.6000,0.6000,1.1000,0.00000000,0.09368929,0.14053390,0.05074836,0.00000000,0.36499780,0.50943550,2.88439000,0.00000000,0.00006105,0.00561660,0.01294260,3.61440400,3.31560100,1.82515100,1.10769100,0.60366240,1.10073200,0.79999920,0.86173300,3.30860500,3.31135200,0.79941320,4.93522000,4.95130000,0.00000000, 3, 255, 7, 24,0xf0000,No,No,No,No,Yes,Yes,Yes,Yes
2026-04-13 20:27:24,2.3,2400,910,,910,960,44,,200,,,648,,76.3,0.8600,0.6000,0.6000,1.1000,0.00000000,0.09173742,0.13858210,0.03025383,0.00000000,0.36694970,0.50065210,1.78600000,0.00000000,0.00000000,0.00586080,0.01282050,3.61069200,3.30168200,1.80024200,1.10915600,0.60146460,1.10146400,0.80073180,0.86146430,3.30768900,3.31318300,0.79912020,4.96872000,4.97810000,0.00000000, 3, 255, 7, 24,0xf0000,No,No,No,No,Yes,Yes,Yes,Yes
2026-04-13 20:27:26,1.5,2400,910,,910,960,44,,200,,,648,,76.3,0.8600,0.6000,0.6000,1.1000,0.06538731,0.08783370,0.14150990,0.03318162,0.00000000,0.36694970,0.49772430,1.75921000,0.00000000,0.00000000,0.00525030,0.01294260,3.61347600,3.31374500,1.82124300,1.10695900,0.60476130,1.10329600,0.80146440,0.86092710,3.30952000,3.31135200,0.79882700,4.96336000,4.96068000,0.00000000, 3, 255, 7, 24,0xf0000,No,No,No,No,Yes,Yes,Yes,Yes
2026-04-13 20:27:28,3.0,2400,910,,910,960,43,,200,,,648,,77.9,0.8600,0.6000,0.6000,1.1000,0.05074836,0.09368929,0.14053390,0.03318162,0.00000000,0.37475720,0.50162800,1.77707000,0.00000000,0.00012210,0.00470085,0.01294260,3.60790800,3.31188900,1.82515100,1.10915600,0.60073200,1.10292900,0.80292960,0.86119580,3.31043600,3.31043600,0.79912020,4.96202000,4.95398000,0.00000000, 3, 255, 7, 24,0xf0000,No,No,No,No,Yes,Yes,Yes,Yes
2026-04-13 20:27:30,7.6,1900,545,,545,551,43,,200,,,648,,76.3,0.7500,0.6000,0.6000,1.1000,0.06636324,0.12784680,0.16298030,0.03220569,0.00000000,0.36499780,0.49967620,1.22341000,0.00000000,0.00012210,0.00525030,0.01294260,3.62275600,3.31096100,1.80561500,1.10805800,0.60512760,1.10329600,0.80146440,0.72151340,3.30952000,3.31318300,0.79882700,4.94728000,4.96202000,0.00000000, 3, 255, 7, 24,0xf0000,No,No,No,No,Yes,Yes,Yes,Yes
2026-04-13 20:27:32,17.0,2400,910,,910,960,43,,200,,,648,,77.9,0.8600,0.6000,0.6000,1.1000,0.00000000,0.09466522,0.13858210,0.03415755,0.00000000,0.36597380,0.49870020,1.75921000,0.00000000,0.00006105,0.00525030,0.01318680,3.62182800,3.32024100,1.81684800,1.11062200,0.60366240,1.10329600,0.80036550,0.86173300,3.31043600,3.31135200,0.79941320,4.97274000,4.96738000,0.00000000, 3, 255, 7, 24,0xf0000,No,No,No,No,Yes,Yes,Yes,Yes
2026-04-13 20:27:34,26.3,2400,910,,910,960,44,,200,,,648,,77.4,0.8600,0.6000,0.6000,1.1000,0.00000000,0.09564114,0.13663020,0.03610941,0.00000000,0.36499780,0.49674840,1.78600000,0.00000000,0.00000000,0.00482295,0.01294260,3.62182800,3.31003300,1.81684800,1.11098800,0.60476130,1.10073200,0.79926660,0.86119580,3.30860500,3.31318300,0.79941320,4.93790000,4.97140000,0.00000000, 3, 255, 7, 24,0xf0000,No,No,No,No,Yes,Yes,Yes,Yes
2026-04-13 20:27:36,25.8,1700,591,,591,602,44,,200,,,648,,76.8,0.7775,0.6000,0.6000,1.1000,0.00000000,0.09271335,0.13565430,0.03415755,0.00000000,0.36890160,0.50260400,2.10748000,0.00000000,0.00000000,0.00781440,0.01282050,3.61904400,3.32580900,1.80610300,1.10915600,0.60439500,1.10109800,0.80219700,0.78114700,3.30952000,3.31043600,0.79970620,4.95130000,4.96872000,0.00000000, 3, 255, 7, 24,0xf0000,No,No,No,No,Yes,Yes,Yes,Yes
2026-04-13 20:27:38,23.6,2400,910,,910,960,44,,200,,,648,,77.9,0.8600,0.6000,0.6000,1.1000,0.00000000,0.12491900,0.13565430,0.03220569,0.00000000,0.36694970,0.50357990,1.80386000,0.00000000,0.00024420,0.00525030,0.01318680,3.61626000,3.30910500,1.80024200,1.10879000,0.60476130,1.10109800,0.80292960,0.86146430,3.31043600,3.31409900,0.79941320,4.96202000,4.96202000,0.00000000, 3, 255, 7, 24,0xf0000,No,No,No,No,Yes,Yes,Yes,Yes
2026-04-13 20:27:41,7.7,2400,910,,910,960,44,,200,,,648,,77.9,0.8600,0.6000,0.6000,1.1000,0.00000000,0.09661707,0.14834140,0.17859520,0.01666680,0.36402190,0.58653400,4.46500000,0.00000000,0.00018315,0.00537240,0.01257630,3.56986200,3.31560100,1.81733600,1.10292900,0.60036570,1.10109800,0.80109810,0.85904670,3.30952000,3.31226800,0.79970620,4.84812000,4.86018000,0.00000000, 3, 255, 7, 24,0xf0000,No,No,No,No,Yes,Yes,Yes,Yes
2026-04-13 20:27:43,1.5,1500,500,,500,500,44,,200,,,648,,75.2,0.7200,0.6000,0.6000,1.1000,0.00000000,0.09368929,0.13370240,0.03513348,0.00000000,0.35914220,0.50455580,1.22341000,0.00000000,0.00024420,0.00518925,0.01294260,3.64873800,3.31374500,1.80659200,1.10695900,0.60695910,1.10256300,0.80146440,0.72097620,3.30860500,3.31043600,0.79941320,5.02768000,5.00892000,0.00000000, 3, 255, 7, 24,0xf0000,No,No,No,No,Yes,Yes,Yes,Yes
2026-04-13 20:27:45,1.5,2400,910,,910,960,44,,200,,,648,,76.8,0.8600,0.6000,0.6000,1.1000,0.00000000,0.09368929,0.13858210,0.03708534,0.00000000,0.36597380,0.50162800,1.77707000,0.00000000,0.00018315,0.00525030,0.01282050,3.62646800,3.31188900,1.82124300,1.10915600,0.60292980,1.10292900,0.79963290,0.86119580,3.30952000,3.31226800,0.79912020,4.98480000,5.00490000,0.00000000, 3, 255, 7, 24,0xf0000,No,No,No,No,Yes,Yes,Yes,Yes
2026-04-13 20:27:47,1.5,2400,910,,910,960,44,,200,,,648,,77.4,0.8600,0.6000,0.6000,1.1000,0.00000000,0.09564114,0.14053390,0.03318162,0.00000000,0.36597380,0.49870020,1.78600000,0.00000000,0.00006105,0.00482295,0.01282050,3.62832400,3.31003300,1.82124300,1.10732500,0.60146460,1.10219700,0.79816780,0.86119580,3.30952000,3.31226800,0.79941320,4.97944000,4.96202000,0.00000000, 3, 255, 7, 24,0xf0000,No,No,No,No,Yes,Yes,Yes,Yes
2026-04-13 20:27:49,3.3,2400,910,,910,960,44,,200,,,648,,76.3,0.8600,0.6000,0.6000,1.1000,0.00000000,0.09466522,0.13858210,0.03220569,0.00000000,0.36499780,0.49967620,1.78600000,0.00000000,0.00018315,0.00525030,0.01282050,3.63667500,3.32024100,1.82124300,1.10915600,0.60586020,1.10146400,0.80036550,0.86173300,3.30860500,3.31135200,0.79941320,4.99954000,5.00356000,0.00000000, 3, 255, 7, 24,0xf0000,No,No,No,No,Yes,Yes,Yes,Yes
2026-04-13 20:27:51,12.6,2400,910,,910,960,44,,200,,,648,,76.8,0.8600,0.6000,0.6000,1.1000,0.00000000,0.10052080,0.13760610,0.02927790,0.00000000,0.36694970,0.50357990,1.77707000,0.00000000,0.00006105,0.00482295,0.01257630,3.62182800,3.30724900,1.79584700,1.11355200,0.59963310,1.10329600,0.79963290,0.86146430,3.31043600,3.31043600,0.79970620,4.97408000,4.98882000,0.00000000, 3, 255, 7, 24,0xf0000,No,No,No,No,Yes,Yes,Yes,Yes
2026-04-13 20:27:53,27.7,1600,545,,545,551,43,,200,,,648,,76.8,0.7500,0.6000,0.6000,1.1000,0.00000000,0.09466522,0.13272650,0.03220569,0.00000000,0.36597380,0.49967620,1.22341000,0.00000000,0.00000000,0.00586080,0.01282050,3.63574700,3.32024100,1.80561500,1.10732500,0.60402870,1.10146400,0.79963290,0.72097620,3.30952000,3.31135200,0.79882700,5.01696000,5.01696000,0.00000000, 3, 255, 7, 24,0xf0000,No,No,No,No,Yes,Yes,Yes,Yes
2026-04-13 20:27:56,27.5,2400,910,,910,960,44,,200,,,648,,76.8,0.8600,0.6000,0.6000,1.1000,0.00000000,0.09173742,0.13858210,0.03220569,0.00000000,0.36694970,0.49772430,1.76814000,0.00000000,0.00006105,0.00543345,0.01282050,3.61440400,3.31931300,1.81684800,1.11135400,0.60476130,1.10292900,0.80036550,0.86146430,3.31043600,3.31226800,0.79999920,4.91914000,4.96336000,0.00000000, 3, 255, 7, 24,0xf0000,No,No,No,No,Yes,Yes,Yes,Yes
2026-04-13 20:27:58,24.4,2400,910,,910,960,44,,200,,,648,,76.8,0.8600,0.6000,0.6000,1.1000,0.00000000,0.10442450,0.13858210,0.03318162,0.00000000,0.36499780,0.50065210,1.79493000,0.00000000,0.00018315,0.00470085,0.01282050,3.61162000,3.31003300,1.81733600,1.10805800,0.60329610,1.10146400,0.80073180,0.86146430,3.31043600,3.31226800,0.79970620,4.93522000,4.97810000,0.00000000, 3, 255, 7, 24,0xf0000,No,No,No,No,Yes,Yes,Yes,Yes
2026-04-13 20:28:00,14.8,2400,910,,910,960,44,,200,,,648,,78.5,0.8600,0.6000,0.6000,1.1000,0.00000000,0.09368929,0.14346170,0.14834140,0.00000000,0.36597380,0.53578560,4.73290000,0.00000000,0.00024420,0.00482295,0.01282050,3.58842100,3.31560100,1.80024200,1.10915600,0.60439500,1.10256300,0.80036550,0.86200170,3.30860500,3.31226800,0.79941320,4.87626000,4.90038000,0.00000000, 3, 255, 7, 24,0xf0000,No,No,No,No,Yes,Yes,Yes,Yes
2026-04-13 20:28:02,0.3,2400,910,,910,960,44,,200,,,648,,77.9,0.8600,0.6000,0.6000,1.1000,0.00000000,0.09564114,0.15614880,0.17078780,0.00833340,0.36402190,0.56799120,4.36677000,0.00000000,0.00048840,0.00525030,0.01282050,3.60141300,3.31931300,1.80073100,1.10879000,0.60329610,1.10146400,0.79963290,0.86146430,3.30860500,3.31043600,0.79941320,4.79318000,4.84410000,0.00000000, 3, 255, 7, 24,0xf0000,No,No,No,No,Yes,Yes,Yes,Yes
2026-04-13 20:28:04,1.0,2400,910,,910,960,43,,200,,,648,,76.8,0.8600,0.6000,0.6000,1.1000,0.00000000,0.09271335,0.13760610,0.03610941,0.00000000,0.36597380,0.49870020,1.76814000,0.00000000,0.00000000,0.00482295,0.01318680,3.63574700,3.29518600,1.82124300,1.11062200,0.60659280,1.10219700,0.80146440,0.86119580,3.30860500,3.30952000,0.79941320,4.97810000,4.97140000,0.00000000, 3, 255, 7, 24,0xf0000,No,No,No,No,Yes,Yes,Yes,Yes
2026-04-13 20:28:06,2.5,2400,910,,910,960,44,,200,,,648,,76.8,0.8600,0.6000,0.6000,1.1000,0.00000000,0.09368929,0.13760610,0.03708534,0.00000000,0.37768490,0.49772430,1.81279000,0.00000000,0.00018315,0.00518925,0.01306470,3.62832400,3.30446500,1.81733600,1.10512700,0.60476130,1.10146400,0.80036550,0.86173300,3.31043600,3.31226800,0.79941320,5.00490000,5.00624000,0.00000000, 3, 255, 7, 24,0xf0000,No,No,No,No,Yes,Yes,Yes,Yes
2026-04-13 20:28:08,3.8,2400,910,,910,960,44,,200,,,648,,76.3,0.8600,0.6000,0.6000,1.1000,0.00000000,0.09368929,0.13858210,0.03513348,0.00000000,0.37573300,0.49967620,1.76814000,0.00000000,0.00018315,0.00518925,0.01306470,3.62925200,3.30817700,1.82124300,1.10549400,0.60476130,1.10329600,0.80036550,0.86173300,3.31043600,3.31135200,0.79941320,4.98346000,4.97274000,0.00000000, 3, 255, 7, 24,0xf0000,No,No,No,No,Yes,Yes,Yes,Yes
2026-04-13 20:28:11,7.5,1600,545,,910,960,44,,200,,,648,,76.3,0.8600,0.6000,0.6000,1.1000,0.00000000,0.10149670,0.13858210,0.03415755,0.00000000,0.36597380,0.50065210,1.76814000,0.00000000,0.00024420,0.00518925,0.01294260,3.63574700,3.31560100,1.80659200,1.10879000,0.60183090,1.10109800,0.80146440,0.86173300,3.31043600,3.31043600,0.79941320,4.92450000,4.95666000,0.00000000, 3, 255, 7, 24,0xf0000,No,No,No,No,Yes,Yes,Yes,Yes
2026-04-13 20:28:13,18.8,2400,910,,910,960,44,,200,,,648,,77.4,0.8600,0.6000,0.6000,1.1000,0.00000000,0.09368929,0.13955800,0.03610941,0.00000000,0.36792560,0.50260400,2.81295000,0.00000000,0.00000000,0.00518925,0.01269840,3.62182800,3.31560100,1.80024200,1.11098800,0.60219720,1.10256300,0.80073180,0.86119580,3.31135200,3.31318300,0.79912020,4.97408000,4.96068000,0.00000000, 3, 255, 7, 24,0xf0000,No,No,No,No,Yes,Yes,Yes,Yes
2026-04-13 20:28:15,26.6,2400,910,,910,960,44,,200,,,648,,76.8,0.8600,0.6000,0.6000,1.1000,0.00000000,0.09564114,0.13858210,0.03513348,0.00000000,0.36499780,0.50260400,2.51826000,0.00000000,0.00000000,0.00586080,0.01294260,3.59955700,3.31188900,1.82124300,1.11428500,0.60073200,1.10073200,0.80073180,0.86119580,3.31043600,3.31226800,0.79882700,4.92986000,4.92182000,0.00000000, 3, 255, 7, 24,0xf0000,No,No,No,No,Yes,Yes,Yes,Yes
2026-04-13 20:28:17,25.7,2400,910,,910,960,44,,200,,,648,,76.8,0.8600,0.6000,0.6000,1.1000,0.00000000,0.09368929,0.13663020,0.03708534,0.00000000,0.36402190,0.50260400,2.83974000,0.00000000,0.00000000,0.00512820,0.01294260,3.60512400,3.31281700,1.80610300,1.10842400,0.60586020,1.10146400,0.80036550,0.86119580,3.31043600,3.31043600,0.79941320,4.94058000,4.97274000,0.00000000, 3, 255, 7, 24,0xf0000,No,No,No,No,Yes,Yes,Yes,Yes
2026-04-13 20:28:19,22.5,2400,910,,910,960,44,,200,,,648,,78.5,0.8600,0.6000,0.6000,1.1000,0.00000000,0.09271335,0.13663020,0.03122976,0.00000000,0.36499780,0.50065210,1.79493000,0.00000000,0.00000000,0.00598290,0.01282050,3.59770100,3.31003300,1.79877700,1.11025500,0.60036570,1.10329600,0.80073180,0.86146430,3.31043600,3.31226800,0.79912020,4.89636000,4.92852000,0.00000000, 3, 255, 7, 24,0xf0000,No,No,No,No,Yes,Yes,Yes,Yes
2026-04-13 20:28:21,6.5,2400,910,,910,960,44,,200,,,648,,78.5,0.8600,0.6000,0.6000,1.1000,0.00000000,0.09564114,0.14931730,0.17859520,0.00343140,0.36694970,0.59043760,4.65253000,0.00000000,0.00006105,0.00543345,0.01294260,3.55501500,3.31188900,1.81684800,1.10842400,0.59999940,1.10256300,0.79926660,0.86441920,3.30952000,3.31318300,0.79970620,4.81194000,4.81864000,0.00000000, 3, 255, 7, 24,0xf0000,No,No,No,No,Yes,Yes,Yes,Yes
2026-04-13 20:28:23,1.7,2400,910,,910,960,44,,200,,,648,,76.3,0.8600,0.6000,0.6000,1.1000,0.00000000,0.12296720,0.13760610,0.03806127,0.00000000,0.36597380,0.49967620,1.78600000,0.00000000,0.00006105,0.00634920,0.01282050,3.62182800,3.30817700,1.81684800,1.11098800,0.60146460,1.10146400,0.80292960,0.86092710,3.31043600,3.30952000,0.79970620,4.94058000,4.98346000,0.00000000, 3, 255, 7, 24,0xf0000,No,No,No,No,Yes,Yes,Yes,Yes
2026-04-13 20:28:25,2.0,2400,910,,910,960,44,,200,,,648,,76.8,0.8600,0.6000,0.6000,1.1000,0.00000000,0.09466522,0.14150990,0.03415755,0.00000000,0.36402190,0.49967620,1.78600000,0.00000000,0.00000000,0.00586080,0.01318680,3.63853100,3.31838500,1.81733600,1.11355200,0.60622650,1.10329600,0.79963290,0.86173300,3.30952000,3.31135200,0.79912020,5.00624000,5.01160000,0.00000000, 3, 255, 7, 24,0xf0000,No,No,No,No,Yes,Yes,Yes,Yes
2026-04-13 20:28:28,3.0,2400,910,,910,960,44,,200,,,648,,76.8,0.8600,0.6000,0.6000,1.1000,0.00000000,0.09368929,0.13955800,0.03318162,0.00000000,0.36402190,0.50065210,1.78600000,0.00000000,0.00006105,0.00586080,0.01294260,3.62646800,3.30446500,1.81733600,1.10586000,0.59890050,1.10292900,0.79999920,0.86173300,3.31043600,3.31043600,0.79912020,4.96738000,4.98212000,0.00000000, 3, 255, 7, 24,0xf0000,No,No,No,No,Yes,Yes,Yes,Yes
2026-04-13 20:28:30,4.5,2400,910,,910,960,44,,200,,,648,,76.8,0.8600,0.6000,0.6000,1.1000,0.00000000,0.09368929,0.14053390,0.03415755,0.00000000,0.36694970,0.49870020,1.79493000,0.00000000,0.00006105,0.00525030,0.01306470,3.62832400,3.31003300,1.82124300,1.10732500,0.60439500,1.10146400,0.80036550,0.86173300,3.30952000,3.31043600,0.79941320,4.92986000,4.99552000,0.00000000, 3, 255, 7, 24,0xf0000,No,No,No,No,Yes,Yes,Yes,Yes
2026-04-13 20:28:32,16.2,2400,910,,910,960,44,,200,,,648,,77.4,0.8600,0.6000,0.6000,1.1000,0.00000000,0.09368929,0.13858210,0.03610941,0.00000000,0.36402190,0.49967620,1.77707000,0.00000000,0.00006105,0.00488400,0.01294260,3.61162000,3.31931300,1.81733600,1.10879000,0.60183090,1.10292900,0.80036550,0.86173300,3.30952000,3.31135200,0.79941320,4.91378000,4.92450000,0.00000000, 3, 255, 7, 24,0xf0000,No,No,No,No,Yes,Yes,Yes,Yes
2026-04-13 20:28:34,27.1,2400,910,,910,960,44,,200,,,648,,76.3,0.8600,0.6000,0.6000,1.1000,0.00000000,0.09173742,0.13858210,0.03415755,0.00000000,0.36694970,0.50065210,1.94674000,0.00000000,0.00024420,0.00586080,0.01269840,3.60605200,3.31560100,1.80659200,1.10659200,0.60476130,1.10256300,0.80329590,0.86146430,3.31043600,3.31226800,0.79970620,4.96202000,4.95666000,0.00000000, 3, 255, 7, 24,0xf0000,No,No,No,No,Yes,Yes,Yes,Yes
2026-04-13 20:28:36,26.7,2400,910,,910,960,44,,200,,,648,,77.4,0.8600,0.6000,0.6000,1.1000,0.00000000,0.09076149,0.13760610,0.03708534,0.00000000,0.36987750,0.50260400,1.78600000,0.00000000,0.00006105,0.00470085,0.01257630,3.62182800,3.32024100,1.81684800,1.10659200,0.60439500,1.10329600,0.80036550,0.86173300,3.30860500,3.31135200,0.79912020,4.92718000,4.97408000,0.00000000, 3, 255, 7, 24,0xf0000,No,No,No,No,Yes,Yes,Yes,Yes
2026-04-13 20:28:38,25.7,1700,591,,591,602,44,,200,,,648,,76.8,0.7913,0.6000,0.6000,1.1000,0.00000000,0.09271335,0.13467840,0.05074836,0.00000000,0.36890160,0.54554490,2.29501000,0.00000000,0.00012210,0.00506715,0.01306470,3.62925200,3.31281700,1.82124300,1.10586000,0.60402870,1.10256300,0.79926660,0.79592110,3.30952000,3.31318300,0.79912020,4.95800000,5.01696000,0.00000000, 3, 255, 7, 24,0xf0000,No,No,No,No,Yes,Yes,Yes,Yes
2026-04-13 20:28:40,9.3,2400,910,,910,960,44,,200,,,648,,78.5,0.8600,0.6000,0.6000,1.1000,0.00000000,0.09076149,0.15517290,0.19421010,0.01862760,0.36304600,0.58360610,4.33105000,0.00000000,0.00024420,0.00586080,0.01318680,3.56151000,3.31560100,1.79682400,1.10769100,0.60219720,1.10146400,0.80292960,0.86441920,3.30860500,3.31043600,0.79941320,4.84142000,4.83874000,0.00000000, 3, 255, 7, 24,0xf0000,No,No,No,No,Yes,Yes,Yes,Yes
2026-04-13 20:28:43,0.3,2400,910,,910,960,44,,200,,,648,,77.4,0.8600,0.6000,0.6000,1.1000,0.00000000,0.09271335,0.14346170,0.08783370,0.00000000,0.36499780,0.53090590,2.81295000,0.00000000,0.00024420,0.00470085,0.01294260,3.60326800,3.32024100,1.81733600,1.10879000,0.60659280,1.10402800,0.80146440,0.86146430,3.30952000,3.31318300,0.79999920,4.94728000,4.82400000,0.00000000, 3, 255, 7, 24,0xf0000,No,No,No,No,Yes,Yes,Yes,Yes
2026-04-13 20:28:45,2.3,2400,910,,910,960,44,,200,,,648,,76.8,0.8600,0.6000,0.6000,1.1000,0.00000000,0.12882280,0.17371550,0.03513348,0.00000000,0.37670900,0.48308540,1.76814000,0.00000000,0.00000000,0.00512820,0.01269840,3.62554000,3.31931300,1.81733600,1.10732500,0.60402870,1.10329600,0.79926660,0.86119580,3.30952000,3.31318300,0.79882700,4.97408000,4.97408000,0.00000000, 3, 255, 7, 24,0xf0000,No,No,No,No,Yes,Yes,Yes,Yes
2026-04-13 20:28:47,1.8,2400,910,,910,960,44,,200,,,648,,76.3,0.8600,0.6000,0.6000,1.1000,0.00000000,0.09173742,0.14053390,0.03220569,0.00000000,0.37670900,0.49870020,1.79493000,0.00000000,0.00012210,0.00482295,0.01269840,3.62182800,3.31931300,1.81733600,1.10805800,0.60292980,1.10146400,0.80109810,0.86146430,3.31043600,3.31226800,0.79970620,4.93924000,4.93924000,0.00000000, 3, 255, 7, 24,0xf0000,No,No,No,No,Yes,Yes,Yes,Yes
2026-04-13 20:28:49,3.0,1700,591,,591,602,44,,200,,,648,,76.8,0.7200,0.6000,0.6000,1.1000,0.00000000,0.09564114,0.13467840,0.03220569,0.00000000,0.36402190,0.50065210,1.25020000,0.00000000,0.00000000,0.00610500,0.01294260,3.64038700,3.31188900,1.82124300,1.10622600,0.60109830,1.10256300,0.80146440,0.72097620,3.30952000,3.31501500,0.79999920,5.01562000,5.03304000,0.00000000, 3, 255, 7, 24,0xf0000,No,No,No,No,Yes,Yes,Yes,Yes
