timestamp,cpu_percent,arm_mhz,core_mhz,h264_mhz,isp_mhz,v3d_mhz,uart_mhz,pwm_mhz,emmc_mhz,pixel_mhz,vec_mhz,hdmi_mhz,dpi_mhz,arm_temp,core_volt,sdram_c_volt,sdram_i_volt,sdram_p_volt,3V7_WL_SW_A,3V3_SYS_A,1V8_SYS_A,DDR_VDD2_A,DDR_VDDQ_A,1V1_SYS_A,0V8_SW_A,VDD_CORE_A,3V3_DAC_A,3V3_ADC_A,0V8_AON_A,HDMI_A,3V7_WL_SW_V,3V3_SYS_V,1V8_SYS_V,DDR_VDD2_V,DDR_VDDQ_V,1V1_SYS_V,0V8_SW_V,VDD_CORE_V,3V3_DAC_V,3V3_ADC_V,0V8_AON_V,HDMI_V,EXT5V_V,BATT_V,readmr_4,readmr_5,readmr_6,readmr_8,throttle_hex,UV,ArmFreqCap,CurThrottle,SoftTempLimit,UV_occured,ArmFreqCap_occured,Throttle_occured,SoftTempLimit_occured
2026-04-11 12:02:40,0.0,1500,500,,500,500,44,,200,,,648,,45.5,0.7200,0.6000,0.6000,1.1000,0.04977243,0.06929103,0.12491900,0.00292779,0.00000000,0.21080090,0.33279210,1.08053000,0.00054945,0.00054945,0.00409035,0.02747250,3.69977600,3.31931300,1.79926600,1.10292900,0.61611660,1.10256300,0.79926660,0.72043880,3.30127900,3.30311000,0.79794790,4.93924000,4.94058000,0.00854700, 2, 255, 7, 24,0x50000,No,No,No,No,No,Yes,No,Yes
2026-04-11 12:02:42,0.0,1500,500,,500,500,44,,200,,,648,,45.0,0.7200,0.6000,0.6000,1.1000,0.00000000,0.06831510,0.12687090,0.00487965,0.00000000,0.22056020,0.32986440,1.08946000,0.00054945,0.00067155,0.00488400,0.02722830,3.69884800,3.31003300,1.80024200,1.10146400,0.61575030,1.10256300,0.79963290,0.72043880,3.29944700,3.30402600,0.79912020,4.94996000,4.94996000,0.00854700, 2, 255, 7, 24,0x50000,No,No,No,No,No,Yes,No,Yes
2026-04-11 12:02:45,0.2,1500,500,,500,500,44,,200,,,648,,46.6,0.7200,0.6000,0.6000,1.1000,0.05660394,0.06929103,0.12589500,0.00390372,0.00000000,0.21080090,0.33084030,1.08053000,0.00054945,0.00091575,0.00384615,0.02759460,3.69884800,3.31374500,1.79828900,1.10439400,0.61575030,1.10476100,0.79999920,0.72043880,3.29944700,3.30402600,0.79941320,4.94594000,4.94326000,0.00854700, 2, 255, 7, 24,0x50000,No,No,No,No,No,Yes,No,Yes
2026-04-11 12:02:47,0.2,1500,500,,500,500,44,,200,,,648,,46.6,0.7200,0.6000,0.6000,1.1000,0.06245952,0.07612254,0.12784680,0.00683151,0.00000000,0.20787310,0.33084030,1.07160000,0.00042735,0.00091575,0.00384615,0.02783880,3.69884800,3.35550300,1.80610300,1.10622600,0.61575030,1.10073200,0.79999920,0.72017020,3.30127900,3.30402600,0.79853400,4.93522000,4.93522000,0.00854700, 2, 255, 7, 24,0x50000,No,No,No,No,No,Yes,No,Yes
2026-04-11 12:02:49,0.0,1500,500,,500,500,44,,200,,,648,,45.5,0.7200,0.6000,0.6000,1.1000,0.05172429,0.07026696,0.12589500,0.00390372,0.00000000,0.21080090,0.32791250,1.08053000,0.00042735,0.00042735,0.00396825,0.02735040,3.69792000,3.32209700,1.79828900,1.10988900,0.61501770,1.10292900,0.79926660,0.72043880,3.29944700,3.30311000,0.79912020,4.93924000,4.94996000,0.00854700, 2, 255, 7, 24,0x50000,No,No,No,No,No,Yes,No,Yes
2026-04-11 12:02:51,0.2,1500,500,,500,500,44,,200,,,648,,46.6,0.7200,0.6000,0.6000,1.1000,0.00000000,0.07124290,0.12687090,0.00390372,0.00000000,0.21080090,0.33181620,1.09839000,0.00036630,0.00042735,0.00409035,0.02747250,3.70070400,3.31374500,1.79828900,1.10769100,0.61501770,1.10256300,0.79963290,0.72070740,3.29944700,3.30494200,0.79941320,4.94996000,4.96068000,0.00854700, 2, 255, 7, 24,0x50000,No,No,No,No,No,Yes,No,Yes
2026-04-11 12:02:53,0.0,1500,500,,500,500,44,,200,,,648,,45.5,0.7200,0.6000,0.6000,1.1000,0.00000000,0.06929103,0.12491900,0.00487965,0.00000000,0.20787310,0.32986440,1.09839000,0.00054945,0.00091575,0.00421245,0.02771670,3.69884800,3.30539300,1.80024200,1.10732500,0.61611660,1.10219700,0.79963290,0.72070740,3.30219400,3.30402600,0.79941320,4.95532000,4.94996000,0.00854700, 2, 255, 7, 24,0x50000,No,No,No,No,No,Yes,No,Yes
2026-04-11 12:02:55,0.0,1500,500,,500,500,44,,200,,,648,,45.5,0.7200,0.6000,0.6000,1.1000,0.00292779,0.07221882,0.12687090,0.00585558,0.00000000,0.20689720,0.33376810,1.08946000,0.00048840,0.00067155,0.00396825,0.02747250,3.69792000,3.31652900,1.80024200,1.10695900,0.61501770,1.10109800,0.79963290,0.72043880,3.29944700,3.30402600,0.79912020,4.94996000,4.96068000,0.00854700, 2, 255, 7, 24,0x50000,No,No,No,No,No,Yes,No,Yes
2026-04-11 12:02:57,0.0,1500,500,,500,500,44,,200,,,648,,47.2,0.7200,0.6000,0.6000,1.1000,0.00097593,0.08002626,0.12491900,0.00390372,0.00000000,0.21177680,0.32986440,1.09839000,0.00054945,0.00091575,0.00409035,0.02747250,3.69792000,3.32952100,1.79828900,1.10695900,0.61501770,1.10476100,0.79926660,0.72017020,3.29944700,3.30494200,0.79970620,4.95666000,4.95130000,0.00854700, 2, 255, 7, 24,0x50000,No,No,No,No,No,Yes,No,Yes
2026-04-11 12:03:00,0.0,1500,500,,500,500,44,,200,,,648,,47.2,0.7200,0.6000,0.6000,1.1000,0.00000000,0.06929103,0.12589500,0.00878337,0.00000000,0.21080090,0.33181620,1.09839000,0.00054945,0.00091575,0.00409035,0.02759460,3.69884800,3.30632200,1.80024200,1.10439400,0.61575030,1.10146400,0.79926660,0.71963300,3.30219400,3.30402600,0.79912020,4.94996000,4.95130000,0.00854700, 2, 255, 7, 24,0x50000,No,No,No,No,No,Yes,No,Yes
2026-04-11 12:03:02,0.0,1500,500,,500,500,43,,200,,,648,,46.1,0.7200,0.6000,0.6000,1.1000,0.00195186,0.08685777,0.12589500,0.00487965,0.00000000,0.20884900,0.32986440,1.08946000,0.00048840,0.00054945,0.00409035,0.02783880,3.69792000,3.29982600,1.79926600,1.10769100,0.61684920,1.10256300,0.79890030,0.72043880,3.30219400,3.30311000,0.79882700,4.96336000,4.96068000,0.00854700, 2, 255, 7, 24,0x50000,No,No,No,No,No,Yes,No,Yes
2026-04-11 12:03:04,0.0,1500,500,,500,500,44,,200,,,648,,46.6,0.7200,0.6000,0.6000,1.1000,0.00097593,0.07221882,0.12589500,0.00390372,0.00000000,0.20689720,0.33084030,1.09839000,0.00042735,0.00091575,0.00409035,0.02747250,3.69884800,3.30260900,1.79828900,1.10439400,0.61648290,1.10073200,0.79926660,0.72043880,3.30127900,3.30402600,0.79941320,4.96336000,4.96336000,0.00854700, 2, 255, 7, 24,0x50000,No,No,No,No,No,Yes,No,Yes
2026-04-11 12:03:06,0.0,1500,500,,500,500,44,,200,,,648,,46.6,0.7200,0.6000,0.6000,1.1000,0.00000000,0.06929103,0.12589500,0.00390372,0.00000000,0.20689720,0.33181620,1.11625000,0.00054945,0.00091575,0.00384615,0.02783880,3.69792000,3.32952100,1.80024200,1.10805800,0.61465140,1.10146400,0.79890030,0.72017020,3.29944700,3.30494200,0.79912020,4.95264000,4.95800000,0.00854700, 2, 255, 7, 24,0x50000,No,No,No,No,No,Yes,No,Yes
2026-04-11 12:03:08,0.0,1500,500,,500,500,44,,200,,,648,,48.3,0.7200,0.6000,0.6000,1.1000,0.00000000,0.07221882,0.12589500,0.00292779,0.00000000,0.21275270,0.32986440,1.11625000,0.00036630,0.00079365,0.00409035,0.02759460,3.69977600,3.30168200,1.80024200,1.10769100,0.61575030,1.10476100,0.80036550,0.72043880,3.30219400,3.30311000,0.79912020,4.94996000,4.95800000,0.00854700, 2, 255, 7, 24,0x50000,No,No,No,No,No,Yes,No,Yes
2026-04-11 12:03:10,0.0,1500,500,,500,500,44,,200,,,648,,46.1,0.7200,0.6000,0.6000,1.1000,0.00000000,0.07124290,0.12687090,0.00390372,0.00000000,0.20884900,0.33084030,1.08946000,0.00036630,0.00067155,0.00445665,0.02747250,3.69977600,3.29982600,1.79926600,1.10769100,0.61575030,1.10402800,0.79963290,0.72097620,3.30219400,3.30311000,0.79882700,4.95264000,4.94996000,0.00854700, 2, 255, 7, 24,0x50000,No,No,No,No,No,Yes,No,Yes
2026-04-11 12:03:12,0.0,1500,500,,500,500,44,,200,,,648,,46.6,0.7200,0.6000,0.6000,1.1000,0.00000000,0.07319475,0.12589500,0.00292779,0.00000000,0.20884900,0.32888840,1.08946000,0.00036630,0.00067155,0.00409035,0.02722830,3.69977600,3.31096100,1.78852100,1.10732500,0.61428510,1.10146400,0.79926660,0.72043880,3.30036300,3.30402600,0.79882700,4.95130000,4.94996000,0.00854700, 2, 255, 7, 24,0x50000,No,No,No,No,No,Yes,No,Yes
2026-04-11 12:03:14,0.2,1500,500,,500,500,44,,200,,,648,,47.2,0.7200,0.6000,0.6000,1.1000,0.05074836,0.06929103,0.12589500,0.00390372,0.00000000,0.22056020,0.32986440,1.09839000,0.00054945,0.00079365,0.00421245,0.02747250,3.70070400,3.31838500,1.79828900,1.10292900,0.61501770,1.10146400,0.79926660,0.72043880,3.29944700,3.30311000,0.79941320,4.95532000,4.96336000,0.00854700, 2, 255, 7, 24,0x50000,No,No,No,No,No,Yes,No,Yes
2026-04-11 12:03:17,0.0,1500,500,,500,500,44,,200,,,648,,47.2,0.7200,0.6000,0.6000,1.1000,0.04977243,0.08490592,0.12784680,0.00585558,0.00000000,0.20982490,0.33084030,1.12518000,0.00048840,0.00067155,0.00488400,0.02722830,3.69977600,3.29889800,1.78852100,1.10219700,0.61391880,1.10329600,0.80036550,0.72017020,3.30036300,3.30219400,0.79882700,4.95800000,4.94996000,0.00854700, 2, 255, 7, 24,0x50000,No,No,No,No,No,Yes,No,Yes
2026-04-11 12:03:19,0.0,1500,500,,500,500,44,,200,,,648,,47.7,0.7200,0.6000,0.6000,1.1000,0.00097593,0.10735230,0.15322100,0.00487965,0.00000000,0.20884900,0.32888840,1.11625000,0.00054945,0.00085470,0.00445665,0.02796090,3.69884800,3.29982600,1.79926600,1.10695900,0.61684920,1.10292900,0.80036550,0.72070740,3.30127900,3.30402600,0.79794790,4.93924000,4.93522000,0.00854700, 2, 255, 7, 24,0x50000,No,No,No,No,No,Yes,No,Yes
2026-04-11 12:03:21,0.0,1500,500,,500,500,44,,200,,,648,,47.2,0.7200,0.6000,0.6000,1.1000,0.00097593,0.06733918,0.12687090,0.00487965,0.00000000,0.21177680,0.32888840,1.10732000,0.00048840,0.00067155,0.00439560,0.02722830,3.69977600,3.30260900,1.79926600,1.10402800,0.61684920,1.10073200,0.79999920,0.72043880,3.30219400,3.30311000,0.79882700,4.96068000,4.95666000,0.00854700, 2, 255, 7, 24,0x50000,No,No,No,No,No,Yes,No,Yes
2026-04-11 12:03:23,0.0,1500,500,,500,500,44,,200,,,648,,46.1,0.7200,0.6000,0.6000,1.1000,0.00000000,0.07417068,0.12491900,0.00390372,0.00000000,0.20884900,0.32791250,1.09839000,0.00036630,0.00042735,0.00409035,0.02783880,3.69977600,3.31838500,1.79828900,1.10769100,0.61684920,1.10476100,0.79890030,0.72070740,3.30219400,3.30311000,0.79912020,4.94996000,4.95532000,0.00854700, 2, 255, 7, 24,0x50000,No,No,No,No,No,Yes,No,Yes
2026-04-11 12:03:25,0.0,1500,500,,500,500,44,,200,,,648,,47.7,0.7200,0.6000,0.6000,1.1000,0.00292779,0.07319475,0.12589500,0.00487965,0.00000000,0.20884900,0.32888840,1.11625000,0.00054945,0.00091575,0.00488400,0.02771670,3.70070400,3.32952100,1.79828900,1.10769100,0.61575030,1.10476100,0.79999920,0.72017020,3.30311000,3.30494200,0.79941320,4.95666000,4.95398000,0.00854700, 2, 255, 7, 24,0x50000,No,No,No,No,No,Yes,No,Yes
2026-04-11 12:03:27,0.0,1500,500,,500,500,44,,200,,,648,,46.6,0.7200,0.6000,0.6000,1.1000,0.00000000,0.06831510,0.12589500,0.00487965,0.00000000,0.20982490,0.33084030,1.10732000,0.00048840,0.00067155,0.00488400,0.02747250,3.70163200,3.29889800,1.79926600,1.10146400,0.61501770,1.10073200,0.79999920,0.72043880,3.30219400,3.30311000,0.79912020,4.94728000,4.94728000,0.00854700, 2, 255, 7, 24,0x50000,No,No,No,No,No,Yes,No,Yes
2026-04-11 12:03:29,0.2,1500,500,,500,500,44,,200,,,648,,47.2,0.7200,0.6000,0.6000,1.1000,0.04879650,0.07319475,0.12589500,0.00585558,0.00000000,0.20787310,0.32986440,1.10732000,0.00054945,0.00067155,0.00384615,0.02759460,3.69792000,3.30168200,1.80024200,1.10769100,0.61501770,1.10073200,0.79963290,0.72043880,3.30219400,3.30311000,0.79912020,4.96068000,4.94594000,0.00854700, 2, 255, 7, 24,0x50000,No,No,No,No,No,Yes,No,Yes
2026-04-11 12:03:32,0.0,1500,500,,500,500,44,,200,,,648,,47.7,0.7200,0.6000,0.6000,1.1000,0.00097593,0.07221882,0.12687090,0.00780744,0.00000000,0.21080090,0.32791250,1.10732000,0.00054945,0.00067155,0.00451770,0.02796090,3.70070400,3.30260900,1.80024200,1.10439400,0.61648290,1.10329600,0.79926660,0.72070740,3.29944700,3.30494200,0.79794790,4.95532000,4.95666000,0.00854700, 2, 255, 7, 24,0x50000,No,No,No,No,No,Yes,No,Yes
2026-04-11 12:03:34,0.0,1500,500,,500,500,43,,200,,,648,,47.7,0.7200,0.6000,0.6000,1.1000,0.00097593,0.07514661,0.12394310,0.00487965,0.00000000,0.21080090,0.32888840,1.11625000,0.00054945,0.00091575,0.00439560,0.02759460,3.70070400,3.32952100,1.79828900,1.10366200,0.61318620,1.10476100,0.79999920,0.72017020,3.30311000,3.30402600,0.79970620,4.95264000,4.95666000,0.00854700, 2, 255, 7, 24,0x50000,No,No,No,No,No,Yes,No,Yes
2026-04-11 12:03:36,0.0,1500,500,,500,500,44,,200,,,648,,47.7,0.7200,0.6000,0.6000,1.1000,0.00097593,0.06831510,0.12784680,0.00487965,0.00000000,0.20689720,0.33181620,1.11625000,0.00054945,0.00067155,0.00433455,0.02796090,3.69977600,3.29889800,1.80024200,1.10476100,0.61501770,1.10146400,0.79890030,0.72017020,3.30219400,3.30585700,0.79912020,4.94996000,4.95532000,0.00854700, 2, 255, 7, 24,0x50000,No,No,No,No,No,Yes,No,Yes
2026-04-11 12:03:38,0.0,1500,500,,500,500,44,,200,,,648,,48.3,0.7200,0.6000,0.6000,1.1000,0.00097593,0.06831510,0.12491900,0.00487965,0.00000000,0.21958430,0.33084030,1.10732000,0.00048840,0.00091575,0.00439560,0.02832720,3.69792000,3.31838500,1.80024200,1.10292900,0.61391880,1.10476100,0.79963290,0.72043880,3.29944700,3.30311000,0.79941320,4.93388000,4.95532000,0.00854700, 2, 255, 7, 24,0x50000,No,No,No,No,No,Yes,No,Yes
2026-04-11 12:03:40,0.0,1500,500,,500,500,44,,200,,,648,,46.6,0.7200,0.6000,0.6000,1.1000,0.00000000,0.06733918,0.12784680,0.00487965,0.00000000,0.20884900,0.33084030,1.10732000,0.00042735,0.00091575,0.00372405,0.02759460,3.69884800,3.29889800,1.80610300,1.10292900,0.61648290,1.10366200,0.80073180,0.72017020,3.30127900,3.30402600,0.79941320,4.96068000,4.95666000,0.00854700, 2, 255, 7, 24,0x50000,No,No,No,No,No,Yes,No,Yes
2026-04-11 12:03:42,0.0,1500,500,,500,500,44,,200,,,648,,47.2,0.7200,0.6000,0.6000,1.1000,0.00000000,0.08685777,0.12491900,0.00585558,0.00000000,0.20884900,0.33181620,1.10732000,0.00054945,0.00067155,0.00384615,0.02722830,3.69884800,3.31374500,1.79828900,1.10439400,0.61611660,1.10146400,0.80036550,0.72043880,3.30311000,3.30402600,0.79941320,4.95264000,4.95264000,0.00854700, 2, 255, 7, 24,0x50000,No,No,No,No,No,Yes,No,Yes
2026-04-11 12:03:44,0.0,1500,500,,500,500,44,,200,,,648,,47.7,0.7200,0.6000,0.6000,1.1000,0.00292779,0.06636324,0.12394310,0.00487965,0.00000000,0.20982490,0.33084030,1.10732000,0.00036630,0.00079365,0.00396825,0.02759460,3.69792000,3.29889800,1.79828900,1.10439400,0.61611660,1.10073200,0.79963290,0.72070740,3.29944700,3.30311000,0.79912020,4.94728000,4.94058000,0.00854700, 2, 255, 7, 24,0x50000,No,No,No,No,No,Yes,No,Yes
2026-04-11 12:03:47,0.0,1500,500,,500,500,44,,200,,,648,,47.2,0.7200,0.6000,0.6000,1.1000,0.00000000,0.06929103,0.12491900,0.00487965,0.00000000,0.20982490,0.33084030,1.11625000,0.00067155,0.00091575,0.00384615,0.02759460,3.69884800,3.32766400,1.79828900,1.10146400,0.61538400,1.10146400,0.79816780,0.72017020,3.29944700,3.30402600,0.79941320,4.95666000,4.96336000,0.00854700, 2, 255, 7, 24,0x50000,No,No,No,No,No,Yes,No,Yes
2026-04-11 12:03:49,0.0,1500,500,,500,500,44,,200,,,648,,47.7,0.7200,0.6000,0.6000,1.1000,0.05074836,0.07124290,0.12687090,0.00390372,0.00000000,0.20982490,0.33084030,1.13411000,0.00048840,0.00054945,0.00402930,0.02771670,3.69977600,3.30260900,1.79926600,1.10219700,0.61428510,1.10073200,0.79853400,0.72043880,3.30219400,3.30402600,0.79912020,4.87224000,4.95800000,0.00854700, 2, 255, 7, 24,0x50000,No,No,No,No,No,Yes,No,Yes
2026-04-11 12:03:51,0.0,1500,500,,500,500,44,,200,,,648,,47.2,0.7200,0.6000,0.6000,1.1000,0.00097593,0.07026696,0.12687090,0.00390372,0.00000000,0.20787310,0.32986440,1.10732000,0.00048840,0.00079365,0.00427350,0.02747250,3.70070400,3.30168200,1.79828900,1.10439400,0.61501770,1.10292900,0.79999920,0.72017020,3.29944700,3.30402600,0.79970620,4.95532000,4.95666000,0.00854700, 2, 255, 7, 24,0x50000,No,No,No,No,No,Yes,No,Yes
2026-04-11 12:03:53,0.0,1500,500,,500,500,44,,200,,,648,,47.7,0.7200,0.6000,0.6000,1.1000,0.00000000,0.06929103,0.12687090,0.00683151,0.00000000,0.22153610,0.32986440,1.10732000,0.00054945,0.00067155,0.00439560,0.02783880,3.69977600,3.30168200,1.80024200,1.10292900,0.61501770,1.10292900,0.80073180,0.72070740,3.30219400,3.30311000,0.79912020,4.96068000,4.96202000,0.00854700, 2, 255, 7, 24,0x50000,No,No,No,No,No,Yes,No,Yes
2026-04-11 12:03:55,0.0,1500,500,,500,500,43,,200,,,648,,47.7,0.7200,0.6000,0.6000,1.1000,0.05074836,0.08197812,0.12882280,0.00585558,0.00000000,0.20884900,0.32986440,1.11625000,0.00036630,0.00067155,0.00421245,0.02759460,3.69792000,3.32580900,1.80659200,1.10292900,0.61721550,1.10476100,0.80036550,0.72043880,3.30127900,3.30402600,0.79941320,4.94192000,4.94594000,0.00854700, 2, 255, 7, 24,0x50000,No,No,No,No,No,Yes,No,Yes
2026-04-11 12:03:57,0.0,1500,500,,500,500,44,,200,,,648,,46.6,0.7200,0.6000,0.6000,1.1000,0.00000000,0.07221882,0.12687090,0.00585558,0.00000000,0.20982490,0.33084030,1.13411000,0.00054945,0.00054945,0.00384615,0.02771670,3.69977600,3.29982600,1.79926600,1.10586000,0.61501770,1.10329600,0.79999920,0.72017020,3.30219400,3.30402600,0.79912020,4.94996000,4.96202000,0.00854700, 2, 255, 7, 24,0x50000,No,No,No,No,No,Yes,No,Yes
2026-04-11 12:03:59,0.0,1500,500,,500,500,44,,200,,,648,,47.7,0.7200,0.6000,0.6000,1.1000,0.00195186,0.07026696,0.12394310,0.00585558,0.00000000,0.21080090,0.33084030,1.11625000,0.00054945,0.00091575,0.00488400,0.02747250,3.69792000,3.32952100,1.79828900,1.10769100,0.61575030,1.10476100,0.80036550,0.72070740,3.30402600,3.30402600,0.79853400,4.95398000,4.95532000,0.00940170, 2, 255, 7, 24,0x50000,No,No,No,No,No,Yes,No,Yes
2026-04-11 12:04:02,0.0,1500,500,,500,500,44,,200,,,648,,46.6,0.7200,0.6000,0.6000,1.1000,0.00000000,0.07221882,0.12687090,0.00487965,0.00000000,0.20787310,0.33181620,1.13411000,0.00054945,0.00067155,0.00409035,0.02722830,3.69977600,3.29982600,1.78900900,1.10695900,0.61575030,1.10476100,0.80073180,0.72043880,3.30219400,3.30311000,0.79941320,4.94996000,4.94996000,0.00854700, 2, 255, 7, 24,0x50000,No,No,No,No,No,Yes,No,Yes
2026-04-11 12:04:04,0.0,1500,500,,500,500,44,,200,,,648,,47.7,0.7200,0.6000,0.6000,1.1000,0.04879650,0.07319475,0.12589500,0.00390372,0.00000000,0.21958430,0.33084030,1.12518000,0.00054945,0.00042735,0.00409035,0.02710620,3.69792000,3.30168200,1.79828900,1.10769100,0.61648290,1.10146400,0.79963290,0.72017020,3.30127900,3.30494200,0.79941320,4.94058000,4.94058000,0.00854700, 2, 255, 7, 24,0x50000,No,No,No,No,No,Yes,No,Yes
2026-04-11 12:04:06,0.0,1500,500,,500,500,43,,200,,,648,,48.3,0.7200,0.6000,0.6000,1.1000,0.00097593,0.10637640,0.15517290,0.00585558,0.00000000,0.20884900,0.33084030,1.11625000,0.00054945,0.00085470,0.00409035,0.02722830,3.69884800,3.30168200,1.80024200,1.10769100,0.61465140,1.10146400,0.79890030,0.72017020,3.29944700,3.30311000,0.79941320,4.94058000,4.94326000,0.00854700, 2, 255, 7, 24,0x50000,No,No,No,No,No,Yes,No,Yes
2026-04-11 12:04:08,0.0,1500,500,,500,500,44,,200,,,648,,48.3,0.7200,0.6000,0.6000,1.1000,0.00000000,0.06733918,0.12589500,0.00292779,0.00000000,0.21177680,0.32693650,1.11625000,0.00054945,0.00091575,0.00488400,0.02759460,3.70070400,3.32952100,1.79828900,1.10805800,0.61465140,1.10073200,0.80036550,0.72070740,3.29944700,3.30311000,0.79941320,4.94594000,4.95666000,0.00854700, 2, 255, 7, 24,0x50000,No,No,No,No,No,Yes,No,Yes
2026-04-11 12:04:10,0.0,1500,500,,500,500,43,,200,,,648,,46.6,0.7200,0.6000,0.6000,1.1000,0.00000000,0.06929103,0.12491900,0.00487965,0.00000000,0.21080090,0.33084030,1.12518000,0.00036630,0.00042735,0.00488400,0.02783880,3.69884800,3.32209700,1.79828900,1.10769100,0.61465140,1.10366200,0.79926660,0.72070740,3.30219400,3.30311000,0.79912020,4.94996000,4.96068000,0.00854700, 2, 255, 7, 24,0x50000,No,No,No,No,No,Yes,No,Yes
2026-04-11 12:04:12,0.0,1500,500,,500,500,44,,200,,,648,,48.3,0.7200,0.6000,0.6000,1.1000,0.04977243,0.07709848,0.12687090,0.00585558,0.00000000,0.20884900,0.32986440,1.12518000,0.00054945,0.00091575,0.00409035,0.02722830,3.69792000,3.30168200,1.80024200,1.10439400,0.61465140,1.10146400,0.79999920,0.72070740,3.29944700,3.30494200,0.79941320,4.93120000,4.94058000,0.00854700, 2, 255, 7, 24,0x50000,No,No,No,No,No,Yes,No,Yes
2026-04-11 12:04:14,0.0,1500,500,,500,500,44,,200,,,648,,47.2,0.7200,0.6000,0.6000,1.1000,0.00097593,0.07417068,0.12589500,0.00487965,0.00000000,0.21860830,0.32791250,1.12518000,0.00054945,0.00067155,0.00409035,0.02759460,3.69977600,3.32209700,1.79926600,1.10219700,0.61648290,1.10256300,0.79999920,0.72043880,3.30219400,3.30311000,0.79912020,4.94996000,4.95264000,0.00854700, 2, 255, 7, 24,0x50000,No,No,No,No,No,Yes,No,Yes
2026-04-11 12:04:16,0.0,1500,500,,500,500,44,,200,,,648,,48.8,0.7200,0.6000,0.6000,1.1000,0.00195186,0.07221882,0.12687090,0.00487965,0.00000000,0.21080090,0.32986440,1.11625000,0.00054945,0.00091575,0.00409035,0.02783880,3.70070400,3.30260900,1.79828900,1.10292900,0.61611660,1.10366200,0.80036550,0.72017020,3.30127900,3.30402600,0.79941320,4.96068000,4.95264000,0.00854700, 2, 255, 7, 24,0x50000,No,No,No,No,No,Yes,No,Yes
2026-04-11 12:04:19,0.0,1500,500,,500,500,44,,200,,,648,,48.8,0.7200,0.6000,0.6000,1.1000,0.00000000,0.06831510,0.12687090,0.00585558,0.00000000,0.21080090,0.32791250,1.11625000,0.00054945,0.00067155,0.00427350,0.02710620,3.69792000,3.30724900,1.79926600,1.10915600,0.61501770,1.10256300,0.80036550,0.72070740,3.30127900,3.30311000,0.79912020,4.95130000,4.95398000,0.00854700, 2, 255, 7, 24,0x50000,No,No,No,No,No,Yes,No,Yes
2026-04-11 12:04:21,0.0,1500,500,,500,500,44,,200,,,648,,47.2,0.7200,0.6000,0.6000,1.1000,0.00097593,0.07417068,0.12394310,0.00390372,0.00000000,0.20884900,0.32888840,1.12518000,0.00054945,0.00067155,0.00421245,0.02796090,3.70070400,3.31003300,1.78852100,1.10622600,0.61501770,1.10476100,0.79963290,0.72097620,3.29944700,3.30402600,0.79941320,4.95532000,4.95666000,0.00854700, 2, 255, 7, 24,0x50000,No,No,No,No,No,Yes,No,Yes
2026-04-11 12:04:23,0.0,1500,500,,500,500,44,,200,,,648,,48.3,0.7200,0.6000,0.6000,1.1000,0.00000000,0.07124290,0.12589500,0.00487965,0.00000000,0.21080090,0.33181620,1.11625000,0.00054945,0.00091575,0.00445665,0.02747250,3.70070400,3.29518600,1.79096300,1.10439400,0.61575030,1.10476100,0.79890030,0.72097620,3.30127900,3.30311000,0.79941320,4.95398000,4.95934000,0.00854700, 2, 255, 7, 24,0x50000,No,No,No,No,No,Yes,No,Yes
2026-04-11 12:04:25,0.0,1500,500,,500,500,44,,200,,,648,,47.7,0.7200,0.6000,0.6000,1.1000,0.00000000,0.07026696,0.12394310,0.00585558,0.00000000,0.20787310,0.32986440,1.12518000,0.00054945,0.00091575,0.00409035,0.02759460,3.69884800,3.32766400,1.80610300,1.10695900,0.61648290,1.10146400,0.79963290,0.72043880,3.30402600,3.30311000,0.79824100,4.94594000,4.95130000,0.00854700, 2, 255, 7, 24,0x50000,No,No,No,No,No,Yes,No,Yes
2026-04-11 12:04:27,0.2,1500,500,,500,500,44,,200,,,648,,47.2,0.7200,0.6000,0.6000,1.1000,0.00097593,0.07709848,0.12784680,0.00390372,0.00000000,0.20884900,0.33181620,1.12518000,0.00054945,0.00067155,0.00421245,0.02759460,3.69792000,3.30168200,1.80024200,1.10769100,0.61501770,1.10292900,0.79926660,0.72070740,3.29944700,3.30402600,0.79912020,4.95532000,4.95532000,0.00854700, 2, 255, 7, 24,0x50000,No,No,No,No,No,Yes,No,Yes
2026-04-11 12:04:29,0.0,1500,500,,500,500,44,,200,,,648,,47.7,0.7200,0.6000,0.6000,1.1000,0.05074836,0.07026696,0.12589500,0.00975930,0.00000000,0.21958430,0.33084030,1.12518000,0.00036630,0.00079365,0.00439560,0.02747250,3.70070400,3.32580900,1.79096300,1.10586000,0.61611660,1.10256300,0.80073180,0.72070740,3.30219400,3.30494200,0.79941320,4.95666000,4.95666000,0.00854700, 2, 255, 7, 24,0x50000,No,No,No,No,No,Yes,No,Yes
2026-04-11 12:04:31,0.0,1500,500,,500,500,44,,200,,,648,,48.3,0.7200,0.6000,0.6000,1.1000,0.00195186,0.07221882,0.12589500,0.00390372,0.00000000,0.20689720,0.32888840,1.11625000,0.00054945,0.00067155,0.00421245,0.02722830,3.69977600,3.31838500,1.79926600,1.10402800,0.61684920,1.10073200,0.80109810,0.72043880,3.30219400,3.30311000,0.79882700,4.94996000,4.95666000,0.00854700, 2, 255, 7, 24,0x50000,No,No,No,No,No,Yes,No,Yes
2026-04-11 12:04:34,0.0,1500,500,,500,500,44,,200,,,648,,48.3,0.7200,0.6000,0.6000,1.1000,0.00097593,0.06831510,0.12784680,0.00487965,0.00000000,0.21080090,0.33181620,1.14304000,0.00048840,0.00079365,0.00445665,0.02747250,3.70070400,3.30168200,1.80024200,1.10439400,0.61391880,1.10256300,0.79963290,0.72070740,3.30219400,3.30311000,0.79912020,4.95130000,4.95666000,0.00854700, 2, 255, 7, 24,0x50000,No,No,No,No,No,Yes,No,Yes
2026-04-11 12:04:36,0.0,1500,500,,500,500,43,,200,,,648,,48.3,0.7200,0.6000,0.6000,1.1000,0.00000000,0.07026696,0.12784680,0.00585558,0.00000000,0.20884900,0.32888840,1.12518000,0.00036630,0.00079365,0.00409035,0.02722830,3.70163200,3.30910500,1.80024200,1.10146400,0.61684920,1.10329600,0.79926660,0.72043880,3.30219400,3.30311000,0.79912020,4.94996000,4.95800000,0.00854700, 2, 255, 7, 24,0x50000,No,No,No,No,No,Yes,No,Yes
2026-04-11 12:04:38,0.0,1500,500,,500,500,44,,200,,,648,,48.3,0.7200,0.6000,0.6000,1.1000,0.00097593,0.06929103,0.12882280,0.00975930,0.00000000,0.20884900,0.32986440,1.12518000,0.00054945,0.00091575,0.00421245,0.02783880,3.69884800,3.31374500,1.80659200,1.10476100,0.61575030,1.10256300,0.79926660,0.72017020,3.30127900,3.30402600,0.79882700,4.94594000,4.95398000,0.00854700, 2, 255, 7, 24,0x50000,No,No,No,No,No,Yes,No,Yes
2026-04-11 12:04:40,0.0,1500,500,,500,500,44,,200,,,648,,48.3,0.7200,0.6000,0.6000,1.1000,0.00097593,0.06929103,0.12589500,0.00780744,0.00000000,0.20884900,0.44502410,1.13411000,0.00054945,0.00091575,0.00445665,0.02783880,3.69884800,3.31838500,1.80610300,1.10476100,0.61648290,1.10329600,0.79926660,0.72043880,3.30127900,3.30402600,0.79941320,4.95666000,4.95398000,0.00854700, 2, 255, 7, 24,0x50000,No,No,No,No,No,Yes,No,Yes
2026-04-11 12:04:42,0.0,1500,500,,500,500,44,,200,,,648,,47.2,0.7200,0.6000,0.6000,1.1000,0.04977243,0.07124290,0.12687090,0.00683151,0.00000000,0.20982490,0.32791250,1.13411000,0.00054945,0.00079365,0.00445665,0.02735040,3.69884800,3.30632200,1.79828900,1.10915600,0.61538400,1.10256300,0.79926660,0.72070740,3.30036300,3.30311000,0.79853400,4.94326000,4.94728000,0.00854700, 2, 255, 7, 24,0x50000,No,No,No,No,No,Yes,No,Yes
2026-04-11 12:04:44,0.0,1500,500,,500,500,44,,200,,,648,,48.3,0.7200,0.6000,0.6000,1.1000,0.00000000,0.06929103,0.12589500,0.00585558,0.00000000,0.20982490,0.33084030,1.12518000,0.00054945,0.00079365,0.00427350,0.02698410,3.70070400,3.30168200,1.80024200,1.10292900,0.61648290,1.09999900,0.80036550,0.72017020,3.30127900,3.30494200,0.79941320,4.95532000,4.95398000,0.00854700, 2, 255, 7, 24,0x50000,No,No,No,No,No,Yes,No,Yes
2026-04-11 12:04:46,0.0,1500,500,,500,500,44,,200,,,648,,48.8,0.7200,0.6000,0.6000,1.1000,0.00097593,0.07709848,0.12784680,0.00487965,0.00000000,0.20884900,0.32986440,1.13411000,0.00054945,0.00091575,0.00384615,0.02759460,3.69884800,3.29982600,1.80024200,1.11062200,0.61501770,1.10256300,0.79963290,0.72017020,3.30219400,3.30494200,0.79941320,4.94058000,4.95264000,0.00854700, 2, 255, 7, 24,0x50000,No,No,No,No,No,Yes,No,Yes
2026-04-11 12:04:49,0.0,1500,500,,500,500,44,,200,,,648,,48.8,0.7200,0.6000,0.6000,1.1000,0.00097593,0.06929103,0.12687090,0.00585558,0.00000000,0.20884900,0.33084030,1.13411000,0.00042735,0.00079365,0.00445665,0.02710620,3.69884800,3.29518600,1.80659200,1.10439400,0.61575030,1.10073200,0.80036550,0.72070740,3.30127900,3.30402600,0.79941320,4.95666000,4.95666000,0.00854700, 2, 255, 7, 24,0x50000,No,No,No,No,No,Yes,No,Yes
2026-04-11 12:04:51,0.0,1500,500,,500,500,44,,200,,,648,,48.8,0.7200,0.6000,0.6000,1.1000,0.00000000,0.07221882,0.12784680,0.00585558,0.00000000,0.20689720,0.32888840,1.12518000,0.00036630,0.00079365,0.00402930,0.02759460,3.69792000,3.31931300,1.80024200,1.10769100,0.61684920,1.10476100,0.79926660,0.72043880,3.30219400,3.30585700,0.79912020,4.94996000,4.94996000,0.00854700, 2, 255, 7, 24,0x50000,No,No,No,No,No,Yes,No,Yes
2026-04-11 12:04:53,0.0,1500,500,,500,500,44,,200,,,648,,47.7,0.7200,0.6000,0.6000,1.1000,0.04977243,0.07026696,0.12687090,0.00585558,0.00000000,0.21177680,0.32986440,1.14304000,0.00054945,0.00079365,0.00433455,0.02735040,3.70070400,3.31838500,1.80024200,1.10146400,0.61575030,1.10476100,0.79890030,0.72017020,3.30127900,3.30402600,0.79853400,4.93522000,4.94192000,0.00854700, 2, 255, 7, 24,0x50000,No,No,No,No,No,Yes,No,Yes
2026-04-11 12:04:55,0.0,1500,500,,500,500,44,,200,,,648,,47.7,0.7200,0.6000,0.6000,1.1000,0.00000000,0.07417068,0.12784680,0.00585558,0.00000000,0.20982490,0.33084030,1.13411000,0.00036630,0.00042735,0.00445665,0.02747250,3.69792000,3.31188900,1.79828900,1.10769100,0.61501770,1.10329600,0.79926660,0.72070740,3.30219400,3.30494200,0.79941320,4.95800000,4.95666000,0.00854700, 2, 255, 7, 24,0x50000,No,No,No,No,No,Yes,No,Yes
2026-04-11 12:04:57,0.0,1500,500,,500,500,44,,200,,,648,,48.8,0.7200,0.6000,0.6000,1.1000,0.00097593,0.07221882,0.12882280,0.00487965,0.00000000,0.21860830,0.33181620,1.13411000,0.00054945,0.00091575,0.00409035,0.02735040,3.69884800,3.31467300,1.79828900,1.10146400,0.61501770,1.10476100,0.79999920,0.72017020,3.29944700,3.30402600,0.79941320,4.93120000,4.92450000,0.00854700, 2, 255, 7, 24,0x50000,No,No,No,No,No,Yes,No,Yes
2026-04-11 12:04:59,0.0,1500,500,,500,500,44,,200,,,648,,48.8,0.7200,0.6000,0.6000,1.1000,0.00000000,0.06929103,0.12589500,0.00585558,0.00000000,0.20884900,0.33084030,1.14304000,0.00054945,0.00079365,0.00384615,0.02747250,3.69884800,3.32580900,1.80024200,1.10769100,0.61648290,1.10256300,0.80036550,0.72070740,3.29944700,3.30494200,0.79941320,4.95264000,4.95666000,0.00854700, 2, 255, 7, 24,0x50000,No,No,No,No,No,Yes,No,Yes
2026-04-11 12:05:01,0.0,1500,500,,500,500,44,,200,,,648,,49.4,0.7200,0.6000,0.6000,1.1000,0.00097593,0.07124290,0.12589500,0.00292779,0.00000000,0.23617510,0.33279210,1.14304000,0.00054945,0.00067155,0.00488400,0.02710620,3.70070400,3.31467300,1.80024200,1.10439400,0.61575030,1.10512700,0.79926660,0.72017020,3.29944700,3.30402600,0.79941320,4.95532000,4.95398000,0.00854700, 2, 255, 7, 24,0x50000,No,No,No,No,No,Yes,No,Yes
2026-04-11 12:05:03,0.0,1500,500,,500,500,44,,200,,,648,,47.7,0.7200,0.6000,0.6000,1.1000,0.00000000,0.06636324,0.12491900,0.00878337,0.00000000,0.20787310,0.33181620,1.14304000,0.00054945,0.00091575,0.00384615,0.02710620,3.69884800,3.32580900,1.80610300,1.10439400,0.61575030,1.10146400,0.79999920,0.72017020,3.30219400,3.30402600,0.79941320,4.92182000,4.91110000,0.00854700, 2, 255, 7, 24,0x50000,No,No,No,No,No,Yes,No,Yes
2026-04-11 12:05:06,0.0,1500,500,,500,500,44,,200,,,648,,48.3,0.7200,0.6000,0.6000,1.1000,0.04879650,0.07417068,0.12589500,0.00390372,0.00000000,0.20884900,0.33279210,1.13411000,0.00054945,0.00091575,0.00384615,0.02783880,3.69977600,3.30632200,1.80024200,1.10439400,0.61575030,1.10073200,0.79926660,0.72043880,3.30219400,3.30585700,0.79912020,4.94728000,4.93924000,0.00854700, 2, 255, 7, 24,0x50000,No,No,No,No,No,Yes,No,Yes
2026-04-11 12:05:08,0.0,1500,500,,500,500,44,,200,,,648,,48.3,0.7200,0.6000,0.6000,1.1000,0.00097593,0.06831510,0.12589500,0.00487965,0.00000000,0.21080090,0.33084030,1.15197000,0.00054945,0.00067155,0.00409035,0.02722830,3.69792000,3.31374500,1.79926600,1.10146400,0.61428510,1.10146400,0.80036550,0.72043880,3.30219400,3.30311000,0.79970620,4.94728000,4.95532000,0.00854700, 2, 255, 7, 24,0x50000,No,No,No,No,No,Yes,No,Yes
2026-04-11 12:05:10,0.0,1500,500,,500,500,43,,200,,,648,,49.4,0.7200,0.6000,0.6000,1.1000,0.04586871,0.07124290,0.12784680,0.00487965,0.00000000,0.21958430,0.33181620,1.14304000,0.00054945,0.00091575,0.00409035,0.02722830,3.69884800,3.31188900,1.80610300,1.10146400,0.61538400,1.10109800,0.79926660,0.72043880,3.30127900,3.30402600,0.79941320,4.90976000,4.92450000,0.00854700, 2, 255, 7, 24,0x50000,No,No,No,No,No,Yes,No,Yes
2026-04-11 12:05:12,0.0,1500,500,,500,500,44,,200,,,648,,48.8,0.7200,0.6000,0.6000,1.1000,0.04782057,0.07807440,0.12687090,0.00487965,0.00000000,0.20884900,0.32986440,1.14304000,0.00036630,0.00079365,0.00409035,0.02747250,3.70070400,3.30260900,1.79828900,1.10586000,0.61648290,1.10219700,0.80073180,0.72043880,3.30219400,3.30311000,0.79882700,4.96068000,4.96068000,0.00854700, 2, 255, 7, 24,0x50000,No,No,No,No,No,Yes,No,Yes
2026-04-11 12:05:14,0.0,1500,500,,500,500,44,,200,,,648,,47.7,0.7200,0.6000,0.6000,1.1000,0.00097593,0.06929103,0.12687090,0.00390372,0.00000000,0.20884900,0.33181620,1.15197000,0.00054945,0.00067155,0.00409035,0.02759460,3.69884800,3.31096100,1.79926600,1.10402800,0.61465140,1.10476100,0.79926660,0.72043880,3.30219400,3.30311000,0.79882700,4.94728000,4.94728000,0.00940170, 2, 255, 7, 24,0x50000,No,No,No,No,No,Yes,No,Yes
2026-04-11 12:05:16,0.0,1500,500,,500,500,44,,200,,,648,,47.7,0.7200,0.6000,0.6000,1.1000,0.00000000,0.06929103,0.12687090,0.00487965,0.00000000,0.21860830,0.32986440,1.14304000,0.00048840,0.00079365,0.00445665,0.02747250,3.70070400,3.31374500,1.80024200,1.10439400,0.61501770,1.10292900,0.80036550,0.72070740,3.29944700,3.30494200,0.79941320,4.95130000,4.95398000,0.00854700, 2, 255, 7, 24,0x50000,No,No,No,No,No,Yes,No,Yes
2026-04-11 12:05:18,0.0,1500,500,,500,500,43,,200,,,648,,49.9,0.7200,0.6000,0.6000,1.1000,0.04977243,0.07026696,0.12687090,0.00390372,0.00000000,0.21177680,0.33376810,1.15197000,0.00048840,0.00079365,0.00445665,0.02722830,3.69977600,3.31003300,1.79828900,1.10586000,0.61611660,1.10292900,0.79963290,0.72070740,3.30219400,3.30311000,0.79941320,4.91914000,4.95666000,0.00854700, 2, 255, 7, 24,0x50000,No,No,No,No,No,Yes,No,Yes
2026-04-11 12:05:21,0.0,1500,500,,500,500,44,,200,,,648,,48.8,0.7200,0.6000,0.6000,1.1000,0.00000000,0.06929103,0.12589500,0.00683151,0.00000000,0.20689720,0.33181620,1.15197000,0.00054945,0.00091575,0.00439560,0.02735040,3.70070400,3.31652900,1.79828900,1.10695900,0.61465140,1.10292900,0.79890030,0.72017020,3.29944700,3.30494200,0.79941320,4.94058000,4.94058000,0.00854700, 2, 255, 7, 24,0x50000,No,No,No,No,No,Yes,No,Yes
2026-04-11 12:05:23,0.0,1500,500,,500,500,44,,200,,,648,,48.3,0.7200,0.6000,0.6000,1.1000,0.00195186,0.08392998,0.12589500,0.00975930,0.00000000,0.21080090,0.33181620,1.13411000,0.00042735,0.00054945,0.00409035,0.02747250,3.69792000,3.31374500,1.79926600,1.10439400,0.61575030,1.10073200,0.80073180,0.72043880,3.30219400,3.30311000,0.79882700,4.94862000,4.94996000,0.00854700, 2, 255, 7, 24,0x50000,No,No,No,No,No,Yes,No,Yes
2026-04-11 12:05:25,0.0,1500,500,,500,500,43,,200,,,648,,48.3,0.7200,0.6000,0.6000,1.1000,0.00195186,0.07514661,0.12784680,0.00683151,0.00000000,0.20884900,0.33181620,1.14304000,0.00054945,0.00091575,0.00445665,0.02710620,3.69884800,3.31838500,1.80610300,1.10512700,0.61538400,1.10476100,0.79963290,0.72017020,3.30402600,3.30402600,0.79941320,4.95666000,4.96336000,0.00854700, 2, 255, 7, 24,0x50000,No,No,No,No,No,Yes,No,Yes
2026-04-11 12:05:27,0.0,1500,500,,500,500,44,,200,,,648,,49.4,0.7200,0.6000,0.6000,1.1000,0.00000000,0.06733918,0.12687090,0.00585558,0.00000000,0.21372870,0.32986440,1.16090000,0.00054945,0.00067155,0.00445665,0.02698410,3.69977600,3.31188900,1.79926600,1.10146400,0.61538400,1.10256300,0.79926660,0.72043880,3.30219400,3.30311000,0.79912020,4.93924000,4.95130000,0.00854700, 2, 255, 7, 24,0x50000,No,No,No,No,No,Yes,No,Yes
2026-04-11 12:05:29,0.0,1500,500,,500,500,44,,200,,,648,,48.3,0.7200,0.6000,0.6000,1.1000,0.00000000,0.07221882,0.12687090,0.00585558,0.00000000,0.20884900,0.33376810,1.15197000,0.00054945,0.00079365,0.00451770,0.02783880,3.69884800,3.31374500,1.79096300,1.10439400,0.61575030,1.10476100,0.79926660,0.72097620,3.30036300,3.30402600,0.79941320,4.92986000,4.94996000,0.00854700, 2, 255, 7, 24,0x50000,No,No,No,No,No,Yes,No,Yes
2026-04-11 12:05:31,0.0,1500,500,,500,500,43,,200,,,648,,49.4,0.7200,0.6000,0.6000,1.1000,0.04977243,0.07514661,0.12784680,0.00487965,0.00000000,0.22056020,0.32986440,1.15197000,0.00097680,0.00079365,0.00488400,0.02710620,3.70070400,3.32580900,1.79828900,1.10988900,0.61538400,1.10073200,0.79816780,0.72017020,3.29944700,3.30402600,0.79941320,4.95264000,4.94594000,0.00854700, 2, 255, 7, 24,0x50000,No,No,No,No,No,Yes,No,Yes
2026-04-11 12:05:33,0.0,1500,500,,500,500,44,,200,,,648,,48.8,0.7200,0.6000,0.6000,1.1000,0.00000000,0.06831510,0.12491900,0.00585558,0.00000000,0.20787310,0.33084030,1.15197000,0.00048840,0.00079365,0.00427350,0.02710620,3.70070400,3.30168200,1.79828900,1.10292900,0.61501770,1.10073200,0.80036550,0.72043880,3.30127900,3.30494200,0.79941320,4.93924000,4.94728000,0.00854700, 2, 255, 7, 24,0x50000,No,No,No,No,No,Yes,No,Yes
2026-04-11 12:05:36,0.0,1500,500,,500,500,44,,200,,,648,,47.7,0.7200,0.6000,0.6000,1.1000,0.00000000,0.08197812,0.12784680,0.00585558,0.00000000,0.20787310,0.33084030,1.13411000,0.00054945,0.00079365,0.00384615,0.02710620,3.69884800,3.32580900,1.79828900,1.10769100,0.61575030,1.10146400,0.79999920,0.72017020,3.30127900,3.30402600,0.79853400,4.93254000,4.94192000,0.00854700, 2, 255, 7, 24,0x50000,No,No,No,No,No,Yes,No,Yes
2026-04-11 12:05:38,0.0,1500,500,,500,500,44,,200,,,648,,48.3,0.7200,0.6000,0.6000,1.1000,0.00000000,0.07221882,0.12491900,0.00390372,0.00000000,0.21177680,0.32693650,1.15197000,0.00054945,0.00091575,0.00409035,0.02759460,3.70070400,3.31003300,1.79828900,1.10292900,0.61648290,1.10073200,0.79999920,0.72043880,3.30127900,3.30402600,0.79853400,4.94594000,4.94728000,0.00854700, 2, 255, 7, 24,0x50000,No,No,No,No,No,Yes,No,Yes
2026-04-11 12:05:40,0.0,1500,500,,500,500,44,,200,,,648,,48.8,0.7200,0.6000,0.6000,1.1000,0.00000000,0.07319475,0.12589500,0.00097593,0.00000000,0.21177680,0.33084030,1.15197000,0.00054945,0.00054945,0.00409035,0.02722830,3.69884800,3.30632200,1.79828900,1.10476100,0.61648290,1.10292900,0.79999920,0.72017020,3.30311000,3.30494200,0.79941320,4.94058000,4.94594000,0.00854700, 2, 255, 7, 24,0x50000,No,No,No,No,No,Yes,No,Yes
2026-04-11 12:05:42,0.0,1500,500,,500,500,44,,200,,,648,,49.9,0.7200,0.6000,0.6000,1.1000,0.04879650,0.07612254,0.12687090,0.00683151,0.00000000,0.21080090,0.33181620,1.14304000,0.00042735,0.00067155,0.00421245,0.02698410,3.70070400,3.31096100,1.82124300,1.10439400,0.61575030,1.10476100,0.79999920,0.72097620,3.30402600,3.30402600,0.79941320,4.92450000,4.92718000,0.00854700, 2, 255, 7, 24,0x50000,No,No,No,No,No,Yes,No,Yes
2026-04-11 12:05:44,0.0,1500,500,,500,500,44,,200,,,648,,47.7,0.7200,0.6000,0.6000,1.1000,0.05074836,0.07221882,0.12589500,0.00780744,0.00000000,0.20982490,0.33084030,1.14304000,0.00048840,0.00079365,0.00445665,0.02710620,3.69977600,3.32580900,1.79828900,1.10439400,0.61538400,1.10073200,0.79890030,0.72043880,3.30036300,3.30311000,0.79941320,4.93522000,4.93790000,0.00854700, 2, 255, 7, 24,0x50000,No,No,No,No,No,Yes,No,Yes
2026-04-11 12:05:46,0.0,1500,500,,500,500,44,,200,,,648,,47.7,0.7200,0.6000,0.6000,1.1000,0.00000000,0.06831510,0.12589500,0.00000000,0.00000000,0.20884900,0.32888840,1.15197000,0.00042735,0.00079365,0.00439560,0.02722830,3.69977600,3.31838500,1.80659200,1.10695900,0.61538400,1.10073200,0.79963290,0.72017020,3.29944700,3.30402600,0.79941320,4.93522000,4.94326000,0.00854700, 2, 255, 7, 24,0x50000,No,No,No,No,No,Yes,No,Yes
2026-04-11 12:05:48,0.0,1500,500,,500,500,44,,200,,,648,,49.9,0.7200,0.6000,0.6000,1.1000,0.00000000,0.07612254,0.12784680,0.00390372,0.00000000,0.21080090,0.33084030,1.13411000,0.00054945,0.00042735,0.00488400,0.02710620,3.69977600,3.32580900,1.79828900,1.10512700,0.61575030,1.10146400,0.79890030,0.72017020,3.29944700,3.30402600,0.79853400,4.94326000,4.94862000,0.00940170, 2, 255, 7, 24,0x50000,No,No,No,No,No,Yes,No,Yes
2026-04-11 12:05:51,0.0,1500,500,,500,500,44,,200,,,648,,47.7,0.7200,0.6000,0.6000,1.1000,0.00097593,0.07026696,0.12687090,0.00292779,0.00000000,0.21860830,0.32986440,1.16090000,0.00054945,0.00079365,0.00445665,0.02710620,3.69884800,3.31838500,1.80610300,1.10769100,0.61648290,1.09999900,0.79926660,0.72070740,3.29944700,3.30402600,0.79941320,4.95264000,4.94594000,0.00854700, 2, 255, 7, 24,0x50000,No,No,No,No,No,Yes,No,Yes
2026-04-11 12:05:53,0.0,1500,500,,500,500,43,,200,,,648,,48.3,0.7200,0.6000,0.6000,1.1000,0.00000000,0.07319475,0.12589500,0.00780744,0.00000000,0.20884900,0.33084030,1.15197000,0.00054945,0.00042735,0.00427350,0.02759460,3.70070400,3.32952100,1.79828900,1.10695900,0.61648290,1.10329600,0.79926660,0.72017020,3.30036300,3.30402600,0.79853400,4.94192000,4.94728000,0.00854700, 2, 255, 7, 24,0x50000,No,No,No,No,No,Yes,No,Yes
2026-04-11 12:05:55,0.0,1500,500,,500,500,44,,200,,,648,,48.3,0.7200,0.6000,0.6000,1.1000,0.00195186,0.07514661,0.12882280,0.00683151,0.00000000,0.20787310,0.33084030,1.15197000,0.00048840,0.00067155,0.00433455,0.02722830,3.69977600,3.30817700,1.79535800,1.10695900,0.61648290,1.10329600,0.79890030,0.72097620,3.30219400,3.30219400,0.79882700,4.94326000,4.94996000,0.00854700, 2, 255, 7, 24,0x50000,No,No,No,No,No,Yes,No,Yes
2026-04-11 12:05:57,0.0,1500,500,,500,500,44,,200,,,648,,49.4,0.7200,0.6000,0.6000,1.1000,0.00000000,0.07124290,0.12687090,0.00780744,0.00000000,0.20982490,0.32986440,1.16090000,0.00054945,0.00079365,0.00396825,0.02686200,3.69977600,3.31281700,1.79828900,1.10805800,0.61575030,1.10146400,0.79963290,0.72017020,3.29944700,3.30402600,0.79970620,4.94460000,4.94728000,0.00854700, 2, 255, 7, 24,0x50000,No,No,No,No,No,Yes,No,Yes
2026-04-11 12:05:59,0.0,1500,500,,500,500,44,,200,,,648,,49.9,0.7200,0.6000,0.6000,1.1000,0.00195186,0.07417068,0.12784680,0.00683151,0.00000000,0.21080090,0.33181620,1.15197000,0.00036630,0.00079365,0.00445665,0.02735040,3.69884800,3.31374500,1.80659200,1.10439400,0.61611660,1.10256300,0.79999920,0.72070740,3.29944700,3.30402600,0.79941320,4.94594000,4.94594000,0.00854700, 2, 255, 7, 24,0x50000,No,No,No,No,No,Yes,No,Yes
2026-04-11 12:06:01,0.0,1500,500,,500,500,44,,200,,,648,,48.3,0.7200,0.6000,0.6000,1.1000,0.00000000,0.07417068,0.12589500,0.00585558,0.00000000,0.21080090,0.34157550,1.16090000,0.00054945,0.00079365,0.00421245,0.02747250,3.69884800,3.31003300,1.79828900,1.10476100,0.61575030,1.10366200,0.80036550,0.72070740,3.29944700,3.30311000,0.79882700,4.94594000,4.94728000,0.00854700, 2, 255, 7, 24,0x50000,No,No,No,No,No,Yes,No,Yes
2026-04-11 12:06:03,0.0,1500,500,,500,500,44,,200,,,648,,49.4,0.7200,0.6000,0.6000,1.1000,0.00000000,0.06733918,0.12589500,0.00585558,0.00000000,0.21860830,0.33084030,1.13411000,0.00054945,0.00091575,0.00421245,0.02747250,3.69884800,3.32209700,1.79828900,1.10695900,0.61648290,1.10146400,0.80036550,0.72017020,3.29944700,3.30494200,0.79941320,4.94058000,4.94058000,0.00854700, 2, 255, 7, 24,0x50000,No,No,No,No,No,Yes,No,Yes
2026-04-11 12:06:06,0.0,1500,500,,500,500,44,,200,,,648,,49.9,0.7200,0.6000,0.6000,1.1000,0.00000000,0.07026696,0.12784680,0.00487965,0.00000000,0.20787310,0.33084030,1.16090000,0.00042735,0.00079365,0.00409035,0.02735040,3.69977600,3.30724900,1.80024200,1.10622600,0.61648290,1.10146400,0.79963290,0.72070740,3.30219400,3.30311000,0.79912020,4.94996000,4.94058000,0.00854700, 2, 255, 7, 24,0x50000,No,No,No,No,No,Yes,No,Yes
2026-04-11 12:06:08,0.0,1500,500,,500,500,44,,200,,,648,,48.8,0.7200,0.6000,0.6000,1.1000,0.04977243,0.07709848,0.12687090,0.00683151,0.00000000,0.20982490,0.33181620,1.15197000,0.00054945,0.00079365,0.00439560,0.02759460,3.69884800,3.29797000,1.79828900,1.10805800,0.61465140,1.10256300,0.79999920,0.72017020,3.30127900,3.30494200,0.79882700,4.93522000,4.94058000,0.00854700, 2, 255, 7, 24,0x50000,No,No,No,No,No,Yes,No,Yes
2026-04-11 12:06:10,0.0,1500,500,,500,500,44,,200,,,648,,48.3,0.7200,0.6000,0.6000,1.1000,0.04977243,0.07319475,0.12882280,0.00780744,0.00000000,0.20884900,0.33181620,1.13411000,0.00048840,0.00067155,0.00445665,0.02747250,3.69606400,3.31188900,1.79389300,1.10769100,0.61538400,1.10073200,0.79890030,0.72017020,3.29944700,3.30311000,0.79882700,4.94192000,4.94192000,0.00854700, 2, 255, 7, 24,0x50000,No,No,No,No,No,Yes,No,Yes
2026-04-11 12:06:12,0.0,1500,500,,500,500,43,,200,,,648,,48.8,0.7200,0.6000,0.6000,1.1000,0.00097593,0.07221882,0.12687090,0.00585558,0.00000000,0.21080090,0.33084030,1.16090000,0.00054945,0.00079365,0.00384615,0.02722830,3.69792000,3.31838500,1.79828900,1.10695900,0.61648290,1.10366200,0.79963290,0.71990160,3.30036300,3.30402600,0.79824100,4.94326000,4.94996000,0.00854700, 2, 255, 7, 24,0x50000,No,No,No,No,No,Yes,No,Yes
2026-04-11 12:06:14,0.0,1500,500,,500,500,44,,200,,,648,,51.0,0.7200,0.6000,0.6000,1.1000,0.05074836,0.07807440,0.12882280,0.00195186,0.00000000,0.20787310,0.33181620,1.15197000,0.00054945,0.00079365,0.00427350,0.02710620,3.69699300,3.31374500,1.79828900,1.10695900,0.61575030,1.10476100,0.79890030,0.72017020,3.30036300,3.30402600,0.79824100,4.93522000,4.92718000,0.00940170, 2, 255, 7, 24,0x50000,No,No,No,No,No,Yes,No,Yes
2026-04-11 12:06:16,0.0,1500,500,,500,500,44,,200,,,648,,49.4,0.7200,0.6000,0.6000,1.1000,0.00097593,0.07319475,0.12589500,0.00683151,0.00000000,0.20982490,0.33376810,1.16983000,0.00036630,0.00054945,0.00409035,0.02747250,3.69977600,3.30168200,1.79926600,1.10146400,0.61611660,1.10073200,0.79963290,0.72043880,3.30311000,3.30311000,0.79853400,4.94996000,4.94996000,0.00854700, 2, 255, 7, 24,0x50000,No,No,No,No,No,Yes,No,Yes
2026-04-11 12:06:18,0.0,1500,500,,500,500,44,,200,,,648,,49.9,0.7200,0.6000,0.6000,1.1000,0.00000000,0.06929103,0.12589500,0.00487965,0.00000000,0.20884900,0.32986440,1.16090000,0.00067155,0.00079365,0.00439560,0.02735040,3.70070400,3.32580900,1.79828900,1.10219700,0.61575030,1.10256300,0.80036550,0.72017020,3.30311000,3.30494200,0.79882700,4.93522000,4.94862000,0.00940170, 2, 255, 7, 24,0x50000,No,No,No,No,No,Yes,No,Yes
2026-04-11 12:06:20,0.0,1500,500,,500,500,44,,200,,,648,,49.4,0.7200,0.6000,0.6000,1.1000,0.04977243,0.07417068,0.12882280,0.00487965,0.00000000,0.20884900,0.33376810,1.15197000,0.00054945,0.00085470,0.00488400,0.02735040,3.69884800,3.31374500,1.80610300,1.10146400,0.61575030,1.10476100,0.79890030,0.72043880,3.30402600,3.30219400,0.79824100,4.92182000,4.92450000,0.00854700, 2, 255, 7, 24,0x50000,No,No,No,No,No,Yes,No,Yes
2026-04-11 12:06:23,0.0,1500,500,,500,500,44,,200,,,648,,48.3,0.7200,0.6000,0.6000,1.1000,0.00097593,0.07514661,0.12491900,0.00683151,0.00000000,0.20982490,0.33376810,1.14304000,0.00036630,0.00079365,0.00488400,0.02735040,3.70256000,3.35550300,1.80659200,1.10769100,0.61611660,1.10146400,0.79963290,0.72017020,3.29944700,3.30494200,0.79912020,4.94058000,4.93522000,0.00854700, 2, 255, 7, 24,0x50000,No,No,No,No,No,Yes,No,Yes
2026-04-11 12:06:25,0.0,1500,500,,500,500,44,,200,,,648,,49.9,0.7200,0.6000,0.6000,1.1000,0.00000000,0.07221882,0.12687090,0.00585558,0.00000000,0.21080090,0.33279210,1.16090000,0.00048840,0.00079365,0.00445665,0.02710620,3.69792000,3.31838500,1.79828900,1.10512700,0.61648290,1.10292900,0.79963290,0.72070740,3.29944700,3.30494200,0.79941320,4.93790000,4.94594000,0.00854700, 2, 255, 7, 24,0x50000,No,No,No,No,No,Yes,No,Yes
2026-04-11 12:06:27,0.0,1500,500,,500,500,44,,200,,,648,,47.7,0.7200,0.6000,0.6000,1.1000,0.00000000,0.06831510,0.12784680,0.00487965,0.00000000,0.20787310,0.33474400,1.15197000,0.00042735,0.00079365,0.00409035,0.02722830,3.70070400,3.31096100,1.80610300,1.10292900,0.61611660,1.10146400,0.79890030,0.72043880,3.30219400,3.30494200,0.79941320,4.95264000,4.94594000,0.00854700, 2, 255, 7, 24,0x50000,No,No,No,No,No,Yes,No,Yes
2026-04-11 12:06:29,0.0,1500,500,,500,500,44,,200,,,648,,48.3,0.7200,0.6000,0.6000,1.1000,0.00097593,0.07319475,0.12979870,0.00975930,0.00000000,0.21080090,0.33084030,1.16090000,0.00054945,0.00091575,0.00421245,0.02710620,3.69884800,3.31374500,1.79096300,1.10695900,0.61575030,1.10146400,0.79926660,0.72097620,3.30036300,3.30311000,0.79882700,4.94192000,4.94728000,0.00854700, 2, 255, 7, 24,0x50000,No,No,No,No,No,Yes,No,Yes
2026-04-11 12:06:31,0.0,1500,500,,500,500,44,,200,,,648,,48.3,0.7200,0.6000,0.6000,1.1000,0.00195186,0.07319475,0.12784680,0.00195186,0.00000000,0.22153610,0.32791250,1.15197000,0.00054945,0.00091575,0.00445665,0.02710620,3.69792000,3.31374500,1.80024200,1.10695900,0.61538400,1.10109800,0.80073180,0.72043880,3.30219400,3.30311000,0.79941320,4.94996000,4.94996000,0.00854700, 2, 255, 7, 24,0x50000,No,No,No,No,No,Yes,No,Yes
2026-04-11 12:06:33,0.0,1500,500,,500,500,44,,200,,,648,,49.4,0.7200,0.6000,0.6000,1.1000,0.05074836,0.07417068,0.12784680,0.00975930,0.00000000,0.20689720,0.32888840,1.16090000,0.00036630,0.00067155,0.00427350,0.02735040,3.69792000,3.30817700,1.79926600,1.10476100,0.61684920,1.10109800,0.79963290,0.72043880,3.30219400,3.30311000,0.79941320,4.93924000,4.95130000,0.00854700, 2, 255, 7, 24,0x50000,No,No,No,No,No,Yes,No,Yes
2026-04-11 12:06:35,0.0,1500,500,,500,500,44,,200,,,648,,49.9,0.7200,0.6000,0.6000,1.1000,0.00000000,0.07514661,0.12491900,0.00487965,0.00000000,0.20787310,0.33181620,1.16983000,0.00054945,0.00079365,0.00409035,0.02747250,3.69884800,3.31188900,1.80024200,1.10769100,0.61538400,1.10146400,0.79963290,0.72043880,3.29944700,3.30494200,0.79970620,4.94728000,4.95130000,0.00854700, 2, 255, 7, 24,0x50000,No,No,No,No,No,Yes,No,Yes
2026-04-11 12:06:38,0.0,1500,500,,500,500,44,,200,,,648,,48.8,0.7200,0.6000,0.6000,1.1000,0.00000000,0.06831510,0.12882280,0.00683151,0.00000000,0.22251200,0.33181620,1.14304000,0.00036630,0.00079365,0.00445665,0.02698410,3.69977600,3.31188900,1.80610300,1.10695900,0.61538400,1.10476100,0.79926660,0.72070740,3.30311000,3.30402600,0.79941320,4.94594000,4.94192000,0.00854700, 2, 255, 7, 24,0x50000,No,No,No,No,No,Yes,No,Yes
2026-04-11 12:06:40,0.0,1500,500,,500,500,44,,200,,,648,,49.9,0.7200,0.6000,0.6000,1.1000,0.00000000,0.06929103,0.12784680,0.00878337,0.00000000,0.20982490,0.32986440,1.15197000,0.00054945,0.00067155,0.00409035,0.02710620,3.69884800,3.31745700,1.79389300,1.10695900,0.61721550,1.10256300,0.79999920,0.72043880,3.30036300,3.30585700,0.79882700,4.94326000,4.94728000,0.00854700, 2, 255, 7, 24,0x50000,No,No,No,No,No,Yes,No,Yes
2026-04-11 12:06:42,0.0,1500,500,,500,500,43,,200,,,648,,49.4,0.7200,0.6000,0.6000,1.1000,0.00000000,0.08295405,0.12687090,0.00683151,0.00000000,0.21080090,0.33084030,1.15197000,0.00054945,0.00091575,0.00409035,0.02783880,3.69977600,3.31281700,1.80659200,1.10769100,0.61648290,1.10366200,0.80073180,0.72097620,3.30036300,3.30402600,0.79941320,4.94326000,4.93924000,0.00854700, 2, 255, 7, 24,0x50000,No,No,No,No,No,Yes,No,Yes
2026-04-11 12:06:44,0.0,1500,500,,500,500,43,,200,,,648,,48.3,0.7200,0.6000,0.6000,1.1000,0.05074836,0.06929103,0.12687090,0.00585558,0.00000000,0.21080090,0.33084030,1.16090000,0.00042735,0.00079365,0.00488400,0.02710620,3.69606400,3.30632200,1.79096300,1.10183000,0.61575030,1.10476100,0.80036550,0.72097620,3.30127900,3.30402600,0.79941320,4.93254000,4.93254000,0.00940170, 2, 255, 7, 24,0x50000,No,No,No,No,No,Yes,No,Yes
2026-04-11 12:06:46,0.0,1500,500,,500,500,44,,200,,,648,,48.8,0.7200,0.6000,0.6000,1.1000,0.00000000,0.06831510,0.12687090,0.00487965,0.00000000,0.21080090,0.33279210,1.15197000,0.00042735,0.00079365,0.00402930,0.02735040,3.69884800,3.31188900,1.79096300,1.10769100,0.61648290,1.10549400,0.80036550,0.72043880,3.30127900,3.30402600,0.79941320,4.94326000,4.94326000,0.00854700, 2, 255, 7, 24,0x50000,No,No,No,No,No,Yes,No,Yes
2026-04-11 12:06:48,0.0,1500,500,,500,500,44,,200,,,648,,49.9,0.7200,0.6000,0.6000,1.1000,0.00000000,0.07221882,0.12784680,0.00683151,0.00000000,0.20884900,0.33181620,1.16090000,0.00054945,0.00067155,0.00445665,0.02710620,3.70070400,3.30632200,1.79096300,1.10769100,0.61575030,1.10183000,0.80036550,0.72017020,3.30402600,3.30402600,0.79882700,4.94326000,4.94192000,0.00940170, 2, 255, 7, 24,0x50000,No,No,No,No,No,Yes,No,Yes
2026-04-11 12:06:51,0.0,1500,500,,500,500,44,,200,,,648,,49.9,0.7200,0.6000,0.6000,1.1000,0.00000000,0.07319475,0.12687090,0.00487965,0.00000000,0.27716410,0.32986440,1.15197000,0.00054945,0.00091575,0.00409035,0.02698410,3.70070400,3.31188900,1.79096300,1.10732500,0.61648290,1.10476100,0.79926660,0.72043880,3.30127900,3.30402600,0.79941320,4.95264000,4.94862000,0.00940170, 2, 255, 7, 24,0x50000,No,No,No,No,No,Yes,No,Yes
2026-04-11 12:06:53,0.0,1500,500,,500,500,43,,200,,,648,,48.3,0.7200,0.6000,0.6000,1.1000,0.00000000,0.07417068,0.12687090,0.00683151,0.00000000,0.22056020,0.33181620,1.14304000,0.00036630,0.00079365,0.00439560,0.02698410,3.70070400,3.31838500,1.80024200,1.10439400,0.61575030,1.10292900,0.79926660,0.72043880,3.30127900,3.30219400,0.79912020,4.94192000,4.94326000,0.00854700, 2, 255, 7, 24,0x50000,No,No,No,No,No,Yes,No,Yes
2026-04-11 12:06:55,0.0,1500,500,,500,500,44,,200,,,648,,49.4,0.7200,0.6000,0.6000,1.1000,0.00195186,0.06831510,0.12784680,0.00487965,0.00000000,0.20787310,0.33181620,1.16983000,0.00036630,0.00079365,0.00409035,0.02722830,3.69884800,3.30910500,1.79926600,1.10622600,0.61501770,1.10402800,0.79963290,0.72043880,3.30219400,3.30311000,0.79912020,4.93656000,4.94996000,0.00854700, 2, 255, 7, 24,0x50000,No,No,No,No,No,Yes,No,Yes
2026-04-11 12:06:57,0.0,1500,500,,500,500,44,,200,,,648,,49.9,0.7200,0.6000,0.6000,1.1000,0.00000000,0.07221882,0.12687090,0.00487965,0.00000000,0.21080090,0.32888840,1.16090000,0.00036630,0.00079365,0.00451770,0.02710620,3.69884800,3.31096100,1.79096300,1.10439400,0.61611660,1.10146400,0.80146440,0.72017020,3.30127900,3.30402600,0.79941320,4.95264000,4.94728000,0.00854700, 2, 255, 7, 24,0x50000,No,No,No,No,No,Yes,No,Yes
2026-04-11 12:06:59,0.0,1500,500,,500,500,44,,200,,,648,,48.3,0.7200,0.6000,0.6000,1.1000,0.04977243,0.06929103,0.12687090,0.00683151,0.00000000,0.22446390,0.32986440,1.15197000,0.00054945,0.00091575,0.00488400,0.02722830,3.69977600,3.30910500,1.79828900,1.10476100,0.61501770,1.10366200,0.80073180,0.72043880,3.29944700,3.30494200,0.79941320,4.94058000,4.94594000,0.00854700, 2, 255, 7, 24,0x50000,No,No,No,No,No,Yes,No,Yes
2026-04-11 12:07:01,0.0,1500,500,,500,500,44,,200,,,648,,48.3,0.7200,0.6000,0.6000,1.1000,0.00195186,0.07124290,0.12394310,0.00097593,0.00000000,0.20982490,0.33084030,1.16090000,0.00036630,0.00042735,0.00439560,0.02686200,3.69884800,3.31374500,1.79096300,1.10695900,0.61538400,1.10512700,0.80073180,0.72043880,3.30402600,3.30402600,0.79882700,4.94594000,4.94326000,0.00940170, 2, 255, 7, 24,0x50000,No,No,No,No,No,Yes,No,Yes
2026-04-11 12:07:03,0.0,1500,500,,500,500,43,,200,,,648,,49.4,0.7200,0.6000,0.6000,1.1000,0.00097593,0.07319475,0.12296720,0.00585558,0.00000000,0.20884900,0.32693650,1.16983000,0.00042735,0.00079365,0.00396825,0.02710620,3.69884800,3.30632200,1.79828900,1.10439400,0.61465140,1.10219700,0.80036550,0.72017020,3.30127900,3.30402600,0.79941320,4.94058000,4.94594000,0.00854700, 2, 255, 7, 24,0x50000,No,No,No,No,No,Yes,No,Yes
2026-04-11 12:07:05,0.0,1500,500,,500,500,44,,200,,,648,,49.9,0.7200,0.6000,0.6000,1.1000,0.00097593,0.06929103,0.12687090,0.00878337,0.00000000,0.21177680,0.33181620,1.16090000,0.00042735,0.00067155,0.00439560,0.02735040,3.69884800,3.31374500,1.79389300,1.10439400,0.61428510,1.10512700,0.79999920,0.72017020,3.30036300,3.30219400,0.79882700,4.94862000,4.92182000,0.00940170, 2, 255, 7, 24,0x50000,No,No,No,No,No,Yes,No,Yes
2026-04-11 12:07:08,0.0,1500,500,,500,500,43,,200,,,648,,48.8,0.7200,0.6000,0.6000,1.1000,0.00000000,0.07221882,0.12687090,0.00585558,0.00000000,0.20982490,0.33279210,1.16090000,0.00048840,0.00079365,0.00409035,0.02735040,3.69699300,3.31838500,1.80024200,1.10695900,0.61611660,1.10476100,0.79890030,0.72043880,3.30219400,3.30402600,0.79912020,4.93924000,4.94996000,0.00854700, 2, 255, 7, 24,0x50000,No,No,No,No,No,Yes,No,Yes
2026-04-11 12:07:10,0.2,1500,500,,500,500,44,,200,,,648,,48.8,0.7200,0.6000,0.6000,1.1000,0.05172429,0.07124290,0.12784680,0.00585558,0.00000000,0.20884900,0.32986440,1.15197000,0.00054945,0.00091575,0.00384615,0.02722830,3.69884800,3.35550300,1.80659200,1.10146400,0.61648290,1.10476100,0.79926660,0.72043880,3.30402600,3.30219400,0.79941320,4.92450000,4.94862000,0.00854700, 2, 255, 7, 24,0x50000,No,No,No,No,No,Yes,No,Yes
2026-04-11 12:07:12,0.0,1500,500,,500,500,44,,200,,,648,,48.3,0.7200,0.6000,0.6000,1.1000,0.04977243,0.07417068,0.12491900,0.00487965,0.00000000,0.20787310,0.33084030,1.16090000,0.00054945,0.00091575,0.00421245,0.02710620,3.69884800,3.31188900,1.79096300,1.10695900,0.61648290,1.10256300,0.80073180,0.72097620,3.30219400,3.30402600,0.79882700,4.94728000,4.94728000,0.00854700, 2, 255, 7, 24,0x50000,No,No,No,No,No,Yes,No,Yes
2026-04-11 12:07:14,0.0,1500,500,,500,500,44,,200,,,648,,49.4,0.7200,0.6000,0.6000,1.1000,0.01463895,0.11028010,0.15614880,0.00390372,0.00000000,0.20982490,0.33084030,1.15197000,0.00054945,0.00091575,0.00445665,0.02710620,3.69884800,3.31096100,1.80610300,1.10805800,0.61648290,1.10292900,0.79999920,0.71990160,3.30127900,3.30402600,0.79853400,4.93522000,4.92718000,0.00940170, 2, 255, 7, 24,0x50000,No,No,No,No,No,Yes,No,Yes
2026-04-11 12:07:16,0.0,1500,500,,500,500,44,,200,,,648,,48.8,0.7200,0.6000,0.6000,1.1000,0.00000000,0.06733918,0.12687090,0.00975930,0.00000000,0.20982490,0.33084030,1.16983000,0.00036630,0.00079365,0.00445665,0.02747250,3.69977600,3.31096100,1.79926600,1.10805800,0.61721550,1.10402800,0.80036550,0.72097620,3.30127900,3.30402600,0.79912020,4.94862000,4.93656000,0.00854700, 2, 255, 7, 24,0x50000,No,No,No,No,No,Yes,No,Yes
2026-04-11 12:07:18,0.0,1500,500,,500,500,44,,200,,,648,,49.9,0.7200,0.6000,0.6000,1.1000,0.00000000,0.06831510,0.12491900,0.00585558,0.00000000,0.20884900,0.33181620,1.16090000,0.00036630,0.00079365,0.00488400,0.02722830,3.69977600,3.31188900,1.80659200,1.10915600,0.61355250,1.10073200,0.79890030,0.72017020,3.29944700,3.30494200,0.79941320,4.93522000,4.92986000,0.00940170, 2, 255, 7, 24,0x50000,No,No,No,No,No,Yes,No,Yes
2026-04-11 12:07:20,0.0,1500,500,,500,500,44,,200,,,648,,50.5,0.7200,0.6000,0.6000,1.1000,0.00292779,0.07124290,0.12687090,0.00585558,0.00000000,0.21080090,0.33279210,1.15197000,0.00036630,0.00091575,0.00445665,0.02747250,3.69977600,3.31838500,1.79096300,1.10476100,0.61501770,1.10476100,0.80073180,0.72070740,3.30127900,3.30402600,0.79941320,4.94460000,4.92986000,0.00940170, 2, 255, 7, 24,0x50000,No,No,No,No,No,Yes,No,Yes
2026-04-11 12:07:23,0.0,1500,500,,500,500,44,,200,,,648,,49.9,0.7200,0.6000,0.6000,1.1000,0.04977243,0.07221882,0.12491900,0.00585558,0.00000000,0.20787310,0.33181620,1.16090000,0.00036630,0.00067155,0.00409035,0.02710620,3.69977600,3.31838500,1.80024200,1.10622600,0.61391880,1.10292900,0.79963290,0.72070740,3.30311000,3.30311000,0.79970620,4.94996000,4.95264000,0.00854700, 2, 255, 7, 24,0x50000,No,No,No,No,No,Yes,No,Yes
2026-04-11 12:07:25,0.0,1500,500,,500,500,44,,200,,,648,,49.9,0.7200,0.6000,0.6000,1.1000,0.00000000,0.07319475,0.12687090,0.00487965,0.00000000,0.21080090,0.32791250,1.16983000,0.00042735,0.00091575,0.00384615,0.02783880,3.69606400,3.35550300,1.80610300,1.10769100,0.61428510,1.10329600,0.79890030,0.72017020,3.30036300,3.30402600,0.79853400,4.94192000,4.93522000,0.00854700, 2, 255, 7, 24,0x50000,No,No,No,No,No,Yes,No,Yes
2026-04-11 12:07:27,0.0,1500,500,,500,500,44,,200,,,648,,48.8,0.7200,0.6000,0.6000,1.1000,0.00000000,0.07709848,0.12687090,0.00585558,0.00000000,0.20884900,0.33376810,1.15197000,0.00054945,0.00091575,0.00421245,0.02673990,3.70070400,3.32580900,1.79828900,1.11062200,0.61538400,1.10366200,0.79926660,0.72070740,3.30311000,3.30494200,0.79970620,4.94594000,4.93522000,0.00854700, 2, 255, 7, 24,0x50000,No,No,No,No,No,Yes,No,Yes
2026-04-11 12:07:29,0.0,1500,500,,500,500,44,,200,,,648,,49.9,0.7200,0.6000,0.6000,1.1000,0.00000000,0.07514661,0.12784680,0.00390372,0.00000000,0.20982490,0.33279210,1.16090000,0.00054945,0.00079365,0.00409035,0.02747250,3.69884800,3.31838500,1.79828900,1.10769100,0.61575030,1.10366200,0.79999920,0.72097620,3.30036300,3.30402600,0.79941320,4.94326000,4.94996000,0.00854700, 2, 255, 7, 24,0x50000,No,No,No,No,No,Yes,No,Yes
2026-04-11 12:07:31,0.0,1500,500,,500,500,44,,200,,,648,,49.9,0.7200,0.6000,0.6000,1.1000,0.00097593,0.07709848,0.12589500,0.00585558,0.00000000,0.21080090,0.32986440,1.16090000,0.00054945,0.00079365,0.00433455,0.02735040,3.69792000,3.32766400,1.79828900,1.10476100,0.61611660,1.10366200,0.79890030,0.72017020,3.30311000,3.30402600,0.79941320,4.94594000,4.94326000,0.00940170, 2, 255, 7, 24,0x50000,No,No,No,No,No,Yes,No,Yes
2026-04-11 12:07:33,0.0,1500,500,,500,500,44,,200,,,648,,49.9,0.7200,0.6000,0.6000,1.1000,0.00097593,0.06733918,0.12687090,0.00390372,0.00000000,0.20982490,0.33279210,1.16983000,0.00048840,0.00079365,0.00396825,0.02698410,3.70256000,3.31003300,1.80659200,1.10439400,0.61465140,1.10146400,0.79890030,0.72043880,3.30127900,3.30402600,0.79941320,4.89770000,4.90574000,0.00940170, 2, 255, 7, 24,0x50000,No,No,No,No,No,Yes,No,Yes
2026-04-11 12:07:35,0.0,1500,500,,500,500,44,,200,,,648,,49.4,0.7200,0.6000,0.6000,1.1000,0.05074836,0.07319475,0.12687090,0.00585558,0.00000000,0.21275270,0.33084030,1.15197000,0.00054945,0.00091575,0.00488400,0.02722830,3.70070400,3.32580900,1.80610300,1.10695900,0.61538400,1.10146400,0.80073180,0.72017020,3.30127900,3.30402600,0.79941320,4.95264000,4.94326000,0.00940170, 2, 255, 7, 24,0x50000,No,No,No,No,No,Yes,No,Yes
2026-04-11 12:07:38,0.0,1500,500,,500,500,44,,200,,,648,,49.9,0.7200,0.6000,0.6000,1.1000,0.00000000,0.07221882,0.12882280,0.00487965,0.00000000,0.21080090,0.33181620,1.16090000,0.00048840,0.00079365,0.00409035,0.02710620,3.70163200,3.30632200,1.79828900,1.10805800,0.61648290,1.10292900,0.79999920,0.72017020,3.29944700,3.30494200,0.79912020,4.94058000,4.94594000,0.00940170, 2, 255, 7, 24,0x50000,No,No,No,No,No,Yes,No,Yes
2026-04-11 12:07:40,0.0,1500,500,,500,500,44,,200,,,648,,49.9,0.7200,0.6000,0.6000,1.1000,0.00195186,0.07417068,0.12687090,0.00487965,0.00000000,0.20982490,0.33181620,1.16983000,0.00103785,0.00091575,0.00451770,0.02722830,3.70070400,3.31096100,1.79096300,1.10769100,0.61611660,1.10073200,0.79999920,0.72097620,3.30036300,3.30311000,0.79882700,4.87894000,4.90842000,0.00854700, 2, 255, 7, 24,0x50000,No,No,No,No,No,Yes,No,Yes
2026-04-11 12:07:42,0.0,1500,500,,500,500,44,,200,,,648,,49.9,0.7200,0.6000,0.6000,1.1000,0.00000000,0.08100219,0.12784680,0.00878337,0.00000000,0.21177680,0.33181620,1.16090000,0.00054945,0.00067155,0.00451770,0.02722830,3.69884800,3.31467300,1.79389300,1.10439400,0.61575030,1.10329600,0.79890030,0.72097620,3.30219400,3.30311000,0.79882700,4.95130000,4.93656000,0.00940170, 2, 255, 7, 24,0x50000,No,No,No,No,No,Yes,No,Yes
2026-04-11 12:07:44,0.0,1500,500,,500,500,44,,200,,,648,,49.4,0.7200,0.6000,0.6000,1.1000,0.05074836,0.07026696,0.12784680,0.00585558,0.00000000,0.20982490,0.33181620,1.15197000,0.00054945,0.00079365,0.00445665,0.02710620,3.69884800,3.31931300,1.80610300,1.10769100,0.61575030,1.10146400,0.80036550,0.72017020,3.29944700,3.30311000,0.79941320,4.92450000,4.92986000,0.00854700, 2, 255, 7, 24,0x50000,No,No,No,No,No,Yes,No,Yes
2026-04-11 12:07:46,0.0,1500,500,,500,500,44,,200,,,648,,50.5,0.7200,0.6000,0.6000,1.1000,0.00097593,0.07417068,0.12589500,0.00585558,0.00000000,0.20982490,0.32986440,1.16090000,0.00054945,0.00091575,0.00488400,0.02710620,3.69884800,3.31652900,1.79096300,1.10439400,0.61648290,1.10256300,0.79926660,0.72043880,3.30036300,3.30219400,0.79941320,4.91646000,4.93924000,0.00854700, 2, 255, 7, 24,0x50000,No,No,No,No,No,Yes,No,Yes
2026-04-11 12:07:48,0.0,1500,500,,500,500,44,,200,,,648,,49.9,0.7200,0.6000,0.6000,1.1000,0.06636324,0.07319475,0.12589500,0.00585558,0.00000000,0.21860830,0.33084030,1.16983000,0.00097680,0.00079365,0.00421245,0.02710620,3.69884800,3.30632200,1.80610300,1.10805800,0.61501770,1.10476100,0.79926660,0.72043880,3.30127900,3.30402600,0.79882700,4.93522000,4.92986000,0.00940170, 2, 255, 7, 24,0x50000,No,No,No,No,No,Yes,No,Yes
2026-04-11 12:07:50,0.0,1500,500,,500,500,44,,200,,,648,,49.9,0.7200,0.6000,0.6000,1.1000,0.06148359,0.06733918,0.12687090,0.00487965,0.00000000,0.20982490,0.33376810,1.16090000,0.00054945,0.00079365,0.00409035,0.02747250,3.69977600,3.32952100,1.79828900,1.10402800,0.61611660,1.10073200,0.79926660,0.72017020,3.30311000,3.30311000,0.79853400,4.91914000,4.92450000,0.00854700, 2, 255, 7, 24,0x50000,No,No,No,No,No,Yes,No,Yes
2026-04-11 12:07:52,0.0,1500,500,,500,500,44,,200,,,648,,49.4,0.7200,0.6000,0.6000,1.1000,0.05074836,0.07319475,0.12784680,0.00683151,0.00000000,0.20982490,0.33084030,1.16983000,0.00054945,0.00079365,0.00421245,0.02722830,3.69884800,3.31188900,1.80659200,1.10695900,0.61575030,1.09999900,0.79926660,0.72097620,3.30036300,3.30311000,0.79912020,4.93656000,4.93924000,0.00854700, 2, 255, 7, 24,0x50000,No,No,No,No,No,Yes,No,Yes
2026-04-11 12:07:55,0.0,1500,500,,500,500,44,,200,,,648,,49.4,0.7200,0.6000,0.6000,1.1000,0.00097593,0.06929103,0.12784680,0.00487965,0.00000000,0.21080090,0.32888840,1.16090000,0.00054945,0.00085470,0.00421245,0.02735040,3.69977600,3.31374500,1.80610300,1.10549400,0.61648290,1.10073200,0.80036550,0.72017020,3.30127900,3.30402600,0.79882700,4.94192000,4.94728000,0.00940170, 2, 255, 7, 24,0x50000,No,No,No,No,No,Yes,No,Yes
2026-04-11 12:07:57,0.0,1500,500,,500,500,44,,200,,,648,,48.8,0.7200,0.6000,0.6000,1.1000,0.00195186,0.07124290,0.13272650,0.00292779,0.00000000,0.22153610,0.33084030,1.16090000,0.00054945,0.00079365,0.00421245,0.02698410,3.70070400,3.32580900,1.79828900,1.10769100,0.61575030,1.10476100,0.79890030,0.72043880,3.30036300,3.30402600,0.79941320,4.93522000,4.94192000,0.00854700, 2, 255, 7, 24,0x50000,No,No,No,No,No,Yes,No,Yes
2026-04-11 12:07:59,0.0,1500,500,,500,500,44,,200,,,648,,50.5,0.7200,0.6000,0.6000,1.1000,0.00000000,0.07319475,0.12687090,0.00585558,0.00000000,0.20884900,0.33084030,1.17876000,0.00036630,0.00079365,0.00409035,0.02698410,3.69977600,3.30168200,1.80024200,1.10476100,0.61611660,1.10146400,0.79926660,0.72043880,3.30219400,3.30402600,0.79912020,4.94996000,4.95264000,0.00854700, 2, 255, 7, 24,0x50000,No,No,No,No,No,Yes,No,Yes
2026-04-11 12:08:01,0.0,1500,500,,500,500,44,,200,,,648,,49.4,0.7200,0.6000,0.6000,1.1000,0.05074836,0.07807440,0.12589500,0.00487965,0.00000000,0.20884900,0.32986440,1.16090000,0.00048840,0.00079365,0.00439560,0.02747250,3.69977600,3.32766400,1.79828900,1.10586000,0.61648290,1.10292900,0.79999920,0.72070740,3.30219400,3.30402600,0.79941320,4.93388000,4.90976000,0.00854700, 2, 255, 7, 24,0x50000,No,No,No,No,No,Yes,No,Yes
2026-04-11 12:08:03,0.0,1500,500,,500,500,44,,200,,,648,,49.9,0.7200,0.6000,0.6000,1.1000,0.00000000,0.14248580,0.12687090,0.00487965,0.00000000,0.21080090,0.33084030,1.16983000,0.00054945,0.00091575,0.00488400,0.02735040,3.69884800,3.31838500,1.79828900,1.10805800,0.61648290,1.10366200,0.80036550,0.72017020,3.30219400,3.30494200,0.79941320,4.94594000,4.94594000,0.00854700, 2, 255, 7, 24,0x50000,No,No,No,No,No,Yes,No,Yes
2026-04-11 12:08:05,0.0,1500,500,,500,500,44,,200,,,648,,49.9,0.7200,0.6000,0.6000,1.1000,0.03415755,0.07319475,0.12882280,0.00585558,0.00000000,0.20884900,0.33181620,1.15197000,0.00054945,0.00079365,0.00433455,0.02759460,3.69884800,3.32952100,1.79828900,1.10769100,0.61465140,1.10366200,0.80036550,0.72017020,3.30127900,3.30402600,0.79941320,4.94996000,4.95264000,0.00940170, 2, 255, 7, 24,0x50000,No,No,No,No,No,Yes,No,Yes
2026-04-11 12:08:07,0.0,1500,500,,500,500,44,,200,,,648,,49.9,0.7200,0.6000,0.6000,1.1000,0.00000000,0.07612254,0.12687090,0.00487965,0.00000000,0.21080090,0.33084030,1.15197000,0.00048840,0.00079365,0.00439560,0.02747250,3.70070400,3.29518600,1.79096300,1.10695900,0.61648290,1.10476100,0.79926660,0.72043880,3.30219400,3.30402600,0.79970620,4.94594000,4.92718000,0.00940170, 2, 255, 7, 24,0x50000,No,No,No,No,No,Yes,No,Yes
2026-04-11 12:08:10,0.0,1500,500,,500,500,44,,200,,,648,,48.8,0.7200,0.6000,0.6000,1.1000,0.00097593,0.08490592,0.12687090,0.00683151,0.00000000,0.20884900,0.33084030,1.16090000,0.00042735,0.00067155,0.00439560,0.02735040,3.69977600,3.31652900,1.79389300,1.10439400,0.61648290,1.10512700,0.79890030,0.72043880,3.30036300,3.30402600,0.79941320,4.94326000,4.92986000,0.00854700, 2, 255, 7, 24,0x50000,No,No,No,No,No,Yes,No,Yes
2026-04-11 12:08:12,0.0,1500,500,,500,500,44,,200,,,648,,49.4,0.7200,0.6000,0.6000,1.1000,0.04977243,0.07417068,0.12784680,0.00390372,0.00000000,0.20982490,0.33181620,1.17876000,0.00042735,0.00085470,0.00445665,0.02710620,3.70070400,3.31281700,1.79096300,1.10292900,0.61575030,1.10476100,0.79926660,0.72070740,3.30036300,3.30402600,0.79882700,4.93522000,4.95398000,0.00854700, 2, 255, 7, 24,0x50000,No,No,No,No,No,Yes,No,Yes
2026-04-11 12:08:14,0.0,1500,500,,500,500,44,,200,,,648,,51.0,0.7200,0.6000,0.6000,1.1000,0.00000000,0.07124290,0.12687090,0.00390372,0.00000000,0.21080090,0.33084030,1.16090000,0.00054945,0.00079365,0.00421245,0.02722830,3.69977600,3.31188900,1.79828900,1.10146400,0.61684920,1.10292900,0.79963290,0.72043880,3.30127900,3.30402600,0.79853400,4.94192000,4.94728000,0.00854700, 2, 255, 7, 24,0x50000,No,No,No,No,No,Yes,No,Yes
2026-04-11 12:08:16,0.0,1500,500,,500,500,44,,200,,,648,,49.9,0.7200,0.6000,0.6000,1.1000,0.00292779,0.07417068,0.12589500,0.01659081,0.00000000,0.21177680,0.32791250,1.16090000,0.00054945,0.00079365,0.00494505,0.02759460,3.69977600,3.31374500,1.80024200,1.10512700,0.61611660,1.10366200,0.79963290,0.72017020,3.30311000,3.30494200,0.79941320,4.94996000,4.94594000,0.00854700, 2, 255, 7, 24,0x50000,No,No,No,No,No,Yes,No,Yes
2026-04-11 12:08:18,0.0,1500,500,,500,500,44,,200,,,648,,49.4,0.7200,0.6000,0.6000,1.1000,0.00000000,0.07221882,0.12784680,0.00487965,0.00000000,0.21080090,0.33181620,1.16090000,0.00054945,0.00067155,0.00384615,0.02722830,3.69792000,3.30168200,1.80024200,1.10549400,0.60439500,1.09999900,0.79963290,0.72017020,3.29944700,3.30494200,0.79941320,4.94728000,4.94058000,0.00854700, 2, 255, 7, 24,0x50000,No,No,No,No,No,Yes,No,Yes
2026-04-11 12:08:20,0.0,1500,500,,500,500,44,,200,,,648,,49.9,0.7200,0.6000,0.6000,1.1000,0.00097593,0.08392998,0.12687090,0.00585558,0.00000000,0.21275270,0.33084030,1.16983000,0.00054945,0.00079365,0.00494505,0.02783880,3.69977600,3.31003300,1.79828900,1.10402800,0.61575030,1.10256300,0.79999920,0.72017020,3.30402600,3.30402600,0.79970620,4.93522000,4.93790000,0.00854700, 2, 255, 7, 24,0x50000,No,No,No,No,No,Yes,No,Yes
2026-04-11 12:08:22,0.0,1500,500,,500,500,44,,200,,,648,,49.4,0.7200,0.6000,0.6000,1.1000,0.00000000,0.07709848,0.12687090,0.00683151,0.00000000,0.20982490,0.33181620,1.16090000,0.00048840,0.00079365,0.00445665,0.02722830,3.70070400,3.29889800,1.79828900,1.10219700,0.61648290,1.10366200,0.79926660,0.72070740,3.30219400,3.30494200,0.79941320,4.94058000,4.94326000,0.00854700, 2, 255, 7, 24,0x50000,No,No,No,No,No,Yes,No,Yes
2026-04-11 12:08:25,0.0,1500,500,,500,500,44,,200,,,648,,51.0,0.7200,0.6000,0.6000,1.1000,0.04977243,0.07319475,0.12687090,0.00585558,0.00000000,0.21080090,0.33084030,1.16983000,0.00048840,0.00079365,0.00445665,0.02710620,3.70070400,3.31374500,1.79096300,1.10476100,0.61648290,1.10476100,0.80036550,0.72070740,3.30127900,3.30402600,0.79970620,4.93522000,4.94192000,0.00940170, 2, 255, 7, 24,0x50000,No,No,No,No,No,Yes,No,Yes
2026-04-11 12:08:27,0.0,1500,500,,500,500,44,,200,,,648,,48.8,0.7200,0.6000,0.6000,1.1000,0.00000000,0.07221882,0.12687090,0.00585558,0.00000000,0.22251200,0.32986440,1.16983000,0.00048840,0.00079365,0.00488400,0.02722830,3.69977600,3.31096100,1.79828900,1.10219700,0.61648290,1.10476100,0.80109810,0.72043880,3.30402600,3.30402600,0.79853400,4.94594000,4.94326000,0.00940170, 2, 255, 7, 24,0x50000,No,No,No,No,No,Yes,No,Yes
2026-04-11 12:08:29,0.0,1500,500,,500,500,43,,200,,,648,,49.9,0.7200,0.6000,0.6000,1.1000,0.00000000,0.07221882,0.12784680,0.00878337,0.00000000,0.21470460,0.33084030,1.16983000,0.00048840,0.00079365,0.00445665,0.02698410,3.69792000,3.29889800,1.79828900,1.10695900,0.61648290,1.10146400,0.79963290,0.72070740,3.30127900,3.30494200,0.79941320,4.94058000,4.95398000,0.00854700, 2, 255, 7, 24,0x50000,No,No,No,No,No,Yes,No,Yes
2026-04-11 12:08:31,0.0,1500,500,,500,500,44,,200,,,648,,49.9,0.7200,0.6000,0.6000,1.1000,0.05172429,0.06733918,0.12296720,0.00975930,0.00000000,0.21080090,0.33181620,1.16090000,0.00054945,0.00079365,0.00409035,0.02722830,3.69792000,3.32952100,1.80024200,1.10695900,0.61611660,1.10292900,0.80036550,0.72070740,3.30219400,3.30311000,0.79912020,4.93924000,4.93522000,0.00854700, 2, 255, 7, 24,0x50000,No,No,No,No,No,Yes,No,Yes
2026-04-11 12:08:33,0.0,1500,500,,500,500,44,,200,,,648,,50.5,0.7200,0.6000,0.6000,1.1000,0.00195186,0.07319475,0.12687090,0.00390372,0.00000000,0.20884900,0.33181620,1.16983000,0.00036630,0.00079365,0.00488400,0.02735040,3.69884800,3.32580900,1.80610300,1.10769100,0.61501770,1.10146400,0.80036550,0.72070740,3.30311000,3.30494200,0.79941320,4.94594000,4.94594000,0.00854700, 2, 255, 7, 24,0x50000,No,No,No,No,No,Yes,No,Yes
2026-04-11 12:08:35,0.0,1500,500,,500,500,44,,200,,,648,,48.8,0.7200,0.6000,0.6000,1.1000,0.00000000,0.06929103,0.12687090,0.00487965,0.00000000,0.21080090,0.33279210,1.16983000,0.00054945,0.00091575,0.00421245,0.02735040,3.69977600,3.35550300,1.80610300,1.10292900,0.61611660,1.10109800,0.80036550,0.72043880,3.30127900,3.30311000,0.79941320,4.93522000,4.94594000,0.00854700, 2, 255, 7, 24,0x50000,No,No,No,No,No,Yes,No,Yes
2026-04-11 12:08:37,0.0,1500,500,,500,500,44,,200,,,648,,47.7,0.7200,0.6000,0.6000,1.1000,0.00000000,0.08295405,0.12589500,0.00390372,0.00000000,0.21080090,0.32986440,1.16090000,0.00042735,0.00079365,0.00409035,0.02735040,3.69977600,3.31003300,1.80024200,1.10622600,0.61611660,1.10549400,0.79999920,0.72070740,3.30219400,3.30311000,0.79912020,4.94996000,4.94058000,0.00854700, 2, 255, 7, 24,0x50000,No,No,No,No,No,Yes,No,Yes
2026-04-11 12:08:40,0.0,1500,500,,500,500,44,,200,,,648,,49.4,0.7200,0.6000,0.6000,1.1000,0.00000000,0.07221882,0.12589500,0.00487965,0.00000000,0.21080090,0.32986440,1.17876000,0.00054945,0.00067155,0.00439560,0.02710620,3.69884800,3.31096100,1.82124300,1.10292900,0.61428510,1.10366200,0.80146440,0.72043880,3.30219400,3.30311000,0.79912020,4.94728000,4.94192000,0.00854700, 2, 255, 7, 24,0x50000,No,No,No,No,No,Yes,No,Yes
2026-04-11 12:08:42,0.0,1500,500,,500,500,44,,200,,,648,,51.0,0.7200,0.6000,0.6000,1.1000,0.00000000,0.07514661,0.12491900,0.00683151,0.00000000,0.21177680,0.33084030,1.15197000,0.00097680,0.00067155,0.00384615,0.02710620,3.69884800,3.31838500,1.79389300,1.10695900,0.61575030,1.10146400,0.80073180,0.72017020,3.30219400,3.30402600,0.79941320,4.94728000,4.94728000,0.00854700, 2, 255, 7, 24,0x50000,No,No,No,No,No,Yes,No,Yes
2026-04-11 12:08:44,0.0,1500,500,,500,500,44,,200,,,648,,48.3,0.7200,0.6000,0.6000,1.1000,0.00000000,0.06733918,0.12296720,0.00390372,0.00000000,0.21080090,0.33181620,1.16983000,0.00048840,0.00079365,0.00445665,0.02783880,3.70070400,3.31838500,1.79828900,1.10219700,0.61391880,1.10329600,0.80036550,0.72070740,3.30219400,3.30494200,0.79970620,4.94996000,4.94594000,0.00854700, 2, 255, 7, 24,0x50000,No,No,No,No,No,Yes,No,Yes
2026-04-11 12:08:46,0.0,1500,500,,500,500,44,,200,,,648,,49.4,0.7200,0.6000,0.6000,1.1000,0.00097593,0.07319475,0.12687090,0.00487965,0.00000000,0.20884900,0.33084030,1.16090000,0.00042735,0.00067155,0.00488400,0.02710620,3.69977600,3.31838500,1.78852100,1.10292900,0.61575030,1.10146400,0.79999920,0.72097620,3.30219400,3.30402600,0.79941320,4.94728000,4.94996000,0.00854700, 2, 255, 7, 24,0x50000,No,No,No,No,No,Yes,No,Yes
2026-04-11 12:08:48,0.0,1500,500,,500,500,44,,200,,,648,,49.4,0.7200,0.6000,0.6000,1.1000,0.00000000,0.07221882,0.12784680,0.00487965,0.00000000,0.20982490,0.33181620,1.15197000,0.00036630,0.00079365,0.00409035,0.02710620,3.69792000,3.31003300,1.80024200,1.10439400,0.61611660,1.10476100,0.79963290,0.72070740,3.30311000,3.30402600,0.79941320,4.94996000,4.93924000,0.00940170, 2, 255, 7, 24,0x50000,No,No,No,No,No,Yes,No,Yes
2026-04-11 12:08:50,0.0,1500,500,,500,500,44,,200,,,648,,50.5,0.7200,0.6000,0.6000,1.1000,0.05270022,0.07124290,0.12589500,0.00683151,0.00000000,0.20787310,0.33084030,1.16983000,0.00042735,0.00054945,0.00409035,0.02722830,3.69977600,3.30260900,1.79926600,1.10439400,0.61428510,1.10366200,0.80036550,0.72097620,3.30219400,3.30585700,0.79882700,4.93656000,4.94996000,0.00854700, 2, 255, 7, 24,0x50000,No,No,No,No,No,Yes,No,Yes
2026-04-11 12:08:52,0.0,1500,500,,500,500,44,,200,,,648,,48.8,0.7200,0.6000,0.6000,1.1000,0.00000000,0.06733918,0.12589500,0.01073523,0.00000000,0.21080090,0.33181620,1.16090000,0.00054945,0.00054945,0.00409035,0.02710620,3.69977600,3.29982600,1.79926600,1.10146400,0.61575030,1.10146400,0.79926660,0.72070740,3.30219400,3.30311000,0.79912020,4.93924000,4.94594000,0.00854700, 2, 255, 7, 24,0x50000,No,No,No,No,No,Yes,No,Yes
2026-04-11 12:08:54,0.0,1500,500,,500,500,44,,200,,,648,,50.5,0.7200,0.6000,0.6000,1.1000,0.00097593,0.06733918,0.12687090,0.00487965,0.00000000,0.21080090,0.33084030,1.16090000,0.00036630,0.00079365,0.00439560,0.02710620,3.69884800,3.32766400,1.80659200,1.10146400,0.61648290,1.10073200,0.80036550,0.72070740,3.30127900,3.30402600,0.79824100,4.94594000,4.95264000,0.00854700, 2, 255, 7, 24,0x50000,No,No,No,No,No,Yes,No,Yes
2026-04-11 12:08:57,0.0,1500,500,,500,500,44,,200,,,648,,50.5,0.7200,0.6000,0.6000,1.1000,0.00000000,0.06733918,0.12491900,0.00487965,0.00000000,0.21080090,0.32888840,1.16983000,0.00048840,0.00079365,0.00445665,0.02673990,3.69884800,3.35550300,1.79828900,1.10988900,0.61611660,1.10256300,0.79926660,0.72043880,3.30036300,3.30494200,0.79941320,4.94058000,4.93522000,0.00854700, 2, 255, 7, 24,0x50000,No,No,No,No,No,Yes,No,Yes
2026-04-11 12:08:59,0.0,1500,500,,500,500,44,,200,,,648,,48.8,0.7200,0.6000,0.6000,1.1000,0.00097593,0.07514661,0.12394310,0.00780744,0.00000000,0.20884900,0.33181620,1.15197000,0.00048840,0.00079365,0.00445665,0.02698410,3.69977600,3.29889800,1.79828900,1.10439400,0.61575030,1.10146400,0.79963290,0.72070740,3.30219400,3.30494200,0.79970620,4.91914000,4.94594000,0.00854700, 2, 255, 7, 24,0x50000,No,No,No,No,No,Yes,No,Yes
2026-04-11 12:09:01,0.0,1500,500,,500,500,43,,200,,,648,,49.9,0.7200,0.6000,0.6000,1.1000,0.00000000,0.07514661,0.12491900,0.00390372,0.00000000,0.21372870,0.33181620,1.16090000,0.00054945,0.00091575,0.00384615,0.02722830,3.69977600,3.30260900,1.80024200,1.10769100,0.61611660,1.10109800,0.79963290,0.72043880,3.29944700,3.30494200,0.79912020,4.94728000,4.94996000,0.00854700, 2, 255, 7, 24,0x50000,No,No,No,No,No,Yes,No,Yes
2026-04-11 12:09:03,0.0,1500,500,,500,500,44,,200,,,648,,49.4,0.7200,0.6000,0.6000,1.1000,0.05074836,0.06929103,0.12491900,0.00390372,0.00000000,0.20884900,0.33084030,1.16983000,0.00054945,0.00067155,0.00488400,0.02673990,3.69977600,3.30168200,1.80024200,1.10695900,0.61538400,1.10329600,0.80073180,0.72070740,3.30219400,3.30311000,0.79941320,4.93924000,4.94594000,0.00854700, 2, 255, 7, 24,0x50000,No,No,No,No,No,Yes,No,Yes
2026-04-11 12:09:05,0.0,1500,500,,500,500,44,,200,,,648,,49.4,0.7200,0.6000,0.6000,1.1000,0.00097593,0.07514661,0.12687090,0.00683151,0.00000000,0.20884900,0.33084030,1.16983000,0.00036630,0.00079365,0.00488400,0.02747250,3.69977600,3.31374500,1.80024200,1.10695900,0.61684920,1.10366200,0.80036550,0.72070740,3.30219400,3.30311000,0.79912020,4.93924000,4.94460000,0.00854700, 2, 255, 7, 24,0x50000,No,No,No,No,No,Yes,No,Yes
2026-04-11 12:09:07,0.0,1500,500,,500,500,44,,200,,,648,,50.5,0.7200,0.6000,0.6000,1.1000,0.00097593,0.07221882,0.12589500,0.00195186,0.00000000,0.20982490,0.33279210,1.15197000,0.00054945,0.00079365,0.00384615,0.02747250,3.69884800,3.31374500,1.79828900,1.10695900,0.61611660,1.10292900,0.79963290,0.72070740,3.30219400,3.30402600,0.79941320,4.94996000,4.94594000,0.00854700, 2, 255, 7, 24,0x50000,No,No,No,No,No,Yes,No,Yes
2026-04-11 12:09:09,0.0,1500,500,,500,500,43,,200,,,648,,49.9,0.7200,0.6000,0.6000,1.1000,0.00000000,0.07319475,0.12687090,0.00585558,0.00000000,0.23324730,0.33084030,1.16983000,0.00054945,0.00067155,0.00421245,0.02722830,3.69884800,3.31838500,1.79096300,1.10732500,0.61648290,1.10256300,0.79926660,0.72017020,3.30402600,3.30402600,0.79882700,4.94326000,4.94594000,0.00854700, 2, 255, 7, 24,0x50000,No,No,No,No,No,Yes,No,Yes
2026-04-11 12:09:12,0.0,1500,500,,500,500,44,,200,,,648,,48.8,0.7200,0.6000,0.6000,1.1000,0.00000000,0.06929103,0.12687090,0.00585558,0.00000000,0.20884900,0.33181620,1.16983000,0.00042735,0.00079365,0.00439560,0.02710620,3.69792000,3.32766400,1.80610300,1.10732500,0.61465140,1.10146400,0.79999920,0.72043880,3.30219400,3.30494200,0.79853400,4.93924000,4.94058000,0.00854700, 2, 255, 7, 24,0x50000,No,No,No,No,No,Yes,No,Yes
2026-04-11 12:09:14,0.0,1500,500,,500,500,44,,200,,,648,,49.9,0.7200,0.6000,0.6000,1.1000,0.04977243,0.07319475,0.12687090,0.00585558,0.00000000,0.21177680,0.33084030,1.16983000,0.00048840,0.00079365,0.00445665,0.02722830,3.69977600,3.31838500,1.79828900,1.10769100,0.61465140,1.10402800,0.79926660,0.72070740,3.30219400,3.30494200,0.79941320,4.94996000,4.95264000,0.00854700, 2, 255, 7, 24,0x50000,No,No,No,No,No,Yes,No,Yes
2026-04-11 12:09:16,0.0,1500,500,,500,500,44,,200,,,648,,50.5,0.7200,0.6000,0.6000,1.1000,0.00000000,0.10930420,0.15614880,0.00390372,0.00000000,0.21080090,0.32888840,1.16090000,0.00042735,0.00079365,0.00439560,0.02759460,3.69884800,3.31281700,1.80610300,1.10439400,0.61575030,1.10146400,0.79999920,0.72070740,3.30402600,3.30402600,0.79941320,4.92048000,4.93790000,0.00940170, 2, 255, 7, 24,0x50000,No,No,No,No,No,Yes,No,Yes
2026-04-11 12:09:18,0.0,1500,500,,500,500,44,,200,,,648,,49.4,0.7200,0.6000,0.6000,1.1000,0.00000000,0.07417068,0.12882280,0.00487965,0.00000000,0.20982490,0.32986440,1.16090000,0.00054945,0.00042735,0.00427350,0.02710620,3.70070400,3.30632200,1.79828900,1.10146400,0.61611660,1.10366200,0.79926660,0.72017020,3.29944700,3.30402600,0.79941320,4.95264000,4.95130000,0.00854700, 2, 255, 7, 24,0x50000,No,No,No,No,No,Yes,No,Yes
2026-04-11 12:09:20,0.0,1500,500,,500,500,44,,200,,,648,,49.9,0.7200,0.6000,0.6000,1.1000,0.00000000,0.06733918,0.12784680,0.00585558,0.00000000,0.20982490,0.32986440,1.15197000,0.00054945,0.00067155,0.00433455,0.02747250,3.70070400,3.31188900,1.79926600,1.10805800,0.60292980,1.10073200,0.79963290,0.72070740,3.30219400,3.30494200,0.79912020,4.94728000,4.94058000,0.00854700, 2, 255, 7, 24,0x50000,No,No,No,No,No,Yes,No,Yes
2026-04-11 12:09:22,0.0,1500,500,,500,500,43,,200,,,648,,49.9,0.7200,0.6000,0.6000,1.1000,0.00000000,0.07709848,0.12589500,0.00683151,0.00000000,0.21080090,0.33376810,1.16983000,0.00036630,0.00103785,0.00421245,0.02783880,3.69977600,3.30353800,1.81684800,1.10292900,0.61648290,1.10329600,0.80073180,0.72017020,3.30402600,3.30402600,0.79941320,4.92450000,4.93522000,0.00940170, 2, 255, 7, 24,0x50000,No,No,No,No,No,Yes,No,Yes
2026-04-11 12:09:24,0.0,1500,500,,500,500,44,,200,,,648,,49.4,0.7200,0.6000,0.6000,1.1000,0.00097593,0.07319475,0.12589500,0.00878337,0.00000000,0.22251200,0.33084030,1.16090000,0.00036630,0.00067155,0.00445665,0.02722830,3.69977600,3.31838500,1.78852100,1.10879000,0.61575030,1.10512700,0.79999920,0.72043880,3.30219400,3.30311000,0.79912020,4.94728000,4.95130000,0.00854700, 2, 255, 7, 24,0x50000,No,No,No,No,No,Yes,No,Yes
2026-04-11 12:09:27,0.0,1500,500,,500,500,44,,200,,,648,,50.5,0.7200,0.6000,0.6000,1.1000,0.04782057,0.06929103,0.12784680,0.00585558,0.00000000,0.20592120,0.33181620,1.16983000,0.00054945,0.00091575,0.00427350,0.02747250,3.69977600,3.31560100,1.80024200,1.10219700,0.61391880,1.10476100,0.79926660,0.72043880,3.30311000,3.30494200,0.79970620,4.93924000,4.94728000,0.00854700, 2, 255, 7, 24,0x50000,No,No,No,No,No,Yes,No,Yes
2026-04-11 12:09:29,0.0,1500,500,,500,500,44,,200,,,648,,50.5,0.7200,0.6000,0.6000,1.1000,0.00000000,0.06929103,0.12491900,0.00975930,0.00000000,0.20982490,0.33376810,1.16983000,0.00054945,0.00091575,0.00488400,0.02759460,3.69977600,3.31838500,1.79828900,1.10146400,0.61538400,1.10366200,0.79963290,0.72070740,3.30219400,3.30311000,0.79912020,4.93924000,4.94058000,0.00854700, 2, 255, 7, 24,0x50000,No,No,No,No,No,Yes,No,Yes
2026-04-11 12:09:31,0.0,1500,500,,500,500,44,,200,,,648,,50.5,0.7200,0.6000,0.6000,1.1000,0.00000000,0.07319475,0.12687090,0.00683151,0.00000000,0.20982490,0.33084030,1.16090000,0.00048840,0.00067155,0.00409035,0.02698410,3.69884800,3.29889800,1.78852100,1.10805800,0.61575030,1.10402800,0.79999920,0.72097620,3.30036300,3.30311000,0.79912020,4.94728000,4.94728000,0.00854700, 2, 255, 7, 24,0x50000,No,No,No,No,No,Yes,No,Yes
2026-04-11 12:09:33,0.0,1500,500,,500,500,44,,200,,,648,,49.4,0.7200,0.6000,0.6000,1.1000,0.00000000,0.08002626,0.12589500,0.00292779,0.00000000,0.20884900,0.33181620,1.17876000,0.00048840,0.00079365,0.00409035,0.02735040,3.69977600,3.30632200,1.80024200,1.10512700,0.61611660,1.10146400,0.79963290,0.72043880,3.30219400,3.30494200,0.79912020,4.94058000,4.95264000,0.00854700, 2, 255, 7, 24,0x50000,No,No,No,No,No,Yes,No,Yes
2026-04-11 12:09:35,0.0,1500,500,,500,500,44,,200,,,648,,50.5,0.7200,0.6000,0.6000,1.1000,0.00000000,0.07221882,0.12687090,0.00683151,0.00000000,0.21958430,0.33084030,1.16090000,0.00048840,0.00067155,0.00421245,0.02735040,3.69977600,3.31003300,1.78900900,1.10146400,0.61501770,1.10366200,0.79926660,0.72070740,3.30036300,3.30311000,0.79882700,4.94862000,4.94192000,0.00854700, 2, 255, 7, 24,0x50000,No,No,No,No,No,Yes,No,Yes
2026-04-11 12:09:37,0.0,1500,500,,500,500,44,,200,,,648,,49.4,0.7200,0.6000,0.6000,1.1000,0.00000000,0.08100219,0.12979870,0.00683151,0.00000000,0.20982490,0.33084030,1.15197000,0.00054945,0.00085470,0.00409035,0.02735040,3.69792000,3.31003300,1.79926600,1.10439400,0.61648290,1.10256300,0.79963290,0.72070740,3.30219400,3.30494200,0.79912020,4.94996000,4.94594000,0.00854700, 2, 255, 7, 24,0x50000,No,No,No,No,No,Yes,No,Yes
2026-04-11 12:09:39,0.0,1500,500,,500,500,44,,200,,,648,,50.5,0.7200,0.6000,0.6000,1.1000,0.00097593,0.07417068,0.12589500,0.00292779,0.00000000,0.20982490,0.33376810,1.16090000,0.00036630,0.00067155,0.00427350,0.02722830,3.69977600,3.30353800,1.78900900,1.10439400,0.61648290,1.10146400,0.79963290,0.72097620,3.30036300,3.30402600,0.79912020,4.94862000,4.94728000,0.00854700, 2, 255, 7, 24,0x50000,No,No,No,No,No,Yes,No,Yes
2026-04-11 12:09:42,0.0,1500,500,,500,500,44,,200,,,648,,48.8,0.7200,0.6000,0.6000,1.1000,0.00097593,0.07221882,0.12394310,0.00487965,0.00000000,0.20884900,0.32986440,1.17876000,0.00054945,0.00085470,0.00384615,0.02735040,3.69977600,3.30168200,1.80024200,1.10292900,0.61648290,1.10402800,0.80036550,0.72017020,3.29944700,3.30402600,0.79941320,4.94058000,4.94594000,0.00940170, 2, 255, 7, 24,0x50000,No,No,No,No,No,Yes,No,Yes
2026-04-11 12:09:44,0.0,1500,500,,500,500,44,,200,,,648,,49.9,0.7200,0.6000,0.6000,1.1000,0.00097593,0.07709848,0.12394310,0.00585558,0.00000000,0.20982490,0.33181620,1.16090000,0.00054945,0.00091575,0.00494505,0.02710620,3.69977600,3.31003300,1.80024200,1.10292900,0.61501770,1.10146400,0.79999920,0.72070740,3.30127900,3.30494200,0.79970620,4.95264000,4.94058000,0.00854700, 2, 255, 7, 24,0x50000,No,No,No,No,No,Yes,No,Yes
2026-04-11 12:09:46,0.0,1500,500,,500,500,44,,200,,,648,,48.8,0.7200,0.6000,0.6000,1.1000,0.00000000,0.07124290,0.12589500,0.00780744,0.00000000,0.21177680,0.33084030,1.17876000,0.00054945,0.00067155,0.00409035,0.02735040,3.69977600,3.31467300,1.79926600,1.10439400,0.61648290,1.10109800,0.80146440,0.72043880,3.30219400,3.30311000,0.79941320,4.94058000,4.95264000,0.00854700, 2, 255, 7, 24,0x50000,No,No,No,No,No,Yes,No,Yes
2026-04-11 12:09:48,0.0,1500,500,,500,500,44,,200,,,648,,49.4,0.7200,0.6000,0.6000,1.1000,0.00195186,0.07221882,0.12589500,0.00683151,0.00000000,0.20884900,0.32986440,1.16983000,0.00054945,0.00091575,0.00409035,0.02722830,3.69977600,3.31188900,1.79926600,1.10292900,0.61611660,1.10292900,0.79963290,0.72043880,3.30219400,3.30311000,0.79912020,4.94460000,4.94594000,0.00854700, 2, 255, 7, 24,0x50000,No,No,No,No,No,Yes,No,Yes
2026-04-11 12:09:50,0.0,1500,500,,500,500,44,,200,,,648,,50.5,0.7200,0.6000,0.6000,1.1000,0.00292779,0.07319475,0.12784680,0.00585558,0.00000000,0.21470460,0.33084030,1.17876000,0.00054945,0.00091575,0.00409035,0.02722830,3.69977600,3.31003300,1.79926600,1.10292900,0.61684920,1.10292900,0.79926660,0.72017020,3.30219400,3.30402600,0.79912020,4.94460000,4.95130000,0.00854700, 2, 255, 7, 24,0x50000,No,No,No,No,No,Yes,No,Yes
2026-04-11 12:09:52,0.0,1500,500,,500,500,44,,200,,,648,,49.9,0.7200,0.6000,0.6000,1.1000,0.04977243,0.07417068,0.12589500,0.00292779,0.00000000,0.22056020,0.33376810,1.16983000,0.00048840,0.00091575,0.00409035,0.02722830,3.69792000,3.30632200,1.80024200,1.10292900,0.61575030,1.10146400,0.80073180,0.72043880,3.30219400,3.30402600,0.79853400,4.93924000,4.93388000,0.00854700, 2, 255, 7, 24,0x50000,No,No,No,No,No,Yes,No,Yes
2026-04-11 12:09:54,0.0,1500,500,,500,500,44,,200,,,648,,48.8,0.7200,0.6000,0.6000,1.1000,0.00292779,0.07221882,0.12491900,0.00487965,0.00000000,0.20982490,0.32888840,1.16983000,0.00054945,0.00067155,0.00427350,0.02735040,3.69977600,3.30724900,1.78900900,1.10439400,0.61575030,1.10109800,0.79926660,0.72070740,3.30219400,3.30311000,0.79912020,4.93924000,4.94058000,0.00854700, 2, 255, 7, 24,0x50000,No,No,No,No,No,Yes,No,Yes
2026-04-11 12:09:56,0.0,1500,500,,500,500,44,,200,,,648,,51.0,0.7200,0.6000,0.6000,1.1000,0.00097593,0.07319475,0.12784680,0.00585558,0.00000000,0.23031950,0.33181620,1.16983000,0.00054945,0.00091575,0.00445665,0.02710620,3.69792000,3.31374500,1.79828900,1.10439400,0.61538400,1.10073200,0.79926660,0.72070740,3.29944700,3.30402600,0.79941320,4.94058000,4.94058000,0.00854700, 2, 255, 7, 24,0x50000,No,No,No,No,No,Yes,No,Yes
2026-04-11 12:09:59,0.0,1500,500,,500,500,44,,200,,,648,,50.5,0.7200,0.6000,0.6000,1.1000,0.00000000,0.07319475,0.12589500,0.00487965,0.00000000,0.21372870,0.32791250,1.16983000,0.00054945,0.00067155,0.00421245,0.02710620,3.69792000,3.31374500,1.79828900,1.10439400,0.61575030,1.10402800,0.79926660,0.72043880,3.30311000,3.30402600,0.79941320,4.94594000,4.94192000,0.00854700, 2, 255, 7, 24,0x50000,No,No,No,No,No,Yes,No,Yes
2026-04-11 12:10:01,0.0,1500,500,,500,500,44,,200,,,648,,51.0,0.7200,0.6000,0.6000,1.1000,0.00097593,0.07124290,0.12784680,0.00292779,0.00000000,0.20884900,0.33279210,1.18769000,0.00054945,0.00067155,0.00384615,0.02747250,3.69792000,3.31374500,1.80024200,1.10695900,0.61391880,1.10329600,0.79926660,0.72043880,3.30311000,3.30494200,0.79941320,4.94058000,4.94996000,0.00854700, 2, 255, 7, 24,0x50000,No,No,No,No,No,Yes,No,Yes
2026-04-11 12:10:03,0.0,1500,500,,500,500,44,,200,,,648,,49.4,0.7200,0.6000,0.6000,1.1000,0.00000000,0.11028010,0.15907660,0.00585558,0.00000000,0.20982490,0.33084030,1.16090000,0.00054945,0.00091575,0.00445665,0.02722830,3.69884800,3.35735900,1.79096300,1.10366200,0.61648290,1.10073200,0.79816780,0.72043880,3.30219400,3.30402600,0.79941320,4.92450000,4.92986000,0.00854700, 2, 255, 7, 24,0x50000,No,No,No,No,No,Yes,No,Yes
2026-04-11 12:10:05,0.0,1500,500,,500,500,44,,200,,,648,,51.0,0.7200,0.6000,0.6000,1.1000,0.00195186,0.07124290,0.12589500,0.00487965,0.00000000,0.21177680,0.33084030,1.16983000,0.00054945,0.00067155,0.00409035,0.02710620,3.69977600,3.30260900,1.80024200,1.10476100,0.61575030,1.10402800,0.80073180,0.72070740,3.30219400,3.30311000,0.79912020,4.93924000,4.94996000,0.00854700, 2, 255, 7, 24,0x50000,No,No,No,No,No,Yes,No,Yes
2026-04-11 12:10:07,0.0,1500,500,,500,500,43,,200,,,648,,50.5,0.7200,0.6000,0.6000,1.1000,0.00097593,0.06831510,0.12882280,0.00683151,0.00000000,0.20689720,0.33084030,1.16983000,0.00048840,0.00079365,0.00445665,0.02710620,3.69977600,3.31374500,1.79828900,1.10439400,0.61648290,1.10146400,0.80073180,0.72017020,3.30219400,3.30494200,0.79941320,4.94058000,4.94594000,0.00854700, 2, 255, 7, 24,0x50000,No,No,No,No,No,Yes,No,Yes
2026-04-11 12:10:09,0.0,1500,500,,500,500,44,,200,,,648,,49.9,0.7200,0.6000,0.6000,1.1000,0.00000000,0.07514661,0.12784680,0.00585558,0.00000000,0.20884900,0.32986440,1.16090000,0.00054945,0.00067155,0.00421245,0.02722830,3.69977600,3.31281700,1.78852100,1.10695900,0.61684920,1.10292900,0.79963290,0.72017020,3.30219400,3.30311000,0.79912020,4.94460000,4.94058000,0.00854700, 2, 255, 7, 24,0x50000,No,No,No,No,No,Yes,No,Yes
2026-04-11 12:10:11,0.0,1500,500,,500,500,44,,200,,,648,,48.8,0.7200,0.6000,0.6000,1.1000,0.00000000,0.06733918,0.12491900,0.00683151,0.00000000,0.20982490,0.32888840,1.17876000,0.00054945,0.00091575,0.00488400,0.02710620,3.70070400,3.31838500,1.80024200,1.10146400,0.61721550,1.10292900,0.80073180,0.72017020,3.30127900,3.30402600,0.79853400,4.94594000,4.94192000,0.00854700, 2, 255, 7, 24,0x50000,No,No,No,No,No,Yes,No,Yes
2026-04-11 12:10:14,0.0,1500,500,,500,500,44,,200,,,648,,49.4,0.7200,0.6000,0.6000,1.1000,0.00000000,0.07319475,0.12687090,0.00780744,0.00000000,0.21080090,0.33181620,1.16983000,0.00048840,0.00079365,0.00439560,0.02710620,3.69977600,3.29797000,1.79828900,1.10292900,0.61538400,1.10073200,0.80036550,0.72043880,3.30219400,3.30311000,0.79941320,4.93924000,4.94460000,0.00854700, 2, 255, 7, 24,0x50000,No,No,No,No,No,Yes,No,Yes
2026-04-11 12:10:16,0.0,1500,500,,500,500,44,,200,,,648,,49.9,0.7200,0.6000,0.6000,1.1000,0.05270022,0.07514661,0.12589500,0.00585558,0.00000000,0.21372870,0.33181620,1.16983000,0.00054945,0.00067155,0.00451770,0.02747250,3.69977600,3.31003300,1.79926600,1.10732500,0.61575030,1.10402800,0.79926660,0.72097620,3.30127900,3.30219400,0.79912020,4.94728000,4.94996000,0.00854700, 2, 255, 7, 24,0x50000,No,No,No,No,No,Yes,No,Yes
2026-04-11 12:10:18,0.0,1500,500,,500,500,44,,200,,,648,,49.9,0.7200,0.6000,0.6000,1.1000,0.00000000,0.07124290,0.12589500,0.00585558,0.00000000,0.21372870,0.33279210,1.16983000,0.00054945,0.00091575,0.00384615,0.02710620,3.70070400,3.31838500,1.80024200,1.10109800,0.61648290,1.10146400,0.79999920,0.72070740,3.30219400,3.30402600,0.79941320,4.94862000,4.94326000,0.00854700, 2, 255, 7, 24,0x50000,No,No,No,No,No,Yes,No,Yes
2026-04-11 12:10:20,0.0,1500,500,,500,500,44,,200,,,648,,49.9,0.7200,0.6000,0.6000,1.1000,0.00000000,0.07514661,0.12491900,0.00585558,0.00000000,0.21177680,0.33084030,1.16983000,0.00054945,0.00042735,0.00488400,0.02673990,3.70070400,3.29889800,1.79828900,1.10439400,0.61648290,1.10512700,0.79999920,0.72043880,3.30127900,3.30402600,0.79941320,4.94594000,4.93522000,0.00854700, 2, 255, 7, 24,0x50000,No,No,No,No,No,Yes,No,Yes
2026-04-11 12:10:22,0.0,1500,500,,500,500,44,,200,,,648,,48.8,0.7200,0.6000,0.6000,1.1000,0.00097593,0.07319475,0.12687090,0.00683151,0.00000000,0.21372870,0.32791250,1.17876000,0.00048840,0.00079365,0.00409035,0.02747250,3.69792000,3.31003300,1.80024200,1.10695900,0.60988950,1.10366200,0.80073180,0.72043880,3.30219400,3.30311000,0.79912020,4.94728000,4.94058000,0.00854700, 2, 255, 7, 24,0x50000,No,No,No,No,No,Yes,No,Yes
2026-04-11 12:10:24,0.0,1500,500,,500,500,44,,200,,,648,,50.5,0.7200,0.6000,0.6000,1.1000,0.00000000,0.07417068,0.12589500,0.00878337,0.00000000,0.21177680,0.33084030,1.16983000,0.00054945,0.00091575,0.00384615,0.02747250,3.69884800,3.30910500,1.80024200,1.10476100,0.61611660,1.10292900,0.80036550,0.72043880,3.29944700,3.30494200,0.79794790,4.93924000,4.94728000,0.00854700, 2, 255, 7, 24,0x50000,No,No,No,No,No,Yes,No,Yes
2026-04-11 12:10:26,0.0,1500,500,,500,500,44,,200,,,648,,49.9,0.7200,0.6000,0.6000,1.1000,0.00000000,0.08295405,0.12589500,0.00878337,0.00000000,0.21177680,0.32888840,1.16983000,0.00036630,0.00054945,0.00409035,0.02673990,3.69884800,3.31188900,1.78852100,1.10622600,0.61648290,1.10073200,0.79926660,0.72043880,3.30219400,3.30402600,0.79912020,4.92986000,4.94192000,0.00854700, 2, 255, 7, 24,0x50000,No,No,No,No,No,Yes,No,Yes
2026-04-11 12:10:29,0.0,1500,500,,500,500,43,,200,,,648,,50.5,0.7200,0.6000,0.6000,1.1000,0.00195186,0.07221882,0.12491900,0.00487965,0.00000000,0.20884900,0.33376810,1.17876000,0.00036630,0.00067155,0.00409035,0.02710620,3.69977600,3.31188900,1.78852100,1.10915600,0.61575030,1.10146400,0.79890030,0.72043880,3.30036300,3.30402600,0.79882700,4.93790000,4.94326000,0.00854700, 2, 255, 7, 24,0x50000,No,No,No,No,No,Yes,No,Yes
2026-04-11 12:10:31,0.0,1500,500,,500,500,44,,200,,,648,,49.9,0.7200,0.6000,0.6000,1.1000,0.00000000,0.07221882,0.12784680,0.00487965,0.00000000,0.20884900,0.33084030,1.16983000,0.00042735,0.00067155,0.00439560,0.02735040,3.69792000,3.31188900,1.79926600,1.10622600,0.61501770,1.10366200,0.79926660,0.72097620,3.30219400,3.30585700,0.79882700,4.94728000,4.94460000,0.00854700, 2, 255, 7, 24,0x50000,No,No,No,No,No,Yes,No,Yes
2026-04-11 12:10:33,0.0,1500,500,,500,500,43,,200,,,648,,49.4,0.7200,0.6000,0.6000,1.1000,0.00000000,0.07221882,0.12491900,0.00780744,0.00000000,0.23227130,0.33181620,1.16983000,0.00054945,0.00067155,0.00433455,0.02759460,3.70070400,3.30910500,1.80024200,1.10219700,0.61575030,1.10109800,0.80073180,0.72043880,3.29944700,3.30494200,0.79970620,4.95130000,4.94728000,0.00854700, 2, 255, 7, 24,0x50000,No,No,No,No,No,Yes,No,Yes
2026-04-11 12:10:35,0.0,1500,500,,500,500,44,,200,,,648,,50.5,0.7200,0.6000,0.6000,1.1000,0.00000000,0.07124290,0.12784680,0.00585558,0.00000000,0.20689720,0.33376810,1.16983000,0.00048840,0.00079365,0.00439560,0.02710620,3.69884800,3.31838500,1.80610300,1.10769100,0.61575030,1.10256300,0.80036550,0.72070740,3.30219400,3.30494200,0.79970620,4.93924000,4.94058000,0.00854700, 2, 255, 7, 24,0x50000,No,No,No,No,No,Yes,No,Yes
2026-04-11 12:10:37,0.0,1500,500,,500,500,44,,200,,,648,,50.5,0.7200,0.6000,0.6000,1.1000,0.00097593,0.07514661,0.12687090,0.00683151,0.00000000,0.21080090,0.33181620,1.16983000,0.00036630,0.00067155,0.00409035,0.02747250,3.69977600,3.30724900,1.79926600,1.10586000,0.61538400,1.10146400,0.79999920,0.72043880,3.30219400,3.30311000,0.79912020,4.93924000,4.93924000,0.00854700, 2, 255, 7, 24,0x50000,No,No,No,No,No,Yes,No,Yes
2026-04-11 12:10:39,0.0,1500,500,,500,500,44,,200,,,648,,49.4,0.7200,0.6000,0.6000,1.1000,0.00000000,0.06733918,0.12882280,0.00780744,0.00000000,0.21080090,0.33084030,1.16983000,0.00048840,0.00067155,0.00445665,0.02710620,3.69977600,3.29982600,1.80024200,1.10292900,0.61611660,1.10366200,0.79963290,0.72043880,3.30219400,3.30311000,0.79912020,4.94728000,4.94058000,0.00854700, 2, 255, 7, 24,0x50000,No,No,No,No,No,Yes,No,Yes
2026-04-11 12:10:41,0.0,1500,500,,500,500,44,,200,,,648,,49.9,0.7200,0.6000,0.6000,1.1000,0.00487965,0.07221882,0.12491900,0.00683151,0.00000000,0.20982490,0.33181620,1.16983000,0.00048840,0.00079365,0.00396825,0.02673990,3.70163200,3.31838500,1.79828900,1.10769100,0.61648290,1.10292900,0.80073180,0.72043880,3.29944700,3.30494200,0.79941320,4.93522000,4.94326000,0.00854700, 2, 255, 7, 24,0x50000,No,No,No,No,No,Yes,No,Yes
2026-04-11 12:10:44,0.0,1500,500,,500,500,44,,200,,,648,,49.9,0.7200,0.6000,0.6000,1.1000,0.00000000,0.06733918,0.12687090,0.00195186,0.00000000,0.20884900,0.32986440,1.16090000,0.00054945,0.00067155,0.00488400,0.02722830,3.69977600,3.30260900,1.78900900,1.10439400,0.61501770,1.10292900,0.79963290,0.72043880,3.30219400,3.30311000,0.79912020,4.94996000,4.94594000,0.00854700, 2, 255, 7, 24,0x50000,No,No,No,No,No,Yes,No,Yes
2026-04-11 12:10:46,0.0,1500,500,,500,500,44,,200,,,648,,50.5,0.7200,0.6000,0.6000,1.1000,0.00000000,0.07221882,0.12687090,0.00780744,0.00000000,0.23129540,0.33279210,1.16983000,0.00054945,0.00079365,0.00409035,0.02747250,3.69977600,3.31374500,1.80610300,1.10512700,0.61501770,1.10292900,0.80036550,0.72017020,3.30127900,3.30402600,0.79941320,4.95264000,4.95264000,0.00940170, 2, 255, 7, 24,0x50000,No,No,No,No,No,Yes,No,Yes
2026-04-11 12:10:48,0.2,1500,500,,500,500,44,,200,,,648,,50.5,0.7200,0.6000,0.6000,1.1000,0.00000000,0.07221882,0.12687090,0.00585558,0.00000000,0.20884900,0.33474400,1.15197000,0.00036630,0.00079365,0.00445665,0.02747250,3.70163200,3.31467300,1.79828900,1.10732500,0.61575030,1.10476100,0.79963290,0.72070740,3.30219400,3.30311000,0.79941320,4.94728000,4.94594000,0.00854700, 2, 255, 7, 24,0x50000,No,No,No,No,No,Yes,No,Yes
2026-04-11 12:10:50,0.0,1500,500,,500,500,43,,200,,,648,,51.0,0.7200,0.6000,0.6000,1.1000,0.00000000,0.07612254,0.12687090,0.00683151,0.00000000,0.20982490,0.33181620,1.16983000,0.00054945,0.00091575,0.00384615,0.02710620,3.69792000,3.29889800,1.79828900,1.10805800,0.61611660,1.10109800,0.80073180,0.72070740,3.30311000,3.30494200,0.79882700,4.94996000,4.94058000,0.00854700, 2, 255, 7, 24,0x50000,No,No,No,No,No,Yes,No,Yes
2026-04-11 12:10:52,0.0,1500,500,,500,500,44,,200,,,648,,49.9,0.7200,0.6000,0.6000,1.1000,0.00097593,0.07124290,0.12687090,0.00390372,0.00000000,0.22934360,0.33084030,1.17876000,0.00036630,0.00042735,0.00439560,0.02735040,3.69977600,3.31281700,1.80610300,1.10622600,0.61575030,1.10292900,0.79816780,0.72017020,3.29944700,3.30402600,0.79853400,4.94996000,4.95264000,0.00854700, 2, 255, 7, 24,0x50000,No,No,No,No,No,Yes,No,Yes
2026-04-11 12:10:54,0.0,1500,500,,500,500,44,,200,,,648,,50.5,0.7200,0.6000,0.6000,1.1000,0.04879650,0.07319475,0.12882280,0.00585558,0.00000000,0.20884900,0.33084030,1.16983000,0.00036630,0.00079365,0.00445665,0.02710620,3.70070400,3.31374500,1.80610300,1.10439400,0.61648290,1.10146400,0.80073180,0.72070740,3.30219400,3.30402600,0.79941320,4.93924000,4.93522000,0.00940170, 2, 255, 7, 24,0x50000,No,No,No,No,No,Yes,No,Yes
2026-04-11 12:10:56,0.0,1500,500,,500,500,44,,200,,,648,,49.9,0.7200,0.6000,0.6000,1.1000,0.00000000,0.07221882,0.12784680,0.00487965,0.00000000,0.20884900,0.33181620,1.17876000,0.00054945,0.00091575,0.00488400,0.02710620,3.69884800,3.29889800,1.80024200,1.10439400,0.61648290,1.10329600,0.80073180,0.72017020,3.30311000,3.30402600,0.79941320,4.93522000,4.94862000,0.00854700, 2, 255, 7, 24,0x50000,No,No,No,No,No,Yes,No,Yes
2026-04-11 12:10:59,0.0,1500,500,,500,500,44,,200,,,648,,50.5,0.7200,0.6000,0.6000,1.1000,0.00000000,0.07319475,0.12589500,0.00585558,0.00000000,0.21080090,0.33084030,1.16983000,0.00054945,0.00067155,0.00384615,0.02698410,3.69977600,3.30168200,1.80024200,1.10439400,0.61611660,1.10146400,0.79963290,0.72043880,3.30219400,3.30585700,0.79912020,4.94996000,4.94996000,0.00854700, 2, 255, 7, 24,0x50000,No,No,No,No,No,Yes,No,Yes
2026-04-11 12:11:01,0.0,1500,500,,500,500,44,,200,,,648,,48.8,0.7200,0.6000,0.6000,1.1000,0.00195186,0.07319475,0.12491900,0.00683151,0.00000000,0.21080090,0.33181620,1.16090000,0.00054945,0.00067155,0.00457875,0.02710620,3.69977600,3.30168200,1.80024200,1.10695900,0.60769170,1.09999900,0.79890030,0.72070740,3.30311000,3.30402600,0.79970620,4.93924000,4.94594000,0.00854700, 2, 255, 7, 24,0x50000,No,No,No,No,No,Yes,No,Yes
2026-04-11 12:11:03,0.0,1500,500,,500,500,44,,200,,,648,,50.5,0.7200,0.6000,0.6000,1.1000,0.00000000,0.06733918,0.12394310,0.00292779,0.00000000,0.20884900,0.32986440,1.16983000,0.00048840,0.00079365,0.00488400,0.02747250,3.69977600,3.31838500,1.79828900,1.10219700,0.61575030,1.10109800,0.79926660,0.72043880,3.29944700,3.30402600,0.79912020,4.93656000,4.94460000,0.00854700, 2, 255, 7, 24,0x50000,No,No,No,No,No,Yes,No,Yes
2026-04-11 12:11:05,0.0,1500,500,,500,500,44,,200,,,648,,50.5,0.7200,0.6000,0.6000,1.1000,0.00097593,0.06733918,0.12589500,0.00487965,0.00000000,0.20689720,0.32888840,1.16983000,0.00054945,0.00067155,0.00488400,0.02710620,3.69977600,3.30724900,1.78852100,1.10879000,0.61684920,1.10292900,0.79926660,0.72043880,3.30219400,3.30311000,0.79912020,4.94996000,4.94058000,0.00854700, 2, 255, 7, 24,0x50000,No,No,No,No,No,Yes,No,Yes
2026-04-11 12:11:07,0.0,1500,500,,500,500,44,,200,,,648,,49.9,0.7200,0.6000,0.6000,1.1000,0.00000000,0.07514661,0.12491900,0.00487965,0.00000000,0.21177680,0.33181620,1.16983000,0.00054945,0.00067155,0.00427350,0.02710620,3.69977600,3.31374500,1.80024200,1.10109800,0.61501770,1.10329600,0.79999920,0.72043880,3.30219400,3.30311000,0.79970620,4.93924000,4.94058000,0.00854700, 2, 255, 7, 24,0x50000,No,No,No,No,No,Yes,No,Yes
2026-04-11 12:11:09,0.0,1500,500,,500,500,44,,200,,,648,,50.5,0.7200,0.6000,0.6000,1.1000,0.00000000,0.07417068,0.12784680,0.00487965,0.00000000,0.20787310,0.33181620,1.16983000,0.00042735,0.00042735,0.00488400,0.02710620,3.69884800,3.31838500,1.79828900,1.10292900,0.61355250,1.09999900,0.79963290,0.72070740,3.30311000,3.30402600,0.79941320,4.93522000,4.95398000,0.00854700, 2, 255, 7, 24,0x50000,No,No,No,No,No,Yes,No,Yes
2026-04-11 12:11:11,0.0,1500,500,,500,500,44,,200,,,648,,49.9,0.7200,0.6000,0.6000,1.1000,0.00097593,0.07221882,0.12589500,0.00487965,0.00000000,0.21080090,0.33084030,1.16983000,0.00036630,0.00079365,0.00445665,0.02735040,3.70163200,3.31188900,1.80024200,1.10512700,0.61501770,1.10329600,0.79926660,0.72043880,3.30219400,3.30402600,0.79912020,4.94728000,4.94996000,0.00940170, 2, 255, 7, 24,0x50000,No,No,No,No,No,Yes,No,Yes
2026-04-11 12:11:14,0.0,1500,500,,500,500,44,,200,,,648,,49.4,0.7200,0.6000,0.6000,1.1000,0.00097593,0.06831510,0.12491900,0.00390372,0.00000000,0.23324730,0.32986440,1.17876000,0.00036630,0.00079365,0.00488400,0.02747250,3.69977600,3.31838500,1.79828900,1.10769100,0.61428510,1.10476100,0.79963290,0.72070740,3.30219400,3.30402600,0.79794790,4.93924000,4.94996000,0.00854700, 2, 255, 7, 24,0x50000,No,No,No,No,No,Yes,No,Yes
2026-04-11 12:11:16,0.0,1500,500,,500,500,44,,200,,,648,,51.0,0.7200,0.6000,0.6000,1.1000,0.00000000,0.07319475,0.12491900,0.00097593,0.00000000,0.21080090,0.32986440,1.16090000,0.00054945,0.00091575,0.00384615,0.02722830,3.69884800,3.31374500,1.79828900,1.10476100,0.61611660,1.10146400,0.79999920,0.72017020,3.30127900,3.30402600,0.79941320,4.95264000,4.93120000,0.00854700, 2, 255, 7, 24,0x50000,No,No,No,No,No,Yes,No,Yes
2026-04-11 12:11:18,0.0,1500,500,,500,500,44,,200,,,648,,49.4,0.7200,0.6000,0.6000,1.1000,0.04879650,0.06929103,0.12589500,0.00487965,0.00000000,0.21275270,0.33084030,1.16983000,0.00054945,0.00067155,0.00384615,0.02747250,3.69884800,3.31931300,1.79926600,1.10732500,0.61648290,1.10146400,0.79926660,0.72043880,3.30219400,3.30311000,0.79912020,4.94192000,4.92718000,0.00854700, 2, 255, 7, 24,0x50000,No,No,No,No,No,Yes,No,Yes
2026-04-11 12:11:20,0.0,1500,500,,500,500,44,,200,,,648,,49.9,0.7200,0.6000,0.6000,1.1000,0.00000000,0.07417068,0.12491900,0.00292779,0.00000000,0.20982490,0.33376810,1.17876000,0.00036630,0.00079365,0.00488400,0.02722830,3.69977600,3.30260900,1.80610300,1.10695900,0.61501770,1.10146400,0.79963290,0.72070740,3.30311000,3.30402600,0.79941320,4.94058000,4.93522000,0.00854700, 2, 255, 7, 24,0x50000,No,No,No,No,No,Yes,No,Yes
2026-04-11 12:11:22,0.0,1500,500,,500,500,44,,200,,,648,,51.0,0.7200,0.6000,0.6000,1.1000,0.00000000,0.07221882,0.12687090,0.00292779,0.00000000,0.20982490,0.32888840,1.17876000,0.00048840,0.00079365,0.00421245,0.02747250,3.70070400,3.32580900,1.79828900,1.10732500,0.61648290,1.10402800,0.80073180,0.72070740,3.30219400,3.30494200,0.79912020,4.94996000,4.94996000,0.00854700, 2, 255, 7, 24,0x50000,No,No,No,No,No,Yes,No,Yes
2026-04-11 12:11:24,0.0,1500,500,,500,500,43,,200,,,648,,51.0,0.7200,0.6000,0.6000,1.1000,0.00292779,0.07221882,0.12296720,0.00487965,0.00000000,0.20787310,0.33084030,1.16983000,0.00042735,0.00042735,0.00433455,0.02698410,3.69977600,3.31374500,1.79828900,1.11062200,0.61648290,1.10109800,0.80073180,0.72043880,3.30219400,3.30494200,0.79941320,4.93924000,4.94996000,0.00854700, 2, 255, 7, 24,0x50000,No,No,No,No,No,Yes,No,Yes
2026-04-11 12:11:26,0.0,1500,500,,500,500,44,,200,,,648,,49.9,0.7200,0.6000,0.6000,1.1000,0.00000000,0.07319475,0.12784680,0.00487965,0.00000000,0.20982490,0.33181620,1.16983000,0.00054945,0.00079365,0.00457875,0.02735040,3.70070400,3.30910500,1.80024200,1.10769100,0.61575030,1.10256300,0.80036550,0.72070740,3.30219400,3.30311000,0.79970620,4.93924000,4.92450000,0.00940170, 2, 255, 7, 24,0x50000,No,No,No,No,No,Yes,No,Yes
2026-04-11 12:11:29,0.0,1500,500,,500,500,44,,200,,,648,,48.8,0.7200,0.6000,0.6000,1.1000,0.00000000,0.07417068,0.12589500,0.00683151,0.00000000,0.23324730,0.33181620,1.16983000,0.00036630,0.00079365,0.00488400,0.02710620,3.69977600,3.31003300,1.79926600,1.10292900,0.61538400,1.10146400,0.79963290,0.72043880,3.29944700,3.30494200,0.79912020,4.94058000,4.95532000,0.00854700, 2, 255, 7, 24,0x50000,No,No,No,No,No,Yes,No,Yes
2026-04-11 12:11:31,0.0,1500,500,,500,500,44,,200,,,648,,51.0,0.7200,0.6000,0.6000,1.1000,0.05367615,0.07221882,0.12882280,0.00487965,0.00000000,0.27814010,0.33181620,1.17876000,0.00048840,0.00067155,0.00439560,0.02735040,3.69977600,3.30724900,1.79926600,1.11062200,0.61575030,1.10256300,0.79963290,0.72097620,3.30219400,3.30402600,0.79912020,4.94326000,4.94728000,0.00854700, 2, 255, 7, 24,0x50000,No,No,No,No,No,Yes,No,Yes
2026-04-11 12:11:33,0.0,1500,500,,500,500,44,,200,,,648,,51.0,0.7200,0.6000,0.6000,1.1000,0.00000000,0.07221882,0.12589500,0.00487965,0.00000000,0.20884900,0.32791250,1.16983000,0.00054945,0.00067155,0.00433455,0.02735040,3.69884800,3.31838500,1.79926600,1.10769100,0.61465140,1.10292900,0.80073180,0.72097620,3.30219400,3.30311000,0.79912020,4.94728000,4.94192000,0.00940170, 2, 255, 7, 24,0x50000,No,No,No,No,No,Yes,No,Yes
2026-04-11 12:11:35,0.0,1500,500,,500,500,44,,200,,,648,,51.0,0.7200,0.6000,0.6000,1.1000,0.00097593,0.07319475,0.13077460,0.00390372,0.00000000,0.21080090,0.33181620,1.16983000,0.00048840,0.00079365,0.00433455,0.02710620,3.69977600,3.31838500,1.80024200,1.10439400,0.61648290,1.10146400,0.79999920,0.72043880,3.30127900,3.30402600,0.79970620,4.94058000,4.94594000,0.00854700, 2, 255, 7, 24,0x50000,No,No,No,No,No,Yes,No,Yes
2026-04-11 12:11:37,0.0,1500,500,,500,500,44,,200,,,648,,50.5,0.7200,0.6000,0.6000,1.1000,0.00097593,0.08490592,0.12589500,0.00585558,0.00000000,0.21080090,0.33084030,1.16090000,0.00054945,0.00091575,0.00409035,0.02710620,3.70070400,3.30168200,1.79828900,1.10366200,0.61758180,1.10292900,0.79926660,0.72017020,3.30311000,3.30494200,0.79941320,4.94058000,4.93522000,0.00854700, 2, 255, 7, 24,0x50000,No,No,No,No,No,Yes,No,Yes
2026-04-11 12:11:39,0.0,1500,500,,500,500,44,,200,,,648,,50.5,0.7200,0.6000,0.6000,1.1000,0.00097593,0.07319475,0.12589500,0.00487965,0.00000000,0.20787310,0.33181620,1.16983000,0.00054945,0.00054945,0.00445665,0.02747250,3.69977600,3.29889800,1.79926600,1.10219700,0.61391880,1.10146400,0.80073180,0.72017020,3.30127900,3.30402600,0.79912020,4.94728000,4.94058000,0.00854700, 2, 255, 7, 24,0x50000,No,No,No,No,No,Yes,No,Yes
2026-04-11 12:11:41,0.0,1500,500,,500,500,43,,200,,,648,,49.9,0.7200,0.6000,0.6000,1.1000,0.00000000,0.07417068,0.12687090,0.00683151,0.00000000,0.20884900,0.33084030,1.16983000,0.00036630,0.00079365,0.00439560,0.02735040,3.69977600,3.31003300,1.80024200,1.10219700,0.61721550,1.10256300,0.79999920,0.72070740,3.29944700,3.30585700,0.79912020,4.94728000,4.94996000,0.00854700, 2, 255, 7, 24,0x50000,No,No,No,No,No,Yes,No,Yes
2026-04-11 12:11:43,0.0,1500,500,,500,500,44,,200,,,648,,49.9,0.7200,0.6000,0.6000,1.1000,0.00097593,0.07221882,0.12589500,0.00878337,0.00000000,0.20982490,0.32986440,1.16983000,0.00054945,0.00091575,0.00384615,0.02747250,3.70070400,3.32580900,1.80024200,1.10695900,0.61611660,1.10366200,0.79816780,0.72070740,3.30311000,3.30311000,0.79941320,4.94058000,4.93388000,0.00854700, 2, 255, 7, 24,0x50000,No,No,No,No,No,Yes,No,Yes
2026-04-11 12:11:46,0.0,1500,500,,500,500,44,,200,,,648,,49.9,0.7200,0.6000,0.6000,1.1000,0.00000000,0.07319475,0.12589500,0.00487965,0.00000000,0.21080090,0.33376810,1.16983000,0.00054945,0.00079365,0.00445665,0.02710620,3.69977600,3.31467300,1.79828900,1.10219700,0.61575030,1.10292900,0.79999920,0.72070740,3.29944700,3.30402600,0.79941320,4.94594000,4.95398000,0.00940170, 2, 255, 7, 24,0x50000,No,No,No,No,No,Yes,No,Yes
2026-04-11 12:11:48,0.0,1500,500,,500,500,44,,200,,,648,,49.9,0.7200,0.6000,0.6000,1.1000,0.00000000,0.07124290,0.12589500,0.00683151,0.00000000,0.21177680,0.32791250,1.16983000,0.00048840,0.00079365,0.00409035,0.02722830,3.69977600,3.32580900,1.80024200,1.10549400,0.61538400,1.10402800,0.79963290,0.72070740,3.30219400,3.30494200,0.79853400,4.94728000,4.95264000,0.00854700, 2, 255, 7, 24,0x50000,No,No,No,No,No,Yes,No,Yes
2026-04-11 12:11:50,0.0,1500,500,,500,500,44,,200,,,648,,50.5,0.7200,0.6000,0.6000,1.1000,0.00000000,0.07417068,0.12882280,0.00487965,0.00000000,0.22251200,0.33181620,1.16983000,0.00054945,0.00091575,0.00384615,0.02759460,3.70070400,3.31188900,1.80024200,1.10586000,0.61648290,1.10476100,0.80036550,0.72043880,3.30402600,3.30402600,0.79941320,4.94058000,4.94594000,0.00940170, 2, 255, 7, 24,0x50000,No,No,No,No,No,Yes,No,Yes
2026-04-11 12:11:52,0.0,1500,500,,500,500,44,,200,,,648,,51.0,0.7200,0.6000,0.6000,1.1000,0.00195186,0.06929103,0.12687090,0.00390372,0.00000000,0.20787310,0.33767180,1.16983000,0.00054945,0.00067155,0.00409035,0.02722830,3.69977600,3.31096100,1.79242800,1.10769100,0.61391880,1.10366200,0.79963290,0.72043880,3.30219400,3.30311000,0.79912020,4.94996000,4.95264000,0.00854700, 2, 255, 7, 24,0x50000,No,No,No,No,No,Yes,No,Yes
2026-04-11 12:11:54,0.0,1500,500,,500,500,43,,200,,,648,,49.9,0.7200,0.6000,0.6000,1.1000,0.00000000,0.07319475,0.12687090,0.00683151,0.00000000,0.20884900,0.32888840,1.16983000,0.00054945,0.00091575,0.00445665,0.02710620,3.69884800,3.30168200,1.79926600,1.10183000,0.61648290,1.10329600,0.79999920,0.72043880,3.30219400,3.30311000,0.79912020,4.93924000,4.94728000,0.00854700, 2, 255, 7, 24,0x50000,No,No,No,No,No,Yes,No,Yes
2026-04-11 12:11:56,0.0,1500,500,,500,500,44,,200,,,648,,50.5,0.7200,0.6000,0.6000,1.1000,0.00097593,0.06929103,0.12784680,0.00780744,0.00000000,0.21177680,0.32888840,1.17876000,0.00054945,0.00091575,0.00488400,0.02722830,3.70070400,3.31188900,1.79828900,1.10769100,0.61648290,1.10146400,0.79999920,0.72043880,3.29944700,3.30402600,0.79941320,4.93522000,4.94594000,0.00854700, 2, 255, 7, 24,0x50000,No,No,No,No,No,Yes,No,Yes
2026-04-11 12:11:58,0.0,1500,500,,500,500,44,,200,,,648,,50.5,0.7200,0.6000,0.6000,1.1000,0.00000000,0.07417068,0.12589500,0.00585558,0.00000000,0.20884900,0.33084030,1.16983000,0.00042735,0.00079365,0.00439560,0.02710620,3.69977600,3.30168200,1.80024200,1.10146400,0.61611660,1.10402800,0.80073180,0.72043880,3.30219400,3.30402600,0.79794790,4.94058000,4.93522000,0.00854700, 2, 255, 7, 24,0x50000,No,No,No,No,No,Yes,No,Yes
2026-04-11 12:12:01,0.0,1500,500,,500,500,44,,200,,,648,,50.5,0.7200,0.6000,0.6000,1.1000,0.00000000,0.07417068,0.12784680,0.00683151,0.00000000,0.21080090,0.33181620,1.17876000,0.00048840,0.00079365,0.00445665,0.02735040,3.69977600,3.31745700,1.79828900,1.10512700,0.61648290,1.10292900,0.79963290,0.72070740,3.29944700,3.30494200,0.79941320,4.94058000,4.94594000,0.00854700, 2, 255, 7, 24,0x50000,No,No,No,No,No,Yes,No,Yes
2026-04-11 12:12:03,0.0,1500,500,,500,500,43,,200,,,648,,51.0,0.7200,0.6000,0.6000,1.1000,0.00195186,0.07221882,0.12687090,0.00683151,0.00000000,0.20982490,0.33084030,1.17876000,0.00042735,0.00079365,0.00439560,0.02722830,3.69977600,3.32580900,1.79828900,1.10512700,0.61501770,1.10292900,0.79963290,0.72017020,3.30127900,3.30494200,0.79941320,4.94594000,4.94594000,0.00854700, 2, 255, 7, 24,0x50000,No,No,No,No,No,Yes,No,Yes
2026-04-11 12:12:05,0.0,1500,500,,500,500,44,,200,,,648,,49.4,0.7200,0.6000,0.6000,1.1000,0.00292779,0.07124290,0.12589500,0.00487965,0.00000000,0.21080090,0.33084030,1.16983000,0.00054945,0.00079365,0.00421245,0.02710620,3.69884800,3.31374500,1.79096300,1.10622600,0.61428510,1.10366200,0.79890030,0.72017020,3.30402600,3.30219400,0.79853400,4.94192000,4.94594000,0.00854700, 2, 255, 7, 24,0x50000,No,No,No,No,No,Yes,No,Yes
2026-04-11 12:12:07,0.0,1500,500,,500,500,44,,200,,,648,,49.9,0.7200,0.6000,0.6000,1.1000,0.00000000,0.07417068,0.12687090,0.00585558,0.00000000,0.20787310,0.32986440,1.17876000,0.00042735,0.00079365,0.00445665,0.02747250,3.69792000,3.32952100,1.80024200,1.10219700,0.61684920,1.10476100,0.79926660,0.72043880,3.30219400,3.30311000,0.79912020,4.94996000,4.95532000,0.00854700, 2, 255, 7, 24,0x50000,No,No,No,No,No,Yes,No,Yes
2026-04-11 12:12:09,0.0,1500,500,,500,500,44,,200,,,648,,51.0,0.7200,0.6000,0.6000,1.1000,0.01756674,0.07319475,0.12491900,0.00683151,0.00000000,0.22251200,0.32888840,1.16983000,0.00054945,0.00067155,0.00445665,0.02698410,3.69977600,3.30910500,1.79926600,1.10769100,0.61684920,1.10146400,0.79890030,0.72043880,3.30219400,3.30311000,0.79912020,4.93924000,4.94058000,0.00854700, 2, 255, 7, 24,0x50000,No,No,No,No,No,Yes,No,Yes
2026-04-11 12:12:11,0.0,1500,500,,500,500,43,,200,,,648,,49.4,0.7200,0.6000,0.6000,1.1000,0.00000000,0.07319475,0.12687090,0.00487965,0.00000000,0.20787310,0.33084030,1.16983000,0.00036630,0.00079365,0.00488400,0.02710620,3.69977600,3.32952100,1.80024200,1.10292900,0.61575030,1.10402800,0.79963290,0.72043880,3.30219400,3.30585700,0.79912020,4.94728000,4.94996000,0.00854700, 2, 255, 7, 24,0x50000,No,No,No,No,No,Yes,No,Yes
2026-04-11 12:12:13,0.0,1500,500,,500,500,44,,200,,,648,,49.9,0.7200,0.6000,0.6000,1.1000,0.00000000,0.08295405,0.12687090,0.00195186,0.00000000,0.21080090,0.33181620,1.16983000,0.00042735,0.00042735,0.00439560,0.02710620,3.69884800,3.32580900,1.79877700,1.10292900,0.61648290,1.10329600,0.79963290,0.72097620,3.29944700,3.30494200,0.79794790,4.93924000,4.94058000,0.00854700, 2, 255, 7, 24,0x50000,No,No,No,No,No,Yes,No,Yes
2026-04-11 12:12:16,0.2,1500,500,,500,500,44,,200,,,648,,51.0,0.7200,0.6000,0.6000,1.1000,0.00097593,0.07124290,0.12687090,0.00390372,0.00000000,0.21372870,0.32693650,1.16983000,0.00048840,0.00067155,0.00409035,0.02735040,3.70163200,3.29982600,1.79926600,1.10915600,0.61501770,1.10109800,0.79963290,0.72043880,3.30219400,3.30311000,0.79882700,4.94728000,4.94460000,0.00854700, 2, 255, 7, 24,0x50000,No,No,No,No,No,Yes,No,Yes
2026-04-11 12:12:18,0.0,1500,500,,500,500,44,,200,,,648,,49.9,0.7200,0.6000,0.6000,1.1000,0.00000000,0.07319475,0.12784680,0.00878337,0.00000000,0.21275270,0.33181620,1.16983000,0.00054945,0.00091575,0.00409035,0.02710620,3.69792000,3.31374500,1.79828900,1.10769100,0.61575030,1.10146400,0.79999920,0.72017020,3.30402600,3.30402600,0.79941320,4.94326000,4.94326000,0.00854700, 2, 255, 7, 24,0x50000,No,No,No,No,No,Yes,No,Yes
2026-04-11 12:12:20,0.0,1500,500,,500,500,44,,200,,,648,,51.0,0.7200,0.6000,0.6000,1.1000,0.00000000,0.07026696,0.12687090,0.00683151,0.00000000,0.21177680,0.32986440,1.16983000,0.00048840,0.00091575,0.00384615,0.02722830,3.69884800,3.31096100,1.80610300,1.10805800,0.61501770,1.10402800,0.80073180,0.72070740,3.30219400,3.30402600,0.79912020,4.94996000,4.94192000,0.00854700, 2, 255, 7, 24,0x50000,No,No,No,No,No,Yes,No,Yes
2026-04-11 12:12:22,0.0,1500,500,,500,500,43,,200,,,648,,49.9,0.7200,0.6000,0.6000,1.1000,0.00292779,0.06831510,0.12589500,0.00585558,0.00000000,0.21080090,0.33181620,1.16983000,0.00042735,0.00067155,0.00445665,0.02722830,3.69977600,3.31003300,1.78852100,1.10219700,0.61391880,1.10402800,0.79926660,0.71963300,3.30219400,3.30311000,0.79882700,4.93656000,4.94728000,0.00854700, 2, 255, 7, 24,0x50000,No,No,No,No,No,Yes,No,Yes
2026-04-11 12:12:24,0.0,1500,500,,500,500,44,,200,,,648,,49.4,0.7200,0.6000,0.6000,1.1000,0.00000000,0.10930420,0.15712470,0.00780744,0.00000000,0.20982490,0.33181620,1.16983000,0.00054945,0.00067155,0.00409035,0.02735040,3.69884800,3.31281700,1.79389300,1.10146400,0.61684920,1.10476100,0.80036550,0.72097620,3.30219400,3.30219400,0.79882700,4.93120000,4.93656000,0.00854700, 2, 255, 7, 24,0x50000,No,No,No,No,No,Yes,No,Yes
2026-04-11 12:12:26,0.0,1500,500,,500,500,44,,200,,,648,,49.4,0.7200,0.6000,0.6000,1.1000,0.00000000,0.07319475,0.12491900,0.00195186,0.00000000,0.20884900,0.33181620,1.16983000,0.00054945,0.00067155,0.00409035,0.02722830,3.70070400,3.29982600,1.80024200,1.10769100,0.61575030,1.10476100,0.79890030,0.72070740,3.30219400,3.30311000,0.79912020,4.94192000,4.94058000,0.00854700, 2, 255, 7, 24,0x50000,No,No,No,No,No,Yes,No,Yes
2026-04-11 12:12:28,0.2,1500,500,,500,500,44,,200,,,648,,50.5,0.7200,0.6000,0.6000,1.1000,0.05270022,0.07221882,0.12394310,0.00683151,0.00000000,0.22153610,0.33084030,1.17876000,0.00054945,0.00079365,0.00427350,0.02710620,3.69977600,3.30168200,1.79828900,1.10769100,0.61611660,1.10146400,0.79926660,0.72070740,3.30311000,3.30494200,0.79941320,4.91914000,4.92450000,0.00854700, 2, 255, 7, 24,0x50000,No,No,No,No,No,Yes,No,Yes
2026-04-11 12:12:31,0.0,1500,500,,500,500,43,,200,,,648,,50.5,0.7200,0.6000,0.6000,1.1000,0.00097593,0.07124290,0.12687090,0.00780744,0.00000000,0.21080090,0.33084030,1.16983000,0.00036630,0.00079365,0.00445665,0.02722830,3.70256000,3.29889800,1.79828900,1.10439400,0.61611660,1.10366200,0.79963290,0.72043880,3.30127900,3.30494200,0.79941320,4.94996000,4.94058000,0.00854700, 2, 255, 7, 24,0x50000,No,No,No,No,No,Yes,No,Yes
2026-04-11 12:12:33,0.0,1500,500,,500,500,44,,200,,,648,,50.5,0.7200,0.6000,0.6000,1.1000,0.00000000,0.06929103,0.12491900,0.00487965,0.00000000,0.20884900,0.32986440,1.16983000,0.00048840,0.00079365,0.00451770,0.02735040,3.69884800,3.31374500,1.79828900,1.10439400,0.61758180,1.10402800,0.80073180,0.72070740,3.30036300,3.30494200,0.79941320,4.94058000,4.94594000,0.00854700, 2, 255, 7, 24,0x50000,No,No,No,No,No,Yes,No,Yes
2026-04-11 12:12:35,0.0,1500,500,,500,500,44,,200,,,648,,49.9,0.7200,0.6000,0.6000,1.1000,0.00000000,0.07319475,0.12687090,0.00390372,0.00000000,0.21470460,0.33084030,1.18769000,0.00054945,0.00091575,0.00445665,0.02722830,3.69884800,3.31374500,1.79828900,1.10292900,0.61648290,1.10073200,0.79890030,0.72043880,3.30127900,3.30402600,0.79941320,4.93522000,4.94594000,0.00854700, 2, 255, 7, 24,0x50000,No,No,No,No,No,Yes,No,Yes
2026-04-11 12:12:37,0.0,1500,500,,500,500,44,,200,,,648,,49.9,0.7200,0.6000,0.6000,1.1000,0.00000000,0.07514661,0.12589500,0.00683151,0.00000000,0.21080090,0.33181620,1.16983000,0.00036630,0.00067155,0.00488400,0.02735040,3.69792000,3.29982600,1.79926600,1.10366200,0.61501770,1.10146400,0.79890030,0.72043880,3.30219400,3.30585700,0.79882700,4.94996000,4.94996000,0.00854700, 2, 255, 7, 24,0x50000,No,No,No,No,No,Yes,No,Yes
2026-04-11 12:12:39,0.0,1500,500,,500,500,44,,200,,,648,,51.0,0.7200,0.6000,0.6000,1.1000,0.00000000,0.07124290,0.12784680,0.00487965,0.00000000,0.20982490,0.33181620,1.17876000,0.00036630,0.00079365,0.00488400,0.02710620,3.69977600,3.31096100,1.80024200,1.10695900,0.61428510,1.10366200,0.80073180,0.72043880,3.30219400,3.30311000,0.79912020,4.94728000,4.94058000,0.00854700, 2, 255, 7, 24,0x50000,No,No,No,No,No,Yes,No,Yes
2026-04-11 12:12:41,0.0,1500,500,,500,500,44,,200,,,648,,49.4,0.7200,0.6000,0.6000,1.1000,0.00000000,0.06831510,0.12687090,0.00585558,0.00000000,0.21080090,0.33279210,1.17876000,0.00036630,0.00079365,0.00409035,0.02673990,3.69884800,3.31374500,1.79096300,1.10732500,0.61648290,1.10219700,0.79963290,0.72043880,3.30219400,3.30402600,0.79941320,4.94058000,4.94326000,0.00854700, 2, 255, 7, 24,0x50000,No,No,No,No,No,Yes,No,Yes
2026-04-11 12:12:43,0.0,1500,500,,500,500,44,,200,,,648,,50.5,0.7200,0.6000,0.6000,1.1000,0.00000000,0.07514661,0.12687090,0.00585558,0.00000000,0.21177680,0.32888840,1.16090000,0.00036630,0.00067155,0.00409035,0.02735040,3.69977600,3.31096100,1.78852100,1.10695900,0.61501770,1.10256300,0.79963290,0.72097620,3.30219400,3.30585700,0.79882700,4.94728000,4.94996000,0.00940170, 2, 255, 7, 24,0x50000,No,No,No,No,No,Yes,No,Yes
2026-04-11 12:12:45,0.0,1500,500,,500,500,44,,200,,,648,,50.5,0.7200,0.6000,0.6000,1.1000,0.05172429,0.06929103,0.12687090,0.00878337,0.00000000,0.20982490,0.33181620,1.16983000,0.00054945,0.00091575,0.00433455,0.02735040,3.70070400,3.31652900,1.79487000,1.10695900,0.61575030,1.10073200,0.79890030,0.72097620,3.30219400,3.30402600,0.79882700,4.92718000,4.93120000,0.00940170, 2, 255, 7, 24,0x50000,No,No,No,No,No,Yes,No,Yes
2026-04-11 12:12:48,0.0,1500,500,,500,500,44,,200,,,648,,49.9,0.7200,0.6000,0.6000,1.1000,0.05172429,0.08588185,0.12394310,0.00780744,0.00000000,0.20884900,0.32888840,1.17876000,0.00048840,0.00079365,0.00445665,0.02710620,3.69792000,3.31096100,1.80659200,1.10988900,0.61648290,1.10292900,0.79999920,0.72017020,3.30311000,3.30402600,0.79941320,4.93522000,4.92718000,0.00940170, 2, 255, 7, 24,0x50000,No,No,No,No,No,Yes,No,Yes
2026-04-11 12:12:50,0.0,1500,500,,500,500,44,,200,,,648,,51.0,0.7200,0.6000,0.6000,1.1000,0.00097593,0.07709848,0.12589500,0.00487965,0.00000000,0.20884900,0.33084030,1.17876000,0.00054945,0.00091575,0.00384615,0.02710620,3.70070400,3.31003300,1.79828900,1.10476100,0.61611660,1.10402800,0.79926660,0.72017020,3.30127900,3.30402600,0.79970620,4.94996000,4.94058000,0.00854700, 2, 255, 7, 24,0x50000,No,No,No,No,No,Yes,No,Yes
2026-04-11 12:12:52,0.0,1500,500,,500,500,43,,200,,,648,,51.0,0.7200,0.6000,0.6000,1.1000,0.00195186,0.07417068,0.12589500,0.00292779,0.00000000,0.20884900,0.33376810,1.16983000,0.00048840,0.00054945,0.00409035,0.02710620,3.69792000,3.30632200,1.80024200,1.10439400,0.61575030,1.10146400,0.79890030,0.72043880,3.30219400,3.30311000,0.79912020,4.93924000,4.94594000,0.00940170, 2, 255, 7, 24,0x50000,No,No,No,No,No,Yes,No,Yes
2026-04-11 12:12:54,0.0,1500,500,,500,500,44,,200,,,648,,51.0,0.7200,0.6000,0.6000,1.1000,0.04879650,0.06929103,0.12491900,0.00683151,0.00000000,0.20884900,0.33376810,1.16983000,0.00054945,0.00091575,0.00445665,0.02710620,3.69792000,3.35550300,1.80610300,1.10146400,0.61428510,1.10476100,0.79963290,0.72097620,3.30402600,3.30402600,0.79941320,4.93522000,4.94192000,0.00854700, 2, 255, 7, 24,0x50000,No,No,No,No,No,Yes,No,Yes
2026-04-11 12:12:56,0.0,1500,500,,500,500,44,,200,,,648,,50.5,0.7200,0.6000,0.6000,1.1000,0.22348800,0.06831510,0.12394310,0.00390372,0.00000000,0.20884900,0.33181620,1.16983000,0.00054945,0.00091575,0.00421245,0.02710620,3.69884800,3.30632200,1.80610300,1.10915600,0.61538400,1.10476100,0.79890030,0.72017020,3.30127900,3.30402600,0.79941320,4.92450000,4.93656000,0.00940170, 2, 255, 7, 24,0x50000,No,No,No,No,No,Yes,No,Yes
2026-04-11 12:12:58,0.8,1500,500,,500,500,44,,200,,,648,,49.4,0.7200,0.6000,0.6000,1.1000,0.05172429,0.06929103,0.12589500,0.00487965,0.00000000,0.21958430,0.33181620,1.16983000,0.00036630,0.00079365,0.00488400,0.02747250,3.69884800,3.31838500,1.80024200,1.10292900,0.61501770,1.10476100,0.79926660,0.72070740,3.30219400,3.30494200,0.79970620,4.91914000,4.92450000,0.00854700, 2, 255, 7, 24,0x50000,No,No,No,No,No,Yes,No,Yes
2026-04-11 12:13:00,0.0,1500,500,,500,500,44,,200,,,648,,50.5,0.7200,0.6000,0.6000,1.1000,0.00097593,0.07221882,0.13077460,0.00292779,0.00000000,0.20982490,0.32888840,1.16983000,0.00048840,0.00091575,0.00445665,0.02698410,3.69977600,3.32580900,1.79828900,1.10769100,0.61538400,1.10256300,0.79926660,0.72070740,3.30219400,3.30677300,0.79941320,4.94058000,4.94326000,0.00940170, 2, 255, 7, 24,0x50000,No,No,No,No,No,Yes,No,Yes
2026-04-11 12:13:03,0.0,1500,500,,500,500,44,,200,,,648,,49.9,0.7200,0.6000,0.6000,1.1000,0.00195186,0.06831510,0.12687090,0.00683151,0.00000000,0.20787310,0.33279210,1.16983000,0.00036630,0.00042735,0.00421245,0.02747250,3.70070400,3.31374500,1.79828900,1.10219700,0.61575030,1.10146400,0.79963290,0.72017020,3.30219400,3.30494200,0.79794790,4.94996000,4.95130000,0.00854700, 2, 255, 7, 24,0x50000,No,No,No,No,No,Yes,No,Yes
2026-04-11 12:13:05,0.0,1500,500,,500,500,44,,200,,,648,,50.5,0.7200,0.6000,0.6000,1.1000,0.00097593,0.07319475,0.12687090,0.00683151,0.00000000,0.21080090,0.33084030,1.16983000,0.00054945,0.00091575,0.00384615,0.02747250,3.69884800,3.31838500,1.79828900,1.10146400,0.61648290,1.09999900,0.80073180,0.72017020,3.30311000,3.30402600,0.79941320,4.93522000,4.94594000,0.00854700, 2, 255, 7, 24,0x50000,No,No,No,No,No,Yes,No,Yes
2026-04-11 12:13:07,0.0,1500,500,,500,500,44,,200,,,648,,50.5,0.7200,0.6000,0.6000,1.1000,0.00000000,0.08100219,0.12882280,0.00585558,0.00000000,0.20884900,0.33084030,1.16983000,0.00036630,0.00079365,0.00494505,0.02759460,3.69792000,3.30168200,1.80024200,1.10292900,0.61684920,1.10219700,0.80073180,0.72043880,3.30219400,3.30402600,0.79912020,4.94728000,4.94728000,0.00854700, 2, 255, 7, 24,0x50000,No,No,No,No,No,Yes,No,Yes
2026-04-11 12:13:09,0.0,1500,500,,500,500,44,,200,,,648,,49.9,0.7200,0.6000,0.6000,1.1000,0.00195186,0.07221882,0.12784680,0.00683151,0.00000000,0.21080090,0.33181620,1.17876000,0.00048840,0.00091575,0.00488400,0.02710620,3.70070400,3.30260900,1.79828900,1.10769100,0.61611660,1.10256300,0.79999920,0.72070740,3.30219400,3.30402600,0.79912020,4.94728000,4.94058000,0.00940170, 2, 255, 7, 24,0x50000,No,No,No,No,No,Yes,No,Yes
2026-04-11 12:13:11,0.0,1500,500,,500,500,44,,200,,,648,,51.0,0.7200,0.6000,0.6000,1.1000,0.00292779,0.11223200,0.15712470,0.00097593,0.00000000,0.20982490,0.32888840,1.16983000,0.00054945,0.00091575,0.00439560,0.02722830,3.69792000,3.29518600,1.80610300,1.10695900,0.61648290,1.10146400,0.79890030,0.72097620,3.30127900,3.30402600,0.79824100,4.92182000,4.92182000,0.00769230, 2, 255, 7, 24,0x50000,No,No,No,No,No,Yes,No,Yes
2026-04-11 12:13:13,0.0,1500,500,,500,500,44,,200,,,648,,51.0,0.7200,0.6000,0.6000,1.1000,0.00000000,0.07221882,0.12491900,0.00390372,0.00000000,0.22056020,0.33279210,1.17876000,0.00054945,0.00091575,0.00384615,0.02759460,3.69792000,3.35550300,1.80610300,1.10439400,0.61648290,1.10109800,0.80036550,0.72043880,3.30402600,3.30402600,0.79853400,4.95264000,4.95398000,0.00940170, 2, 255, 7, 24,0x50000,No,No,No,No,No,Yes,No,Yes
2026-04-11 12:13:15,0.0,1500,500,,500,500,44,,200,,,648,,49.4,0.7200,0.6000,0.6000,1.1000,0.00195186,0.07221882,0.12784680,0.00585558,0.00000000,0.21275270,0.35816630,1.17876000,0.00054945,0.00067155,0.00427350,0.02722830,3.69977600,3.30724900,1.78852100,1.10439400,0.61501770,1.10256300,0.79999920,0.72097620,3.30219400,3.30311000,0.79912020,4.94728000,4.94996000,0.00854700, 2, 255, 7, 24,0x50000,No,No,No,No,No,Yes,No,Yes
2026-04-11 12:13:18,0.0,1500,500,,500,500,44,,200,,,648,,50.5,0.7200,0.6000,0.6000,1.1000,0.00195186,0.06929103,0.12687090,0.00683151,0.00000000,0.20787310,0.33181620,1.16983000,0.00036630,0.00079365,0.00439560,0.02735040,3.69977600,3.30910500,1.80024200,1.10292900,0.61501770,1.10366200,0.79890030,0.72043880,3.30219400,3.30402600,0.79912020,4.93924000,4.94996000,0.00854700, 2, 255, 7, 24,0x50000,No,No,No,No,No,Yes,No,Yes
2026-04-11 12:13:20,0.0,1500,500,,500,500,43,,200,,,648,,50.5,0.7200,0.6000,0.6000,1.1000,0.00000000,0.08295405,0.12784680,0.00487965,0.00000000,0.21080090,0.33084030,1.16983000,0.00054945,0.00091575,0.00433455,0.02747250,3.69699300,3.30910500,1.79828900,1.10439400,0.61648290,1.10073200,0.80036550,0.72017020,3.30311000,3.30402600,0.79941320,4.93522000,4.94192000,0.00940170, 2, 255, 7, 24,0x50000,No,No,No,No,No,Yes,No,Yes
2026-04-11 12:13:22,0.0,1500,500,,500,500,43,,200,,,648,,50.5,0.7200,0.6000,0.6000,1.1000,0.00097593,0.06733918,0.12589500,0.00390372,0.00000000,0.20982490,0.32986440,1.17876000,0.00054945,0.00091575,0.00421245,0.02735040,3.70163200,3.30168200,1.79828900,1.10219700,0.61575030,1.10146400,0.80146440,0.72017020,3.30402600,3.30402600,0.79853400,4.94594000,4.94728000,0.00854700, 2, 255, 7, 24,0x50000,No,No,No,No,No,Yes,No,Yes
2026-04-11 12:13:24,0.0,1500,500,,500,500,44,,200,,,648,,49.4,0.7200,0.6000,0.6000,1.1000,0.00292779,0.15126920,0.12589500,0.00390372,0.00000000,0.22056020,0.33864770,1.17876000,0.00054945,0.00067155,0.00439560,0.02747250,3.69884800,3.29518600,1.82124300,1.10695900,0.61135470,1.10329600,0.79963290,0.72097620,3.30219400,3.30402600,0.79941320,4.94326000,4.94728000,0.00940170, 2, 255, 7, 24,0x50000,No,No,No,No,No,Yes,No,Yes
2026-04-11 12:13:26,0.0,1500,500,,500,500,44,,200,,,648,,51.6,0.7200,0.6000,0.6000,1.1000,0.00097593,0.07417068,0.12491900,0.00390372,0.00000000,0.20884900,0.32888840,1.17876000,0.00054945,0.00091575,0.00409035,0.02698410,3.70070400,3.31931300,1.79828900,1.10439400,0.61575030,1.10329600,0.79890030,0.72017020,3.30127900,3.30402600,0.79941320,4.94594000,4.94862000,0.00854700, 2, 255, 7, 24,0x50000,No,No,No,No,No,Yes,No,Yes
2026-04-11 12:13:28,0.0,1500,500,,500,500,44,,200,,,648,,51.0,0.7200,0.6000,0.6000,1.1000,0.00000000,0.07319475,0.12589500,0.00487965,0.00000000,0.22056020,0.33084030,1.17876000,0.00036630,0.00091575,0.00488400,0.02722830,3.70070400,3.31096100,1.79096300,1.10476100,0.61538400,1.10146400,0.79999920,0.72043880,3.30127900,3.30402600,0.79941320,4.94058000,4.94326000,0.00854700, 2, 255, 7, 24,0x50000,No,No,No,No,No,Yes,No,Yes
2026-04-11 12:13:30,0.0,1500,500,,500,500,44,,200,,,648,,50.5,0.7200,0.6000,0.6000,1.1000,0.00000000,0.07221882,0.12491900,0.00487965,0.00000000,0.20982490,0.32888840,1.17876000,0.00054945,0.00091575,0.00409035,0.02722830,3.70070400,3.31281700,1.79828900,1.11062200,0.61648290,1.10036500,0.80073180,0.72017020,3.30402600,3.30311000,0.79853400,4.92852000,4.90842000,0.00854700, 2, 255, 7, 24,0x50000,No,No,No,No,No,Yes,No,Yes
2026-04-11 12:13:32,0.0,1500,500,,500,500,44,,200,,,648,,51.0,0.7200,0.6000,0.6000,1.1000,0.00000000,0.07514661,0.12687090,0.00292779,0.00000000,0.20982490,0.32888840,1.16983000,0.00054945,0.00079365,0.00409035,0.02722830,3.69977600,3.31374500,1.79926600,1.10219700,0.61428510,1.10366200,0.80073180,0.72017020,3.30219400,3.30311000,0.79912020,4.94058000,4.93254000,0.00854700, 2, 255, 7, 24,0x50000,No,No,No,No,No,Yes,No,Yes
2026-04-11 12:13:35,0.0,1500,500,,500,500,44,,200,,,648,,50.5,0.7200,0.6000,0.6000,1.1000,0.00000000,0.07221882,0.12491900,0.00585558,0.00000000,0.20982490,0.33279210,1.17876000,0.00048840,0.00079365,0.00445665,0.02735040,3.69884800,3.31467300,1.80659200,1.10439400,0.61611660,1.10366200,0.80036550,0.72043880,3.30311000,3.30494200,0.79941320,4.93522000,4.94326000,0.00854700, 2, 255, 7, 24,0x50000,No,No,No,No,No,Yes,No,Yes
2026-04-11 12:13:37,0.0,1500,500,,500,500,44,,200,,,648,,50.5,0.7200,0.6000,0.6000,1.1000,0.05172429,0.07319475,0.12687090,0.00780744,0.00000000,0.20787310,0.33279210,1.15197000,0.00054945,0.00091575,0.00384615,0.02747250,3.70163200,3.30910500,1.80024200,1.10439400,0.61391880,1.10292900,0.79963290,0.72043880,3.30311000,3.30311000,0.79970620,4.90708000,4.90708000,0.00854700, 2, 255, 7, 24,0x50000,No,No,No,No,No,Yes,No,Yes
2026-04-11 12:13:39,0.0,1500,500,,500,500,44,,200,,,648,,51.0,0.7200,0.6000,0.6000,1.1000,0.00000000,0.07124290,0.12784680,0.00097593,0.00000000,0.21080090,0.33181620,1.17876000,0.00054945,0.00091575,0.00384615,0.02673990,3.69884800,3.31281700,1.80610300,1.10146400,0.61648290,1.10366200,0.79999920,0.71990160,3.29944700,3.30402600,0.79941320,4.94326000,4.94594000,0.00854700, 2, 255, 7, 24,0x50000,No,No,No,No,No,Yes,No,Yes
2026-04-11 12:13:41,0.0,1500,500,,500,500,43,,200,,,648,,49.9,0.7200,0.6000,0.6000,1.1000,0.00097593,0.07124290,0.12784680,0.00487965,0.00000000,0.20884900,0.33181620,1.17876000,0.00042735,0.00079365,0.00439560,0.02735040,3.69884800,3.31096100,1.79096300,1.10769100,0.61648290,1.10292900,0.79963290,0.72017020,3.30311000,3.30402600,0.79941320,4.94460000,4.94192000,0.00854700, 2, 255, 7, 24,0x50000,No,No,No,No,No,Yes,No,Yes
2026-04-11 12:13:43,0.0,1500,500,,500,500,44,,200,,,648,,49.9,0.7200,0.6000,0.6000,1.1000,0.00000000,0.07417068,0.12784680,0.00780744,0.00000000,0.20689720,0.33474400,1.17876000,0.00036630,0.00042735,0.00439560,0.02710620,3.69884800,3.31374500,1.79096300,1.10439400,0.61648290,1.10146400,0.79999920,0.72017020,3.30219400,3.30402600,0.79941320,4.90172000,4.91110000,0.00854700, 2, 255, 7, 24,0x50000,No,No,No,No,No,Yes,No,Yes
2026-04-11 12:13:45,0.0,1500,500,,500,500,44,,200,,,648,,49.4,0.7200,0.6000,0.6000,1.1000,0.00000000,0.07417068,0.12687090,0.00585558,0.00000000,0.22934360,0.33376810,1.17876000,0.00048840,0.00079365,0.00445665,0.02710620,3.69977600,3.32209700,1.79096300,1.10622600,0.61538400,1.10256300,0.80036550,0.72097620,3.30402600,3.30311000,0.79941320,4.94594000,4.94728000,0.00854700, 2, 255, 7, 24,0x50000,No,No,No,No,No,Yes,No,Yes
2026-04-11 12:13:47,0.0,1500,500,,500,500,44,,200,,,648,,49.9,0.7200,0.6000,0.6000,1.1000,0.00000000,0.07221882,0.12589500,0.00683151,0.00000000,0.21080090,0.33376810,1.17876000,0.00048840,0.00091575,0.00488400,0.02783880,3.69884800,3.35550300,1.80610300,1.10183000,0.61611660,1.10256300,0.79963290,0.72070740,3.30127900,3.30402600,0.79941320,4.94058000,4.94460000,0.00854700, 2, 255, 7, 24,0x50000,No,No,No,No,No,Yes,No,Yes
2026-04-11 12:13:50,0.0,1500,500,,500,500,44,,200,,,648,,50.5,0.7200,0.6000,0.6000,1.1000,0.06441138,0.07612254,0.12687090,0.00878337,0.00000000,0.20982490,0.33084030,1.17876000,0.00036630,0.00079365,0.00445665,0.02710620,3.69606400,3.31838500,1.79096300,1.10476100,0.61575030,1.10329600,0.80073180,0.72017020,3.30402600,3.30402600,0.79853400,4.90306000,4.90306000,0.00854700, 2, 255, 7, 24,0x50000,No,No,No,No,No,Yes,No,Yes
2026-04-11 12:13:52,0.0,1500,500,,500,500,43,,200,,,648,,51.0,0.7200,0.6000,0.6000,1.1000,0.00000000,0.07417068,0.12687090,0.00585558,0.00000000,0.21080090,0.33084030,1.16983000,0.00054945,0.00079365,0.00433455,0.02710620,3.69977600,3.31003300,1.80024200,1.10292900,0.61501770,1.10402800,0.79890030,0.72070740,3.30219400,3.30311000,0.79912020,4.94996000,4.94594000,0.00854700, 2, 255, 7, 24,0x50000,No,No,No,No,No,Yes,No,Yes
2026-04-11 12:13:54,0.0,1500,500,,500,500,44,,200,,,648,,50.5,0.7200,0.6000,0.6000,1.1000,0.00000000,0.08100219,0.12687090,0.00683151,0.00000000,0.21177680,0.33181620,1.16983000,0.00048840,0.00079365,0.00433455,0.02735040,3.69884800,3.35735900,1.80659200,1.10476100,0.61611660,1.10476100,0.80036550,0.72070740,3.30219400,3.30494200,0.79970620,4.94058000,4.94594000,0.00854700, 2, 255, 7, 24,0x50000,No,No,No,No,No,Yes,No,Yes
2026-04-11 12:13:56,0.0,1500,500,,500,500,44,,200,,,648,,49.9,0.7200,0.6000,0.6000,1.1000,0.00000000,0.07417068,0.12784680,0.00585558,0.00000000,0.21275270,0.33084030,1.17876000,0.00054945,0.00079365,0.00421245,0.02710620,3.70070400,3.31003300,1.80024200,1.10292900,0.61648290,1.10256300,0.80036550,0.72043880,3.30311000,3.30402600,0.79941320,4.94058000,4.94594000,0.00854700, 2, 255, 7, 24,0x50000,No,No,No,No,No,Yes,No,Yes
2026-04-11 12:13:58,0.0,1500,500,,500,500,43,,200,,,648,,51.0,0.7200,0.6000,0.6000,1.1000,0.00195186,0.06831510,0.12589500,0.00487965,0.00000000,0.21177680,0.33376810,1.16983000,0.00054945,0.00091575,0.00409035,0.02759460,3.69977600,3.31931300,1.79926600,1.10805800,0.60805800,1.10183000,0.80073180,0.72043880,3.30219400,3.30402600,0.79912020,4.94728000,4.93388000,0.00854700, 2, 255, 7, 24,0x50000,No,No,No,No,No,Yes,No,Yes
2026-04-11 12:14:00,0.0,1500,500,,500,500,44,,200,,,648,,51.6,0.7200,0.6000,0.6000,1.1000,0.00000000,0.07124290,0.12687090,0.00487965,0.00000000,0.21275270,0.32888840,1.17876000,0.00048840,0.00079365,0.00409035,0.02735040,3.69977600,3.30168200,1.79828900,1.10695900,0.61575030,1.10366200,0.79999920,0.72097620,3.29944700,3.30494200,0.79912020,4.93924000,4.94594000,0.00854700, 2, 255, 7, 24,0x50000,No,No,No,No,No,Yes,No,Yes
2026-04-11 12:14:02,0.0,1500,500,,500,500,44,,200,,,648,,50.5,0.7200,0.6000,0.6000,1.1000,0.05074836,0.08002626,0.12687090,0.00487965,0.00000000,0.20884900,0.33376810,1.16983000,0.00048840,0.00079365,0.00421245,0.02747250,3.69606400,3.31096100,1.80659200,1.10695900,0.61575030,1.10146400,0.79999920,0.72070740,3.30127900,3.30494200,0.79941320,4.95264000,4.94326000,0.00854700, 2, 255, 7, 24,0x50000,No,No,No,No,No,Yes,No,Yes
2026-04-11 12:14:05,0.0,1500,500,,500,500,44,,200,,,648,,51.0,0.7200,0.6000,0.6000,1.1000,0.00097593,0.07417068,0.12979870,0.00585558,0.00000000,0.23031950,0.32986440,1.17876000,0.00036630,0.00054945,0.00402930,0.02710620,3.69884800,3.31838500,1.78852100,1.10805800,0.61428510,1.10256300,0.79890030,0.72097620,3.30127900,3.30402600,0.79882700,4.94192000,4.95130000,0.00940170, 2, 255, 7, 24,0x50000,No,No,No,No,No,Yes,No,Yes
2026-04-11 12:14:07,0.0,1500,500,,500,500,44,,200,,,648,,51.0,0.7200,0.6000,0.6000,1.1000,0.00195186,0.07514661,0.12687090,0.00585558,0.00000000,0.21080090,0.33376810,1.16983000,0.00054945,0.00085470,0.00445665,0.02722830,3.70070400,3.32766400,1.79828900,1.10146400,0.61575030,1.10146400,0.80109810,0.72097620,3.30219400,3.30402600,0.80058540,4.94326000,4.94326000,0.00940170, 2, 255, 7, 24,0x50000,No,No,No,No,No,Yes,No,Yes
2026-04-11 12:14:09,0.0,1500,500,,500,500,44,,200,,,648,,51.0,0.7200,0.6000,0.6000,1.1000,0.00097593,0.07319475,0.12687090,0.00585558,0.00000000,0.20884900,0.33376810,1.16983000,0.00054945,0.00067155,0.00500610,0.02735040,3.70070400,3.32952100,1.80024200,1.10732500,0.61575030,1.10256300,0.79926660,0.72043880,3.30219400,3.30494200,0.79912020,4.94996000,4.94996000,0.00854700, 2, 255, 7, 24,0x50000,No,No,No,No,No,Yes,No,Yes
2026-04-11 12:14:11,0.0,1500,500,,500,500,44,,200,,,648,,50.5,0.7200,0.6000,0.6000,1.1000,0.00000000,0.06733918,0.12589500,0.00487965,0.00000000,0.21372870,0.33376810,1.18769000,0.00054945,0.00085470,0.00421245,0.02710620,3.69792000,3.31838500,1.79926600,1.10695900,0.61648290,1.10073200,0.79999920,0.72043880,3.30219400,3.30402600,0.79912020,4.94996000,4.93924000,0.00854700, 2, 255, 7, 24,0x50000,No,No,No,No,No,Yes,No,Yes
2026-04-11 12:14:13,0.0,1500,500,,500,500,44,,200,,,648,,51.0,0.7200,0.6000,0.6000,1.1000,0.00097593,0.07319475,0.12687090,0.00683151,0.00000000,0.21275270,0.32888840,1.16983000,0.00048840,0.00079365,0.00421245,0.02710620,3.70070400,3.30910500,1.80024200,1.10805800,0.61501770,1.10146400,0.79926660,0.72043880,3.30219400,3.30494200,0.79912020,4.94728000,4.94728000,0.00854700, 2, 255, 7, 24,0x50000,No,No,No,No,No,Yes,No,Yes
2026-04-11 12:14:15,0.0,1500,500,,500,500,43,,200,,,648,,49.4,0.7200,0.6000,0.6000,1.1000,0.04977243,0.07319475,0.12687090,0.00683151,0.00000000,0.20884900,0.33181620,1.17876000,0.00036630,0.00042735,0.00409035,0.02722830,3.69792000,3.32952100,1.79828900,1.10769100,0.61465140,1.09999900,0.79926660,0.72070740,3.30219400,3.30494200,0.79912020,4.92852000,4.93924000,0.00854700, 2, 255, 7, 24,0x50000,No,No,No,No,No,Yes,No,Yes
2026-04-11 12:14:17,0.0,1500,500,,500,500,44,,200,,,648,,49.9,0.7200,0.6000,0.6000,1.1000,0.00097593,0.08002626,0.12784680,0.00292779,0.00000000,0.20884900,0.33181620,1.22341000,0.00054945,0.00091575,0.00409035,0.02722830,3.70070400,3.31374500,1.80024200,1.10292900,0.61721550,1.10512700,0.79926660,0.72070740,3.30219400,3.30311000,0.79912020,4.93924000,4.93924000,0.00854700, 2, 255, 7, 24,0x50000,No,No,No,No,No,Yes,No,Yes
2026-04-11 12:14:20,0.0,1500,500,,500,500,43,,200,,,648,,49.9,0.7200,0.6000,0.6000,1.1000,0.00097593,0.06636324,0.12687090,0.00975930,0.00000000,0.21177680,0.32986440,1.16983000,0.00048840,0.00067155,0.00421245,0.02698410,3.69977600,3.31374500,1.78754400,1.10622600,0.61355250,1.10146400,0.79926660,0.72097620,3.30219400,3.30311000,0.79882700,4.93656000,4.94996000,0.00854700, 2, 255, 7, 24,0x50000,No,No,No,No,No,Yes,No,Yes
2026-04-11 12:14:22,0.0,1500,500,,500,500,43,,200,,,648,,51.0,0.7200,0.6000,0.6000,1.1000,0.00000000,0.07319475,0.12784680,0.00585558,0.00000000,0.21080090,0.33181620,1.17876000,0.00054945,0.00091575,0.00409035,0.02735040,3.70070400,3.31838500,1.80024200,1.10769100,0.61501770,1.10292900,0.79963290,0.72070740,3.30127900,3.30402600,0.79912020,4.94728000,4.95264000,0.00940170, 2, 255, 7, 24,0x50000,No,No,No,No,No,Yes,No,Yes
2026-04-11 12:14:24,0.0,1500,500,,500,500,44,,200,,,648,,49.9,0.7200,0.6000,0.6000,1.1000,0.00000000,0.07221882,0.12882280,0.00487965,0.00000000,0.22934360,0.33084030,1.16983000,0.00048840,0.00079365,0.00488400,0.02710620,3.70163200,3.32766400,1.79828900,1.10695900,0.61611660,1.10256300,0.79926660,0.72017020,3.29944700,3.30402600,0.79941320,4.94996000,4.95532000,0.00854700, 2, 255, 7, 24,0x50000,No,No,No,No,No,Yes,No,Yes
2026-04-11 12:14:26,0.0,1500,500,,500,500,44,,200,,,648,,49.9,0.7200,0.6000,0.6000,1.1000,0.05074836,0.07319475,0.12687090,0.00585558,0.00000000,0.20982490,0.33084030,1.16983000,0.00036630,0.00079365,0.00439560,0.02698410,3.69977600,3.32209700,1.80024200,1.10769100,0.61538400,1.10329600,0.79890030,0.72043880,3.30219400,3.30494200,0.79912020,4.93120000,4.93924000,0.00854700, 2, 255, 7, 24,0x50000,No,No,No,No,No,Yes,No,Yes
2026-04-11 12:14:28,0.0,1500,500,,500,500,44,,200,,,648,,49.9,0.7200,0.6000,0.6000,1.1000,0.00097593,0.07319475,0.12882280,0.00780744,0.00000000,0.21080090,0.33181620,1.17876000,0.00036630,0.00042735,0.00488400,0.02759460,3.69977600,3.32580900,1.79828900,1.10732500,0.61684920,1.10292900,0.80073180,0.72043880,3.30219400,3.30311000,0.79912020,4.94996000,4.95264000,0.00854700, 2, 255, 7, 24,0x50000,No,No,No,No,No,Yes,No,Yes
2026-04-11 12:14:30,0.0,1500,500,,500,500,44,,200,,,648,,50.5,0.7200,0.6000,0.6000,1.1000,0.00000000,0.07417068,0.12687090,0.00195186,0.00000000,0.20982490,0.33376810,1.17876000,0.00054945,0.00091575,0.00433455,0.02710620,3.70070400,3.31374500,1.79828900,1.10512700,0.61611660,1.10146400,0.79999920,0.72070740,3.30311000,3.30494200,0.79970620,4.94594000,4.94996000,0.00854700, 2, 255, 7, 24,0x50000,No,No,No,No,No,Yes,No,Yes
2026-04-11 12:14:32,0.0,1500,500,,500,500,44,,200,,,648,,50.5,0.7200,0.6000,0.6000,1.1000,0.05172429,0.08002626,0.12784680,0.00487965,0.00000000,0.21080090,0.32888840,1.18769000,0.00036630,0.00042735,0.00488400,0.02673990,3.69977600,3.32580900,1.79828900,1.10805800,0.61648290,1.10476100,0.80073180,0.72017020,3.30311000,3.30494200,0.79912020,4.94996000,4.94594000,0.00854700, 2, 255, 7, 24,0x50000,No,No,No,No,No,Yes,No,Yes
2026-04-11 12:14:35,0.0,1500,500,,500,500,44,,200,,,648,,50.5,0.7200,0.6000,0.6000,1.1000,0.00195186,0.07026696,0.12784680,0.00585558,0.00000000,0.20884900,0.33084030,1.18769000,0.00054945,0.00091575,0.00421245,0.02747250,3.69699300,3.32952100,1.80024200,1.10439400,0.61611660,1.10476100,0.80073180,0.72070740,3.30311000,3.30494200,0.79912020,4.94996000,4.94996000,0.00854700, 2, 255, 7, 24,0x50000,No,No,No,No,No,Yes,No,Yes
2026-04-11 12:14:37,0.0,1500,500,,500,500,44,,200,,,648,,51.6,0.7200,0.6000,0.6000,1.1000,0.00000000,0.07124290,0.12589500,0.00390372,0.00000000,0.20982490,0.33084030,1.17876000,0.00036630,0.00079365,0.00445665,0.02673990,3.70163200,3.31281700,1.79828900,1.10769100,0.61611660,1.10476100,0.79926660,0.72070740,3.30219400,3.30494200,0.79941320,4.93924000,4.94058000,0.00940170, 2, 255, 7, 24,0x50000,No,No,No,No,No,Yes,No,Yes
2026-04-11 12:14:39,0.0,1500,500,,500,500,44,,200,,,648,,49.4,0.7200,0.6000,0.6000,1.1000,0.05074836,0.07417068,0.12687090,0.00585558,0.00000000,0.20982490,0.32986440,1.17876000,0.00054945,0.00091575,0.00488400,0.02710620,3.70070400,3.30910500,1.80024200,1.10549400,0.61465140,1.10402800,0.79999920,0.72043880,3.29944700,3.30311000,0.79970620,4.93120000,4.94996000,0.00854700, 2, 255, 7, 24,0x50000,No,No,No,No,No,Yes,No,Yes
2026-04-11 12:14:41,0.0,1500,500,,500,500,43,,200,,,648,,48.8,0.7200,0.6000,0.6000,1.1000,0.05270022,0.13565430,0.12394310,0.00683151,0.00000000,0.21080090,0.33084030,1.17876000,0.00036630,0.00079365,0.00457875,0.02673990,3.70070400,3.32766400,1.79828900,1.10769100,0.61391880,1.10146400,0.79926660,0.72070740,3.30311000,3.30494200,0.79970620,4.93924000,4.92450000,0.00854700, 2, 255, 7, 24,0x50000,No,No,No,No,No,Yes,No,Yes
2026-04-11 12:14:43,0.0,1500,500,,500,500,44,,200,,,648,,51.0,0.7200,0.6000,0.6000,1.1000,0.05074836,0.08197812,0.12589500,0.00195186,0.00000000,0.20982490,0.33376810,1.17876000,0.00054945,0.00091575,0.00409035,0.02747250,3.70070400,3.31467300,1.79828900,1.10402800,0.61575030,1.10073200,0.79926660,0.72043880,3.30127900,3.30402600,0.79941320,4.94594000,4.94192000,0.00854700, 2, 255, 7, 24,0x50000,No,No,No,No,No,Yes,No,Yes
2026-04-11 12:14:45,0.0,1500,500,,500,500,44,,200,,,648,,51.0,0.7200,0.6000,0.6000,1.1000,0.05270022,0.10930420,0.15517290,0.00878337,0.00000000,0.20982490,0.33376810,1.17876000,0.00054945,0.00067155,0.00445665,0.02710620,3.70256000,3.31188900,1.79389300,1.10695900,0.61648290,1.10073200,0.80073180,0.72097620,3.30402600,3.30402600,0.79882700,4.91378000,4.92182000,0.00854700, 2, 255, 7, 24,0x50000,No,No,No,No,No,Yes,No,Yes
2026-04-11 12:14:47,0.0,1500,500,,500,500,44,,200,,,648,,49.9,0.7200,0.6000,0.6000,1.1000,0.00000000,0.07124290,0.12687090,0.00683151,0.00000000,0.21275270,0.33181620,1.16983000,0.00036630,0.00042735,0.00445665,0.02722830,3.70070400,3.31003300,1.79828900,1.10695900,0.61538400,1.10329600,0.79926660,0.72070740,3.30219400,3.30494200,0.79853400,4.93388000,4.94058000,0.00940170, 2, 255, 7, 24,0x50000,No,No,No,No,No,Yes,No,Yes
2026-04-11 12:14:50,0.0,1500,500,,500,500,44,,200,,,648,,51.0,0.7200,0.6000,0.6000,1.1000,0.00000000,0.06831510,0.12687090,0.00585558,0.00000000,0.21275270,0.33181620,1.17876000,0.00036630,0.00079365,0.00445665,0.02735040,3.70070400,3.30168200,1.80024200,1.10769100,0.61611660,1.10146400,0.79999920,0.72070740,3.30127900,3.30402600,0.79912020,4.94058000,4.94058000,0.00854700, 2, 255, 7, 24,0x50000,No,No,No,No,No,Yes,No,Yes
2026-04-11 12:14:52,0.0,1500,500,,500,500,44,,200,,,648,,49.9,0.7200,0.6000,0.6000,1.1000,0.05270022,0.07221882,0.12589500,0.00390372,0.00000000,0.21275270,0.33084030,1.17876000,0.00054945,0.00067155,0.00451770,0.02710620,3.70070400,3.31003300,1.79926600,1.11062200,0.61428510,1.10402800,0.80073180,0.72043880,3.30219400,3.30402600,0.79912020,4.93120000,4.94192000,0.00854700, 2, 255, 7, 24,0x50000,No,No,No,No,No,Yes,No,Yes
2026-04-11 12:14:54,0.0,1500,500,,500,500,44,,200,,,648,,50.5,0.7200,0.6000,0.6000,1.1000,0.00000000,0.07124290,0.12687090,0.00390372,0.00000000,0.20982490,0.32986440,1.17876000,0.00048840,0.00067155,0.00488400,0.02759460,3.69884800,3.31003300,1.80024200,1.10439400,0.61501770,1.10329600,0.79963290,0.72043880,3.30219400,3.30311000,0.79912020,4.93120000,4.94460000,0.00854700, 2, 255, 7, 24,0x50000,No,No,No,No,No,Yes,No,Yes
2026-04-11 12:14:56,0.0,1500,500,,500,500,44,,200,,,648,,49.9,0.7200,0.6000,0.6000,1.1000,0.00000000,0.06929103,0.12687090,0.00585558,0.00000000,0.20982490,0.32986440,1.17876000,0.00054945,0.00091575,0.00384615,0.02722830,3.70070400,3.30168200,1.80024200,1.11062200,0.61538400,1.10146400,0.79963290,0.72070740,3.30311000,3.30494200,0.79999920,4.94058000,4.93924000,0.00854700, 2, 255, 7, 24,0x50000,No,No,No,No,No,Yes,No,Yes
2026-04-11 12:14:58,0.0,1500,500,,500,500,44,,200,,,648,,51.0,0.7200,0.6000,0.6000,1.1000,0.00000000,0.07319475,0.12687090,0.00585558,0.00000000,0.23227130,0.32986440,1.18769000,0.00048840,0.00079365,0.00445665,0.02710620,3.69977600,3.30632200,1.79828900,1.10695900,0.61575030,1.10256300,0.80036550,0.72043880,3.30219400,3.30311000,0.79941320,4.94996000,4.94594000,0.00854700, 2, 255, 7, 24,0x50000,No,No,No,No,No,Yes,No,Yes
2026-04-11 12:15:00,0.0,1500,500,,500,500,44,,200,,,648,,49.9,0.7200,0.6000,0.6000,1.1000,0.00195186,0.07319475,0.12589500,0.00878337,0.00000000,0.20689720,0.33181620,1.17876000,0.00048840,0.00079365,0.00439560,0.02747250,3.70070400,3.32766400,1.80610300,1.10695900,0.61611660,1.10292900,0.79963290,0.72070740,3.30219400,3.30494200,0.79970620,4.94460000,4.94058000,0.00940170, 2, 255, 7, 24,0x50000,No,No,No,No,No,Yes,No,Yes
2026-04-11 12:15:02,0.0,1500,500,,500,500,44,,200,,,648,,50.5,0.7200,0.6000,0.6000,1.1000,0.00097593,0.07417068,0.12784680,0.00683151,0.00000000,0.21275270,0.33181620,1.17876000,0.00048840,0.00091575,0.00439560,0.02710620,3.70070400,3.31188900,1.80610300,1.10769100,0.61648290,1.10402800,0.80036550,0.72017020,3.30311000,3.30494200,0.79912020,4.94728000,4.93522000,0.00854700, 2, 255, 7, 24,0x50000,No,No,No,No,No,Yes,No,Yes
2026-04-11 12:15:05,0.0,1500,500,,500,500,44,,200,,,648,,50.5,0.7200,0.6000,0.6000,1.1000,0.00000000,0.07124290,0.12491900,0.00195186,0.00000000,0.22934360,0.33279210,1.16983000,0.00054945,0.00079365,0.00421245,0.02698410,3.69977600,3.30168200,1.80024200,1.10439400,0.61575030,1.10402800,0.79926660,0.72070740,3.30127900,3.30402600,0.79941320,4.93522000,4.94862000,0.00854700, 2, 255, 7, 24,0x50000,No,No,No,No,No,Yes,No,Yes
2026-04-11 12:15:07,0.0,1500,500,,500,500,44,,200,,,648,,49.4,0.7200,0.6000,0.6000,1.1000,0.00292779,0.07905034,0.12687090,0.00975930,0.00000000,0.21080090,0.33084030,1.17876000,0.00048840,0.00079365,0.00439560,0.02747250,3.69977600,3.31374500,1.79828900,1.10879000,0.61684920,1.10549400,0.80073180,0.72043880,3.30219400,3.30311000,0.79912020,4.94460000,4.94594000,0.00854700, 2, 255, 7, 24,0x50000,No,No,No,No,No,Yes,No,Yes
2026-04-11 12:15:09,0.0,1500,500,,500,500,44,,200,,,648,,51.0,0.7200,0.6000,0.6000,1.1000,0.00000000,0.07124290,0.12784680,0.00487965,0.00000000,0.21470460,0.33084030,1.16983000,0.00054945,0.00091575,0.00421245,0.02722830,3.69792000,3.31003300,1.79828900,1.10292900,0.61684920,1.10476100,0.79963290,0.72043880,3.30219400,3.30311000,0.79853400,4.94058000,4.94460000,0.00854700, 2, 255, 7, 24,0x50000,No,No,No,No,No,Yes,No,Yes
2026-04-11 12:15:11,0.0,1500,500,,500,500,44,,200,,,648,,51.0,0.7200,0.6000,0.6000,1.1000,0.00000000,0.07319475,0.12784680,0.00292779,0.00000000,0.21080090,0.33181620,1.16983000,0.00036630,0.00042735,0.00409035,0.02710620,3.70070400,3.32766400,1.79828900,1.10769100,0.61501770,1.10476100,0.79926660,0.72043880,3.30219400,3.30494200,0.79912020,4.93924000,4.94594000,0.00854700, 2, 255, 7, 24,0x50000,No,No,No,No,No,Yes,No,Yes
2026-04-11 12:15:13,0.0,1500,500,,500,500,44,,200,,,648,,49.4,0.7200,0.6000,0.6000,1.1000,0.00000000,0.07319475,0.12687090,0.00683151,0.00000000,0.20884900,0.33181620,1.16983000,0.00054945,0.00042735,0.00409035,0.02710620,3.69884800,3.31838500,1.79828900,1.10769100,0.61648290,1.10329600,0.80036550,0.72070740,3.30311000,3.30402600,0.79941320,4.94058000,4.93924000,0.00940170, 2, 255, 7, 24,0x50000,No,No,No,No,No,Yes,No,Yes
2026-04-11 12:15:15,0.0,1500,500,,500,500,44,,200,,,648,,51.0,0.7200,0.6000,0.6000,1.1000,0.00000000,0.07417068,0.12394310,0.00683151,0.00000000,0.20884900,0.33084030,1.18769000,0.00054945,0.00067155,0.00421245,0.02735040,3.69977600,3.29518600,1.78900900,1.10292900,0.61575030,1.10073200,0.79890030,0.72043880,3.30219400,3.30311000,0.79882700,4.94728000,4.94996000,0.00854700, 2, 255, 7, 24,0x50000,No,No,No,No,No,Yes,No,Yes
2026-04-11 12:15:17,0.0,1500,500,,500,500,44,,200,,,648,,51.0,0.7200,0.6000,0.6000,1.1000,0.04977243,0.07319475,0.12784680,0.00585558,0.00000000,0.22056020,0.33181620,1.17876000,0.00048840,0.00079365,0.00445665,0.02747250,3.69792000,3.32024100,1.79828900,1.10219700,0.61465140,1.10256300,0.80036550,0.72070740,3.30219400,3.30402600,0.79941320,4.93120000,4.94326000,0.00940170, 2, 255, 7, 24,0x50000,No,No,No,No,No,Yes,No,Yes
2026-04-11 12:15:19,0.0,1500,500,,500,500,44,,200,,,648,,49.9,0.7200,0.6000,0.6000,1.1000,0.00000000,0.07417068,0.12687090,0.00390372,0.00000000,0.20787310,0.33084030,1.17876000,0.00054945,0.00091575,0.00433455,0.02710620,3.70163200,3.32766400,1.79828900,1.10439400,0.61575030,1.10109800,0.79926660,0.72070740,3.29944700,3.30494200,0.79941320,4.93924000,4.94594000,0.00854700, 2, 255, 7, 24,0x50000,No,No,No,No,No,Yes,No,Yes
2026-04-11 12:15:22,0.0,1500,500,,500,500,44,,200,,,648,,49.9,0.7200,0.6000,0.6000,1.1000,0.00000000,0.07026696,0.12687090,0.00487965,0.00000000,0.20982490,0.32888840,1.17876000,0.00048840,0.00091575,0.00409035,0.02722830,3.69884800,3.32952100,1.80024200,1.10512700,0.61684920,1.10109800,0.80073180,0.72043880,3.30219400,3.30311000,0.79912020,4.94996000,4.92986000,0.00854700, 2, 255, 7, 24,0x50000,No,No,No,No,No,Yes,No,Yes
2026-04-11 12:15:24,0.0,1500,500,,500,500,44,,200,,,648,,50.5,0.7200,0.6000,0.6000,1.1000,0.00000000,0.07221882,0.12784680,0.00683151,0.00000000,0.21177680,0.32888840,1.18769000,0.00036630,0.00091575,0.00409035,0.02735040,3.70163200,3.32580900,1.80024200,1.10732500,0.61501770,1.10366200,0.80073180,0.72043880,3.30219400,3.30585700,0.79882700,4.94728000,4.94996000,0.00854700, 2, 255, 7, 24,0x50000,No,No,No,No,No,Yes,No,Yes
2026-04-11 12:15:26,0.0,1500,500,,500,500,44,,200,,,648,,51.0,0.7200,0.6000,0.6000,1.1000,0.00000000,0.06733918,0.12687090,0.00683151,0.00000000,0.20884900,0.39037200,1.17876000,0.00036630,0.00067155,0.00586080,0.02747250,3.69792000,3.30632200,1.79926600,1.10402800,0.61575030,1.10366200,0.79963290,0.72043880,3.30219400,3.30402600,0.79882700,4.94728000,4.94996000,0.00854700, 2, 255, 7, 24,0x50000,No,No,No,No,No,Yes,No,Yes
2026-04-11 12:15:28,0.0,1500,500,,500,500,44,,200,,,648,,50.5,0.7200,0.6000,0.6000,1.1000,0.04977243,0.07417068,0.12784680,0.00585558,0.00000000,0.20982490,0.33376810,1.16983000,0.00048840,0.00067155,0.00402930,0.02710620,3.69977600,3.29982600,1.78852100,1.10915600,0.61428510,1.10366200,0.79926660,0.72043880,3.30219400,3.30311000,0.79882700,4.92986000,4.94192000,0.00854700, 2, 255, 7, 24,0x50000,No,No,No,No,No,Yes,No,Yes
2026-04-11 12:15:30,0.0,1500,500,,500,500,44,,200,,,648,,49.9,0.7200,0.6000,0.6000,1.1000,0.00097593,0.07124290,0.12589500,0.00487965,0.00000000,0.20982490,0.33181620,1.17876000,0.00054945,0.00085470,0.00384615,0.02735040,3.69884800,3.31281700,1.80024200,1.10769100,0.61538400,1.10183000,0.80073180,0.72043880,3.30219400,3.30311000,0.79912020,4.94996000,4.94996000,0.00940170, 2, 255, 7, 24,0x50000,No,No,No,No,No,Yes,No,Yes
2026-04-11 12:15:32,0.0,1500,500,,500,500,44,,200,,,648,,49.9,0.7200,0.6000,0.6000,1.1000,0.00000000,0.11028010,0.15907660,0.00585558,0.00000000,0.20982490,0.32888840,1.16983000,0.00048840,0.00067155,0.00439560,0.02722830,3.69884800,3.29518600,1.79096300,1.10988900,0.61575030,1.10146400,0.79999920,0.72043880,3.30127900,3.30402600,0.79853400,4.92450000,4.92718000,0.00940170, 2, 255, 7, 24,0x50000,No,No,No,No,No,Yes,No,Yes
2026-04-11 12:15:34,0.0,1500,500,,500,500,44,,200,,,648,,49.9,0.7200,0.6000,0.6000,1.1000,0.00878337,0.07026696,0.12784680,0.00585558,0.00000000,0.21177680,0.32986440,1.17876000,0.00067155,0.00091575,0.00494505,0.02759460,3.70070400,3.32766400,1.79828900,1.10769100,0.61575030,1.10329600,0.79890030,0.72017020,3.30311000,3.30402600,0.79941320,4.94058000,4.94058000,0.00854700, 2, 255, 7, 24,0x50000,No,No,No,No,No,Yes,No,Yes
2026-04-11 12:15:37,0.0,1500,500,,500,500,44,,200,,,648,,51.0,0.7200,0.6000,0.6000,1.1000,0.00097593,0.08295405,0.12687090,0.00390372,0.00000000,0.21080090,0.33084030,1.16983000,0.00048840,0.00067155,0.00433455,0.02735040,3.69977600,3.30168200,1.79926600,1.10439400,0.61684920,1.10146400,0.79926660,0.72070740,3.30219400,3.30585700,0.79912020,4.94728000,4.93120000,0.00940170, 2, 255, 7, 24,0x50000,No,No,No,No,No,Yes,No,Yes
2026-04-11 12:15:39,0.0,1500,500,,500,500,44,,200,,,648,,51.0,0.7200,0.6000,0.6000,1.1000,0.05074836,0.07221882,0.12589500,0.00487965,0.00000000,0.22153610,0.33181620,1.17876000,0.00054945,0.00091575,0.00439560,0.02710620,3.70070400,3.31838500,1.80024200,1.10695900,0.61648290,1.10256300,0.79963290,0.72017020,3.30127900,3.30494200,0.79882700,4.93388000,4.92986000,0.00854700, 2, 255, 7, 24,0x50000,No,No,No,No,No,Yes,No,Yes
2026-04-11 12:15:41,0.0,1500,500,,500,500,44,,200,,,648,,51.6,0.7200,0.6000,0.6000,1.1000,0.04586871,0.07417068,0.12687090,0.00487965,0.00000000,0.20884900,0.33084030,1.18769000,0.00042735,0.00054945,0.00409035,0.02722830,3.69977600,3.31188900,1.78852100,1.10915600,0.61391880,1.10476100,0.79963290,0.72043880,3.30219400,3.30585700,0.79941320,4.94728000,4.94996000,0.00854700, 2, 255, 7, 24,0x50000,No,No,No,No,No,Yes,No,Yes
2026-04-11 12:15:43,0.0,1500,500,,500,500,44,,200,,,648,,51.6,0.7200,0.6000,0.6000,1.1000,0.00097593,0.08295405,0.12687090,0.00585558,0.00000000,0.21275270,0.33181620,1.17876000,0.00048840,0.00091575,0.00421245,0.02722830,3.69977600,3.31281700,1.80659200,1.10219700,0.61648290,1.10292900,0.79999920,0.72043880,3.29944700,3.30494200,0.79970620,4.94594000,4.94192000,0.00940170, 2, 255, 7, 24,0x50000,No,No,No,No,No,Yes,No,Yes
2026-04-11 12:15:45,0.0,1500,500,,500,500,44,,200,,,648,,49.4,0.7200,0.6000,0.6000,1.1000,0.00097593,0.07319475,0.12491900,0.00780744,0.00000000,0.21080090,0.33181620,1.18769000,0.00036630,0.00067155,0.00409035,0.02747250,3.69977600,3.29889800,1.78852100,1.10695900,0.61538400,1.10366200,0.79890030,0.72097620,3.30219400,3.30585700,0.79912020,4.94192000,4.94192000,0.00854700, 2, 255, 7, 24,0x50000,No,No,No,No,No,Yes,No,Yes
2026-04-11 12:15:47,0.0,1500,500,,500,500,44,,200,,,648,,51.0,0.7200,0.6000,0.6000,1.1000,0.00097593,0.07319475,0.12491900,0.00780744,0.00000000,0.21860830,0.33376810,1.16983000,0.00054945,0.00091575,0.00433455,0.02722830,3.69792000,3.32580900,1.80024200,1.10256300,0.61721550,1.10256300,0.79963290,0.72017020,3.30311000,3.30402600,0.79999920,4.94058000,4.95264000,0.00854700, 2, 255, 7, 24,0x50000,No,No,No,No,No,Yes,No,Yes
2026-04-11 12:15:49,0.0,1500,500,,500,500,44,,200,,,648,,49.4,0.7200,0.6000,0.6000,1.1000,0.00097593,0.07221882,0.12784680,0.00683151,0.00000000,0.20884900,0.32888840,1.18769000,0.00054945,0.00091575,0.00409035,0.02710620,3.69792000,3.32952100,1.80024200,1.10695900,0.61465140,1.10329600,0.79926660,0.72070740,3.30311000,3.30402600,0.79941320,4.94058000,4.94594000,0.00940170, 2, 255, 7, 24,0x50000,No,No,No,No,No,Yes,No,Yes
2026-04-11 12:15:52,0.0,1500,500,,500,500,44,,200,,,648,,49.9,0.7200,0.6000,0.6000,1.1000,0.00000000,0.07417068,0.12589500,0.00585558,0.00000000,0.21275270,0.33376810,1.17876000,0.00054945,0.00091575,0.00427350,0.02735040,3.69792000,3.30910500,1.80024200,1.10476100,0.61501770,1.10366200,0.79926660,0.72017020,3.30311000,3.30402600,0.79941320,4.94058000,4.94326000,0.00854700, 2, 255, 7, 24,0x50000,No,No,No,No,No,Yes,No,Yes
2026-04-11 12:15:54,0.0,1500,500,,500,500,44,,200,,,648,,50.5,0.7200,0.6000,0.6000,1.1000,0.05074836,0.07221882,0.12687090,0.00683151,0.00000000,0.23031950,0.33084030,1.16983000,0.00048840,0.00067155,0.00433455,0.02722830,3.69792000,3.30910500,1.79926600,1.10695900,0.61684920,1.10476100,0.80036550,0.72097620,3.30219400,3.30585700,0.79912020,4.94728000,4.93656000,0.00854700, 2, 255, 7, 24,0x50000,No,No,No,No,No,Yes,No,Yes
2026-04-11 12:15:56,0.0,1500,500,,500,500,44,,200,,,648,,49.9,0.7200,0.6000,0.6000,1.1000,0.00000000,0.07319475,0.12687090,0.00195186,0.00000000,0.21275270,0.33376810,1.18769000,0.00048840,0.00079365,0.00439560,0.02710620,3.69977600,3.31838500,1.79828900,1.10769100,0.61575030,1.10256300,0.79963290,0.72070740,3.30219400,3.30494200,0.79941320,4.94460000,4.94594000,0.00854700, 2, 255, 7, 24,0x50000,No,No,No,No,No,Yes,No,Yes
2026-04-11 12:15:58,0.0,1500,500,,500,500,44,,200,,,648,,49.4,0.7200,0.6000,0.6000,1.1000,0.00195186,0.07319475,0.12687090,0.00487965,0.00000000,0.20787310,0.32888840,1.18769000,0.00048840,0.00091575,0.00409035,0.02722830,3.69792000,3.31003300,1.80024200,1.10146400,0.61684920,1.10329600,0.79963290,0.72043880,3.30219400,3.30402600,0.79882700,4.93924000,4.94460000,0.00854700, 2, 255, 7, 24,0x50000,No,No,No,No,No,Yes,No,Yes
2026-04-11 12:16:00,0.0,1500,500,,500,500,44,,200,,,648,,49.9,0.7200,0.6000,0.6000,1.1000,0.00000000,0.06929103,0.12784680,0.00390372,0.00000000,0.21080090,0.33084030,1.17876000,0.00048840,0.00067155,0.00445665,0.02710620,3.69977600,3.31652900,1.80024200,1.10109800,0.61465140,1.10292900,0.79926660,0.72043880,3.30219400,3.30585700,0.79882700,4.94192000,4.94996000,0.00854700, 2, 255, 7, 24,0x50000,No,No,No,No,No,Yes,No,Yes
2026-04-11 12:16:02,0.0,1500,500,,500,500,43,,200,,,648,,51.0,0.7200,0.6000,0.6000,1.1000,0.00195186,0.07124290,0.12882280,0.00195186,0.00000000,0.20884900,0.33181620,1.17876000,0.00054945,0.00042735,0.00402930,0.02759460,3.70070400,3.30260900,1.79828900,1.10439400,0.61501770,1.10366200,0.79926660,0.72070740,3.30311000,3.30494200,0.79941320,4.94996000,4.94460000,0.00854700, 2, 255, 7, 24,0x50000,No,No,No,No,No,Yes,No,Yes
2026-04-11 12:16:04,0.0,1500,500,,500,500,44,,200,,,648,,49.4,0.7200,0.6000,0.6000,1.1000,0.00000000,0.07124290,0.12784680,0.00683151,0.00000000,0.20884900,0.33084030,1.20555000,0.00036630,0.00079365,0.00421245,0.02722830,3.69977600,3.31838500,1.80024200,1.10769100,0.61684920,1.10146400,0.79963290,0.72043880,3.30219400,3.30494200,0.79970620,4.93924000,4.94460000,0.00940170, 2, 255, 7, 24,0x50000,No,No,No,No,No,Yes,No,Yes
2026-04-11 12:16:07,0.0,1500,500,,500,500,43,,200,,,648,,49.9,0.7200,0.6000,0.6000,1.1000,0.04782057,0.07221882,0.12687090,0.00585558,0.00000000,0.22836760,0.33084030,1.17876000,0.00054945,0.00091575,0.00457875,0.02722830,3.70070400,3.32580900,1.80024200,1.10769100,0.61648290,1.10109800,0.79890030,0.72070740,3.30219400,3.30494200,0.79941320,4.94594000,4.94326000,0.00854700, 2, 255, 7, 24,0x50000,No,No,No,No,No,Yes,No,Yes
2026-04-11 12:16:09,0.0,1500,500,,500,500,44,,200,,,648,,50.5,0.7200,0.6000,0.6000,1.1000,0.00097593,0.07221882,0.12687090,0.00683151,0.00000000,0.20787310,0.33084030,1.18769000,0.00054945,0.00091575,0.00409035,0.02698410,3.70070400,3.30817700,1.79926600,1.10476100,0.61538400,1.10146400,0.79890030,0.72070740,3.30219400,3.30311000,0.79912020,4.93924000,4.94058000,0.00940170, 2, 255, 7, 24,0x50000,No,No,No,No,No,Yes,No,Yes
2026-04-11 12:16:11,0.0,1500,500,,500,500,44,,200,,,648,,51.0,0.7200,0.6000,0.6000,1.1000,0.00000000,0.07221882,0.12589500,0.00975930,0.00000000,0.21080090,0.33181620,1.17876000,0.00054945,0.00091575,0.00427350,0.02735040,3.70070400,3.32580900,1.79828900,1.10219700,0.61575030,1.10292900,0.79963290,0.72070740,3.30402600,3.30402600,0.79941320,4.94326000,4.94594000,0.00854700, 2, 255, 7, 24,0x50000,No,No,No,No,No,Yes,No,Yes
2026-04-11 12:16:13,0.0,1500,500,,500,500,44,,200,,,648,,50.5,0.7200,0.6000,0.6000,1.1000,0.00000000,0.07319475,0.12687090,0.00585558,0.00000000,0.20787310,0.33279210,1.19662000,0.00054945,0.00067155,0.00488400,0.02759460,3.70070400,3.31003300,1.79926600,1.10622600,0.61575030,1.10329600,0.79999920,0.72097620,3.30219400,3.30402600,0.79912020,4.94460000,4.93522000,0.00854700, 2, 255, 7, 24,0x50000,No,No,No,No,No,Yes,No,Yes
2026-04-11 12:16:15,0.0,1500,500,,500,500,44,,200,,,648,,50.5,0.7200,0.6000,0.6000,1.1000,0.00000000,0.07319475,0.12687090,0.00878337,0.00000000,0.22153610,0.33084030,1.17876000,0.00054945,0.00091575,0.00421245,0.02722830,3.69884800,3.30910500,1.80024200,1.10146400,0.61684920,1.10109800,0.79963290,0.72043880,3.30219400,3.30494200,0.79912020,4.94728000,4.94058000,0.00854700, 2, 255, 7, 24,0x50000,No,No,No,No,No,Yes,No,Yes
2026-04-11 12:16:17,0.0,1500,500,,500,500,44,,200,,,648,,50.5,0.7200,0.6000,0.6000,1.1000,0.00000000,0.07319475,0.12296720,0.00878337,0.00000000,0.20982490,0.32986440,1.17876000,0.00036630,0.00079365,0.00445665,0.02710620,3.69792000,3.31931300,1.80610300,1.10769100,0.61684920,1.10183000,0.80036550,0.72070740,3.30311000,3.30494200,0.79970620,4.93924000,4.94996000,0.00854700, 2, 255, 7, 24,0x50000,No,No,No,No,No,Yes,No,Yes
2026-04-11 12:16:19,0.0,1500,500,,500,500,44,,200,,,648,,49.4,0.7200,0.6000,0.6000,1.1000,0.04586871,0.06831510,0.12687090,0.00683151,0.00000000,0.20982490,0.33084030,1.17876000,0.00048840,0.00079365,0.00421245,0.02710620,3.70163200,3.32580900,1.80024200,1.10292900,0.61684920,1.10256300,0.80036550,0.72070740,3.30219400,3.30402600,0.79912020,4.92852000,4.92450000,0.00854700, 2, 255, 7, 24,0x50000,No,No,No,No,No,Yes,No,Yes
2026-04-11 12:16:22,0.0,1500,500,,500,500,44,,200,,,648,,49.9,0.7200,0.6000,0.6000,1.1000,0.00000000,0.07319475,0.12784680,0.00585558,0.00000000,0.23031950,0.32986440,1.18769000,0.00054945,0.00091575,0.00445665,0.02735040,3.69884800,3.31096100,1.79828900,1.10512700,0.61648290,1.10256300,0.79963290,0.72043880,3.30219400,3.30494200,0.79970620,4.94058000,4.94058000,0.00854700, 2, 255, 7, 24,0x50000,No,No,No,No,No,Yes,No,Yes
2026-04-11 12:16:24,0.0,1500,500,,500,500,43,,200,,,648,,49.9,0.7200,0.6000,0.6000,1.1000,0.00097593,0.07319475,0.12687090,0.00585558,0.00000000,0.20982490,0.32986440,1.17876000,0.00042735,0.00067155,0.00427350,0.02759460,3.69977600,3.29518600,1.78900900,1.10439400,0.61648290,1.10329600,0.80073180,0.72097620,3.30036300,3.30585700,0.79882700,4.94862000,4.94326000,0.00940170, 2, 255, 7, 24,0x50000,No,No,No,No,No,Yes,No,Yes
2026-04-11 12:16:26,0.0,1500,500,,500,500,44,,200,,,648,,51.0,0.7200,0.6000,0.6000,1.1000,0.00097593,0.07026696,0.12589500,0.00097593,0.00000000,0.21177680,0.33084030,1.18769000,0.00054945,0.00091575,0.00409035,0.02710620,3.69792000,3.29889800,1.79828900,1.10695900,0.61501770,1.10073200,0.79926660,0.71990160,3.30219400,3.30402600,0.79941320,4.94192000,4.92450000,0.00854700, 2, 255, 7, 24,0x50000,No,No,No,No,No,Yes,No,Yes
2026-04-11 12:16:28,0.0,1500,500,,500,500,43,,200,,,648,,49.9,0.7200,0.6000,0.6000,1.1000,0.00000000,0.07221882,0.12589500,0.00683151,0.00000000,0.20982490,0.33084030,1.17876000,0.00054945,0.00091575,0.00421245,0.02747250,3.69792000,3.30260900,1.80024200,1.10146400,0.61648290,1.10146400,0.80036550,0.72070740,3.30219400,3.30494200,0.79941320,4.94862000,4.94326000,0.00854700, 2, 255, 7, 24,0x50000,No,No,No,No,No,Yes,No,Yes
2026-04-11 12:16:30,0.0,1500,500,,500,500,44,,200,,,648,,51.0,0.7200,0.6000,0.6000,1.1000,0.00000000,0.07514661,0.12589500,0.00780744,0.00000000,0.20787310,0.33181620,1.16983000,0.00054945,0.00091575,0.00384615,0.02735040,3.70070400,3.31374500,1.80024200,1.10219700,0.61611660,1.10292900,0.79926660,0.72070740,3.30311000,3.30494200,0.79941320,4.94058000,4.95264000,0.00854700, 2, 255, 7, 24,0x50000,No,No,No,No,No,Yes,No,Yes
2026-04-11 12:16:32,0.0,1500,500,,500,500,44,,200,,,648,,50.5,0.7200,0.6000,0.6000,1.1000,0.00097593,0.07319475,0.12687090,0.00585558,0.00000000,0.20884900,0.33084030,1.17876000,0.00054945,0.00067155,0.00384615,0.02735040,3.69884800,3.30168200,1.80024200,1.10146400,0.61611660,1.10292900,0.80073180,0.72070740,3.30219400,3.30311000,0.79941320,4.94058000,4.94326000,0.00854700, 2, 255, 7, 24,0x50000,No,No,No,No,No,Yes,No,Yes
2026-04-11 12:16:34,0.0,1500,500,,500,500,44,,200,,,648,,49.9,0.7200,0.6000,0.6000,1.1000,0.00000000,0.07612254,0.12589500,0.00487965,0.00000000,0.20884900,0.33279210,1.16983000,0.00036630,0.00079365,0.00409035,0.02722830,3.70163200,3.29982600,1.80024200,1.10292900,0.61611660,1.10292900,0.79963290,0.72070740,3.30311000,3.30494200,0.79912020,4.94728000,4.93924000,0.00854700, 2, 255, 7, 24,0x50000,No,No,No,No,No,Yes,No,Yes
2026-04-11 12:16:37,0.0,1500,500,,500,500,44,,200,,,648,,51.0,0.7200,0.6000,0.6000,1.1000,0.05172429,0.07124290,0.12687090,0.00390372,0.00000000,0.21275270,0.32986440,1.16090000,0.00048840,0.00079365,0.00415140,0.02710620,3.70070400,3.32580900,1.79828900,1.10769100,0.61611660,1.10146400,0.80036550,0.72070740,3.30219400,3.30494200,0.79912020,4.93522000,4.94192000,0.00854700, 2, 255, 7, 24,0x50000,No,No,No,No,No,Yes,No,Yes
2026-04-11 12:16:39,0.0,1500,500,,500,500,44,,200,,,648,,49.9,0.7200,0.6000,0.6000,1.1000,0.00000000,0.07221882,0.12589500,0.00780744,0.00000000,0.20884900,0.33181620,1.17876000,0.00054945,0.00091575,0.00433455,0.02698410,3.69977600,3.30260900,1.80024200,1.10769100,0.61611660,1.10146400,0.79999920,0.72070740,3.30127900,3.30494200,0.79941320,4.93522000,4.94326000,0.00854700, 2, 255, 7, 24,0x50000,No,No,No,No,No,Yes,No,Yes
2026-04-11 12:16:41,0.0,1500,500,,500,500,44,,200,,,648,,50.5,0.7200,0.6000,0.6000,1.1000,0.00292779,0.07319475,0.12687090,0.00487965,0.00000000,0.20982490,0.33084030,1.17876000,0.00054945,0.00067155,0.00384615,0.02735040,3.69977600,3.31188900,1.79926600,1.10732500,0.61575030,1.10183000,0.79963290,0.72043880,3.30219400,3.30311000,0.79912020,4.93924000,4.94058000,0.00854700, 2, 255, 7, 24,0x50000,No,No,No,No,No,Yes,No,Yes
2026-04-11 12:16:43,0.0,1500,500,,500,500,44,,200,,,648,,51.0,0.7200,0.6000,0.6000,1.1000,0.00097593,0.07417068,0.12687090,0.00683151,0.00000000,0.21080090,0.33084030,1.17876000,0.00048840,0.00079365,0.00494505,0.02735040,3.69792000,3.31838500,1.80024200,1.10769100,0.61611660,1.10329600,0.79926660,0.72043880,3.30219400,3.30311000,0.79912020,4.93120000,4.94996000,0.00854700, 2, 255, 7, 24,0x50000,No,No,No,No,No,Yes,No,Yes
2026-04-11 12:16:45,0.0,1500,500,,500,500,43,,200,,,648,,49.9,0.7200,0.6000,0.6000,1.1000,0.04977243,0.06929103,0.12589500,0.00390372,0.00000000,0.22153610,0.33376810,1.18769000,0.00054945,0.00067155,0.00409035,0.02698410,3.69792000,3.31838500,1.78852100,1.10219700,0.61501770,1.10073200,0.80073180,0.72043880,3.30219400,3.30311000,0.79912020,4.94728000,4.93924000,0.00854700, 2, 255, 7, 24,0x50000,No,No,No,No,No,Yes,No,Yes
2026-04-11 12:16:47,0.0,1500,500,,500,500,44,,200,,,648,,51.6,0.7200,0.6000,0.6000,1.1000,0.00097593,0.06733918,0.12687090,0.00780744,0.00000000,0.20982490,0.33181620,1.18769000,0.00054945,0.00067155,0.00384615,0.02747250,3.69884800,3.30724900,1.79926600,1.10732500,0.61575030,1.10366200,0.80073180,0.72043880,3.30311000,3.30494200,0.79912020,4.94728000,4.95130000,0.00854700, 2, 255, 7, 24,0x50000,No,No,No,No,No,Yes,No,Yes
2026-04-11 12:16:49,0.0,1500,500,,500,500,43,,200,,,648,,49.4,0.7200,0.6000,0.6000,1.1000,0.00000000,0.06831510,0.12589500,0.00780744,0.00000000,0.21080090,0.33084030,1.17876000,0.00054945,0.00091575,0.00384615,0.02735040,3.70070400,3.32580900,1.79828900,1.10146400,0.61648290,1.10476100,0.79926660,0.72043880,3.29944700,3.30494200,0.79970620,4.94058000,4.94058000,0.00854700, 2, 255, 7, 24,0x50000,No,No,No,No,No,Yes,No,Yes
2026-04-11 12:16:52,0.0,1500,500,,500,500,44,,200,,,648,,51.0,0.7200,0.6000,0.6000,1.1000,0.00195186,0.07319475,0.12687090,0.00683151,0.00000000,0.21177680,0.33474400,1.17876000,0.00036630,0.00042735,0.00488400,0.02747250,3.69977600,3.32580900,1.80610300,1.10219700,0.61501770,1.10366200,0.79999920,0.72070740,3.30219400,3.30402600,0.79941320,4.94058000,4.94460000,0.00854700, 2, 255, 7, 24,0x50000,No,No,No,No,No,Yes,No,Yes
2026-04-11 12:16:54,0.0,1500,500,,500,500,43,,200,,,648,,51.6,0.7200,0.6000,0.6000,1.1000,0.00097593,0.07221882,0.12687090,0.00390372,0.00000000,0.21080090,0.32888840,1.17876000,0.00036630,0.00079365,0.00421245,0.02735040,3.69977600,3.30168200,1.80024200,1.11062200,0.61611660,1.10366200,0.80073180,0.72043880,3.30219400,3.30311000,0.79912020,4.94728000,4.94996000,0.00854700, 2, 255, 7, 24,0x50000,No,No,No,No,No,Yes,No,Yes
2026-04-11 12:16:56,0.0,1500,500,,500,500,44,,200,,,648,,51.0,0.7200,0.6000,0.6000,1.1000,0.00292779,0.07124290,0.12979870,0.00683151,0.00000000,0.20884900,0.33279210,1.17876000,0.00048840,0.00079365,0.00439560,0.02722830,3.70070400,3.31003300,1.80659200,1.10732500,0.61758180,1.10146400,0.80036550,0.72017020,3.29944700,3.30402600,0.79941320,4.94058000,4.95264000,0.00854700, 2, 255, 7, 24,0x50000,No,No,No,No,No,Yes,No,Yes
2026-04-11 12:16:58,0.0,1500,500,,500,500,44,,200,,,648,,52.1,0.7200,0.6000,0.6000,1.1000,0.04977243,0.07319475,0.12589500,0.00683151,0.00000000,0.21177680,0.32693650,1.18769000,0.00054945,0.00085470,0.00421245,0.02710620,3.69792000,3.31838500,1.80024200,1.10769100,0.61611660,1.10329600,0.79963290,0.72070740,3.30219400,3.30311000,0.79970620,4.94460000,4.94460000,0.00940170, 2, 255, 7, 24,0x50000,No,No,No,No,No,Yes,No,Yes
2026-04-11 12:17:00,0.0,1500,500,,500,500,44,,200,,,648,,51.0,0.7200,0.6000,0.6000,1.1000,0.00000000,0.07221882,0.12589500,0.01171116,0.00000000,0.22153610,0.33181620,1.17876000,0.00048840,0.00091575,0.00427350,0.02747250,3.69977600,3.30910500,1.79926600,1.10439400,0.61611660,1.10073200,0.80036550,0.72043880,3.30219400,3.30402600,0.79794790,4.94996000,4.94996000,0.00854700, 2, 255, 7, 24,0x50000,No,No,No,No,No,Yes,No,Yes
2026-04-11 12:17:02,0.0,1500,500,,500,500,44,,200,,,648,,49.9,0.7200,0.6000,0.6000,1.1000,0.01171116,0.06929103,0.12687090,0.00390372,0.00000000,0.20689720,0.32986440,1.16983000,0.00054945,0.00067155,0.00409035,0.02747250,3.69884800,3.29982600,1.79926600,1.10439400,0.61611660,1.10366200,0.80073180,0.72070740,3.30219400,3.30311000,0.79912020,4.94996000,4.94594000,0.00854700, 2, 255, 7, 24,0x50000,No,No,No,No,No,Yes,No,Yes
2026-04-11 12:17:04,0.0,1500,500,,500,500,44,,200,,,648,,51.0,0.7200,0.6000,0.6000,1.1000,0.00195186,0.07124290,0.12687090,0.00683151,0.00000000,0.22153610,0.33084030,1.19662000,0.00036630,0.00079365,0.00445665,0.02747250,3.69977600,3.31838500,1.80024200,1.10439400,0.61721550,1.10476100,0.79963290,0.72043880,3.30219400,3.30585700,0.79882700,4.94728000,4.94728000,0.00854700, 2, 255, 7, 24,0x50000,No,No,No,No,No,Yes,No,Yes
2026-04-11 12:17:06,0.0,1500,500,,500,500,44,,200,,,648,,49.9,0.7200,0.6000,0.6000,1.1000,0.00097593,0.10637640,0.15419700,0.00487965,0.00000000,0.21177680,0.33181620,1.17876000,0.00054945,0.00085470,0.00488400,0.02686200,3.69884800,3.30724900,1.78852100,1.10622600,0.61465140,1.10329600,0.79926660,0.72070740,3.30311000,3.30311000,0.79970620,4.91512000,4.93388000,0.00854700, 2, 255, 7, 24,0x50000,No,No,No,No,No,Yes,No,Yes
2026-04-11 12:17:09,0.0,1500,500,,500,500,44,,200,,,648,,50.5,0.7200,0.6000,0.6000,1.1000,0.00000000,0.07221882,0.12687090,0.00585558,0.00000000,0.23129540,0.33084030,1.16983000,0.00054945,0.00042735,0.00384615,0.02698410,3.69792000,3.32580900,1.79828900,1.10476100,0.61684920,1.10292900,0.80036550,0.72043880,3.30311000,3.30402600,0.79941320,4.94594000,4.94326000,0.00854700, 2, 255, 7, 24,0x50000,No,No,No,No,No,Yes,No,Yes
2026-04-11 12:17:11,0.0,1500,500,,500,500,44,,200,,,648,,50.5,0.7200,0.6000,0.6000,1.1000,0.00000000,0.07319475,0.12882280,0.00683151,0.00000000,0.21080090,0.33084030,1.17876000,0.00054945,0.00091575,0.00500610,0.02722830,3.69792000,3.32952100,1.80024200,1.10732500,0.61611660,1.10146400,0.80073180,0.72070740,3.30311000,3.30494200,0.79912020,4.94728000,4.94728000,0.00854700, 2, 255, 7, 24,0x50000,No,No,No,No,No,Yes,No,Yes
2026-04-11 12:17:13,0.0,1500,500,,500,500,43,,200,,,648,,49.4,0.7200,0.6000,0.6000,1.1000,0.00000000,0.07221882,0.12784680,0.00683151,0.00000000,0.23227130,0.33279210,1.18769000,0.00036630,0.00085470,0.00439560,0.02735040,3.69977600,3.29889800,1.79926600,1.10439400,0.61611660,1.10146400,0.79890030,0.72097620,3.30219400,3.30311000,0.79882700,4.94728000,4.94862000,0.00854700, 2, 255, 7, 24,0x50000,No,No,No,No,No,Yes,No,Yes
2026-04-11 12:17:15,0.0,1500,500,,500,500,44,,200,,,648,,51.0,0.7200,0.6000,0.6000,1.1000,0.00000000,0.06929103,0.12687090,0.00780744,0.00000000,0.20982490,0.33181620,1.16983000,0.00036630,0.00067155,0.00445665,0.02710620,3.69977600,3.31188900,1.78803200,1.10439400,0.61575030,1.10073200,0.80073180,0.72097620,3.30036300,3.30402600,0.79882700,4.92986000,4.94728000,0.00854700, 2, 255, 7, 24,0x50000,No,No,No,No,No,Yes,No,Yes
2026-04-11 12:17:17,0.0,1500,500,,500,500,44,,200,,,648,,50.5,0.7200,0.6000,0.6000,1.1000,0.00000000,0.08197812,0.12784680,0.00292779,0.00000000,0.20884900,0.33181620,1.17876000,0.00054945,0.00079365,0.00439560,0.02722830,3.69884800,3.31374500,1.79926600,1.10146400,0.61575030,1.10366200,0.79963290,0.72070740,3.30219400,3.30311000,0.79912020,4.93924000,4.93924000,0.00854700, 2, 255, 7, 24,0x50000,No,No,No,No,No,Yes,No,Yes
2026-04-11 12:17:19,0.0,1500,500,,500,500,44,,200,,,648,,50.5,0.7200,0.6000,0.6000,1.1000,0.00000000,0.07319475,0.12491900,0.00390372,0.00000000,0.21958430,0.33084030,1.16983000,0.00048840,0.00079365,0.00488400,0.02747250,3.69884800,3.32580900,1.80610300,1.10769100,0.61611660,1.10366200,0.80036550,0.72070740,3.30127900,3.30494200,0.79941320,4.94996000,4.95264000,0.00854700, 2, 255, 7, 24,0x50000,No,No,No,No,No,Yes,No,Yes
2026-04-11 12:17:21,0.0,1500,500,,500,500,43,,200,,,648,,51.0,0.7200,0.6000,0.6000,1.1000,0.00487965,0.07319475,0.12687090,0.00585558,0.00000000,0.21080090,0.33181620,1.16983000,0.00042735,0.00079365,0.00439560,0.02735040,3.70070400,3.30910500,1.79828900,1.10805800,0.61648290,1.10476100,0.80036550,0.72070740,3.30311000,3.30494200,0.79912020,4.93924000,4.94192000,0.00854700, 2, 255, 7, 24,0x50000,No,No,No,No,No,Yes,No,Yes
2026-04-11 12:17:24,0.0,1500,500,,500,500,43,,200,,,648,,51.0,0.7200,0.6000,0.6000,1.1000,0.05074836,0.06929103,0.12199130,0.00487965,0.00000000,0.21080090,0.33181620,1.17876000,0.00036630,0.00042735,0.00445665,0.02673990,3.70070400,3.30168200,1.79828900,1.10915600,0.61501770,1.10476100,0.79999920,0.72043880,3.29944700,3.30585700,0.79912020,4.93924000,4.94192000,0.00854700, 2, 255, 7, 24,0x50000,No,No,No,No,No,Yes,No,Yes
2026-04-11 12:17:26,0.0,1500,500,,500,500,44,,200,,,648,,51.0,0.7200,0.6000,0.6000,1.1000,0.00097593,0.07514661,0.12589500,0.00487965,0.00000000,0.20982490,0.33181620,1.17876000,0.00054945,0.00091575,0.00421245,0.02710620,3.69792000,3.31003300,1.79828900,1.10732500,0.61611660,1.10512700,0.79926660,0.72017020,3.30311000,3.30402600,0.79941320,4.94058000,4.93522000,0.00854700, 2, 255, 7, 24,0x50000,No,No,No,No,No,Yes,No,Yes
2026-04-11 12:17:28,0.0,1500,500,,500,500,44,,200,,,648,,49.9,0.7200,0.6000,0.6000,1.1000,0.00000000,0.07417068,0.12589500,0.00683151,0.00000000,0.21275270,0.32888840,1.17876000,0.00054945,0.00079365,0.00433455,0.02673990,3.70070400,3.29889800,1.80024200,1.10732500,0.61648290,1.10146400,0.79926660,0.72017020,3.29944700,3.30402600,0.79941320,4.93924000,4.94594000,0.00854700, 2, 255, 7, 24,0x50000,No,No,No,No,No,Yes,No,Yes
2026-04-11 12:17:30,0.0,1500,500,,500,500,44,,200,,,648,,49.4,0.7200,0.6000,0.6000,1.1000,0.04782057,0.06929103,0.12199130,0.00585558,0.00000000,0.20884900,0.32888840,1.18769000,0.00048840,0.00085470,0.00421245,0.02747250,3.69977600,3.30260900,1.79828900,1.10695900,0.61575030,1.10256300,0.80073180,0.72070740,3.30219400,3.30585700,0.79941320,4.93924000,4.94058000,0.00854700, 2, 255, 7, 24,0x50000,No,No,No,No,No,Yes,No,Yes
2026-04-11 12:17:32,0.2,1500,500,,500,500,44,,200,,,648,,49.9,0.7200,0.6000,0.6000,1.1000,0.00097593,0.06929103,0.12687090,0.00487965,0.00000000,0.22056020,0.32986440,1.17876000,0.00054945,0.00067155,0.00384615,0.02710620,3.69884800,3.30910500,1.80024200,1.10915600,0.61391880,1.10402800,0.79999920,0.72043880,3.30219400,3.30402600,0.79912020,4.94728000,4.94996000,0.00854700, 2, 255, 7, 24,0x50000,No,No,No,No,No,Yes,No,Yes
2026-04-11 12:17:34,0.0,1500,500,,500,500,44,,200,,,648,,51.0,0.7200,0.6000,0.6000,1.1000,0.05074836,0.07319475,0.12687090,0.00292779,0.00000000,0.20689720,0.33181620,1.18769000,0.00054945,0.00091575,0.00409035,0.02710620,3.69792000,3.30168200,1.80024200,1.10476100,0.61538400,1.10476100,0.79963290,0.72043880,3.30219400,3.30494200,0.79912020,4.91780000,4.93120000,0.00854700, 2, 255, 7, 24,0x50000,No,No,No,No,No,Yes,No,Yes
2026-04-11 12:17:36,0.0,1500,500,,500,500,44,,200,,,648,,50.5,0.7200,0.6000,0.6000,1.1000,0.05074836,0.07221882,0.12589500,0.00487965,0.00000000,0.21372870,0.33279210,1.18769000,0.00054945,0.00085470,0.00409035,0.02747250,3.69977600,3.30168200,1.79926600,1.10512700,0.61501770,1.10402800,0.80036550,0.72043880,3.30219400,3.30311000,0.79912020,4.93924000,4.94460000,0.00854700, 2, 255, 7, 24,0x50000,No,No,No,No,No,Yes,No,Yes
2026-04-11 12:17:39,0.0,1500,500,,500,500,44,,200,,,648,,51.0,0.7200,0.6000,0.6000,1.1000,0.00000000,0.07124290,0.12589500,0.00487965,0.00000000,0.20982490,0.33571990,1.19662000,0.00054945,0.00067155,0.00439560,0.02735040,3.69977600,3.30910500,1.78852100,1.10769100,0.61538400,1.10366200,0.79963290,0.72043880,3.30219400,3.30402600,0.79912020,4.94728000,4.93924000,0.00940170, 2, 255, 7, 24,0x50000,No,No,No,No,No,Yes,No,Yes
2026-04-11 12:17:41,0.0,1500,500,,500,500,44,,200,,,648,,51.0,0.7200,0.6000,0.6000,1.1000,0.00000000,0.07319475,0.12589500,0.00585558,0.00000000,0.21275270,0.32693650,1.17876000,0.00036630,0.00067155,0.00439560,0.02747250,3.69977600,3.30539300,1.78852100,1.10805800,0.61648290,1.10476100,0.80073180,0.72097620,3.30219400,3.30402600,0.79882700,4.94728000,4.94192000,0.00940170, 2, 255, 7, 24,0x50000,No,No,No,No,No,Yes,No,Yes
2026-04-11 12:17:43,0.0,1500,500,,500,500,44,,200,,,648,,50.5,0.7200,0.6000,0.6000,1.1000,0.00097593,0.07319475,0.12589500,0.00683151,0.00000000,0.21275270,0.33084030,1.17876000,0.00054945,0.00067155,0.00409035,0.02735040,3.69977600,3.30632200,1.80024200,1.10695900,0.61575030,1.10073200,0.79890030,0.72070740,3.30219400,3.30311000,0.79912020,4.93924000,4.94594000,0.00854700, 2, 255, 7, 24,0x50000,No,No,No,No,No,Yes,No,Yes
2026-04-11 12:17:45,0.0,1500,500,,500,500,44,,200,,,648,,49.9,0.7200,0.6000,0.6000,1.1000,0.00000000,0.08197812,0.12687090,0.00585558,0.00000000,0.20982490,0.33084030,1.17876000,0.00036630,0.00079365,0.00445665,0.02673990,3.70070400,3.30632200,1.79828900,1.10146400,0.61501770,1.10146400,0.79926660,0.72043880,3.30219400,3.30311000,0.79912020,4.94996000,4.95532000,0.00854700, 2, 255, 7, 24,0x50000,No,No,No,No,No,Yes,No,Yes
2026-04-11 12:17:47,0.0,1500,500,,500,500,44,,200,,,648,,49.9,0.7200,0.6000,0.6000,1.1000,0.05074836,0.06929103,0.12687090,0.00683151,0.00000000,0.22251200,0.33181620,1.18769000,0.00048840,0.00091575,0.00488400,0.02747250,3.70070400,3.32952100,1.79828900,1.10439400,0.61758180,1.10329600,0.79926660,0.72043880,3.30219400,3.30311000,0.79912020,4.93924000,4.93924000,0.00854700, 2, 255, 7, 24,0x50000,No,No,No,No,No,Yes,No,Yes
2026-04-11 12:17:49,0.0,1500,500,,500,500,44,,200,,,648,,51.0,0.7200,0.6000,0.6000,1.1000,0.00000000,0.06929103,0.12687090,0.00390372,0.00000000,0.20884900,0.33181620,1.17876000,0.00054945,0.00091575,0.00384615,0.02710620,3.69977600,3.30910500,1.80024200,1.10695900,0.61648290,1.10549400,0.79963290,0.72097620,3.30219400,3.30494200,0.79912020,4.95130000,4.94192000,0.00854700, 2, 255, 7, 24,0x50000,No,No,No,No,No,Yes,No,Yes
2026-04-11 12:17:51,0.0,1500,500,,500,500,44,,200,,,648,,51.0,0.7200,0.6000,0.6000,1.1000,0.00097593,0.07417068,0.12687090,0.00487965,0.00000000,0.20884900,0.33279210,1.17876000,0.00054945,0.00091575,0.00409035,0.02722830,3.70070400,3.31467300,1.80024200,1.10622600,0.61538400,1.10329600,0.79963290,0.72043880,3.30311000,3.30494200,0.79912020,4.93924000,4.93924000,0.00854700, 2, 255, 7, 24,0x50000,No,No,No,No,No,Yes,No,Yes
2026-04-11 12:17:54,0.0,1500,500,,500,500,44,,200,,,648,,51.0,0.7200,0.6000,0.6000,1.1000,0.00097593,0.11028010,0.15322100,0.01073523,0.00000000,0.21275270,0.33181620,1.17876000,0.00054945,0.00085470,0.00488400,0.02710620,3.70163200,3.32952100,1.80024200,1.10439400,0.61794810,1.10109800,0.80036550,0.72017020,3.30127900,3.30402600,0.79941320,4.92450000,4.93120000,0.00940170, 2, 255, 7, 24,0x50000,No,No,No,No,No,Yes,No,Yes
2026-04-11 12:17:56,0.0,1500,500,,500,500,43,,200,,,648,,52.1,0.7200,0.6000,0.6000,1.1000,0.00000000,0.07221882,0.12589500,0.00390372,0.00000000,0.20787310,0.32986440,1.17876000,0.00048840,0.00091575,0.00384615,0.02710620,3.70070400,3.30260900,1.80024200,1.10769100,0.61611660,1.10073200,0.79999920,0.72043880,3.30219400,3.30311000,0.79912020,4.94996000,4.94996000,0.00940170, 2, 255, 7, 24,0x50000,No,No,No,No,No,Yes,No,Yes
2026-04-11 12:17:58,0.0,1500,500,,500,500,43,,200,,,648,,49.9,0.7200,0.6000,0.6000,1.1000,0.05172429,0.07514661,0.12589500,0.00195186,0.00000000,0.20884900,0.33181620,1.17876000,0.00042735,0.00054945,0.00427350,0.02710620,3.69977600,3.29982600,1.78852100,1.10292900,0.61538400,1.10329600,0.79999920,0.72043880,3.30219400,3.30402600,0.79912020,4.92852000,4.93656000,0.00854700, 2, 255, 7, 24,0x50000,No,No,No,No,No,Yes,No,Yes
2026-04-11 12:18:00,0.0,1500,500,,500,500,44,,200,,,648,,50.5,0.7200,0.6000,0.6000,1.1000,0.06050766,0.07612254,0.12687090,0.00195186,0.00000000,0.20884900,0.33084030,1.18769000,0.00036630,0.00079365,0.00439560,0.02735040,3.69792000,3.31281700,1.80610300,1.10769100,0.61611660,1.10292900,0.79963290,0.72017020,3.30219400,3.30494200,0.79941320,4.93120000,4.92182000,0.00854700, 2, 255, 7, 24,0x50000,No,No,No,No,No,Yes,No,Yes
2026-04-11 12:18:02,0.0,1500,500,,500,500,44,,200,,,648,,51.6,0.7200,0.6000,0.6000,1.1000,0.04977243,0.07417068,0.12687090,0.01073523,0.00000000,0.20982490,0.33376810,1.18769000,0.00054945,0.00091575,0.00384615,0.02698410,3.70070400,3.32580900,1.80024200,1.10146400,0.61501770,1.10476100,0.79999920,0.72070740,3.29944700,3.30494200,0.79941320,4.91914000,4.93254000,0.00940170, 2, 255, 7, 24,0x50000,No,No,No,No,No,Yes,No,Yes
2026-04-11 12:18:04,0.0,1500,500,,500,500,44,,200,,,648,,49.9,0.7200,0.6000,0.6000,1.1000,0.00097593,0.07221882,0.12784680,0.00292779,0.00000000,0.21275270,0.32986440,1.17876000,0.00036630,0.00067155,0.00500610,0.02710620,3.69977600,3.31374500,1.80024200,1.10622600,0.61391880,1.10476100,0.79926660,0.72043880,3.30219400,3.30585700,0.79912020,4.94192000,4.93924000,0.00854700, 2, 255, 7, 24,0x50000,No,No,No,No,No,Yes,No,Yes
2026-04-11 12:18:06,0.0,1500,500,,500,500,44,,200,,,648,,49.9,0.7200,0.6000,0.6000,1.1000,0.00097593,0.07026696,0.12687090,0.00683151,0.00000000,0.20982490,0.33279210,1.17876000,0.00054945,0.00091575,0.00463980,0.02722830,3.69884800,3.31374500,1.79828900,1.10769100,0.61465140,1.10292900,0.79963290,0.72043880,3.30311000,3.30494200,0.79941320,4.93522000,4.94996000,0.00854700, 2, 255, 7, 24,0x50000,No,No,No,No,No,Yes,No,Yes
2026-04-11 12:18:08,0.0,1500,500,,500,500,44,,200,,,648,,50.5,0.7200,0.6000,0.6000,1.1000,0.00097593,0.07514661,0.12491900,0.00390372,0.00000000,0.21080090,0.32791250,1.17876000,0.00061050,0.00067155,0.00384615,0.02686200,3.69977600,3.29982600,1.78852100,1.10695900,0.61245360,1.10366200,0.79963290,0.72097620,3.30219400,3.30219400,0.79882700,4.94728000,4.93924000,0.00854700, 2, 255, 7, 24,0x50000,No,No,No,No,No,Yes,No,Yes
2026-04-11 12:18:11,0.0,1500,500,,500,500,44,,200,,,648,,49.9,0.7200,0.6000,0.6000,1.1000,0.00292779,0.07319475,0.12784680,0.00097593,0.00000000,0.23129540,0.33181620,1.18769000,0.00036630,0.00079365,0.00488400,0.02710620,3.70070400,3.30632200,1.80024200,1.10439400,0.61648290,1.10292900,0.79963290,0.72043880,3.30219400,3.30311000,0.79941320,4.94996000,4.94996000,0.00854700, 2, 255, 7, 24,0x50000,No,No,No,No,No,Yes,No,Yes
2026-04-11 12:18:13,0.0,1500,500,,500,500,44,,200,,,648,,51.0,0.7200,0.6000,0.6000,1.1000,0.04977243,0.07709848,0.12394310,0.00780744,0.00000000,0.21177680,0.33181620,1.17876000,0.00048840,0.00067155,0.00445665,0.02710620,3.69977600,3.30168200,1.78852100,1.10695900,0.61648290,1.10292900,0.79926660,0.72097620,3.30036300,3.30311000,0.79912020,4.92986000,4.94728000,0.00940170, 2, 255, 7, 24,0x50000,No,No,No,No,No,Yes,No,Yes
2026-04-11 12:18:15,0.0,1500,500,,500,500,44,,200,,,648,,51.0,0.7200,0.6000,0.6000,1.1000,0.00000000,0.06929103,0.12394310,0.00487965,0.00000000,0.20787310,0.33084030,1.18769000,0.00054945,0.00091575,0.00384615,0.02722830,3.69884800,3.31188900,1.80024200,1.10146400,0.61465140,1.10146400,0.79926660,0.72070740,3.30219400,3.30311000,0.79853400,4.94058000,4.94594000,0.00854700, 2, 255, 7, 24,0x50000,No,No,No,No,No,Yes,No,Yes
2026-04-11 12:18:17,0.0,1500,500,,500,500,44,,200,,,648,,51.0,0.7200,0.6000,0.6000,1.1000,0.00195186,0.07417068,0.12589500,0.00292779,0.00000000,0.21177680,0.33181620,1.17876000,0.00048840,0.00085470,0.00409035,0.02710620,3.69884800,3.29889800,1.80024200,1.11062200,0.61575030,1.10402800,0.79890030,0.72097620,3.29944700,3.30311000,0.79941320,4.90440000,4.93388000,0.00854700, 2, 255, 7, 24,0x50000,No,No,No,No,No,Yes,No,Yes
2026-04-11 12:18:19,0.0,1500,500,,500,500,43,,200,,,648,,51.0,0.7200,0.6000,0.6000,1.1000,0.00000000,0.07514661,0.12589500,0.00683151,0.00000000,0.21275270,0.32791250,1.18769000,0.00054945,0.00091575,0.00409035,0.02698410,3.69792000,3.30168200,1.80024200,1.10219700,0.61611660,1.10146400,0.80073180,0.72043880,3.30219400,3.30494200,0.79970620,4.95130000,4.94058000,0.00854700, 2, 255, 7, 24,0x50000,No,No,No,No,No,Yes,No,Yes
2026-04-11 12:18:21,0.0,1500,500,,500,500,44,,200,,,648,,51.6,0.7200,0.6000,0.6000,1.1000,0.00000000,0.07124290,0.12589500,0.00292779,0.00000000,0.22934360,0.32888840,1.18769000,0.00054945,0.00091575,0.00433455,0.02735040,3.70070400,3.31374500,1.79828900,1.10219700,0.61648290,1.10402800,0.80073180,0.72017020,3.30402600,3.30402600,0.79941320,4.95264000,4.95130000,0.00940170, 2, 255, 7, 24,0x50000,No,No,No,No,No,Yes,No,Yes
2026-04-11 12:18:24,0.0,1500,500,,500,500,44,,200,,,648,,51.6,0.7200,0.6000,0.6000,1.1000,0.00000000,0.07417068,0.12589500,0.00585558,0.00000000,0.21080090,0.32888840,1.17876000,0.00054945,0.00091575,0.00445665,0.02735040,3.69884800,3.31003300,1.79828900,1.10292900,0.61501770,1.10402800,0.80073180,0.72070740,3.30311000,3.30311000,0.79912020,4.93924000,4.94326000,0.00940170, 2, 255, 7, 24,0x50000,No,No,No,No,No,Yes,No,Yes
2026-04-11 12:18:26,0.0,1500,500,,500,500,44,,200,,,648,,52.1,0.7200,0.6000,0.6000,1.1000,0.05074836,0.07124290,0.12784680,0.00585558,0.00000000,0.21080090,0.33376810,1.17876000,0.00054945,0.00091575,0.00409035,0.02735040,3.69884800,3.30910500,1.79926600,1.10769100,0.61684920,1.10476100,0.79963290,0.72043880,3.30219400,3.30494200,0.79912020,4.94996000,4.94728000,0.00854700, 2, 255, 7, 24,0x50000,No,No,No,No,No,Yes,No,Yes
2026-04-11 12:18:28,0.0,1500,500,,500,500,44,,200,,,648,,49.4,0.7200,0.6000,0.6000,1.1000,0.00000000,0.06733918,0.12687090,0.00487965,0.00000000,0.20982490,0.33376810,1.17876000,0.00048840,0.00067155,0.00427350,0.02710620,3.69977600,3.30168200,1.78900900,1.10769100,0.61501770,1.10329600,0.79926660,0.72097620,3.30036300,3.30402600,0.79912020,4.94192000,4.93924000,0.00854700, 2, 255, 7, 24,0x50000,No,No,No,No,No,Yes,No,Yes
2026-04-11 12:18:30,0.0,1500,500,,500,500,44,,200,,,648,,50.5,0.7200,0.6000,0.6000,1.1000,0.00000000,0.07514661,0.12687090,0.00585558,0.00000000,0.21080090,0.33084030,1.17876000,0.00048840,0.00091575,0.00488400,0.02722830,3.70070400,3.31838500,1.80024200,1.10695900,0.61611660,1.10146400,0.80073180,0.72097620,3.30219400,3.30311000,0.79882700,4.93924000,4.93924000,0.00854700, 2, 255, 7, 24,0x50000,No,No,No,No,No,Yes,No,Yes
2026-04-11 12:18:32,0.0,1500,500,,500,500,44,,200,,,648,,49.9,0.7200,0.6000,0.6000,1.1000,0.00000000,0.07417068,0.12784680,0.00585558,0.00000000,0.20982490,0.32986440,1.17876000,0.00054945,0.00067155,0.00488400,0.02735040,3.69977600,3.31374500,1.80024200,1.10622600,0.61501770,1.10476100,0.79963290,0.72043880,3.30127900,3.30311000,0.79941320,4.94996000,4.94996000,0.00854700, 2, 255, 7, 24,0x50000,No,No,No,No,No,Yes,No,Yes
2026-04-11 12:18:34,0.0,1500,500,,500,500,44,,200,,,648,,49.9,0.7200,0.6000,0.6000,1.1000,0.00000000,0.06831510,0.12589500,0.00390372,0.00000000,0.21177680,0.33376810,1.17876000,0.00048840,0.00091575,0.00409035,0.02698410,3.69977600,3.32952100,1.80024200,1.10805800,0.61684920,1.10329600,0.79999920,0.72043880,3.30219400,3.30494200,0.79912020,4.94728000,4.93924000,0.00854700, 2, 255, 7, 24,0x50000,No,No,No,No,No,Yes,No,Yes
2026-04-11 12:18:36,0.0,1500,500,,500,500,44,,200,,,648,,51.0,0.7200,0.6000,0.6000,1.1000,0.00000000,0.07221882,0.12687090,0.00780744,0.00000000,0.20982490,0.32986440,1.18769000,0.00036630,0.00067155,0.00409035,0.02747250,3.69884800,3.30353800,1.78900900,1.10622600,0.61538400,1.10329600,0.79999920,0.72017020,3.30219400,3.30402600,0.79853400,4.93522000,4.94326000,0.00854700, 2, 255, 7, 24,0x50000,No,No,No,No,No,Yes,No,Yes
2026-04-11 12:18:39,0.2,1500,500,,500,500,44,,200,,,648,,51.0,0.7200,0.6000,0.6000,1.1000,0.00097593,0.07319475,0.12491900,0.00683151,0.00000000,0.20982490,0.33181620,1.18769000,0.00036630,0.00067155,0.00421245,0.02735040,3.69977600,3.31003300,1.78852100,1.10439400,0.61465140,1.10402800,0.79963290,0.72043880,3.30219400,3.30402600,0.79882700,4.94728000,4.94728000,0.00854700, 2, 255, 7, 24,0x50000,No,No,No,No,No,Yes,No,Yes
2026-04-11 12:18:41,0.0,1500,500,,500,500,43,,200,,,648,,51.0,0.7200,0.6000,0.6000,1.1000,0.00097593,0.07417068,0.12589500,0.00683151,0.00000000,0.20982490,0.33084030,1.20555000,0.00054945,0.00067155,0.00384615,0.02722830,3.69977600,3.31374500,1.79926600,1.10512700,0.61684920,1.10292900,0.79890030,0.72070740,3.29944700,3.30402600,0.79912020,4.94728000,4.94058000,0.00854700, 2, 255, 7, 24,0x50000,No,No,No,No,No,Yes,No,Yes
2026-04-11 12:18:43,0.0,1500,500,,500,500,44,,200,,,648,,50.5,0.7200,0.6000,0.6000,1.1000,0.00000000,0.06831510,0.12589500,0.00292779,0.00000000,0.22056020,0.33181620,1.18769000,0.00054945,0.00067155,0.00409035,0.02710620,3.69884800,3.29982600,1.79926600,1.10439400,0.61575030,1.10292900,0.79963290,0.72043880,3.30219400,3.30311000,0.79912020,4.94192000,4.93656000,0.00940170, 2, 255, 7, 24,0x50000,No,No,No,No,No,Yes,No,Yes
2026-04-11 12:18:45,0.0,1500,500,,500,500,44,,200,,,648,,51.0,0.7200,0.6000,0.6000,1.1000,0.00097593,0.07514661,0.12882280,0.00683151,0.00000000,0.21080090,0.32888840,1.17876000,0.00048840,0.00079365,0.00488400,0.02710620,3.69977600,3.30168200,1.80024200,1.10549400,0.61721550,1.10146400,0.80036550,0.72043880,3.30219400,3.30402600,0.79882700,4.92852000,4.93924000,0.00854700, 2, 255, 7, 24,0x50000,No,No,No,No,No,Yes,No,Yes
2026-04-11 12:18:47,0.0,1500,500,,500,500,44,,200,,,648,,49.9,0.7200,0.6000,0.6000,1.1000,0.00000000,0.07319475,0.12589500,0.00195186,0.00000000,0.21080090,0.32888840,1.18769000,0.00054945,0.00091575,0.00409035,0.02735040,3.70070400,3.31838500,1.80024200,1.10146400,0.61611660,1.10549400,0.80036550,0.72017020,3.30311000,3.30402600,0.79794790,4.94058000,4.94058000,0.00854700, 2, 255, 7, 24,0x50000,No,No,No,No,No,Yes,No,Yes
2026-04-11 12:18:49,0.0,1500,500,,500,500,44,,200,,,648,,51.0,0.7200,0.6000,0.6000,1.1000,0.00195186,0.07319475,0.12687090,0.00683151,0.00000000,0.21275270,0.33084030,1.17876000,0.00054945,0.00067155,0.00427350,0.02710620,3.69977600,3.31467300,1.79926600,1.10842400,0.61684920,1.10476100,0.79963290,0.72070740,3.30219400,3.30494200,0.79912020,4.94058000,4.94996000,0.00854700, 2, 255, 7, 24,0x50000,No,No,No,No,No,Yes,No,Yes
2026-04-11 12:18:51,0.0,1500,500,,500,500,44,,200,,,648,,49.9,0.7200,0.6000,0.6000,1.1000,0.04977243,0.07319475,0.12589500,0.00683151,0.00000000,0.20982490,0.33084030,1.18769000,0.00048840,0.00079365,0.00427350,0.02698410,3.72668700,3.32952100,1.80024200,1.10769100,0.61575030,1.10292900,0.79890030,0.72043880,3.30219400,3.30311000,0.79912020,4.94192000,4.95532000,0.00854700, 2, 255, 7, 24,0x50000,No,No,No,No,No,Yes,No,Yes
2026-04-11 12:18:54,0.0,1500,500,,500,500,44,,200,,,648,,51.0,0.7200,0.6000,0.6000,1.1000,0.00000000,0.07807440,0.12589500,0.00487965,0.00000000,0.20884900,0.33376810,1.16983000,0.00054945,0.00091575,0.00488400,0.02747250,3.70070400,3.29797000,1.79828900,1.10769100,0.61538400,1.10073200,0.79890030,0.72070740,3.29944700,3.30311000,0.79941320,4.94058000,4.94058000,0.00854700, 2, 255, 7, 24,0x50000,No,No,No,No,No,Yes,No,Yes
2026-04-11 12:18:56,0.0,1500,500,,500,500,43,,200,,,648,,50.5,0.7200,0.6000,0.6000,1.1000,0.00195186,0.07221882,0.12589500,0.00195186,0.00000000,0.21080090,0.33084030,1.17876000,0.00048840,0.00091575,0.00488400,0.02710620,3.69977600,3.30168200,1.80024200,1.10769100,0.61684920,1.10256300,0.79890030,0.72043880,3.30219400,3.30311000,0.79912020,4.94728000,4.94996000,0.00854700, 2, 255, 7, 24,0x50000,No,No,No,No,No,Yes,No,Yes
2026-04-11 12:18:58,0.0,1500,500,,500,500,44,,200,,,648,,50.5,0.7200,0.6000,0.6000,1.1000,0.00097593,0.07319475,0.12589500,0.00585558,0.00000000,0.20982490,0.33279210,1.17876000,0.00054945,0.00079365,0.00409035,0.02710620,3.70163200,3.30910500,1.79828900,1.10219700,0.61611660,1.10109800,0.79963290,0.72017020,3.30311000,3.30402600,0.79882700,4.94058000,4.94594000,0.00854700, 2, 255, 7, 24,0x50000,No,No,No,No,No,Yes,No,Yes
2026-04-11 12:19:00,0.0,1500,500,,500,500,44,,200,,,648,,50.5,0.7200,0.6000,0.6000,1.1000,0.00000000,0.10735230,0.15419700,0.00585558,0.00000000,0.20787310,0.33084030,1.17876000,0.00036630,0.00042735,0.00409035,0.02710620,3.70163200,3.30168200,1.79828900,1.10146400,0.61611660,1.10146400,0.80036550,0.72070740,3.30219400,3.30402600,0.79912020,4.94058000,4.94058000,0.00854700, 2, 255, 7, 24,0x50000,No,No,No,No,No,Yes,No,Yes
2026-04-11 12:19:02,0.0,1500,500,,500,500,44,,200,,,648,,49.4,0.7200,0.6000,0.6000,1.1000,0.05074836,0.07221882,0.12589500,0.00487965,0.00000000,0.21177680,0.33181620,1.17876000,0.00054945,0.00079365,0.00427350,0.02673990,3.69977600,3.32209700,1.80024200,1.10439400,0.61611660,1.10329600,0.79926660,0.72043880,3.30219400,3.30402600,0.79912020,4.94996000,4.94058000,0.00854700, 2, 255, 7, 24,0x50000,No,No,No,No,No,Yes,No,Yes
2026-04-11 12:19:04,0.0,1500,500,,500,500,44,,200,,,648,,49.9,0.7200,0.6000,0.6000,1.1000,0.00000000,0.06831510,0.12687090,0.00585558,0.00000000,0.21080090,0.33084030,1.18769000,0.00054945,0.00067155,0.00470085,0.02698410,3.70070400,3.30260900,1.80024200,1.10805800,0.61501770,1.10146400,0.79963290,0.72070740,3.30219400,3.30494200,0.79912020,4.93924000,4.94058000,0.00854700, 2, 255, 7, 24,0x50000,No,No,No,No,No,Yes,No,Yes
2026-04-11 12:19:06,0.0,1500,500,,500,500,44,,200,,,648,,49.9,0.7200,0.6000,0.6000,1.1000,0.00000000,0.07319475,0.12687090,0.00487965,0.00000000,0.20884900,0.33279210,1.16983000,0.00036630,0.00067155,0.00402930,0.02759460,3.69977600,3.31467300,1.78852100,1.10219700,0.61575030,1.10329600,0.80036550,0.72043880,3.30219400,3.30402600,0.79941320,4.94192000,4.94728000,0.00854700, 2, 255, 7, 24,0x50000,No,No,No,No,No,Yes,No,Yes
2026-04-11 12:19:09,0.0,1500,500,,500,500,43,,200,,,648,,49.4,0.7200,0.6000,0.6000,1.1000,0.00097593,0.08100219,0.12687090,0.00780744,0.00000000,0.21275270,0.33279210,1.17876000,0.00054945,0.00085470,0.00384615,0.02735040,3.69792000,3.29889800,1.79926600,1.10805800,0.61648290,1.10292900,0.79926660,0.72070740,3.30219400,3.30311000,0.79912020,4.93656000,4.95264000,0.00854700, 2, 255, 7, 24,0x50000,No,No,No,No,No,Yes,No,Yes
2026-04-11 12:19:11,0.0,1500,500,,500,500,44,,200,,,648,,50.5,0.7200,0.6000,0.6000,1.1000,0.00097593,0.07124290,0.12589500,0.00487965,0.00000000,0.22056020,0.32888840,1.17876000,0.00054945,0.00091575,0.00384615,0.02747250,3.70070400,3.31003300,1.80024200,1.10219700,0.61648290,1.10146400,0.79926660,0.72070740,3.30311000,3.30494200,0.79941320,4.94728000,4.94594000,0.00854700, 2, 255, 7, 24,0x50000,No,No,No,No,No,Yes,No,Yes
2026-04-11 12:19:13,0.0,1500,500,,500,500,44,,200,,,648,,50.5,0.7200,0.6000,0.6000,1.1000,0.00000000,0.07221882,0.12491900,0.00487965,0.00000000,0.20982490,0.33181620,1.18769000,0.00054945,0.00067155,0.00409035,0.02759460,3.69792000,3.30168200,1.80024200,1.10586000,0.61501770,1.10073200,0.79890030,0.72017020,3.30219400,3.30402600,0.79941320,4.94058000,4.94326000,0.00854700, 2, 255, 7, 24,0x50000,No,No,No,No,No,Yes,No,Yes
2026-04-11 12:19:15,0.0,1500,500,,500,500,44,,200,,,648,,50.5,0.7200,0.6000,0.6000,1.1000,0.05270022,0.07221882,0.12784680,0.00585558,0.00000000,0.20982490,0.33084030,1.18769000,0.00054945,0.00091575,0.00384615,0.02747250,3.69884800,3.31003300,1.80024200,1.10439400,0.61611660,1.10073200,0.79963290,0.72043880,3.30219400,3.30585700,0.79912020,4.94996000,4.94996000,0.00854700, 2, 255, 7, 24,0x50000,No,No,No,No,No,Yes,No,Yes
2026-04-11 12:19:17,0.0,1500,500,,500,500,43,,200,,,648,,49.9,0.7200,0.6000,0.6000,1.1000,0.00292779,0.07319475,0.12687090,0.00683151,0.00000000,0.20884900,0.32986440,1.17876000,0.00054945,0.00067155,0.00384615,0.02747250,3.69977600,3.31838500,1.78852100,1.10439400,0.61538400,1.10256300,0.79926660,0.72097620,3.30219400,3.30402600,0.79882700,4.92718000,4.92986000,0.00940170, 2, 255, 7, 24,0x50000,No,No,No,No,No,Yes,No,Yes
2026-04-11 12:19:19,0.0,1500,500,,500,500,43,,200,,,648,,51.0,0.7200,0.6000,0.6000,1.1000,0.04879650,0.12296720,0.16005250,0.00390372,0.00000000,0.21080090,0.33279210,1.17876000,0.00054945,0.00091575,0.00384615,0.02722830,3.69792000,3.32952100,1.80024200,1.10769100,0.61465140,1.10256300,0.79890030,0.71963300,3.29944700,3.30494200,0.79912020,4.93388000,4.92852000,0.00854700, 2, 255, 7, 24,0x50000,No,No,No,No,No,Yes,No,Yes
2026-04-11 12:19:21,0.0,1500,500,,500,500,44,,200,,,648,,49.9,0.7200,0.6000,0.6000,1.1000,0.00000000,0.07221882,0.12687090,0.00683151,0.00000000,0.21080090,0.33181620,1.16983000,0.00036630,0.00079365,0.00421245,0.02710620,3.69977600,3.30632200,1.80024200,1.10695900,0.61611660,1.10073200,0.80073180,0.72097620,3.30219400,3.30219400,0.79882700,4.93656000,4.93120000,0.00854700, 2, 255, 7, 24,0x50000,No,No,No,No,No,Yes,No,Yes
2026-04-11 12:19:24,0.0,1500,500,,500,500,44,,200,,,648,,51.0,0.7200,0.6000,0.6000,1.1000,0.00000000,0.06929103,0.12687090,0.00487965,0.00000000,0.21080090,0.33279210,1.19662000,0.00054945,0.00085470,0.00488400,0.02710620,3.69977600,3.30168200,1.79926600,1.10695900,0.61611660,1.10146400,0.79926660,0.72043880,3.30219400,3.30311000,0.79912020,4.94192000,4.94728000,0.00940170, 2, 255, 7, 24,0x50000,No,No,No,No,No,Yes,No,Yes
2026-04-11 12:19:26,0.0,1500,500,,500,500,44,,200,,,648,,51.6,0.7200,0.6000,0.6000,1.1000,0.00000000,0.07709848,0.12491900,0.00390372,0.00000000,0.21080090,0.33181620,1.17876000,0.00048840,0.00067155,0.00445665,0.02710620,3.69977600,3.31374500,1.78852100,1.10622600,0.61648290,1.10073200,0.79926660,0.72097620,3.30219400,3.30311000,0.79882700,4.94728000,4.94192000,0.00940170, 2, 255, 7, 24,0x50000,No,No,No,No,No,Yes,No,Yes
2026-04-11 12:19:28,0.0,1500,500,,500,500,44,,200,,,648,,50.5,0.7200,0.6000,0.6000,1.1000,0.10052080,0.07514661,0.12687090,0.00390372,0.00000000,0.20884900,0.32888840,1.16983000,0.00048840,0.00067155,0.00421245,0.02673990,3.71184000,3.31374500,1.78900900,1.10805800,0.61648290,1.10329600,0.79999920,0.72097620,3.30219400,3.30402600,0.79882700,4.94862000,4.94862000,0.00940170, 2, 255, 7, 24,0x50000,No,No,No,No,No,Yes,No,Yes
2026-04-11 12:19:30,0.0,1500,500,,500,500,44,,200,,,648,,51.6,0.7200,0.6000,0.6000,1.1000,0.00000000,0.07221882,0.12687090,0.00292779,0.00000000,0.20884900,0.33084030,1.17876000,0.00036630,0.00067155,0.00476190,0.02722830,3.70070400,3.31931300,1.81684800,1.10769100,0.61538400,1.10402800,0.80036550,0.72043880,3.30219400,3.30402600,0.79882700,4.94594000,4.94862000,0.00854700, 2, 255, 7, 24,0x50000,No,No,No,No,No,Yes,No,Yes
2026-04-11 12:19:32,0.0,1500,500,,500,500,44,,200,,,648,,49.9,0.7200,0.6000,0.6000,1.1000,0.00000000,0.07417068,0.12784680,0.00683151,0.00000000,0.20787310,0.33084030,1.18769000,0.00054945,0.00067155,0.00421245,0.02747250,3.69977600,3.31745700,1.78852100,1.10146400,0.61501770,1.10402800,0.79963290,0.72043880,3.30219400,3.30311000,0.79912020,4.93656000,4.93924000,0.00854700, 2, 255, 7, 24,0x50000,No,No,No,No,No,Yes,No,Yes
2026-04-11 12:19:34,0.0,1500,500,,500,500,44,,200,,,648,,51.6,0.7200,0.6000,0.6000,1.1000,0.00097593,0.07319475,0.12589500,0.00487965,0.00000000,0.20982490,0.33571990,1.16983000,0.00048840,0.00085470,0.00433455,0.02722830,3.69884800,3.31838500,1.80024200,1.11062200,0.61648290,1.10146400,0.79963290,0.72070740,3.30311000,3.30494200,0.79912020,4.94460000,4.93924000,0.00854700, 2, 255, 7, 24,0x50000,No,No,No,No,No,Yes,No,Yes
2026-04-11 12:19:37,0.0,1500,500,,500,500,43,,200,,,648,,49.4,0.7200,0.6000,0.6000,1.1000,0.05074836,0.07124290,0.12784680,0.00780744,0.00000000,0.22251200,0.33084030,1.17876000,0.00054945,0.00091575,0.00384615,0.02710620,3.69884800,3.31374500,1.79828900,1.10183000,0.61611660,1.10146400,0.79926660,0.72017020,3.30219400,3.30311000,0.79912020,4.94996000,4.94594000,0.00854700, 2, 255, 7, 24,0x50000,No,No,No,No,No,Yes,No,Yes
2026-04-11 12:19:39,0.0,1500,500,,500,500,44,,200,,,648,,49.9,0.7200,0.6000,0.6000,1.1000,0.00292779,0.11028010,0.15614880,0.00390372,0.00000000,0.20982490,0.33376810,1.17876000,0.00054945,0.00067155,0.00384615,0.02722830,3.69977600,3.30724900,1.78852100,1.10915600,0.61501770,1.10146400,0.79963290,0.72043880,3.30219400,3.30585700,0.79912020,4.92584000,4.91780000,0.00854700, 2, 255, 7, 24,0x50000,No,No,No,No,No,Yes,No,Yes
2026-04-11 12:19:41,0.0,1500,500,,500,500,44,,200,,,648,,50.5,0.7200,0.6000,0.6000,1.1000,0.02147046,0.07417068,0.12296720,0.00390372,0.00000000,0.21080090,0.32986440,1.17876000,0.00036630,0.00103785,0.00409035,0.02735040,3.69977600,3.31374500,1.78852100,1.10805800,0.61575030,1.10476100,0.79999920,0.72097620,3.30402600,3.30402600,0.79882700,4.94326000,4.94326000,0.00854700, 2, 255, 7, 24,0x50000,No,No,No,No,No,Yes,No,Yes
2026-04-11 12:19:43,0.0,1500,500,,500,500,44,,200,,,648,,51.6,0.7200,0.6000,0.6000,1.1000,0.00000000,0.07124290,0.12784680,0.00195186,0.00000000,0.21372870,0.33376810,1.17876000,0.00036630,0.00085470,0.00488400,0.02698410,3.69977600,3.31374500,1.80024200,1.10915600,0.61575030,1.10366200,0.79963290,0.72043880,3.30219400,3.30311000,0.79970620,4.94728000,4.94996000,0.00854700, 2, 255, 7, 24,0x50000,No,No,No,No,No,Yes,No,Yes
2026-04-11 12:19:45,0.0,1500,500,,500,500,44,,200,,,648,,51.0,0.7200,0.6000,0.6000,1.1000,0.00000000,0.06929103,0.12589500,0.00292779,0.00000000,0.21177680,0.32986440,1.16983000,0.00054945,0.00067155,0.00433455,0.02747250,3.69977600,3.30724900,1.79926600,1.10695900,0.61428510,1.10256300,0.79926660,0.72043880,3.30219400,3.30311000,0.79912020,4.94728000,4.94058000,0.00854700, 2, 255, 7, 24,0x50000,No,No,No,No,No,Yes,No,Yes
2026-04-11 12:19:47,0.0,1500,500,,500,500,44,,200,,,648,,51.0,0.7200,0.6000,0.6000,1.1000,0.00097593,0.06929103,0.12589500,0.00780744,0.00000000,0.20982490,0.33376810,1.18769000,0.00054945,0.00067155,0.00409035,0.02710620,3.69977600,3.31838500,1.78852100,1.10695900,0.61538400,1.10402800,0.80036550,0.72043880,3.30219400,3.30311000,0.79941320,4.93924000,4.94594000,0.00854700, 2, 255, 7, 24,0x50000,No,No,No,No,No,Yes,No,Yes
2026-04-11 12:19:49,0.0,1500,500,,500,500,44,,200,,,648,,51.0,0.7200,0.6000,0.6000,1.1000,0.00000000,0.06929103,0.12784680,0.00780744,0.00000000,0.20982490,0.33279210,1.17876000,0.00036630,0.00079365,0.00409035,0.02747250,3.70070400,3.30910500,1.79828900,1.10805800,0.61538400,1.10073200,0.79999920,0.72017020,3.29944700,3.30494200,0.79941320,4.94058000,4.93924000,0.00854700, 2, 255, 7, 24,0x50000,No,No,No,No,No,Yes,No,Yes
2026-04-11 12:19:51,0.0,1500,500,,500,500,44,,200,,,648,,51.0,0.7200,0.6000,0.6000,1.1000,0.00000000,0.07319475,0.12687090,0.00780744,0.00000000,0.20982490,0.33279210,1.17876000,0.00054945,0.00085470,0.00433455,0.02722830,3.70070400,3.30632200,1.79926600,1.10146400,0.61575030,1.10292900,0.79963290,0.72070740,3.29944700,3.30494200,0.79970620,4.94058000,4.94058000,0.00854700, 2, 255, 7, 24,0x50000,No,No,No,No,No,Yes,No,Yes
2026-04-11 12:19:54,0.0,1500,500,,500,500,43,,200,,,648,,51.0,0.7200,0.6000,0.6000,1.1000,0.06441138,0.07221882,0.12882280,0.00487965,0.00000000,0.20982490,0.32986440,1.18769000,0.00048840,0.00079365,0.00433455,0.02735040,3.69977600,3.32580900,1.79828900,1.10402800,0.61684920,1.10402800,0.79926660,0.72043880,3.29944700,3.30585700,0.79912020,4.94996000,4.94058000,0.00854700, 2, 255, 7, 24,0x50000,No,No,No,No,No,Yes,No,Yes
2026-04-11 12:19:56,0.0,1500,500,,500,500,44,,200,,,648,,51.0,0.7200,0.6000,0.6000,1.1000,0.00000000,0.07417068,0.12687090,0.00780744,0.00000000,0.21177680,0.33279210,1.17876000,0.00042735,0.00103785,0.00421245,0.02722830,3.69977600,3.31745700,1.81684800,1.10292900,0.61611660,1.10073200,0.79999920,0.72043880,3.30127900,3.30311000,0.79882700,4.94192000,4.92986000,0.00854700, 2, 255, 7, 24,0x50000,No,No,No,No,No,Yes,No,Yes
2026-04-11 12:19:58,0.0,1500,500,,500,500,44,,200,,,648,,49.9,0.7200,0.6000,0.6000,1.1000,0.00000000,0.07026696,0.12687090,0.00683151,0.00000000,0.21177680,0.33376810,1.17876000,0.00048840,0.00091575,0.00488400,0.02722830,3.69792000,3.29704200,1.79828900,1.10402800,0.61501770,1.10292900,0.79963290,0.72070740,3.30219400,3.30585700,0.79912020,4.94460000,4.94728000,0.00854700, 2, 255, 7, 24,0x50000,No,No,No,No,No,Yes,No,Yes
2026-04-11 12:20:00,0.0,1500,500,,500,500,44,,200,,,648,,49.4,0.7200,0.6000,0.6000,1.1000,0.00000000,0.07319475,0.12687090,0.00780744,0.00000000,0.22153610,0.33084030,1.17876000,0.00036630,0.00103785,0.00402930,0.02722830,3.69977600,3.30724900,1.78900900,1.10292900,0.61648290,1.10292900,0.79890030,0.72097620,3.30036300,3.30402600,0.79941320,4.94862000,4.94862000,0.00940170, 2, 255, 7, 24,0x50000,No,No,No,No,No,Yes,No,Yes
2026-04-11 12:20:02,0.0,1500,500,,500,500,44,,200,,,648,,51.0,0.7200,0.6000,0.6000,1.1000,0.01366302,0.07514661,0.12589500,0.00683151,0.00000000,0.20787310,0.33376810,1.17876000,0.00048840,0.00067155,0.00439560,0.02722830,3.69977600,3.29425800,1.81684800,1.10292900,0.61575030,1.10402800,0.80036550,0.72017020,3.30127900,3.30402600,0.79882700,4.94326000,4.94728000,0.00854700, 2, 255, 7, 24,0x50000,No,No,No,No,No,Yes,No,Yes
2026-04-11 12:20:04,0.0,1500,500,,500,500,44,,200,,,648,,50.5,0.7200,0.6000,0.6000,1.1000,0.00292779,0.06831510,0.12589500,0.00683151,0.00000000,0.20884900,0.32888840,1.17876000,0.00054945,0.00067155,0.00421245,0.02747250,3.69977600,3.31003300,1.79926600,1.10695900,0.61575030,1.10073200,0.80036550,0.72043880,3.30219400,3.30311000,0.79912020,4.93924000,4.94728000,0.00854700, 2, 255, 7, 24,0x50000,No,No,No,No,No,Yes,No,Yes
2026-04-11 12:20:06,0.0,1500,500,,500,500,43,,200,,,648,,51.0,0.7200,0.6000,0.6000,1.1000,0.05172429,0.06733918,0.12687090,0.00683151,0.00000000,0.21763240,0.33181620,1.18769000,0.00054945,0.00067155,0.00421245,0.02747250,3.69884800,3.29982600,1.79926600,1.10915600,0.61684920,1.10073200,0.79890030,0.72043880,3.29944700,3.30402600,0.79912020,4.94996000,4.95264000,0.00854700, 2, 255, 7, 24,0x50000,No,No,No,No,No,Yes,No,Yes
2026-04-11 12:20:09,0.0,1500,500,,500,500,44,,200,,,648,,52.1,0.7200,0.6000,0.6000,1.1000,0.00000000,0.07319475,0.12491900,0.00487965,0.00000000,0.21080090,0.33376810,1.17876000,0.00048840,0.00067155,0.00433455,0.02735040,3.69977600,3.29889800,1.78852100,1.10476100,0.61501770,1.10366200,0.80073180,0.72043880,3.30219400,3.30402600,0.79882700,4.94728000,4.94192000,0.00854700, 2, 255, 7, 24,0x50000,No,No,No,No,No,Yes,No,Yes
2026-04-11 12:20:11,0.0,1500,500,,500,500,44,,200,,,648,,50.5,0.7200,0.6000,0.6000,1.1000,0.00097593,0.07319475,0.12394310,0.00683151,0.00000000,0.20982490,0.33571990,1.17876000,0.00054945,0.00067155,0.00421245,0.02722830,3.69884800,3.31003300,1.81684800,1.10512700,0.61501770,1.10329600,0.80036550,0.72043880,3.30219400,3.30311000,0.79882700,4.94460000,4.93388000,0.00854700, 2, 255, 7, 24,0x50000,No,No,No,No,No,Yes,No,Yes
2026-04-11 12:20:13,0.0,1500,500,,500,500,44,,200,,,648,,49.9,0.7200,0.6000,0.6000,1.1000,0.00195186,0.06929103,0.12687090,0.00878337,0.00000000,0.21372870,0.32888840,1.17876000,0.00054945,0.00067155,0.00433455,0.02722830,3.69884800,3.31003300,1.78852100,1.10439400,0.61575030,1.10219700,0.79963290,0.72043880,3.30219400,3.30311000,0.79882700,4.94996000,4.94326000,0.00940170, 2, 255, 7, 24,0x50000,No,No,No,No,No,Yes,No,Yes
2026-04-11 12:20:15,0.0,1500,500,,500,500,43,,200,,,648,,49.9,0.7200,0.6000,0.6000,1.1000,0.00000000,0.07417068,0.12784680,0.01073523,0.00000000,0.21080090,0.43721660,1.16983000,0.00054945,0.00091575,0.00409035,0.02698410,3.70070400,3.31374500,1.79926600,1.10586000,0.61611660,1.10146400,0.79963290,0.72043880,3.30311000,3.30402600,0.79912020,4.93924000,4.95264000,0.00940170, 2, 255, 7, 24,0x50000,No,No,No,No,No,Yes,No,Yes
2026-04-11 12:20:17,0.0,1500,500,,500,500,44,,200,,,648,,49.4,0.7200,0.6000,0.6000,1.1000,0.04196499,0.07319475,0.12784680,0.00487965,0.00000000,0.22251200,0.33084030,1.16983000,0.00036630,0.00079365,0.00439560,0.02710620,3.70163200,3.30168200,1.80024200,1.10292900,0.61575030,1.10146400,0.80036550,0.72043880,3.30311000,3.30402600,0.79794790,4.94728000,4.93924000,0.00854700, 2, 255, 7, 24,0x50000,No,No,No,No,No,Yes,No,Yes
2026-04-11 12:20:19,0.0,1500,500,,500,500,44,,200,,,648,,51.6,0.7200,0.6000,0.6000,1.1000,0.00000000,0.07221882,0.12784680,0.00683151,0.00000000,0.21080090,0.33084030,1.17876000,0.00054945,0.00067155,0.00421245,0.02722830,3.70070400,3.31374500,1.79926600,1.10695900,0.61684920,1.10329600,0.79670250,0.72070740,3.30219400,3.30311000,0.79941320,4.94996000,4.95264000,0.00854700, 2, 255, 7, 24,0x50000,No,No,No,No,No,Yes,No,Yes
2026-04-11 12:20:21,0.0,1500,500,,500,500,44,,200,,,648,,51.6,0.7200,0.6000,0.6000,1.1000,0.00000000,0.07514661,0.12589500,0.00487965,0.00000000,0.21080090,0.32888840,1.19662000,0.00048840,0.00085470,0.00433455,0.02710620,3.69792000,3.30724900,1.79926600,1.10622600,0.61428510,1.10256300,0.79999920,0.72043880,3.30219400,3.30494200,0.79912020,4.94728000,4.93924000,0.00854700, 2, 255, 7, 24,0x50000,No,No,No,No,No,Yes,No,Yes
2026-04-11 12:20:24,0.0,1500,500,,500,500,44,,200,,,648,,51.0,0.7200,0.6000,0.6000,1.1000,0.00195186,0.07417068,0.12687090,0.00683151,0.00000000,0.21177680,0.33181620,1.18769000,0.00048840,0.00091575,0.00409035,0.02698410,3.69977600,3.31374500,1.80024200,1.10109800,0.61648290,1.10292900,0.79926660,0.72043880,3.30219400,3.30402600,0.79912020,4.94192000,4.93924000,0.00854700, 2, 255, 7, 24,0x50000,No,No,No,No,No,Yes,No,Yes
2026-04-11 12:20:26,0.0,1500,500,,500,500,44,,200,,,648,,51.0,0.7200,0.6000,0.6000,1.1000,0.00292779,0.07709848,0.12491900,0.00780744,0.00000000,0.21080090,0.33279210,1.17876000,0.00048840,0.00079365,0.00409035,0.02710620,3.69977600,3.30168200,1.80024200,1.10402800,0.61648290,1.10292900,0.80036550,0.72043880,3.30219400,3.30311000,0.79912020,4.94728000,4.93924000,0.00854700, 2, 255, 7, 24,0x50000,No,No,No,No,No,Yes,No,Yes
2026-04-11 12:20:28,0.0,1500,500,,500,500,44,,200,,,648,,49.9,0.7200,0.6000,0.6000,1.1000,0.00000000,0.07319475,0.12491900,0.00390372,0.00000000,0.21372870,0.33181620,1.17876000,0.00048840,0.00067155,0.00439560,0.02710620,3.69977600,3.31931300,1.80024200,1.10805800,0.61575030,1.10366200,0.79999920,0.72043880,3.30219400,3.30494200,0.79970620,4.93924000,4.94996000,0.00854700, 2, 255, 7, 24,0x50000,No,No,No,No,No,Yes,No,Yes
2026-04-11 12:20:30,0.0,1500,500,,500,500,44,,200,,,648,,51.0,0.7200,0.6000,0.6000,1.1000,0.04294092,0.07709848,0.12784680,0.00780744,0.00000000,0.21080090,0.33376810,1.19662000,0.00054945,0.00079365,0.00439560,0.02698410,3.69792000,3.30168200,1.80024200,1.10695900,0.61611660,1.10219700,0.79890030,0.72043880,3.30219400,3.30311000,0.79912020,4.93924000,4.94594000,0.00854700, 2, 255, 7, 24,0x50000,No,No,No,No,No,Yes,No,Yes
2026-04-11 12:20:32,0.2,1500,500,,500,500,44,,200,,,648,,51.0,0.7200,0.6000,0.6000,1.1000,0.00097593,0.06831510,0.12491900,0.00683151,0.00000000,0.20884900,0.33279210,1.17876000,0.00054945,0.00042735,0.00488400,0.02759460,3.69884800,3.32580900,1.79828900,1.10915600,0.61611660,1.10292900,0.79963290,0.72043880,3.30127900,3.30494200,0.79941320,4.94058000,4.94996000,0.00854700, 2, 255, 7, 24,0x50000,No,No,No,No,No,Yes,No,Yes
2026-04-11 12:20:34,0.0,1500,500,,500,500,44,,200,,,648,,52.1,0.7200,0.6000,0.6000,1.1000,0.00000000,0.07514661,0.12784680,0.00487965,0.00000000,0.21177680,0.33181620,1.18769000,0.00054945,0.00079365,0.00488400,0.02698410,3.69792000,3.31003300,1.79828900,1.10695900,0.61611660,1.10329600,0.79963290,0.72017020,3.30127900,3.30494200,0.79941320,4.93522000,4.94192000,0.00854700, 2, 255, 7, 24,0x50000,No,No,No,No,No,Yes,No,Yes
2026-04-11 12:20:36,0.0,1500,500,,500,500,43,,200,,,648,,51.0,0.7200,0.6000,0.6000,1.1000,0.00097593,0.06929103,0.12687090,0.00975930,0.00000000,0.20884900,0.33376810,1.18769000,0.00054945,0.00091575,0.00384615,0.02735040,3.70070400,3.32580900,1.80024200,1.10292900,0.61611660,1.10366200,0.79890030,0.72043880,3.30311000,3.30494200,0.79941320,4.94728000,4.93120000,0.00854700, 2, 255, 7, 24,0x50000,No,No,No,No,No,Yes,No,Yes
2026-04-11 12:20:39,0.0,1500,500,,500,500,44,,200,,,648,,50.5,0.7200,0.6000,0.6000,1.1000,0.00097593,0.07319475,0.12296720,0.00487965,0.00000000,0.21275270,0.33084030,1.17876000,0.00036630,0.00067155,0.00445665,0.02735040,3.69977600,3.29889800,1.79926600,1.10439400,0.61684920,1.10366200,0.79999920,0.72097620,3.30219400,3.30311000,0.79941320,4.94192000,4.94996000,0.00854700, 2, 255, 7, 24,0x50000,No,No,No,No,No,Yes,No,Yes
2026-04-11 12:20:41,0.0,1500,500,,500,500,43,,200,,,648,,51.0,0.7200,0.6000,0.6000,1.1000,0.05172429,0.07221882,0.12589500,0.00585558,0.00000000,0.20787310,0.32986440,1.18769000,0.00054945,0.00091575,0.00421245,0.02710620,3.70070400,3.31374500,1.79828900,1.10219700,0.61575030,1.10366200,0.80146440,0.72070740,3.30311000,3.30494200,0.79941320,4.94594000,4.92986000,0.00854700, 2, 255, 7, 24,0x50000,No,No,No,No,No,Yes,No,Yes
2026-04-11 12:20:43,0.0,1500,500,,500,500,44,,200,,,648,,49.9,0.7200,0.6000,0.6000,1.1000,0.07124290,0.06929103,0.12687090,0.00292779,0.00000000,0.23519910,0.32986440,1.17876000,0.00036630,0.00067155,0.00488400,0.02722830,3.69884800,3.29518600,1.79389300,1.10805800,0.61648290,1.10183000,0.79670250,0.72097620,3.30036300,3.30311000,0.79882700,4.94326000,4.94728000,0.00854700, 2, 255, 7, 24,0x50000,No,No,No,No,No,Yes,No,Yes
2026-04-11 12:20:45,0.0,1500,500,,500,500,44,,200,,,648,,49.9,0.7200,0.6000,0.6000,1.1000,0.00000000,0.07319475,0.12589500,0.00292779,0.00000000,0.22056020,0.33084030,1.18769000,0.00048840,0.00067155,0.00488400,0.02698410,3.69977600,3.31467300,1.79926600,1.10292900,0.61575030,1.10146400,0.79890030,0.72043880,3.30219400,3.30585700,0.79882700,4.94728000,4.94728000,0.00854700, 2, 255, 7, 24,0x50000,No,No,No,No,No,Yes,No,Yes
2026-04-11 12:20:47,0.0,1500,500,,500,500,44,,200,,,648,,49.9,0.7200,0.6000,0.6000,1.1000,0.00097593,0.08392998,0.12687090,0.00390372,0.00000000,0.21080090,0.33084030,1.17876000,0.00042735,0.00067155,0.00451770,0.02759460,3.69977600,3.30724900,1.79926600,1.10695900,0.60476130,1.10476100,0.79999920,0.72097620,3.30036300,3.30402600,0.79882700,4.92182000,4.92048000,0.00854700, 2, 255, 7, 24,0x50000,No,No,No,No,No,Yes,No,Yes
2026-04-11 12:20:49,0.0,1500,500,,500,500,44,,200,,,648,,50.5,0.7200,0.6000,0.6000,1.1000,0.00000000,0.07026696,0.12589500,0.00585558,0.00000000,0.20982490,0.32986440,1.17876000,0.00048840,0.00079365,0.00427350,0.02735040,3.70070400,3.32580900,1.79828900,1.10769100,0.61538400,1.10402800,0.80036550,0.72043880,3.30219400,3.30585700,0.79912020,4.94728000,4.95264000,0.00854700, 2, 255, 7, 24,0x50000,No,No,No,No,No,Yes,No,Yes
2026-04-11 12:20:51,0.0,1500,500,,500,500,44,,200,,,648,,49.9,0.7200,0.6000,0.6000,1.1000,0.00000000,0.06831510,0.12687090,0.00195186,0.00000000,0.20787310,0.33084030,1.18769000,0.00036630,0.00042735,0.00457875,0.02698410,3.70070400,3.31003300,1.79828900,1.10146400,0.61721550,1.10476100,0.79926660,0.72043880,3.30219400,3.30311000,0.79912020,4.94728000,4.94460000,0.00854700, 2, 255, 7, 24,0x50000,No,No,No,No,No,Yes,No,Yes
2026-04-11 12:20:53,0.0,1500,500,,500,500,44,,200,,,648,,51.0,0.7200,0.6000,0.6000,1.1000,0.00000000,0.07514661,0.12589500,0.00585558,0.00000000,0.21080090,0.33181620,1.17876000,0.00054945,0.00067155,0.00445665,0.02710620,3.69977600,3.32952100,1.79926600,1.10146400,0.61391880,1.10292900,0.79963290,0.72043880,3.30219400,3.30311000,0.79912020,4.93120000,4.94058000,0.00854700, 2, 255, 7, 24,0x50000,No,No,No,No,No,Yes,No,Yes
2026-04-11 12:20:56,0.0,1500,500,,500,500,44,,200,,,648,,51.0,0.7200,0.6000,0.6000,1.1000,0.04586871,0.07319475,0.12784680,0.00683151,0.00000000,0.20787310,0.32986440,1.17876000,0.00054945,0.00067155,0.00439560,0.02722830,3.69884800,3.31838500,1.78900900,1.10622600,0.61575030,1.10329600,0.79926660,0.72043880,3.30036300,3.30311000,0.79882700,4.94728000,4.94460000,0.00854700, 2, 255, 7, 24,0x50000,No,No,No,No,No,Yes,No,Yes
2026-04-11 12:20:58,0.0,1500,500,,500,500,44,,200,,,648,,51.0,0.7200,0.6000,0.6000,1.1000,0.00000000,0.07221882,0.12589500,0.00683151,0.00000000,0.21275270,0.33279210,1.17876000,0.00054945,0.00091575,0.00488400,0.02710620,3.69884800,3.32766400,1.80610300,1.10732500,0.61575030,1.10292900,0.79816780,0.72017020,3.30127900,3.30402600,0.79853400,4.94594000,4.94326000,0.00854700, 2, 255, 7, 24,0x50000,No,No,No,No,No,Yes,No,Yes
2026-04-11 12:21:00,0.0,1500,500,,500,500,44,,200,,,648,,49.9,0.7200,0.6000,0.6000,1.1000,0.00000000,0.07417068,0.12589500,0.00390372,0.00000000,0.20884900,0.33181620,1.17876000,0.00054945,0.00067155,0.00445665,0.02710620,3.69977600,3.31374500,1.78852100,1.10329600,0.61575030,1.10366200,0.79890030,0.72043880,3.30219400,3.30311000,0.79882700,4.94192000,4.94728000,0.00854700, 2, 255, 7, 24,0x50000,No,No,No,No,No,Yes,No,Yes
2026-04-11 12:21:02,0.0,1500,500,,500,500,44,,200,,,648,,49.9,0.7200,0.6000,0.6000,1.1000,0.00097593,0.06733918,0.12784680,0.00390372,0.00000000,0.21080090,0.32888840,1.18769000,0.00036630,0.00067155,0.00427350,0.02710620,3.69977600,3.30632200,1.79926600,1.10073200,0.61501770,1.10256300,0.80036550,0.72043880,3.30219400,3.30585700,0.79912020,4.94728000,4.93924000,0.00854700, 2, 255, 7, 24,0x50000,No,No,No,No,No,Yes,No,Yes
2026-04-11 12:21:04,0.0,1500,500,,500,500,44,,200,,,648,,49.9,0.7200,0.6000,0.6000,1.1000,0.00000000,0.07319475,0.12589500,0.00683151,0.00000000,0.20787310,0.33279210,1.18769000,0.00054945,0.00091575,0.00384615,0.02698410,3.69792000,3.32952100,1.80024200,1.10769100,0.61611660,1.09999900,0.79999920,0.72043880,3.30219400,3.30494200,0.79941320,4.94996000,4.95532000,0.00854700, 2, 255, 7, 24,0x50000,No,No,No,No,No,Yes,No,Yes
2026-04-11 12:21:06,-0.0,1500,500,,500,500,44,,200,,,648,,50.5,0.7200,0.6000,0.6000,1.1000,0.00097593,0.07319475,0.12589500,0.00390372,0.00000000,0.20982490,0.33181620,1.16983000,0.00054945,0.00067155,0.00427350,0.02673990,3.70070400,3.31188900,1.78852100,1.10439400,0.61575030,1.10512700,0.79890030,0.72043880,3.30219400,3.30311000,0.79941320,4.94728000,4.94058000,0.00854700, 2, 255, 7, 24,0x50000,No,No,No,No,No,Yes,No,Yes
2026-04-11 12:21:08,0.0,1500,500,,500,500,44,,200,,,648,,51.0,0.7200,0.6000,0.6000,1.1000,0.05172429,0.07221882,0.12589500,0.00292779,0.00000000,0.20884900,0.33084030,1.18769000,0.00048840,0.00091575,0.00488400,0.02735040,3.70070400,3.30168200,1.79828900,1.10695900,0.61575030,1.10402800,0.79963290,0.72097620,3.30219400,3.30585700,0.79912020,4.94460000,4.95264000,0.00854700, 2, 255, 7, 24,0x50000,No,No,No,No,No,Yes,No,Yes
2026-04-11 12:21:11,0.0,1500,500,,500,500,43,,200,,,648,,51.6,0.7200,0.6000,0.6000,1.1000,0.00000000,0.07221882,0.12687090,0.00390372,0.00000000,0.22153610,0.32888840,1.17876000,0.00054945,0.00091575,0.00488400,0.02710620,3.70070400,3.31188900,1.79828900,1.10219700,0.61611660,1.10292900,0.79926660,0.72070740,3.30219400,3.30494200,0.79941320,4.94058000,4.95264000,0.00854700, 2, 255, 7, 24,0x50000,No,No,No,No,No,Yes,No,Yes
2026-04-11 12:21:13,0.0,1500,500,,500,500,44,,200,,,648,,50.5,0.7200,0.6000,0.6000,1.1000,0.00000000,0.07319475,0.12784680,0.00878337,0.00000000,0.21177680,0.32986440,1.18769000,0.00036630,0.00067155,0.00439560,0.02710620,3.69977600,3.32580900,1.78900900,1.10805800,0.61648290,1.10146400,0.79926660,0.72043880,3.30219400,3.30311000,0.79882700,4.93656000,4.94326000,0.00940170, 2, 255, 7, 24,0x50000,No,No,No,No,No,Yes,No,Yes
2026-04-11 12:21:15,0.0,1500,500,,500,500,44,,200,,,648,,50.5,0.7200,0.6000,0.6000,1.1000,0.00195186,0.07417068,0.12687090,0.00780744,0.00000000,0.21080090,0.33376810,1.18769000,0.00036630,0.00091575,0.00488400,0.02747250,3.69977600,3.31096100,1.80024200,1.10769100,0.61575030,1.10512700,0.79926660,0.72043880,3.30219400,3.30402600,0.79912020,4.94728000,4.94996000,0.00854700, 2, 255, 7, 24,0x50000,No,No,No,No,No,Yes,No,Yes
2026-04-11 12:21:17,0.0,1500,500,,500,500,44,,200,,,648,,51.0,0.7200,0.6000,0.6000,1.1000,0.00097593,0.07319475,0.12687090,0.00683151,0.00000000,0.21860830,0.33181620,1.18769000,0.00054945,0.00067155,0.00409035,0.02735040,3.69977600,3.30168200,1.79926600,1.10695900,0.61611660,1.10073200,0.79926660,0.72043880,3.29944700,3.30494200,0.79912020,4.95264000,4.94326000,0.00854700, 2, 255, 7, 24,0x50000,No,No,No,No,No,Yes,No,Yes
2026-04-11 12:21:19,0.0,1500,500,,500,500,44,,200,,,648,,51.0,0.7200,0.6000,0.6000,1.1000,0.00000000,0.07514661,0.12491900,0.00390372,0.00000000,0.21080090,0.32986440,1.17876000,0.00054945,0.00091575,0.00409035,0.02710620,3.70070400,3.29982600,1.80024200,1.10146400,0.61758180,1.10292900,0.80036550,0.72070740,3.30219400,3.30494200,0.79882700,4.94728000,4.94594000,0.00854700, 2, 255, 7, 24,0x50000,No,No,No,No,No,Yes,No,Yes
2026-04-11 12:21:21,0.0,1500,500,,500,500,44,,200,,,648,,51.6,0.7200,0.6000,0.6000,1.1000,0.06050766,0.08100219,0.12589500,0.00585558,0.00000000,0.20787310,0.32888840,1.18769000,0.00054945,0.00067155,0.00433455,0.02698410,3.69977600,3.32209700,1.79926600,1.10292900,0.61684920,1.10146400,0.79926660,0.72043880,3.30219400,3.30402600,0.79912020,4.94728000,4.94058000,0.00854700, 2, 255, 7, 24,0x50000,No,No,No,No,No,Yes,No,Yes
2026-04-11 12:21:23,0.0,1500,500,,500,500,44,,200,,,648,,51.6,0.7200,0.6000,0.6000,1.1000,0.00000000,0.06733918,0.12784680,0.00780744,0.00000000,0.20884900,0.32888840,1.17876000,0.00054945,0.00079365,0.00445665,0.02747250,3.69884800,3.32952100,1.79828900,1.10695900,0.61648290,1.10073200,0.80036550,0.72070740,3.29944700,3.30494200,0.79941320,4.93388000,4.94058000,0.00854700, 2, 255, 7, 24,0x50000,No,No,No,No,No,Yes,No,Yes
2026-04-11 12:21:26,0.0,1500,500,,500,500,43,,200,,,648,,51.0,0.7200,0.6000,0.6000,1.1000,0.00097593,0.08100219,0.12687090,0.00780744,0.00000000,0.20689720,0.33279210,1.19662000,0.00036630,0.00079365,0.00439560,0.02710620,3.69977600,3.31838500,1.80024200,1.10292900,0.61538400,1.10219700,0.79999920,0.72043880,3.30219400,3.30402600,0.79912020,4.94728000,4.93924000,0.00854700, 2, 255, 7, 24,0x50000,No,No,No,No,No,Yes,No,Yes
2026-04-11 12:21:28,0.0,1500,500,,500,500,44,,200,,,648,,51.0,0.7200,0.6000,0.6000,1.1000,0.00195186,0.07221882,0.12784680,0.00585558,0.00000000,0.21080090,0.33279210,1.18769000,0.00054945,0.00091575,0.00421245,0.02759460,3.69884800,3.31003300,1.80024200,1.10769100,0.61611660,1.10512700,0.79890030,0.72043880,3.30311000,3.30585700,0.79794790,4.94728000,4.94996000,0.00854700, 2, 255, 7, 24,0x50000,No,No,No,No,No,Yes,No,Yes
2026-04-11 12:21:30,0.0,1500,500,,500,500,43,,200,,,648,,51.0,0.7200,0.6000,0.6000,1.1000,0.00097593,0.07319475,0.12687090,0.00780744,0.00000000,0.21080090,0.33181620,1.19662000,0.00054945,0.00085470,0.00488400,0.02735040,3.69977600,3.31096100,1.80024200,1.10146400,0.61465140,1.10073200,0.79963290,0.72070740,3.29944700,3.30494200,0.79941320,4.93388000,4.94862000,0.00854700, 2, 255, 7, 24,0x50000,No,No,No,No,No,Yes,No,Yes
2026-04-11 12:21:32,0.0,1500,500,,500,500,44,,200,,,648,,52.1,0.7200,0.6000,0.6000,1.1000,0.05270022,0.06636324,0.12687090,0.00683151,0.00000000,0.20982490,0.32986440,1.19662000,0.00048840,0.00079365,0.00409035,0.02722830,3.70070400,3.30910500,1.79828900,1.10439400,0.61355250,1.10073200,0.79926660,0.72070740,3.30219400,3.30494200,0.79912020,4.92852000,4.94058000,0.00854700, 2, 255, 7, 24,0x50000,No,No,No,No,No,Yes,No,Yes
2026-04-11 12:21:34,0.0,1500,500,,500,500,44,,200,,,648,,51.6,0.7200,0.6000,0.6000,1.1000,0.00000000,0.07221882,0.12687090,0.00487965,0.00000000,0.30839390,0.33571990,1.18769000,0.00054945,0.00067155,0.00421245,0.02722830,3.69977600,3.30724900,1.78852100,1.10695900,0.61428510,1.10292900,0.80073180,0.72043880,3.30219400,3.30585700,0.79941320,4.94728000,4.94996000,0.00854700, 2, 255, 7, 24,0x50000,No,No,No,No,No,Yes,No,Yes
2026-04-11 12:21:36,0.0,1500,500,,500,500,44,,200,,,648,,51.0,0.7200,0.6000,0.6000,1.1000,0.00097593,0.07319475,0.12491900,0.00195186,0.00000000,0.22056020,0.33376810,1.18769000,0.00054945,0.00091575,0.00384615,0.02735040,3.69884800,3.29797000,1.79877700,1.10695900,0.61465140,1.10256300,0.80073180,0.72070740,3.30127900,3.30494200,0.79941320,4.94058000,4.94058000,0.00854700, 2, 255, 7, 24,0x50000,No,No,No,No,No,Yes,No,Yes
2026-04-11 12:21:38,0.0,1500,500,,500,500,43,,200,,,648,,51.6,0.7200,0.6000,0.6000,1.1000,0.00195186,0.07417068,0.12394310,0.00683151,0.00000000,0.21080090,0.32986440,1.19662000,0.00036630,0.00067155,0.00433455,0.02747250,3.69977600,3.30353800,1.78900900,1.10146400,0.61281990,1.10146400,0.79999920,0.72097620,3.30127900,3.30402600,0.79882700,4.94326000,4.92986000,0.00854700, 2, 255, 7, 24,0x50000,No,No,No,No,No,Yes,No,Yes
2026-04-11 12:21:41,0.0,1500,500,,500,500,43,,200,,,648,,51.0,0.7200,0.6000,0.6000,1.1000,0.00195186,0.12296720,0.15712470,0.00487965,0.00000000,0.21177680,0.33181620,1.16983000,0.00054945,0.00067155,0.00409035,0.02735040,3.69884800,3.32766400,1.79096300,1.10439400,0.61355250,1.10256300,0.79926660,0.72043880,3.30402600,3.30402600,0.79941320,4.92450000,4.92450000,0.00940170, 2, 255, 7, 24,0x50000,No,No,No,No,No,Yes,No,Yes
2026-04-11 12:21:43,0.0,1500,500,,500,500,44,,200,,,648,,51.6,0.7200,0.6000,0.6000,1.1000,0.00000000,0.07124290,0.12589500,0.00585558,0.00000000,0.20982490,0.32693650,1.17876000,0.00054945,0.00067155,0.00427350,0.02722830,3.69977600,3.30260900,1.78852100,1.10292900,0.61428510,1.10366200,0.79999920,0.72097620,3.30219400,3.30585700,0.79882700,4.94460000,4.94594000,0.00854700, 2, 255, 7, 24,0x50000,No,No,No,No,No,Yes,No,Yes
2026-04-11 12:21:45,0.0,1500,500,,500,500,44,,200,,,648,,51.6,0.7200,0.6000,0.6000,1.1000,0.00097593,0.06929103,0.12589500,0.00487965,0.00000000,0.21080090,0.33279210,1.19662000,0.00054945,0.00091575,0.00433455,0.02735040,3.69977600,3.30168200,1.80024200,1.10292900,0.61465140,1.10476100,0.79999920,0.72043880,3.30219400,3.30494200,0.79941320,4.93924000,4.94460000,0.00854700, 2, 255, 7, 24,0x50000,No,No,No,No,No,Yes,No,Yes
2026-04-11 12:21:47,0.0,1500,500,,500,500,44,,200,,,648,,49.9,0.7200,0.6000,0.6000,1.1000,0.00000000,0.07319475,0.12687090,0.00585558,0.00000000,0.22251200,0.33181620,1.18769000,0.00054945,0.00079365,0.00488400,0.02747250,3.70070400,3.31838500,1.79828900,1.10549400,0.61465140,1.10402800,0.80073180,0.72017020,3.30219400,3.30494200,0.79970620,4.94058000,4.94594000,0.00854700, 2, 255, 7, 24,0x50000,No,No,No,No,No,Yes,No,Yes
2026-04-11 12:21:49,0.0,1500,500,,500,500,44,,200,,,648,,49.9,0.7200,0.6000,0.6000,1.1000,0.00097593,0.06831510,0.12687090,0.00487965,0.00000000,0.20982490,0.33181620,1.17876000,0.00036630,0.00079365,0.00409035,0.02735040,3.69792000,3.31003300,1.79926600,1.10695900,0.61428510,1.10219700,0.79926660,0.72043880,3.30219400,3.30311000,0.79882700,4.93924000,4.93924000,0.00854700, 2, 255, 7, 24,0x50000,No,No,No,No,No,Yes,No,Yes
2026-04-11 12:21:51,0.0,1500,500,,500,500,44,,200,,,648,,49.9,0.7200,0.6000,0.6000,1.1000,0.00000000,0.06831510,0.12687090,0.00390372,0.00000000,0.20884900,0.33084030,1.17876000,0.00048840,0.00091575,0.00433455,0.02710620,3.69884800,3.30724900,1.80024200,1.10586000,0.61245360,1.10329600,0.79999920,0.72070740,3.30219400,3.30311000,0.79912020,4.93924000,4.94728000,0.00854700, 2, 255, 7, 24,0x50000,No,No,No,No,No,Yes,No,Yes
2026-04-11 12:21:53,0.0,1500,500,,500,500,44,,200,,,648,,51.6,0.7200,0.6000,0.6000,1.1000,0.00000000,0.07417068,0.12979870,0.00390372,0.00000000,0.21275270,0.33084030,1.19662000,0.00061050,0.00067155,0.00409035,0.02673990,3.69792000,3.30168200,1.80024200,1.10439400,0.61648290,1.10256300,0.79963290,0.72043880,3.30219400,3.30585700,0.79882700,4.93388000,4.91780000,0.00854700, 2, 255, 7, 24,0x50000,No,No,No,No,No,Yes,No,Yes
2026-04-11 12:21:56,0.0,1500,500,,500,500,44,,200,,,648,,49.4,0.7200,0.6000,0.6000,1.1000,0.00000000,0.07319475,0.12882280,0.00878337,0.00000000,0.20982490,0.33279210,1.19662000,0.00054945,0.00091575,0.00451770,0.02735040,3.69977600,3.30724900,1.78852100,1.10769100,0.61648290,1.10476100,0.80073180,0.72043880,3.30219400,3.30311000,0.79882700,4.93656000,4.94460000,0.00854700, 2, 255, 7, 24,0x50000,No,No,No,No,No,Yes,No,Yes
2026-04-11 12:21:58,0.0,1500,500,,500,500,44,,200,,,648,,51.0,0.7200,0.6000,0.6000,1.1000,0.00000000,0.06831510,0.12589500,0.00585558,0.00000000,0.20884900,0.33181620,1.17876000,0.00054945,0.00091575,0.00421245,0.02759460,3.70070400,3.31003300,1.80024200,1.10695900,0.61648290,1.10292900,0.79999920,0.72097620,3.30127900,3.30402600,0.79941320,4.94996000,4.94862000,0.00854700, 2, 255, 7, 24,0x50000,No,No,No,No,No,Yes,No,Yes
2026-04-11 12:22:00,0.0,1500,500,,500,500,44,,200,,,648,,49.9,0.7200,0.6000,0.6000,1.1000,0.00195186,0.10832820,0.15907660,0.00585558,0.00000000,0.20884900,0.33084030,1.18769000,0.00054945,0.00079365,0.00445665,0.02735040,3.70163200,3.32580900,1.80024200,1.10146400,0.61648290,1.10256300,0.79890030,0.72070740,3.30127900,3.30402600,0.79941320,4.91378000,4.92718000,0.00940170, 2, 255, 7, 24,0x50000,No,No,No,No,No,Yes,No,Yes
2026-04-11 12:22:02,0.0,1500,500,,500,500,44,,200,,,648,,51.6,0.7200,0.6000,0.6000,1.1000,0.00000000,0.07612254,0.12687090,0.00878337,0.00000000,0.20982490,0.33084030,1.18769000,0.00042735,0.00091575,0.00384615,0.02747250,3.69792000,3.31188900,1.79828900,1.10769100,0.61538400,1.10292900,0.80036550,0.72070740,3.29944700,3.30494200,0.79970620,4.94058000,4.93522000,0.00940170, 2, 255, 7, 24,0x50000,No,No,No,No,No,Yes,No,Yes
2026-04-11 12:22:04,0.0,1500,500,,500,500,44,,200,,,648,,50.5,0.7200,0.6000,0.6000,1.1000,0.00000000,0.07417068,0.12784680,0.00683151,0.00000000,0.21080090,0.33181620,1.17876000,0.00042735,0.00054945,0.00488400,0.02673990,3.69977600,3.29982600,1.79926600,1.10292900,0.60622650,1.10146400,0.79999920,0.72097620,3.30036300,3.30311000,0.79882700,4.92718000,4.94996000,0.00854700, 2, 255, 7, 24,0x50000,No,No,No,No,No,Yes,No,Yes
2026-04-11 12:22:06,0.0,1500,500,,500,500,43,,200,,,648,,50.5,0.7200,0.6000,0.6000,1.1000,0.00000000,0.07221882,0.12882280,0.00585558,0.00000000,0.21080090,0.33181620,1.18769000,0.00048840,0.00067155,0.00445665,0.02783880,3.69977600,3.29889800,1.80024200,1.10769100,0.61575030,1.10476100,0.79963290,0.72043880,3.30219400,3.30585700,0.79912020,4.90440000,4.90976000,0.00854700, 2, 255, 7, 24,0x50000,No,No,No,No,No,Yes,No,Yes
2026-04-11 12:22:08,0.0,1500,500,,500,500,44,,200,,,648,,49.9,0.7200,0.6000,0.6000,1.1000,0.00097593,0.07221882,0.12784680,0.00683151,0.00000000,0.21080090,0.33181620,1.18769000,0.00054945,0.00067155,0.00427350,0.02735040,3.69977600,3.30168200,1.78900900,1.10439400,0.61501770,1.10366200,0.79999920,0.72043880,3.30219400,3.30585700,0.79882700,4.94728000,4.94996000,0.00854700, 2, 255, 7, 24,0x50000,No,No,No,No,No,Yes,No,Yes
2026-04-11 12:22:11,0.0,1500,500,,500,500,44,,200,,,648,,49.9,0.7200,0.6000,0.6000,1.1000,0.04586871,0.07124290,0.12589500,0.00585558,0.00000000,0.21372870,0.33279210,1.18769000,0.00054945,0.00091575,0.00384615,0.02698410,3.70070400,3.31003300,1.80024200,1.10219700,0.61758180,1.10402800,0.79999920,0.72070740,3.30127900,3.30402600,0.79970620,4.93254000,4.94192000,0.00940170, 2, 255, 7, 24,0x50000,No,No,No,No,No,Yes,No,Yes
2026-04-11 12:22:13,0.0,1500,500,,500,500,44,,200,,,648,,49.4,0.7200,0.6000,0.6000,1.1000,0.00195186,0.07221882,0.12687090,0.00390372,0.00000000,0.21860830,0.33571990,1.18769000,0.00042735,0.00079365,0.00488400,0.02783880,3.70070400,3.31838500,1.80610300,1.10695900,0.61501770,1.10256300,0.80879040,0.72070740,3.30127900,3.30494200,0.79941320,4.94058000,4.94594000,0.00940170, 2, 255, 7, 24,0x50000,No,No,No,No,No,Yes,No,Yes
2026-04-11 12:22:15,0.0,1500,500,,500,500,44,,200,,,648,,49.9,0.7200,0.6000,0.6000,1.1000,0.00000000,0.07319475,0.12687090,0.00683151,0.00000000,0.21177680,0.33279210,1.17876000,0.00036630,0.00042735,0.00463980,0.02735040,3.70070400,3.32766400,1.79828900,1.10219700,0.61501770,1.10402800,0.79999920,0.72070740,3.30127900,3.30494200,0.79941320,4.93924000,4.94594000,0.00854700, 2, 255, 7, 24,0x50000,No,No,No,No,No,Yes,No,Yes
2026-04-11 12:22:17,0.0,1500,500,,500,500,44,,200,,,648,,50.5,0.7200,0.6000,0.6000,1.1000,0.00000000,0.07319475,0.12784680,0.00585558,0.00000000,0.21080090,0.33181620,1.18769000,0.00054945,0.00091575,0.00409035,0.02747250,3.69977600,3.32580900,1.79828900,1.10695900,0.61501770,1.10476100,0.80073180,0.72097620,3.30219400,3.30494200,0.79912020,4.95264000,4.95264000,0.00854700, 2, 255, 7, 24,0x50000,No,No,No,No,No,Yes,No,Yes
2026-04-11 12:22:19,0.0,1500,500,,500,500,44,,200,,,648,,51.0,0.7200,0.6000,0.6000,1.1000,0.00000000,0.06733918,0.12784680,0.00487965,0.00000000,0.20982490,0.33084030,1.18769000,0.00048840,0.00079365,0.00451770,0.02710620,3.69977600,3.31374500,1.79926600,1.10146400,0.61648290,1.10476100,0.80036550,0.72043880,3.30219400,3.30311000,0.79882700,4.94192000,4.93924000,0.00940170, 2, 255, 7, 24,0x50000,No,No,No,No,No,Yes,No,Yes
2026-04-11 12:22:21,0.0,1500,500,,500,500,44,,200,,,648,,50.5,0.7200,0.6000,0.6000,1.1000,0.00000000,0.08392998,0.12687090,0.00487965,0.00000000,0.20689720,0.33181620,1.20555000,0.00054945,0.00067155,0.00433455,0.02710620,3.69977600,3.30724900,1.78900900,1.10366200,0.61501770,1.10146400,0.79963290,0.72043880,3.30219400,3.30311000,0.79882700,4.94192000,4.94728000,0.00940170, 2, 255, 7, 24,0x50000,No,No,No,No,No,Yes,No,Yes
2026-04-11 12:22:23,0.0,1500,500,,500,500,44,,200,,,648,,51.6,0.7200,0.6000,0.6000,1.1000,0.05270022,0.07319475,0.12589500,0.00292779,0.00000000,0.21080090,0.33181620,1.17876000,0.00054945,0.00091575,0.00409035,0.02759460,3.69977600,3.30168200,1.79926600,1.10769100,0.61684920,1.10402800,0.79926660,0.72043880,3.30219400,3.30311000,0.79912020,4.94996000,4.94996000,0.00854700, 2, 255, 7, 24,0x50000,No,No,No,No,No,Yes,No,Yes
2026-04-11 12:22:26,0.0,1500,500,,500,500,44,,200,,,648,,51.6,0.7200,0.6000,0.6000,1.1000,0.00000000,0.07514661,0.12491900,0.00585558,0.00000000,0.20884900,0.32888840,1.18769000,0.00036630,0.00042735,0.00488400,0.02698410,3.69792000,3.31374500,1.79828900,1.10476100,0.61611660,1.10183000,0.79999920,0.72043880,3.30219400,3.30402600,0.79912020,4.93924000,4.94594000,0.00854700, 2, 255, 7, 24,0x50000,No,No,No,No,No,Yes,No,Yes
2026-04-11 12:22:28,0.0,1500,500,,500,500,44,,200,,,648,,51.6,0.7200,0.6000,0.6000,1.1000,0.00000000,0.06929103,0.12687090,0.00487965,0.00000000,0.20982490,0.33181620,1.17876000,0.00054945,0.00079365,0.00500610,0.02698410,3.69977600,3.32952100,1.79926600,1.10292900,0.61538400,1.10329600,0.79963290,0.72070740,3.30219400,3.30494200,0.79912020,4.94996000,4.94728000,0.00854700, 2, 255, 7, 24,0x50000,No,No,No,No,No,Yes,No,Yes
2026-04-11 12:22:30,0.0,1500,500,,500,500,44,,200,,,648,,50.5,0.7200,0.6000,0.6000,1.1000,0.00097593,0.07612254,0.12589500,0.00683151,0.00000000,0.20982490,0.32888840,1.17876000,0.00054945,0.00091575,0.00409035,0.02747250,3.70070400,3.31374500,1.80024200,1.10439400,0.61611660,1.10073200,0.79926660,0.72043880,3.30127900,3.30494200,0.79912020,4.94058000,4.95264000,0.00854700, 2, 255, 7, 24,0x50000,No,No,No,No,No,Yes,No,Yes
2026-04-11 12:22:32,0.0,1500,500,,500,500,44,,200,,,648,,49.9,0.7200,0.6000,0.6000,1.1000,0.00000000,0.07319475,0.12589500,0.00585558,0.00000000,0.20884900,0.33084030,1.17876000,0.00054945,0.00091575,0.00445665,0.02710620,3.70070400,3.30910500,1.79828900,1.10695900,0.61721550,1.10146400,0.80036550,0.72017020,3.29944700,3.30402600,0.79941320,4.94594000,4.94058000,0.00854700, 2, 255, 7, 24,0x50000,No,No,No,No,No,Yes,No,Yes
2026-04-11 12:22:34,0.0,1500,500,,500,500,44,,200,,,648,,51.0,0.7200,0.6000,0.6000,1.1000,0.00000000,0.07124290,0.12589500,0.00585558,0.00000000,0.20982490,0.33181620,1.17876000,0.00048840,0.00091575,0.00384615,0.02710620,3.69792000,3.31374500,1.80024200,1.10695900,0.61538400,1.10329600,0.79999920,0.72070740,3.30311000,3.30494200,0.79970620,4.93924000,4.94460000,0.00854700, 2, 255, 7, 24,0x50000,No,No,No,No,No,Yes,No,Yes
2026-04-11 12:22:36,0.0,1500,500,,500,500,44,,200,,,648,,50.5,0.7200,0.6000,0.6000,1.1000,0.00195186,0.06733918,0.12589500,0.00683151,0.00000000,0.20982490,0.33084030,1.17876000,0.00054945,0.00067155,0.00433455,0.02673990,3.69977600,3.30353800,1.81684800,1.10146400,0.61575030,1.10146400,0.79890030,0.72097620,3.30036300,3.30219400,0.79882700,4.94728000,4.93924000,0.00940170, 2, 255, 7, 24,0x50000,No,No,No,No,No,Yes,No,Yes
2026-04-11 12:22:38,0.0,1500,500,,500,500,44,,200,,,648,,51.0,0.7200,0.6000,0.6000,1.1000,0.00097593,0.06929103,0.12687090,0.00878337,0.00000000,0.22056020,0.33084030,1.17876000,0.00054945,0.00091575,0.00421245,0.02747250,3.69792000,3.31003300,1.80024200,1.10549400,0.61648290,1.10256300,0.79963290,0.72070740,3.30219400,3.30494200,0.79941320,4.94058000,4.94192000,0.00940170, 2, 255, 7, 24,0x50000,No,No,No,No,No,Yes,No,Yes
2026-04-11 12:22:40,0.0,1500,500,,500,500,43,,200,,,648,,49.9,0.7200,0.6000,0.6000,1.1000,0.00000000,0.07417068,0.12589500,0.00683151,0.00000000,0.20884900,0.33376810,1.19662000,0.00054945,0.00085470,0.00384615,0.02735040,3.69792000,3.31374500,1.80024200,1.10292900,0.61684920,1.10329600,0.80036550,0.72043880,3.30311000,3.30585700,0.79912020,4.94728000,4.94996000,0.00854700, 2, 255, 7, 24,0x50000,No,No,No,No,No,Yes,No,Yes
2026-04-11 12:22:43,0.0,1500,500,,500,500,44,,200,,,648,,51.0,0.7200,0.6000,0.6000,1.1000,0.00097593,0.07709848,0.12687090,0.00780744,0.00000000,0.21080090,0.33279210,1.19662000,0.00054945,0.00091575,0.00409035,0.02722830,3.69884800,3.30910500,1.80024200,1.10769100,0.61611660,1.10256300,0.79926660,0.72070740,3.29944700,3.30494200,0.79941320,4.93924000,4.93522000,0.00854700, 2, 255, 7, 24,0x50000,No,No,No,No,No,Yes,No,Yes
