timestamp,cpu_percent,arm_mhz,core_mhz,h264_mhz,isp_mhz,v3d_mhz,uart_mhz,pwm_mhz,emmc_mhz,pixel_mhz,vec_mhz,hdmi_mhz,dpi_mhz,arm_temp,core_volt,sdram_c_volt,sdram_i_volt,sdram_p_volt,3V7_WL_SW_A,3V3_SYS_A,1V8_SYS_A,DDR_VDD2_A,DDR_VDDQ_A,1V1_SYS_A,0V8_SW_A,VDD_CORE_A,3V3_DAC_A,3V3_ADC_A,0V8_AON_A,HDMI_A,3V7_WL_SW_V,3V3_SYS_V,1V8_SYS_V,DDR_VDD2_V,DDR_VDDQ_V,1V1_SYS_V,0V8_SW_V,VDD_CORE_V,3V3_DAC_V,3V3_ADC_V,0V8_AON_V,HDMI_V,EXT5V_V,BATT_V,readmr_4,readmr_5,readmr_6,readmr_8,throttle_hex,UV,ArmFreqCap,CurThrottle,SoftTempLimit,UV_occured,ArmFreqCap_occured,Throttle_occured,SoftTempLimit_occured
2026-04-11 10:39:36,0.0,1500,500,,500,500,44,,200,,,648,,54.9,0.7200,0.6000,0.6000,1.1000,0.04586871,0.04977243,0.12687090,0.00683151,0.00000000,0.18249890,0.33376810,1.32164000,0.00054945,0.00067155,0.00488400,0.02710620,3.69792000,3.30168200,1.80024200,1.10292900,0.61465140,1.10476100,0.79963290,0.72043880,3.29944700,3.30311000,0.79794790,5.02098000,5.01964000,0.00769230, 2, 255, 7, 24,0x50000,No,No,No,No,No,Yes,No,Yes
2026-04-11 10:39:38,0.0,1500,500,,500,500,44,,200,,,648,,56.5,0.7200,0.6000,0.6000,1.1000,0.04684464,0.05172429,0.12882280,0.00878337,0.00000000,0.19225820,0.33181620,1.32164000,0.00036630,0.00042735,0.00494505,0.02649570,3.70070400,3.30260900,1.79828900,1.10146400,0.61501770,1.10476100,0.79926660,0.72017020,3.30127900,3.30494200,0.79941320,5.02098000,5.02634000,0.00854700, 2, 255, 7, 24,0x50000,No,No,No,No,No,Yes,No,Yes
2026-04-11 10:39:40,0.0,1500,500,,500,500,44,,200,,,648,,55.4,0.7200,0.6000,0.6000,1.1000,0.04391685,0.05172429,0.12394310,0.00390372,0.00000000,0.18249890,0.33474400,1.32164000,0.00036630,0.00054945,0.00409035,0.02735040,3.69792000,3.31281700,1.78754400,1.10695900,0.61684920,1.10476100,0.79963290,0.72043880,3.30219400,3.30311000,0.79853400,5.02499900,5.02499900,0.00854700, 2, 255, 7, 24,0x50000,No,No,No,No,No,Yes,No,Yes
2026-04-11 10:39:42,0.0,1500,500,,500,500,44,,200,,,648,,55.4,0.7200,0.6000,0.6000,1.1000,0.00097593,0.05757987,0.12784680,0.00585558,0.00000000,0.20201750,0.33376810,1.32164000,0.00048840,0.00067155,0.00488400,0.02722830,3.69884800,3.30168200,1.80024200,1.10879000,0.61391880,1.10292900,0.79926660,0.72043880,3.30219400,3.30402600,0.79882700,5.03572000,5.03572000,0.00854700, 2, 255, 7, 24,0x50000,No,No,No,No,No,Yes,No,Yes
2026-04-11 10:39:44,0.0,1500,500,,500,500,44,,200,,,648,,56.5,0.7200,0.6000,0.6000,1.1000,0.00000000,0.05074836,0.12589500,0.00585558,0.00000000,0.18152300,0.33376810,1.33057000,0.00054945,0.00067155,0.00445665,0.02686200,3.70070400,3.31281700,1.79926600,1.10695900,0.61428510,1.10402800,0.79963290,0.72043880,3.30311000,3.30402600,0.79853400,5.03572000,5.02634000,0.00854700, 2, 255, 7, 24,0x50000,No,No,No,No,No,Yes,No,Yes
2026-04-11 10:39:47,0.0,1500,500,,500,500,44,,200,,,648,,56.5,0.7200,0.6000,0.6000,1.1000,0.00097593,0.08880963,0.15810070,0.00390372,0.00000000,0.18054710,0.33571990,1.31271000,0.00054945,0.00067155,0.00409035,0.02698410,3.69977600,3.32952100,1.80024200,1.10439400,0.61501770,1.10146400,0.80036550,0.72017020,3.29944700,3.30402600,0.79853400,5.01026000,5.01294000,0.00769230, 2, 255, 7, 24,0x50000,No,No,No,No,No,Yes,No,Yes
2026-04-11 10:39:49,0.0,1500,500,,500,500,44,,200,,,648,,57.1,0.7200,0.6000,0.6000,1.1000,0.05172429,0.05074836,0.12784680,0.00585558,0.00000000,0.18152300,0.33376810,1.32164000,0.00048840,0.00079365,0.00421245,0.02686200,3.70070400,3.31003300,1.79828900,1.10695900,0.61611660,1.10402800,0.80036550,0.72043880,3.30219400,3.30402600,0.79794790,5.02499900,5.03170000,0.00854700, 2, 255, 7, 24,0x50000,No,No,No,No,No,Yes,No,Yes
2026-04-11 10:39:51,0.0,1500,500,,500,500,44,,200,,,648,,56.5,0.7200,0.6000,0.6000,1.1000,0.04782057,0.05172429,0.12589500,0.00683151,0.00000000,0.18054710,0.33571990,1.32164000,0.00042735,0.00042735,0.00445665,0.02661780,3.69884800,3.32024100,1.80610300,1.10769100,0.61648290,1.10476100,0.79999920,0.72043880,3.30127900,3.30402600,0.79941320,5.02098000,5.02098000,0.00854700, 2, 255, 7, 24,0x50000,No,No,No,No,No,Yes,No,Yes
2026-04-11 10:39:53,0.0,1500,500,,500,500,44,,200,,,648,,57.1,0.7200,0.6000,0.6000,1.1000,0.00000000,0.05172429,0.12882280,0.00487965,0.00000000,0.18054710,0.33376810,1.31271000,0.00054945,0.00067155,0.00409035,0.02686200,3.69977600,3.31096100,1.80024200,1.10769100,0.61538400,1.10292900,0.79963290,0.72017020,3.30219400,3.30311000,0.79853400,5.03572000,5.02499900,0.00769230, 2, 255, 7, 24,0x50000,No,No,No,No,No,Yes,No,Yes
2026-04-11 10:39:55,0.0,1500,500,,500,500,44,,200,,,648,,57.1,0.7200,0.6000,0.6000,1.1000,0.04977243,0.05074836,0.12687090,0.00780744,0.00000000,0.18054710,0.33767180,1.31271000,0.00054945,0.00079365,0.00433455,0.02735040,3.70070400,3.32952100,1.80024200,1.10439400,0.61538400,1.10292900,0.80073180,0.72043880,3.30219400,3.30311000,0.79853400,5.00490000,5.02098000,0.00854700, 2, 255, 7, 24,0x50000,No,No,No,No,No,Yes,No,Yes
2026-04-11 10:39:57,-0.0,1500,500,,500,500,44,,200,,,648,,54.9,0.7200,0.6000,0.6000,1.1000,0.00000000,0.05172429,0.12687090,0.00878337,0.00000000,0.18152300,0.33474400,1.29485000,0.00048840,0.00054945,0.00488400,0.02735040,3.70070400,3.31281700,1.79828900,1.10476100,0.61611660,1.10476100,0.80036550,0.72070740,3.30219400,3.30311000,0.79794790,5.03304000,5.03840000,0.00769230, 2, 255, 7, 24,0x50000,No,No,No,No,No,Yes,No,Yes
2026-04-11 10:39:59,0.2,1500,500,,500,500,44,,200,,,648,,56.0,0.7200,0.6000,0.6000,1.1000,0.04586871,0.05172429,0.12687090,0.00878337,0.00000000,0.19323410,0.33376810,1.30378000,0.00054945,0.00091575,0.00427350,0.02686200,3.69884800,3.30260900,1.80024200,1.10402800,0.61611660,1.10402800,0.80036550,0.72017020,3.30219400,3.30311000,0.79941320,5.02098000,5.01562000,0.00854700, 2, 255, 7, 24,0x50000,No,No,No,No,No,Yes,No,Yes
2026-04-11 10:40:01,0.0,1500,500,,500,500,44,,200,,,648,,56.0,0.7200,0.6000,0.6000,1.1000,0.04586871,0.04977243,0.12784680,0.00487965,0.00000000,0.18054710,0.33571990,1.31271000,0.00042735,0.00042735,0.00488400,0.02735040,3.69977600,3.32580900,1.79828900,1.10439400,0.61428510,1.10476100,0.80073180,0.72017020,3.30402600,3.30402600,0.79824100,5.02098000,5.02366000,0.00854700, 2, 255, 7, 24,0x50000,No,No,No,No,No,Yes,No,Yes
2026-04-11 10:40:04,0.2,1500,500,,500,500,44,,200,,,648,,56.5,0.7200,0.6000,0.6000,1.1000,0.04684464,0.06538731,0.12687090,0.00585558,0.00000000,0.17957110,0.33669580,1.31271000,0.00036630,0.00067155,0.00409035,0.02783880,3.69977600,3.30910500,1.79926600,1.11062200,0.61575030,1.10292900,0.79926660,0.72043880,3.30219400,3.30219400,0.79882700,5.01160000,5.01964000,0.00854700, 2, 255, 7, 24,0x50000,No,No,No,No,No,Yes,No,Yes
2026-04-11 10:40:06,0.0,1500,500,,500,500,44,,200,,,648,,55.4,0.7200,0.6000,0.6000,1.1000,0.04684464,0.04977243,0.12687090,0.00292779,0.00000000,0.18249890,0.33376810,1.31271000,0.00048840,0.00067155,0.00409035,0.02686200,3.69884800,3.31003300,1.80024200,1.10439400,0.61684920,1.10512700,0.79926660,0.72043880,3.30219400,3.30311000,0.79794790,5.02232000,5.02634000,0.00854700, 2, 255, 7, 24,0x50000,No,No,No,No,No,Yes,No,Yes
2026-04-11 10:40:08,0.0,1500,500,,500,500,44,,200,,,648,,56.5,0.7200,0.6000,0.6000,1.1000,0.00097593,0.05172429,0.12491900,0.00683151,0.00000000,0.18054710,0.33571990,1.30378000,0.00054945,0.00042735,0.00488400,0.02686200,3.69884800,3.31096100,1.79828900,1.10439400,0.61575030,1.09999900,0.79926660,0.72017020,3.29944700,3.30494200,0.79941320,5.03572000,5.03706000,0.00854700, 2, 255, 7, 24,0x50000,No,No,No,No,No,Yes,No,Yes
2026-04-11 10:40:10,0.2,1500,500,,500,500,44,,200,,,648,,55.4,0.7200,0.6000,0.6000,1.1000,0.00097593,0.04977243,0.12589500,0.00780744,0.00000000,0.18347480,0.33474400,1.31271000,0.00048840,0.00067155,0.00409035,0.02686200,3.70070400,3.30910500,1.79926600,1.10769100,0.61501770,1.10256300,0.79963290,0.72043880,3.30219400,3.30494200,0.79882700,5.02499900,5.03572000,0.00854700, 2, 255, 7, 24,0x50000,No,No,No,No,No,Yes,No,Yes
2026-04-11 10:40:12,0.0,1500,500,,500,500,44,,200,,,648,,55.4,0.7200,0.6000,0.6000,1.1000,0.04782057,0.05172429,0.12687090,0.00585558,0.00000000,0.18152300,0.33571990,1.31271000,0.00054945,0.00067155,0.00427350,0.02686200,3.69977600,3.30910500,1.78900900,1.10769100,0.61648290,1.10146400,0.79999920,0.72097620,3.30219400,3.30311000,0.79882700,5.01294000,5.02768000,0.00854700, 2, 255, 7, 24,0x50000,No,No,No,No,No,Yes,No,Yes
2026-04-11 10:40:14,0.0,1500,500,,500,500,44,,200,,,648,,54.9,0.7200,0.6000,0.6000,1.1000,0.00000000,0.05074836,0.12589500,0.00878337,0.00000000,0.18054710,0.33376810,1.30378000,0.00054945,0.00067155,0.00421245,0.02735040,3.70070400,3.30168200,1.80024200,1.10769100,0.61648290,1.10402800,0.79926660,0.72070740,3.29944700,3.30494200,0.79941320,5.02634000,5.03170000,0.00854700, 2, 255, 7, 24,0x50000,No,No,No,No,No,Yes,No,Yes
2026-04-11 10:40:16,0.0,1500,500,,500,500,44,,200,,,648,,56.5,0.7200,0.6000,0.6000,1.1000,0.00000000,0.05172429,0.12687090,0.00975930,0.00000000,0.18054710,0.33669580,1.31271000,0.00054945,0.00067155,0.00500610,0.02673990,3.70070400,3.32209700,1.80024200,1.10219700,0.61501770,1.10476100,0.79963290,0.72070740,3.30127900,3.30494200,0.79853400,5.03572000,5.03840000,0.00854700, 2, 255, 7, 24,0x50000,No,No,No,No,No,Yes,No,Yes
2026-04-11 10:40:19,0.0,1500,500,,500,500,44,,200,,,648,,56.5,0.7200,0.6000,0.6000,1.1000,0.04782057,0.04977243,0.12589500,0.00878337,0.00000000,0.19518600,0.33474400,1.31271000,0.00054945,0.00079365,0.00433455,0.02686200,3.69884800,3.30910500,1.80610300,1.10512700,0.61758180,1.10366200,0.79890030,0.72017020,3.30127900,3.30311000,0.79853400,5.00490000,5.02366000,0.00854700, 2, 255, 7, 24,0x50000,No,No,No,No,No,Yes,No,Yes
2026-04-11 10:40:21,0.0,1500,500,,500,500,44,,200,,,648,,56.5,0.7200,0.6000,0.6000,1.1000,0.00000000,0.05074836,0.12491900,0.00292779,0.00000000,0.18152300,0.33376810,1.31271000,0.00054945,0.00067155,0.00488400,0.02686200,3.69977600,3.30539300,1.80024200,1.10439400,0.61611660,1.10292900,0.79926660,0.72017020,3.29944700,3.30402600,0.79794790,5.03572000,5.03170000,0.00854700, 2, 255, 7, 24,0x50000,No,No,No,No,No,Yes,No,Yes
2026-04-11 10:40:23,0.0,1500,500,,500,500,44,,200,,,648,,54.9,0.7200,0.6000,0.6000,1.1000,0.00195186,0.05562801,0.12784680,0.00487965,0.00000000,0.19713790,0.33474400,1.31271000,0.00048840,0.00067155,0.00433455,0.02698410,3.70070400,3.32580900,1.80024200,1.10146400,0.61501770,1.10402800,0.79926660,0.72017020,3.30219400,3.30311000,0.79794790,5.03304000,5.03840000,0.00854700, 2, 255, 7, 24,0x50000,No,No,No,No,No,Yes,No,Yes
2026-04-11 10:40:25,0.2,1500,500,,500,500,44,,200,,,648,,56.5,0.7200,0.6000,0.6000,1.1000,0.04684464,0.05172429,0.12394310,0.00975930,0.00000000,0.18152300,0.33571990,1.31271000,0.00054945,0.00067155,0.00384615,0.02649570,3.69884800,3.30910500,1.79926600,1.10146400,0.61684920,1.10439400,0.79890030,0.72043880,3.30219400,3.30311000,0.79882700,5.02232000,5.02232000,0.00769230, 2, 255, 7, 24,0x50000,No,No,No,No,No,Yes,No,Yes
2026-04-11 10:40:27,0.0,1500,500,,500,500,44,,200,,,648,,55.4,0.7200,0.6000,0.6000,1.1000,0.04977243,0.05172429,0.12589500,0.00780744,0.00000000,0.17957110,0.33376810,1.30378000,0.00054945,0.00091575,0.00488400,0.02673990,3.69884800,3.32952100,1.79828900,1.10476100,0.61465140,1.10476100,0.79963290,0.72017020,3.29944700,3.30494200,0.79941320,5.02098000,5.02366000,0.00854700, 2, 255, 7, 24,0x50000,No,No,No,No,No,Yes,No,Yes
2026-04-11 10:40:29,0.0,1500,500,,500,500,44,,200,,,648,,54.9,0.7200,0.6000,0.6000,1.1000,0.00000000,0.05172429,0.12491900,0.00487965,0.00000000,0.18542670,0.33571990,1.29485000,0.00036630,0.00079365,0.00427350,0.02686200,3.70070400,3.31096100,1.80024200,1.10439400,0.61684920,1.10366200,0.79816780,0.71963300,3.30219400,3.30311000,0.79912020,5.02499900,5.03840000,0.00854700, 2, 255, 7, 24,0x50000,No,No,No,No,No,Yes,No,Yes
2026-04-11 10:40:31,0.0,1500,500,,500,500,44,,200,,,648,,54.9,0.7200,0.6000,0.6000,1.1000,0.00000000,0.05172429,0.12687090,0.00683151,0.00000000,0.18152300,0.33474400,1.30378000,0.00036630,0.00042735,0.00421245,0.02710620,3.70070400,3.31281700,1.79828900,1.10695900,0.61611660,1.10476100,0.79890030,0.72017020,3.29944700,3.30402600,0.79853400,5.02634000,5.03840000,0.00769230, 2, 255, 7, 24,0x50000,No,No,No,No,No,Yes,No,Yes
2026-04-11 10:40:34,0.0,1500,500,,500,500,44,,200,,,648,,56.5,0.7200,0.6000,0.6000,1.1000,0.00000000,0.05855580,0.12784680,0.00780744,0.00000000,0.18249890,0.33474400,1.31271000,0.00036630,0.00042735,0.00421245,0.02661780,3.69977600,3.31560100,1.80610300,1.10769100,0.61611660,1.10512700,0.80036550,0.72043880,3.30311000,3.30402600,0.79941320,5.02634000,5.02902000,0.00854700, 2, 255, 7, 24,0x50000,No,No,No,No,No,Yes,No,Yes
2026-04-11 10:40:36,0.0,1500,500,,500,500,43,,200,,,648,,55.4,0.7200,0.6000,0.6000,1.1000,0.00000000,0.05074836,0.12589500,0.00585558,0.00000000,0.18249890,0.33669580,1.31271000,0.00048840,0.00067155,0.00409035,0.02649570,3.69977600,3.30724900,1.80024200,1.10769100,0.61611660,1.10292900,0.79963290,0.72017020,3.29944700,3.30494200,0.79853400,5.02634000,5.03438000,0.00854700, 2, 255, 7, 24,0x50000,No,No,No,No,No,Yes,No,Yes
2026-04-11 10:40:38,0.0,1500,500,,500,500,44,,200,,,648,,56.5,0.7200,0.6000,0.6000,1.1000,0.04977243,0.05172429,0.12687090,0.00683151,0.00000000,0.18152300,0.33571990,1.30378000,0.00054945,0.00067155,0.00427350,0.02710620,3.69977600,3.31003300,1.78852100,1.10439400,0.61501770,1.10622600,0.79963290,0.72043880,3.30219400,3.30311000,0.79794790,5.01696000,5.02499900,0.00854700, 2, 255, 7, 24,0x50000,No,No,No,No,No,Yes,No,Yes
2026-04-11 10:40:40,0.0,1500,500,,500,500,44,,200,,,648,,57.1,0.7200,0.6000,0.6000,1.1000,0.04489278,0.05172429,0.12589500,0.00487965,0.00000000,0.20299340,0.33571990,1.32164000,0.00048840,0.00079365,0.00445665,0.02686200,3.69977600,3.31281700,1.79828900,1.10695900,0.61684920,1.10512700,0.79999920,0.72043880,3.30219400,3.30402600,0.79912020,5.02232000,5.02098000,0.00854700, 2, 255, 7, 24,0x50000,No,No,No,No,No,Yes,No,Yes
2026-04-11 10:40:42,0.0,1500,500,,500,500,44,,200,,,648,,56.0,0.7200,0.6000,0.6000,1.1000,0.00097593,0.05172429,0.12589500,0.00683151,0.00000000,0.18152300,0.33279210,1.30378000,0.00048840,0.00091575,0.00384615,0.02673990,3.69884800,3.31467300,1.80024200,1.10769100,0.61575030,1.10512700,0.80073180,0.72097620,3.30219400,3.30311000,0.79912020,5.03572000,5.03438000,0.00769230, 2, 255, 7, 24,0x50000,No,No,No,No,No,Yes,No,Yes
2026-04-11 10:40:44,0.0,1500,500,,500,500,44,,200,,,648,,56.0,0.7200,0.6000,0.6000,1.1000,0.04879650,0.05465208,0.12882280,0.00585558,0.00000000,0.18054710,0.33474400,1.32164000,0.00048840,0.00067155,0.00463980,0.02686200,3.69977600,3.31003300,1.81684800,1.10219700,0.61648290,1.10549400,0.79999920,0.71990160,3.30036300,3.30311000,0.79882700,5.01294000,5.02232000,0.00854700, 2, 255, 7, 24,0x50000,No,No,No,No,No,Yes,No,Yes
2026-04-11 10:40:46,0.0,1500,500,,500,500,44,,200,,,648,,56.5,0.7200,0.6000,0.6000,1.1000,0.00097593,0.05172429,0.12687090,0.00390372,0.00000000,0.18249890,0.33571990,1.30378000,0.00054945,0.00067155,0.00488400,0.02698410,3.69884800,3.31188900,1.79926600,1.10769100,0.61575030,1.10439400,0.79999920,0.72043880,3.30219400,3.30494200,0.79853400,5.03572000,5.03840000,0.00854700, 2, 255, 7, 24,0x50000,No,No,No,No,No,Yes,No,Yes
2026-04-11 10:40:49,0.0,1500,500,,500,500,44,,200,,,648,,56.0,0.7200,0.6000,0.6000,1.1000,0.00000000,0.04977243,0.12687090,0.00780744,0.00000000,0.18152300,0.33474400,1.31271000,0.00054945,0.00091575,0.00409035,0.02686200,3.70070400,3.31003300,1.80024200,1.10439400,0.61611660,1.10476100,0.79926660,0.72043880,3.29944700,3.30494200,0.79794790,5.02634000,5.02634000,0.00854700, 2, 255, 7, 24,0x50000,No,No,No,No,No,Yes,No,Yes
2026-04-11 10:40:51,0.2,1500,500,,500,500,44,,200,,,648,,55.4,0.7200,0.6000,0.6000,1.1000,0.04977243,0.05172429,0.12589500,0.00487965,0.00000000,0.18152300,0.33279210,1.31271000,0.00054945,0.00091575,0.00384615,0.02673990,3.70070400,3.30168200,1.80024200,1.10439400,0.61538400,1.10476100,0.80073180,0.72017020,3.29944700,3.30494200,0.79941320,5.02232000,5.02499900,0.00854700, 2, 255, 7, 24,0x50000,No,No,No,No,No,Yes,No,Yes
2026-04-11 10:40:53,0.0,1500,500,,500,500,44,,200,,,648,,55.4,0.7200,0.6000,0.6000,1.1000,0.00000000,0.05172429,0.12687090,0.00878337,0.00000000,0.18347480,0.33767180,1.33057000,0.00054945,0.00067155,0.00409035,0.02686200,3.70070400,3.29889800,1.80024200,1.10146400,0.61611660,1.10476100,0.79963290,0.72017020,3.30127900,3.30402600,0.79912020,5.02499900,5.03572000,0.00854700, 2, 255, 7, 24,0x50000,No,No,No,No,No,Yes,No,Yes
2026-04-11 10:40:55,0.0,1500,500,,500,500,44,,200,,,648,,56.5,0.7200,0.6000,0.6000,1.1000,0.04782057,0.11418380,0.12784680,0.00683151,0.00000000,0.18152300,0.33571990,1.31271000,0.00036630,0.00085470,0.00433455,0.02661780,3.69977600,3.30168200,1.80024200,1.10476100,0.61538400,1.10549400,0.79890030,0.72043880,3.30219400,3.30219400,0.79882700,5.02499900,5.03304000,0.00854700, 2, 255, 7, 24,0x50000,No,No,No,No,No,Yes,No,Yes
2026-04-11 10:40:57,0.0,1500,500,,500,500,44,,200,,,648,,55.4,0.7200,0.6000,0.6000,1.1000,0.01171116,0.04977243,0.12687090,0.00097593,0.00000000,0.18054710,0.33376810,1.32164000,0.00036630,0.00079365,0.00445665,0.02686200,3.69884800,3.31188900,1.80659200,1.10219700,0.61465140,1.10402800,0.80036550,0.72017020,3.29944700,3.30494200,0.79882700,5.02499900,5.02098000,0.00854700, 2, 255, 7, 24,0x50000,No,No,No,No,No,Yes,No,Yes
2026-04-11 10:40:59,0.0,1500,500,,500,500,44,,200,,,648,,57.1,0.7200,0.6000,0.6000,1.1000,0.00000000,0.05757987,0.12784680,0.00487965,0.00000000,0.18152300,0.33376810,1.30378000,0.00036630,0.00073260,0.00445665,0.02673990,3.70070400,3.30910500,1.79926600,1.10622600,0.61575030,1.10512700,0.80036550,0.72043880,3.30219400,3.30311000,0.79794790,5.03304000,5.03572000,0.00854700, 2, 255, 7, 24,0x50000,No,No,No,No,No,Yes,No,Yes
2026-04-11 10:41:01,0.0,1500,500,,500,500,44,,200,,,648,,56.0,0.7200,0.6000,0.6000,1.1000,0.00000000,0.05172429,0.12687090,0.00780744,0.00000000,0.18054710,0.33474400,1.32164000,0.00036630,0.00054945,0.00433455,0.02673990,3.70070400,3.30910500,1.80024200,1.10219700,0.61611660,1.10292900,0.79926660,0.72043880,3.30219400,3.30311000,0.79853400,5.03706000,5.03572000,0.00854700, 2, 255, 7, 24,0x50000,No,No,No,No,No,Yes,No,Yes
2026-04-11 10:41:03,0.0,1500,500,,500,500,43,,200,,,648,,54.3,0.7200,0.6000,0.6000,1.1000,0.04684464,0.04879650,0.12882280,0.00878337,0.00000000,0.18152300,0.33474400,1.30378000,0.00054945,0.00067155,0.00409035,0.02686200,3.70070400,3.31003300,1.80024200,1.10476100,0.61648290,1.10476100,0.79926660,0.72043880,3.30219400,3.30402600,0.79941320,5.03572000,5.02902000,0.00854700, 2, 255, 7, 24,0x50000,No,No,No,No,No,Yes,No,Yes
2026-04-11 10:41:06,0.0,1500,500,,500,500,44,,200,,,648,,54.9,0.7200,0.6000,0.6000,1.1000,0.00097593,0.05074836,0.12589500,0.00780744,0.00000000,0.19323410,0.33571990,1.30378000,0.00036630,0.00054945,0.00439560,0.02686200,3.69977600,3.30910500,1.79926600,1.10805800,0.61538400,1.10366200,0.79999920,0.72043880,3.30311000,3.30402600,0.79912020,5.03572000,5.03572000,0.00854700, 2, 255, 7, 24,0x50000,No,No,No,No,No,Yes,No,Yes
2026-04-11 10:41:08,0.0,1500,500,,500,500,44,,200,,,648,,56.5,0.7200,0.6000,0.6000,1.1000,0.00000000,0.04977243,0.12589500,0.00390372,0.00000000,0.18152300,0.33571990,1.30378000,0.00054945,0.00042735,0.00433455,0.02649570,3.70070400,3.31281700,1.79828900,1.11062200,0.61538400,1.10292900,0.79926660,0.72043880,3.30311000,3.30311000,0.79941320,5.03572000,5.03706000,0.00854700, 2, 255, 7, 24,0x50000,No,No,No,No,No,Yes,No,Yes
2026-04-11 10:41:10,0.0,1500,500,,500,500,44,,200,,,648,,54.9,0.7200,0.6000,0.6000,1.1000,0.00000000,0.05660394,0.12687090,0.00780744,0.00000000,0.18152300,0.33474400,1.30378000,0.00054945,0.00067155,0.00427350,0.02673990,3.70070400,3.30260900,1.79828900,1.10109800,0.61648290,1.10073200,0.80073180,0.72043880,3.29944700,3.30494200,0.79941320,5.02634000,5.03572000,0.00854700, 2, 255, 7, 24,0x50000,No,No,No,No,No,Yes,No,Yes
2026-04-11 10:41:12,0.0,1500,500,,500,500,44,,200,,,648,,55.4,0.7200,0.6000,0.6000,1.1000,0.00000000,0.05074836,0.12882280,0.00878337,0.00000000,0.17957110,0.33571990,1.31271000,0.00036630,0.00042735,0.00409035,0.02686200,3.69977600,3.31096100,1.79828900,1.10183000,0.61501770,1.10476100,0.79926660,0.72043880,3.29944700,3.30311000,0.79853400,5.03572000,5.03572000,0.00854700, 2, 255, 7, 24,0x50000,No,No,No,No,No,Yes,No,Yes
2026-04-11 10:41:14,0.0,1500,500,,500,500,44,,200,,,648,,54.9,0.7200,0.6000,0.6000,1.1000,0.00292779,0.05172429,0.12589500,0.00878337,0.00000000,0.19323410,0.33279210,1.31271000,0.00036630,0.00054945,0.00409035,0.02673990,3.70070400,3.29982600,1.79926600,1.10952300,0.61538400,1.10073200,0.79890030,0.72043880,3.30219400,3.30311000,0.79882700,5.03304000,5.03304000,0.00854700, 2, 255, 7, 24,0x50000,No,No,No,No,No,Yes,No,Yes
2026-04-11 10:41:16,0.0,1500,500,,500,500,44,,200,,,648,,56.5,0.7200,0.6000,0.6000,1.1000,0.00000000,0.04977243,0.12687090,0.01756674,0.00000000,0.18054710,0.33474400,1.33057000,0.00048840,0.00079365,0.00439560,0.02673990,3.69884800,3.31745700,1.79877700,1.10769100,0.61575030,1.10146400,0.80073180,0.72043880,3.29944700,3.30494200,0.79853400,5.03572000,5.03974000,0.00854700, 2, 255, 7, 24,0x50000,No,No,No,No,No,Yes,No,Yes
2026-04-11 10:41:18,0.0,1500,500,,500,500,44,,200,,,648,,56.5,0.7200,0.6000,0.6000,1.1000,0.00000000,0.05757987,0.12394310,0.00487965,0.00000000,0.18152300,0.33669580,1.31271000,0.00048840,0.00079365,0.00439560,0.02673990,3.70070400,3.30724900,1.79926600,1.10769100,0.61575030,1.10146400,0.79999920,0.72043880,3.30219400,3.30311000,0.79794790,5.03304000,5.03572000,0.00854700, 2, 255, 7, 24,0x50000,No,No,No,No,No,Yes,No,Yes
2026-04-11 10:41:21,0.0,1500,500,,500,500,44,,200,,,648,,56.0,0.7200,0.6000,0.6000,1.1000,0.00292779,0.05270022,0.12589500,0.00878337,0.00000000,0.18152300,0.33376810,1.31271000,0.00054945,0.00067155,0.00445665,0.02686200,3.70070400,3.32952100,1.80024200,1.10769100,0.61465140,1.10512700,0.79890030,0.72043880,3.30219400,3.30311000,0.79941320,5.03304000,5.03840000,0.00854700, 2, 255, 7, 24,0x50000,No,No,No,No,No,Yes,No,Yes
2026-04-11 10:41:23,0.0,1500,500,,500,500,44,,200,,,648,,55.4,0.7200,0.6000,0.6000,1.1000,0.00000000,0.05074836,0.12687090,0.00487965,0.00000000,0.18152300,0.33376810,1.33057000,0.00054945,0.00067155,0.00421245,0.02673990,3.69792000,3.31096100,1.79828900,1.10769100,0.61648290,1.10512700,0.79999920,0.72017020,3.29944700,3.30494200,0.79853400,5.02634000,5.03706000,0.00854700, 2, 255, 7, 24,0x50000,No,No,No,No,No,Yes,No,Yes
2026-04-11 10:41:25,0.0,1500,500,,500,500,44,,200,,,648,,55.4,0.7200,0.6000,0.6000,1.1000,0.00195186,0.05172429,0.12101530,0.00390372,0.00000000,0.18445080,0.33279210,1.30378000,0.00054945,0.00091575,0.00494505,0.02710620,3.69884800,3.31003300,1.79828900,1.10146400,0.61648290,1.10146400,0.79926660,0.72017020,3.30127900,3.30402600,0.79941320,5.03572000,5.03170000,0.00854700, 2, 255, 7, 24,0x50000,No,No,No,No,No,Yes,No,Yes
2026-04-11 10:41:27,0.0,1500,500,,500,500,44,,200,,,648,,54.9,0.7200,0.6000,0.6000,1.1000,0.00000000,0.05074836,0.12491900,0.00780744,0.00000000,0.18152300,0.33669580,1.30378000,0.00054945,0.00091575,0.00427350,0.02673990,3.69884800,3.30910500,1.79828900,1.10219700,0.61611660,1.09999900,0.80036550,0.72017020,3.30311000,3.30402600,0.79941320,5.03840000,5.02634000,0.00854700, 2, 255, 7, 24,0x50000,No,No,No,No,No,Yes,No,Yes
2026-04-11 10:41:29,0.0,1500,500,,500,500,44,,200,,,648,,56.0,0.7200,0.6000,0.6000,1.1000,0.00000000,0.05172429,0.12589500,0.00390372,0.00000000,0.18249890,0.33474400,1.30378000,0.00036630,0.00079365,0.00427350,0.02710620,3.69977600,3.30724900,1.80659200,1.10769100,0.61611660,1.10512700,0.79999920,0.72043880,3.30311000,3.30311000,0.79794790,5.03706000,5.03170000,0.00854700, 2, 255, 7, 24,0x50000,No,No,No,No,No,Yes,No,Yes
2026-04-11 10:41:31,0.0,1500,500,,500,500,43,,200,,,648,,55.4,0.7200,0.6000,0.6000,1.1000,0.00000000,0.05172429,0.12784680,0.00975930,0.00000000,0.18152300,0.33181620,1.31271000,0.00054945,0.00067155,0.00384615,0.02698410,3.69792000,3.31096100,1.78852100,1.10805800,0.61538400,1.10476100,0.80073180,0.72043880,3.29944700,3.30494200,0.79941320,5.03304000,5.03572000,0.00854700, 2, 255, 7, 24,0x50000,No,No,No,No,No,Yes,No,Yes
2026-04-11 10:41:33,0.0,1500,500,,500,500,44,,200,,,648,,55.4,0.7200,0.6000,0.6000,1.1000,0.00292779,0.05172429,0.12687090,0.00683151,0.00000000,0.18249890,0.33279210,1.30378000,0.00054945,0.00067155,0.00445665,0.02649570,3.69884800,3.30724900,1.79926600,1.10146400,0.61501770,1.10146400,0.80036550,0.72043880,3.30219400,3.30311000,0.79882700,5.03572000,5.03036000,0.00854700, 2, 255, 7, 24,0x50000,No,No,No,No,No,Yes,No,Yes
2026-04-11 10:41:36,0.0,1500,500,,500,500,44,,200,,,648,,55.4,0.7200,0.6000,0.6000,1.1000,0.00000000,0.05172429,0.12687090,0.00390372,0.00000000,0.19518600,0.33376810,1.31271000,0.00054945,0.00091575,0.00427350,0.02673990,3.70070400,3.32952100,1.80024200,1.10439400,0.61611660,1.10512700,0.80036550,0.72070740,3.30219400,3.30494200,0.79941320,5.03170000,5.03438000,0.00854700, 2, 255, 7, 24,0x50000,No,No,No,No,No,Yes,No,Yes
2026-04-11 10:41:38,0.0,1500,500,,500,500,44,,200,,,648,,56.5,0.7200,0.6000,0.6000,1.1000,0.00097593,0.05172429,0.12589500,0.00683151,0.00000000,0.18152300,0.33376810,1.30378000,0.00036630,0.00054945,0.00451770,0.02673990,3.69977600,3.30168200,1.79926600,1.10439400,0.61648290,1.09999900,0.79926660,0.72043880,3.29944700,3.30311000,0.79912020,5.03304000,5.03572000,0.00854700, 2, 255, 7, 24,0x50000,No,No,No,No,No,Yes,No,Yes
2026-04-11 10:41:40,0.0,1500,500,,500,500,43,,200,,,648,,56.5,0.7200,0.6000,0.6000,1.1000,0.04977243,0.05074836,0.12687090,0.00585558,0.00000000,0.19323410,0.33571990,1.31271000,0.00054945,0.00042735,0.00488400,0.02686200,3.69884800,3.32766400,1.79828900,1.10292900,0.61611660,1.10439400,0.79926660,0.72017020,3.30311000,3.30402600,0.79882700,5.02499900,5.03840000,0.00854700, 2, 255, 7, 24,0x50000,No,No,No,No,No,Yes,No,Yes
2026-04-11 10:41:42,0.0,1500,500,,500,500,43,,200,,,648,,54.9,0.7200,0.6000,0.6000,1.1000,0.00000000,0.05172429,0.12589500,0.00585558,0.00000000,0.18152300,0.33376810,1.33057000,0.00054945,0.00067155,0.00427350,0.02698410,3.69884800,3.29982600,1.80024200,1.10439400,0.61684920,1.10146400,0.79963290,0.72070740,3.30219400,3.30311000,0.79853400,5.03572000,5.03840000,0.00854700, 2, 255, 7, 24,0x50000,No,No,No,No,No,Yes,No,Yes
2026-04-11 10:41:44,0.2,1500,500,,500,500,43,,200,,,648,,54.9,0.7200,0.6000,0.6000,1.1000,0.00000000,0.05953173,0.12687090,0.00780744,0.00000000,0.18054710,0.33669580,1.31271000,0.00048840,0.00067155,0.00433455,0.02673990,3.69977600,3.32024100,1.78852100,1.10769100,0.61648290,1.10146400,0.79926660,0.72097620,3.30036300,3.30402600,0.79882700,5.03304000,5.03572000,0.00854700, 2, 255, 7, 24,0x50000,No,No,No,No,No,Yes,No,Yes
2026-04-11 10:41:46,-0.0,1500,500,,500,500,44,,200,,,648,,56.5,0.7200,0.6000,0.6000,1.1000,0.00000000,0.05270022,0.12589500,0.00780744,0.00000000,0.18152300,0.33474400,1.31271000,0.00036630,0.00079365,0.00445665,0.02649570,3.70070400,3.30168200,1.80024200,1.10146400,0.61575030,1.10402800,0.80036550,0.72043880,3.29944700,3.30311000,0.79882700,5.02499900,5.03170000,0.00854700, 2, 255, 7, 24,0x50000,No,No,No,No,No,Yes,No,Yes
2026-04-11 10:41:48,0.0,1500,500,,500,500,44,,200,,,648,,56.0,0.7200,0.6000,0.6000,1.1000,0.00000000,0.09173742,0.15614880,0.00683151,0.00000000,0.19225820,0.33962360,1.31271000,0.00054945,0.00042735,0.00445665,0.02649570,3.69884800,3.29889800,1.79096300,1.10695900,0.61575030,1.10402800,0.80073180,0.71990160,3.30127900,3.30402600,0.79882700,5.01026000,5.00624000,0.00854700, 2, 255, 7, 24,0x50000,No,No,No,No,No,Yes,No,Yes
2026-04-11 10:41:51,0.0,1500,500,,500,500,44,,200,,,648,,56.5,0.7200,0.6000,0.6000,1.1000,0.00000000,0.05074836,0.12491900,0.00975930,0.00000000,0.18054710,0.33571990,1.31271000,0.00054945,0.00067155,0.00433455,0.02673990,3.70070400,3.31003300,1.79828900,1.10439400,0.61575030,1.09999900,0.79963290,0.72017020,3.30036300,3.30311000,0.79853400,5.03036000,5.02902000,0.00854700, 2, 255, 7, 24,0x50000,No,No,No,No,No,Yes,No,Yes
2026-04-11 10:41:53,0.0,1500,500,,500,500,44,,200,,,648,,54.9,0.7200,0.6000,0.6000,1.1000,0.00097593,0.04977243,0.12589500,0.00683151,0.00000000,0.18152300,0.33669580,1.31271000,0.00048840,0.00067155,0.00451770,0.02722830,3.70070400,3.30539300,1.80024200,1.10695900,0.61648290,1.10476100,0.79926660,0.72017020,3.30036300,3.30311000,0.79912020,5.03304000,5.03572000,0.00854700, 2, 255, 7, 24,0x50000,No,No,No,No,No,Yes,No,Yes
2026-04-11 10:41:55,0.0,1500,500,,500,500,44,,200,,,648,,56.0,0.7200,0.6000,0.6000,1.1000,0.00097593,0.05172429,0.12687090,0.00487965,0.00000000,0.18249890,0.33767180,1.31271000,0.00054945,0.00067155,0.00439560,0.02686200,3.69977600,3.30724900,1.78852100,1.10476100,0.61684920,1.10146400,0.79816780,0.72043880,3.30219400,3.30311000,0.79912020,5.02499900,5.03706000,0.00854700, 2, 255, 7, 24,0x50000,No,No,No,No,No,Yes,No,Yes
2026-04-11 10:41:57,0.0,1500,500,,500,500,44,,200,,,648,,55.4,0.7200,0.6000,0.6000,1.1000,0.00292779,0.05172429,0.12687090,0.00487965,0.00000000,0.18054710,0.33376810,1.31271000,0.00054945,0.00067155,0.00409035,0.02698410,3.70070400,3.31467300,1.80024200,1.10769100,0.61391880,1.10292900,0.79926660,0.72043880,3.30127900,3.30311000,0.79794790,5.03304000,5.03304000,0.00769230, 2, 255, 7, 24,0x50000,No,No,No,No,No,Yes,No,Yes
2026-04-11 10:41:59,0.0,1500,500,,500,500,44,,200,,,648,,56.5,0.7200,0.6000,0.6000,1.1000,0.00195186,0.05367615,0.12882280,0.00487965,0.00000000,0.20494530,0.33474400,1.29485000,0.00054945,0.00091575,0.00433455,0.02735040,3.70070400,3.30724900,1.79828900,1.10219700,0.61648290,1.10329600,0.79926660,0.71963300,3.30311000,3.30311000,0.79794790,5.03304000,5.03304000,0.00854700, 2, 255, 7, 24,0x50000,No,No,No,No,No,Yes,No,Yes
2026-04-11 10:42:01,0.0,1500,500,,500,500,44,,200,,,648,,55.4,0.7200,0.6000,0.6000,1.1000,0.00195186,0.05367615,0.12687090,0.00683151,0.00000000,0.18152300,0.33474400,1.32164000,0.00036630,0.00067155,0.00427350,0.02625150,3.69792000,3.32209700,1.78852100,1.10695900,0.61575030,1.10329600,0.79999920,0.71990160,3.30219400,3.30311000,0.79912020,5.03304000,5.03304000,0.00769230, 2, 255, 7, 24,0x50000,No,No,No,No,No,Yes,No,Yes
2026-04-11 10:42:03,0.0,1500,500,,500,500,44,,200,,,648,,54.9,0.7200,0.6000,0.6000,1.1000,0.00097593,0.05855580,0.12589500,0.00683151,0.00000000,0.17957110,0.33669580,1.31271000,0.00054945,0.00067155,0.00427350,0.02698410,3.69977600,3.31838500,1.78852100,1.10695900,0.61575030,1.10512700,0.79926660,0.72070740,3.30219400,3.30311000,0.79912020,5.03572000,5.02634000,0.00854700, 2, 255, 7, 24,0x50000,No,No,No,No,No,Yes,No,Yes
2026-04-11 10:42:05,0.0,1500,500,,500,500,44,,200,,,648,,56.5,0.7200,0.6000,0.6000,1.1000,0.00000000,0.05172429,0.12687090,0.00390372,0.00000000,0.18054710,0.33571990,1.33057000,0.00048840,0.00067155,0.00433455,0.02649570,3.69977600,3.30632200,1.79926600,1.10769100,0.61355250,1.10146400,0.79999920,0.72043880,3.30219400,3.30402600,0.79882700,5.03438000,5.03572000,0.00854700, 2, 255, 7, 24,0x50000,No,No,No,No,No,Yes,No,Yes
2026-04-11 10:42:08,0.0,1500,500,,500,500,44,,200,,,648,,56.5,0.7200,0.6000,0.6000,1.1000,0.00000000,0.05074836,0.12784680,0.00683151,0.00000000,0.18152300,0.33376810,1.30378000,0.00054945,0.00067155,0.00384615,0.02686200,3.69884800,3.30910500,1.80024200,1.10219700,0.61684920,1.09999900,0.80036550,0.72043880,3.30127900,3.30402600,0.79941320,5.03572000,5.03036000,0.00854700, 2, 255, 7, 24,0x50000,No,No,No,No,No,Yes,No,Yes
2026-04-11 10:42:10,0.0,1500,500,,500,500,44,,200,,,648,,56.5,0.7200,0.6000,0.6000,1.1000,0.00000000,0.05172429,0.12589500,0.00585558,0.00000000,0.18152300,0.33376810,1.30378000,0.00054945,0.00042735,0.00409035,0.02686200,3.70070400,3.32580900,1.79828900,1.10439400,0.61611660,1.10146400,0.79963290,0.72070740,3.30219400,3.30311000,0.79970620,5.02634000,5.03304000,0.00854700, 2, 255, 7, 24,0x50000,No,No,No,No,No,Yes,No,Yes
2026-04-11 10:42:12,0.0,1500,500,,500,500,43,,200,,,648,,55.4,0.7200,0.6000,0.6000,1.1000,0.00000000,0.05270022,0.12784680,0.00780744,0.00000000,0.18347480,0.33376810,1.32164000,0.00036630,0.00054945,0.00433455,0.02673990,3.69884800,3.30910500,1.79926600,1.10695900,0.61648290,1.10402800,0.80036550,0.71990160,3.30219400,3.30402600,0.79882700,5.01562000,5.03036000,0.00854700, 2, 255, 7, 24,0x50000,No,No,No,No,No,Yes,No,Yes
2026-04-11 10:42:14,0.0,1500,500,,500,500,43,,200,,,648,,56.0,0.7200,0.6000,0.6000,1.1000,0.00097593,0.05172429,0.12687090,0.00390372,0.00000000,0.18249890,0.33279210,1.29485000,0.00054945,0.00079365,0.00445665,0.02735040,3.70070400,3.32952100,1.80024200,1.10805800,0.61465140,1.10402800,0.80036550,0.72017020,3.30219400,3.30311000,0.79794790,5.02499900,5.03840000,0.00769230, 2, 255, 7, 24,0x50000,No,No,No,No,No,Yes,No,Yes
2026-04-11 10:42:16,0.0,1500,500,,500,500,44,,200,,,648,,56.5,0.7200,0.6000,0.6000,1.1000,0.00000000,0.04977243,0.12882280,0.00780744,0.00000000,0.18152300,0.33181620,1.33057000,0.00036630,0.00042735,0.00421245,0.02673990,3.69884800,3.31374500,1.79828900,1.10439400,0.61611660,1.10512700,0.80073180,0.72043880,3.30311000,3.30311000,0.79794790,5.02499900,5.03840000,0.00854700, 2, 255, 7, 24,0x50000,No,No,No,No,No,Yes,No,Yes
2026-04-11 10:42:18,0.0,1500,500,,500,500,44,,200,,,648,,56.5,0.7200,0.6000,0.6000,1.1000,0.00000000,0.05172429,0.12589500,0.00585558,0.00000000,0.19128230,0.33279210,1.30378000,0.00048840,0.00067155,0.00433455,0.02735040,3.70070400,3.30910500,1.80024200,1.10769100,0.61501770,1.10292900,0.79926660,0.72043880,3.30219400,3.30311000,0.79912020,5.03572000,5.02634000,0.00854700, 2, 255, 7, 24,0x50000,No,No,No,No,No,Yes,No,Yes
2026-04-11 10:42:20,0.0,1500,500,,500,500,44,,200,,,648,,55.4,0.7200,0.6000,0.6000,1.1000,0.00000000,0.05074836,0.12491900,0.00390372,0.00000000,0.18152300,0.33571990,1.31271000,0.00054945,0.00085470,0.00409035,0.02735040,3.70070400,3.30168200,1.80024200,1.10695900,0.61538400,1.10512700,0.79926660,0.72043880,3.30219400,3.30311000,0.79912020,5.03572000,5.03572000,0.00854700, 2, 255, 7, 24,0x50000,No,No,No,No,No,Yes,No,Yes
2026-04-11 10:42:23,0.0,1500,500,,500,500,44,,200,,,648,,56.0,0.7200,0.6000,0.6000,1.1000,0.00000000,0.05855580,0.12687090,0.00487965,0.00000000,0.18152300,0.33376810,1.31271000,0.00036630,0.00067155,0.00445665,0.02673990,3.69792000,3.31838500,1.78852100,1.10439400,0.61575030,1.10402800,0.79999920,0.72043880,3.30219400,3.30311000,0.79882700,5.02768000,5.03304000,0.00854700, 2, 255, 7, 24,0x50000,No,No,No,No,No,Yes,No,Yes
2026-04-11 10:42:25,0.0,1500,500,,500,500,44,,200,,,648,,56.5,0.7200,0.6000,0.6000,1.1000,0.00000000,0.05270022,0.12687090,0.00390372,0.00000000,0.18152300,0.33279210,1.30378000,0.00054945,0.00067155,0.00433455,0.02698410,3.69977600,3.31281700,1.78754400,1.10769100,0.61575030,1.10146400,0.79999920,0.72043880,3.30127900,3.30402600,0.79824100,5.03304000,5.03572000,0.00854700, 2, 255, 7, 24,0x50000,No,No,No,No,No,Yes,No,Yes
2026-04-11 10:42:27,0.0,1500,500,,500,500,44,,200,,,648,,56.0,0.7200,0.6000,0.6000,1.1000,0.00000000,0.04977243,0.12784680,0.00878337,0.00000000,0.18249890,0.33279210,1.29485000,0.00054945,0.00091575,0.00494505,0.02686200,3.70070400,3.31003300,1.80024200,1.10292900,0.61648290,1.10476100,0.80036550,0.72043880,3.30219400,3.30494200,0.79941320,5.03840000,5.02768000,0.00854700, 2, 255, 7, 24,0x50000,No,No,No,No,No,Yes,No,Yes
2026-04-11 10:42:29,0.0,1500,500,,500,500,44,,200,,,648,,56.0,0.7200,0.6000,0.6000,1.1000,0.04782057,0.05172429,0.12491900,0.00683151,0.00000000,0.17957110,0.33474400,1.30378000,0.00036630,0.00054945,0.00494505,0.02686200,3.69792000,3.30168200,1.80024200,1.10695900,0.61611660,1.10402800,0.80036550,0.72017020,3.29944700,3.30494200,0.79941320,5.01964000,5.03706000,0.00854700, 2, 255, 7, 24,0x50000,No,No,No,No,No,Yes,No,Yes
2026-04-11 10:42:31,0.0,1500,500,,500,500,44,,200,,,648,,56.0,0.7200,0.6000,0.6000,1.1000,0.00097593,0.05172429,0.12687090,0.00390372,0.00000000,0.18054710,0.33279210,1.32164000,0.00054945,0.00079365,0.00494505,0.02710620,3.70070400,3.32580900,1.80024200,1.10695900,0.61575030,1.10402800,0.80036550,0.72017020,3.29944700,3.30494200,0.79941320,5.02634000,5.03438000,0.00854700, 2, 255, 7, 24,0x50000,No,No,No,No,No,Yes,No,Yes
2026-04-11 10:42:33,0.0,1500,500,,500,500,44,,200,,,648,,57.1,0.7200,0.6000,0.6000,1.1000,0.00000000,0.05660394,0.12882280,0.00683151,0.00000000,0.20104160,0.33376810,1.31271000,0.00054945,0.00091575,0.00494505,0.02625150,3.70070400,3.30168200,1.79828900,1.10549400,0.61501770,1.10476100,0.79963290,0.72043880,3.30311000,3.30402600,0.79941320,5.02634000,5.03974000,0.00854700, 2, 255, 7, 24,0x50000,No,No,No,No,No,Yes,No,Yes
2026-04-11 10:42:35,0.0,1500,500,,500,500,43,,200,,,648,,54.9,0.7200,0.6000,0.6000,1.1000,0.00097593,0.08783370,0.15712470,0.00585558,0.00000000,0.18249890,0.33571990,1.31271000,0.00054945,0.00091575,0.00384615,0.02686200,3.69884800,3.32766400,1.80610300,1.10695900,0.61575030,1.10476100,0.79963290,0.72097620,3.30219400,3.30402600,0.79824100,5.01294000,5.01294000,0.00854700, 2, 255, 7, 24,0x50000,No,No,No,No,No,Yes,No,Yes
2026-04-11 10:42:38,0.0,1500,500,,500,500,44,,200,,,648,,56.5,0.7200,0.6000,0.6000,1.1000,0.01951860,0.05074836,0.12882280,0.00683151,0.00000000,0.17957110,0.33279210,1.30378000,0.00036630,0.00054945,0.00409035,0.02759460,3.69977600,3.30168200,1.79926600,1.10769100,0.61648290,1.10292900,0.79999920,0.72017020,3.30219400,3.30311000,0.79882700,5.03304000,5.03572000,0.00854700, 2, 255, 7, 24,0x50000,No,No,No,No,No,Yes,No,Yes
2026-04-11 10:42:40,0.0,1500,500,,500,500,44,,200,,,648,,56.0,0.7200,0.6000,0.6000,1.1000,0.04684464,0.05367615,0.12491900,0.00487965,0.00000000,0.18054710,0.33376810,1.30378000,0.00054945,0.00079365,0.00463980,0.02759460,3.70070400,3.32766400,1.79828900,1.10769100,0.61611660,1.10292900,0.79926660,0.72017020,3.30127900,3.30494200,0.79941320,5.00490000,5.01294000,0.00854700, 2, 255, 7, 24,0x50000,No,No,No,No,No,Yes,No,Yes
2026-04-11 10:42:42,0.0,1500,500,,500,500,44,,200,,,648,,56.5,0.7200,0.6000,0.6000,1.1000,0.00000000,0.05270022,0.12589500,0.00390372,0.00000000,0.17957110,0.33279210,1.29485000,0.00054945,0.00091575,0.00433455,0.02735040,3.70070400,3.31652900,1.80024200,1.10146400,0.61648290,1.10476100,0.79963290,0.72043880,3.30311000,3.30494200,0.79853400,5.02634000,5.02499900,0.00854700, 2, 255, 7, 24,0x50000,No,No,No,No,No,Yes,No,Yes
2026-04-11 10:42:44,0.2,1500,500,,500,500,44,,200,,,648,,56.0,0.7200,0.6000,0.6000,1.1000,0.00000000,0.05172429,0.12784680,0.00487965,0.00000000,0.18054710,0.33571990,1.30378000,0.00048840,0.00079365,0.00433455,0.02735040,3.69977600,3.31003300,1.80610300,1.10769100,0.61648290,1.10476100,0.79999920,0.72017020,3.29944700,3.30402600,0.79941320,5.02634000,5.03840000,0.00854700, 2, 255, 7, 24,0x50000,No,No,No,No,No,Yes,No,Yes
2026-04-11 10:42:46,0.0,1500,500,,500,500,44,,200,,,648,,57.1,0.7200,0.6000,0.6000,1.1000,0.04586871,0.05074836,0.12687090,0.00878337,0.00000000,0.18152300,0.33279210,1.31271000,0.00054945,0.00079365,0.00463980,0.02710620,3.69884800,3.31096100,1.79828900,1.10695900,0.61648290,1.10476100,0.79890030,0.72017020,3.30036300,3.30402600,0.79882700,5.01026000,5.02232000,0.00854700, 2, 255, 7, 24,0x50000,No,No,No,No,No,Yes,No,Yes
2026-04-11 10:42:48,0.0,1500,500,,500,500,44,,200,,,648,,54.9,0.7200,0.6000,0.6000,1.1000,0.04684464,0.05074836,0.12589500,0.00585558,0.00000000,0.20396940,0.33376810,1.31271000,0.00042735,0.00079365,0.00457875,0.02673990,3.69884800,3.30910500,1.79096300,1.10439400,0.61501770,1.10476100,0.80036550,0.72043880,3.29944700,3.30494200,0.79853400,5.02098000,5.02098000,0.00854700, 2, 255, 7, 24,0x50000,No,No,No,No,No,Yes,No,Yes
2026-04-11 10:42:50,0.0,1500,500,,500,500,44,,200,,,648,,56.0,0.7200,0.6000,0.6000,1.1000,0.00000000,0.05172429,0.12687090,0.00390372,0.00000000,0.18249890,0.33669580,1.30378000,0.00054945,0.00079365,0.00500610,0.02673990,3.70070400,3.30168200,1.80024200,1.10769100,0.61465140,1.10512700,0.79963290,0.72017020,3.29944700,3.30494200,0.79970620,5.02499900,5.02902000,0.00854700, 2, 255, 7, 24,0x50000,No,No,No,No,No,Yes,No,Yes
2026-04-11 10:42:52,0.0,1500,500,,500,500,44,,200,,,648,,56.5,0.7200,0.6000,0.6000,1.1000,0.04684464,0.05855580,0.12687090,0.00683151,0.00000000,0.18054710,0.33474400,1.33057000,0.00036630,0.00042735,0.00433455,0.02698410,3.69977600,3.31838500,1.79828900,1.10146400,0.61648290,1.10402800,0.79926660,0.72017020,3.30127900,3.30494200,0.79853400,5.01696000,5.01964000,0.00854700, 2, 255, 7, 24,0x50000,No,No,No,No,No,Yes,No,Yes
2026-04-11 10:42:55,0.2,1500,500,,500,500,43,,200,,,648,,56.0,0.7200,0.6000,0.6000,1.1000,0.00000000,0.05074836,0.12687090,0.00487965,0.00000000,0.18249890,0.33571990,1.31271000,0.00054945,0.00042735,0.00445665,0.02686200,3.70070400,3.32580900,1.79828900,1.10292900,0.61611660,1.10146400,0.79999920,0.72017020,3.30311000,3.30494200,0.79941320,5.03706000,5.02634000,0.00854700, 2, 255, 7, 24,0x50000,No,No,No,No,No,Yes,No,Yes
2026-04-11 10:42:57,0.0,1500,500,,500,500,44,,200,,,648,,56.5,0.7200,0.6000,0.6000,1.1000,0.00195186,0.05074836,0.12491900,0.00975930,0.00000000,0.18152300,0.33376810,1.31271000,0.00048840,0.00067155,0.00500610,0.02735040,3.69977600,3.30168200,1.79926600,1.10769100,0.61501770,1.10512700,0.79999920,0.72070740,3.30219400,3.30402600,0.79882700,5.03304000,5.03572000,0.00854700, 2, 255, 7, 24,0x50000,No,No,No,No,No,Yes,No,Yes
2026-04-11 10:42:59,0.0,1500,500,,500,500,44,,200,,,648,,56.0,0.7200,0.6000,0.6000,1.1000,0.00097593,0.05074836,0.12784680,0.00390372,0.00000000,0.19128230,0.33279210,1.30378000,0.00048840,0.00067155,0.00409035,0.02686200,3.70163200,3.30910500,1.80024200,1.10439400,0.61428510,1.10402800,0.80073180,0.72043880,3.30219400,3.30402600,0.79882700,5.03036000,5.02634000,0.00854700, 2, 255, 7, 24,0x50000,No,No,No,No,No,Yes,No,Yes
2026-04-11 10:43:01,0.0,1500,500,,500,500,44,,200,,,648,,56.5,0.7200,0.6000,0.6000,1.1000,0.00000000,0.05172429,0.12687090,0.00780744,0.00000000,0.18152300,0.33376810,1.31271000,0.00054945,0.00067155,0.00421245,0.02686200,3.70163200,3.30168200,1.79828900,1.10769100,0.61648290,1.10402800,0.80036550,0.72017020,3.29944700,3.30402600,0.79941320,5.03170000,5.03304000,0.00854700, 2, 255, 7, 24,0x50000,No,No,No,No,No,Yes,No,Yes
2026-04-11 10:43:03,0.0,1500,500,,500,500,44,,200,,,648,,56.5,0.7200,0.6000,0.6000,1.1000,0.00000000,0.05660394,0.12589500,0.00780744,0.00000000,0.20104160,0.33767180,1.32164000,0.00048840,0.00079365,0.00494505,0.02686200,3.69977600,3.30910500,1.80024200,1.10732500,0.61575030,1.10402800,0.79963290,0.72043880,3.29944700,3.30494200,0.79941320,5.02499900,5.03840000,0.00854700, 2, 255, 7, 24,0x50000,No,No,No,No,No,Yes,No,Yes
2026-04-11 10:43:05,0.0,1500,500,,500,500,44,,200,,,648,,56.5,0.7200,0.6000,0.6000,1.1000,0.00195186,0.04977243,0.12784680,0.00585558,0.00000000,0.18347480,0.33376810,1.29485000,0.00036630,0.00042735,0.00488400,0.02686200,3.70070400,3.31560100,1.80610300,1.10439400,0.61684920,1.10512700,0.79890030,0.72070740,3.29944700,3.30494200,0.79853400,5.02634000,5.02634000,0.00854700, 2, 255, 7, 24,0x50000,No,No,No,No,No,Yes,No,Yes
2026-04-11 10:43:07,0.0,1500,500,,500,500,44,,200,,,648,,56.5,0.7200,0.6000,0.6000,1.1000,0.00097593,0.05074836,0.12687090,0.00292779,0.00000000,0.18152300,0.33376810,1.31271000,0.00054945,0.00042735,0.00409035,0.02686200,3.70070400,3.30910500,1.79828900,1.10769100,0.61465140,1.10146400,0.79926660,0.72043880,3.30127900,3.30311000,0.79941320,5.03572000,5.03170000,0.00854700, 2, 255, 7, 24,0x50000,No,No,No,No,No,Yes,No,Yes
2026-04-11 10:43:10,0.0,1500,500,,500,500,44,,200,,,648,,55.4,0.7200,0.6000,0.6000,1.1000,0.00292779,0.05172429,0.12784680,0.00585558,0.00000000,0.18152300,0.33571990,1.32164000,0.00036630,0.00067155,0.00586080,0.02735040,3.69977600,3.30724900,1.79926600,1.10366200,0.61538400,1.10146400,0.79999920,0.72043880,3.30219400,3.30585700,0.79882700,5.02768000,5.03036000,0.00854700, 2, 255, 7, 24,0x50000,No,No,No,No,No,Yes,No,Yes
2026-04-11 10:43:12,0.0,1500,500,,500,500,44,,200,,,648,,56.5,0.7200,0.6000,0.6000,1.1000,0.00097593,0.04782057,0.12784680,0.00487965,0.00000000,0.18249890,0.33376810,1.30378000,0.00054945,0.00042735,0.00409035,0.02710620,3.70070400,3.32580900,1.79828900,1.10769100,0.61501770,1.10402800,0.79999920,0.72017020,3.30311000,3.30494200,0.79853400,5.03572000,5.03036000,0.00854700, 2, 255, 7, 24,0x50000,No,No,No,No,No,Yes,No,Yes
2026-04-11 10:43:14,0.0,1500,500,,500,500,44,,200,,,648,,56.5,0.7200,0.6000,0.6000,1.1000,0.00195186,0.05074836,0.12589500,0.00780744,0.00000000,0.19323410,0.33571990,1.32164000,0.00054945,0.00067155,0.00384615,0.02673990,3.69977600,3.31188900,1.80610300,1.10146400,0.61575030,1.10146400,0.80073180,0.72017020,3.30127900,3.30402600,0.79941320,5.03170000,5.03840000,0.00854700, 2, 255, 7, 24,0x50000,No,No,No,No,No,Yes,No,Yes
2026-04-11 10:43:16,0.0,1500,500,,500,500,44,,200,,,648,,56.5,0.7200,0.6000,0.6000,1.1000,0.00097593,0.04977243,0.12687090,0.00683151,0.00000000,0.18152300,0.33571990,1.31271000,0.00054945,0.00091575,0.00384615,0.02673990,3.69884800,3.31096100,1.80024200,1.10146400,0.61501770,1.10512700,0.80036550,0.72043880,3.30311000,3.30494200,0.79941320,5.03706000,5.03840000,0.00854700, 2, 255, 7, 24,0x50000,No,No,No,No,No,Yes,No,Yes
2026-04-11 10:43:18,0.0,1500,500,,500,500,44,,200,,,648,,56.5,0.7200,0.6000,0.6000,1.1000,0.00097593,0.05953173,0.12687090,0.00683151,0.00000000,0.17957110,0.33376810,1.29485000,0.00054945,0.00079365,0.00445665,0.02686200,3.69884800,3.32580900,1.79828900,1.10769100,0.61465140,1.10512700,0.80036550,0.72070740,3.30127900,3.30311000,0.79941320,5.03572000,5.03170000,0.00854700, 2, 255, 7, 24,0x50000,No,No,No,No,No,Yes,No,Yes
2026-04-11 10:43:20,0.0,1500,500,,500,500,44,,200,,,648,,56.0,0.7200,0.6000,0.6000,1.1000,0.04977243,0.05270022,0.12882280,0.00683151,0.00000000,0.17957110,0.33571990,1.29485000,0.00054945,0.00091575,0.00488400,0.02673990,3.70070400,3.31003300,1.80024200,1.10183000,0.61575030,1.10073200,0.80036550,0.72017020,3.30127900,3.30402600,0.79941320,5.01964000,5.02902000,0.00854700, 2, 255, 7, 24,0x50000,No,No,No,No,No,Yes,No,Yes
2026-04-11 10:43:22,0.0,1500,500,,500,500,44,,200,,,648,,56.0,0.7200,0.6000,0.6000,1.1000,0.00000000,0.05270022,0.12784680,0.00683151,0.00000000,0.18347480,0.33376810,1.30378000,0.00054945,0.00079365,0.00488400,0.02673990,3.70070400,3.31003300,1.80024200,1.10549400,0.61648290,1.10476100,0.79926660,0.72017020,3.30127900,3.30494200,0.79941320,5.02634000,5.01562000,0.00854700, 2, 255, 7, 24,0x50000,No,No,No,No,No,Yes,No,Yes
2026-04-11 10:43:25,0.0,1500,500,,500,500,43,,200,,,648,,56.5,0.7200,0.6000,0.6000,1.1000,0.00195186,0.05172429,0.12784680,0.00683151,0.00000000,0.19421010,0.33571990,1.32164000,0.00054945,0.00067155,0.00409035,0.02698410,3.69977600,3.30168200,1.80024200,1.10988900,0.61501770,1.10256300,0.79926660,0.72017020,3.30311000,3.30494200,0.79941320,5.03572000,5.03170000,0.00854700, 2, 255, 7, 24,0x50000,No,No,No,No,No,Yes,No,Yes
2026-04-11 10:43:27,0.0,1500,500,,500,500,43,,200,,,648,,56.0,0.7200,0.6000,0.6000,1.1000,0.00292779,0.05172429,0.12687090,0.00878337,0.00000000,0.18054710,0.33571990,1.30378000,0.00054945,0.00091575,0.00488400,0.02673990,3.70070400,3.32395300,1.79828900,1.10402800,0.61465140,1.10476100,0.79890030,0.72017020,3.30311000,3.30494200,0.79941320,5.03572000,5.03706000,0.00854700, 2, 255, 7, 24,0x50000,No,No,No,No,No,Yes,No,Yes
2026-04-11 10:43:29,0.0,1500,500,,500,500,44,,200,,,648,,56.5,0.7200,0.6000,0.6000,1.1000,0.00000000,0.05074836,0.12687090,0.00390372,0.00000000,0.19225820,0.33571990,1.31271000,0.00036630,0.00042735,0.00445665,0.02649570,3.69884800,3.31096100,1.79828900,1.10769100,0.61611660,1.10512700,0.79963290,0.72017020,3.29944700,3.30494200,0.79941320,5.02634000,5.03170000,0.00854700, 2, 255, 7, 24,0x50000,No,No,No,No,No,Yes,No,Yes
2026-04-11 10:43:31,0.0,1500,500,,500,500,44,,200,,,648,,55.4,0.7200,0.6000,0.6000,1.1000,0.04586871,0.05172429,0.12491900,0.00487965,0.00000000,0.18152300,0.33571990,1.31271000,0.00054945,0.00067155,0.00445665,0.02735040,3.70070400,3.31003300,1.79926600,1.10292900,0.61611660,1.10146400,0.80036550,0.72070740,3.30219400,3.30311000,0.79912020,5.03304000,5.02499900,0.00854700, 2, 255, 7, 24,0x50000,No,No,No,No,No,Yes,No,Yes
2026-04-11 10:43:33,0.0,1500,500,,500,500,43,,200,,,648,,56.0,0.7200,0.6000,0.6000,1.1000,0.00097593,0.04977243,0.12491900,0.00390372,0.00000000,0.18249890,0.33279210,1.31271000,0.00054945,0.00067155,0.00433455,0.02735040,3.70070400,3.31003300,1.80024200,1.10439400,0.61684920,1.10402800,0.80036550,0.72043880,3.30219400,3.30311000,0.79912020,5.02499900,5.03572000,0.00854700, 2, 255, 7, 24,0x50000,No,No,No,No,No,Yes,No,Yes
2026-04-11 10:43:35,0.0,1500,500,,500,500,44,,200,,,648,,56.5,0.7200,0.6000,0.6000,1.1000,0.00000000,0.05172429,0.12687090,0.00585558,0.00000000,0.18347480,0.33279210,1.31271000,0.00054945,0.00091575,0.00384615,0.02673990,3.69884800,3.30632200,1.80610300,1.10439400,0.61648290,1.10146400,0.79890030,0.72043880,3.30219400,3.30402600,0.79882700,5.03170000,5.03840000,0.00854700, 2, 255, 7, 24,0x50000,No,No,No,No,No,Yes,No,Yes
2026-04-11 10:43:37,0.2,1500,500,,500,500,44,,200,,,648,,54.9,0.7200,0.6000,0.6000,1.1000,0.00097593,0.04977243,0.12491900,0.00780744,0.00000000,0.18347480,0.33474400,1.31271000,0.00054945,0.00091575,0.00445665,0.02759460,3.70070400,3.30632200,1.80024200,1.10769100,0.61611660,1.09999900,0.79963290,0.72017020,3.30219400,3.30494200,0.79912020,5.03572000,5.03572000,0.00854700, 2, 255, 7, 24,0x50000,No,No,No,No,No,Yes,No,Yes
2026-04-11 10:43:40,0.0,1500,500,,500,500,44,,200,,,648,,56.5,0.7200,0.6000,0.6000,1.1000,0.00000000,0.06050766,0.12491900,0.01073523,0.00000000,0.19323410,0.33376810,1.31271000,0.00054945,0.00067155,0.00445665,0.02698410,3.69977600,3.30260900,1.80024200,1.11062200,0.61648290,1.10292900,0.80036550,0.72070740,3.30219400,3.30311000,0.79941320,5.03572000,5.03170000,0.00854700, 2, 255, 7, 24,0x50000,No,No,No,No,No,Yes,No,Yes
2026-04-11 10:43:42,0.0,1500,500,,500,500,44,,200,,,648,,56.0,0.7200,0.6000,0.6000,1.1000,0.00000000,0.05367615,0.12589500,0.00683151,0.00000000,0.18152300,0.33571990,1.32164000,0.00048840,0.00079365,0.00445665,0.02686200,3.69977600,3.31652900,1.79828900,1.11062200,0.61575030,1.10146400,0.80036550,0.72043880,3.30219400,3.30311000,0.79941320,5.03572000,5.03840000,0.00854700, 2, 255, 7, 24,0x50000,No,No,No,No,No,Yes,No,Yes
2026-04-11 10:43:44,0.0,1500,500,,500,500,44,,200,,,648,,54.9,0.7200,0.6000,0.6000,1.1000,0.00195186,0.05757987,0.12589500,0.00878337,0.00000000,0.18249890,0.33181620,1.30378000,0.00054945,0.00091575,0.00494505,0.02722830,3.69884800,3.31003300,1.79828900,1.10732500,0.61611660,1.10402800,0.79926660,0.72070740,3.29944700,3.30494200,0.79853400,5.03036000,5.02634000,0.00854700, 2, 255, 7, 24,0x50000,No,No,No,No,No,Yes,No,Yes
2026-04-11 10:43:46,0.0,1500,500,,500,500,44,,200,,,648,,56.5,0.7200,0.6000,0.6000,1.1000,0.04586871,0.05172429,0.12687090,0.00683151,0.00000000,0.18152300,0.33376810,1.31271000,0.00054945,0.00067155,0.00433455,0.02710620,3.70070400,3.30168200,1.80024200,1.10769100,0.61648290,1.10292900,0.79890030,0.72017020,3.29944700,3.30494200,0.79853400,5.02366000,5.02366000,0.00854700, 2, 255, 7, 24,0x50000,No,No,No,No,No,Yes,No,Yes
2026-04-11 10:43:48,0.0,1500,500,,500,500,44,,200,,,648,,54.9,0.7200,0.6000,0.6000,1.1000,0.00000000,0.05074836,0.12979870,0.00683151,0.00000000,0.17957110,0.33084030,1.30378000,0.00036630,0.00042735,0.00409035,0.02673990,3.69884800,3.31467300,1.79828900,1.10439400,0.61465140,1.10476100,0.79963290,0.72043880,3.30219400,3.30494200,0.79912020,5.03572000,5.03572000,0.00854700, 2, 255, 7, 24,0x50000,No,No,No,No,No,Yes,No,Yes
2026-04-11 10:43:50,0.0,1500,500,,500,500,44,,200,,,648,,54.9,0.7200,0.6000,0.6000,1.1000,0.00000000,0.05172429,0.12687090,0.00683151,0.00000000,0.18152300,0.33181620,1.31271000,0.00036630,0.00079365,0.00409035,0.02673990,3.69977600,3.30539300,1.80024200,1.10695900,0.61575030,1.10512700,0.79926660,0.72043880,3.30219400,3.30494200,0.79882700,5.03304000,5.02634000,0.00854700, 2, 255, 7, 24,0x50000,No,No,No,No,No,Yes,No,Yes
2026-04-11 10:43:52,0.0,1500,500,,500,500,44,,200,,,648,,55.4,0.7200,0.6000,0.6000,1.1000,0.04782057,0.05172429,0.12784680,0.00097593,0.00000000,0.18152300,0.33474400,1.33057000,0.00036630,0.00067155,0.00427350,0.02649570,3.69977600,3.30446500,1.79926600,1.10952300,0.61465140,1.10476100,0.79963290,0.72043880,3.30219400,3.30494200,0.79970620,5.01964000,5.02499900,0.00854700, 2, 255, 7, 24,0x50000,No,No,No,No,No,Yes,No,Yes
2026-04-11 10:43:54,0.0,1500,500,,500,500,44,,200,,,648,,56.5,0.7200,0.6000,0.6000,1.1000,0.00097593,0.05172429,0.12687090,0.00390372,0.00000000,0.18152300,0.33474400,1.31271000,0.00054945,0.00067155,0.00433455,0.02686200,3.70070400,3.30539300,1.80024200,1.10805800,0.61648290,1.10402800,0.80036550,0.72017020,3.30219400,3.30402600,0.79941320,5.02634000,5.03170000,0.00854700, 2, 255, 7, 24,0x50000,No,No,No,No,No,Yes,No,Yes
2026-04-11 10:43:57,0.0,1500,500,,500,500,44,,200,,,648,,54.9,0.7200,0.6000,0.6000,1.1000,0.04782057,0.05172429,0.12491900,0.00780744,0.00000000,0.18347480,0.33474400,1.31271000,0.00042735,0.00054945,0.00451770,0.02698410,3.69977600,3.30724900,1.79926600,1.10695900,0.61684920,1.10476100,0.79890030,0.71963300,3.30219400,3.30311000,0.79794790,5.01696000,5.01964000,0.00854700, 2, 255, 7, 24,0x50000,No,No,No,No,No,Yes,No,Yes
2026-04-11 10:43:59,0.0,1500,500,,500,500,43,,200,,,648,,54.9,0.7200,0.6000,0.6000,1.1000,0.04977243,0.05757987,0.12491900,0.00683151,0.00000000,0.18152300,0.33571990,1.30378000,0.00054945,0.00091575,0.00500610,0.02686200,3.69884800,3.30910500,1.80024200,1.10732500,0.61538400,1.10476100,0.80073180,0.72043880,3.30219400,3.30494200,0.79794790,5.01964000,5.01428000,0.00854700, 2, 255, 7, 24,0x50000,No,No,No,No,No,Yes,No,Yes
2026-04-11 10:44:01,0.0,1500,500,,500,500,44,,200,,,648,,54.9,0.7200,0.6000,0.6000,1.1000,0.00000000,0.05172429,0.12687090,0.00683151,0.00000000,0.18152300,0.33376810,1.31271000,0.00036630,0.00079365,0.00439560,0.02698410,3.69977600,3.31188900,1.80024200,1.10769100,0.61538400,1.10476100,0.79926660,0.72070740,3.30219400,3.30311000,0.79912020,5.02499900,5.02634000,0.00854700, 2, 255, 7, 24,0x50000,No,No,No,No,No,Yes,No,Yes
2026-04-11 10:44:03,0.0,1500,500,,500,500,44,,200,,,648,,56.0,0.7200,0.6000,0.6000,1.1000,0.00000000,0.05172429,0.12491900,0.00683151,0.00000000,0.18152300,0.33376810,1.30378000,0.00054945,0.00091575,0.00384615,0.02686200,3.70070400,3.32580900,1.80024200,1.10842400,0.60476130,1.10402800,0.79926660,0.72017020,3.30311000,3.30402600,0.79853400,5.03170000,5.03170000,0.00854700, 2, 255, 7, 24,0x50000,No,No,No,No,No,Yes,No,Yes
2026-04-11 10:44:05,0.0,1500,500,,500,500,44,,200,,,648,,56.5,0.7200,0.6000,0.6000,1.1000,0.00000000,0.05172429,0.12687090,0.00683151,0.00000000,0.18249890,0.33669580,1.31271000,0.00054945,0.00042735,0.00433455,0.02686200,3.70070400,3.31096100,1.79828900,1.10769100,0.61611660,1.10476100,0.80036550,0.72043880,3.29944700,3.30494200,0.79941320,5.02634000,5.03974000,0.00854700, 2, 255, 7, 24,0x50000,No,No,No,No,No,Yes,No,Yes
2026-04-11 10:44:07,0.0,1500,500,,500,500,44,,200,,,648,,56.0,0.7200,0.6000,0.6000,1.1000,0.04586871,0.05172429,0.12687090,0.00292779,0.00000000,0.18347480,0.33279210,1.31271000,0.00042735,0.00067155,0.00451770,0.02673990,3.69977600,3.31652900,1.82124300,1.11062200,0.61648290,1.09999900,0.79890030,0.72017020,3.30036300,3.30311000,0.79882700,5.01562000,5.01294000,0.00854700, 2, 255, 7, 24,0x50000,No,No,No,No,No,Yes,No,Yes
2026-04-11 10:44:09,0.0,1500,500,,500,500,44,,200,,,648,,56.5,0.7200,0.6000,0.6000,1.1000,0.04782057,0.05074836,0.12784680,0.00585558,0.00000000,0.18249890,0.33474400,1.31271000,0.00042735,0.00079365,0.00445665,0.02735040,3.69884800,3.31096100,1.79096300,1.10439400,0.61501770,1.10549400,0.79890030,0.72017020,3.30311000,3.30402600,0.79941320,5.00490000,5.02098000,0.00854700, 2, 255, 7, 24,0x50000,No,No,No,No,No,Yes,No,Yes
2026-04-11 10:44:12,0.0,1500,500,,500,500,44,,200,,,648,,54.9,0.7200,0.6000,0.6000,1.1000,0.00000000,0.04977243,0.12589500,0.00585558,0.00000000,0.18249890,0.33669580,1.31271000,0.00042735,0.00042735,0.00445665,0.02698410,3.69977600,3.29889800,1.80610300,1.10439400,0.61611660,1.10512700,0.79963290,0.72017020,3.29944700,3.30494200,0.79941320,5.02634000,5.03840000,0.00854700, 2, 255, 7, 24,0x50000,No,No,No,No,No,Yes,No,Yes
2026-04-11 10:44:14,0.0,1500,500,,500,500,44,,200,,,648,,56.5,0.7200,0.6000,0.6000,1.1000,0.00097593,0.05953173,0.12589500,0.00780744,0.00000000,0.17957110,0.33376810,1.32164000,0.00036630,0.00079365,0.00494505,0.02710620,3.70163200,3.30632200,1.80024200,1.10769100,0.60988950,1.10622600,0.80073180,0.72043880,3.30219400,3.30311000,0.79912020,5.03572000,5.02634000,0.00854700, 2, 255, 7, 24,0x50000,No,No,No,No,No,Yes,No,Yes
2026-04-11 10:44:16,0.0,1500,500,,500,500,44,,200,,,648,,56.0,0.7200,0.6000,0.6000,1.1000,0.00097593,0.04977243,0.12784680,0.00683151,0.00000000,0.18249890,0.33279210,1.31271000,0.00054945,0.00079365,0.00439560,0.02673990,3.70070400,3.30168200,1.79828900,1.10988900,0.61648290,1.10476100,0.80036550,0.72017020,3.29944700,3.30402600,0.79941320,5.02634000,5.02902000,0.00854700, 2, 255, 7, 24,0x50000,No,No,No,No,No,Yes,No,Yes
2026-04-11 10:44:18,0.0,1500,500,,500,500,44,,200,,,648,,54.9,0.7200,0.6000,0.6000,1.1000,0.00000000,0.05074836,0.12687090,0.00780744,0.00000000,0.18249890,0.33474400,1.31271000,0.00048840,0.00079365,0.00445665,0.02673990,3.70163200,3.30910500,1.80610300,1.10439400,0.61648290,1.10512700,0.80036550,0.72043880,3.30127900,3.30402600,0.79912020,5.03840000,5.03840000,0.00854700, 2, 255, 7, 24,0x50000,No,No,No,No,No,Yes,No,Yes
2026-04-11 10:44:20,0.0,1500,500,,500,500,44,,200,,,648,,56.0,0.7200,0.6000,0.6000,1.1000,0.04782057,0.05172429,0.12491900,0.00780744,0.00000000,0.17957110,0.33571990,1.30378000,0.00054945,0.00091575,0.00421245,0.02673990,3.70070400,3.30910500,1.79828900,1.10695900,0.61575030,1.10256300,0.79890030,0.72043880,3.29944700,3.30402600,0.79941320,5.01026000,5.02768000,0.00854700, 2, 255, 7, 24,0x50000,No,No,No,No,No,Yes,No,Yes
2026-04-11 10:44:22,0.0,1500,500,,500,500,44,,200,,,648,,55.4,0.7200,0.6000,0.6000,1.1000,0.04879650,0.04977243,0.12687090,0.00683151,0.00000000,0.18152300,0.33571990,1.30378000,0.00036630,0.00079365,0.00488400,0.02698410,3.70070400,3.30910500,1.80024200,1.10622600,0.61648290,1.10146400,0.79963290,0.72043880,3.29944700,3.30311000,0.79912020,5.01964000,5.03572000,0.00854700, 2, 255, 7, 24,0x50000,No,No,No,No,No,Yes,No,Yes
2026-04-11 10:44:24,0.0,1500,500,,500,500,44,,200,,,648,,56.0,0.7200,0.6000,0.6000,1.1000,0.00097593,0.05172429,0.12784680,0.00292779,0.00000000,0.19128230,0.33279210,1.30378000,0.00036630,0.00079365,0.00445665,0.02673990,3.70070400,3.31467300,1.80024200,1.10292900,0.61501770,1.10146400,0.79999920,0.72043880,3.29944700,3.30402600,0.79941320,5.03706000,5.03974000,0.00854700, 2, 255, 7, 24,0x50000,No,No,No,No,No,Yes,No,Yes
2026-04-11 10:44:27,0.0,1500,500,,500,500,43,,200,,,648,,54.9,0.7200,0.6000,0.6000,1.1000,0.00097593,0.05074836,0.12687090,0.00878337,0.00000000,0.18152300,0.33376810,1.31271000,0.00054945,0.00091575,0.00433455,0.02710620,3.70070400,3.30539300,1.79828900,1.10769100,0.61648290,1.10622600,0.79926660,0.72070740,3.30127900,3.30494200,0.79941320,5.03706000,5.03170000,0.00854700, 2, 255, 7, 24,0x50000,No,No,No,No,No,Yes,No,Yes
2026-04-11 10:44:29,0.0,1500,500,,500,500,44,,200,,,648,,56.0,0.7200,0.6000,0.6000,1.1000,0.05074836,0.06050766,0.12687090,0.00585558,0.00000000,0.18054710,0.33474400,1.31271000,0.00048840,0.00079365,0.00494505,0.02649570,3.70070400,3.30910500,1.79828900,1.10769100,0.61611660,1.10292900,0.79890030,0.72043880,3.30219400,3.30494200,0.79912020,5.02499900,5.02098000,0.00854700, 2, 255, 7, 24,0x50000,No,No,No,No,No,Yes,No,Yes
2026-04-11 10:44:31,0.0,1500,500,,500,500,44,,200,,,648,,56.5,0.7200,0.6000,0.6000,1.1000,0.00000000,0.05172429,0.12784680,0.00487965,0.00000000,0.18249890,0.33474400,1.31271000,0.00054945,0.00079365,0.00384615,0.02710620,3.70070400,3.32024100,1.80024200,1.10292900,0.61648290,1.10402800,0.79963290,0.72043880,3.30311000,3.30494200,0.79853400,5.03572000,5.03840000,0.00854700, 2, 255, 7, 24,0x50000,No,No,No,No,No,Yes,No,Yes
2026-04-11 10:44:33,0.0,1500,500,,500,500,44,,200,,,648,,56.0,0.7200,0.6000,0.6000,1.1000,0.04782057,0.04977243,0.12687090,0.00780744,0.00000000,0.19030640,0.33181620,1.31271000,0.00054945,0.00079365,0.00494505,0.02698410,3.70163200,3.30632200,1.79828900,1.10769100,0.61611660,1.10146400,0.80036550,0.72017020,3.30127900,3.30494200,0.79941320,5.02634000,5.03840000,0.00854700, 2, 255, 7, 24,0x50000,No,No,No,No,No,Yes,No,Yes
2026-04-11 10:44:35,0.0,1500,500,,500,500,44,,200,,,648,,55.4,0.7200,0.6000,0.6000,1.1000,0.00000000,0.05074836,0.12687090,0.01171116,0.00000000,0.18347480,0.33279210,1.31271000,0.00036630,0.00054945,0.00457875,0.02698410,3.69977600,3.30168200,1.79926600,1.10402800,0.61501770,1.10512700,0.79890030,0.72043880,3.30219400,3.30402600,0.79882700,5.03304000,5.03304000,0.00854700, 2, 255, 7, 24,0x50000,No,No,No,No,No,Yes,No,Yes
2026-04-11 10:44:37,0.0,1500,500,,500,500,44,,200,,,648,,54.9,0.7200,0.6000,0.6000,1.1000,0.00097593,0.08685777,0.16005250,0.00780744,0.00000000,0.18249890,0.33474400,1.31271000,0.00036630,0.00079365,0.00409035,0.02673990,3.70070400,3.32952100,1.80024200,1.10586000,0.61648290,1.10402800,0.79999920,0.72017020,3.30311000,3.30494200,0.79941320,5.01696000,5.02098000,0.00854700, 2, 255, 7, 24,0x50000,No,No,No,No,No,Yes,No,Yes
2026-04-11 10:44:39,0.0,1500,500,,500,500,44,,200,,,648,,56.5,0.7200,0.6000,0.6000,1.1000,0.00000000,0.05172429,0.12296720,0.00487965,0.00000000,0.18054710,0.33474400,1.31271000,0.00054945,0.00079365,0.00445665,0.02722830,3.69884800,3.29889800,1.80610300,1.10988900,0.61648290,1.10146400,0.79890030,0.72097620,3.30402600,3.30402600,0.79882700,5.03170000,5.03438000,0.00854700, 2, 255, 7, 24,0x50000,No,No,No,No,No,Yes,No,Yes
2026-04-11 10:44:42,0.0,1500,500,,500,500,43,,200,,,648,,56.5,0.7200,0.6000,0.6000,1.1000,0.00000000,0.05172429,0.12589500,0.00878337,0.00000000,0.18054710,0.33279210,1.30378000,0.00048840,0.00079365,0.00433455,0.02673990,3.70070400,3.31188900,1.79828900,1.10769100,0.61501770,1.10402800,0.79999920,0.72070740,3.30219400,3.30402600,0.79794790,5.03572000,5.03170000,0.00854700, 2, 255, 7, 24,0x50000,No,No,No,No,No,Yes,No,Yes
2026-04-11 10:44:44,0.0,1500,500,,500,500,44,,200,,,648,,56.0,0.7200,0.6000,0.6000,1.1000,0.00000000,0.05074836,0.12687090,0.00780744,0.00000000,0.19323410,0.33571990,1.33057000,0.00054945,0.00079365,0.00427350,0.02686200,3.70070400,3.31003300,1.79828900,1.10695900,0.61611660,1.10366200,0.79926660,0.72070740,3.30219400,3.30311000,0.79853400,5.03572000,5.02634000,0.00854700, 2, 255, 7, 24,0x50000,No,No,No,No,No,Yes,No,Yes
2026-04-11 10:44:46,0.0,1500,500,,500,500,43,,200,,,648,,54.9,0.7200,0.6000,0.6000,1.1000,0.04782057,0.04977243,0.12687090,0.00292779,0.00000000,0.18249890,0.33279210,1.31271000,0.00054945,0.00091575,0.00433455,0.02673990,3.69884800,3.30724900,1.80024200,1.10439400,0.61611660,1.10219700,0.79926660,0.72017020,3.30036300,3.30494200,0.79853400,5.02098000,5.02232000,0.00854700, 2, 255, 7, 24,0x50000,No,No,No,No,No,Yes,No,Yes
2026-04-11 10:44:48,0.0,1500,500,,500,500,44,,200,,,648,,56.5,0.7200,0.6000,0.6000,1.1000,0.00097593,0.05074836,0.12687090,0.00585558,0.00000000,0.20592120,0.33376810,1.32164000,0.00048840,0.00067155,0.00439560,0.02686200,3.70163200,3.30168200,1.80024200,1.10769100,0.61648290,1.10292900,0.80036550,0.72043880,3.30219400,3.30585700,0.79882700,5.03572000,5.03572000,0.00854700, 2, 255, 7, 24,0x50000,No,No,No,No,No,Yes,No,Yes
2026-04-11 10:44:50,0.0,1500,500,,500,500,43,,200,,,648,,54.9,0.7200,0.6000,0.6000,1.1000,0.00195186,0.05172429,0.12784680,0.00780744,0.00000000,0.18152300,0.33474400,1.30378000,0.00054945,0.00067155,0.00384615,0.02698410,3.69884800,3.30724900,1.78852100,1.10769100,0.61538400,1.10146400,0.79963290,0.71963300,3.30219400,3.30311000,0.79941320,5.03304000,5.03572000,0.00854700, 2, 255, 7, 24,0x50000,No,No,No,No,No,Yes,No,Yes
2026-04-11 10:44:52,0.0,1500,500,,500,500,44,,200,,,648,,54.9,0.7200,0.6000,0.6000,1.1000,0.00000000,0.05367615,0.12784680,0.00780744,0.00000000,0.18054710,0.33474400,1.32164000,0.00054945,0.00067155,0.00427350,0.02686200,3.69884800,3.29425800,1.78852100,1.10805800,0.61575030,1.10512700,0.80036550,0.72043880,3.30219400,3.30311000,0.79882700,5.03304000,5.03304000,0.00854700, 2, 255, 7, 24,0x50000,No,No,No,No,No,Yes,No,Yes
2026-04-11 10:44:54,0.0,1500,500,,500,500,44,,200,,,648,,56.5,0.7200,0.6000,0.6000,1.1000,0.00000000,0.05074836,0.12687090,0.00390372,0.00000000,0.17957110,0.33376810,1.31271000,0.00054945,0.00091575,0.00433455,0.02673990,3.69884800,3.29518600,1.79096300,1.10292900,0.61648290,1.10476100,0.79890030,0.72043880,3.30127900,3.30219400,0.79941320,5.03438000,5.03438000,0.00854700, 2, 255, 7, 24,0x50000,No,No,No,No,No,Yes,No,Yes
2026-04-11 10:44:56,0.0,1500,500,,500,500,44,,200,,,648,,54.9,0.7200,0.6000,0.6000,1.1000,0.01463895,0.05270022,0.12589500,0.00195186,0.00000000,0.18152300,0.33669580,1.31271000,0.00054945,0.00091575,0.00384615,0.02698410,3.69884800,3.30724900,1.79096300,1.10695900,0.61428510,1.10512700,0.79999920,0.71990160,3.30219400,3.30402600,0.79882700,5.03438000,5.03438000,0.00854700, 2, 255, 7, 24,0x50000,No,No,No,No,No,Yes,No,Yes
2026-04-11 10:44:59,0.0,1500,500,,500,500,44,,200,,,648,,56.0,0.7200,0.6000,0.6000,1.1000,0.00000000,0.05367615,0.12784680,0.00097593,0.00000000,0.18152300,0.33279210,1.30378000,0.00067155,0.00067155,0.00439560,0.02673990,3.69977600,3.29889800,1.78852100,1.10732500,0.61465140,1.10549400,0.79890030,0.72043880,3.30219400,3.30311000,0.79941320,5.03036000,5.03170000,0.00854700, 2, 255, 7, 24,0x50000,No,No,No,No,No,Yes,No,Yes
2026-04-11 10:45:01,0.0,1500,500,,500,500,44,,200,,,648,,54.9,0.7200,0.6000,0.6000,1.1000,0.00000000,0.05172429,0.12589500,0.00585558,0.00000000,0.18152300,0.33474400,1.31271000,0.00054945,0.00067155,0.00384615,0.02698410,3.69884800,3.30817700,1.80659200,1.10219700,0.61575030,1.09999900,0.80073180,0.72097620,3.30127900,3.30402600,0.79824100,5.03438000,5.02902000,0.00854700, 2, 255, 7, 24,0x50000,No,No,No,No,No,Yes,No,Yes
2026-04-11 10:45:03,0.0,1500,500,,500,500,44,,200,,,648,,56.5,0.7200,0.6000,0.6000,1.1000,0.00195186,0.06733918,0.12687090,0.00390372,0.00000000,0.18249890,0.33571990,1.31271000,0.00048840,0.00079365,0.00433455,0.02673990,3.70070400,3.31096100,1.80024200,1.10439400,0.61538400,1.10292900,0.80073180,0.72070740,3.30219400,3.30311000,0.79794790,5.03572000,5.03840000,0.00854700, 2, 255, 7, 24,0x50000,No,No,No,No,No,Yes,No,Yes
2026-04-11 10:45:05,0.0,1500,500,,500,500,44,,200,,,648,,55.4,0.7200,0.6000,0.6000,1.1000,0.00000000,0.10832820,0.12687090,0.00878337,0.00000000,0.18249890,0.33571990,1.30378000,0.00048840,0.00054945,0.00439560,0.02673990,3.69977600,3.29518600,1.81684800,1.10732500,0.61575030,1.10292900,0.79890030,0.72097620,3.30219400,3.30585700,0.79882700,5.03304000,5.03304000,0.00854700, 2, 255, 7, 24,0x50000,No,No,No,No,No,Yes,No,Yes
2026-04-11 10:45:07,0.0,1500,500,,500,500,44,,200,,,648,,55.4,0.7200,0.6000,0.6000,1.1000,0.00000000,0.05074836,0.12784680,0.00683151,0.00000000,0.19128230,0.33474400,1.29485000,0.00036630,0.00054945,0.00427350,0.02649570,3.69977600,3.30168200,1.79926600,1.10146400,0.61684920,1.10329600,0.79999920,0.72070740,3.30219400,3.30402600,0.79912020,5.03304000,5.03304000,0.00854700, 2, 255, 7, 24,0x50000,No,No,No,No,No,Yes,No,Yes
2026-04-11 10:45:09,0.0,1500,500,,500,500,44,,200,,,648,,54.9,0.7200,0.6000,0.6000,1.1000,0.00585558,0.04977243,0.12784680,0.00585558,0.00000000,0.17957110,0.33279210,1.31271000,0.00042735,0.00042735,0.00415140,0.02698410,3.69977600,3.30910500,1.80610300,1.11025500,0.61648290,1.10512700,0.79926660,0.71990160,3.30311000,3.30402600,0.79941320,5.03840000,5.03974000,0.00854700, 2, 255, 7, 24,0x50000,No,No,No,No,No,Yes,No,Yes
2026-04-11 10:45:11,0.0,1500,500,,500,500,44,,200,,,648,,54.3,0.7200,0.6000,0.6000,1.1000,0.04684464,0.06636324,0.12687090,0.00585558,0.00000000,0.18152300,0.33571990,1.30378000,0.00042735,0.00042735,0.00409035,0.02698410,3.70070400,3.31374500,1.80659200,1.10146400,0.61611660,1.10146400,0.80036550,0.72017020,3.30311000,3.30494200,0.79882700,5.03840000,5.03438000,0.00854700, 2, 255, 7, 24,0x50000,No,No,No,No,No,Yes,No,Yes
2026-04-11 10:45:14,0.0,1500,500,,500,500,44,,200,,,648,,54.9,0.7200,0.6000,0.6000,1.1000,0.00097593,0.05465208,0.12687090,0.00878337,0.00000000,0.18054710,0.33279210,1.32164000,0.00054945,0.00067155,0.00439560,0.02686200,3.70163200,3.30817700,1.79828900,1.10292900,0.61611660,1.10549400,0.80036550,0.72043880,3.30127900,3.30494200,0.79941320,5.03706000,5.02768000,0.00854700, 2, 255, 7, 24,0x50000,No,No,No,No,No,Yes,No,Yes
2026-04-11 10:45:16,0.0,1500,500,,500,500,44,,200,,,648,,55.4,0.7200,0.6000,0.6000,1.1000,0.00000000,0.05172429,0.12589500,0.00487965,0.00000000,0.18249890,0.33279210,1.32164000,0.00042735,0.00079365,0.00421245,0.02735040,3.69884800,3.31188900,1.80610300,1.10769100,0.61611660,1.10292900,0.80036550,0.72043880,3.30219400,3.30402600,0.79941320,5.03572000,5.03974000,0.00854700, 2, 255, 7, 24,0x50000,No,No,No,No,No,Yes,No,Yes
2026-04-11 10:45:18,0.0,1500,500,,500,500,44,,200,,,648,,56.0,0.7200,0.6000,0.6000,1.1000,0.00000000,0.05172429,0.12687090,0.00683151,0.00000000,0.20689720,0.33571990,1.30378000,0.00036630,0.00079365,0.00451770,0.02673990,3.69977600,3.31838500,1.79096300,1.10476100,0.61538400,1.09999900,0.79926660,0.72097620,3.30127900,3.30402600,0.79941320,5.03170000,5.03438000,0.00854700, 2, 255, 7, 24,0x50000,No,No,No,No,No,Yes,No,Yes
2026-04-11 10:45:20,0.0,1500,500,,500,500,44,,200,,,648,,56.0,0.7200,0.6000,0.6000,1.1000,0.00000000,0.05074836,0.12687090,0.00390372,0.00000000,0.18152300,0.33376810,1.31271000,0.00036630,0.00042735,0.00409035,0.02686200,3.69977600,3.29889800,1.80610300,1.10695900,0.61611660,1.10292900,0.80036550,0.72017020,3.30311000,3.30402600,0.79853400,5.03840000,5.03840000,0.00854700, 2, 255, 7, 24,0x50000,No,No,No,No,No,Yes,No,Yes
2026-04-11 10:45:22,0.0,1500,500,,500,500,44,,200,,,648,,56.5,0.7200,0.6000,0.6000,1.1000,0.00000000,0.04977243,0.12491900,0.00390372,0.00000000,0.18249890,0.33571990,1.30378000,0.00054945,0.00079365,0.00445665,0.02722830,3.69884800,3.31374500,1.79096300,1.10292900,0.61648290,1.10476100,0.79890030,0.72017020,3.30219400,3.30402600,0.79853400,5.03170000,5.03438000,0.00854700, 2, 255, 7, 24,0x50000,No,No,No,No,No,Yes,No,Yes
2026-04-11 10:45:24,0.0,1500,500,,500,500,44,,200,,,648,,56.5,0.7200,0.6000,0.6000,1.1000,0.00292779,0.08685777,0.15810070,0.00780744,0.00000000,0.17957110,0.33669580,1.31271000,0.00036630,0.00042735,0.00488400,0.02673990,3.69884800,3.29889800,1.79828900,1.10732500,0.61648290,1.10402800,0.79890030,0.72017020,3.29944700,3.30402600,0.79941320,5.00490000,5.01830000,0.00854700, 2, 255, 7, 24,0x50000,No,No,No,No,No,Yes,No,Yes
2026-04-11 10:45:26,0.0,1500,500,,500,500,44,,200,,,648,,56.5,0.7200,0.6000,0.6000,1.1000,0.00097593,0.05172429,0.12394310,0.00683151,0.00000000,0.18445080,0.33474400,1.31271000,0.00054945,0.00042735,0.00494505,0.02673990,3.69977600,3.31003300,1.79828900,1.10439400,0.61611660,1.10402800,0.80036550,0.72017020,3.30311000,3.30311000,0.79941320,5.02634000,5.03840000,0.00854700, 2, 255, 7, 24,0x50000,No,No,No,No,No,Yes,No,Yes
2026-04-11 10:45:29,0.0,1500,500,,500,500,44,,200,,,648,,54.3,0.7200,0.6000,0.6000,1.1000,0.04684464,0.05172429,0.12589500,0.00390372,0.00000000,0.19128230,0.33279210,1.31271000,0.00054945,0.00067155,0.00427350,0.02735040,3.70070400,3.31652900,1.80024200,1.10219700,0.61538400,1.10146400,0.80073180,0.72043880,3.29944700,3.30311000,0.79794790,4.95264000,5.02499900,0.00854700, 2, 255, 7, 24,0x50000,No,No,No,No,No,Yes,No,Yes
2026-04-11 10:45:31,0.0,1500,500,,500,500,43,,200,,,648,,56.5,0.7200,0.6000,0.6000,1.1000,0.00000000,0.05172429,0.12784680,0.00292779,0.00000000,0.18347480,0.33376810,1.31271000,0.00054945,0.00091575,0.00488400,0.02686200,3.69792000,3.32952100,1.80024200,1.10805800,0.61465140,1.09999900,0.79963290,0.72017020,3.30311000,3.30494200,0.79882700,5.03572000,5.02634000,0.00854700, 2, 255, 7, 24,0x50000,No,No,No,No,No,Yes,No,Yes
2026-04-11 10:45:33,0.0,1500,500,,500,500,44,,200,,,648,,56.0,0.7200,0.6000,0.6000,1.1000,0.00292779,0.05953173,0.12687090,0.00878337,0.00000000,0.18152300,0.33571990,1.29485000,0.00054945,0.00091575,0.00433455,0.02673990,3.69884800,3.32766400,1.80610300,1.10439400,0.61575030,1.09999900,0.79963290,0.72017020,3.29944700,3.30402600,0.79941320,5.03170000,5.02902000,0.00854700, 2, 255, 7, 24,0x50000,No,No,No,No,No,Yes,No,Yes
2026-04-11 10:45:35,0.0,1500,500,,500,500,44,,200,,,648,,55.4,0.7200,0.6000,0.6000,1.1000,0.00097593,0.04977243,0.12784680,0.00878337,0.00000000,0.18054710,0.33571990,1.31271000,0.00036630,0.00079365,0.00488400,0.02735040,3.70070400,3.32952100,1.80024200,1.10695900,0.61758180,1.10512700,0.80073180,0.72043880,3.30219400,3.30311000,0.79794790,5.03304000,5.03706000,0.00854700, 2, 255, 7, 24,0x50000,No,No,No,No,No,Yes,No,Yes
2026-04-11 10:45:37,0.0,1500,500,,500,500,44,,200,,,648,,56.5,0.7200,0.6000,0.6000,1.1000,0.00195186,0.05562801,0.12589500,0.00683151,0.00000000,0.17957110,0.33474400,1.32164000,0.00036630,0.00079365,0.00427350,0.02649570,3.70070400,3.31003300,1.80024200,1.10805800,0.61794810,1.10512700,0.79926660,0.72043880,3.30036300,3.30402600,0.79912020,5.03572000,5.02634000,0.00854700, 2, 255, 7, 24,0x50000,No,No,No,No,No,Yes,No,Yes
2026-04-11 10:45:39,0.0,1500,500,,500,500,44,,200,,,648,,56.0,0.7200,0.6000,0.6000,1.1000,0.00195186,0.05172429,0.12589500,0.00975930,0.00000000,0.18152300,0.33474400,1.30378000,0.00036630,0.00079365,0.00494505,0.02686200,3.69977600,3.31745700,1.80659200,1.10769100,0.61794810,1.10476100,0.80073180,0.72043880,3.30219400,3.30494200,0.79941320,5.02634000,5.03840000,0.00854700, 2, 255, 7, 24,0x50000,No,No,No,No,No,Yes,No,Yes
2026-04-11 10:45:41,0.0,1500,500,,500,500,44,,200,,,648,,55.4,0.7200,0.6000,0.6000,1.1000,0.00097593,0.05270022,0.12687090,0.00195186,0.00000000,0.18054710,0.33376810,1.30378000,0.00036630,0.00042735,0.00445665,0.02710620,3.70070400,3.30632200,1.80659200,1.10769100,0.61794810,1.10476100,0.79926660,0.72017020,3.29944700,3.30494200,0.79941320,5.02634000,5.02634000,0.00854700, 2, 255, 7, 24,0x50000,No,No,No,No,No,Yes,No,Yes
2026-04-11 10:45:44,0.0,1500,500,,500,500,44,,200,,,648,,54.3,0.7200,0.6000,0.6000,1.1000,0.00000000,0.04977243,0.12687090,0.00390372,0.00000000,0.19225820,0.33279210,1.31271000,0.00048840,0.00079365,0.00433455,0.02686200,3.70070400,3.31096100,1.79828900,1.10476100,0.61794810,1.10329600,0.79963290,0.72043880,3.30219400,3.30494200,0.79912020,5.03572000,5.03840000,0.00854700, 2, 255, 7, 24,0x50000,No,No,No,No,No,Yes,No,Yes
2026-04-11 10:45:46,0.0,1500,500,,500,500,44,,200,,,648,,54.3,0.7200,0.6000,0.6000,1.1000,0.00000000,0.05074836,0.12687090,0.00878337,0.00000000,0.18152300,0.33376810,1.31271000,0.00036630,0.00042735,0.00409035,0.02735040,3.70070400,3.31281700,1.79828900,1.10439400,0.61611660,1.10146400,0.79926660,0.72043880,3.30219400,3.30585700,0.79794790,5.02499900,5.03572000,0.00854700, 2, 255, 7, 24,0x50000,No,No,No,No,No,Yes,No,Yes
2026-04-11 10:45:48,0.0,1500,500,,500,500,44,,200,,,648,,55.4,0.7200,0.6000,0.6000,1.1000,0.00000000,0.05172429,0.12296720,0.00585558,0.00000000,0.19323410,0.33669580,1.32164000,0.00036630,0.00042735,0.00409035,0.02686200,3.69977600,3.31096100,1.80659200,1.10622600,0.61721550,1.10512700,0.80036550,0.72070740,3.30311000,3.30402600,0.79941320,5.03840000,5.03706000,0.00854700, 2, 255, 7, 24,0x50000,No,No,No,No,No,Yes,No,Yes
2026-04-11 10:45:50,0.2,1500,500,,500,500,43,,200,,,648,,56.0,0.7200,0.6000,0.6000,1.1000,0.00195186,0.05074836,0.12589500,0.00683151,0.00000000,0.18152300,0.33279210,1.31271000,0.00054945,0.00067155,0.00433455,0.02686200,3.70070400,3.31096100,1.80024200,1.10219700,0.61648290,1.10292900,0.79963290,0.72017020,3.30127900,3.30311000,0.79941320,5.03304000,5.03974000,0.00854700, 2, 255, 7, 24,0x50000,No,No,No,No,No,Yes,No,Yes
2026-04-11 10:45:52,0.0,1500,500,,500,500,44,,200,,,648,,56.5,0.7200,0.6000,0.6000,1.1000,0.00000000,0.04977243,0.12784680,0.00390372,0.00000000,0.18054710,0.33279210,1.30378000,0.00054945,0.00054945,0.00409035,0.02710620,3.70070400,3.30260900,1.80024200,1.10659200,0.61794810,1.10146400,0.80073180,0.72017020,3.30219400,3.30311000,0.79882700,5.03572000,5.03706000,0.00854700, 2, 255, 7, 24,0x50000,No,No,No,No,No,Yes,No,Yes
2026-04-11 10:45:54,0.0,1500,500,,500,500,43,,200,,,648,,56.0,0.7200,0.6000,0.6000,1.1000,0.00000000,0.04977243,0.12687090,0.00878337,0.00000000,0.18249890,0.33474400,1.31271000,0.00048840,0.00079365,0.00445665,0.02698410,3.69977600,3.31838500,1.79096300,1.10439400,0.61648290,1.10146400,0.79963290,0.72017020,3.29944700,3.30402600,0.79941320,5.02902000,5.03438000,0.00854700, 2, 255, 7, 24,0x50000,No,No,No,No,No,Yes,No,Yes
2026-04-11 10:45:56,0.0,1500,500,,500,500,44,,200,,,648,,55.4,0.7200,0.6000,0.6000,1.1000,0.00097593,0.04879650,0.12687090,0.00780744,0.00000000,0.18249890,0.33279210,1.28592000,0.00054945,0.00091575,0.00384615,0.02673990,3.70070400,3.32766400,1.79828900,1.10769100,0.61648290,1.10109800,0.79926660,0.72017020,3.30402600,3.30402600,0.79941320,5.02902000,5.03840000,0.00854700, 2, 255, 7, 24,0x50000,No,No,No,No,No,Yes,No,Yes
2026-04-11 10:45:58,0.0,1500,500,,500,500,44,,200,,,648,,55.4,0.7200,0.6000,0.6000,1.1000,0.00097593,0.05172429,0.12491900,0.00780744,0.00000000,0.18054710,0.33571990,1.31271000,0.00048840,0.00054945,0.00433455,0.02686200,3.69977600,3.30724900,1.79926600,1.10695900,0.61501770,1.10329600,0.80036550,0.72043880,3.30219400,3.30402600,0.79882700,5.02499900,5.03706000,0.00854700, 2, 255, 7, 24,0x50000,No,No,No,No,No,Yes,No,Yes
2026-04-11 10:46:01,0.0,1500,500,,500,500,43,,200,,,648,,55.4,0.7200,0.6000,0.6000,1.1000,0.00000000,0.04977243,0.12589500,0.00780744,0.00000000,0.18249890,0.33376810,1.31271000,0.00054945,0.00042735,0.00494505,0.02673990,3.70070400,3.30910500,1.79828900,1.10769100,0.61611660,1.10329600,0.79999920,0.72017020,3.30219400,3.30494200,0.79853400,5.03572000,5.03572000,0.00854700, 2, 255, 7, 24,0x50000,No,No,No,No,No,Yes,No,Yes
2026-04-11 10:46:03,0.0,1500,500,,500,500,44,,200,,,648,,56.5,0.7200,0.6000,0.6000,1.1000,0.00097593,0.05172429,0.12784680,0.00487965,0.00000000,0.19225820,0.33474400,1.31271000,0.00054945,0.00091575,0.00427350,0.02673990,3.70070400,3.31096100,1.80024200,1.10695900,0.61501770,1.10146400,0.79963290,0.72043880,3.30311000,3.30402600,0.79794790,5.03572000,5.03572000,0.00854700, 2, 255, 7, 24,0x50000,No,No,No,No,No,Yes,No,Yes
2026-04-11 10:46:05,0.0,1500,500,,500,500,44,,200,,,648,,56.0,0.7200,0.6000,0.6000,1.1000,0.00000000,0.05074836,0.12784680,0.00487965,0.00000000,0.17957110,0.33279210,1.31271000,0.00036630,0.00042735,0.00445665,0.02698410,3.69977600,3.31560100,1.79828900,1.11062200,0.61391880,1.09999900,0.80036550,0.72043880,3.30219400,3.30402600,0.79794790,5.02499900,5.02499900,0.00854700, 2, 255, 7, 24,0x50000,No,No,No,No,No,Yes,No,Yes
2026-04-11 10:46:07,0.0,1500,500,,500,500,44,,200,,,648,,54.9,0.7200,0.6000,0.6000,1.1000,0.00000000,0.05172429,0.12784680,0.00683151,0.00000000,0.17957110,0.33571990,1.32164000,0.00042735,0.00091575,0.00445665,0.02698410,3.69884800,3.31281700,1.79828900,1.10988900,0.60366240,1.10146400,0.79963290,0.72043880,3.30219400,3.30494200,0.79941320,5.02634000,5.04108000,0.00854700, 2, 255, 7, 24,0x50000,No,No,No,No,No,Yes,No,Yes
2026-04-11 10:46:09,0.0,1500,500,,500,500,44,,200,,,648,,57.1,0.7200,0.6000,0.6000,1.1000,0.00000000,0.05172429,0.12882280,0.00878337,0.00000000,0.18347480,0.33864770,1.31271000,0.00054945,0.00091575,0.00488400,0.02710620,3.70163200,3.30446500,1.80024200,1.10146400,0.61465140,1.10402800,0.79963290,0.72017020,3.30127900,3.30494200,0.79941320,5.02634000,5.02768000,0.00854700, 2, 255, 7, 24,0x50000,No,No,No,No,No,Yes,No,Yes
2026-04-11 10:46:11,0.0,1500,500,,500,500,44,,200,,,648,,56.5,0.7200,0.6000,0.6000,1.1000,0.00000000,0.05172429,0.12589500,0.00780744,0.00000000,0.18933040,0.33376810,1.32164000,0.00054945,0.00079365,0.00421245,0.02686200,3.69977600,3.30168200,1.80024200,1.10769100,0.61465140,1.10476100,0.79963290,0.72017020,3.30311000,3.30311000,0.79941320,5.01696000,5.01026000,0.00854700, 2, 255, 7, 24,0x50000,No,No,No,No,No,Yes,No,Yes
2026-04-11 10:46:13,0.0,1500,500,,500,500,44,,200,,,648,,55.4,0.7200,0.6000,0.6000,1.1000,0.00195186,0.05074836,0.12687090,0.00292779,0.00000000,0.18249890,0.33376810,1.30378000,0.00048840,0.00079365,0.00439560,0.02698410,3.69977600,3.31096100,1.80659200,1.10695900,0.61355250,1.10292900,0.79926660,0.72017020,3.30036300,3.30494200,0.79941320,5.02634000,5.02902000,0.00854700, 2, 255, 7, 24,0x50000,No,No,No,No,No,Yes,No,Yes
2026-04-11 10:46:16,0.0,1500,500,,500,500,44,,200,,,648,,55.4,0.7200,0.6000,0.6000,1.1000,0.00195186,0.06733918,0.12687090,0.00878337,0.00000000,0.18347480,0.33571990,1.30378000,0.00048840,0.00067155,0.00427350,0.02698410,3.70070400,3.32580900,1.80024200,1.10439400,0.61355250,1.10146400,0.79890030,0.72043880,3.30219400,3.30494200,0.79794790,5.03572000,5.02634000,0.00854700, 2, 255, 7, 24,0x50000,No,No,No,No,No,Yes,No,Yes
2026-04-11 10:46:18,0.0,1500,500,,500,500,44,,200,,,648,,55.4,0.7200,0.6000,0.6000,1.1000,0.00097593,0.05270022,0.12687090,0.00487965,0.00000000,0.18249890,0.33669580,1.30378000,0.00054945,0.00091575,0.00421245,0.02686200,3.69884800,3.35550300,1.80610300,1.10586000,0.61355250,1.10329600,0.79999920,0.72017020,3.30402600,3.30402600,0.79853400,5.02902000,5.03840000,0.00854700, 2, 255, 7, 24,0x50000,No,No,No,No,No,Yes,No,Yes
2026-04-11 10:46:20,0.0,1500,500,,500,500,44,,200,,,648,,56.0,0.7200,0.6000,0.6000,1.1000,0.00000000,0.05270022,0.12687090,0.00390372,0.00000000,0.18249890,0.33279210,1.31271000,0.00036630,0.00067155,0.00409035,0.02686200,3.70070400,3.31281700,1.79926600,1.10292900,0.61245360,1.10146400,0.79890030,0.72097620,3.30219400,3.30311000,0.79882700,5.03304000,5.03572000,0.00854700, 2, 255, 7, 24,0x50000,No,No,No,No,No,Yes,No,Yes
2026-04-11 10:46:22,0.0,1500,500,,500,500,44,,200,,,648,,54.9,0.7200,0.6000,0.6000,1.1000,0.00000000,0.05074836,0.12589500,0.00390372,0.00000000,0.18347480,0.33474400,1.33057000,0.00054945,0.00067155,0.00427350,0.02735040,3.70070400,3.31003300,1.80024200,1.10769100,0.61208730,1.10402800,0.79999920,0.72043880,3.29944700,3.30311000,0.79941320,5.03840000,5.02499900,0.00854700, 2, 255, 7, 24,0x50000,No,No,No,No,No,Yes,No,Yes
2026-04-11 10:46:24,0.0,1500,500,,500,500,44,,200,,,648,,56.5,0.7200,0.6000,0.6000,1.1000,0.00097593,0.05074836,0.12687090,0.00780744,0.00000000,0.18347480,0.33376810,1.31271000,0.00054945,0.00091575,0.00488400,0.02710620,3.69977600,3.30260900,1.79828900,1.10769100,0.61062210,1.10476100,0.80073180,0.72017020,3.30127900,3.30402600,0.79941320,5.03170000,5.03170000,0.00854700, 2, 255, 7, 24,0x50000,No,No,No,No,No,Yes,No,Yes
2026-04-11 10:46:26,0.0,1500,500,,500,500,43,,200,,,648,,56.0,0.7200,0.6000,0.6000,1.1000,0.00097593,0.05660394,0.12687090,0.00780744,0.00000000,0.18152300,0.33571990,1.30378000,0.00054945,0.00091575,0.00494505,0.02710620,3.69884800,3.31188900,1.79828900,1.10732500,0.61611660,1.10439400,0.79963290,0.72043880,3.29944700,3.30494200,0.79941320,5.02634000,5.03170000,0.00854700, 2, 255, 7, 24,0x50000,No,No,No,No,No,Yes,No,Yes
2026-04-11 10:46:28,0.0,1500,500,,500,500,43,,200,,,648,,56.0,0.7200,0.6000,0.6000,1.1000,0.00097593,0.05270022,0.12784680,0.00683151,0.00000000,0.17957110,0.33571990,1.31271000,0.00036630,0.00042735,0.00494505,0.02698410,3.69977600,3.31838500,1.80659200,1.10146400,0.61355250,1.10146400,0.80073180,0.72043880,3.30219400,3.30494200,0.79941320,5.02634000,5.02634000,0.00854700, 2, 255, 7, 24,0x50000,No,No,No,No,No,Yes,No,Yes
2026-04-11 10:46:31,0.0,1500,500,,500,500,44,,200,,,648,,54.9,0.7200,0.6000,0.6000,1.1000,0.00097593,0.05172429,0.12589500,0.00683151,0.00000000,0.18054710,0.33376810,1.30378000,0.00054945,0.00067155,0.00586080,0.02673990,3.69977600,3.31003300,1.80024200,1.10732500,0.61611660,1.10512700,0.80036550,0.72017020,3.29944700,3.30494200,0.79941320,5.03572000,5.03438000,0.00854700, 2, 255, 7, 24,0x50000,No,No,No,No,No,Yes,No,Yes
2026-04-11 10:46:33,0.0,1500,500,,500,500,44,,200,,,648,,56.5,0.7200,0.6000,0.6000,1.1000,0.00000000,0.04977243,0.12589500,0.00292779,0.00000000,0.19128230,0.33571990,1.31271000,0.00036630,0.00042735,0.00421245,0.02673990,3.70070400,3.30910500,1.79828900,1.10439400,0.61538400,1.10402800,0.79926660,0.72070740,3.30219400,3.30311000,0.79941320,5.02499900,5.03572000,0.00854700, 2, 255, 7, 24,0x50000,No,No,No,No,No,Yes,No,Yes
2026-04-11 10:46:35,0.0,1500,500,,500,500,44,,200,,,648,,56.0,0.7200,0.6000,0.6000,1.1000,0.00000000,0.05074836,0.12687090,0.00292779,0.00000000,0.18249890,0.33376810,1.32164000,0.00054945,0.00091575,0.00421245,0.02673990,3.70070400,3.32580900,1.79828900,1.10769100,0.61611660,1.10329600,0.79926660,0.72043880,3.30311000,3.30494200,0.79912020,5.03572000,5.02499900,0.00854700, 2, 255, 7, 24,0x50000,No,No,No,No,No,Yes,No,Yes
2026-04-11 10:46:37,0.0,1500,500,,500,500,44,,200,,,648,,56.0,0.7200,0.6000,0.6000,1.1000,0.00000000,0.05074836,0.12784680,0.00585558,0.00000000,0.18152300,0.33571990,1.30378000,0.00054945,0.00067155,0.00488400,0.02735040,3.69977600,3.30168200,1.79926600,1.10439400,0.61501770,1.10256300,0.80073180,0.72043880,3.30311000,3.30311000,0.79912020,5.02499900,5.03170000,0.00854700, 2, 255, 7, 24,0x50000,No,No,No,No,No,Yes,No,Yes
2026-04-11 10:46:39,0.0,1500,500,,500,500,44,,200,,,648,,55.4,0.7200,0.6000,0.6000,1.1000,0.00000000,0.05172429,0.12687090,0.00780744,0.00000000,0.18054710,0.33279210,1.32164000,0.00054945,0.00042735,0.00433455,0.02673990,3.69884800,3.31096100,1.79828900,1.10695900,0.61611660,1.10512700,0.80146440,0.72043880,3.30127900,3.30494200,0.79941320,5.02634000,5.03840000,0.00854700, 2, 255, 7, 24,0x50000,No,No,No,No,No,Yes,No,Yes
2026-04-11 10:46:41,0.0,1500,500,,500,500,44,,200,,,648,,56.5,0.7200,0.6000,0.6000,1.1000,0.00000000,0.05172429,0.12784680,0.00487965,0.00000000,0.19225820,0.33571990,1.32164000,0.00048840,0.00079365,0.00433455,0.02735040,3.70070400,3.31003300,1.79828900,1.10439400,0.61611660,1.10292900,0.80146440,0.72043880,3.30219400,3.30402600,0.79853400,5.03304000,5.03840000,0.00854700, 2, 255, 7, 24,0x50000,No,No,No,No,No,Yes,No,Yes
2026-04-11 10:46:43,0.0,1500,500,,500,500,44,,200,,,648,,56.0,0.7200,0.6000,0.6000,1.1000,0.00097593,0.05074836,0.12589500,0.00683151,0.00000000,0.18347480,0.33571990,1.31271000,0.00054945,0.00079365,0.00439560,0.02673990,3.70070400,3.30168200,1.79828900,1.10805800,0.61611660,1.10439400,0.80036550,0.72017020,3.30311000,3.30494200,0.79941320,5.03572000,5.02634000,0.00854700, 2, 255, 7, 24,0x50000,No,No,No,No,No,Yes,No,Yes
2026-04-11 10:46:45,0.0,1500,500,,500,500,44,,200,,,648,,54.9,0.7200,0.6000,0.6000,1.1000,0.00000000,0.05074836,0.12687090,0.00487965,0.00000000,0.18249890,0.33669580,1.33057000,0.00042735,0.00085470,0.00463980,0.02686200,3.70256000,3.31188900,1.80610300,1.10769100,0.61575030,1.10512700,0.80036550,0.71990160,3.30127900,3.30402600,0.79824100,5.02902000,5.03438000,0.00854700, 2, 255, 7, 24,0x50000,No,No,No,No,No,Yes,No,Yes
2026-04-11 10:46:48,0.0,1500,500,,500,500,44,,200,,,648,,54.9,0.7200,0.6000,0.6000,1.1000,0.00195186,0.04977243,0.12491900,0.00487965,0.00000000,0.18054710,0.33571990,1.33057000,0.00054945,0.00067155,0.00488400,0.02686200,3.69977600,3.31188900,1.79926600,1.10769100,0.61575030,1.10402800,0.80073180,0.72043880,3.30219400,3.30311000,0.79794790,5.03304000,5.03572000,0.00854700, 2, 255, 7, 24,0x50000,No,No,No,No,No,Yes,No,Yes
2026-04-11 10:46:50,0.0,1500,500,,500,500,44,,200,,,648,,57.6,0.7200,0.6000,0.6000,1.1000,0.04489278,0.05074836,0.12687090,0.00683151,0.00000000,0.18054710,0.33669580,1.30378000,0.00048840,0.00079365,0.00421245,0.02735040,3.69977600,3.32580900,1.79828900,1.10695900,0.61501770,1.10512700,0.79926660,0.72070740,3.30219400,3.30494200,0.79941320,5.02499900,5.03974000,0.00854700, 2, 255, 7, 24,0x50000,No,No,No,No,No,Yes,No,Yes
2026-04-11 10:46:52,0.0,1500,500,,500,500,44,,200,,,648,,57.1,0.7200,0.6000,0.6000,1.1000,0.00097593,0.05660394,0.12784680,0.00683151,0.00000000,0.18054710,0.33376810,1.32164000,0.00036630,0.00042735,0.00445665,0.02673990,3.69977600,3.31096100,1.79828900,1.10439400,0.61538400,1.10109800,0.79963290,0.72043880,3.30219400,3.30494200,0.79794790,5.03572000,5.02634000,0.00854700, 2, 255, 7, 24,0x50000,No,No,No,No,No,Yes,No,Yes
2026-04-11 10:46:54,0.0,1500,500,,500,500,44,,200,,,648,,56.5,0.7200,0.6000,0.6000,1.1000,0.00097593,0.04977243,0.12687090,0.00585558,0.00000000,0.18152300,0.33181620,1.30378000,0.00054945,0.00054945,0.00433455,0.02686200,3.70070400,3.32952100,1.80024200,1.10586000,0.61648290,1.10402800,0.80036550,0.72017020,3.30127900,3.30494200,0.79853400,5.03572000,5.03170000,0.00854700, 2, 255, 7, 24,0x50000,No,No,No,No,No,Yes,No,Yes
2026-04-11 10:46:56,0.0,1500,500,,500,500,44,,200,,,648,,56.5,0.7200,0.6000,0.6000,1.1000,0.00195186,0.05172429,0.12589500,0.00195186,0.00000000,0.18640260,0.33474400,1.31271000,0.00042735,0.00042735,0.00439560,0.02710620,3.69977600,3.32766400,1.80610300,1.10622600,0.61648290,1.10146400,0.79926660,0.72043880,3.30311000,3.30494200,0.79941320,5.02634000,5.02902000,0.00854700, 2, 255, 7, 24,0x50000,No,No,No,No,No,Yes,No,Yes
2026-04-11 10:46:58,0.0,1500,500,,500,500,43,,200,,,648,,56.5,0.7200,0.6000,0.6000,1.1000,0.00000000,0.05172429,0.12687090,0.00585558,0.00000000,0.17957110,0.33767180,1.30378000,0.00042735,0.00067155,0.00439560,0.02673990,3.69884800,3.29889800,1.79096300,1.10769100,0.61428510,1.10292900,0.79926660,0.72017020,3.30036300,3.30402600,0.79853400,5.03170000,5.02902000,0.00854700, 2, 255, 7, 24,0x50000,No,No,No,No,No,Yes,No,Yes
2026-04-11 10:47:00,0.0,1500,500,,500,500,43,,200,,,648,,56.0,0.7200,0.6000,0.6000,1.1000,0.00000000,0.04977243,0.12589500,0.00487965,0.00000000,0.19128230,0.33474400,1.31271000,0.00054945,0.00079365,0.00488400,0.02698410,3.69884800,3.35550300,1.80610300,1.10695900,0.61721550,1.10292900,0.79853400,0.72017020,3.30127900,3.30311000,0.79853400,5.03170000,5.03572000,0.00854700, 2, 255, 7, 24,0x50000,No,No,No,No,No,Yes,No,Yes
2026-04-11 10:47:03,0.0,1500,500,,500,500,43,,200,,,648,,56.0,0.7200,0.6000,0.6000,1.1000,0.00000000,0.05074836,0.12687090,0.00780744,0.00000000,0.18152300,0.33376810,1.31271000,0.00054945,0.00054945,0.00433455,0.02649570,3.69977600,3.30724900,1.79926600,1.10805800,0.61575030,1.10476100,0.79963290,0.72070740,3.30219400,3.30311000,0.79912020,5.03572000,5.02634000,0.00854700, 2, 255, 7, 24,0x50000,No,No,No,No,No,Yes,No,Yes
2026-04-11 10:47:05,0.0,1500,500,,500,500,44,,200,,,648,,57.1,0.7200,0.6000,0.6000,1.1000,0.04684464,0.05074836,0.12687090,0.00683151,0.00000000,0.18347480,0.33571990,1.33057000,0.00036630,0.00079365,0.00433455,0.02649570,3.70163200,3.32580900,1.80024200,1.10695900,0.61538400,1.09999900,0.79890030,0.72017020,3.30219400,3.30494200,0.79941320,5.02499900,5.02098000,0.00854700, 2, 255, 7, 24,0x50000,No,No,No,No,No,Yes,No,Yes
2026-04-11 10:47:07,0.0,1500,500,,500,500,44,,200,,,648,,56.0,0.7200,0.6000,0.6000,1.1000,0.00000000,0.05074836,0.12687090,0.00487965,0.00000000,0.18152300,0.33571990,1.32164000,0.00042735,0.00091575,0.00384615,0.02686200,3.69884800,3.31003300,1.80610300,1.10439400,0.61684920,1.10512700,0.80036550,0.72017020,3.30127900,3.30402600,0.79853400,5.03170000,5.03840000,0.00854700, 2, 255, 7, 24,0x50000,No,No,No,No,No,Yes,No,Yes
2026-04-11 10:47:09,0.5,1500,500,,500,500,44,,200,,,648,,56.5,0.7200,0.6000,0.6000,1.1000,0.04879650,0.05270022,0.12491900,0.00390372,0.00000000,0.18152300,0.33376810,1.31271000,0.00036630,0.00042735,0.00439560,0.02698410,3.69977600,3.31003300,1.79828900,1.10695900,0.61684920,1.10402800,0.79963290,0.72070740,3.30219400,3.30311000,0.79794790,5.02499900,5.01026000,0.00854700, 2, 255, 7, 24,0x50000,No,No,No,No,No,Yes,No,Yes
2026-04-11 10:47:11,0.0,1500,500,,500,500,44,,200,,,648,,54.9,0.7200,0.6000,0.6000,1.1000,0.00097593,0.04977243,0.12882280,0.00683151,0.00000000,0.18054710,0.33571990,1.31271000,0.00054945,0.00067155,0.00494505,0.02698410,3.69977600,3.29889800,1.80024200,1.10769100,0.61648290,1.09999900,0.79963290,0.72017020,3.30311000,3.30494200,0.79882700,5.03304000,5.03170000,0.00854700, 2, 255, 7, 24,0x50000,No,No,No,No,No,Yes,No,Yes
2026-04-11 10:47:13,0.0,1500,500,,500,500,44,,200,,,648,,56.0,0.7200,0.6000,0.6000,1.1000,0.00097593,0.05074836,0.12687090,0.00585558,0.00000000,0.18054710,0.33571990,1.32164000,0.00036630,0.00042735,0.00488400,0.02735040,3.70070400,3.32952100,1.79828900,1.10732500,0.61538400,1.10439400,0.80073180,0.72043880,3.30219400,3.30311000,0.79912020,5.03572000,5.03572000,0.00854700, 2, 255, 7, 24,0x50000,No,No,No,No,No,Yes,No,Yes
2026-04-11 10:47:15,0.2,1500,500,,500,500,44,,200,,,648,,55.4,0.7200,0.6000,0.6000,1.1000,0.00000000,0.05074836,0.12589500,0.00487965,0.00000000,0.18737860,0.33474400,1.30378000,0.00036630,0.00042735,0.00494505,0.02673990,3.70163200,3.30724900,1.79828900,1.10769100,0.61538400,1.10402800,0.80073180,0.72043880,3.30219400,3.30494200,0.79912020,5.03572000,5.02634000,0.00854700, 2, 255, 7, 24,0x50000,No,No,No,No,No,Yes,No,Yes
2026-04-11 10:47:18,0.0,1500,500,,500,500,44,,200,,,648,,55.4,0.7200,0.6000,0.6000,1.1000,0.00000000,0.05074836,0.12589500,0.00585558,0.00000000,0.18054710,0.33376810,1.30378000,0.00067155,0.00067155,0.00488400,0.02698410,3.69884800,3.31281700,1.79389300,1.10146400,0.61428510,1.10512700,0.79926660,0.72043880,3.30219400,3.30402600,0.79853400,5.03438000,5.03438000,0.00854700, 2, 255, 7, 24,0x50000,No,No,No,No,No,Yes,No,Yes
2026-04-11 10:47:20,0.0,1500,500,,500,500,44,,200,,,648,,55.4,0.7200,0.6000,0.6000,1.1000,0.00097593,0.05367615,0.12687090,0.00487965,0.00000000,0.18054710,0.33279210,1.31271000,0.00048840,0.00067155,0.00445665,0.02735040,3.69977600,3.31188900,1.78852100,1.10439400,0.61575030,1.10586000,0.79926660,0.72043880,3.30036300,3.30402600,0.79882700,5.02768000,5.02499900,0.00854700, 2, 255, 7, 24,0x50000,No,No,No,No,No,Yes,No,Yes
2026-04-11 10:47:22,0.0,1500,500,,500,500,44,,200,,,648,,54.9,0.7200,0.6000,0.6000,1.1000,0.00000000,0.05172429,0.12394310,0.00780744,0.00000000,0.18054710,0.33571990,1.32164000,0.00054945,0.00091575,0.00409035,0.02710620,3.70070400,3.30632200,1.79828900,1.10769100,0.61538400,1.09999900,0.80073180,0.72017020,3.30219400,3.30494200,0.79941320,5.03840000,5.02634000,0.00854700, 2, 255, 7, 24,0x50000,No,No,No,No,No,Yes,No,Yes
2026-04-11 10:47:24,0.0,1500,500,,500,500,44,,200,,,648,,56.5,0.7200,0.6000,0.6000,1.1000,0.00097593,0.05172429,0.12687090,0.00390372,0.00000000,0.18054710,0.33376810,1.31271000,0.00048840,0.00067155,0.00488400,0.02673990,3.70163200,3.31652900,1.80024200,1.10512700,0.61501770,1.10512700,0.79926660,0.72017020,3.30219400,3.30402600,0.79912020,5.03572000,5.02634000,0.00854700, 2, 255, 7, 24,0x50000,No,No,No,No,No,Yes,No,Yes
2026-04-11 10:47:26,0.0,1500,500,,500,500,44,,200,,,648,,56.0,0.7200,0.6000,0.6000,1.1000,0.00292779,0.08685777,0.15810070,0.00780744,0.00000000,0.18152300,0.33376810,1.31271000,0.00036630,0.00067155,0.00409035,0.02686200,3.69977600,3.30168200,1.80024200,1.10732500,0.61501770,1.10476100,0.79890030,0.72097620,3.30219400,3.30311000,0.79912020,5.01428000,5.03572000,0.00854700, 2, 255, 7, 24,0x50000,No,No,No,No,No,Yes,No,Yes
2026-04-11 10:47:28,0.0,1500,500,,500,500,44,,200,,,648,,57.1,0.7200,0.6000,0.6000,1.1000,0.00097593,0.05172429,0.12784680,0.00780744,0.00000000,0.18054710,0.33571990,1.32164000,0.00054945,0.00067155,0.00586080,0.02673990,3.69977600,3.30724900,1.79926600,1.10439400,0.61684920,1.10109800,0.79926660,0.72070740,3.30219400,3.30311000,0.79882700,5.03572000,5.03706000,0.00854700, 2, 255, 7, 24,0x50000,No,No,No,No,No,Yes,No,Yes
2026-04-11 10:47:30,0.0,1500,500,,500,500,43,,200,,,648,,56.0,0.7200,0.6000,0.6000,1.1000,0.00000000,0.04879650,0.12687090,0.00585558,0.00000000,0.19323410,0.33376810,1.30378000,0.00054945,0.00067155,0.00488400,0.02673990,3.69884800,3.31096100,1.79926600,1.10695900,0.61684920,1.10146400,0.79926660,0.72043880,3.30219400,3.30311000,0.79912020,5.03036000,5.01562000,0.00854700, 2, 255, 7, 24,0x50000,No,No,No,No,No,Yes,No,Yes
2026-04-11 10:47:33,0.0,1500,500,,500,500,44,,200,,,648,,56.5,0.7200,0.6000,0.6000,1.1000,0.00000000,0.05172429,0.12687090,0.00683151,0.00000000,0.18152300,0.33279210,1.31271000,0.00048840,0.00067155,0.00457875,0.02747250,3.69977600,3.29889800,1.79926600,1.10695900,0.61648290,1.10146400,0.80036550,0.72097620,3.30219400,3.30311000,0.79912020,5.03304000,5.04108000,0.00854700, 2, 255, 7, 24,0x50000,No,No,No,No,No,Yes,No,Yes
2026-04-11 10:47:35,0.0,1500,500,,500,500,44,,200,,,648,,56.5,0.7200,0.6000,0.6000,1.1000,0.00195186,0.04977243,0.12784680,0.00878337,0.00000000,0.19225820,0.32888840,1.31271000,0.00036630,0.00054945,0.00439560,0.02673990,3.70070400,3.31188900,1.79926600,1.10695900,0.61575030,1.10476100,0.79999920,0.72043880,3.30219400,3.30219400,0.79853400,5.03036000,5.03572000,0.00854700, 2, 255, 7, 24,0x50000,No,No,No,No,No,Yes,No,Yes
2026-04-11 10:47:37,0.0,1500,500,,500,500,44,,200,,,648,,54.9,0.7200,0.6000,0.6000,1.1000,0.00000000,0.04977243,0.12589500,0.00780744,0.00000000,0.18152300,0.33474400,1.32164000,0.00048840,0.00067155,0.00421245,0.02747250,3.69977600,3.30724900,1.78852100,1.10805800,0.61611660,1.10402800,0.80073180,0.72017020,3.30036300,3.30402600,0.79941320,5.03304000,5.03438000,0.00854700, 2, 255, 7, 24,0x50000,No,No,No,No,No,Yes,No,Yes
2026-04-11 10:47:39,0.0,1500,500,,500,500,44,,200,,,648,,56.0,0.7200,0.6000,0.6000,1.1000,0.00000000,0.05367615,0.12491900,0.00585558,0.00000000,0.18152300,0.33474400,1.31271000,0.00054945,0.00091575,0.00427350,0.02722830,3.69884800,3.29889800,1.79828900,1.10769100,0.61538400,1.10402800,0.80036550,0.72070740,3.29944700,3.30494200,0.79941320,5.03706000,5.02634000,0.00854700, 2, 255, 7, 24,0x50000,No,No,No,No,No,Yes,No,Yes
2026-04-11 10:47:41,0.2,1500,500,,500,500,44,,200,,,648,,56.5,0.7200,0.6000,0.6000,1.1000,0.00000000,0.05172429,0.12882280,0.00487965,0.00000000,0.18152300,0.33376810,1.31271000,0.00036630,0.00067155,0.00433455,0.02698410,3.69977600,3.31188900,1.79926600,1.10292900,0.61648290,1.10512700,0.79963290,0.72043880,3.30219400,3.30585700,0.79882700,5.03572000,5.03572000,0.00854700, 2, 255, 7, 24,0x50000,No,No,No,No,No,Yes,No,Yes
2026-04-11 10:47:43,0.0,1500,500,,500,500,44,,200,,,648,,55.4,0.7200,0.6000,0.6000,1.1000,0.00097593,0.04977243,0.12687090,0.00683151,0.00000000,0.18054710,0.33474400,1.31271000,0.00054945,0.00091575,0.00433455,0.02673990,3.69884800,3.29982600,1.79926600,1.10769100,0.61538400,1.10292900,0.79963290,0.72043880,3.30219400,3.30585700,0.79882700,5.03572000,5.02768000,0.00854700, 2, 255, 7, 24,0x50000,No,No,No,No,No,Yes,No,Yes
2026-04-11 10:47:45,0.0,1500,500,,500,500,44,,200,,,648,,56.0,0.7200,0.6000,0.6000,1.1000,0.04684464,0.05270022,0.12491900,0.00683151,0.00000000,0.18152300,0.33571990,1.32164000,0.00054945,0.00042735,0.00439560,0.02735040,3.69884800,3.29889800,1.79828900,1.10769100,0.61501770,1.10512700,0.79999920,0.72017020,3.30127900,3.30402600,0.79941320,5.03170000,5.03840000,0.00854700, 2, 255, 7, 24,0x50000,No,No,No,No,No,Yes,No,Yes
2026-04-11 10:47:47,0.0,1500,500,,500,500,44,,200,,,648,,57.6,0.7200,0.6000,0.6000,1.1000,0.00000000,0.04977243,0.12589500,0.00487965,0.00000000,0.18152300,0.33571990,1.31271000,0.00054945,0.00091575,0.00445665,0.02673990,3.69884800,3.30168200,1.79828900,1.10769100,0.61611660,1.10476100,0.80036550,0.72017020,3.29944700,3.30494200,0.79941320,5.02098000,5.03974000,0.00854700, 2, 255, 7, 24,0x50000,No,No,No,No,No,Yes,No,Yes
2026-04-11 10:47:50,0.0,1500,500,,500,500,44,,200,,,648,,56.5,0.7200,0.6000,0.6000,1.1000,0.00195186,0.05172429,0.12589500,0.01073523,0.00000000,0.18249890,0.33669580,1.33057000,0.00054945,0.00079365,0.00506715,0.02686200,3.69977600,3.30168200,1.80024200,1.10805800,0.61501770,1.10476100,0.79890030,0.72070740,3.30219400,3.30311000,0.79853400,5.03304000,5.03840000,0.00854700, 2, 255, 7, 24,0x50000,No,No,No,No,No,Yes,No,Yes
2026-04-11 10:47:52,0.0,1500,500,,500,500,44,,200,,,648,,56.0,0.7200,0.6000,0.6000,1.1000,0.00000000,0.05074836,0.12687090,0.00000000,0.00000000,0.17957110,0.33279210,1.31271000,0.00054945,0.00067155,0.00445665,0.02735040,3.70070400,3.30260900,1.80024200,1.10219700,0.61648290,1.10292900,0.79999920,0.72017020,3.30219400,3.30311000,0.79882700,5.03304000,5.02902000,0.00854700, 2, 255, 7, 24,0x50000,No,No,No,No,No,Yes,No,Yes
2026-04-11 10:47:54,0.0,1500,500,,500,500,43,,200,,,648,,55.4,0.7200,0.6000,0.6000,1.1000,0.00195186,0.05074836,0.12589500,0.00585558,0.00000000,0.17957110,0.33376810,1.32164000,0.00042735,0.00054945,0.00433455,0.02698410,3.69792000,3.30910500,1.79926600,1.10695900,0.61721550,1.10146400,0.79963290,0.72043880,3.30219400,3.30311000,0.79882700,5.03304000,5.02634000,0.00854700, 2, 255, 7, 24,0x50000,No,No,No,No,No,Yes,No,Yes
2026-04-11 10:47:56,0.0,1500,500,,500,500,44,,200,,,648,,56.0,0.7200,0.6000,0.6000,1.1000,0.00000000,0.05367615,0.12882280,0.00683151,0.00000000,0.18152300,0.33474400,1.32164000,0.00048840,0.00079365,0.00488400,0.02686200,3.69977600,3.31096100,1.79828900,1.10695900,0.61648290,1.10073200,0.79963290,0.72017020,3.30219400,3.30402600,0.79794790,5.03840000,5.03840000,0.00854700, 2, 255, 7, 24,0x50000,No,No,No,No,No,Yes,No,Yes
2026-04-11 10:47:58,0.0,1500,500,,500,500,44,,200,,,648,,56.5,0.7200,0.6000,0.6000,1.1000,0.00000000,0.05367615,0.12687090,0.00585558,0.00000000,0.19225820,0.33181620,1.31271000,0.00036630,0.00067155,0.00439560,0.02698410,3.70070400,3.30817700,1.79926600,1.10219700,0.61501770,1.10146400,0.79963290,0.72043880,3.30219400,3.30402600,0.79912020,5.03304000,5.03036000,0.00854700, 2, 255, 7, 24,0x50000,No,No,No,No,No,Yes,No,Yes
2026-04-11 10:48:00,0.0,1500,500,,500,500,44,,200,,,648,,57.1,0.7200,0.6000,0.6000,1.1000,0.00000000,0.04977243,0.12589500,0.00487965,0.00000000,0.18152300,0.33474400,1.30378000,0.00048840,0.00067155,0.00439560,0.02698410,3.70070400,3.31838500,1.79926600,1.10146400,0.61575030,1.10146400,0.80036550,0.72043880,3.30219400,3.30585700,0.79882700,5.03438000,5.02499900,0.00854700, 2, 255, 7, 24,0x50000,No,No,No,No,No,Yes,No,Yes
2026-04-11 10:48:02,0.0,1500,500,,500,500,44,,200,,,648,,57.1,0.7200,0.6000,0.6000,1.1000,0.00000000,0.05562801,0.12589500,0.00878337,0.00000000,0.18152300,0.33279210,1.32164000,0.00054945,0.00091575,0.00409035,0.02673990,3.70070400,3.31003300,1.79828900,1.10146400,0.61648290,1.10146400,0.79926660,0.72017020,3.30311000,3.30402600,0.79853400,5.03170000,5.03438000,0.00854700, 2, 255, 7, 24,0x50000,No,No,No,No,No,Yes,No,Yes
2026-04-11 10:48:05,0.0,1500,500,,500,500,44,,200,,,648,,56.0,0.7200,0.6000,0.6000,1.1000,0.00097593,0.05074836,0.12687090,0.00683151,0.00000000,0.18445080,0.33571990,1.32164000,0.00054945,0.00067155,0.00494505,0.02735040,3.69792000,3.31003300,1.79926600,1.10659200,0.61501770,1.10146400,0.79999920,0.72043880,3.30219400,3.30311000,0.79941320,5.03304000,5.03170000,0.00854700, 2, 255, 7, 24,0x50000,No,No,No,No,No,Yes,No,Yes
2026-04-11 10:48:07,0.0,1500,500,,500,500,44,,200,,,648,,56.0,0.7200,0.6000,0.6000,1.1000,0.00000000,0.05172429,0.12687090,0.00487965,0.00000000,0.18249890,0.33181620,1.31271000,0.00036630,0.00054945,0.00445665,0.02698410,3.70070400,3.30539300,1.79926600,1.10695900,0.61575030,1.10402800,0.80073180,0.72043880,3.30219400,3.30311000,0.79912020,5.03572000,5.03572000,0.00854700, 2, 255, 7, 24,0x50000,No,No,No,No,No,Yes,No,Yes
2026-04-11 10:48:09,0.0,1500,500,,500,500,44,,200,,,648,,54.9,0.7200,0.6000,0.6000,1.1000,0.00000000,0.05367615,0.12784680,0.00487965,0.00000000,0.18249890,0.33474400,1.33057000,0.00054945,0.00067155,0.00409035,0.02686200,3.69884800,3.31838500,1.79926600,1.10769100,0.61684920,1.10256300,0.80073180,0.72043880,3.29944700,3.30311000,0.79853400,5.03036000,5.03572000,0.00854700, 2, 255, 7, 24,0x50000,No,No,No,No,No,Yes,No,Yes
2026-04-11 10:48:11,0.0,1500,500,,500,500,44,,200,,,648,,57.6,0.7200,0.6000,0.6000,1.1000,0.00000000,0.05270022,0.12687090,0.00780744,0.00000000,0.18249890,0.33474400,1.33057000,0.00036630,0.00067155,0.00506715,0.02686200,3.69977600,3.31188900,1.79926600,1.10915600,0.61575030,1.10402800,0.79926660,0.72043880,3.30219400,3.30585700,0.79882700,5.03304000,5.03572000,0.00854700, 2, 255, 7, 24,0x50000,No,No,No,No,No,Yes,No,Yes
2026-04-11 10:48:13,0.0,1500,500,,500,500,44,,200,,,648,,54.9,0.7200,0.6000,0.6000,1.1000,0.00195186,0.09173742,0.15419700,0.00683151,0.00000000,0.17957110,0.33376810,1.32164000,0.00048840,0.00091575,0.00421245,0.02698410,3.69884800,3.32766400,1.80659200,1.10146400,0.61575030,1.10146400,0.80036550,0.72017020,3.29944700,3.30402600,0.79853400,5.01830000,5.01294000,0.00940170, 2, 255, 7, 24,0x50000,No,No,No,No,No,Yes,No,Yes
2026-04-11 10:48:15,0.0,1500,500,,500,500,44,,200,,,648,,56.5,0.7200,0.6000,0.6000,1.1000,0.00000000,0.05172429,0.12687090,0.00683151,0.00000000,0.18249890,0.33279210,1.33057000,0.00054945,0.00067155,0.00384615,0.02673990,3.69884800,3.31838500,1.78852100,1.10769100,0.61575030,1.10476100,0.79963290,0.72043880,3.30219400,3.30311000,0.79912020,5.03304000,5.03304000,0.00854700, 2, 255, 7, 24,0x50000,No,No,No,No,No,Yes,No,Yes
2026-04-11 10:48:17,0.0,1500,500,,500,500,44,,200,,,648,,56.5,0.7200,0.6000,0.6000,1.1000,0.00000000,0.05367615,0.12687090,0.00585558,0.00000000,0.19225820,0.33376810,1.33057000,0.00054945,0.00091575,0.00488400,0.02673990,3.70070400,3.30168200,1.80024200,1.10292900,0.61501770,1.10512700,0.80036550,0.72043880,3.30127900,3.30311000,0.79941320,5.02499900,5.03840000,0.00854700, 2, 255, 7, 24,0x50000,No,No,No,No,No,Yes,No,Yes
2026-04-11 10:48:20,0.0,1500,500,,500,500,44,,200,,,648,,55.4,0.7200,0.6000,0.6000,1.1000,0.00195186,0.05172429,0.12687090,0.01073523,0.00000000,0.18152300,0.33376810,1.33057000,0.00054945,0.00079365,0.00409035,0.02673990,3.70070400,3.30168200,1.80024200,1.11062200,0.61648290,1.09999900,0.80036550,0.72017020,3.30219400,3.30311000,0.79882700,5.03572000,5.03840000,0.00854700, 2, 255, 7, 24,0x50000,No,No,No,No,No,Yes,No,Yes
2026-04-11 10:48:22,0.0,1500,500,,500,500,44,,200,,,648,,56.5,0.7200,0.6000,0.6000,1.1000,0.00195186,0.05074836,0.12589500,0.00487965,0.00000000,0.19225820,0.33376810,1.33057000,0.00054945,0.00079365,0.00409035,0.02698410,3.69977600,3.31096100,1.80024200,1.10769100,0.61611660,1.10146400,0.80109810,0.72017020,3.30219400,3.30494200,0.79941320,5.03304000,5.03170000,0.00854700, 2, 255, 7, 24,0x50000,No,No,No,No,No,Yes,No,Yes
2026-04-11 10:48:24,0.0,1500,500,,500,500,44,,200,,,648,,56.5,0.7200,0.6000,0.6000,1.1000,0.00097593,0.04977243,0.12687090,0.00487965,0.00000000,0.18054710,0.33181620,1.31271000,0.00036630,0.00067155,0.00445665,0.02698410,3.69977600,3.29889800,1.80024200,1.10586000,0.61611660,1.10146400,0.80073180,0.72043880,3.30219400,3.30311000,0.79970620,5.02499900,5.03572000,0.00854700, 2, 255, 7, 24,0x50000,No,No,No,No,No,Yes,No,Yes
2026-04-11 10:48:26,0.0,1500,500,,500,500,44,,200,,,648,,54.3,0.7200,0.6000,0.6000,1.1000,0.00097593,0.05172429,0.12784680,0.00683151,0.00000000,0.20494530,0.33376810,1.30378000,0.00054945,0.00067155,0.00427350,0.02686200,3.69884800,3.30724900,1.78852100,1.10769100,0.61648290,1.10512700,0.80073180,0.72043880,3.30219400,3.30585700,0.79912020,5.02499900,5.03706000,0.00854700, 2, 255, 7, 24,0x50000,No,No,No,No,No,Yes,No,Yes
2026-04-11 10:48:28,0.0,1500,500,,500,500,44,,200,,,648,,56.0,0.7200,0.6000,0.6000,1.1000,0.00097593,0.05367615,0.12687090,0.00878337,0.00000000,0.18249890,0.33474400,1.30378000,0.00054945,0.00079365,0.00488400,0.02710620,3.70070400,3.29889800,1.79828900,1.10769100,0.61538400,1.10402800,0.80036550,0.72017020,3.30219400,3.30402600,0.79941320,5.02902000,5.03170000,0.00854700, 2, 255, 7, 24,0x50000,No,No,No,No,No,Yes,No,Yes
2026-04-11 10:48:30,0.0,1500,500,,500,500,44,,200,,,648,,56.5,0.7200,0.6000,0.6000,1.1000,0.04684464,0.06538731,0.12687090,0.00585558,0.00000000,0.18152300,0.33571990,1.31271000,0.00054945,0.00067155,0.00439560,0.02686200,3.70070400,3.31652900,1.80024200,1.10769100,0.61611660,1.10549400,0.79890030,0.72017020,3.30036300,3.30402600,0.79941320,5.01964000,5.02098000,0.00854700, 2, 255, 7, 24,0x50000,No,No,No,No,No,Yes,No,Yes
2026-04-11 10:48:32,0.0,1500,500,,500,500,44,,200,,,648,,56.5,0.7200,0.6000,0.6000,1.1000,0.00097593,0.05172429,0.12589500,0.00780744,0.00000000,0.18249890,0.33474400,1.32164000,0.00054945,0.00067155,0.00457875,0.02673990,3.70070400,3.30817700,1.78852100,1.10769100,0.61648290,1.10146400,0.80036550,0.71990160,3.30127900,3.30311000,0.79882700,5.01562000,5.03572000,0.00854700, 2, 255, 7, 24,0x50000,No,No,No,No,No,Yes,No,Yes
2026-04-11 10:48:35,0.0,1500,500,,500,500,44,,200,,,648,,56.0,0.7200,0.6000,0.6000,1.1000,0.00000000,0.05562801,0.12687090,0.00585558,0.00000000,0.18249890,0.33571990,1.29485000,0.00054945,0.00067155,0.00421245,0.02673990,3.69884800,3.30632200,1.78852100,1.10439400,0.61575030,1.10402800,0.79926660,0.72043880,3.30219400,3.30311000,0.79912020,5.03572000,5.03572000,0.00854700, 2, 255, 7, 24,0x50000,No,No,No,No,No,Yes,No,Yes
2026-04-11 10:48:37,0.0,1500,500,,500,500,44,,200,,,648,,57.1,0.7200,0.6000,0.6000,1.1000,0.00000000,0.04977243,0.12687090,0.00487965,0.00000000,0.18054710,0.33376810,1.31271000,0.00036630,0.00079365,0.00439560,0.02722830,3.69977600,3.29982600,1.79926600,1.10292900,0.61648290,1.10402800,0.80036550,0.72043880,3.30036300,3.30311000,0.79882700,5.02768000,5.03572000,0.00854700, 2, 255, 7, 24,0x50000,No,No,No,No,No,Yes,No,Yes
2026-04-11 10:48:39,0.0,1500,500,,500,500,44,,200,,,648,,55.4,0.7200,0.6000,0.6000,1.1000,0.04586871,0.05172429,0.12687090,0.00390372,0.00000000,0.18152300,0.33376810,1.31271000,0.00054945,0.00042735,0.00445665,0.02698410,3.69884800,3.32580900,1.79828900,1.10769100,0.61648290,1.10476100,0.79999920,0.72017020,3.29944700,3.30402600,0.79941320,5.03840000,5.03170000,0.00854700, 2, 255, 7, 24,0x50000,No,No,No,No,No,Yes,No,Yes
2026-04-11 10:48:41,0.0,1500,500,,500,500,44,,200,,,648,,55.4,0.7200,0.6000,0.6000,1.1000,0.00000000,0.05172429,0.12882280,0.00780744,0.00000000,0.18347480,0.33279210,1.31271000,0.00054945,0.00067155,0.00488400,0.02735040,3.69884800,3.30724900,1.79828900,1.11062200,0.61538400,1.10476100,0.80073180,0.72017020,3.29944700,3.30494200,0.79941320,5.02098000,5.02098000,0.00854700, 2, 255, 7, 24,0x50000,No,No,No,No,No,Yes,No,Yes
2026-04-11 10:48:43,0.0,1500,500,,500,500,44,,200,,,648,,56.5,0.7200,0.6000,0.6000,1.1000,0.00000000,0.04977243,0.12687090,0.00780744,0.00000000,0.18152300,0.33376810,1.31271000,0.00036630,0.00067155,0.00433455,0.02673990,3.69884800,3.29982600,1.78754400,1.10805800,0.61575030,1.10146400,0.79999920,0.72043880,3.30036300,3.30311000,0.79882700,5.03438000,5.03304000,0.00854700, 2, 255, 7, 24,0x50000,No,No,No,No,No,Yes,No,Yes
2026-04-11 10:48:45,0.0,1500,500,,500,500,44,,200,,,648,,56.5,0.7200,0.6000,0.6000,1.1000,0.00097593,0.05172429,0.12687090,0.00487965,0.00000000,0.18152300,0.33279210,1.31271000,0.00036630,0.00067155,0.00451770,0.02698410,3.69977600,3.29889800,1.78852100,1.10439400,0.61501770,1.10146400,0.80146440,0.72043880,3.30219400,3.30402600,0.79882700,5.02232000,5.03572000,0.00854700, 2, 255, 7, 24,0x50000,No,No,No,No,No,Yes,No,Yes
2026-04-11 10:48:47,0.0,1500,500,,500,500,44,,200,,,648,,56.5,0.7200,0.6000,0.6000,1.1000,0.00000000,0.05270022,0.12687090,0.00683151,0.00000000,0.18054710,0.33376810,1.32164000,0.00054945,0.00067155,0.00427350,0.02722830,3.69884800,3.30353800,1.78852100,1.10586000,0.61391880,1.10476100,0.79926660,0.72043880,3.30219400,3.30311000,0.79882700,5.03304000,5.03572000,0.00854700, 2, 255, 7, 24,0x50000,No,No,No,No,No,Yes,No,Yes
2026-04-11 10:48:49,0.0,1500,500,,500,500,44,,200,,,648,,56.0,0.7200,0.6000,0.6000,1.1000,0.00097593,0.05172429,0.12589500,0.00390372,0.00000000,0.19518600,0.33474400,1.31271000,0.00054945,0.00091575,0.00494505,0.02686200,3.70070400,3.32580900,1.79828900,1.10146400,0.61648290,1.10146400,0.79999920,0.71990160,3.30402600,3.30402600,0.79941320,5.03170000,5.03170000,0.00854700, 2, 255, 7, 24,0x50000,No,No,No,No,No,Yes,No,Yes
2026-04-11 10:48:52,0.0,1500,500,,500,500,44,,200,,,648,,56.5,0.7200,0.6000,0.6000,1.1000,0.00097593,0.05367615,0.12589500,0.00878337,0.00000000,0.18152300,0.33474400,1.32164000,0.00048840,0.00067155,0.00439560,0.02686200,3.69977600,3.31374500,1.78852100,1.10695900,0.61721550,1.10073200,0.80073180,0.72017020,3.30036300,3.30311000,0.79882700,5.03304000,5.03304000,0.00854700, 2, 255, 7, 24,0x50000,No,No,No,No,No,Yes,No,Yes
2026-04-11 10:48:54,0.0,1500,500,,500,500,43,,200,,,648,,56.0,0.7200,0.6000,0.6000,1.1000,0.00195186,0.05074836,0.12784680,0.00487965,0.00000000,0.18152300,0.33181620,1.32164000,0.00042735,0.00067155,0.00433455,0.02686200,3.69977600,3.31188900,1.79926600,1.10146400,0.61465140,1.10366200,0.79890030,0.72043880,3.30219400,3.30311000,0.79912020,5.03036000,5.03036000,0.00854700, 2, 255, 7, 24,0x50000,No,No,No,No,No,Yes,No,Yes
2026-04-11 10:48:56,0.0,1500,500,,500,500,44,,200,,,648,,56.5,0.7200,0.6000,0.6000,1.1000,0.00195186,0.05074836,0.12784680,0.00195186,0.00000000,0.18152300,0.33474400,1.33057000,0.00054945,0.00067155,0.00494505,0.02673990,3.70070400,3.32952100,1.80024200,1.10805800,0.61465140,1.10292900,0.79963290,0.72017020,3.29944700,3.30494200,0.79853400,5.02634000,5.03170000,0.00854700, 2, 255, 7, 24,0x50000,No,No,No,No,No,Yes,No,Yes
2026-04-11 10:48:58,0.0,1500,500,,500,500,43,,200,,,648,,56.0,0.7200,0.6000,0.6000,1.1000,0.00292779,0.05172429,0.12491900,0.00683151,0.00000000,0.18445080,0.33279210,1.31271000,0.00054945,0.00091575,0.00488400,0.02735040,3.70070400,3.31281700,1.79828900,1.10732500,0.61648290,1.10402800,0.79999920,0.71990160,3.30219400,3.30402600,0.79853400,5.03170000,5.03840000,0.00854700, 2, 255, 7, 24,0x50000,No,No,No,No,No,Yes,No,Yes
2026-04-11 10:49:00,0.0,1500,500,,500,500,44,,200,,,648,,56.0,0.7200,0.6000,0.6000,1.1000,0.00097593,0.08880963,0.15712470,0.00780744,0.00000000,0.18152300,0.33571990,1.31271000,0.00048840,0.00085470,0.00488400,0.02698410,3.70070400,3.30168200,1.79828900,1.10695900,0.61355250,1.10292900,0.79963290,0.72017020,3.30219400,3.30494200,0.79941320,5.00490000,5.01026000,0.00854700, 2, 255, 7, 24,0x50000,No,No,No,No,No,Yes,No,Yes
2026-04-11 10:49:02,0.0,1500,500,,500,500,44,,200,,,648,,56.5,0.7200,0.6000,0.6000,1.1000,0.00000000,0.05757987,0.12687090,0.00585558,0.00000000,0.20006570,0.33474400,1.33057000,0.00036630,0.00079365,0.00421245,0.02710620,3.69977600,3.30632200,1.80024200,1.10769100,0.61684920,1.10109800,0.80073180,0.72043880,3.30219400,3.30311000,0.79912020,5.02499900,5.02499900,0.00854700, 2, 255, 7, 24,0x50000,No,No,No,No,No,Yes,No,Yes
2026-04-11 10:49:04,0.0,1500,500,,500,500,44,,200,,,648,,55.4,0.7200,0.6000,0.6000,1.1000,0.00000000,0.05367615,0.12784680,0.00292779,0.00000000,0.18152300,0.33376810,1.31271000,0.00054945,0.00085470,0.00494505,0.02673990,3.69884800,3.32580900,1.80024200,1.10842400,0.61465140,1.10512700,0.79999920,0.72070740,3.30311000,3.30311000,0.79941320,5.03840000,5.02634000,0.00854700, 2, 255, 7, 24,0x50000,No,No,No,No,No,Yes,No,Yes
2026-04-11 10:49:07,0.0,1500,500,,500,500,44,,200,,,648,,55.4,0.7200,0.6000,0.6000,1.1000,0.00000000,0.05660394,0.12687090,0.00487965,0.00000000,0.18152300,0.33279210,1.32164000,0.00054945,0.00042735,0.00488400,0.02698410,3.70070400,3.32952100,1.79828900,1.10769100,0.61611660,1.10512700,0.79926660,0.72017020,3.30311000,3.30494200,0.79941320,5.03572000,5.02499900,0.00854700, 2, 255, 7, 24,0x50000,No,No,No,No,No,Yes,No,Yes
2026-04-11 10:49:09,0.0,1500,500,,500,500,44,,200,,,648,,56.5,0.7200,0.6000,0.6000,1.1000,0.00000000,0.05172429,0.12687090,0.00683151,0.00000000,0.18152300,0.33181620,1.31271000,0.00054945,0.00042735,0.00439560,0.02759460,3.70070400,3.29889800,1.79828900,1.10292900,0.61465140,1.10476100,0.79890030,0.72017020,3.30127900,3.30494200,0.79941320,5.02634000,5.02634000,0.00854700, 2, 255, 7, 24,0x50000,No,No,No,No,No,Yes,No,Yes
2026-04-11 10:49:11,0.0,1500,500,,500,500,44,,200,,,648,,56.0,0.7200,0.6000,0.6000,1.1000,0.00000000,0.05270022,0.12687090,0.00390372,0.00000000,0.18249890,0.33474400,1.32164000,0.00054945,0.00067155,0.00384615,0.02673990,3.69884800,3.31467300,1.80024200,1.10146400,0.61611660,1.10476100,0.79926660,0.72017020,3.29944700,3.30494200,0.79941320,5.02634000,5.03840000,0.00854700, 2, 255, 7, 24,0x50000,No,No,No,No,No,Yes,No,Yes
2026-04-11 10:49:13,0.0,1500,500,,500,500,44,,200,,,648,,56.5,0.7200,0.6000,0.6000,1.1000,0.00000000,0.05757987,0.12491900,0.00683151,0.00000000,0.17957110,0.33571990,1.31271000,0.00036630,0.00054945,0.00427350,0.02747250,3.69977600,3.30910500,1.78852100,1.10292900,0.61575030,1.10146400,0.79926660,0.72043880,3.30219400,3.30311000,0.79882700,5.03304000,5.03304000,0.00854700, 2, 255, 7, 24,0x50000,No,No,No,No,No,Yes,No,Yes
2026-04-11 10:49:15,0.0,1500,500,,500,500,44,,200,,,648,,56.5,0.7200,0.6000,0.6000,1.1000,0.00000000,0.05172429,0.12687090,0.00878337,0.00000000,0.18152300,0.33474400,1.31271000,0.00054945,0.00091575,0.00427350,0.02673990,3.70070400,3.31467300,1.80024200,1.11062200,0.61648290,1.10402800,0.79999920,0.72070740,3.29944700,3.30402600,0.79941320,5.03572000,5.02634000,0.00854700, 2, 255, 7, 24,0x50000,No,No,No,No,No,Yes,No,Yes
2026-04-11 10:49:17,0.0,1500,500,,500,500,44,,200,,,648,,55.4,0.7200,0.6000,0.6000,1.1000,0.00000000,0.05757987,0.12687090,0.00487965,0.00000000,0.18249890,0.33376810,1.31271000,0.00054945,0.00067155,0.00409035,0.02673990,3.69977600,3.30632200,1.79926600,1.10476100,0.61611660,1.10292900,0.79963290,0.72043880,3.30219400,3.30402600,0.79853400,5.03572000,5.02499900,0.00854700, 2, 255, 7, 24,0x50000,No,No,No,No,No,Yes,No,Yes
2026-04-11 10:49:20,0.0,1500,500,,500,500,44,,200,,,648,,57.1,0.7200,0.6000,0.6000,1.1000,0.04782057,0.05172429,0.12589500,0.00585558,0.00000000,0.18054710,0.33571990,1.33057000,0.00048840,0.00067155,0.00433455,0.02673990,3.70070400,3.31467300,1.80024200,1.10219700,0.61611660,1.10476100,0.80036550,0.72043880,3.30219400,3.30311000,0.79794790,5.01428000,5.01964000,0.00854700, 2, 255, 7, 24,0x50000,No,No,No,No,No,Yes,No,Yes
2026-04-11 10:49:22,0.0,1500,500,,500,500,44,,200,,,648,,56.5,0.7200,0.6000,0.6000,1.1000,0.00097593,0.05172429,0.12882280,0.00683151,0.00000000,0.18152300,0.33571990,1.31271000,0.00036630,0.00042735,0.00433455,0.02698410,3.69884800,3.30724900,1.79828900,1.10439400,0.61611660,1.10402800,0.80073180,0.72017020,3.30311000,3.30311000,0.79853400,5.03706000,5.03572000,0.00854700, 2, 255, 7, 24,0x50000,No,No,No,No,No,Yes,No,Yes
2026-04-11 10:49:24,0.0,1500,500,,500,500,44,,200,,,648,,56.5,0.7200,0.6000,0.6000,1.1000,0.00000000,0.05270022,0.12687090,0.00585558,0.00000000,0.18152300,0.33181620,1.33057000,0.00054945,0.00067155,0.00433455,0.02735040,3.70070400,3.31003300,1.79828900,1.10769100,0.61758180,1.10476100,0.80036550,0.72070740,3.30127900,3.30402600,0.79941320,5.02634000,5.03706000,0.00854700, 2, 255, 7, 24,0x50000,No,No,No,No,No,Yes,No,Yes
2026-04-11 10:49:26,0.0,1500,500,,500,500,44,,200,,,648,,56.0,0.7200,0.6000,0.6000,1.1000,0.00097593,0.05172429,0.12882280,0.00683151,0.00000000,0.18152300,0.33571990,1.32164000,0.00054945,0.00091575,0.00445665,0.02710620,3.70070400,3.31281700,1.79828900,1.10805800,0.61648290,1.10512700,0.79963290,0.72043880,3.30311000,3.30494200,0.79853400,5.02634000,5.03572000,0.00854700, 2, 255, 7, 24,0x50000,No,No,No,No,No,Yes,No,Yes
2026-04-11 10:49:28,0.0,1500,500,,500,500,43,,200,,,648,,56.5,0.7200,0.6000,0.6000,1.1000,0.00000000,0.05074836,0.12784680,0.00878337,0.00000000,0.18249890,0.33864770,1.32164000,0.00054945,0.00091575,0.00445665,0.02759460,3.70070400,3.32580900,1.79828900,1.10439400,0.61501770,1.10512700,0.80036550,0.72043880,3.30127900,3.30494200,0.79941320,5.03572000,5.03706000,0.00854700, 2, 255, 7, 24,0x50000,No,No,No,No,No,Yes,No,Yes
2026-04-11 10:49:30,0.0,1500,500,,500,500,44,,200,,,648,,55.4,0.7200,0.6000,0.6000,1.1000,0.00000000,0.05074836,0.12784680,0.00390372,0.00000000,0.18054710,0.33474400,1.32164000,0.00048840,0.00054945,0.00433455,0.02710620,3.69977600,3.30168200,1.79926600,1.10146400,0.61648290,1.10146400,0.80073180,0.72097620,3.30219400,3.30311000,0.79882700,5.03304000,5.03572000,0.00854700, 2, 255, 7, 24,0x50000,No,No,No,No,No,Yes,No,Yes
2026-04-11 10:49:32,0.0,1500,500,,500,500,44,,200,,,648,,57.1,0.7200,0.6000,0.6000,1.1000,0.00487965,0.05270022,0.12687090,0.00390372,0.00000000,0.18054710,0.33181620,1.31271000,0.00054945,0.00091575,0.00409035,0.02673990,3.69884800,3.30910500,1.79828900,1.10146400,0.61611660,1.10292900,0.79963290,0.72043880,3.30127900,3.30311000,0.79794790,5.02634000,5.02634000,0.00854700, 2, 255, 7, 24,0x50000,No,No,No,No,No,Yes,No,Yes
2026-04-11 10:49:34,0.0,1500,500,,500,500,44,,200,,,648,,56.0,0.7200,0.6000,0.6000,1.1000,0.00000000,0.06538731,0.12589500,0.00683151,0.00000000,0.18054710,0.33376810,1.32164000,0.00036630,0.00042735,0.00463980,0.02710620,3.69977600,3.31281700,1.79828900,1.10732500,0.61538400,1.10476100,0.79999920,0.71990160,3.30311000,3.30402600,0.79853400,5.03170000,5.02902000,0.00854700, 2, 255, 7, 24,0x50000,No,No,No,No,No,Yes,No,Yes
2026-04-11 10:49:37,0.0,1500,500,,500,500,44,,200,,,648,,56.0,0.7200,0.6000,0.6000,1.1000,0.00000000,0.05270022,0.12687090,0.00292779,0.00000000,0.17957110,0.33376810,1.29485000,0.00054945,0.00091575,0.00384615,0.02673990,3.69884800,3.30632200,1.79096300,1.10769100,0.61355250,1.10146400,0.80036550,0.71990160,3.30127900,3.30402600,0.79853400,5.03170000,5.02902000,0.00854700, 2, 255, 7, 24,0x50000,No,No,No,No,No,Yes,No,Yes
2026-04-11 10:49:39,0.0,1500,500,,500,500,44,,200,,,648,,55.4,0.7200,0.6000,0.6000,1.1000,0.00292779,0.06441138,0.12589500,0.00683151,0.00000000,0.18152300,0.33474400,1.32164000,0.00054945,0.00079365,0.00463980,0.02698410,3.70070400,3.30260900,1.79828900,1.10476100,0.61575030,1.10512700,0.79890030,0.72017020,3.30311000,3.30402600,0.79941320,5.03840000,5.03304000,0.00854700, 2, 255, 7, 24,0x50000,No,No,No,No,No,Yes,No,Yes
2026-04-11 10:49:41,0.0,1500,500,,500,500,44,,200,,,648,,54.9,0.7200,0.6000,0.6000,1.1000,0.00195186,0.05172429,0.12687090,0.00585558,0.00000000,0.18347480,0.33376810,1.32164000,0.00054945,0.00091575,0.00439560,0.02673990,3.69884800,3.29518600,1.79096300,1.10769100,0.61538400,1.10402800,0.79890030,0.72043880,3.30219400,3.30311000,0.79882700,5.03304000,5.03438000,0.00854700, 2, 255, 7, 24,0x50000,No,No,No,No,No,Yes,No,Yes
2026-04-11 10:49:43,0.0,1500,500,,500,500,44,,200,,,648,,56.0,0.7200,0.6000,0.6000,1.1000,0.00292779,0.05757987,0.12687090,0.00878337,0.00000000,0.18152300,0.33571990,1.32164000,0.00054945,0.00054945,0.00445665,0.02710620,3.70070400,3.30910500,1.80024200,1.10805800,0.61611660,1.10512700,0.79926660,0.72017020,3.29944700,3.30311000,0.79941320,5.02634000,5.02902000,0.00854700, 2, 255, 7, 24,0x50000,No,No,No,No,No,Yes,No,Yes
2026-04-11 10:49:45,0.0,1500,500,,500,500,43,,200,,,648,,56.5,0.7200,0.6000,0.6000,1.1000,0.00195186,0.05172429,0.12784680,0.00683151,0.00000000,0.18054710,0.33669580,1.31271000,0.00048840,0.00054945,0.00500610,0.02686200,3.70070400,3.31003300,1.79926600,1.10183000,0.61538400,1.10292900,0.79963290,0.72043880,3.30219400,3.30311000,0.79882700,5.02768000,5.03706000,0.00854700, 2, 255, 7, 24,0x50000,No,No,No,No,No,Yes,No,Yes
2026-04-11 10:49:47,0.0,1500,500,,500,500,44,,200,,,648,,56.0,0.7200,0.6000,0.6000,1.1000,0.00000000,0.05074836,0.12687090,0.00780744,0.00000000,0.17957110,0.33376810,1.31271000,0.00048840,0.00079365,0.00488400,0.02673990,3.69977600,3.31003300,1.79828900,1.10439400,0.61575030,1.10512700,0.79926660,0.72070740,3.30219400,3.30494200,0.79853400,5.03572000,5.03170000,0.00854700, 2, 255, 7, 24,0x50000,No,No,No,No,No,Yes,No,Yes
2026-04-11 10:49:50,0.0,1500,500,,500,500,44,,200,,,648,,56.5,0.7200,0.6000,0.6000,1.1000,0.00000000,0.04977243,0.12784680,0.00390372,0.00000000,0.19323410,0.33474400,1.31271000,0.00054945,0.00085470,0.00433455,0.02686200,3.69884800,3.30910500,1.79828900,1.10146400,0.61758180,1.10292900,0.79999920,0.72070740,3.29944700,3.30494200,0.79941320,5.02634000,5.02634000,0.00854700, 2, 255, 7, 24,0x50000,No,No,No,No,No,Yes,No,Yes
2026-04-11 10:49:52,0.0,1500,500,,500,500,44,,200,,,648,,55.4,0.7200,0.6000,0.6000,1.1000,0.00000000,0.05172429,0.12882280,0.00390372,0.00000000,0.18152300,0.33474400,1.32164000,0.00042735,0.00042735,0.00384615,0.02710620,3.69884800,3.32766400,1.79828900,1.10402800,0.61575030,1.10512700,0.80036550,0.72017020,3.30127900,3.30402600,0.79853400,5.02902000,5.03170000,0.00854700, 2, 255, 7, 24,0x50000,No,No,No,No,No,Yes,No,Yes
2026-04-11 10:49:54,0.0,1500,500,,500,500,44,,200,,,648,,56.0,0.7200,0.6000,0.6000,1.1000,0.00000000,0.06538731,0.12491900,0.00390372,0.00000000,0.18249890,0.33376810,1.33057000,0.00054945,0.00042735,0.00445665,0.02686200,3.69884800,3.31188900,1.80659200,1.10769100,0.61575030,1.10512700,0.80036550,0.72017020,3.30127900,3.30402600,0.79853400,5.03170000,5.03170000,0.00854700, 2, 255, 7, 24,0x50000,No,No,No,No,No,Yes,No,Yes
2026-04-11 10:49:56,0.0,1500,500,,500,500,44,,200,,,648,,57.1,0.7200,0.6000,0.6000,1.1000,0.00292779,0.04977243,0.12784680,0.00683151,0.00000000,0.18152300,0.33084030,1.32164000,0.00054945,0.00067155,0.00445665,0.02710620,3.69884800,3.30168200,1.79926600,1.10183000,0.61391880,1.10146400,0.79963290,0.72070740,3.29944700,3.30494200,0.79970620,5.02499900,5.02634000,0.00854700, 2, 255, 7, 24,0x50000,No,No,No,No,No,Yes,No,Yes
2026-04-11 10:49:58,0.0,1500,500,,500,500,44,,200,,,648,,56.0,0.7200,0.6000,0.6000,1.1000,0.04782057,0.05270022,0.12687090,0.00487965,0.00000000,0.18152300,0.33279210,1.33057000,0.00054945,0.00067155,0.00439560,0.02710620,3.69884800,3.31003300,1.80024200,1.10146400,0.61501770,1.10512700,0.80036550,0.72017020,3.29944700,3.30494200,0.79853400,5.02634000,5.03840000,0.00854700, 2, 255, 7, 24,0x50000,No,No,No,No,No,Yes,No,Yes
2026-04-11 10:50:00,0.0,1500,500,,500,500,44,,200,,,648,,57.1,0.7200,0.6000,0.6000,1.1000,0.00000000,0.05367615,0.12687090,0.00487965,0.00000000,0.19225820,0.33474400,1.32164000,0.00054945,0.00042735,0.00494505,0.02686200,3.70070400,3.30817700,1.79828900,1.10769100,0.61648290,1.10256300,0.79963290,0.72017020,3.30311000,3.30402600,0.79970620,5.02098000,5.03304000,0.00854700, 2, 255, 7, 24,0x50000,No,No,No,No,No,Yes,No,Yes
2026-04-11 10:50:02,0.0,1500,500,,500,500,44,,200,,,648,,56.5,0.7200,0.6000,0.6000,1.1000,0.00000000,0.05172429,0.12687090,0.00585558,0.00000000,0.18152300,0.33474400,1.32164000,0.00054945,0.00067155,0.00451770,0.02710620,3.70070400,3.30724900,1.80024200,1.10439400,0.61575030,1.10439400,0.79963290,0.72070740,3.29944700,3.30402600,0.79853400,5.02634000,5.02902000,0.00854700, 2, 255, 7, 24,0x50000,No,No,No,No,No,Yes,No,Yes
2026-04-11 10:50:05,0.0,1500,500,,500,500,44,,200,,,648,,55.4,0.7200,0.6000,0.6000,1.1000,0.00097593,0.05172429,0.12687090,0.00292779,0.00000000,0.17859520,0.33181620,1.32164000,0.00054945,0.00067155,0.00494505,0.02735040,3.70163200,3.30910500,1.80024200,1.10292900,0.61648290,1.10512700,0.80036550,0.72017020,3.30219400,3.30311000,0.79970620,5.03304000,5.03170000,0.00854700, 2, 255, 7, 24,0x50000,No,No,No,No,No,Yes,No,Yes
2026-04-11 10:50:07,0.0,1500,500,,500,500,44,,200,,,648,,56.5,0.7200,0.6000,0.6000,1.1000,0.01171116,0.08978556,0.15712470,0.00487965,0.00000000,0.18152300,0.33571990,1.33057000,0.00054945,0.00042735,0.00439560,0.02673990,3.70070400,3.30168200,1.79828900,1.10549400,0.61648290,1.10476100,0.80073180,0.72070740,3.29944700,3.30494200,0.79941320,5.01964000,5.01294000,0.00940170, 2, 255, 7, 24,0x50000,No,No,No,No,No,Yes,No,Yes
2026-04-11 10:50:09,0.0,1500,500,,500,500,44,,200,,,648,,55.4,0.7200,0.6000,0.6000,1.1000,0.00000000,0.05074836,0.12589500,0.00390372,0.00000000,0.18249890,0.33279210,1.31271000,0.00054945,0.00091575,0.00384615,0.02710620,3.69977600,3.31374500,1.80659200,1.10292900,0.61575030,1.10073200,0.79926660,0.72043880,3.30402600,3.30402600,0.79941320,5.03036000,5.02098000,0.00854700, 2, 255, 7, 24,0x50000,No,No,No,No,No,Yes,No,Yes
2026-04-11 10:50:11,0.0,1500,500,,500,500,44,,200,,,648,,55.4,0.7200,0.6000,0.6000,1.1000,0.00097593,0.04977243,0.12784680,0.00683151,0.00000000,0.18152300,0.33376810,1.31271000,0.00036630,0.00067155,0.00445665,0.02686200,3.69977600,3.30260900,1.81684800,1.10476100,0.60659280,1.10402800,0.79926660,0.72097620,3.30127900,3.30402600,0.79824100,5.01026000,5.03572000,0.00854700, 2, 255, 7, 24,0x50000,No,No,No,No,No,Yes,No,Yes
2026-04-11 10:50:13,0.0,1500,500,,500,500,44,,200,,,648,,56.0,0.7200,0.6000,0.6000,1.1000,0.00195186,0.05172429,0.12687090,0.00683151,0.00000000,0.18152300,0.33669580,1.32164000,0.00048840,0.00079365,0.00494505,0.02735040,3.70070400,3.31188900,1.79828900,1.10439400,0.61648290,1.10402800,0.79926660,0.72070740,3.30219400,3.30311000,0.79970620,5.02499900,5.03974000,0.00854700, 2, 255, 7, 24,0x50000,No,No,No,No,No,Yes,No,Yes
2026-04-11 10:50:15,0.2,1500,500,,500,500,44,,200,,,648,,56.5,0.7200,0.6000,0.6000,1.1000,0.00000000,0.04977243,0.12589500,0.00585558,0.00000000,0.18152300,0.33376810,1.32164000,0.00054945,0.00042735,0.00494505,0.02661780,3.70070400,3.32766400,1.79828900,1.10769100,0.61721550,1.10476100,0.80036550,0.72017020,3.29944700,3.30494200,0.79853400,5.03170000,5.02902000,0.00854700, 2, 255, 7, 24,0x50000,No,No,No,No,No,Yes,No,Yes
2026-04-11 10:50:17,0.0,1500,500,,500,500,44,,200,,,648,,56.0,0.7200,0.6000,0.6000,1.1000,0.00000000,0.05562801,0.12589500,0.00390372,0.00000000,0.19225820,0.33279210,1.33057000,0.00036630,0.00042735,0.00409035,0.02698410,3.69884800,3.31096100,1.79828900,1.10769100,0.61648290,1.10402800,0.79926660,0.72070740,3.29944700,3.30494200,0.79970620,5.02499900,5.03840000,0.00854700, 2, 255, 7, 24,0x50000,No,No,No,No,No,Yes,No,Yes
2026-04-11 10:50:19,0.0,1500,500,,500,500,44,,200,,,648,,56.5,0.7200,0.6000,0.6000,1.1000,0.00097593,0.05172429,0.12784680,0.00487965,0.00000000,0.18249890,0.33376810,1.30378000,0.00054945,0.00091575,0.00433455,0.02673990,3.70070400,3.31003300,1.80024200,1.10769100,0.61538400,1.10402800,0.80036550,0.72070740,3.30127900,3.30494200,0.79941320,5.03572000,5.03840000,0.00854700, 2, 255, 7, 24,0x50000,No,No,No,No,No,Yes,No,Yes
2026-04-11 10:50:22,0.0,1500,500,,500,500,44,,200,,,648,,57.6,0.7200,0.6000,0.6000,1.1000,0.00000000,0.05757987,0.12589500,0.00780744,0.00000000,0.18152300,0.33376810,1.33057000,0.00054945,0.00079365,0.00433455,0.02686200,3.69884800,3.31281700,1.80024200,1.10732500,0.61611660,1.10512700,0.80073180,0.72070740,3.30311000,3.30494200,0.79794790,5.03572000,5.02634000,0.00854700, 2, 255, 7, 24,0x50000,No,No,No,No,No,Yes,No,Yes
2026-04-11 10:50:24,0.0,1500,500,,500,500,44,,200,,,648,,55.4,0.7200,0.6000,0.6000,1.1000,0.00000000,0.05172429,0.12882280,0.00878337,0.00000000,0.18347480,0.33571990,1.31271000,0.00048840,0.00067155,0.00494505,0.02625150,3.70070400,3.30910500,1.79926600,1.10292900,0.61575030,1.10622600,0.79926660,0.72043880,3.30219400,3.30219400,0.79912020,5.03304000,5.02634000,0.00854700, 2, 255, 7, 24,0x50000,No,No,No,No,No,Yes,No,Yes
2026-04-11 10:50:26,0.0,1500,500,,500,500,44,,200,,,648,,55.4,0.7200,0.6000,0.6000,1.1000,0.00000000,0.06733918,0.12491900,0.00390372,0.00000000,0.18249890,0.33474400,1.30378000,0.00042735,0.00091575,0.00445665,0.02686200,3.69884800,3.31188900,1.80610300,1.10769100,0.61648290,1.10146400,0.79999920,0.72017020,3.30127900,3.30402600,0.79941320,5.02902000,5.02902000,0.00854700, 2, 255, 7, 24,0x50000,No,No,No,No,No,Yes,No,Yes
2026-04-11 10:50:28,0.0,1500,500,,500,500,44,,200,,,648,,55.4,0.7200,0.6000,0.6000,1.1000,0.00097593,0.05172429,0.12394310,0.00878337,0.00000000,0.18347480,0.33571990,1.32164000,0.00054945,0.00091575,0.00494505,0.02735040,3.70070400,3.32580900,1.79828900,1.10146400,0.61575030,1.09999900,0.80036550,0.72017020,3.30127900,3.30402600,0.79970620,5.03170000,5.02902000,0.00854700, 2, 255, 7, 24,0x50000,No,No,No,No,No,Yes,No,Yes
2026-04-11 10:50:30,0.0,1500,500,,500,500,44,,200,,,648,,56.0,0.7200,0.6000,0.6000,1.1000,0.00097593,0.05074836,0.12882280,0.00585558,0.00000000,0.18152300,0.33376810,1.32164000,0.00048840,0.00079365,0.00494505,0.02686200,3.69977600,3.31096100,1.79828900,1.10439400,0.61611660,1.10146400,0.80073180,0.72043880,3.30219400,3.30311000,0.79941320,5.02499900,5.03840000,0.00854700, 2, 255, 7, 24,0x50000,No,No,No,No,No,Yes,No,Yes
2026-04-11 10:50:32,0.0,1500,500,,500,500,44,,200,,,648,,55.4,0.7200,0.6000,0.6000,1.1000,0.00000000,0.05172429,0.12687090,0.00683151,0.00000000,0.18054710,0.33376810,1.33057000,0.00054945,0.00067155,0.00433455,0.02673990,3.69884800,3.30632200,1.78852100,1.10439400,0.61501770,1.10292900,0.80073180,0.72043880,3.30311000,3.30402600,0.79882700,5.03304000,5.03438000,0.00854700, 2, 255, 7, 24,0x50000,No,No,No,No,No,Yes,No,Yes
2026-04-11 10:50:34,0.0,1500,500,,500,500,44,,200,,,648,,56.5,0.7200,0.6000,0.6000,1.1000,0.00000000,0.05172429,0.12589500,0.00487965,0.00000000,0.18152300,0.33376810,1.31271000,0.00054945,0.00042735,0.00439560,0.02661780,3.69884800,3.29889800,1.79828900,1.10439400,0.61538400,1.10476100,0.80073180,0.72043880,3.30127900,3.30402600,0.79824100,5.03036000,5.03974000,0.00854700, 2, 255, 7, 24,0x50000,No,No,No,No,No,Yes,No,Yes
2026-04-11 10:50:37,0.0,1500,500,,500,500,44,,200,,,648,,56.5,0.7200,0.6000,0.6000,1.1000,0.00000000,0.05074836,0.12491900,0.00683151,0.00000000,0.19323410,0.33474400,1.33057000,0.00054945,0.00042735,0.00445665,0.02686200,3.70070400,3.32952100,1.79828900,1.10769100,0.61575030,1.10549400,0.80036550,0.72070740,3.29944700,3.30402600,0.79970620,5.02634000,5.03974000,0.00854700, 2, 255, 7, 24,0x50000,No,No,No,No,No,Yes,No,Yes
2026-04-11 10:50:39,0.0,1500,500,,500,500,44,,200,,,648,,56.5,0.7200,0.6000,0.6000,1.1000,0.00195186,0.05074836,0.12687090,0.00487965,0.00000000,0.18249890,0.33474400,1.32164000,0.00054945,0.00079365,0.00384615,0.02735040,3.70070400,3.30539300,1.79828900,1.10695900,0.61721550,1.10476100,0.79926660,0.72043880,3.30036300,3.30311000,0.79853400,5.03036000,5.02768000,0.00940170, 2, 255, 7, 24,0x50000,No,No,No,No,No,Yes,No,Yes
2026-04-11 10:50:41,0.0,1500,500,,500,500,44,,200,,,648,,55.4,0.7200,0.6000,0.6000,1.1000,0.00195186,0.05660394,0.12687090,0.00878337,0.00000000,0.18249890,0.33181620,1.33057000,0.00054945,0.00085470,0.00433455,0.02673990,3.70070400,3.30724900,1.79828900,1.10695900,0.61648290,1.10146400,0.80036550,0.72017020,3.30127900,3.30494200,0.79941320,5.03572000,5.03036000,0.00854700, 2, 255, 7, 24,0x50000,No,No,No,No,No,Yes,No,Yes
2026-04-11 10:50:43,0.0,1500,500,,500,500,43,,200,,,648,,55.4,0.7200,0.6000,0.6000,1.1000,0.00000000,0.05172429,0.12589500,0.00683151,0.00000000,0.18054710,0.33474400,1.30378000,0.00054945,0.00067155,0.00433455,0.02673990,3.70070400,3.30168200,1.80024200,1.10769100,0.61648290,1.10402800,0.79926660,0.72017020,3.29944700,3.30494200,0.79853400,5.03572000,5.03706000,0.00854700, 2, 255, 7, 24,0x50000,No,No,No,No,No,Yes,No,Yes
2026-04-11 10:50:45,0.0,1500,500,,500,500,44,,200,,,648,,57.1,0.7200,0.6000,0.6000,1.1000,0.00000000,0.06538731,0.12687090,0.01756674,0.00000000,0.18054710,0.33474400,1.33057000,0.00054945,0.00091575,0.00439560,0.02698410,3.69884800,3.35550300,1.80610300,1.10292900,0.61501770,1.10146400,0.79926660,0.72017020,3.30402600,3.30402600,0.79853400,5.03170000,5.03170000,0.00854700, 2, 255, 7, 24,0x50000,No,No,No,No,No,Yes,No,Yes
2026-04-11 10:50:47,0.0,1500,500,,500,500,44,,200,,,648,,56.5,0.7200,0.6000,0.6000,1.1000,0.00000000,0.04977243,0.12784680,0.00195186,0.00000000,0.18249890,0.33474400,1.31271000,0.00036630,0.00079365,0.00409035,0.02649570,3.70070400,3.31096100,1.80024200,1.10805800,0.61501770,1.10476100,0.79999920,0.72017020,3.30219400,3.30402600,0.79794790,5.02499900,5.03840000,0.00854700, 2, 255, 7, 24,0x50000,No,No,No,No,No,Yes,No,Yes
2026-04-11 10:50:49,0.0,1500,500,,500,500,44,,200,,,648,,56.5,0.7200,0.6000,0.6000,1.1000,0.00000000,0.06050766,0.12882280,0.00390372,0.00000000,0.18152300,0.33571990,1.31271000,0.00036630,0.00079365,0.00445665,0.02686200,3.69977600,3.30632200,1.80610300,1.10769100,0.61648290,1.10402800,0.80036550,0.72017020,3.29944700,3.30402600,0.79941320,5.03572000,5.03170000,0.00854700, 2, 255, 7, 24,0x50000,No,No,No,No,No,Yes,No,Yes
2026-04-11 10:50:52,0.0,1500,500,,500,500,44,,200,,,648,,56.5,0.7200,0.6000,0.6000,1.1000,0.00000000,0.04977243,0.12882280,0.00585558,0.00000000,0.18347480,0.33571990,1.32164000,0.00036630,0.00079365,0.00463980,0.02686200,3.70163200,3.32580900,1.79828900,1.10292900,0.61501770,1.10402800,0.79963290,0.72043880,3.30311000,3.30311000,0.79941320,5.03572000,5.03170000,0.00854700, 2, 255, 7, 24,0x50000,No,No,No,No,No,Yes,No,Yes
2026-04-11 10:50:54,0.0,1500,500,,500,500,44,,200,,,648,,56.0,0.7200,0.6000,0.6000,1.1000,0.00000000,0.08978556,0.15810070,0.00683151,0.00000000,0.18347480,0.33084030,1.32164000,0.00042735,0.00091575,0.00409035,0.02686200,3.69884800,3.32766400,1.80610300,1.10695900,0.61611660,1.10439400,0.79963290,0.72097620,3.30036300,3.30311000,0.79882700,5.01294000,5.01964000,0.00854700, 2, 255, 7, 24,0x50000,No,No,No,No,No,Yes,No,Yes
2026-04-11 10:50:56,0.0,1500,500,,500,500,44,,200,,,648,,56.5,0.7200,0.6000,0.6000,1.1000,0.00000000,0.05172429,0.12784680,0.00683151,0.00000000,0.18249890,0.33474400,1.31271000,0.00048840,0.00079365,0.00500610,0.02686200,3.70070400,3.32209700,1.80024200,1.10732500,0.61538400,1.10512700,0.80073180,0.72017020,3.30127900,3.30311000,0.79794790,5.02499900,5.03840000,0.00854700, 2, 255, 7, 24,0x50000,No,No,No,No,No,Yes,No,Yes
2026-04-11 10:50:58,0.0,1500,500,,500,500,44,,200,,,648,,56.0,0.7200,0.6000,0.6000,1.1000,0.00000000,0.05367615,0.12882280,0.01073523,0.00000000,0.18054710,0.33571990,1.31271000,0.00036630,0.00079365,0.00445665,0.02686200,3.70070400,3.30910500,1.80024200,1.10769100,0.61611660,1.10402800,0.80036550,0.72043880,3.30219400,3.30402600,0.79912020,5.03572000,5.02634000,0.00854700, 2, 255, 7, 24,0x50000,No,No,No,No,No,Yes,No,Yes
2026-04-11 10:51:00,0.0,1500,500,,500,500,43,,200,,,648,,56.5,0.7200,0.6000,0.6000,1.1000,0.00195186,0.05270022,0.12687090,0.00585558,0.00000000,0.17957110,0.33279210,1.32164000,0.00061050,0.00079365,0.00439560,0.02686200,3.70256000,3.29518600,1.79096300,1.10586000,0.60805800,1.10292900,0.80036550,0.72017020,3.30127900,3.30402600,0.79853400,5.01830000,5.03438000,0.00854700, 2, 255, 7, 24,0x50000,No,No,No,No,No,Yes,No,Yes
2026-04-11 10:51:02,0.0,1500,500,,500,500,44,,200,,,648,,56.5,0.7200,0.6000,0.6000,1.1000,0.00195186,0.04977243,0.12394310,0.00487965,0.00000000,0.18249890,0.33181620,1.32164000,0.00054945,0.00079365,0.00445665,0.02698410,3.69884800,3.31374500,1.80659200,1.10805800,0.61575030,1.10146400,0.80036550,0.72043880,3.30402600,3.30402600,0.79824100,5.03170000,5.02902000,0.00854700, 2, 255, 7, 24,0x50000,No,No,No,No,No,Yes,No,Yes
2026-04-11 10:51:04,0.0,1500,500,,500,500,44,,200,,,648,,56.5,0.7200,0.6000,0.6000,1.1000,0.00000000,0.05757987,0.12491900,0.00878337,0.00000000,0.19323410,0.33474400,1.31271000,0.00054945,0.00067155,0.00494505,0.02710620,3.70070400,3.31096100,1.79828900,1.10292900,0.61538400,1.09999900,0.79926660,0.72017020,3.29944700,3.30402600,0.79941320,5.02634000,5.03706000,0.00854700, 2, 255, 7, 24,0x50000,No,No,No,No,No,Yes,No,Yes
2026-04-11 10:51:07,0.0,1500,500,,500,500,44,,200,,,648,,56.5,0.7200,0.6000,0.6000,1.1000,0.00000000,0.05074836,0.12589500,0.00780744,0.00000000,0.18249890,0.33279210,1.32164000,0.00036630,0.00079365,0.00494505,0.02686200,3.70070400,3.31838500,1.80024200,1.10695900,0.61648290,1.09999900,0.79999920,0.72043880,3.29944700,3.30494200,0.79941320,5.02634000,5.02634000,0.00854700, 2, 255, 7, 24,0x50000,No,No,No,No,No,Yes,No,Yes
2026-04-11 10:51:09,0.0,1500,500,,500,500,44,,200,,,648,,57.1,0.7200,0.6000,0.6000,1.1000,0.04782057,0.06050766,0.12687090,0.00878337,0.00000000,0.18152300,0.33669580,1.30378000,0.00054945,0.00067155,0.00494505,0.02673990,3.70070400,3.31467300,1.80024200,1.10146400,0.61575030,1.10512700,0.79890030,0.72017020,3.30219400,3.30311000,0.79941320,5.02098000,5.01562000,0.00854700, 2, 255, 7, 24,0x50000,No,No,No,No,No,Yes,No,Yes
2026-04-11 10:51:11,0.0,1500,500,,500,500,44,,200,,,648,,55.4,0.7200,0.6000,0.6000,1.1000,0.00000000,0.05074836,0.12589500,0.00975930,0.00000000,0.18152300,0.33474400,1.31271000,0.00054945,0.00067155,0.00445665,0.02673990,3.70070400,3.31096100,1.80024200,1.10146400,0.61684920,1.10146400,0.79926660,0.72043880,3.30219400,3.30494200,0.79853400,5.02634000,5.02634000,0.00854700, 2, 255, 7, 24,0x50000,No,No,No,No,No,Yes,No,Yes
2026-04-11 10:51:13,0.0,1500,500,,500,500,44,,200,,,648,,55.4,0.7200,0.6000,0.6000,1.1000,0.04684464,0.05855580,0.12687090,0.00683151,0.00000000,0.18249890,0.33571990,1.32164000,0.00054945,0.00067155,0.00409035,0.02673990,3.70070400,3.31281700,1.79096300,1.10805800,0.61575030,1.10476100,0.79926660,0.72097620,3.30219400,3.30402600,0.79853400,5.01562000,5.01294000,0.00854700, 2, 255, 7, 24,0x50000,No,No,No,No,No,Yes,No,Yes
2026-04-11 10:51:15,0.0,1500,500,,500,500,44,,200,,,648,,54.9,0.7200,0.6000,0.6000,1.1000,0.00000000,0.05074836,0.12491900,0.00585558,0.00000000,0.18054710,0.33571990,1.31271000,0.00054945,0.00042735,0.00500610,0.02673990,3.69884800,3.30632200,1.79828900,1.10769100,0.61465140,1.10146400,0.79890030,0.72043880,3.29944700,3.30494200,0.79941320,5.03170000,5.02634000,0.00854700, 2, 255, 7, 24,0x50000,No,No,No,No,No,Yes,No,Yes
2026-04-11 10:51:17,0.0,1500,500,,500,500,44,,200,,,648,,56.5,0.7200,0.6000,0.6000,1.1000,0.00000000,0.05270022,0.12687090,0.00780744,0.00000000,0.18152300,0.33474400,1.32164000,0.00036630,0.00042735,0.00494505,0.02686200,3.70070400,3.30910500,1.79828900,1.10769100,0.61611660,1.10402800,0.80036550,0.72043880,3.30219400,3.30311000,0.79941320,5.02499900,5.02634000,0.00854700, 2, 255, 7, 24,0x50000,No,No,No,No,No,Yes,No,Yes
2026-04-11 10:51:19,0.0,1500,500,,500,500,43,,200,,,648,,56.0,0.7200,0.6000,0.6000,1.1000,0.05074836,0.05172429,0.12687090,0.00780744,0.00000000,0.18152300,0.33571990,1.31271000,0.00036630,0.00079365,0.00488400,0.02673990,3.69884800,3.31003300,1.79828900,1.10769100,0.61501770,1.10512700,0.80073180,0.72070740,3.30219400,3.30494200,0.79941320,5.01964000,5.02634000,0.00854700, 2, 255, 7, 24,0x50000,No,No,No,No,No,Yes,No,Yes
2026-04-11 10:51:21,0.0,1500,500,,500,500,44,,200,,,648,,57.6,0.7200,0.6000,0.6000,1.1000,0.00097593,0.05172429,0.12589500,0.00683151,0.00000000,0.18054710,0.33474400,1.33057000,0.00054945,0.00091575,0.00488400,0.02673990,3.69884800,3.31467300,1.79828900,1.10586000,0.61465140,1.10476100,0.79963290,0.72017020,3.30127900,3.30402600,0.79941320,5.03170000,5.03438000,0.00854700, 2, 255, 7, 24,0x50000,No,No,No,No,No,Yes,No,Yes
2026-04-11 10:51:24,0.0,1500,500,,500,500,44,,200,,,648,,55.4,0.7200,0.6000,0.6000,1.1000,0.00000000,0.05172429,0.12589500,0.00780744,0.00000000,0.17957110,0.33474400,1.30378000,0.00048840,0.00079365,0.00433455,0.02710620,3.70070400,3.32024100,1.79828900,1.10439400,0.61611660,1.10402800,0.80036550,0.72070740,3.29944700,3.30494200,0.79941320,5.02634000,5.03840000,0.00854700, 2, 255, 7, 24,0x50000,No,No,No,No,No,Yes,No,Yes
2026-04-11 10:51:26,0.0,1500,500,,500,500,44,,200,,,648,,56.5,0.7200,0.6000,0.6000,1.1000,0.04586871,0.05172429,0.12784680,0.01171116,0.00000000,0.18347480,0.33571990,1.31271000,0.00036630,0.00079365,0.00451770,0.02686200,3.70070400,3.32024100,1.80024200,1.10769100,0.61648290,1.10512700,0.79963290,0.72043880,3.30311000,3.30494200,0.79941320,5.02634000,5.02634000,0.00854700, 2, 255, 7, 24,0x50000,No,No,No,No,No,Yes,No,Yes
2026-04-11 10:51:28,0.0,1500,500,,500,500,44,,200,,,648,,56.0,0.7200,0.6000,0.6000,1.1000,0.00097593,0.05270022,0.12491900,0.00390372,0.00000000,0.18152300,0.33376810,1.32164000,0.00054945,0.00091575,0.00445665,0.02698410,3.69977600,3.30910500,1.80659200,1.10146400,0.61575030,1.10549400,0.80036550,0.71990160,3.30402600,3.30402600,0.79824100,5.02768000,5.03170000,0.00854700, 2, 255, 7, 24,0x50000,No,No,No,No,No,Yes,No,Yes
2026-04-11 10:51:30,0.0,1500,500,,500,500,44,,200,,,648,,56.5,0.7200,0.6000,0.6000,1.1000,0.00000000,0.05172429,0.12491900,0.00683151,0.00000000,0.18054710,0.33474400,1.32164000,0.00054945,0.00079365,0.00457875,0.02686200,3.70070400,3.31003300,1.79828900,1.10439400,0.61538400,1.10402800,0.79963290,0.72017020,3.30311000,3.30402600,0.79882700,5.03170000,5.03840000,0.00854700, 2, 255, 7, 24,0x50000,No,No,No,No,No,Yes,No,Yes
2026-04-11 10:51:32,0.0,1500,500,,500,500,44,,200,,,648,,57.1,0.7200,0.6000,0.6000,1.1000,0.00000000,0.05172429,0.12784680,0.00487965,0.00000000,0.18640260,0.33669580,1.32164000,0.00048840,0.00067155,0.00433455,0.02686200,3.69977600,3.31003300,1.79926600,1.10146400,0.61538400,1.10292900,0.80036550,0.72043880,3.30219400,3.30311000,0.79912020,5.03304000,5.03706000,0.00854700, 2, 255, 7, 24,0x50000,No,No,No,No,No,Yes,No,Yes
2026-04-11 10:51:34,0.0,1500,500,,500,500,44,,200,,,648,,55.4,0.7200,0.6000,0.6000,1.1000,0.00097593,0.05172429,0.12589500,0.00780744,0.00000000,0.17957110,0.33376810,1.31271000,0.00048840,0.00079365,0.00488400,0.02735040,3.70070400,3.32116900,1.79828900,1.10402800,0.61684920,1.10146400,0.79926660,0.72070740,3.30219400,3.30311000,0.79853400,5.03572000,5.03170000,0.00854700, 2, 255, 7, 24,0x50000,No,No,No,No,No,Yes,No,Yes
2026-04-11 10:51:36,0.0,1500,500,,500,500,44,,200,,,648,,57.1,0.7200,0.6000,0.6000,1.1000,0.00000000,0.05757987,0.12589500,0.00585558,0.00000000,0.20201750,0.33376810,1.31271000,0.00054945,0.00067155,0.00421245,0.02686200,3.69884800,3.30910500,1.79828900,1.10109800,0.61538400,1.10329600,0.79926660,0.72043880,3.30127900,3.30402600,0.79853400,5.02634000,5.02634000,0.00854700, 2, 255, 7, 24,0x50000,No,No,No,No,No,Yes,No,Yes
2026-04-11 10:51:39,0.0,1500,500,,500,500,44,,200,,,648,,56.5,0.7200,0.6000,0.6000,1.1000,0.00000000,0.04977243,0.12687090,0.00878337,0.00000000,0.18152300,0.33474400,1.31271000,0.00042735,0.00054945,0.00451770,0.02661780,3.69977600,3.32580900,1.78852100,1.10695900,0.61575030,1.10512700,0.80073180,0.72017020,3.30036300,3.30402600,0.79882700,5.03438000,5.03304000,0.00854700, 2, 255, 7, 24,0x50000,No,No,No,No,No,Yes,No,Yes
2026-04-11 10:51:41,0.0,1500,500,,500,500,43,,200,,,648,,56.5,0.7200,0.6000,0.6000,1.1000,0.00097593,0.10442450,0.15810070,0.00390372,0.00000000,0.18249890,0.33376810,1.33057000,0.00054945,0.00091575,0.00433455,0.02759460,3.69699300,3.32580900,1.80024200,1.10769100,0.61501770,1.09999900,0.79963290,0.72043880,3.30219400,3.30494200,0.79794790,5.01964000,5.01696000,0.00854700, 2, 255, 7, 24,0x50000,No,No,No,No,No,Yes,No,Yes
2026-04-11 10:51:43,0.0,1500,500,,500,500,44,,200,,,648,,56.5,0.7200,0.6000,0.6000,1.1000,0.00097593,0.04977243,0.12589500,0.02049453,0.00000000,0.18152300,0.33474400,1.31271000,0.00054945,0.00091575,0.00433455,0.02747250,3.70070400,3.32580900,1.79828900,1.10476100,0.61721550,1.10292900,0.79890030,0.72043880,3.30127900,3.30402600,0.79941320,5.03036000,5.03170000,0.00854700, 2, 255, 7, 24,0x50000,No,No,No,No,No,Yes,No,Yes
2026-04-11 10:51:45,0.0,1500,500,,500,500,43,,200,,,648,,55.4,0.7200,0.6000,0.6000,1.1000,0.00097593,0.05172429,0.12687090,0.00487965,0.00000000,0.18152300,0.33279210,1.32164000,0.00042735,0.00067155,0.00427350,0.02686200,3.70070400,3.30910500,1.79926600,1.10439400,0.61501770,1.10402800,0.79999920,0.72043880,3.30036300,3.30311000,0.79882700,5.03304000,5.03572000,0.00854700, 2, 255, 7, 24,0x50000,No,No,No,No,No,Yes,No,Yes
2026-04-11 10:51:47,-0.0,1500,500,,500,500,44,,200,,,648,,56.5,0.7200,0.6000,0.6000,1.1000,0.00000000,0.05172429,0.12589500,0.00487965,0.00000000,0.19225820,0.33571990,1.33057000,0.00054945,0.00067155,0.00445665,0.02649570,3.70070400,3.32024100,1.80024200,1.10695900,0.61611660,1.10366200,0.79963290,0.72017020,3.29944700,3.30494200,0.79853400,5.02634000,5.03438000,0.00854700, 2, 255, 7, 24,0x50000,No,No,No,No,No,Yes,No,Yes
2026-04-11 10:51:49,0.0,1500,500,,500,500,44,,200,,,648,,56.5,0.7200,0.6000,0.6000,1.1000,0.04684464,0.05270022,0.12687090,0.00683151,0.00000000,0.17957110,0.33376810,1.32164000,0.00048840,0.00079365,0.00445665,0.02661780,3.69977600,3.31652900,1.80610300,1.10476100,0.61538400,1.10402800,0.79926660,0.72017020,3.30127900,3.30402600,0.79941320,5.03572000,5.03840000,0.00854700, 2, 255, 7, 24,0x50000,No,No,No,No,No,Yes,No,Yes
2026-04-11 10:51:51,0.0,1500,500,,500,500,43,,200,,,648,,54.9,0.7200,0.6000,0.6000,1.1000,0.02049453,0.05855580,0.12882280,0.00585558,0.00000000,0.18347480,0.33279210,1.31271000,0.00054945,0.00085470,0.00384615,0.02735040,3.70070400,3.31467300,1.79828900,1.10549400,0.61648290,1.10146400,0.79890030,0.72043880,3.30311000,3.30402600,0.79941320,5.03840000,5.02902000,0.00854700, 2, 255, 7, 24,0x50000,No,No,No,No,No,Yes,No,Yes
2026-04-11 10:51:54,0.0,1500,500,,500,500,44,,200,,,648,,55.4,0.7200,0.6000,0.6000,1.1000,0.00195186,0.04977243,0.12687090,0.00390372,0.00000000,0.18152300,0.33376810,1.31271000,0.00048840,0.00079365,0.00488400,0.02686200,3.69977600,3.31560100,1.80610300,1.10439400,0.61611660,1.10476100,0.79926660,0.72043880,3.30036300,3.30494200,0.79941320,5.02098000,5.03974000,0.00854700, 2, 255, 7, 24,0x50000,No,No,No,No,No,Yes,No,Yes
2026-04-11 10:51:56,0.0,1500,500,,500,500,44,,200,,,648,,56.5,0.7200,0.6000,0.6000,1.1000,0.00195186,0.05172429,0.12589500,0.00292779,0.00000000,0.18054710,0.33376810,1.32164000,0.00042735,0.00085470,0.00494505,0.02686200,3.69884800,3.31838500,1.80610300,1.10659200,0.61538400,1.10402800,0.79926660,0.72017020,3.30311000,3.30402600,0.79941320,5.03572000,5.03170000,0.00854700, 2, 255, 7, 24,0x50000,No,No,No,No,No,Yes,No,Yes
2026-04-11 10:51:58,0.0,1500,500,,500,500,44,,200,,,648,,55.4,0.7200,0.6000,0.6000,1.1000,0.00000000,0.05172429,0.12687090,0.00780744,0.00000000,0.19518600,0.33767180,1.33057000,0.00048840,0.00079365,0.00433455,0.02710620,3.70070400,3.30910500,1.80024200,1.10769100,0.61611660,1.10146400,0.80036550,0.72017020,3.29944700,3.30494200,0.79941320,5.03706000,5.03170000,0.00854700, 2, 255, 7, 24,0x50000,No,No,No,No,No,Yes,No,Yes
2026-04-11 10:52:00,0.0,1500,500,,500,500,44,,200,,,648,,55.4,0.7200,0.6000,0.6000,1.1000,0.00292779,0.04977243,0.12784680,0.00975930,0.00000000,0.18347480,0.33571990,1.31271000,0.00054945,0.00091575,0.00421245,0.02722830,3.70163200,3.31003300,1.80024200,1.10146400,0.61501770,1.10476100,0.80036550,0.72043880,3.30219400,3.30402600,0.79882700,5.03572000,5.03840000,0.00854700, 2, 255, 7, 24,0x50000,No,No,No,No,No,Yes,No,Yes
2026-04-11 10:52:02,0.0,1500,500,,500,500,44,,200,,,648,,56.5,0.7200,0.6000,0.6000,1.1000,0.00097593,0.05270022,0.12589500,0.00487965,0.00000000,0.18347480,0.33376810,1.30378000,0.00054945,0.00079365,0.00463980,0.02673990,3.70070400,3.29889800,1.79877700,1.10769100,0.61648290,1.10402800,0.79999920,0.72017020,3.30494200,3.30402600,0.79941320,5.03572000,5.03170000,0.00854700, 2, 255, 7, 24,0x50000,No,No,No,No,No,Yes,No,Yes
2026-04-11 10:52:04,0.0,1500,500,,500,500,44,,200,,,648,,57.6,0.7200,0.6000,0.6000,1.1000,0.00000000,0.04977243,0.12589500,0.00097593,0.00000000,0.18054710,0.33571990,1.32164000,0.00048840,0.00079365,0.00445665,0.02686200,3.69977600,3.31003300,1.80659200,1.10695900,0.61648290,1.10146400,0.79963290,0.72070740,3.30036300,3.30494200,0.79941320,5.03572000,5.03170000,0.00854700, 2, 255, 7, 24,0x50000,No,No,No,No,No,Yes,No,Yes
2026-04-11 10:52:06,0.0,1500,500,,500,500,44,,200,,,648,,56.5,0.7200,0.6000,0.6000,1.1000,0.00000000,0.05660394,0.12784680,0.00780744,0.00000000,0.18347480,0.33376810,1.31271000,0.00054945,0.00079365,0.00494505,0.02686200,3.69977600,3.29889800,1.79828900,1.10695900,0.61721550,1.10476100,0.79999920,0.72017020,3.30036300,3.30402600,0.79824100,5.02902000,5.03304000,0.00854700, 2, 255, 7, 24,0x50000,No,No,No,No,No,Yes,No,Yes
2026-04-11 10:52:09,0.0,1500,500,,500,500,44,,200,,,648,,57.1,0.7200,0.6000,0.6000,1.1000,0.00195186,0.05074836,0.12589500,0.00487965,0.00000000,0.18054710,0.33376810,1.32164000,0.00054945,0.00091575,0.00439560,0.02698410,3.69884800,3.30632200,1.80659200,1.10769100,0.61648290,1.10512700,0.80146440,0.72043880,3.30127900,3.30219400,0.79824100,5.02902000,5.03438000,0.00854700, 2, 255, 7, 24,0x50000,No,No,No,No,No,Yes,No,Yes
2026-04-11 10:52:11,0.0,1500,500,,500,500,44,,200,,,648,,55.4,0.7200,0.6000,0.6000,1.1000,0.00000000,0.04977243,0.12784680,0.00292779,0.00000000,0.18152300,0.33571990,1.31271000,0.00054945,0.00091575,0.00384615,0.02759460,3.70070400,3.30910500,1.79828900,1.10292900,0.61648290,1.10512700,0.79926660,0.72043880,3.29944700,3.30494200,0.79941320,5.03706000,5.03706000,0.00854700, 2, 255, 7, 24,0x50000,No,No,No,No,No,Yes,No,Yes
2026-04-11 10:52:13,0.0,1500,500,,500,500,44,,200,,,648,,55.4,0.7200,0.6000,0.6000,1.1000,0.00000000,0.05172429,0.12687090,0.00585558,0.00000000,0.19225820,0.33571990,1.31271000,0.00054945,0.00091575,0.00433455,0.02686200,3.69884800,3.30539300,1.80659200,1.10622600,0.61648290,1.10292900,0.79926660,0.72017020,3.30127900,3.30311000,0.79941320,5.02098000,5.02902000,0.00854700, 2, 255, 7, 24,0x50000,No,No,No,No,No,Yes,No,Yes
2026-04-11 10:52:15,0.0,1500,500,,500,500,44,,200,,,648,,54.9,0.7200,0.6000,0.6000,1.1000,0.00000000,0.04977243,0.12687090,0.00780744,0.00000000,0.18249890,0.33279210,1.31271000,0.00036630,0.00079365,0.00445665,0.02698410,3.69977600,3.30632200,1.80659200,1.10769100,0.61611660,1.10512700,0.80109810,0.72017020,3.30219400,3.30494200,0.79853400,5.03170000,5.03170000,0.00854700, 2, 255, 7, 24,0x50000,No,No,No,No,No,Yes,No,Yes
2026-04-11 10:52:17,0.0,1500,500,,500,500,43,,200,,,648,,56.0,0.7200,0.6000,0.6000,1.1000,0.00000000,0.04782057,0.12589500,0.00292779,0.00000000,0.19225820,0.33376810,1.32164000,0.00042735,0.00091575,0.00494505,0.02710620,3.70070400,3.32580900,1.80610300,1.10622600,0.61575030,1.10512700,0.79926660,0.72097620,3.30127900,3.30402600,0.79824100,5.03170000,5.03170000,0.00854700, 2, 255, 7, 24,0x50000,No,No,No,No,No,Yes,No,Yes
2026-04-11 10:52:19,0.2,1500,500,,500,500,44,,200,,,648,,56.0,0.7200,0.6000,0.6000,1.1000,0.00000000,0.05074836,0.12687090,0.00683151,0.00000000,0.18152300,0.33474400,1.33057000,0.00054945,0.00067155,0.00488400,0.02673990,3.69977600,3.31838500,1.79926600,1.10695900,0.61684920,1.10329600,0.80036550,0.72043880,3.30219400,3.30311000,0.79882700,5.03304000,5.02634000,0.00854700, 2, 255, 7, 24,0x50000,No,No,No,No,No,Yes,No,Yes
2026-04-11 10:52:21,0.0,1500,500,,500,500,44,,200,,,648,,56.0,0.7200,0.6000,0.6000,1.1000,0.00000000,0.05562801,0.12491900,0.00585558,0.00000000,0.18152300,0.33571990,1.31271000,0.00036630,0.00067155,0.00409035,0.02686200,3.69977600,3.31096100,1.79926600,1.10805800,0.61684920,1.10512700,0.79963290,0.72043880,3.30311000,3.30402600,0.79912020,5.03304000,5.03304000,0.00854700, 2, 255, 7, 24,0x50000,No,No,No,No,No,Yes,No,Yes
2026-04-11 10:52:23,0.0,1500,500,,500,500,44,,200,,,648,,54.3,0.7200,0.6000,0.6000,1.1000,0.00000000,0.05367615,0.12589500,0.00585558,0.00000000,0.18249890,0.33571990,1.31271000,0.00054945,0.00067155,0.00445665,0.02710620,3.69884800,3.31188900,1.79389300,1.10915600,0.61648290,1.10512700,0.80036550,0.71990160,3.30402600,3.30402600,0.79941320,5.03170000,5.03438000,0.00854700, 2, 255, 7, 24,0x50000,No,No,No,No,No,Yes,No,Yes
2026-04-11 10:52:26,0.0,1500,500,,500,500,44,,200,,,648,,54.9,0.7200,0.6000,0.6000,1.1000,0.00000000,0.04977243,0.12687090,0.00292779,0.00000000,0.18249890,0.33474400,1.32164000,0.00048840,0.00079365,0.00415140,0.02686200,3.70070400,3.32580900,1.79828900,1.10146400,0.61501770,1.10146400,0.79963290,0.72043880,3.30219400,3.30311000,0.79794790,5.02499900,5.03170000,0.00854700, 2, 255, 7, 24,0x50000,No,No,No,No,No,Yes,No,Yes
2026-04-11 10:52:28,0.0,1500,500,,500,500,44,,200,,,648,,54.9,0.7200,0.6000,0.6000,1.1000,0.00000000,0.04977243,0.12687090,0.00683151,0.00000000,0.18152300,0.33279210,1.33057000,0.00054945,0.00067155,0.00427350,0.02735040,3.69977600,3.32952100,1.80024200,1.10805800,0.61611660,1.10366200,0.80036550,0.72070740,3.30311000,3.30311000,0.79941320,5.02634000,5.02902000,0.00854700, 2, 255, 7, 24,0x50000,No,No,No,No,No,Yes,No,Yes
2026-04-11 10:52:30,0.0,1500,500,,500,500,44,,200,,,648,,55.4,0.7200,0.6000,0.6000,1.1000,0.00097593,0.05270022,0.12589500,0.00487965,0.00000000,0.18054710,0.33571990,1.31271000,0.00054945,0.00079365,0.00409035,0.02735040,3.70070400,3.30168200,1.80024200,1.10622600,0.61721550,1.10476100,0.79963290,0.72017020,3.29944700,3.30494200,0.79941320,5.02634000,5.03170000,0.00854700, 2, 255, 7, 24,0x50000,No,No,No,No,No,Yes,No,Yes
2026-04-11 10:52:32,0.0,1500,500,,500,500,44,,200,,,648,,56.5,0.7200,0.6000,0.6000,1.1000,0.00000000,0.05074836,0.12687090,0.00097593,0.00000000,0.18249890,0.33571990,1.32164000,0.00054945,0.00067155,0.00427350,0.02759460,3.70070400,3.30910500,1.79828900,1.10695900,0.61465140,1.10402800,0.79999920,0.72017020,3.29944700,3.30494200,0.79970620,5.02634000,5.03840000,0.00854700, 2, 255, 7, 24,0x50000,No,No,No,No,No,Yes,No,Yes
2026-04-11 10:52:34,0.0,1500,500,,500,500,44,,200,,,648,,56.0,0.7200,0.6000,0.6000,1.1000,0.00097593,0.05074836,0.12394310,0.00585558,0.00000000,0.18054710,0.33474400,1.32164000,0.00036630,0.00042735,0.00409035,0.02698410,3.69884800,3.29889800,1.80610300,1.10805800,0.61611660,1.10402800,0.80073180,0.72043880,3.29944700,3.30402600,0.79853400,5.03438000,5.02634000,0.00854700, 2, 255, 7, 24,0x50000,No,No,No,No,No,Yes,No,Yes
2026-04-11 10:52:36,0.0,1500,500,,500,500,44,,200,,,648,,56.5,0.7200,0.6000,0.6000,1.1000,0.00000000,0.05074836,0.12784680,0.00292779,0.00000000,0.19323410,0.33474400,1.31271000,0.00048840,0.00079365,0.00494505,0.02686200,3.69884800,3.31096100,1.79877700,1.10146400,0.61501770,1.10146400,0.79999920,0.72070740,3.30219400,3.30402600,0.79794790,5.03572000,5.03170000,0.00854700, 2, 255, 7, 24,0x50000,No,No,No,No,No,Yes,No,Yes
2026-04-11 10:52:38,0.0,1500,500,,500,500,44,,200,,,648,,56.0,0.7200,0.6000,0.6000,1.1000,0.00000000,0.05074836,0.12784680,0.00097593,0.00000000,0.18249890,0.33474400,1.32164000,0.00054945,0.00091575,0.00384615,0.02710620,3.70070400,3.29518600,1.80610300,1.10219700,0.61538400,1.10146400,0.79890030,0.71990160,3.30127900,3.30311000,0.79853400,5.03036000,5.03170000,0.00854700, 2, 255, 7, 24,0x50000,No,No,No,No,No,Yes,No,Yes
2026-04-11 10:52:41,0.0,1500,500,,500,500,44,,200,,,648,,56.5,0.7200,0.6000,0.6000,1.1000,0.04782057,0.05172429,0.12589500,0.00487965,0.00000000,0.19225820,0.33571990,1.31271000,0.00054945,0.00067155,0.00439560,0.02735040,3.69884800,3.30724900,1.80024200,1.10695900,0.61648290,1.10476100,0.79963290,0.72043880,3.29944700,3.30402600,0.79853400,5.03572000,5.03840000,0.00854700, 2, 255, 7, 24,0x50000,No,No,No,No,No,Yes,No,Yes
2026-04-11 10:52:43,0.0,1500,500,,500,500,44,,200,,,648,,56.5,0.7200,0.6000,0.6000,1.1000,0.00000000,0.04977243,0.12589500,0.00390372,0.00000000,0.18152300,0.33084030,1.31271000,0.00042735,0.00079365,0.00445665,0.02673990,3.70070400,3.32766400,1.79877700,1.10439400,0.61648290,1.10402800,0.79963290,0.72017020,3.30127900,3.30402600,0.79941320,5.02634000,5.02902000,0.00854700, 2, 255, 7, 24,0x50000,No,No,No,No,No,Yes,No,Yes
2026-04-11 10:52:45,0.0,1500,500,,500,500,43,,200,,,648,,57.1,0.7200,0.6000,0.6000,1.1000,0.00195186,0.05074836,0.12589500,0.00683151,0.00000000,0.18249890,0.33474400,1.31271000,0.00054945,0.00079365,0.00384615,0.02686200,3.70070400,3.31003300,1.80024200,1.10805800,0.61611660,1.10476100,0.79999920,0.72043880,3.30219400,3.30494200,0.79853400,5.01964000,5.03170000,0.00854700, 2, 255, 7, 24,0x50000,No,No,No,No,No,Yes,No,Yes
2026-04-11 10:52:47,0.0,1500,500,,500,500,44,,200,,,648,,56.0,0.7200,0.6000,0.6000,1.1000,0.00097593,0.05367615,0.12589500,0.00487965,0.00000000,0.17957110,0.33571990,1.32164000,0.00042735,0.00091575,0.00445665,0.02710620,3.69884800,3.30910500,1.80610300,1.10695900,0.61501770,1.10402800,0.79963290,0.72070740,3.30127900,3.30402600,0.79941320,5.02634000,5.02634000,0.00854700, 2, 255, 7, 24,0x50000,No,No,No,No,No,Yes,No,Yes
2026-04-11 10:52:49,0.0,1500,500,,500,500,44,,200,,,648,,56.5,0.7200,0.6000,0.6000,1.1000,0.00195186,0.05270022,0.12491900,0.00683151,0.00000000,0.18054710,0.33669580,1.32164000,0.00054945,0.00091575,0.00427350,0.02686200,3.69884800,3.31838500,1.79828900,1.10732500,0.61648290,1.10402800,0.79963290,0.72017020,3.30036300,3.30402600,0.79853400,5.03170000,5.03304000,0.00854700, 2, 255, 7, 24,0x50000,No,No,No,No,No,Yes,No,Yes
2026-04-11 10:52:51,0.0,1500,500,,500,500,44,,200,,,648,,56.5,0.7200,0.6000,0.6000,1.1000,0.00000000,0.05172429,0.12784680,0.00683151,0.00000000,0.18347480,0.33376810,1.31271000,0.00042735,0.00091575,0.00463980,0.02710620,3.69884800,3.32766400,1.80610300,1.10439400,0.61721550,1.10292900,0.79890030,0.72043880,3.30494200,3.30402600,0.79882700,5.02634000,5.03170000,0.00854700, 2, 255, 7, 24,0x50000,No,No,No,No,No,Yes,No,Yes
2026-04-11 10:52:53,0.0,1500,500,,500,500,44,,200,,,648,,55.4,0.7200,0.6000,0.6000,1.1000,0.00097593,0.05074836,0.12491900,0.00487965,0.00000000,0.18249890,0.33376810,1.31271000,0.00042735,0.00079365,0.00445665,0.02673990,3.70070400,3.30632200,1.79828900,1.10805800,0.61648290,1.10402800,0.80036550,0.72043880,3.29944700,3.30402600,0.79853400,5.03170000,5.03170000,0.00854700, 2, 255, 7, 24,0x50000,No,No,No,No,No,Yes,No,Yes
2026-04-11 10:52:56,0.0,1500,500,,500,500,44,,200,,,648,,56.5,0.7200,0.6000,0.6000,1.1000,0.00195186,0.04879650,0.12784680,0.00683151,0.00000000,0.18054710,0.33571990,1.31271000,0.00054945,0.00054945,0.00433455,0.02673990,3.70163200,3.30168200,1.80024200,1.10695900,0.61648290,1.10256300,0.79963290,0.72043880,3.30127900,3.30402600,0.79853400,5.02634000,5.03170000,0.00854700, 2, 255, 7, 24,0x50000,No,No,No,No,No,Yes,No,Yes
2026-04-11 10:52:58,0.0,1500,500,,500,500,44,,200,,,648,,56.5,0.7200,0.6000,0.6000,1.1000,0.00097593,0.05074836,0.12784680,0.00292779,0.00000000,0.18152300,0.33279210,1.33057000,0.00042735,0.00067155,0.00445665,0.02735040,3.70256000,3.29518600,1.79389300,1.10109800,0.61611660,1.10402800,0.80073180,0.72097620,3.30127900,3.30402600,0.79882700,5.03304000,5.03438000,0.00854700, 2, 255, 7, 24,0x50000,No,No,No,No,No,Yes,No,Yes
2026-04-11 10:53:00,0.0,1500,500,,500,500,44,,200,,,648,,56.5,0.7200,0.6000,0.6000,1.1000,0.00097593,0.05074836,0.12491900,0.00292779,0.00000000,0.19323410,0.33571990,1.32164000,0.00054945,0.00091575,0.00463980,0.02673990,3.70070400,3.32580900,1.79828900,1.10146400,0.61648290,1.10512700,0.80073180,0.72017020,3.30311000,3.30494200,0.79941320,5.03572000,5.03840000,0.00854700, 2, 255, 7, 24,0x50000,No,No,No,No,No,Yes,No,Yes
2026-04-11 10:53:02,0.0,1500,500,,500,500,44,,200,,,648,,56.5,0.7200,0.6000,0.6000,1.1000,0.00000000,0.04977243,0.12784680,0.00390372,0.00000000,0.18152300,0.33279210,1.32164000,0.00036630,0.00079365,0.00494505,0.02710620,3.69977600,3.32024100,1.80024200,1.10769100,0.61611660,1.10512700,0.80036550,0.72017020,3.30311000,3.30402600,0.79941320,5.02634000,5.03706000,0.00854700, 2, 255, 7, 24,0x50000,No,No,No,No,No,Yes,No,Yes
2026-04-11 10:53:04,0.0,1500,500,,500,500,44,,200,,,648,,55.4,0.7200,0.6000,0.6000,1.1000,0.00000000,0.05465208,0.12687090,0.00292779,0.00000000,0.18152300,0.33279210,1.32164000,0.00048840,0.00079365,0.00433455,0.02698410,3.70163200,3.30168200,1.79828900,1.10805800,0.61611660,1.10402800,0.79890030,0.72043880,3.29944700,3.30494200,0.79853400,5.03572000,5.03036000,0.00854700, 2, 255, 7, 24,0x50000,No,No,No,No,No,Yes,No,Yes
2026-04-11 10:53:06,0.0,1500,500,,500,500,44,,200,,,648,,56.0,0.7200,0.6000,0.6000,1.1000,0.00195186,0.05074836,0.12589500,0.00780744,0.00000000,0.18249890,0.33376810,1.32164000,0.00036630,0.00067155,0.00439560,0.02698410,3.69977600,3.31003300,1.79926600,1.10146400,0.61611660,1.09999900,0.80036550,0.72043880,3.30219400,3.30402600,0.79912020,5.03572000,5.03572000,0.00854700, 2, 255, 7, 24,0x50000,No,No,No,No,No,Yes,No,Yes
2026-04-11 10:53:08,0.0,1500,500,,500,500,44,,200,,,648,,56.0,0.7200,0.6000,0.6000,1.1000,0.00097593,0.05172429,0.12687090,0.00683151,0.00000000,0.18249890,0.33279210,1.31271000,0.00054945,0.00079365,0.00488400,0.02686200,3.70070400,3.30168200,1.79828900,1.10695900,0.61501770,1.10146400,0.80036550,0.72043880,3.30219400,3.30494200,0.79941320,5.03706000,5.02634000,0.00854700, 2, 255, 7, 24,0x50000,No,No,No,No,No,Yes,No,Yes
2026-04-11 10:53:11,0.0,1500,500,,500,500,44,,200,,,648,,56.5,0.7200,0.6000,0.6000,1.1000,0.04879650,0.04977243,0.12784680,0.00390372,0.00000000,0.18152300,0.33279210,1.33057000,0.00054945,0.00091575,0.00384615,0.02710620,3.69977600,3.31652900,1.79828900,1.10769100,0.61465140,1.10402800,0.80036550,0.72070740,3.30219400,3.30402600,0.79941320,5.02098000,5.01964000,0.00854700, 2, 255, 7, 24,0x50000,No,No,No,No,No,Yes,No,Yes
2026-04-11 10:53:13,0.0,1500,500,,500,500,44,,200,,,648,,57.6,0.7200,0.6000,0.6000,1.1000,0.00000000,0.05074836,0.12687090,0.00487965,0.00000000,0.18249890,0.33181620,1.31271000,0.00054945,0.00091575,0.00384615,0.02735040,3.69884800,3.29889800,1.79828900,1.10769100,0.61611660,1.10512700,0.79999920,0.72017020,3.30311000,3.30494200,0.79941320,5.03840000,5.02634000,0.00854700, 2, 255, 7, 24,0x50000,No,No,No,No,No,Yes,No,Yes
2026-04-11 10:53:15,0.0,1500,500,,500,500,44,,200,,,648,,55.4,0.7200,0.6000,0.6000,1.1000,0.00195186,0.06538731,0.12687090,0.00878337,0.00000000,0.18249890,0.33767180,1.32164000,0.00036630,0.00079365,0.00439560,0.02735040,3.70070400,3.31374500,1.80659200,1.10769100,0.61611660,1.10512700,0.79999920,0.72017020,3.30219400,3.30494200,0.79941320,5.03170000,5.03170000,0.00854700, 2, 255, 7, 24,0x50000,No,No,No,No,No,Yes,No,Yes
2026-04-11 10:53:17,0.0,1500,500,,500,500,44,,200,,,648,,57.1,0.7200,0.6000,0.6000,1.1000,0.16200440,0.05172429,0.12882280,0.00292779,0.00000000,0.18152300,0.33376810,1.33057000,0.00054945,0.00091575,0.00427350,0.02722830,3.69884800,3.31467300,1.79828900,1.10219700,0.61501770,1.10549400,0.79999920,0.72017020,3.29944700,3.30494200,0.79882700,5.02634000,5.03840000,0.00854700, 2, 255, 7, 24,0x50000,No,No,No,No,No,Yes,No,Yes
2026-04-11 10:53:19,0.0,1500,500,,500,500,44,,200,,,648,,57.1,0.7200,0.6000,0.6000,1.1000,0.00097593,0.05172429,0.12491900,0.00780744,0.00000000,0.17957110,0.33376810,1.31271000,0.00054945,0.00079365,0.00433455,0.02698410,3.69884800,3.29889800,1.80024200,1.10366200,0.61538400,1.10512700,0.79926660,0.72043880,3.29944700,3.30402600,0.79941320,5.03572000,5.03170000,0.00854700, 2, 255, 7, 24,0x50000,No,No,No,No,No,Yes,No,Yes
2026-04-11 10:53:21,0.0,1500,500,,500,500,44,,200,,,648,,56.5,0.7200,0.6000,0.6000,1.1000,0.00292779,0.05172429,0.12491900,0.00683151,0.00000000,0.19908970,0.33474400,1.29485000,0.00042735,0.00067155,0.00506715,0.02735040,3.70070400,3.32580900,1.79828900,1.10769100,0.61501770,1.10512700,0.80036550,0.72043880,3.30127900,3.30311000,0.79941320,5.03170000,5.03840000,0.00854700, 2, 255, 7, 24,0x50000,No,No,No,No,No,Yes,No,Yes
2026-04-11 10:53:23,0.0,1500,500,,500,500,44,,200,,,648,,56.0,0.7200,0.6000,0.6000,1.1000,0.00097593,0.05367615,0.12687090,0.00585558,0.00000000,0.18152300,0.33474400,1.31271000,0.00054945,0.00085470,0.00445665,0.02735040,3.69884800,3.31096100,1.79828900,1.10769100,0.61611660,1.10439400,0.80073180,0.72017020,3.30127900,3.30494200,0.79941320,5.03840000,5.02634000,0.00854700, 2, 255, 7, 24,0x50000,No,No,No,No,No,Yes,No,Yes
2026-04-11 10:53:25,0.0,1500,500,,500,500,44,,200,,,648,,56.0,0.7200,0.6000,0.6000,1.1000,0.00000000,0.06538731,0.12589500,0.00195186,0.00000000,0.18152300,0.33279210,1.31271000,0.00036630,0.00042735,0.00494505,0.02686200,3.69977600,3.32766400,1.79828900,1.10695900,0.61611660,1.09999900,0.79926660,0.72017020,3.29944700,3.30494200,0.79882700,5.03706000,5.03572000,0.00854700, 2, 255, 7, 24,0x50000,No,No,No,No,No,Yes,No,Yes
2026-04-11 10:53:28,0.0,1500,500,,500,500,44,,200,,,648,,55.4,0.7200,0.6000,0.6000,1.1000,0.00097593,0.05074836,0.12589500,0.00683151,0.00000000,0.18249890,0.33571990,1.33057000,0.00054945,0.00054945,0.00488400,0.02735040,3.69792000,3.30632200,1.79926600,1.10695900,0.61611660,1.10512700,0.79926660,0.72043880,3.30219400,3.30311000,0.79941320,5.03304000,5.03572000,0.00854700, 2, 255, 7, 24,0x50000,No,No,No,No,No,Yes,No,Yes
2026-04-11 10:53:30,0.0,1500,500,,500,500,44,,200,,,648,,56.5,0.7200,0.6000,0.6000,1.1000,0.00000000,0.05757987,0.12882280,0.00683151,0.00000000,0.18249890,0.33571990,1.33057000,0.00036630,0.00067155,0.00409035,0.02698410,3.70070400,3.30632200,1.78852100,1.10512700,0.61575030,1.10476100,0.80036550,0.72043880,3.30219400,3.30402600,0.79882700,5.03304000,5.02902000,0.00769230, 2, 255, 7, 24,0x50000,No,No,No,No,No,Yes,No,Yes
2026-04-11 10:53:32,0.0,1500,500,,500,500,44,,200,,,648,,56.5,0.7200,0.6000,0.6000,1.1000,0.00195186,0.05074836,0.12394310,0.00390372,0.00000000,0.18249890,0.33376810,1.32164000,0.00054945,0.00091575,0.00500610,0.02686200,3.70070400,3.31003300,1.79828900,1.10805800,0.61575030,1.09999900,0.79890030,0.72017020,3.30311000,3.30402600,0.79941320,5.03170000,5.03438000,0.00854700, 2, 255, 7, 24,0x50000,No,No,No,No,No,Yes,No,Yes
2026-04-11 10:53:34,0.2,1500,500,,500,500,44,,200,,,648,,55.4,0.7200,0.6000,0.6000,1.1000,0.00292779,0.05270022,0.12687090,0.00487965,0.00000000,0.18347480,0.33376810,1.31271000,0.00036630,0.00067155,0.00421245,0.02735040,3.70070400,3.31096100,1.80024200,1.10988900,0.61501770,1.09999900,0.80073180,0.72043880,3.30311000,3.30311000,0.79794790,5.02499900,5.03572000,0.00854700, 2, 255, 7, 24,0x50000,No,No,No,No,No,Yes,No,Yes
2026-04-11 10:53:36,0.0,1500,500,,500,500,44,,200,,,648,,55.4,0.7200,0.6000,0.6000,1.1000,0.00292779,0.05172429,0.12784680,0.00195186,0.00000000,0.18152300,0.33571990,1.32164000,0.00054945,0.00054945,0.00433455,0.02673990,3.69977600,3.31281700,1.80024200,1.10695900,0.61648290,1.10366200,0.79963290,0.72070740,3.30219400,3.30311000,0.79912020,5.02232000,5.03170000,0.00854700, 2, 255, 7, 24,0x50000,No,No,No,No,No,Yes,No,Yes
2026-04-11 10:53:38,0.0,1500,500,,500,500,44,,200,,,648,,56.5,0.7200,0.6000,0.6000,1.1000,0.00000000,0.05074836,0.12687090,0.00683151,0.00000000,0.18152300,0.33767180,1.33057000,0.00054945,0.00091575,0.00409035,0.02710620,3.70070400,3.31652900,1.80024200,1.10695900,0.61611660,1.10402800,0.79999920,0.72017020,3.29944700,3.30494200,0.79941320,5.02634000,5.03170000,0.00854700, 2, 255, 7, 24,0x50000,No,No,No,No,No,Yes,No,Yes
2026-04-11 10:53:40,0.0,1500,500,,500,500,43,,200,,,648,,56.5,0.7200,0.6000,0.6000,1.1000,0.00000000,0.05172429,0.12784680,0.00487965,0.00000000,0.19421010,0.33474400,1.30378000,0.00054945,0.00091575,0.00488400,0.02698410,3.70070400,3.31003300,1.80610300,1.10292900,0.61575030,1.10146400,0.79926660,0.72017020,3.30219400,3.30494200,0.79941320,5.03170000,5.03840000,0.00854700, 2, 255, 7, 24,0x50000,No,No,No,No,No,Yes,No,Yes
2026-04-11 10:53:43,0.0,1500,500,,500,500,44,,200,,,648,,56.0,0.7200,0.6000,0.6000,1.1000,0.00000000,0.08978556,0.15907660,0.00585558,0.00000000,0.18054710,0.33279210,1.33057000,0.00067155,0.00091575,0.00409035,0.02698410,3.69884800,3.29889800,1.80659200,1.10988900,0.61575030,1.10512700,0.79999920,0.71990160,3.30127900,3.30402600,0.79853400,5.01294000,5.01562000,0.00854700, 2, 255, 7, 24,0x50000,No,No,No,No,No,Yes,No,Yes
2026-04-11 10:53:45,0.0,1500,500,,500,500,44,,200,,,648,,56.5,0.7200,0.6000,0.6000,1.1000,0.00000000,0.06538731,0.12589500,0.00878337,0.00000000,0.18152300,0.33376810,1.32164000,0.00054945,0.00079365,0.00439560,0.02673990,3.69884800,3.31838500,1.79096300,1.10146400,0.61648290,1.10476100,0.80036550,0.72017020,3.30402600,3.30219400,0.79882700,5.02768000,5.02768000,0.00854700, 2, 255, 7, 24,0x50000,No,No,No,No,No,Yes,No,Yes
2026-04-11 10:53:47,0.0,1500,500,,500,500,44,,200,,,648,,55.4,0.7200,0.6000,0.6000,1.1000,0.00000000,0.04977243,0.12589500,0.00780744,0.00000000,0.18152300,0.33571990,1.31271000,0.00054945,0.00091575,0.00494505,0.02686200,3.70070400,3.31003300,1.79828900,1.10476100,0.61648290,1.10402800,0.80036550,0.72017020,3.30127900,3.30402600,0.79941320,5.03170000,5.03304000,0.00940170, 2, 255, 7, 24,0x50000,No,No,No,No,No,Yes,No,Yes
2026-04-11 10:53:49,0.0,1500,500,,500,500,44,,200,,,648,,57.1,0.7200,0.6000,0.6000,1.1000,0.00000000,0.05172429,0.12687090,0.00585558,0.00000000,0.18152300,0.33279210,1.32164000,0.00036630,0.00079365,0.00439560,0.02722830,3.69977600,3.31188900,1.80610300,1.09999900,0.61648290,1.10146400,0.80036550,0.72017020,3.29944700,3.30494200,0.79941320,5.02634000,5.03036000,0.00854700, 2, 255, 7, 24,0x50000,No,No,No,No,No,Yes,No,Yes
2026-04-11 10:53:51,0.0,1500,500,,500,500,43,,200,,,648,,56.0,0.7200,0.6000,0.6000,1.1000,0.00195186,0.04879650,0.12784680,0.00487965,0.00000000,0.19128230,0.33864770,1.30378000,0.00036630,0.00042735,0.00433455,0.02710620,3.69977600,3.32580900,1.79828900,1.10695900,0.61538400,1.10256300,0.79926660,0.72070740,3.29944700,3.30494200,0.79941320,5.02634000,5.02499900,0.00854700, 2, 255, 7, 24,0x50000,No,No,No,No,No,Yes,No,Yes
2026-04-11 10:53:53,0.0,1500,500,,500,500,44,,200,,,648,,56.5,0.7200,0.6000,0.6000,1.1000,0.00000000,0.05074836,0.12687090,0.00878337,0.00000000,0.18249890,0.33084030,1.33057000,0.00054945,0.00054945,0.00488400,0.02710620,3.69977600,3.32952100,1.80024200,1.10732500,0.61501770,1.10292900,0.80036550,0.72017020,3.30127900,3.30402600,0.79970620,5.03572000,5.02902000,0.00854700, 2, 255, 7, 24,0x50000,No,No,No,No,No,Yes,No,Yes
2026-04-11 10:53:55,0.0,1500,500,,500,500,44,,200,,,648,,55.4,0.7200,0.6000,0.6000,1.1000,0.00097593,0.05757987,0.12394310,0.00487965,0.00000000,0.19323410,0.33376810,1.32164000,0.00048840,0.00079365,0.00445665,0.02722830,3.69884800,3.32580900,1.79828900,1.10549400,0.61575030,1.10439400,0.79926660,0.72070740,3.30219400,3.30311000,0.79912020,5.03572000,5.03170000,0.00854700, 2, 255, 7, 24,0x50000,No,No,No,No,No,Yes,No,Yes
2026-04-11 10:53:58,0.0,1500,500,,500,500,44,,200,,,648,,56.5,0.7200,0.6000,0.6000,1.1000,0.00000000,0.05270022,0.12784680,0.00390372,0.00000000,0.18347480,0.33571990,1.31271000,0.00054945,0.00067155,0.00433455,0.02673990,3.69977600,3.29425800,1.78852100,1.10439400,0.61538400,1.10402800,0.79926660,0.72043880,3.30127900,3.30494200,0.79853400,5.03572000,5.03572000,0.00854700, 2, 255, 7, 24,0x50000,No,No,No,No,No,Yes,No,Yes
2026-04-11 10:54:00,0.0,1500,500,,500,500,44,,200,,,648,,56.5,0.7200,0.6000,0.6000,1.1000,0.00000000,0.05172429,0.12784680,0.00487965,0.00000000,0.18054710,0.33474400,1.31271000,0.00054945,0.00079365,0.00500610,0.02710620,3.69884800,3.32024100,1.80024200,1.11062200,0.61721550,1.09999900,0.79999920,0.72017020,3.29944700,3.30402600,0.79912020,5.03572000,5.03974000,0.00940170, 2, 255, 7, 24,0x50000,No,No,No,No,No,Yes,No,Yes
2026-04-11 10:54:02,0.0,1500,500,,500,500,44,,200,,,648,,57.6,0.7200,0.6000,0.6000,1.1000,0.00000000,0.05367615,0.12589500,0.00292779,0.00000000,0.18249890,0.33767180,1.31271000,0.00048840,0.00067155,0.00445665,0.02673990,3.69977600,3.30817700,1.78998600,1.10219700,0.61648290,1.10476100,0.79963290,0.72017020,3.30402600,3.30402600,0.79853400,5.02768000,5.03304000,0.00854700, 2, 255, 7, 24,0x50000,No,No,No,No,No,Yes,No,Yes
2026-04-11 10:54:04,0.0,1500,500,,500,500,44,,200,,,648,,56.5,0.7200,0.6000,0.6000,1.1000,0.00000000,0.05172429,0.12589500,0.00780744,0.00000000,0.18054710,0.33376810,1.32164000,0.00036630,0.00042735,0.00409035,0.02673990,3.69977600,3.31281700,1.80610300,1.10439400,0.61648290,1.10439400,0.79926660,0.72017020,3.29944700,3.30494200,0.79941320,5.02634000,5.03840000,0.00854700, 2, 255, 7, 24,0x50000,No,No,No,No,No,Yes,No,Yes
2026-04-11 10:54:06,0.0,1500,500,,500,500,44,,200,,,648,,56.5,0.7200,0.6000,0.6000,1.1000,0.00097593,0.05172429,0.12687090,0.00585558,0.00000000,0.17859520,0.33571990,1.32164000,0.00054945,0.00091575,0.00421245,0.02698410,3.69884800,3.31838500,1.80659200,1.10805800,0.61575030,1.10146400,0.79963290,0.72017020,3.30402600,3.30402600,0.79882700,5.03170000,5.02902000,0.00940170, 2, 255, 7, 24,0x50000,No,No,No,No,No,Yes,No,Yes
2026-04-11 10:54:08,0.0,1500,500,,500,500,44,,200,,,648,,56.5,0.7200,0.6000,0.6000,1.1000,0.00000000,0.05172429,0.12979870,0.01073523,0.00000000,0.18054710,0.33376810,1.33057000,0.00054945,0.00079365,0.00439560,0.02710620,3.70070400,3.32024100,1.79828900,1.10879000,0.61611660,1.10146400,0.80146440,0.72017020,3.30127900,3.30402600,0.79794790,5.02634000,5.01294000,0.00854700, 2, 255, 7, 24,0x50000,No,No,No,No,No,Yes,No,Yes
2026-04-11 10:54:10,0.0,1500,500,,500,500,44,,200,,,648,,55.4,0.7200,0.6000,0.6000,1.1000,0.00000000,0.05270022,0.12589500,0.00683151,0.00000000,0.18054710,0.33571990,1.32164000,0.00048840,0.00067155,0.00427350,0.02673990,3.69977600,3.30168200,1.78852100,1.10732500,0.61721550,1.10476100,0.80146440,0.72043880,3.30219400,3.30311000,0.79882700,5.02768000,5.02499900,0.00854700, 2, 255, 7, 24,0x50000,No,No,No,No,No,Yes,No,Yes
2026-04-11 10:54:13,0.0,1500,500,,500,500,44,,200,,,648,,56.5,0.7200,0.6000,0.6000,1.1000,0.00097593,0.05367615,0.12589500,0.00292779,0.00000000,0.18054710,0.33279210,1.33057000,0.00048840,0.00067155,0.00409035,0.02698410,3.70070400,3.30168200,1.79926600,1.10292900,0.61575030,1.10512700,0.79926660,0.72043880,3.30219400,3.30311000,0.79941320,5.03572000,5.03840000,0.00854700, 2, 255, 7, 24,0x50000,No,No,No,No,No,Yes,No,Yes
2026-04-11 10:54:15,0.0,1500,500,,500,500,44,,200,,,648,,55.4,0.7200,0.6000,0.6000,1.1000,0.00000000,0.05074836,0.12784680,0.00390372,0.00000000,0.18054710,0.33669580,1.31271000,0.00054945,0.00091575,0.00494505,0.02686200,3.69977600,3.29889800,1.79828900,1.10292900,0.61172100,1.10146400,0.80036550,0.72070740,3.29944700,3.30494200,0.79941320,5.02634000,5.03706000,0.00854700, 2, 255, 7, 24,0x50000,No,No,No,No,No,Yes,No,Yes
2026-04-11 10:54:17,0.0,1500,500,,500,500,44,,200,,,648,,56.5,0.7200,0.6000,0.6000,1.1000,0.00000000,0.05270022,0.12491900,0.00585558,0.00000000,0.18054710,0.33571990,1.31271000,0.00054945,0.00091575,0.00384615,0.02735040,3.69884800,3.31188900,1.79828900,1.10439400,0.61575030,1.10402800,0.79963290,0.72017020,3.29944700,3.30402600,0.79941320,5.03840000,5.03438000,0.00854700, 2, 255, 7, 24,0x50000,No,No,No,No,No,Yes,No,Yes
2026-04-11 10:54:19,0.0,1500,500,,500,500,44,,200,,,648,,57.1,0.7200,0.6000,0.6000,1.1000,0.00000000,0.05465208,0.12589500,0.00585558,0.00000000,0.18347480,0.33376810,1.32164000,0.00036630,0.00079365,0.00463980,0.02698410,3.69977600,3.29889800,1.80610300,1.10695900,0.61538400,1.10476100,0.79963290,0.72017020,3.30127900,3.30219400,0.79941320,5.03170000,5.02902000,0.00854700, 2, 255, 7, 24,0x50000,No,No,No,No,No,Yes,No,Yes
2026-04-11 10:54:21,0.0,1500,500,,500,500,44,,200,,,648,,56.5,0.7200,0.6000,0.6000,1.1000,0.01366302,0.11613570,0.12784680,0.00585558,0.00000000,0.18152300,0.33767180,1.32164000,0.00054945,0.00054945,0.00433455,0.02698410,3.70070400,3.30632200,1.80024200,1.10769100,0.61575030,1.10402800,0.79963290,0.72043880,3.30219400,3.30311000,0.79853400,5.03304000,5.03170000,0.00854700, 2, 255, 7, 24,0x50000,No,No,No,No,No,Yes,No,Yes
2026-04-11 10:54:23,0.0,1500,500,,500,500,44,,200,,,648,,56.5,0.7200,0.6000,0.6000,1.1000,0.00097593,0.06733918,0.12687090,0.00292779,0.00000000,0.18152300,0.33474400,1.31271000,0.00054945,0.00091575,0.00494505,0.02735040,3.69884800,3.31188900,1.79828900,1.10292900,0.61501770,1.10512700,0.79926660,0.72043880,3.29944700,3.30402600,0.79941320,5.03572000,5.02634000,0.00854700, 2, 255, 7, 24,0x50000,No,No,No,No,No,Yes,No,Yes
2026-04-11 10:54:25,0.0,1500,500,,500,500,44,,200,,,648,,57.1,0.7200,0.6000,0.6000,1.1000,0.00097593,0.05074836,0.12687090,0.00683151,0.00000000,0.18054710,0.33279210,1.33057000,0.00054945,0.00067155,0.00488400,0.02698410,3.70070400,3.31003300,1.80024200,1.10292900,0.61538400,1.10476100,0.79963290,0.72017020,3.29944700,3.30494200,0.79941320,5.02634000,5.02902000,0.00940170, 2, 255, 7, 24,0x50000,No,No,No,No,No,Yes,No,Yes
2026-04-11 10:54:27,0.0,1500,500,,500,500,44,,200,,,648,,56.0,0.7200,0.6000,0.6000,1.1000,0.00000000,0.05074836,0.12687090,0.00487965,0.00000000,0.18152300,0.33181620,1.31271000,0.00042735,0.00079365,0.00488400,0.02735040,3.70070400,3.35550300,1.80610300,1.10769100,0.61538400,1.10402800,0.80036550,0.72017020,3.30127900,3.30402600,0.79941320,5.03170000,5.03170000,0.00854700, 2, 255, 7, 24,0x50000,No,No,No,No,No,Yes,No,Yes
2026-04-11 10:54:30,0.0,1500,500,,500,500,44,,200,,,648,,56.0,0.7200,0.6000,0.6000,1.1000,0.00000000,0.08783370,0.15419700,0.00585558,0.00000000,0.18152300,0.33181620,1.32164000,0.00054945,0.00067155,0.00445665,0.02673990,3.69977600,3.30168200,1.80024200,1.10439400,0.61538400,1.10146400,0.80073180,0.72017020,3.30127900,3.30402600,0.79941320,5.00490000,5.00758000,0.00854700, 2, 255, 7, 24,0x50000,No,No,No,No,No,Yes,No,Yes
2026-04-11 10:54:32,0.0,1500,500,,500,500,44,,200,,,648,,55.4,0.7200,0.6000,0.6000,1.1000,0.04684464,0.05074836,0.12589500,0.00780744,0.00000000,0.18152300,0.33571990,1.32164000,0.00036630,0.00079365,0.00445665,0.02710620,3.70070400,3.29889800,1.80610300,1.10769100,0.61611660,1.10402800,0.79890030,0.72017020,3.30311000,3.30494200,0.79941320,5.03572000,5.03706000,0.00854700, 2, 255, 7, 24,0x50000,No,No,No,No,No,Yes,No,Yes
2026-04-11 10:54:34,0.0,1500,500,,500,500,44,,200,,,648,,56.5,0.7200,0.6000,0.6000,1.1000,0.04684464,0.05270022,0.12784680,0.00780744,0.00000000,0.18152300,0.33376810,1.33057000,0.00054945,0.00054945,0.00384615,0.02783880,3.70070400,3.30168200,1.80024200,1.10769100,0.61611660,1.10512700,0.79999920,0.72043880,3.30219400,3.30311000,0.79794790,5.01696000,5.02098000,0.00854700, 2, 255, 7, 24,0x50000,No,No,No,No,No,Yes,No,Yes
2026-04-11 10:54:36,0.0,1500,500,,500,500,44,,200,,,648,,57.1,0.7200,0.6000,0.6000,1.1000,0.00097593,0.05172429,0.12687090,0.00585558,0.00000000,0.18152300,0.33474400,1.31271000,0.00054945,0.00091575,0.00457875,0.02698410,3.69884800,3.31003300,1.80610300,1.10439400,0.61428510,1.10073200,0.80073180,0.71990160,3.30219400,3.30402600,0.79824100,5.02902000,5.02902000,0.00854700, 2, 255, 7, 24,0x50000,No,No,No,No,No,Yes,No,Yes
2026-04-11 10:54:38,0.0,1500,500,,500,500,44,,200,,,648,,57.1,0.7200,0.6000,0.6000,1.1000,0.00000000,0.05172429,0.12882280,0.00683151,0.00000000,0.19421010,0.33571990,1.31271000,0.00054945,0.00054945,0.00439560,0.02735040,3.69884800,3.29982600,1.78852100,1.10549400,0.61648290,1.10109800,0.79999920,0.72043880,3.30219400,3.30311000,0.79882700,5.02499900,5.03840000,0.00854700, 2, 255, 7, 24,0x50000,No,No,No,No,No,Yes,No,Yes
2026-04-11 10:54:40,0.0,1500,500,,500,500,43,,200,,,648,,56.5,0.7200,0.6000,0.6000,1.1000,0.00097593,0.04977243,0.12491900,0.00780744,0.00000000,0.17957110,0.33279210,1.33057000,0.00054945,0.00067155,0.00451770,0.02661780,3.69977600,3.30168200,1.80024200,1.10769100,0.61611660,1.10146400,0.79999920,0.72043880,3.29944700,3.30402600,0.79941320,5.03840000,5.03438000,0.00854700, 2, 255, 7, 24,0x50000,No,No,No,No,No,Yes,No,Yes
2026-04-11 10:54:42,0.0,1500,500,,500,500,44,,200,,,648,,57.1,0.7200,0.6000,0.6000,1.1000,0.00000000,0.05074836,0.12687090,0.00780744,0.00000000,0.18347480,0.33474400,1.33950000,0.00054945,0.00091575,0.00494505,0.02673990,3.69977600,3.31467300,1.80610300,1.10439400,0.61538400,1.10512700,0.79926660,0.72043880,3.29944700,3.30402600,0.79941320,5.03170000,5.03170000,0.00854700, 2, 255, 7, 24,0x50000,No,No,No,No,No,Yes,No,Yes
2026-04-11 10:54:45,0.0,1500,500,,500,500,44,,200,,,648,,57.1,0.7200,0.6000,0.6000,1.1000,0.04879650,0.05367615,0.12589500,0.00780744,0.00000000,0.18249890,0.33571990,1.32164000,0.00054945,0.00067155,0.00384615,0.02686200,3.69792000,3.30724900,1.79926600,1.10769100,0.61575030,1.10402800,0.80036550,0.72017020,3.30219400,3.30311000,0.79912020,5.03572000,5.03170000,0.00854700, 2, 255, 7, 24,0x50000,No,No,No,No,No,Yes,No,Yes
2026-04-11 10:54:47,0.0,1500,500,,500,500,44,,200,,,648,,55.4,0.7200,0.6000,0.6000,1.1000,0.00097593,0.05270022,0.12491900,0.00292779,0.00000000,0.19225820,0.33571990,1.32164000,0.00054945,0.00067155,0.00433455,0.02686200,3.70070400,3.31003300,1.79926600,1.10146400,0.61501770,1.10402800,0.79926660,0.72043880,3.30219400,3.30311000,0.79941320,5.03572000,5.03840000,0.00854700, 2, 255, 7, 24,0x50000,No,No,No,No,No,Yes,No,Yes
2026-04-11 10:54:49,0.0,1500,500,,500,500,44,,200,,,648,,57.1,0.7200,0.6000,0.6000,1.1000,0.00000000,0.05172429,0.12589500,0.00878337,0.00000000,0.18249890,0.33376810,1.32164000,0.00054945,0.00091575,0.00500610,0.02661780,3.70070400,3.30168200,1.80024200,1.10146400,0.61465140,1.10402800,0.79963290,0.72043880,3.30311000,3.30402600,0.79941320,5.03840000,5.03840000,0.00854700, 2, 255, 7, 24,0x50000,No,No,No,No,No,Yes,No,Yes
2026-04-11 10:54:51,0.0,1500,500,,500,500,44,,200,,,648,,54.9,0.7200,0.6000,0.6000,1.1000,0.00000000,0.05855580,0.12784680,0.00780744,0.00000000,0.19421010,0.33376810,1.33057000,0.00054945,0.00067155,0.00451770,0.02686200,3.69977600,3.30910500,1.80024200,1.10769100,0.61465140,1.10476100,0.80073180,0.72043880,3.29944700,3.30494200,0.79853400,5.02499900,5.03036000,0.00854700, 2, 255, 7, 24,0x50000,No,No,No,No,No,Yes,No,Yes
2026-04-11 10:54:53,0.0,1500,500,,500,500,44,,200,,,648,,56.5,0.7200,0.6000,0.6000,1.1000,0.00195186,0.05172429,0.12589500,0.00780744,0.00000000,0.18249890,0.33376810,1.32164000,0.00054945,0.00085470,0.00494505,0.02649570,3.70070400,3.31003300,1.79828900,1.10769100,0.61648290,1.10476100,0.80073180,0.72017020,3.30219400,3.30402600,0.79941320,5.03170000,5.03438000,0.00854700, 2, 255, 7, 24,0x50000,No,No,No,No,No,Yes,No,Yes
2026-04-11 10:54:55,0.0,1500,500,,500,500,44,,200,,,648,,56.0,0.7200,0.6000,0.6000,1.1000,0.00000000,0.05855580,0.12296720,0.00390372,0.00000000,0.18152300,0.33767180,1.32164000,0.00048840,0.00079365,0.00494505,0.02686200,3.70070400,3.32766400,1.79828900,1.10219700,0.61648290,1.10512700,0.80073180,0.72017020,3.30219400,3.30494200,0.79941320,5.02634000,5.03840000,0.00854700, 2, 255, 7, 24,0x50000,No,No,No,No,No,Yes,No,Yes
2026-04-11 10:54:57,0.2,1500,500,,500,500,44,,200,,,648,,56.0,0.7200,0.6000,0.6000,1.1000,0.01561488,0.05074836,0.12784680,0.00585558,0.00000000,0.18054710,0.33376810,1.33057000,0.00048840,0.00067155,0.00433455,0.02698410,3.70070400,3.30910500,1.80024200,1.10695900,0.61575030,1.10512700,0.79926660,0.72043880,3.30219400,3.30494200,0.79882700,5.03304000,5.03170000,0.00854700, 2, 255, 7, 24,0x50000,No,No,No,No,No,Yes,No,Yes
2026-04-11 10:55:00,0.0,1500,500,,500,500,44,,200,,,648,,57.1,0.7200,0.6000,0.6000,1.1000,0.04684464,0.05172429,0.12491900,0.00487965,0.00000000,0.18054710,0.33376810,1.31271000,0.00054945,0.00067155,0.00433455,0.02710620,3.69977600,3.30910500,1.79926600,1.10586000,0.61611660,1.10146400,0.80036550,0.72017020,3.30219400,3.30402600,0.79853400,5.01696000,5.02098000,0.00854700, 2, 255, 7, 24,0x50000,No,No,No,No,No,Yes,No,Yes
2026-04-11 10:55:02,0.0,1500,500,,500,500,44,,200,,,648,,56.5,0.7200,0.6000,0.6000,1.1000,0.00097593,0.05172429,0.12491900,0.00780744,0.00000000,0.19421010,0.33767180,1.32164000,0.00054945,0.00091575,0.00439560,0.02686200,3.70070400,3.29889800,1.79828900,1.10695900,0.61648290,1.10366200,0.80036550,0.72017020,3.30494200,3.30402600,0.79941320,5.03170000,5.03706000,0.00854700, 2, 255, 7, 24,0x50000,No,No,No,No,No,Yes,No,Yes
2026-04-11 10:55:04,0.0,1500,500,,500,500,44,,200,,,648,,56.5,0.7200,0.6000,0.6000,1.1000,0.00000000,0.05074836,0.12296720,0.00390372,0.00000000,0.18152300,0.33376810,1.33057000,0.00054945,0.00042735,0.00488400,0.02686200,3.70070400,3.29889800,1.79828900,1.10219700,0.61611660,1.10402800,0.79926660,0.72043880,3.30127900,3.30402600,0.79941320,5.03572000,5.03572000,0.00854700, 2, 255, 7, 24,0x50000,No,No,No,No,No,Yes,No,Yes
2026-04-11 10:55:06,0.0,1500,500,,500,500,44,,200,,,648,,55.4,0.7200,0.6000,0.6000,1.1000,0.00000000,0.06441138,0.12491900,0.00683151,0.00000000,0.18152300,0.33571990,1.31271000,0.00054945,0.00091575,0.00445665,0.02698410,3.70070400,3.31003300,1.80610300,1.10769100,0.61648290,1.10329600,0.80073180,0.72017020,3.30402600,3.30402600,0.79853400,5.03170000,5.01562000,0.00854700, 2, 255, 7, 24,0x50000,No,No,No,No,No,Yes,No,Yes
2026-04-11 10:55:08,0.0,1500,500,,500,500,44,,200,,,648,,56.0,0.7200,0.6000,0.6000,1.1000,0.00097593,0.05074836,0.12589500,0.00780744,0.00000000,0.18054710,0.33571990,1.31271000,0.00054945,0.00091575,0.00409035,0.02759460,3.69884800,3.31096100,1.79828900,1.10769100,0.61611660,1.10476100,0.79999920,0.72043880,3.30311000,3.30494200,0.79941320,5.02634000,5.02634000,0.00854700, 2, 255, 7, 24,0x50000,No,No,No,No,No,Yes,No,Yes
2026-04-11 10:55:10,0.0,1500,500,,500,500,44,,200,,,648,,57.1,0.7200,0.6000,0.6000,1.1000,0.00000000,0.05367615,0.12687090,0.00292779,0.00000000,0.18249890,0.33571990,1.33057000,0.00054945,0.00067155,0.00384615,0.02710620,3.70070400,3.31281700,1.80024200,1.10769100,0.61575030,1.10476100,0.79963290,0.72017020,3.30219400,3.30585700,0.79912020,5.03572000,5.02634000,0.00854700, 2, 255, 7, 24,0x50000,No,No,No,No,No,Yes,No,Yes
2026-04-11 10:55:12,0.0,1500,500,,500,500,44,,200,,,648,,55.4,0.7200,0.6000,0.6000,1.1000,0.00000000,0.05172429,0.12687090,0.00487965,0.00000000,0.18054710,0.33474400,1.33057000,0.00054945,0.00079365,0.00427350,0.02710620,3.70070400,3.31003300,1.80024200,1.11062200,0.61355250,1.10256300,0.80036550,0.72070740,3.30219400,3.30494200,0.79794790,5.03572000,5.03170000,0.00854700, 2, 255, 7, 24,0x50000,No,No,No,No,No,Yes,No,Yes
2026-04-11 10:55:15,0.0,1500,500,,500,500,43,,200,,,648,,57.1,0.7200,0.6000,0.6000,1.1000,0.00000000,0.05172429,0.12784680,0.00585558,0.00000000,0.18347480,0.33474400,1.32164000,0.00042735,0.00091575,0.00439560,0.02735040,3.69884800,3.32580900,1.79828900,1.10769100,0.61575030,1.10439400,0.79890030,0.72043880,3.30036300,3.30311000,0.79853400,5.02902000,5.03438000,0.00854700, 2, 255, 7, 24,0x50000,No,No,No,No,No,Yes,No,Yes
2026-04-11 10:55:17,0.0,1500,500,,500,500,44,,200,,,648,,56.5,0.7200,0.6000,0.6000,1.1000,0.00000000,0.05074836,0.12687090,0.00292779,0.00000000,0.20592120,0.33279210,1.32164000,0.00042735,0.00079365,0.00439560,0.02710620,3.69884800,3.29518600,1.79096300,1.10769100,0.61648290,1.10549400,0.79926660,0.72043880,3.30127900,3.30402600,0.79941320,5.01696000,5.01026000,0.00854700, 2, 255, 7, 24,0x50000,No,No,No,No,No,Yes,No,Yes
2026-04-11 10:55:19,0.0,1500,500,,500,500,44,,200,,,648,,55.4,0.7200,0.6000,0.6000,1.1000,0.04977243,0.05172429,0.12687090,0.00683151,0.00000000,0.18152300,0.33767180,1.32164000,0.00054945,0.00091575,0.00384615,0.02698410,3.69977600,3.31838500,1.80610300,1.11062200,0.61648290,1.10512700,0.79926660,0.72043880,3.30402600,3.30311000,0.79882700,5.03170000,5.03170000,0.00854700, 2, 255, 7, 24,0x50000,No,No,No,No,No,Yes,No,Yes
2026-04-11 10:55:21,0.0,1500,500,,500,500,44,,200,,,648,,55.4,0.7200,0.6000,0.6000,1.1000,0.00000000,0.05953173,0.12979870,0.00585558,0.00000000,0.18347480,0.33279210,1.33950000,0.00054945,0.00067155,0.00494505,0.02686200,3.70070400,3.30910500,1.80024200,1.10695900,0.61538400,1.10146400,0.79963290,0.72017020,3.30219400,3.30311000,0.79794790,5.03572000,5.02098000,0.00940170, 2, 255, 7, 24,0x50000,No,No,No,No,No,Yes,No,Yes
2026-04-11 10:55:23,0.0,1500,500,,500,500,44,,200,,,648,,57.1,0.7200,0.6000,0.6000,1.1000,0.00097593,0.05074836,0.12687090,0.00487965,0.00000000,0.17859520,0.33571990,1.31271000,0.00036630,0.00042735,0.00439560,0.02673990,3.70070400,3.30910500,1.79828900,1.10146400,0.61611660,1.10146400,0.80073180,0.72070740,3.30311000,3.30494200,0.79794790,5.02634000,5.02499900,0.00854700, 2, 255, 7, 24,0x50000,No,No,No,No,No,Yes,No,Yes
2026-04-11 10:55:25,0.0,1500,500,,500,500,44,,200,,,648,,55.4,0.7200,0.6000,0.6000,1.1000,0.00000000,0.05074836,0.12784680,0.00487965,0.00000000,0.17957110,0.33376810,1.31271000,0.00042735,0.00067155,0.00457875,0.02698410,3.69977600,3.29982600,1.79926600,1.10695900,0.61684920,1.10476100,0.80036550,0.72043880,3.30127900,3.30311000,0.79912020,5.03572000,5.03572000,0.00854700, 2, 255, 7, 24,0x50000,No,No,No,No,No,Yes,No,Yes
2026-04-11 10:55:27,0.0,1500,500,,500,500,44,,200,,,648,,56.5,0.7200,0.6000,0.6000,1.1000,0.00000000,0.05562801,0.12784680,0.00585558,0.00000000,0.19323410,0.33571990,1.33057000,0.00042735,0.00091575,0.00439560,0.02673990,3.69792000,3.31281700,1.80610300,1.10732500,0.61648290,1.10292900,0.80036550,0.72017020,3.30311000,3.30494200,0.79941320,5.02634000,5.03170000,0.00854700, 2, 255, 7, 24,0x50000,No,No,No,No,No,Yes,No,Yes
2026-04-11 10:55:29,0.0,1500,500,,500,500,44,,200,,,648,,57.1,0.7200,0.6000,0.6000,1.1000,0.00000000,0.05074836,0.12784680,0.00683151,0.00000000,0.18249890,0.33376810,1.31271000,0.00054945,0.00091575,0.00433455,0.02759460,3.69884800,3.32673600,1.79096300,1.10805800,0.61648290,1.10476100,0.80036550,0.72017020,3.30402600,3.30402600,0.79853400,5.03170000,5.03438000,0.00854700, 2, 255, 7, 24,0x50000,No,No,No,No,No,Yes,No,Yes
2026-04-11 10:55:32,0.0,1500,500,,500,500,44,,200,,,648,,56.0,0.7200,0.6000,0.6000,1.1000,0.00000000,0.05367615,0.12687090,0.00878337,0.00000000,0.18152300,0.33279210,1.32164000,0.00054945,0.00079365,0.00427350,0.02673990,3.70070400,3.32580900,1.79828900,1.10695900,0.61684920,1.10146400,0.79963290,0.72070740,3.29944700,3.30311000,0.79794790,5.03572000,5.02634000,0.00854700, 2, 255, 7, 24,0x50000,No,No,No,No,No,Yes,No,Yes
2026-04-11 10:55:34,0.0,1500,500,,500,500,44,,200,,,648,,55.4,0.7200,0.6000,0.6000,1.1000,0.00097593,0.05172429,0.12687090,0.00780744,0.00000000,0.19225820,0.33279210,1.33057000,0.00036630,0.00067155,0.00451770,0.02661780,3.70070400,3.30910500,1.79926600,1.10366200,0.61501770,1.10329600,0.80073180,0.72043880,3.30219400,3.30311000,0.79912020,5.02499900,5.03706000,0.00854700, 2, 255, 7, 24,0x50000,No,No,No,No,No,Yes,No,Yes
2026-04-11 10:55:36,0.0,1500,500,,500,500,44,,200,,,648,,56.5,0.7200,0.6000,0.6000,1.1000,0.04684464,0.05172429,0.12687090,0.00878337,0.00000000,0.18249890,0.33376810,1.31271000,0.00054945,0.00067155,0.00488400,0.02735040,3.69977600,3.30168200,1.79828900,1.10769100,0.61648290,1.10292900,0.80073180,0.72017020,3.29944700,3.30494200,0.79941320,5.02232000,5.02634000,0.00854700, 2, 255, 7, 24,0x50000,No,No,No,No,No,Yes,No,Yes
2026-04-11 10:55:38,0.0,1500,500,,500,500,44,,200,,,648,,55.4,0.7200,0.6000,0.6000,1.1000,0.00097593,0.05855580,0.12589500,0.02049453,0.00000000,0.18347480,0.33376810,1.32164000,0.00048840,0.00079365,0.00488400,0.02686200,3.70070400,3.31931300,1.79828900,1.10292900,0.61538400,1.10402800,0.79963290,0.72043880,3.30219400,3.30494200,0.79794790,5.03572000,5.03170000,0.00854700, 2, 255, 7, 24,0x50000,No,No,No,No,No,Yes,No,Yes
2026-04-11 10:55:40,0.2,1500,500,,500,500,44,,200,,,648,,56.5,0.7200,0.6000,0.6000,1.1000,0.00000000,0.04977243,0.12687090,0.00780744,0.00000000,0.18054710,0.33571990,1.33950000,0.00042735,0.00079365,0.00506715,0.02673990,3.70163200,3.32952100,1.80024200,1.10549400,0.61501770,1.10512700,0.79926660,0.71963300,3.30219400,3.30311000,0.79794790,5.02499900,5.03840000,0.00854700, 2, 255, 7, 24,0x50000,No,No,No,No,No,Yes,No,Yes
2026-04-11 10:55:42,0.0,1500,500,,500,500,44,,200,,,648,,57.1,0.7200,0.6000,0.6000,1.1000,0.04977243,0.05172429,0.12589500,0.00585558,0.00000000,0.18152300,0.33571990,1.33057000,0.00054945,0.00067155,0.00445665,0.02686200,3.69792000,3.30168200,1.79828900,1.10769100,0.61611660,1.10512700,0.79926660,0.72043880,3.29944700,3.30402600,0.79853400,5.02232000,5.02499900,0.00854700, 2, 255, 7, 24,0x50000,No,No,No,No,No,Yes,No,Yes
2026-04-11 10:55:44,0.0,1500,500,,500,500,43,,200,,,648,,55.4,0.7200,0.6000,0.6000,1.1000,0.00000000,0.05270022,0.12687090,0.00487965,0.00000000,0.19225820,0.33474400,1.33057000,0.00042735,0.00054945,0.00451770,0.02673990,3.69977600,3.30724900,1.78852100,1.10402800,0.61575030,1.10366200,0.79963290,0.71963300,3.30219400,3.30311000,0.79912020,5.02499900,5.03304000,0.00854700, 2, 255, 7, 24,0x50000,No,No,No,No,No,Yes,No,Yes
2026-04-11 10:55:47,0.0,1500,500,,500,500,44,,200,,,648,,55.4,0.7200,0.6000,0.6000,1.1000,0.00000000,0.05172429,0.12589500,0.00683151,0.00000000,0.18054710,0.33571990,1.33057000,0.00054945,0.00091575,0.00427350,0.02722830,3.69884800,3.31096100,1.79096300,1.10769100,0.61575030,1.10476100,0.80073180,0.72017020,3.30127900,3.30402600,0.79853400,5.03840000,5.03170000,0.00854700, 2, 255, 7, 24,0x50000,No,No,No,No,No,Yes,No,Yes
2026-04-11 10:55:49,0.2,1500,500,,500,500,44,,200,,,648,,57.1,0.7200,0.6000,0.6000,1.1000,0.00097593,0.05270022,0.12687090,0.00585558,0.00000000,0.19323410,0.33571990,1.33057000,0.00042735,0.00042735,0.00433455,0.02698410,3.70070400,3.30168200,1.79828900,1.10769100,0.61648290,1.10476100,0.80036550,0.72043880,3.30219400,3.30402600,0.79882700,5.03572000,5.03170000,0.00854700, 2, 255, 7, 24,0x50000,No,No,No,No,No,Yes,No,Yes
2026-04-11 10:55:51,0.0,1500,500,,500,500,44,,200,,,648,,56.5,0.7200,0.6000,0.6000,1.1000,0.00292779,0.05172429,0.12589500,0.00780744,0.00000000,0.18152300,0.33376810,1.31271000,0.00054945,0.00079365,0.00427350,0.02710620,3.70070400,3.31096100,1.80024200,1.10183000,0.61648290,1.10402800,0.80073180,0.72017020,3.30127900,3.30311000,0.79853400,5.02634000,5.02902000,0.00854700, 2, 255, 7, 24,0x50000,No,No,No,No,No,Yes,No,Yes
2026-04-11 10:55:53,0.0,1500,500,,500,500,44,,200,,,648,,57.1,0.7200,0.6000,0.6000,1.1000,0.00000000,0.06441138,0.12589500,0.00878337,0.00000000,0.18054710,0.33474400,1.33057000,0.00048840,0.00079365,0.00494505,0.02698410,3.69977600,3.30168200,1.80024200,1.10732500,0.61575030,1.10402800,0.80036550,0.72043880,3.30219400,3.30494200,0.79912020,5.03572000,5.03572000,0.00854700, 2, 255, 7, 24,0x50000,No,No,No,No,No,Yes,No,Yes
2026-04-11 10:55:55,0.0,1500,500,,500,500,44,,200,,,648,,56.5,0.7200,0.6000,0.6000,1.1000,0.00000000,0.05172429,0.12491900,0.00487965,0.00000000,0.18054710,0.33376810,1.33057000,0.00054945,0.00091575,0.00384615,0.02710620,3.69884800,3.31281700,1.80659200,1.10769100,0.61648290,1.10549400,0.80073180,0.71990160,3.30402600,3.30402600,0.79853400,5.03170000,5.03840000,0.00940170, 2, 255, 7, 24,0x50000,No,No,No,No,No,Yes,No,Yes
2026-04-11 10:55:57,0.0,1500,500,,500,500,44,,200,,,648,,56.0,0.7200,0.6000,0.6000,1.1000,0.00000000,0.04977243,0.12687090,0.00780744,0.00000000,0.18249890,0.33474400,1.32164000,0.00054945,0.00091575,0.00488400,0.02710620,3.69884800,3.31652900,1.80610300,1.10769100,0.61648290,1.10512700,0.80073180,0.72097620,3.30402600,3.30402600,0.79941320,5.02902000,5.01562000,0.00940170, 2, 255, 7, 24,0x50000,No,No,No,No,No,Yes,No,Yes
2026-04-11 10:55:59,0.0,1500,500,,500,500,44,,200,,,648,,55.4,0.7200,0.6000,0.6000,1.1000,0.00195186,0.05270022,0.12784680,0.00292779,0.00000000,0.18152300,0.33376810,1.32164000,0.00048840,0.00079365,0.00500610,0.02722830,3.69884800,3.31096100,1.80610300,1.10769100,0.61648290,1.10109800,0.79963290,0.72043880,3.30127900,3.30311000,0.79970620,5.03572000,5.03840000,0.00854700, 2, 255, 7, 24,0x50000,No,No,No,No,No,Yes,No,Yes
2026-04-11 10:56:02,0.2,1500,500,,500,500,44,,200,,,648,,56.0,0.7200,0.6000,0.6000,1.1000,0.00097593,0.05172429,0.12687090,0.00780744,0.00000000,0.18152300,0.33376810,1.30378000,0.00054945,0.00067155,0.00494505,0.02673990,3.69977600,3.30168200,1.80024200,1.10805800,0.61538400,1.10512700,0.80036550,0.72043880,3.30219400,3.30494200,0.79912020,5.03572000,5.03572000,0.00854700, 2, 255, 7, 24,0x50000,No,No,No,No,No,Yes,No,Yes
2026-04-11 10:56:04,0.0,1500,500,,500,500,44,,200,,,648,,54.9,0.7200,0.6000,0.6000,1.1000,0.00097593,0.06343545,0.12589500,0.01171116,0.00000000,0.18152300,0.33571990,1.32164000,0.00042735,0.00042735,0.00445665,0.02673990,3.69977600,3.31467300,1.80610300,1.11062200,0.61501770,1.10146400,0.80036550,0.72043880,3.30036300,3.30311000,0.79941320,5.02902000,5.02902000,0.00854700, 2, 255, 7, 24,0x50000,No,No,No,No,No,Yes,No,Yes
2026-04-11 10:56:06,0.0,1500,500,,500,500,44,,200,,,648,,56.5,0.7200,0.6000,0.6000,1.1000,0.00097593,0.05172429,0.12589500,0.00292779,0.00000000,0.18249890,0.33474400,1.32164000,0.00054945,0.00091575,0.00433455,0.02698410,3.70070400,3.31188900,1.79828900,1.10769100,0.61538400,1.10476100,0.80073180,0.72043880,3.30311000,3.30494200,0.79853400,5.02499900,5.03572000,0.00854700, 2, 255, 7, 24,0x50000,No,No,No,No,No,Yes,No,Yes
2026-04-11 10:56:08,0.0,1500,500,,500,500,44,,200,,,648,,56.5,0.7200,0.6000,0.6000,1.1000,0.00000000,0.04977243,0.12589500,0.00487965,0.00000000,0.18152300,0.33571990,1.33057000,0.00054945,0.00091575,0.00433455,0.02686200,3.70070400,3.31281700,1.80024200,1.10695900,0.61648290,1.09999900,0.79926660,0.72043880,3.30219400,3.30494200,0.79853400,5.03572000,5.02902000,0.00854700, 2, 255, 7, 24,0x50000,No,No,No,No,No,Yes,No,Yes
2026-04-11 10:56:10,0.0,1500,500,,500,500,44,,200,,,648,,57.6,0.7200,0.6000,0.6000,1.1000,0.00097593,0.05172429,0.12589500,0.00683151,0.00000000,0.18152300,0.33279210,1.32164000,0.00054945,0.00067155,0.00427350,0.02698410,3.70070400,3.30724900,1.80024200,1.10695900,0.61611660,1.10146400,0.80036550,0.72070740,3.29944700,3.30494200,0.79941320,5.02098000,5.02902000,0.00854700, 2, 255, 7, 24,0x50000,No,No,No,No,No,Yes,No,Yes
2026-04-11 10:56:12,0.0,1500,500,,500,500,44,,200,,,648,,55.4,0.7200,0.6000,0.6000,1.1000,0.00000000,0.05172429,0.12589500,0.00878337,0.00000000,0.18249890,0.33474400,1.32164000,0.00054945,0.00091575,0.00488400,0.02710620,3.70070400,3.30168200,1.80024200,1.10146400,0.61648290,1.10402800,0.80036550,0.72017020,3.30311000,3.30494200,0.79941320,5.02634000,5.03036000,0.00854700, 2, 255, 7, 24,0x50000,No,No,No,No,No,Yes,No,Yes
2026-04-11 10:56:14,0.0,1500,500,,500,500,44,,200,,,648,,57.1,0.7200,0.6000,0.6000,1.1000,0.00390372,0.04879650,0.12687090,0.00780744,0.00000000,0.18445080,0.33474400,1.31271000,0.00048840,0.00067155,0.00451770,0.02673990,3.69884800,3.31003300,1.79926600,1.10805800,0.61684920,1.10292900,0.79963290,0.72043880,3.30219400,3.30311000,0.79912020,5.02499900,5.03304000,0.00854700, 2, 255, 7, 24,0x50000,No,No,No,No,No,Yes,No,Yes
2026-04-11 10:56:16,0.0,1500,500,,500,500,44,,200,,,648,,57.1,0.7200,0.6000,0.6000,1.1000,0.00000000,0.05367615,0.12784680,0.00487965,0.00000000,0.18249890,0.33571990,1.32164000,0.00054945,0.00091575,0.00409035,0.02722830,3.70070400,3.31931300,1.79828900,1.10769100,0.61648290,1.10512700,0.80036550,0.72017020,3.30402600,3.30402600,0.79824100,5.03170000,5.03840000,0.00854700, 2, 255, 7, 24,0x50000,No,No,No,No,No,Yes,No,Yes
2026-04-11 10:56:19,0.0,1500,500,,500,500,43,,200,,,648,,56.0,0.7200,0.6000,0.6000,1.1000,0.00000000,0.05855580,0.12687090,0.00780744,0.00000000,0.18152300,0.33474400,1.32164000,0.00036630,0.00079365,0.00445665,0.02673990,3.69977600,3.35550300,1.80610300,1.10769100,0.61575030,1.10512700,0.79999920,0.72017020,3.30402600,3.30402600,0.79882700,5.02902000,5.03170000,0.00854700, 2, 255, 7, 24,0x50000,No,No,No,No,No,Yes,No,Yes
2026-04-11 10:56:21,0.0,1500,500,,500,500,44,,200,,,648,,56.0,0.7200,0.6000,0.6000,1.1000,0.00000000,0.05367615,0.12687090,0.00780744,0.00000000,0.17957110,0.33279210,1.32164000,0.00054945,0.00091575,0.00384615,0.02698410,3.69884800,3.31096100,1.80024200,1.10292900,0.61684920,1.10146400,0.80036550,0.72043880,3.30219400,3.30585700,0.79912020,5.03304000,5.03572000,0.00854700, 2, 255, 7, 24,0x50000,No,No,No,No,No,Yes,No,Yes
2026-04-11 10:56:23,0.0,1500,500,,500,500,44,,200,,,648,,57.1,0.7200,0.6000,0.6000,1.1000,0.00097593,0.05270022,0.12491900,0.00780744,0.00000000,0.18249890,0.33669580,1.32164000,0.00048840,0.00067155,0.00427350,0.02735040,3.70070400,3.30168200,1.78852100,1.10292900,0.60842430,1.10146400,0.79890030,0.72017020,3.30494200,3.30402600,0.79941320,5.00758000,5.01026000,0.00854700, 2, 255, 7, 24,0x50000,No,No,No,No,No,Yes,No,Yes
2026-04-11 10:56:25,0.0,1500,500,,500,500,44,,200,,,648,,57.1,0.7200,0.6000,0.6000,1.1000,0.00195186,0.05172429,0.12589500,0.00390372,0.00000000,0.18152300,0.33181620,1.31271000,0.00054945,0.00091575,0.00433455,0.02759460,3.70070400,3.31652900,1.79828900,1.10512700,0.61648290,1.10073200,0.79963290,0.72017020,3.30311000,3.30494200,0.79941320,5.02634000,5.03706000,0.00854700, 2, 255, 7, 24,0x50000,No,No,No,No,No,Yes,No,Yes
2026-04-11 10:56:27,0.0,1500,500,,500,500,44,,200,,,648,,55.4,0.7200,0.6000,0.6000,1.1000,0.00097593,0.05367615,0.12687090,0.00585558,0.00000000,0.18249890,0.33376810,1.32164000,0.00054945,0.00067155,0.00488400,0.02673990,3.70070400,3.29982600,1.79926600,1.10695900,0.61611660,1.10146400,0.80073180,0.72043880,3.30036300,3.30311000,0.79912020,5.03572000,5.03840000,0.00854700, 2, 255, 7, 24,0x50000,No,No,No,No,No,Yes,No,Yes
2026-04-11 10:56:29,0.0,1500,500,,500,500,44,,200,,,648,,57.1,0.7200,0.6000,0.6000,1.1000,0.00097593,0.05074836,0.12687090,0.00292779,0.00000000,0.19323410,0.33376810,1.33057000,0.00036630,0.00079365,0.00488400,0.02735040,3.70070400,3.31188900,1.80024200,1.10769100,0.61391880,1.10402800,0.80073180,0.72043880,3.30219400,3.30311000,0.79912020,5.02499900,5.03840000,0.00854700, 2, 255, 7, 24,0x50000,No,No,No,No,No,Yes,No,Yes
2026-04-11 10:56:31,0.0,1500,500,,500,500,44,,200,,,648,,57.1,0.7200,0.6000,0.6000,1.1000,0.00195186,0.09076149,0.15810070,0.00780744,0.00000000,0.17957110,0.33571990,1.32164000,0.00054945,0.00091575,0.00488400,0.02661780,3.70070400,3.32952100,1.79828900,1.10146400,0.61758180,1.10073200,0.80073180,0.72017020,3.29944700,3.30402600,0.79970620,5.01964000,5.02098000,0.00854700, 2, 255, 7, 24,0x50000,No,No,No,No,No,Yes,No,Yes
2026-04-11 10:56:34,0.0,1500,500,,500,500,43,,200,,,648,,56.5,0.7200,0.6000,0.6000,1.1000,0.00000000,0.06050766,0.12784680,0.00487965,0.00000000,0.18249890,0.33279210,1.32164000,0.00054945,0.00067155,0.00494505,0.02710620,3.70070400,3.29889800,1.79926600,1.10805800,0.61684920,1.10476100,0.79963290,0.72043880,3.30219400,3.30311000,0.79912020,5.03572000,5.02634000,0.00854700, 2, 255, 7, 24,0x50000,No,No,No,No,No,Yes,No,Yes
2026-04-11 10:56:36,0.0,1500,500,,500,500,44,,200,,,648,,57.1,0.7200,0.6000,0.6000,1.1000,0.00195186,0.05172429,0.12687090,0.00585558,0.00000000,0.18152300,0.33767180,1.31271000,0.00042735,0.00042735,0.00427350,0.02673990,3.69606400,3.31281700,1.79828900,1.10695900,0.61611660,1.10402800,0.79963290,0.72043880,3.30219400,3.30311000,0.79794790,5.02499900,5.02634000,0.00854700, 2, 255, 7, 24,0x50000,No,No,No,No,No,Yes,No,Yes
2026-04-11 10:56:38,0.0,1500,500,,500,500,44,,200,,,648,,56.5,0.7200,0.6000,0.6000,1.1000,0.00097593,0.05757987,0.12687090,0.00878337,0.00000000,0.18054710,0.33279210,1.33057000,0.00054945,0.00091575,0.00500610,0.02698410,3.70070400,3.30168200,1.80024200,1.10695900,0.61611660,1.10292900,0.80073180,0.72043880,3.29944700,3.30311000,0.79941320,5.03036000,5.03036000,0.00854700, 2, 255, 7, 24,0x50000,No,No,No,No,No,Yes,No,Yes
2026-04-11 10:56:40,0.0,1500,500,,500,500,44,,200,,,648,,54.9,0.7200,0.6000,0.6000,1.1000,0.00097593,0.04977243,0.12589500,0.00780744,0.00000000,0.18152300,0.33571990,1.31271000,0.00054945,0.00091575,0.00433455,0.02686200,3.69977600,3.32952100,1.80024200,1.10695900,0.61684920,1.10476100,0.80036550,0.71963300,3.30219400,3.30402600,0.79853400,5.02499900,5.03572000,0.00854700, 2, 255, 7, 24,0x50000,No,No,No,No,No,Yes,No,Yes
2026-04-11 10:56:42,-0.0,1500,500,,500,500,44,,200,,,648,,56.0,0.7200,0.6000,0.6000,1.1000,0.00000000,0.04977243,0.12687090,0.00683151,0.00000000,0.17957110,0.33376810,1.32164000,0.00054945,0.00067155,0.00439560,0.02698410,3.69977600,3.30168200,1.79926600,1.10805800,0.61501770,1.10402800,0.79999920,0.72070740,3.30219400,3.30311000,0.79794790,5.02499900,5.02634000,0.00854700, 2, 255, 7, 24,0x50000,No,No,No,No,No,Yes,No,Yes
2026-04-11 10:56:44,0.0,1500,500,,500,500,44,,200,,,648,,56.0,0.7200,0.6000,0.6000,1.1000,0.00000000,0.05562801,0.12687090,0.00780744,0.00000000,0.19323410,0.33279210,1.31271000,0.00054945,0.00067155,0.00427350,0.02673990,3.70070400,3.31281700,1.79926600,1.10695900,0.61684920,1.10512700,0.79963290,0.72043880,3.30219400,3.30311000,0.79882700,5.03572000,5.02634000,0.00854700, 2, 255, 7, 24,0x50000,No,No,No,No,No,Yes,No,Yes
2026-04-11 10:56:46,0.0,1500,500,,500,500,44,,200,,,648,,56.5,0.7200,0.6000,0.6000,1.1000,0.00000000,0.05074836,0.12491900,0.00683151,0.00000000,0.18054710,0.33376810,1.31271000,0.00048840,0.00079365,0.00433455,0.02649570,3.70070400,3.31188900,1.79828900,1.11062200,0.61648290,1.10402800,0.79963290,0.72070740,3.30219400,3.30494200,0.79794790,5.02499900,5.03840000,0.00854700, 2, 255, 7, 24,0x50000,No,No,No,No,No,Yes,No,Yes
2026-04-11 10:56:49,0.2,1500,500,,500,500,44,,200,,,648,,56.0,0.7200,0.6000,0.6000,1.1000,0.01951860,0.05172429,0.12589500,0.00683151,0.00000000,0.18249890,0.33571990,1.32164000,0.00054945,0.00067155,0.00433455,0.02710620,3.70070400,3.30910500,1.78852100,1.10695900,0.61721550,1.10292900,0.79890030,0.72043880,3.30219400,3.30311000,0.79941320,5.03572000,5.02634000,0.00854700, 2, 255, 7, 24,0x50000,No,No,No,No,No,Yes,No,Yes
2026-04-11 10:56:51,0.0,1500,500,,500,500,43,,200,,,648,,57.1,0.7200,0.6000,0.6000,1.1000,0.04977243,0.05270022,0.12491900,0.00487965,0.00000000,0.19225820,0.33376810,1.31271000,0.00054945,0.00067155,0.00433455,0.02673990,3.69977600,3.30724900,1.79926600,1.10439400,0.61501770,1.10146400,0.80073180,0.72043880,3.30219400,3.30311000,0.79794790,5.01696000,5.02232000,0.00854700, 2, 255, 7, 24,0x50000,No,No,No,No,No,Yes,No,Yes
2026-04-11 10:56:53,0.0,1500,500,,500,500,44,,200,,,648,,57.1,0.7200,0.6000,0.6000,1.1000,0.00000000,0.05074836,0.12687090,0.00585558,0.00000000,0.18054710,0.33474400,1.32164000,0.00036630,0.00042735,0.00488400,0.02686200,3.69977600,3.30910500,1.79828900,1.10439400,0.61501770,1.10292900,0.80036550,0.72043880,3.30127900,3.30311000,0.79970620,5.03438000,5.03706000,0.00854700, 2, 255, 7, 24,0x50000,No,No,No,No,No,Yes,No,Yes
2026-04-11 10:56:55,0.0,1500,500,,500,500,44,,200,,,648,,56.5,0.7200,0.6000,0.6000,1.1000,0.00000000,0.05757987,0.12687090,0.00487965,0.00000000,0.18152300,0.33474400,1.31271000,0.00054945,0.00091575,0.00384615,0.02686200,3.69792000,3.30724900,1.80024200,1.10769100,0.61611660,1.10476100,0.79963290,0.72043880,3.30311000,3.30494200,0.79912020,5.02499900,5.03572000,0.00854700, 2, 255, 7, 24,0x50000,No,No,No,No,No,Yes,No,Yes
2026-04-11 10:56:57,0.0,1500,500,,500,500,44,,200,,,648,,56.5,0.7200,0.6000,0.6000,1.1000,0.00195186,0.05270022,0.12784680,0.00487965,0.00000000,0.17957110,0.33474400,1.32164000,0.00048840,0.00054945,0.00433455,0.02673990,3.70070400,3.31003300,1.80024200,1.10915600,0.61684920,1.09999900,0.80036550,0.72043880,3.30219400,3.30402600,0.79882700,5.02499900,5.02634000,0.00854700, 2, 255, 7, 24,0x50000,No,No,No,No,No,Yes,No,Yes
2026-04-11 10:56:59,0.0,1500,500,,500,500,44,,200,,,648,,56.0,0.7200,0.6000,0.6000,1.1000,0.04684464,0.05172429,0.12589500,0.00292779,0.00000000,0.18152300,0.33376810,1.33057000,0.00054945,0.00091575,0.00433455,0.02686200,3.70070400,3.30817700,1.80024200,1.10805800,0.61648290,1.10073200,0.79926660,0.72043880,3.29944700,3.30402600,0.79824100,5.03170000,5.03840000,0.00854700, 2, 255, 7, 24,0x50000,No,No,No,No,No,Yes,No,Yes
2026-04-11 10:57:01,0.0,1500,500,,500,500,44,,200,,,648,,57.1,0.7200,0.6000,0.6000,1.1000,0.00097593,0.05172429,0.12491900,0.00780744,0.00000000,0.18249890,0.33474400,1.31271000,0.00048840,0.00067155,0.00427350,0.02673990,3.69977600,3.30260900,1.79926600,1.10219700,0.61611660,1.10476100,0.80036550,0.72043880,3.30219400,3.30311000,0.79912020,5.03304000,5.02634000,0.00854700, 2, 255, 7, 24,0x50000,No,No,No,No,No,Yes,No,Yes
2026-04-11 10:57:04,0.0,1500,500,,500,500,44,,200,,,648,,57.1,0.7200,0.6000,0.6000,1.1000,0.00097593,0.05172429,0.12589500,0.00487965,0.00000000,0.18054710,0.33474400,1.32164000,0.00042735,0.00067155,0.00445665,0.02673990,3.69977600,3.31003300,1.79828900,1.10879000,0.61428510,1.10512700,0.80036550,0.72017020,3.30402600,3.30402600,0.79941320,5.03170000,5.02902000,0.00940170, 2, 255, 7, 24,0x50000,No,No,No,No,No,Yes,No,Yes
2026-04-11 10:57:06,0.0,1500,500,,500,500,44,,200,,,648,,56.5,0.7200,0.6000,0.6000,1.1000,0.00000000,0.05172429,0.12784680,0.00683151,0.00000000,0.18249890,0.33669580,1.32164000,0.00054945,0.00091575,0.00488400,0.02686200,3.69977600,3.31003300,1.80024200,1.10695900,0.61758180,1.10402800,0.79926660,0.72043880,3.30311000,3.30311000,0.79794790,5.02634000,5.02634000,0.00940170, 2, 255, 7, 24,0x50000,No,No,No,No,No,Yes,No,Yes
2026-04-11 10:57:08,0.0,1500,500,,500,500,44,,200,,,648,,56.5,0.7200,0.6000,0.6000,1.1000,0.00097593,0.05172429,0.12979870,0.00683151,0.00000000,0.18249890,0.33571990,1.31271000,0.00036630,0.00042735,0.00445665,0.02698410,3.69792000,3.30910500,1.79828900,1.10146400,0.61611660,1.10512700,0.79999920,0.72070740,3.30127900,3.30402600,0.79941320,5.02634000,5.03170000,0.00854700, 2, 255, 7, 24,0x50000,No,No,No,No,No,Yes,No,Yes
2026-04-11 10:57:10,0.0,1500,500,,500,500,43,,200,,,648,,56.0,0.7200,0.6000,0.6000,1.1000,0.00097593,0.05270022,0.12882280,0.00585558,0.00000000,0.18054710,0.33571990,1.32164000,0.00054945,0.00091575,0.00384615,0.02686200,3.69884800,3.31003300,1.80659200,1.10439400,0.61648290,1.10512700,0.79890030,0.72017020,3.30311000,3.30402600,0.79853400,5.02902000,5.03036000,0.00854700, 2, 255, 7, 24,0x50000,No,No,No,No,No,Yes,No,Yes
2026-04-11 10:57:12,0.0,1500,500,,500,500,44,,200,,,648,,56.5,0.7200,0.6000,0.6000,1.1000,0.00195186,0.05270022,0.12589500,0.00390372,0.00000000,0.18054710,0.33571990,1.32164000,0.00048840,0.00073260,0.00488400,0.02698410,3.69977600,3.31838500,1.79828900,1.10439400,0.61684920,1.10512700,0.79963290,0.72043880,3.29944700,3.30311000,0.79912020,5.02499900,5.03170000,0.00854700, 2, 255, 7, 24,0x50000,No,No,No,No,No,Yes,No,Yes
2026-04-11 10:57:14,0.0,1500,500,,500,500,44,,200,,,648,,55.4,0.7200,0.6000,0.6000,1.1000,0.00000000,0.05172429,0.12589500,0.00683151,0.00000000,0.18054710,0.33376810,1.32164000,0.00036630,0.00079365,0.00427350,0.02735040,3.69977600,3.31096100,1.80024200,1.10695900,0.61684920,1.10146400,0.79926660,0.72043880,3.29944700,3.30311000,0.79912020,5.02499900,5.03706000,0.00854700, 2, 255, 7, 24,0x50000,No,No,No,No,No,Yes,No,Yes
2026-04-11 10:57:16,0.0,1500,500,,500,500,44,,200,,,648,,55.4,0.7200,0.6000,0.6000,1.1000,0.00097593,0.05172429,0.12687090,0.00780744,0.00000000,0.18152300,0.33571990,1.32164000,0.00054945,0.00067155,0.00494505,0.02686200,3.70070400,3.29889800,1.79926600,1.10769100,0.61575030,1.10512700,0.79963290,0.72043880,3.30219400,3.30311000,0.79912020,5.03304000,5.02634000,0.00854700, 2, 255, 7, 24,0x50000,No,No,No,No,No,Yes,No,Yes
2026-04-11 10:57:18,0.0,1500,500,,500,500,44,,200,,,648,,57.1,0.7200,0.6000,0.6000,1.1000,0.00195186,0.08978556,0.15907660,0.00487965,0.00000000,0.18152300,0.33376810,1.32164000,0.00067155,0.00091575,0.00421245,0.02698410,3.69977600,3.32580900,1.80659200,1.11025500,0.61721550,1.10402800,0.80036550,0.71990160,3.30402600,3.30311000,0.79941320,5.01294000,5.01294000,0.00854700, 2, 255, 7, 24,0x50000,No,No,No,No,No,Yes,No,Yes
2026-04-11 10:57:21,0.0,1500,500,,500,500,43,,200,,,648,,56.0,0.7200,0.6000,0.6000,1.1000,0.00000000,0.06636324,0.12589500,0.00585558,0.00000000,0.18054710,0.33376810,1.32164000,0.00054945,0.00091575,0.00409035,0.02722830,3.69884800,3.31096100,1.79096300,1.10549400,0.61648290,1.10109800,0.80036550,0.72043880,3.30036300,3.30219400,0.79824100,5.02902000,5.02902000,0.00854700, 2, 255, 7, 24,0x50000,No,No,No,No,No,Yes,No,Yes
2026-04-11 10:57:23,0.0,1500,500,,500,500,44,,200,,,648,,55.4,0.7200,0.6000,0.6000,1.1000,0.00097593,0.05172429,0.12589500,0.00487965,0.00000000,0.18152300,0.33571990,1.32164000,0.00054945,0.00091575,0.00433455,0.02673990,3.70070400,3.30910500,1.80024200,1.10769100,0.61501770,1.10512700,0.80073180,0.72017020,3.30219400,3.30402600,0.79853400,5.03706000,5.02902000,0.00854700, 2, 255, 7, 24,0x50000,No,No,No,No,No,Yes,No,Yes
2026-04-11 10:57:25,0.0,1500,500,,500,500,44,,200,,,648,,56.0,0.7200,0.6000,0.6000,1.1000,0.00000000,0.05270022,0.12687090,0.00585558,0.00000000,0.18054710,0.33376810,1.33057000,0.00054945,0.00054945,0.00500610,0.02735040,3.70070400,3.32209700,1.80024200,1.10732500,0.61648290,1.10146400,0.80036550,0.72070740,3.30219400,3.30402600,0.79853400,5.03036000,5.02634000,0.00854700, 2, 255, 7, 24,0x50000,No,No,No,No,No,Yes,No,Yes
2026-04-11 10:57:27,0.0,1500,500,,500,500,44,,200,,,648,,57.1,0.7200,0.6000,0.6000,1.1000,0.00000000,0.04977243,0.12784680,0.00585558,0.00000000,0.19421010,0.33571990,1.33057000,0.00054945,0.00067155,0.00433455,0.02686200,3.69884800,3.31003300,1.79926600,1.10842400,0.60659280,1.10402800,0.79999920,0.71963300,3.30219400,3.30311000,0.79794790,5.02499900,5.02499900,0.00854700, 2, 255, 7, 24,0x50000,No,No,No,No,No,Yes,No,Yes
2026-04-11 10:57:29,0.0,1500,500,,500,500,44,,200,,,648,,57.1,0.7200,0.6000,0.6000,1.1000,0.00000000,0.05172429,0.12687090,0.00683151,0.00000000,0.18152300,0.33279210,1.32164000,0.00042735,0.00079365,0.00427350,0.02735040,3.69792000,3.31838500,1.79828900,1.10769100,0.61648290,1.10476100,0.79963290,0.72070740,3.30219400,3.30494200,0.79912020,5.03304000,5.02634000,0.00854700, 2, 255, 7, 24,0x50000,No,No,No,No,No,Yes,No,Yes
2026-04-11 10:57:31,0.0,1500,500,,500,500,44,,200,,,648,,55.4,0.7200,0.6000,0.6000,1.1000,0.00000000,0.05757987,0.12784680,0.00487965,0.00000000,0.20396940,0.33279210,1.33057000,0.00054945,0.00067155,0.00427350,0.02673990,3.70070400,3.31096100,1.80024200,1.10732500,0.61465140,1.10512700,0.80073180,0.72070740,3.30311000,3.30494200,0.79912020,5.02499900,5.03304000,0.00854700, 2, 255, 7, 24,0x50000,No,No,No,No,No,Yes,No,Yes
2026-04-11 10:57:33,0.0,1500,500,,500,500,44,,200,,,648,,57.1,0.7200,0.6000,0.6000,1.1000,0.00097593,0.05172429,0.12589500,0.00683151,0.00000000,0.18347480,0.33376810,1.31271000,0.00036630,0.00079365,0.00433455,0.02673990,3.69884800,3.32580900,1.80610300,1.10586000,0.61538400,1.10146400,0.79816780,0.72070740,3.30402600,3.30494200,0.79853400,5.03170000,5.03840000,0.00854700, 2, 255, 7, 24,0x50000,No,No,No,No,No,Yes,No,Yes
2026-04-11 10:57:36,0.0,1500,500,,500,500,44,,200,,,648,,56.0,0.7200,0.6000,0.6000,1.1000,0.00097593,0.05074836,0.12589500,0.00487965,0.00000000,0.18152300,0.33376810,1.33057000,0.00054945,0.00042735,0.00384615,0.02698410,3.69792000,3.30910500,1.79828900,1.10769100,0.61611660,1.10073200,0.80073180,0.72043880,3.30219400,3.30494200,0.79941320,5.03170000,5.02499900,0.00854700, 2, 255, 7, 24,0x50000,No,No,No,No,No,Yes,No,Yes
2026-04-11 10:57:38,0.0,1500,500,,500,500,44,,200,,,648,,57.1,0.7200,0.6000,0.6000,1.1000,0.00195186,0.05270022,0.12589500,0.00487965,0.00000000,0.18152300,0.33279210,1.31271000,0.00048840,0.00079365,0.00457875,0.02649570,3.70070400,3.32580900,1.79828900,1.10769100,0.61648290,1.10512700,0.80036550,0.72043880,3.30219400,3.30494200,0.79912020,5.03572000,5.03170000,0.00940170, 2, 255, 7, 24,0x50000,No,No,No,No,No,Yes,No,Yes
2026-04-11 10:57:40,0.0,1500,500,,500,500,43,,200,,,648,,56.5,0.7200,0.6000,0.6000,1.1000,0.05270022,0.05172429,0.12589500,0.00780744,0.00000000,0.18152300,0.33571990,1.31271000,0.00036630,0.00079365,0.00433455,0.02686200,3.69977600,3.31003300,1.80024200,1.10292900,0.61758180,1.10476100,0.79999920,0.72017020,3.30311000,3.30402600,0.79941320,5.02499900,5.02499900,0.00854700, 2, 255, 7, 24,0x50000,No,No,No,No,No,Yes,No,Yes
2026-04-11 10:57:42,0.0,1500,500,,500,500,43,,200,,,648,,56.5,0.7200,0.6000,0.6000,1.1000,0.00000000,0.05270022,0.12784680,0.00878337,0.00000000,0.18249890,0.33474400,1.31271000,0.00036630,0.00042735,0.00488400,0.02710620,3.69977600,3.30910500,1.79828900,1.10439400,0.61648290,1.10402800,0.80036550,0.72070740,3.30219400,3.30402600,0.79941320,5.03572000,5.03974000,0.00854700, 2, 255, 7, 24,0x50000,No,No,No,No,No,Yes,No,Yes
2026-04-11 10:57:44,0.0,1500,500,,500,500,44,,200,,,648,,56.0,0.7200,0.6000,0.6000,1.1000,0.00097593,0.05074836,0.12882280,0.00585558,0.00000000,0.18152300,0.33376810,1.32164000,0.00054945,0.00079365,0.00488400,0.02673990,3.69977600,3.30168200,1.80024200,1.10292900,0.61758180,1.10476100,0.79926660,0.72043880,3.30219400,3.30311000,0.79853400,5.03572000,5.03840000,0.00854700, 2, 255, 7, 24,0x50000,No,No,No,No,No,Yes,No,Yes
2026-04-11 10:57:46,0.0,1500,500,,500,500,44,,200,,,648,,57.1,0.7200,0.6000,0.6000,1.1000,0.00097593,0.05074836,0.12784680,0.00878337,0.00000000,0.17957110,0.33474400,1.33057000,0.00054945,0.00054945,0.00433455,0.02735040,3.69977600,3.31188900,1.79926600,1.10292900,0.61465140,1.10292900,0.79999920,0.72043880,3.30219400,3.30311000,0.79794790,5.03572000,5.03840000,0.00854700, 2, 255, 7, 24,0x50000,No,No,No,No,No,Yes,No,Yes
2026-04-11 10:57:48,0.0,1500,500,,500,500,44,,200,,,648,,55.4,0.7200,0.6000,0.6000,1.1000,0.00000000,0.05367615,0.12589500,0.00487965,0.00000000,0.18152300,0.33571990,1.33057000,0.00054945,0.00079365,0.00445665,0.02673990,3.69884800,3.31374500,1.80610300,1.10695900,0.61648290,1.10146400,0.79890030,0.72043880,3.29944700,3.30402600,0.79853400,5.02098000,5.02768000,0.00854700, 2, 255, 7, 24,0x50000,No,No,No,No,No,Yes,No,Yes
2026-04-11 10:57:51,0.0,1500,500,,500,500,44,,200,,,648,,57.1,0.7200,0.6000,0.6000,1.1000,0.04684464,0.05465208,0.12687090,0.00390372,0.00000000,0.19128230,0.33084030,1.32164000,0.00054945,0.00079365,0.00409035,0.02686200,3.69884800,3.29889800,1.80659200,1.10512700,0.61575030,1.10146400,0.79890030,0.72017020,3.30402600,3.30311000,0.79824100,5.03170000,5.03304000,0.00854700, 2, 255, 7, 24,0x50000,No,No,No,No,No,Yes,No,Yes
2026-04-11 10:57:53,0.0,1500,500,,500,500,43,,200,,,648,,56.5,0.7200,0.6000,0.6000,1.1000,0.00097593,0.05172429,0.12979870,0.00683151,0.00000000,0.18054710,0.33474400,1.31271000,0.00054945,0.00067155,0.00445665,0.02735040,3.69977600,3.30632200,1.79926600,1.10695900,0.61575030,1.10109800,0.80036550,0.72043880,3.30219400,3.30311000,0.79912020,5.03036000,5.02098000,0.00854700, 2, 255, 7, 24,0x50000,No,No,No,No,No,Yes,No,Yes
2026-04-11 10:57:55,0.0,1500,500,,500,500,44,,200,,,648,,56.0,0.7200,0.6000,0.6000,1.1000,0.00000000,0.05953173,0.12784680,0.00780744,0.00000000,0.18152300,0.33376810,1.33057000,0.00054945,0.00079365,0.00451770,0.02735040,3.70070400,3.32952100,1.80024200,1.10695900,0.61611660,1.10512700,0.80073180,0.72070740,3.30219400,3.30311000,0.79853400,5.03572000,5.03170000,0.00854700, 2, 255, 7, 24,0x50000,No,No,No,No,No,Yes,No,Yes
2026-04-11 10:57:57,0.0,1500,500,,500,500,43,,200,,,648,,56.0,0.7200,0.6000,0.6000,1.1000,0.00000000,0.05172429,0.12687090,0.00390372,0.00000000,0.17957110,0.33474400,1.33057000,0.00036630,0.00042735,0.00409035,0.02673990,3.70070400,3.30910500,1.79828900,1.10769100,0.61465140,1.10512700,0.79926660,0.72043880,3.30219400,3.30494200,0.79794790,5.03572000,5.03170000,0.00854700, 2, 255, 7, 24,0x50000,No,No,No,No,No,Yes,No,Yes
2026-04-11 10:57:59,0.0,1500,500,,500,500,43,,200,,,648,,56.5,0.7200,0.6000,0.6000,1.1000,0.00000000,0.05074836,0.12589500,0.00683151,0.00000000,0.18054710,0.33376810,1.33057000,0.00036630,0.00042735,0.00488400,0.02673990,3.70070400,3.31096100,1.79828900,1.10769100,0.61684920,1.10073200,0.79963290,0.72043880,3.30219400,3.30494200,0.79794790,5.03572000,5.03706000,0.00854700, 2, 255, 7, 24,0x50000,No,No,No,No,No,Yes,No,Yes
2026-04-11 10:58:01,0.0,1500,500,,500,500,44,,200,,,648,,56.0,0.7200,0.6000,0.6000,1.1000,0.00000000,0.05270022,0.12589500,0.00683151,0.00000000,0.19225820,0.33571990,1.33057000,0.00036630,0.00054945,0.00445665,0.02710620,3.70070400,3.30910500,1.80024200,1.10805800,0.61611660,1.10146400,0.80036550,0.72043880,3.30219400,3.30494200,0.79853400,5.03572000,5.03572000,0.00854700, 2, 255, 7, 24,0x50000,No,No,No,No,No,Yes,No,Yes
2026-04-11 10:58:03,0.0,1500,500,,500,500,44,,200,,,648,,55.4,0.7200,0.6000,0.6000,1.1000,0.00000000,0.04977243,0.12784680,0.00585558,0.00000000,0.18347480,0.33279210,1.32164000,0.00036630,0.00042735,0.00488400,0.02673990,3.69977600,3.31652900,1.79828900,1.10109800,0.61575030,1.10476100,0.80146440,0.72043880,3.30219400,3.30311000,0.79794790,5.02499900,5.03572000,0.00854700, 2, 255, 7, 24,0x50000,No,No,No,No,No,Yes,No,Yes
2026-04-11 10:58:05,0.0,1500,500,,500,500,44,,200,,,648,,56.5,0.7200,0.6000,0.6000,1.1000,0.00097593,0.05953173,0.12491900,0.00878337,0.00000000,0.17957110,0.33376810,1.31271000,0.00054945,0.00079365,0.00494505,0.02735040,3.70070400,3.31096100,1.79828900,1.10732500,0.61648290,1.09999900,0.80146440,0.72017020,3.30311000,3.30402600,0.79970620,5.03170000,5.01294000,0.00854700, 2, 255, 7, 24,0x50000,No,No,No,No,No,Yes,No,Yes
2026-04-11 10:58:08,0.0,1500,500,,500,500,44,,200,,,648,,55.4,0.7200,0.6000,0.6000,1.1000,0.00195186,0.05270022,0.12882280,0.00878337,0.00000000,0.18249890,0.33279210,1.33057000,0.00042735,0.00079365,0.00494505,0.02686200,3.70070400,3.32859200,1.80610300,1.10769100,0.61501770,1.10512700,0.79999920,0.72043880,3.30219400,3.30402600,0.79794790,5.02499900,5.03572000,0.00854700, 2, 255, 7, 24,0x50000,No,No,No,No,No,Yes,No,Yes
2026-04-11 10:58:10,0.0,1500,500,,500,500,44,,200,,,648,,55.4,0.7200,0.6000,0.6000,1.1000,0.00000000,0.05172429,0.12394310,0.00683151,0.00000000,0.18249890,0.33376810,1.32164000,0.00048840,0.00067155,0.00445665,0.02698410,3.69977600,3.29889800,1.80659200,1.10769100,0.61611660,1.10512700,0.79963290,0.72017020,3.30127900,3.30494200,0.79941320,5.03572000,5.02902000,0.00854700, 2, 255, 7, 24,0x50000,No,No,No,No,No,Yes,No,Yes
2026-04-11 10:58:12,0.0,1500,500,,500,500,44,,200,,,648,,56.0,0.7200,0.6000,0.6000,1.1000,0.00097593,0.05074836,0.12687090,0.00780744,0.00000000,0.18054710,0.33181620,1.33057000,0.00054945,0.00091575,0.00384615,0.02710620,3.69884800,3.30910500,1.80610300,1.10109800,0.61575030,1.09999900,0.80036550,0.72017020,3.29944700,3.30494200,0.79941320,5.02098000,5.03170000,0.00854700, 2, 255, 7, 24,0x50000,No,No,No,No,No,Yes,No,Yes
2026-04-11 10:58:14,0.0,1500,500,,500,500,44,,200,,,648,,56.0,0.7200,0.6000,0.6000,1.1000,0.00097593,0.05367615,0.12784680,0.00585558,0.00000000,0.18152300,0.33571990,1.31271000,0.00054945,0.00067155,0.00433455,0.02735040,3.70070400,3.30539300,1.79926600,1.10439400,0.61648290,1.10476100,0.80036550,0.72017020,3.30219400,3.30311000,0.79882700,5.03572000,5.03170000,0.00854700, 2, 255, 7, 24,0x50000,No,No,No,No,No,Yes,No,Yes
2026-04-11 10:58:16,0.0,1500,500,,500,500,44,,200,,,648,,57.1,0.7200,0.6000,0.6000,1.1000,0.00195186,0.05270022,0.12687090,0.00390372,0.00000000,0.18152300,0.33181620,1.31271000,0.00054945,0.00079365,0.00488400,0.02686200,3.69884800,3.31467300,1.79828900,1.10439400,0.61611660,1.10512700,0.79890030,0.72017020,3.30494200,3.30402600,0.79941320,5.03170000,5.03170000,0.00854700, 2, 255, 7, 24,0x50000,No,No,No,No,No,Yes,No,Yes
2026-04-11 10:58:18,0.0,1500,500,,500,500,44,,200,,,648,,57.1,0.7200,0.6000,0.6000,1.1000,0.00097593,0.05270022,0.12784680,0.00585558,0.00000000,0.18152300,0.33279210,1.33057000,0.00054945,0.00079365,0.00463980,0.02698410,3.69884800,3.32580900,1.80610300,1.10805800,0.61575030,1.10512700,0.79999920,0.72017020,3.29944700,3.30402600,0.79853400,5.03170000,5.03170000,0.00854700, 2, 255, 7, 24,0x50000,No,No,No,No,No,Yes,No,Yes
2026-04-11 10:58:20,0.0,1500,500,,500,500,44,,200,,,648,,55.4,0.7200,0.6000,0.6000,1.1000,0.00000000,0.05172429,0.12784680,0.00585558,0.00000000,0.18054710,0.33279210,1.32164000,0.00036630,0.00079365,0.00439560,0.02686200,3.69977600,3.31838500,1.79096300,1.10769100,0.61611660,1.10073200,0.80036550,0.72017020,3.30036300,3.30494200,0.79941320,5.03572000,5.03840000,0.00854700, 2, 255, 7, 24,0x50000,No,No,No,No,No,Yes,No,Yes
2026-04-11 10:58:23,0.0,1500,500,,500,500,44,,200,,,648,,55.4,0.7200,0.6000,0.6000,1.1000,0.00097593,0.05172429,0.12687090,0.00585558,0.00000000,0.17957110,0.33279210,1.32164000,0.00054945,0.00091575,0.00433455,0.02735040,3.70070400,3.31003300,1.79828900,1.10439400,0.61648290,1.10476100,0.80036550,0.72070740,3.29944700,3.30402600,0.79853400,5.03170000,5.02768000,0.00854700, 2, 255, 7, 24,0x50000,No,No,No,No,No,Yes,No,Yes
2026-04-11 10:58:25,0.0,1500,500,,500,500,44,,200,,,648,,57.6,0.7200,0.6000,0.6000,1.1000,0.00097593,0.05367615,0.12589500,0.00390372,0.00000000,0.18249890,0.33474400,1.32164000,0.00054945,0.00042735,0.00384615,0.02686200,3.69884800,3.31096100,1.79828900,1.10439400,0.61831440,1.10476100,0.79890030,0.72043880,3.29944700,3.30494200,0.79941320,5.02634000,5.02634000,0.00854700, 2, 255, 7, 24,0x50000,No,No,No,No,No,Yes,No,Yes
2026-04-11 10:58:27,0.0,1500,500,,500,500,44,,200,,,648,,56.5,0.7200,0.6000,0.6000,1.1000,0.00000000,0.05172429,0.12687090,0.00683151,0.00000000,0.18152300,0.33376810,1.32164000,0.00042735,0.00054945,0.00439560,0.02722830,3.69977600,3.30632200,1.79926600,1.10219700,0.61721550,1.10512700,0.79999920,0.72043880,3.30219400,3.30311000,0.79941320,5.02768000,5.03572000,0.00854700, 2, 255, 7, 24,0x50000,No,No,No,No,No,Yes,No,Yes
2026-04-11 10:58:29,0.0,1500,500,,500,500,44,,200,,,648,,55.4,0.7200,0.6000,0.6000,1.1000,0.00195186,0.05172429,0.12882280,0.00390372,0.00000000,0.18152300,0.33181620,1.33057000,0.00042735,0.00079365,0.00457875,0.02735040,3.69884800,3.35550300,1.80610300,1.10292900,0.61758180,1.10329600,0.79999920,0.72043880,3.29944700,3.30402600,0.79882700,5.03572000,5.03706000,0.00854700, 2, 255, 7, 24,0x50000,No,No,No,No,No,Yes,No,Yes
2026-04-11 10:58:31,0.0,1500,500,,500,500,44,,200,,,648,,56.5,0.7200,0.6000,0.6000,1.1000,0.00000000,0.05270022,0.12784680,0.00780744,0.00000000,0.17957110,0.33669580,1.32164000,0.00054945,0.00079365,0.00488400,0.02710620,3.69884800,3.30632200,1.80659200,1.10769100,0.61648290,1.10146400,0.79890030,0.72043880,3.30127900,3.30402600,0.79882700,5.03170000,5.03170000,0.00854700, 2, 255, 7, 24,0x50000,No,No,No,No,No,Yes,No,Yes
2026-04-11 10:58:33,0.0,1500,500,,500,500,44,,200,,,648,,54.9,0.7200,0.6000,0.6000,1.1000,0.00097593,0.05757987,0.12784680,0.00780744,0.00000000,0.18445080,0.33571990,1.32164000,0.00054945,0.00085470,0.00445665,0.02673990,3.69977600,3.31467300,1.80024200,1.10292900,0.61904700,1.10219700,0.79890030,0.72070740,3.29944700,3.30494200,0.79941320,5.03304000,5.02098000,0.00854700, 2, 255, 7, 24,0x50000,No,No,No,No,No,Yes,No,Yes
2026-04-11 10:58:36,0.0,1500,500,,500,500,44,,200,,,648,,56.5,0.7200,0.6000,0.6000,1.1000,0.00195186,0.05367615,0.12687090,0.00975930,0.00000000,0.18249890,0.33571990,1.33057000,0.00054945,0.00085470,0.00494505,0.02698410,3.69977600,3.31096100,1.79828900,1.10769100,0.61648290,1.10476100,0.79963290,0.72043880,3.30311000,3.30494200,0.79970620,5.03572000,5.02098000,0.00854700, 2, 255, 7, 24,0x50000,No,No,No,No,No,Yes,No,Yes
2026-04-11 10:58:38,0.0,1500,500,,500,500,44,,200,,,648,,55.4,0.7200,0.6000,0.6000,1.1000,0.00097593,0.05270022,0.12687090,0.00487965,0.00000000,0.17957110,0.33474400,1.31271000,0.00054945,0.00091575,0.00488400,0.02673990,3.70070400,3.32580900,1.80024200,1.10146400,0.61611660,1.10292900,0.80073180,0.72043880,3.30311000,3.30494200,0.79941320,5.03572000,5.02634000,0.00854700, 2, 255, 7, 24,0x50000,No,No,No,No,No,Yes,No,Yes
2026-04-11 10:58:40,0.0,1500,500,,500,500,43,,200,,,648,,56.5,0.7200,0.6000,0.6000,1.1000,0.00000000,0.05270022,0.12589500,0.00780744,0.00000000,0.18054710,0.33376810,1.33057000,0.00054945,0.00079365,0.00433455,0.02649570,3.69792000,3.32580900,1.79828900,1.10769100,0.61721550,1.10402800,0.79963290,0.72043880,3.30311000,3.30402600,0.79853400,5.03170000,5.03170000,0.00854700, 2, 255, 7, 24,0x50000,No,No,No,No,No,Yes,No,Yes
2026-04-11 10:58:42,0.0,1500,500,,500,500,44,,200,,,648,,56.5,0.7200,0.6000,0.6000,1.1000,0.00000000,0.05367615,0.12687090,0.00780744,0.00000000,0.18054710,0.33376810,1.32164000,0.00036630,0.00067155,0.00451770,0.02698410,3.69977600,3.30910500,1.78852100,1.10695900,0.61721550,1.10329600,0.79999920,0.72097620,3.30219400,3.30311000,0.79941320,5.02768000,5.02768000,0.00940170, 2, 255, 7, 24,0x50000,No,No,No,No,No,Yes,No,Yes
2026-04-11 10:58:44,0.0,1500,500,,500,500,44,,200,,,648,,56.5,0.7200,0.6000,0.6000,1.1000,0.00000000,0.04977243,0.12687090,0.00585558,0.00000000,0.18152300,0.33669580,1.33057000,0.00036630,0.00067155,0.00439560,0.02686200,3.69977600,3.30910500,1.79926600,1.11062200,0.61501770,1.10146400,0.79999920,0.72097620,3.30036300,3.30311000,0.79882700,5.01562000,5.03572000,0.00854700, 2, 255, 7, 24,0x50000,No,No,No,No,No,Yes,No,Yes
2026-04-11 10:58:46,0.0,1500,500,,500,500,44,,200,,,648,,57.6,0.7200,0.6000,0.6000,1.1000,0.00097593,0.05465208,0.12784680,0.00487965,0.00000000,0.18152300,0.33571990,1.33057000,0.00048840,0.00079365,0.00445665,0.02661780,3.69977600,3.31003300,1.79828900,1.10512700,0.61611660,1.09999900,0.79890030,0.72070740,3.30219400,3.30494200,0.79882700,5.03572000,5.03840000,0.00854700, 2, 255, 7, 24,0x50000,No,No,No,No,No,Yes,No,Yes
2026-04-11 10:58:48,0.0,1500,500,,500,500,44,,200,,,648,,54.9,0.7200,0.6000,0.6000,1.1000,0.00195186,0.05270022,0.12882280,0.00585558,0.00000000,0.18249890,0.33474400,1.31271000,0.00054945,0.00079365,0.00445665,0.02673990,3.70070400,3.30910500,1.80024200,1.10402800,0.61391880,1.10146400,0.80146440,0.72017020,3.30311000,3.30494200,0.79941320,5.02499900,5.03840000,0.00854700, 2, 255, 7, 24,0x50000,No,No,No,No,No,Yes,No,Yes
2026-04-11 10:58:50,0.0,1500,500,,500,500,44,,200,,,648,,55.4,0.7200,0.6000,0.6000,1.1000,0.00000000,0.05172429,0.12882280,0.00487965,0.00000000,0.18152300,0.33376810,1.33057000,0.00054945,0.00079365,0.00433455,0.02661780,3.70256000,3.31096100,1.79828900,1.10915600,0.61428510,1.10476100,0.79963290,0.72017020,3.30311000,3.30402600,0.79853400,5.03170000,5.03840000,0.00940170, 2, 255, 7, 24,0x50000,No,No,No,No,No,Yes,No,Yes
2026-04-11 10:58:53,0.0,1500,500,,500,500,44,,200,,,648,,57.1,0.7200,0.6000,0.6000,1.1000,0.00097593,0.09076149,0.15810070,0.00878337,0.00000000,0.19518600,0.33279210,1.31271000,0.00036630,0.00079365,0.00500610,0.02673990,3.69884800,3.29889800,1.80024200,1.10292900,0.61465140,1.10402800,0.79890030,0.72017020,3.29944700,3.30402600,0.79941320,5.01696000,5.01964000,0.00940170, 2, 255, 7, 24,0x50000,No,No,No,No,No,Yes,No,Yes
2026-04-11 10:58:55,0.0,1500,500,,500,500,44,,200,,,648,,56.0,0.7200,0.6000,0.6000,1.1000,0.04782057,0.05367615,0.12687090,0.00487965,0.00000000,0.18249890,0.33571990,1.33057000,0.00054945,0.00067155,0.00494505,0.02673990,3.69977600,3.32952100,1.80024200,1.10695900,0.61355250,1.10512700,0.79926660,0.72043880,3.30311000,3.30494200,0.79912020,5.03572000,5.03170000,0.00854700, 2, 255, 7, 24,0x50000,No,No,No,No,No,Yes,No,Yes
2026-04-11 10:58:57,0.0,1500,500,,500,500,44,,200,,,648,,55.4,0.7200,0.6000,0.6000,1.1000,0.00000000,0.05367615,0.12784680,0.00292779,0.00000000,0.18152300,0.33376810,1.32164000,0.00054945,0.00091575,0.00409035,0.02686200,3.69977600,3.30632200,1.80659200,1.10695900,0.61501770,1.10476100,0.79926660,0.72017020,3.30311000,3.30402600,0.79941320,5.02098000,5.03438000,0.00854700, 2, 255, 7, 24,0x50000,No,No,No,No,No,Yes,No,Yes
2026-04-11 10:58:59,0.0,1500,500,,500,500,44,,200,,,648,,54.9,0.7200,0.6000,0.6000,1.1000,0.00097593,0.05367615,0.12687090,0.00487965,0.00000000,0.17859520,0.33571990,1.32164000,0.00036630,0.00067155,0.00445665,0.02673990,3.69977600,3.30539300,1.78852100,1.10512700,0.61428510,1.10512700,0.79999920,0.71963300,3.30219400,3.30311000,0.79882700,5.03304000,5.03572000,0.00854700, 2, 255, 7, 24,0x50000,No,No,No,No,No,Yes,No,Yes
2026-04-11 10:59:01,0.0,1500,500,,500,500,44,,200,,,648,,57.1,0.7200,0.6000,0.6000,1.1000,0.00000000,0.05172429,0.12394310,0.00878337,0.00000000,0.18249890,0.33279210,1.32164000,0.00048840,0.00079365,0.00433455,0.02686200,3.69884800,3.31467300,1.80610300,1.10146400,0.61501770,1.09999900,0.80036550,0.72043880,3.30219400,3.30494200,0.79941320,5.03572000,5.03840000,0.00854700, 2, 255, 7, 24,0x50000,No,No,No,No,No,Yes,No,Yes
2026-04-11 10:59:03,0.0,1500,500,,500,500,44,,200,,,648,,56.5,0.7200,0.6000,0.6000,1.1000,0.00097593,0.05172429,0.12784680,0.00487965,0.00000000,0.18054710,0.33181620,1.32164000,0.00036630,0.00067155,0.00433455,0.02735040,3.69977600,3.30910500,1.78852100,1.10695900,0.61135470,1.10402800,0.79999920,0.72097620,3.30036300,3.30311000,0.79882700,5.02902000,5.03438000,0.00854700, 2, 255, 7, 24,0x50000,No,No,No,No,No,Yes,No,Yes
2026-04-11 10:59:05,0.0,1500,500,,500,500,44,,200,,,648,,55.4,0.7200,0.6000,0.6000,1.1000,0.00195186,0.04977243,0.12687090,0.00780744,0.00000000,0.18054710,0.33084030,1.32164000,0.00036630,0.00079365,0.00488400,0.02649570,3.69792000,3.31003300,1.80024200,1.10146400,0.61318620,1.10402800,0.79963290,0.72043880,3.29944700,3.30311000,0.79794790,5.02499900,5.03706000,0.00854700, 2, 255, 7, 24,0x50000,No,No,No,No,No,Yes,No,Yes
2026-04-11 10:59:08,0.0,1500,500,,500,500,44,,200,,,648,,56.0,0.7200,0.6000,0.6000,1.1000,0.04782057,0.05172429,0.12589500,0.00683151,0.00000000,0.19323410,0.33376810,1.32164000,0.00054945,0.00067155,0.00409035,0.02698410,3.69977600,3.30168200,1.80024200,1.10292900,0.61501770,1.10146400,0.79963290,0.72017020,3.29944700,3.30494200,0.79853400,5.01696000,5.02232000,0.00854700, 2, 255, 7, 24,0x50000,No,No,No,No,No,Yes,No,Yes
2026-04-11 10:59:10,0.0,1500,500,,500,500,44,,200,,,648,,56.5,0.7200,0.6000,0.6000,1.1000,0.00000000,0.05074836,0.12687090,0.00780744,0.00000000,0.18054710,0.33376810,1.32164000,0.00054945,0.00091575,0.00421245,0.02698410,3.69884800,3.31560100,1.80610300,1.10695900,0.61648290,1.10146400,0.79963290,0.71990160,3.30402600,3.30402600,0.79824100,5.02902000,5.03170000,0.00854700, 2, 255, 7, 24,0x50000,No,No,No,No,No,Yes,No,Yes
2026-04-11 10:59:12,0.0,1500,500,,500,500,44,,200,,,648,,55.4,0.7200,0.6000,0.6000,1.1000,0.00097593,0.06148359,0.12589500,0.00487965,0.00000000,0.18152300,0.33571990,1.32164000,0.00036630,0.00079365,0.00409035,0.02735040,3.70070400,3.30910500,1.80024200,1.10586000,0.61501770,1.10476100,0.79890030,0.72097620,3.30219400,3.30311000,0.79882700,5.01562000,5.01562000,0.00940170, 2, 255, 7, 24,0x50000,No,No,No,No,No,Yes,No,Yes
2026-04-11 10:59:14,0.0,1500,500,,500,500,44,,200,,,648,,55.4,0.7200,0.6000,0.6000,1.1000,0.00097593,0.05172429,0.12199130,0.00780744,0.00000000,0.18152300,0.33376810,1.32164000,0.00036630,0.00079365,0.00427350,0.02722830,3.70070400,3.31838500,1.79096300,1.10805800,0.61758180,1.10402800,0.79999920,0.72017020,3.30127900,3.30494200,0.79941320,5.02634000,5.03840000,0.00940170, 2, 255, 7, 24,0x50000,No,No,No,No,No,Yes,No,Yes
2026-04-11 10:59:16,0.0,1500,500,,500,500,43,,200,,,648,,55.4,0.7200,0.6000,0.6000,1.1000,0.00097593,0.05660394,0.12687090,0.00975930,0.00000000,0.18054710,0.33571990,1.32164000,0.00054945,0.00042735,0.00409035,0.02686200,3.69884800,3.30632200,1.79828900,1.10586000,0.61648290,1.10476100,0.79999920,0.72017020,3.30402600,3.30402600,0.79824100,5.03170000,5.03170000,0.00854700, 2, 255, 7, 24,0x50000,No,No,No,No,No,Yes,No,Yes
2026-04-11 10:59:18,0.0,1500,500,,500,500,44,,200,,,648,,56.0,0.7200,0.6000,0.6000,1.1000,0.00097593,0.05172429,0.12687090,0.00683151,0.00000000,0.18152300,0.33474400,1.33057000,0.00054945,0.00091575,0.00409035,0.02686200,3.70070400,3.30724900,1.80024200,1.10769100,0.61611660,1.10219700,0.80036550,0.72043880,3.29944700,3.30494200,0.79941320,5.03572000,5.03840000,0.00854700, 2, 255, 7, 24,0x50000,No,No,No,No,No,Yes,No,Yes
2026-04-11 10:59:20,0.0,1500,500,,500,500,44,,200,,,648,,55.4,0.7200,0.6000,0.6000,1.1000,0.29180310,0.04977243,0.12589500,0.00780744,0.00000000,0.18152300,0.33669580,1.33057000,0.00054945,0.00067155,0.00427350,0.02661780,3.69977600,3.31652900,1.79926600,1.10219700,0.61684920,1.10292900,0.79890030,0.72043880,3.30219400,3.30311000,0.79941320,5.02499900,5.03170000,0.00854700, 2, 255, 7, 24,0x50000,No,No,No,No,No,Yes,No,Yes
2026-04-11 10:59:23,0.0,1500,500,,500,500,44,,200,,,648,,56.5,0.7200,0.6000,0.6000,1.1000,0.00097593,0.05172429,0.12687090,0.00683151,0.00000000,0.18054710,0.33571990,1.33057000,0.00054945,0.00067155,0.00409035,0.02673990,3.69884800,3.31096100,1.80024200,1.10805800,0.61648290,1.10512700,0.79963290,0.72017020,3.30036300,3.30494200,0.79941320,5.02634000,5.03840000,0.00854700, 2, 255, 7, 24,0x50000,No,No,No,No,No,Yes,No,Yes
2026-04-11 10:59:25,0.0,1500,500,,500,500,44,,200,,,648,,57.6,0.7200,0.6000,0.6000,1.1000,0.00097593,0.04977243,0.12979870,0.00780744,0.00000000,0.18249890,0.33376810,1.32164000,0.00042735,0.00054945,0.00488400,0.02673990,3.69977600,3.30724900,1.79926600,1.10549400,0.61684920,1.10476100,0.80073180,0.72043880,3.30219400,3.30311000,0.79912020,5.03304000,5.03572000,0.00854700, 2, 255, 7, 24,0x50000,No,No,No,No,No,Yes,No,Yes
2026-04-11 10:59:27,0.0,1500,500,,500,500,44,,200,,,648,,55.4,0.7200,0.6000,0.6000,1.1000,0.05270022,0.04879650,0.12687090,0.00780744,0.00000000,0.18933040,0.33571990,1.31271000,0.00054945,0.00091575,0.00427350,0.02686200,3.70070400,3.30910500,1.80024200,1.10219700,0.61611660,1.10512700,0.79926660,0.72043880,3.30036300,3.30402600,0.79941320,5.02634000,5.03840000,0.00854700, 2, 255, 7, 24,0x50000,No,No,No,No,No,Yes,No,Yes
2026-04-11 10:59:29,0.0,1500,500,,500,500,44,,200,,,648,,55.4,0.7200,0.6000,0.6000,1.1000,0.00000000,0.05367615,0.12394310,0.00585558,0.00000000,0.18054710,0.33571990,1.32164000,0.00054945,0.00054945,0.00445665,0.02673990,3.69977600,3.31003300,1.79926600,1.10769100,0.61611660,1.10402800,0.79963290,0.72017020,3.30219400,3.30311000,0.79912020,5.02768000,5.02634000,0.00854700, 2, 255, 7, 24,0x50000,No,No,No,No,No,Yes,No,Yes
2026-04-11 10:59:31,0.0,1500,500,,500,500,44,,200,,,648,,54.9,0.7200,0.6000,0.6000,1.1000,0.00000000,0.05757987,0.12589500,0.00487965,0.00000000,0.18054710,0.33279210,1.31271000,0.00054945,0.00091575,0.00445665,0.02686200,3.69884800,3.31467300,1.80610300,1.10439400,0.61575030,1.10146400,0.80036550,0.72043880,3.30402600,3.30311000,0.79853400,5.03840000,5.03170000,0.00854700, 2, 255, 7, 24,0x50000,No,No,No,No,No,Yes,No,Yes
2026-04-11 10:59:33,0.0,1500,500,,500,500,43,,200,,,648,,55.4,0.7200,0.6000,0.6000,1.1000,0.04684464,0.05172429,0.12979870,0.00683151,0.00000000,0.18152300,0.33669580,1.31271000,0.00042735,0.00054945,0.00439560,0.02698410,3.70070400,3.29982600,1.79926600,1.10366200,0.61575030,1.10402800,0.79926660,0.72097620,3.30219400,3.30585700,0.79882700,5.03304000,5.03572000,0.00854700, 2, 255, 7, 24,0x50000,No,No,No,No,No,Yes,No,Yes
2026-04-11 10:59:35,0.0,1500,500,,500,500,44,,200,,,648,,54.9,0.7200,0.6000,0.6000,1.1000,0.00000000,0.05270022,0.12784680,0.00390372,0.00000000,0.18152300,0.33376810,1.31271000,0.00036630,0.00042735,0.00439560,0.02625150,3.69977600,3.30168200,1.79828900,1.10439400,0.61648290,1.10476100,0.79926660,0.72043880,3.29944700,3.30494200,0.79794790,5.02499900,5.03706000,0.00854700, 2, 255, 7, 24,0x50000,No,No,No,No,No,Yes,No,Yes
