timestamp,cpu_percent,arm_mhz,core_mhz,h264_mhz,isp_mhz,v3d_mhz,uart_mhz,pwm_mhz,emmc_mhz,pixel_mhz,vec_mhz,hdmi_mhz,dpi_mhz,arm_temp,core_volt,sdram_c_volt,sdram_i_volt,sdram_p_volt,3V7_WL_SW_A,3V3_SYS_A,1V8_SYS_A,DDR_VDD2_A,DDR_VDDQ_A,1V1_SYS_A,0V8_SW_A,VDD_CORE_A,3V3_DAC_A,3V3_ADC_A,0V8_AON_A,HDMI_A,3V7_WL_SW_V,3V3_SYS_V,1V8_SYS_V,DDR_VDD2_V,DDR_VDDQ_V,1V1_SYS_V,0V8_SW_V,VDD_CORE_V,3V3_DAC_V,3V3_ADC_V,0V8_AON_V,HDMI_V,EXT5V_V,BATT_V,readmr_4,readmr_5,readmr_6,readmr_8,throttle_hex,UV,ArmFreqCap,CurThrottle,SoftTempLimit,UV_occured,ArmFreqCap_occured,Throttle_occured,SoftTempLimit_occured
2026-04-13 10:50:33,1.0,2400,910,,910,960,44,,200,,,648,,56.0,0.8600,0.6000,0.6000,1.1000,0.00000000,0.06343545,0.13370240,0.00683151,0.00000000,0.20494530,0.34157550,1.41094000,0.00000000,0.00000000,0.00518925,0.01428570,3.79999600,3.30724900,1.81684800,1.10732500,0.61318620,1.10769100,0.79963290,0.86038990,3.31043600,3.31043600,0.79970620,5.01026000,5.03840000,0.00000000, 2, 255, 7, 24,0xf0000,No,No,No,No,Yes,Yes,Yes,Yes
2026-04-13 10:50:35,0.0,2400,910,,910,960,44,,200,,,648,,56.0,0.8600,0.6000,0.6000,1.1000,0.00000000,0.06148359,0.13467840,0.00683151,0.00000000,0.20299340,0.33864770,1.40201000,0.00000000,0.00000000,0.00482295,0.01416360,3.79999600,3.31467300,1.79682400,1.10439400,0.61172100,1.10402800,0.80036550,0.86038990,3.30952000,3.31135200,0.79970620,5.01428000,5.01562000,0.00000000, 2, 255, 7, 24,0xf0000,No,No,No,No,Yes,Yes,Yes,Yes
2026-04-13 10:50:37,0.0,1500,500,,500,500,44,,200,,,648,,56.0,0.7200,0.6000,0.6000,1.1000,0.00000000,0.05953173,0.12784680,0.00780744,0.00000000,0.20494530,0.34255140,0.88407000,0.00000000,0.00000000,0.00500610,0.01440780,3.79999600,3.30168200,1.80024200,1.11208700,0.61281990,1.10586000,0.79963290,0.72070740,3.31135200,3.31318300,0.79912020,5.08932000,5.09066000,0.00000000, 2, 255, 7, 24,0xf0000,No,No,No,No,Yes,Yes,Yes,Yes
2026-04-13 10:50:39,0.0,1500,500,,500,500,44,,200,,,648,,56.0,0.7200,0.6000,0.6000,1.1000,0.00000000,0.05953173,0.12589500,0.00683151,0.00000000,0.20299340,0.33767180,0.89299990,0.00000000,0.00048840,0.00518925,0.01428570,3.79999600,3.32302500,1.79926600,1.10732500,0.61245360,1.10549400,0.79963290,0.72043880,3.31135200,3.31318300,0.79912020,5.05448000,5.06788000,0.00000000, 2, 255, 7, 24,0xf0000,No,No,No,No,Yes,Yes,Yes,Yes
2026-04-13 10:50:41,0.0,1500,500,,500,500,44,,200,,,648,,56.0,0.7200,0.6000,0.6000,1.1000,0.00000000,0.10149670,0.16102850,0.00585558,0.00000000,0.20494530,0.34157550,0.88407000,0.00000000,0.00000000,0.00500610,0.01428570,3.79999600,3.29889800,1.80024200,1.10879000,0.60366240,1.10549400,0.80036550,0.72017020,3.30677300,3.30952000,0.79970620,5.03840000,5.04912000,0.00000000, 2, 255, 7, 24,0xf0000,No,No,No,No,Yes,Yes,Yes,Yes
2026-04-13 10:50:44,2.5,2400,910,,910,960,44,,200,,,648,,56.5,0.8600,0.6000,0.6000,1.1000,0.00000000,0.06441138,0.13467840,0.00292779,0.00000000,0.20494530,0.33669580,1.38415000,0.00000000,0.00000000,0.00518925,0.01428570,3.79999600,3.32116900,1.80659200,1.10769100,0.61245360,1.10549400,0.80146440,0.86065850,3.30860500,3.31135200,0.79912020,5.07592000,5.07190000,0.00000000, 2, 255, 7, 24,0xf0000,No,No,No,No,Yes,Yes,Yes,Yes
2026-04-13 10:50:46,0.0,2400,910,,910,960,44,,200,,,648,,57.1,0.8600,0.6000,0.6000,1.1000,0.00000000,0.06245952,0.13370240,0.00487965,0.00000000,0.20299340,0.34059960,1.41987000,0.00000000,0.00000000,0.00476190,0.01391940,3.79999600,3.31652900,1.81684800,1.10695900,0.61172100,1.10769100,0.80219700,0.86065850,3.30860500,3.31135200,0.79882700,5.00758000,5.02902000,0.00000000, 2, 255, 7, 24,0xf0000,No,No,No,No,Yes,Yes,Yes,Yes
2026-04-13 10:50:48,0.0,1500,500,,500,500,44,,200,,,648,,57.1,0.7200,0.6000,0.6000,1.1000,0.00000000,0.05953173,0.12687090,0.00390372,0.00000000,0.20494530,0.33962360,0.88407000,0.00000000,0.00048840,0.00500610,0.01465200,3.79999600,3.31374500,1.80024200,1.10879000,0.61355250,1.10586000,0.80292960,0.72070740,3.30952000,3.31226800,0.79912020,5.04376000,5.05850000,0.00000000, 2, 255, 7, 24,0xf0000,No,No,No,No,Yes,Yes,Yes,Yes
2026-04-13 10:50:50,0.0,1500,500,,500,500,44,,200,,,648,,57.1,0.7200,0.6000,0.6000,1.1000,0.00000000,0.06050766,0.12491900,0.01171116,0.00000000,0.20592120,0.34157550,0.90193000,0.00000000,0.00048840,0.00482295,0.01428570,3.79999600,3.32580900,1.80024200,1.10292900,0.61208730,1.10549400,0.80402850,0.72017020,3.31043600,3.31135200,0.79970620,5.08932000,5.09200000,0.00000000, 2, 255, 7, 24,0xf0000,No,No,No,No,Yes,Yes,Yes,Yes
2026-04-13 10:50:52,0.0,1500,500,,500,500,44,,200,,,648,,56.0,0.7200,0.6000,0.6000,1.1000,0.00000000,0.06148359,0.12491900,0.00292779,0.00000000,0.20494530,0.34157550,0.86621010,0.00000000,0.00048840,0.00518925,0.01428570,3.79999600,3.30817700,1.80024200,1.10805800,0.61318620,1.10622600,0.80366220,0.72097620,3.31043600,3.31043600,0.79970620,5.04778000,5.05850000,0.00000000, 2, 255, 7, 24,0xf0000,No,No,No,No,Yes,Yes,Yes,Yes
2026-04-13 10:50:54,0.0,1500,500,,500,500,44,,200,,,648,,56.0,0.7200,0.6000,0.6000,1.1000,0.00000000,0.06929103,0.12882280,0.00487965,0.00000000,0.20494530,0.33864770,0.87514000,0.00000000,0.00048840,0.00518925,0.01465200,3.79999600,3.31931300,1.80024200,1.11025500,0.60879060,1.10146400,0.80879040,0.72017020,3.31043600,3.31226800,0.79999920,5.05448000,5.05850000,0.00000000, 2, 255, 7, 24,0xf0000,No,No,No,No,Yes,Yes,Yes,Yes
2026-04-13 10:50:56,0.0,1500,500,,500,500,44,,200,,,648,,54.9,0.7200,0.6000,0.6000,1.1000,0.00000000,0.05855580,0.12687090,0.00487965,0.00000000,0.20689720,0.34059960,0.88407000,0.00000000,0.00000000,0.00512820,0.01428570,3.79999600,3.30260900,1.80024200,1.11208700,0.61318620,1.10146400,0.80329590,0.72070740,3.30952000,3.31226800,0.79999920,5.08396000,5.07458000,0.00000000, 2, 255, 7, 24,0xf0000,No,No,No,No,Yes,Yes,Yes,Yes
2026-04-13 10:50:58,0.0,1500,500,,500,500,44,,200,,,648,,54.9,0.7200,0.6000,0.6000,1.1000,0.00000000,0.05953173,0.12784680,0.00975930,0.00000000,0.21958430,0.33962360,0.87514000,0.00000000,0.00048840,0.00586080,0.01416360,3.79999600,3.31003300,1.80024200,1.10439400,0.61245360,1.10549400,0.79963290,0.72070740,3.30952000,3.31226800,0.79912020,5.07994000,5.08932000,0.00000000, 2, 255, 7, 24,0xf0000,No,No,No,No,Yes,Yes,Yes,Yes
2026-04-13 10:51:01,1.0,1500,500,,500,500,44,,200,,,648,,55.4,0.7200,0.6000,0.6000,1.1000,0.00000000,0.05953173,0.12882280,0.00292779,0.00000000,0.20299340,0.33864770,0.88407000,0.00000000,0.00048840,0.00592185,0.01391940,3.79999600,3.30910500,1.80024200,1.10769100,0.61355250,1.10769100,0.79963290,0.72070740,3.31043600,3.31226800,0.79999920,5.04778000,5.05314000,0.00000000, 2, 255, 7, 24,0xf0000,No,No,No,No,Yes,Yes,Yes,Yes
2026-04-13 10:51:03,0.5,1500,500,,500,500,44,,200,,,648,,54.9,0.7200,0.6000,0.6000,1.1000,0.04879650,0.05953173,0.12882280,0.00683151,0.00000000,0.20592120,0.33669580,0.88407000,0.00000000,0.00000000,0.00494505,0.01391940,3.64595500,3.30353800,1.80024200,1.11062200,0.61098840,1.10659200,0.79963290,0.72043880,3.30952000,3.31135200,0.79912020,5.07860000,5.05180000,0.00000000, 2, 255, 7, 24,0xf0000,No,No,No,No,Yes,Yes,Yes,Yes
2026-04-13 10:51:05,0.0,1500,500,,500,500,44,,200,,,648,,56.0,0.7200,0.6000,0.6000,1.1000,0.05953173,0.06050766,0.12687090,0.00683151,0.00000000,0.21470460,0.33767180,0.88407000,0.00000000,0.00048840,0.00543345,0.01465200,3.70998400,3.32116900,1.80024200,1.11208700,0.61172100,1.10769100,0.80292960,0.72043880,3.30952000,3.31226800,0.79941320,5.08932000,5.08530000,0.00000000, 2, 255, 7, 24,0xf0000,No,No,No,No,Yes,Yes,Yes,Yes
2026-04-13 10:51:07,0.0,1500,500,,500,500,44,,200,,,648,,54.9,0.7200,0.6000,0.6000,1.1000,0.05953173,0.06929103,0.12589500,0.00683151,0.00000000,0.20396940,0.33962360,0.87514000,0.00000000,0.00000000,0.00451770,0.01452990,3.72668700,3.30817700,1.80610300,1.10805800,0.61208730,1.10805800,0.80292960,0.72017020,3.30768900,3.31135200,0.79941320,5.05314000,5.02768000,0.00000000, 2, 255, 7, 24,0xf0000,No,No,No,No,Yes,Yes,Yes,Yes
2026-04-13 10:51:09,0.5,1500,500,,500,500,44,,200,,,648,,55.4,0.7200,0.6000,0.6000,1.1000,0.00000000,0.06441138,0.12687090,0.00390372,0.00000000,0.20592120,0.34059960,0.86621010,0.00000000,0.00000000,0.00531135,0.01416360,3.79999600,3.30910500,1.79926600,1.10915600,0.61245360,1.09999900,0.80292960,0.72151340,3.31043600,3.31043600,0.79941320,5.05984000,5.05984000,0.00000000, 2, 255, 7, 24,0xf0000,No,No,No,No,Yes,Yes,Yes,Yes
2026-04-13 10:51:11,0.0,1500,500,,500,500,44,,200,,,648,,55.4,0.7200,0.6000,0.6000,1.1000,0.00000000,0.05953173,0.12784680,0.00390372,0.00000000,0.20592120,0.33962360,0.86621010,0.00000000,0.00000000,0.00586080,0.01428570,3.79999600,3.31003300,1.80610300,1.10439400,0.61208730,1.10549400,0.79999920,0.72017020,3.30952000,3.31135200,0.79912020,5.09602000,5.09870000,0.00000000, 2, 255, 7, 24,0xf0000,No,No,No,No,Yes,Yes,Yes,Yes
2026-04-13 10:51:13,1.7,2400,910,,910,960,44,,200,,,648,,56.0,0.8600,0.6000,0.6000,1.1000,0.00000000,0.05953173,0.13272650,0.00390372,0.00000000,0.20299340,0.34352740,1.37522000,0.00000000,0.00048840,0.00592185,0.01465200,3.79999600,3.31467300,1.80024200,1.10732500,0.61245360,1.10109800,0.80292960,0.86119580,3.30952000,3.31135200,0.79912020,5.03572000,5.05984000,0.00000000, 2, 255, 7, 24,0xf0000,No,No,No,No,Yes,Yes,Yes,Yes
2026-04-13 10:51:16,0.0,2400,910,,910,960,44,,200,,,648,,56.5,0.8600,0.6000,0.6000,1.1000,0.00000000,0.05953173,0.13370240,0.00292779,0.00000000,0.20592120,0.34059960,1.41094000,0.00000000,0.00006105,0.00518925,0.01391940,3.79999600,3.31467300,1.81684800,1.10879000,0.61281990,1.10769100,0.80109810,0.86092710,3.30860500,3.31135200,0.79941320,5.01696000,5.03706000,0.00000000, 2, 255, 7, 24,0xf0000,No,No,No,No,Yes,Yes,Yes,Yes
2026-04-13 10:51:18,0.0,2400,910,,910,960,43,,200,,,648,,56.5,0.8600,0.6000,0.6000,1.1000,0.00000000,0.11613570,0.13565430,0.01171116,0.00000000,0.20396940,0.33962360,1.40201000,0.00000000,0.00048840,0.00518925,0.01440780,3.79999600,3.32952100,1.80024200,1.10732500,0.61391880,1.10146400,0.79963290,0.86119580,3.31135200,3.31318300,0.79912020,5.06788000,5.06520000,0.00000000, 2, 255, 7, 24,0xf0000,No,No,No,No,Yes,Yes,Yes,Yes
2026-04-13 10:51:20,0.0,1500,500,,500,500,44,,200,,,648,,55.4,0.7200,0.6000,0.6000,1.1000,0.00000000,0.06733918,0.12687090,0.00975930,0.00000000,0.20396940,0.33864770,0.90193000,0.00000000,0.00048840,0.00592185,0.01428570,3.79999600,3.32952100,1.80024200,1.10512700,0.61208730,1.10586000,0.80219700,0.72043880,3.30952000,3.31226800,0.80175740,5.00088000,5.06520000,0.00000000, 2, 255, 7, 24,0xf0000,No,No,No,No,Yes,Yes,Yes,Yes
2026-04-13 10:51:22,0.0,1500,500,,500,500,44,,200,,,648,,55.4,0.7200,0.6000,0.6000,1.1000,0.00000000,0.05953173,0.12589500,0.00683151,0.00000000,0.20299340,0.33864770,0.88407000,0.00000000,0.00000000,0.00518925,0.01428570,3.79999600,3.32766400,1.80024200,1.10879000,0.61318620,1.10805800,0.79999920,0.72017020,3.30768900,3.31226800,0.79970620,5.04644000,5.06386000,0.00000000, 2, 255, 7, 24,0xf0000,No,No,No,No,Yes,Yes,Yes,Yes
2026-04-13 10:51:24,1.7,2400,910,,910,960,44,,200,,,648,,56.0,0.8600,0.6000,0.6000,1.1000,0.00000000,0.06050766,0.13467840,0.00780744,0.00000000,0.20396940,0.33767180,1.41987000,0.00000000,0.00000000,0.00518925,0.01465200,3.79999600,3.31003300,1.80610300,1.11208700,0.61098840,1.10549400,0.80219700,0.86038990,3.31043600,3.31043600,0.79941320,5.06922000,5.07190000,0.00000000, 2, 255, 7, 24,0xf0000,No,No,No,No,Yes,Yes,Yes,Yes
2026-04-13 10:51:26,0.0,2400,910,,910,960,44,,200,,,648,,56.5,0.8600,0.6000,0.6000,1.1000,0.00000000,0.05953173,0.13370240,0.00683151,0.00000000,0.20299340,0.33962360,1.41094000,0.00000000,0.00006105,0.00518925,0.01428570,3.79999600,3.31281700,1.81684800,1.10439400,0.61281990,1.10512700,0.79963290,0.86065850,3.30952000,3.31043600,0.79882700,5.00758000,5.02768000,0.00000000, 2, 255, 7, 24,0xf0000,No,No,No,No,Yes,Yes,Yes,Yes
2026-04-13 10:51:28,0.0,2400,910,,910,960,44,,200,,,648,,57.1,0.8600,0.6000,0.6000,1.1000,0.00000000,0.06245952,0.13272650,0.01171116,0.00000000,0.20494530,0.33767180,1.41094000,0.00000000,0.00000000,0.00586080,0.01428570,3.79999600,3.33137600,1.79828900,1.10805800,0.61355250,1.10146400,0.80219700,0.86065850,3.30860500,3.31135200,0.79882700,5.03438000,5.02634000,0.00000000, 2, 255, 7, 24,0xf0000,No,No,No,No,Yes,Yes,Yes,Yes
2026-04-13 10:51:30,0.0,1500,500,,500,500,44,,200,,,648,,55.4,0.7200,0.6000,0.6000,1.1000,0.00000000,0.06538731,0.12687090,0.00292779,0.00000000,0.20396940,0.33962360,0.87514000,0.00000000,0.00048840,0.00518925,0.01428570,3.79999600,3.30724900,1.79926600,1.10586000,0.61281990,1.10805800,0.80256330,0.72043880,3.31135200,3.31318300,0.79912020,5.09468000,5.09200000,0.00000000, 2, 255, 7, 24,0xf0000,No,No,No,No,Yes,Yes,Yes,Yes
2026-04-13 10:51:33,0.5,1500,500,,500,500,44,,200,,,648,,54.9,0.7913,0.6000,0.6000,1.1000,0.00000000,0.05953173,0.12979870,0.00780744,0.00000000,0.20494530,0.33669580,1.10732000,0.00000000,0.00000000,0.00476190,0.01428570,3.79999600,3.32673600,1.82124300,1.10805800,0.61281990,1.10439400,0.79890030,0.79511520,3.30768900,3.31135200,0.79999920,4.99686000,5.03706000,0.00000000, 2, 255, 7, 24,0xf0000,No,No,No,No,Yes,Yes,Yes,Yes
2026-04-13 10:51:35,1.5,1500,500,,500,500,44,,200,,,648,,55.4,0.7200,0.6000,0.6000,1.1000,0.00000000,0.06050766,0.12687090,0.00585558,0.00000000,0.20494530,0.33864770,0.87514000,0.00000000,0.00000000,0.00598290,0.01428570,3.79999600,3.31931300,1.80024200,1.10805800,0.61208730,1.10146400,0.80292960,0.72043880,3.31135200,3.31318300,0.79970620,5.05716000,5.04778000,0.00000000, 2, 255, 7, 24,0xf0000,No,No,No,No,Yes,Yes,Yes,Yes
2026-04-13 10:51:37,0.0,1500,500,,500,500,44,,200,,,648,,54.9,0.7200,0.6000,0.6000,1.1000,0.00000000,0.06148359,0.12491900,0.00683151,0.00000000,0.20494530,0.33864770,0.89299990,0.00000000,0.00000000,0.00537240,0.01440780,3.79999600,3.31188900,1.81684800,1.11208700,0.61208730,1.10549400,0.79963290,0.72097620,3.30952000,3.31135200,0.79882700,5.09736000,5.07994000,0.00000000, 2, 255, 7, 24,0xf0000,No,No,No,No,Yes,Yes,Yes,Yes
2026-04-13 10:51:39,0.0,1500,500,,500,500,44,,200,,,648,,55.4,0.7200,0.6000,0.6000,1.1000,0.00000000,0.06148359,0.12784680,0.00292779,0.00000000,0.20299340,0.34059960,0.87514000,0.00000000,0.00048840,0.00586080,0.01404150,3.79999600,3.31003300,1.80024200,1.11098800,0.61281990,1.10549400,0.80073180,0.72043880,3.30952000,3.31226800,0.79999920,5.05984000,5.07324000,0.00000000, 2, 255, 7, 24,0xf0000,No,No,No,No,Yes,Yes,Yes,Yes
2026-04-13 10:51:41,0.0,1500,500,,500,500,44,,200,,,648,,55.4,0.7200,0.6000,0.6000,1.1000,0.00000000,0.06148359,0.12687090,0.00683151,0.00000000,0.21470460,0.33571990,0.88407000,0.00000000,0.00000000,0.00457875,0.01465200,3.79999600,3.32580900,1.79877700,1.10769100,0.61208730,1.10769100,0.80292960,0.72043880,3.30860500,3.31318300,0.79941320,5.06520000,5.06252000,0.00000000, 2, 255, 7, 24,0xf0000,No,No,No,No,Yes,Yes,Yes,Yes
2026-04-13 10:51:43,0.0,1500,500,,500,500,44,,200,,,648,,55.4,0.7200,0.6000,0.6000,1.1000,0.00000000,0.06733918,0.12687090,0.00683151,0.00000000,0.20592120,0.34157550,0.87514000,0.00000000,0.00048840,0.00592185,0.01465200,3.79999600,3.30168200,1.80024200,1.11208700,0.61355250,1.10549400,0.80036550,0.72017020,3.30952000,3.31043600,0.79970620,5.09066000,5.05046000,0.00000000, 2, 255, 7, 24,0xf0000,No,No,No,No,Yes,Yes,Yes,Yes
2026-04-13 10:51:45,0.0,1500,500,,500,500,44,,200,,,648,,55.4,0.7200,0.6000,0.6000,1.1000,0.00000000,0.06148359,0.12589500,0.00292779,0.00000000,0.20299340,0.33767180,0.86621010,0.00000000,0.00000000,0.00537240,0.01465200,3.79999600,3.30632200,1.80024200,1.11208700,0.61172100,1.10439400,0.80256330,0.72097620,3.31135200,3.31043600,0.79912020,5.05448000,5.08664000,0.00000000, 2, 255, 7, 24,0xf0000,No,No,No,No,Yes,Yes,Yes,Yes
2026-04-13 10:51:48,0.0,1500,500,,500,500,44,,200,,,648,,54.9,0.7200,0.6000,0.6000,1.1000,0.00000000,0.06148359,0.12589500,0.00585558,0.00000000,0.21568060,0.34157550,0.87514000,0.00000000,0.00006105,0.00634920,0.01440780,3.79999600,3.31560100,1.79926600,1.11208700,0.61318620,1.10549400,0.79816780,0.72017020,3.31043600,3.31043600,0.79970620,5.05984000,5.07190000,0.00000000, 2, 255, 7, 24,0xf0000,No,No,No,No,Yes,Yes,Yes,Yes
2026-04-13 10:51:50,1.0,1500,500,,500,500,44,,200,,,648,,56.0,0.7200,0.6000,0.6000,1.1000,0.00000000,0.06733918,0.12589500,0.00975930,0.00000000,0.20689720,0.33864770,0.90193000,0.00000000,0.00000000,0.00518925,0.01428570,3.79999600,3.31652900,1.80024200,1.11062200,0.61245360,1.10549400,0.80256330,0.72043880,3.30677300,3.31043600,0.79970620,5.04376000,5.05180000,0.00000000, 2, 255, 7, 24,0xf0000,No,No,No,No,Yes,Yes,Yes,Yes
2026-04-13 10:51:52,0.0,1500,500,,500,500,44,,200,,,648,,55.4,0.7200,0.6000,0.6000,1.1000,0.00000000,0.06441138,0.12784680,0.00390372,0.00000000,0.20689720,0.34157550,0.88407000,0.00000000,0.00024420,0.00549450,0.01391940,3.79999600,3.31467300,1.80659200,1.10732500,0.61355250,1.10659200,0.80219700,0.72017020,3.30768900,3.31135200,0.79941320,5.09334000,5.10004000,0.00000000, 2, 255, 7, 24,0xf0000,No,No,No,No,Yes,Yes,Yes,Yes
2026-04-13 10:51:54,0.0,1500,500,,500,500,44,,200,,,648,,56.0,0.7200,0.6000,0.6000,1.1000,0.00000000,0.06050766,0.12687090,0.01268709,0.00000000,0.20494530,0.33962360,0.90193000,0.00000000,0.00048840,0.00500610,0.01428570,3.79999600,3.32766400,1.80024200,1.10439400,0.61245360,1.10549400,0.79963290,0.72070740,3.31043600,3.31043600,0.79941320,5.04242000,5.07458000,0.00000000, 2, 255, 7, 24,0xf0000,No,No,No,No,Yes,Yes,Yes,Yes
2026-04-13 10:51:56,0.0,2400,910,,910,960,44,,200,,,648,,56.5,0.8600,0.6000,0.6000,1.1000,0.00000000,0.09856894,0.16298030,0.00975930,0.00000000,0.20592120,0.34255140,1.41094000,0.00000000,0.00006105,0.00512820,0.01465200,3.79999600,3.30446500,1.81684800,1.11208700,0.61245360,1.10769100,0.82051210,0.86092710,3.31043600,3.31226800,0.79882700,5.01294000,5.01562000,0.00000000, 2, 255, 7, 24,0xf0000,No,No,No,No,Yes,Yes,Yes,Yes
2026-04-13 10:51:58,0.0,2400,910,,910,960,44,,200,,,648,,57.1,0.8600,0.6000,0.6000,1.1000,0.00000000,0.05953173,0.13565430,0.00585558,0.00000000,0.20592120,0.33864770,1.39308000,0.00000000,0.00000000,0.00610500,0.01465200,3.79999600,3.31931300,1.80659200,1.10732500,0.61318620,1.10512700,0.80146440,0.86119580,3.30952000,3.31318300,0.79882700,5.07056000,5.07056000,0.00000000, 2, 255, 7, 24,0xf0000,No,No,No,No,Yes,Yes,Yes,Yes
2026-04-13 10:52:00,0.0,1500,500,,500,500,44,,200,,,648,,55.4,0.7200,0.6000,0.6000,1.1000,0.00000000,0.05953173,0.12784680,0.00292779,0.00000000,0.20494530,0.34255140,0.88407000,0.00000000,0.00048840,0.00598290,0.01428570,3.79999600,3.32673600,1.80024200,1.11355200,0.61172100,1.10549400,0.80146440,0.72070740,3.30860500,3.31135200,0.79941320,5.07056000,5.05448000,0.00000000, 2, 255, 7, 24,0xf0000,No,No,No,No,Yes,Yes,Yes,Yes
2026-04-13 10:52:03,0.0,1500,500,,500,500,44,,200,,,648,,55.4,0.7200,0.6000,0.6000,1.1000,0.00000000,0.05953173,0.12687090,0.00585558,0.00000000,0.20592120,0.33669580,0.89299990,0.00000000,0.00000000,0.00598290,0.01416360,3.79999600,3.30910500,1.80024200,1.10805800,0.61172100,1.10805800,0.79963290,0.72070740,3.31043600,3.31043600,0.79970620,5.04778000,5.06788000,0.00000000, 2, 255, 7, 24,0xf0000,No,No,No,No,Yes,Yes,Yes,Yes
2026-04-13 10:52:05,0.0,1500,500,,500,500,44,,200,,,648,,56.0,0.7200,0.6000,0.6000,1.1000,0.00000000,0.06148359,0.13370240,0.00487965,0.00000000,0.21665650,0.33571990,1.38415000,0.00000000,0.00024420,0.00494505,0.01416360,3.79999600,3.31374500,1.80659200,1.11282000,0.61208730,1.10549400,0.80146440,0.86119580,3.30952000,3.31043600,0.79941320,5.02768000,5.02232000,0.00000000, 2, 255, 7, 24,0xf0000,No,No,No,No,Yes,Yes,Yes,Yes
2026-04-13 10:52:07,0.0,2400,910,,910,960,44,,200,,,648,,56.5,0.8600,0.6000,0.6000,1.1000,0.00000000,0.06245952,0.13272650,0.00390372,0.00000000,0.22543980,0.34255140,1.39308000,0.00000000,0.00006105,0.00512820,0.01428570,3.79999600,3.30168200,1.79584700,1.10732500,0.61281990,1.10549400,0.79963290,0.86065850,3.30952000,3.31135200,0.79912020,5.02768000,5.04242000,0.00000000, 2, 255, 7, 24,0xf0000,No,No,No,No,Yes,Yes,Yes,Yes
2026-04-13 10:52:09,0.0,2400,910,,910,960,43,,200,,,648,,57.1,0.8600,0.6000,0.6000,1.1000,0.00000000,0.05953173,0.13272650,0.00683151,0.00000000,0.20396940,0.34059960,1.41987000,0.00000000,0.00000000,0.00518925,0.01391940,3.79999600,3.32580900,1.80659200,1.10769100,0.61208730,1.10915600,0.79963290,0.86065850,3.30952000,3.31226800,0.79882700,5.03572000,5.02902000,0.00000000, 2, 255, 7, 24,0xf0000,No,No,No,No,Yes,Yes,Yes,Yes
2026-04-13 10:52:11,0.0,1500,500,,500,500,44,,200,,,648,,56.0,0.7200,0.6000,0.6000,1.1000,0.00000000,0.06343545,0.12687090,0.00780744,0.00000000,0.20494530,0.34157550,0.90193000,0.00000000,0.00048840,0.00525030,0.01428570,3.79999600,3.31931300,1.80024200,1.10842400,0.61281990,1.10366200,0.80146440,0.72043880,3.31135200,3.31318300,0.79912020,5.07860000,5.09066000,0.00000000, 2, 255, 7, 24,0xf0000,No,No,No,No,Yes,Yes,Yes,Yes
2026-04-13 10:52:13,0.2,1500,500,,500,500,44,,200,,,648,,56.0,0.7200,0.6000,0.6000,1.1000,0.00000000,0.06050766,0.12394310,0.00292779,0.00000000,0.20592120,0.34157550,0.87514000,0.00000000,0.00000000,0.00549450,0.01440780,3.79999600,3.30260900,1.79926600,1.10292900,0.61208730,1.10769100,0.80219700,0.72070740,3.31043600,3.31135200,0.79941320,5.06386000,5.07592000,0.00000000, 2, 255, 7, 24,0xf0000,No,No,No,No,Yes,Yes,Yes,Yes
2026-04-13 10:52:15,2.0,1500,500,,500,500,44,,200,,,648,,56.0,0.7200,0.6000,0.6000,1.1000,0.00000000,0.06050766,0.12491900,0.00780744,0.00000000,0.20689720,0.34255140,0.89299990,0.00000000,0.00000000,0.00518925,0.01465200,3.79999600,3.32580900,1.80024200,1.10879000,0.61208730,1.10659200,0.79816780,0.72070740,3.30952000,3.31043600,0.79970620,5.05984000,5.06922000,0.00000000, 2, 255, 7, 24,0xf0000,No,No,No,No,Yes,Yes,Yes,Yes
2026-04-13 10:52:17,0.0,1500,500,,500,500,44,,200,,,648,,55.4,0.7200,0.6000,0.6000,1.1000,0.00000000,0.05953173,0.12491900,0.00780744,0.00000000,0.20592120,0.33669580,0.86621010,0.00000000,0.00048840,0.00598290,0.01465200,3.79999600,3.30168200,1.80024200,1.10732500,0.61281990,1.10769100,0.80256330,0.72070740,3.30952000,3.31318300,0.79970620,5.06922000,5.05314000,0.00000000, 2, 255, 7, 24,0xf0000,No,No,No,No,Yes,Yes,Yes,Yes
2026-04-13 10:52:20,0.0,1500,500,,500,500,44,,200,,,648,,54.9,0.7200,0.6000,0.6000,1.1000,0.00000000,0.06636324,0.12687090,0.00878337,0.00000000,0.20299340,0.33864770,0.88407000,0.00000000,0.00048840,0.00592185,0.01465200,3.79999600,3.30910500,1.80024200,1.11208700,0.61062210,1.10769100,0.80146440,0.72097620,3.30952000,3.31226800,0.79941320,5.09200000,5.09334000,0.00000000, 2, 255, 7, 24,0xf0000,No,No,No,No,Yes,Yes,Yes,Yes
2026-04-13 10:52:22,0.0,1500,500,,500,500,44,,200,,,648,,55.4,0.7200,0.6000,0.6000,1.1000,0.00000000,0.06831510,0.12491900,0.00487965,0.00000000,0.22836760,0.33571990,0.89299990,0.00000000,0.00000000,0.00482295,0.01428570,3.79999600,3.31652900,1.80024200,1.11208700,0.61245360,1.10439400,0.80256330,0.72043880,3.31043600,3.31135200,0.79941320,5.04778000,5.02232000,0.00000000, 2, 255, 7, 24,0xf0000,No,No,No,No,Yes,Yes,Yes,Yes
2026-04-13 10:52:24,0.0,1500,500,,500,500,44,,200,,,648,,55.4,0.7200,0.6000,0.6000,1.1000,0.00000000,0.05953173,0.12687090,0.00683151,0.00000000,0.20494530,0.34059960,0.88407000,0.00000000,0.00000000,0.00457875,0.01416360,3.79999600,3.31652900,1.80659200,1.10805800,0.61208730,1.10549400,0.80292960,0.72017020,3.31043600,3.31226800,0.79970620,5.04778000,5.05448000,0.00000000, 2, 255, 7, 24,0xf0000,No,No,No,No,Yes,Yes,Yes,Yes
2026-04-13 10:52:26,1.7,2400,910,,910,960,44,,200,,,648,,56.0,0.8600,0.6000,0.6000,1.1000,0.00000000,0.06050766,0.13175060,0.00780744,0.00000000,0.20494530,0.33864770,1.40201000,0.00000000,0.00012210,0.00470085,0.01440780,3.79999600,3.30817700,1.81733600,1.10988900,0.61428510,1.10439400,0.80146440,0.86092710,3.30952000,3.31135200,0.79941320,5.07994000,5.08128000,0.00000000, 2, 255, 7, 24,0xf0000,No,No,No,No,Yes,Yes,Yes,Yes
2026-04-13 10:52:28,0.0,2400,910,,910,960,44,,200,,,648,,57.1,0.8600,0.6000,0.6000,1.1000,0.00000000,0.06050766,0.13565430,0.00878337,0.00000000,0.20396940,0.33669580,1.39308000,0.00000000,0.00000000,0.00518925,0.01428570,3.79999600,3.32580900,1.80024200,1.11208700,0.61281990,1.10146400,0.80109810,0.86065850,3.31043600,3.31043600,0.79999920,5.01562000,5.01562000,0.00000000, 2, 255, 7, 24,0xf0000,No,No,No,No,Yes,Yes,Yes,Yes
2026-04-13 10:52:30,0.0,2400,910,,910,960,44,,200,,,648,,57.6,0.7200,0.6000,0.6000,1.1000,0.00000000,0.05953173,0.12491900,0.00683151,0.00000000,0.20494530,0.33864770,0.90193000,0.00000000,0.00048840,0.00518925,0.01465200,3.79999600,3.32580900,1.80024200,1.11355200,0.61245360,1.10769100,0.80292960,0.72043880,3.31043600,3.31226800,0.79970620,5.05850000,5.02634000,0.00000000, 2, 255, 7, 24,0xf0000,No,No,No,No,Yes,Yes,Yes,Yes
2026-04-13 10:52:32,0.0,1500,500,,500,500,44,,200,,,648,,56.0,0.7200,0.6000,0.6000,1.1000,0.00000000,0.06636324,0.12687090,0.00585558,0.00000000,0.20201750,0.34059960,0.89299990,0.00000000,0.00048840,0.00592185,0.01416360,3.79999600,3.30817700,1.80024200,1.10439400,0.61281990,1.10146400,0.80366220,0.72070740,3.30860500,3.31226800,0.79970620,5.10272000,5.10004000,0.00000000, 2, 255, 7, 24,0xf0000,No,No,No,No,Yes,Yes,Yes,Yes
2026-04-13 10:52:35,1.7,1700,591,,591,602,44,,200,,,648,,55.4,0.7638,0.6000,0.6000,1.1000,0.00000000,0.05953173,0.12882280,0.00780744,0.00000000,0.20396940,0.33669580,0.88407000,0.00000000,0.00006105,0.00610500,0.01440780,3.79999600,3.32024100,1.79926600,1.10805800,0.61135470,1.10549400,0.80292960,0.72043880,3.30952000,3.31409900,0.79912020,5.02499900,5.07860000,0.00000000, 2, 255, 7, 24,0xf0000,No,No,No,No,Yes,Yes,Yes,Yes
2026-04-13 10:52:37,0.0,1500,500,,500,500,44,,200,,,648,,57.1,0.7200,0.6000,0.6000,1.1000,0.00000000,0.06148359,0.12589500,0.00780744,0.00000000,0.20396940,0.33767180,0.87514000,0.00000000,0.00006105,0.00525030,0.01428570,3.79999600,3.31188900,1.79926600,1.10842400,0.61501770,1.10439400,0.79963290,0.72043880,3.30860500,3.31135200,0.79970620,5.05716000,5.06520000,0.00000000, 2, 255, 7, 24,0xf0000,No,No,No,No,Yes,Yes,Yes,Yes
2026-04-13 10:52:39,1.0,1500,500,,500,500,44,,200,,,648,,55.4,0.7200,0.6000,0.6000,1.1000,0.00000000,0.06343545,0.12687090,0.00390372,0.00000000,0.20396940,0.33962360,0.88407000,0.00000000,0.00006105,0.00518925,0.01355310,3.79999600,3.31560100,1.79926600,1.11355200,0.61245360,1.10769100,0.80292960,0.72070740,3.30952000,3.31135200,0.79912020,5.08932000,5.07860000,0.00000000, 2, 255, 7, 24,0xf0000,No,No,No,No,Yes,Yes,Yes,Yes
2026-04-13 10:52:41,0.0,1500,500,,500,500,44,,200,,,648,,54.9,0.7200,0.6000,0.6000,1.1000,0.00000000,0.07417068,0.12979870,0.00683151,0.00000000,0.20299340,0.33669580,0.88407000,0.00000000,0.00000000,0.00586080,0.01489620,3.79999600,3.31003300,1.80659200,1.10732500,0.61281990,1.10769100,0.80292960,0.72043880,3.30860500,3.31135200,0.79941320,5.05984000,5.05046000,0.00000000, 2, 255, 7, 24,0xf0000,No,No,No,No,Yes,Yes,Yes,Yes
2026-04-13 10:52:43,0.0,1500,500,,500,500,44,,200,,,648,,54.9,0.7200,0.6000,0.6000,1.1000,0.00000000,0.06050766,0.12784680,0.00975930,0.00000000,0.20592120,0.33864770,0.87514000,0.00000000,0.00048840,0.00598290,0.01428570,3.79999600,3.31467300,1.80024200,1.11355200,0.61245360,1.10146400,0.80366220,0.72097620,3.31043600,3.31043600,0.79941320,5.05314000,5.05314000,0.00000000, 2, 255, 7, 24,0xf0000,No,No,No,No,Yes,Yes,Yes,Yes
2026-04-13 10:52:45,0.0,1500,500,,500,500,44,,200,,,648,,55.4,0.7200,0.6000,0.6000,1.1000,0.00000000,0.06148359,0.12687090,0.00683151,0.00000000,0.20396940,0.33767180,0.88407000,0.00000000,0.00006105,0.00525030,0.01477410,3.79999600,3.31838500,1.79535800,1.10439400,0.61208730,1.10549400,0.80292960,0.72043880,3.30952000,3.31135200,0.79941320,5.03706000,5.07860000,0.00000000, 2, 255, 7, 24,0xf0000,No,No,No,No,Yes,Yes,Yes,Yes
2026-04-13 10:52:47,0.5,2400,910,,910,960,44,,200,,,648,,56.0,0.8600,0.6000,0.6000,1.1000,0.00000000,0.06050766,0.13467840,0.00585558,0.00000000,0.20592120,0.34059960,1.41094000,0.00000000,0.00000000,0.00549450,0.01477410,3.79999600,3.32580900,1.80610300,1.10732500,0.61098840,1.10549400,0.79999920,0.86119580,3.30952000,3.31318300,0.79999920,5.07056000,5.07056000,0.00000000, 2, 255, 7, 24,0xf0000,No,No,No,No,Yes,Yes,Yes,Yes
2026-04-13 10:52:50,0.0,2400,910,,910,960,44,,200,,,648,,57.1,0.8600,0.6000,0.6000,1.1000,0.00000000,0.05953173,0.13467840,0.00390372,0.00000000,0.21372870,0.34157550,1.40201000,0.00000000,0.00097680,0.00463980,0.01452990,3.79999600,3.31838500,1.80317300,1.11208700,0.61355250,1.10549400,0.79963290,0.86092710,3.30952000,3.31043600,0.79941320,5.04912000,5.02098000,0.00000000, 2, 255, 7, 24,0xf0000,No,No,No,No,Yes,Yes,Yes,Yes
2026-04-13 10:52:52,0.0,1500,500,,500,500,44,,200,,,648,,56.0,0.7200,0.6000,0.6000,1.1000,0.00000000,0.06636324,0.12687090,0.01073523,0.00000000,0.20494530,0.33669580,0.89299990,0.00000000,0.00048840,0.00598290,0.01391940,3.79999600,3.30724900,1.79926600,1.11208700,0.61208730,1.10439400,0.80219700,0.72070740,3.30952000,3.31226800,0.79912020,5.08932000,5.07458000,0.00000000, 2, 255, 7, 24,0xf0000,No,No,No,No,Yes,Yes,Yes,Yes
2026-04-13 10:52:54,0.0,1500,500,,500,500,44,,200,,,648,,55.4,0.7200,0.6000,0.6000,1.1000,0.00000000,0.05953173,0.12687090,0.00585558,0.00000000,0.20494530,0.33962360,0.89299990,0.00000000,0.00000000,0.00525030,0.01428570,3.79999600,3.30817700,1.79926600,1.10695900,0.61208730,1.10549400,0.80109810,0.72070740,3.31043600,3.31135200,0.79999920,5.10272000,5.09334000,0.00000000, 2, 255, 7, 24,0xf0000,No,No,No,No,Yes,Yes,Yes,Yes
2026-04-13 10:52:56,0.0,1500,500,,500,500,44,,200,,,648,,54.9,0.7200,0.6000,0.6000,1.1000,0.00000000,0.05953173,0.12882280,0.00585558,0.00000000,0.20201750,0.33864770,0.88407000,0.00000000,0.00048840,0.00500610,0.01465200,3.79999600,3.31096100,1.80024200,1.11208700,0.61208730,1.10146400,0.80256330,0.72043880,3.30952000,3.31135200,0.79970620,5.04778000,5.02768000,0.00000000, 2, 255, 7, 24,0xf0000,No,No,No,No,Yes,Yes,Yes,Yes
2026-04-13 10:52:58,0.0,1500,500,,500,500,44,,200,,,648,,56.0,0.7200,0.6000,0.6000,1.1000,0.00000000,0.06148359,0.12687090,0.00878337,0.00000000,0.21568060,0.33962360,0.87514000,0.00000000,0.00000000,0.00525030,0.01489620,3.79999600,3.31745700,1.79877700,1.10695900,0.61281990,1.10586000,0.79890030,0.72070740,3.31043600,3.31043600,0.79941320,5.05314000,5.05046000,0.00000000, 2, 255, 7, 24,0xf0000,No,No,No,No,Yes,Yes,Yes,Yes
2026-04-13 10:53:00,0.0,1500,500,,500,500,44,,200,,,648,,55.4,0.7200,0.6000,0.6000,1.1000,0.00000000,0.05953173,0.12882280,0.00487965,0.00000000,0.20494530,0.33864770,0.86621010,0.00000000,0.00000000,0.00610500,0.01355310,3.79999600,3.32580900,1.79926600,1.10805800,0.61245360,1.10549400,0.80439480,0.72043880,3.31043600,3.31226800,0.79970620,5.05984000,5.05984000,0.00000000, 2, 255, 7, 24,0xf0000,No,No,No,No,Yes,Yes,Yes,Yes
2026-04-13 10:53:02,9.0,2400,910,,910,960,44,,200,,,648,,57.1,0.8600,0.6000,0.6000,1.1000,0.00000000,0.05855580,0.13565430,0.00390372,0.00000000,0.20396940,0.33864770,1.40201000,0.00000000,0.00000000,0.00634920,0.01391940,3.79999600,3.32766400,1.80610300,1.11282000,0.60952320,1.10622600,0.80292960,0.86092710,3.30860500,3.31135200,0.79970620,5.02634000,5.05850000,0.00000000, 2, 255, 7, 24,0xf0000,No,No,No,No,Yes,Yes,Yes,Yes
2026-04-13 10:53:04,0.0,2400,910,,910,960,43,,200,,,648,,56.5,0.8600,0.6000,0.6000,1.1000,0.06050766,0.05953173,0.13370240,0.00487965,0.00000000,0.20396940,0.34352740,1.40201000,0.00000000,0.00000000,0.00518925,0.01465200,3.71462400,3.31652900,1.80024200,1.10952300,0.61391880,1.10439400,0.80292960,0.86119580,3.31043600,3.31226800,0.79912020,5.02634000,5.02902000,0.00000000, 2, 255, 7, 24,0xf0000,No,No,No,No,Yes,Yes,Yes,Yes
2026-04-13 10:53:07,1.0,2400,910,,910,960,44,,200,,,648,,58.2,0.8600,0.6000,0.6000,1.1000,0.05074836,0.06050766,0.13077460,0.00390372,0.00000000,0.20592120,0.34255140,1.41987000,0.00000000,0.00006105,0.00549450,0.01428570,3.72390300,3.29518600,1.81684800,1.11062200,0.61245360,1.10292900,0.79963290,0.86119580,3.31043600,3.31043600,0.79912020,5.04510000,5.02902000,0.00000000, 2, 255, 7, 24,0xf0000,No,No,No,No,Yes,Yes,Yes,Yes
2026-04-13 10:53:09,0.0,1500,500,,500,500,44,,200,,,648,,56.5,0.7200,0.6000,0.6000,1.1000,0.05757987,0.06148359,0.12687090,0.01171116,0.00000000,0.20299340,0.33962360,0.87514000,0.00000000,0.00048840,0.00549450,0.01428570,3.71926400,3.30260900,1.80024200,1.10695900,0.61281990,1.10549400,0.79963290,0.72070740,3.31043600,3.31043600,0.79999920,5.02098000,5.05314000,0.00000000, 2, 255, 7, 24,0xf0000,No,No,No,No,Yes,Yes,Yes,Yes
2026-04-13 10:53:11,0.0,1500,500,,500,500,44,,200,,,648,,55.4,0.7200,0.6000,0.6000,1.1000,0.00000000,0.09954486,0.16005250,0.00878337,0.00000000,0.20494530,0.33962360,0.88407000,0.00000000,0.00000000,0.00457875,0.01404150,3.79999600,3.32952100,1.80024200,1.11428500,0.61208730,1.10586000,0.79816780,0.72017020,3.31043600,3.31226800,0.79970620,5.04778000,5.03840000,0.00000000, 2, 255, 7, 24,0xf0000,No,No,No,No,Yes,Yes,Yes,Yes
2026-04-13 10:53:13,0.0,1500,500,,500,500,44,,200,,,648,,55.4,0.7200,0.6000,0.6000,1.1000,0.00000000,0.06148359,0.12784680,0.00683151,0.00000000,0.21665650,0.33864770,0.87514000,0.00000000,0.00006105,0.00555555,0.01428570,3.79999600,3.31281700,1.79926600,1.10695900,0.60732540,1.10549400,0.80109810,0.72070740,3.30952000,3.31135200,0.79912020,5.08932000,5.09334000,0.00000000, 2, 255, 7, 24,0xf0000,No,No,No,No,Yes,Yes,Yes,Yes
2026-04-13 10:53:15,0.0,1500,500,,500,500,44,,200,,,648,,55.4,0.7200,0.6000,0.6000,1.1000,0.00000000,0.05953173,0.12687090,0.00683151,0.00000000,0.20494530,0.33864770,0.86621010,0.00000000,0.00048840,0.00500610,0.01465200,3.79999600,3.31652900,1.79926600,1.11208700,0.61245360,1.10769100,0.80292960,0.72070740,3.30952000,3.31318300,0.79912020,5.06922000,5.08530000,0.00000000, 2, 255, 7, 24,0xf0000,No,No,No,No,Yes,Yes,Yes,Yes
2026-04-13 10:53:17,1.8,1500,500,,500,500,44,,200,,,648,,55.4,0.7200,0.6000,0.6000,1.1000,0.00000000,0.06050766,0.12687090,0.00780744,0.00000000,0.20689720,0.34157550,0.88407000,0.00000000,0.00000000,0.00598290,0.01428570,3.79999600,3.32580900,1.80024200,1.11355200,0.60805800,1.10146400,0.80292960,0.72043880,3.30952000,3.31318300,0.79970620,5.06520000,5.05850000,0.00000000, 2, 255, 7, 24,0xf0000,No,No,No,No,Yes,Yes,Yes,Yes
2026-04-13 10:53:19,0.0,1500,500,,500,500,44,,200,,,648,,55.4,0.7200,0.6000,0.6000,1.1000,0.00000000,0.06441138,0.12687090,0.00585558,0.00000000,0.20299340,0.33864770,0.89299990,0.00000000,0.00000000,0.00598290,0.01428570,3.79999600,3.32580900,1.79828900,1.11355200,0.61172100,1.10146400,0.80366220,0.72017020,3.31043600,3.31135200,0.79970620,5.06922000,5.03438000,0.00000000, 2, 255, 7, 24,0xf0000,No,No,No,No,Yes,Yes,Yes,Yes
2026-04-13 10:53:22,0.0,1500,500,,500,500,44,,200,,,648,,56.0,0.7200,0.6000,0.6000,1.1000,0.00000000,0.06733918,0.12784680,0.00975930,0.00000000,0.20689720,0.33767180,0.91085990,0.00000000,0.00006105,0.00518925,0.01391940,3.79999600,3.30817700,1.79682400,1.11208700,0.61391880,1.10146400,0.80439480,0.72070740,3.31135200,3.31043600,0.79882700,5.07860000,5.07860000,0.00000000, 2, 255, 7, 24,0xf0000,No,No,No,No,Yes,Yes,Yes,Yes
2026-04-13 10:53:24,0.0,1500,500,,500,500,44,,200,,,648,,56.5,0.7200,0.6000,0.6000,1.1000,0.00000000,0.06148359,0.12784680,0.01171116,0.00000000,0.20299340,0.33962360,0.88407000,0.00000000,0.00000000,0.00598290,0.01440780,3.79999600,3.30817700,1.80024200,1.11355200,0.61318620,1.10146400,0.79963290,0.72043880,3.30952000,3.31135200,0.79970620,5.05984000,5.06117900,0.00000000, 2, 255, 7, 24,0xf0000,No,No,No,No,Yes,Yes,Yes,Yes
2026-04-13 10:53:26,0.0,1500,500,,500,500,44,,200,,,648,,55.4,0.7200,0.6000,0.6000,1.1000,0.00000000,0.06441138,0.12784680,0.00683151,0.00000000,0.21568060,0.33962360,0.87514000,0.00000000,0.00000000,0.00549450,0.01428570,3.79999600,3.30817700,1.80024200,1.10292900,0.61172100,1.10439400,0.80329590,0.72017020,3.30677300,3.31043600,0.79912020,5.04644000,5.04778000,0.00000000, 2, 255, 7, 24,0xf0000,No,No,No,No,Yes,Yes,Yes,Yes
2026-04-13 10:53:28,1.3,1500,500,,500,500,44,,200,,,648,,55.4,0.7200,0.6000,0.6000,1.1000,0.00000000,0.05953173,0.12784680,0.00683151,0.00000000,0.20299340,0.33571990,0.87514000,0.00000000,0.00000000,0.00549450,0.01440780,3.79999600,3.31652900,1.80610300,1.10586000,0.61281990,1.10805800,0.80439480,0.72017020,3.30952000,3.31135200,0.79882700,5.08664000,5.08396000,0.00000000, 2, 255, 7, 24,0xf0000,No,No,No,No,Yes,Yes,Yes,Yes
2026-04-13 10:53:30,0.0,1500,500,,500,500,44,,200,,,648,,55.4,0.7200,0.6000,0.6000,1.1000,0.00000000,0.06636324,0.12491900,0.00683151,0.00000000,0.20689720,0.33962360,0.91085990,0.00000000,0.00048840,0.00518925,0.01489620,3.79999600,3.30817700,1.79926600,1.10439400,0.61208730,1.10366200,0.80146440,0.72043880,3.30768900,3.31226800,0.79912020,5.05984000,5.06386000,0.00000000, 2, 255, 7, 24,0xf0000,No,No,No,No,Yes,Yes,Yes,Yes
2026-04-13 10:53:32,0.0,1500,500,,500,500,44,,200,,,648,,56.0,0.7200,0.6000,0.6000,1.1000,0.00000000,0.06441138,0.12784680,0.00780744,0.00000000,0.20494530,0.33474400,0.87514000,0.00000000,0.00000000,0.00518925,0.01440780,3.79999600,3.32766400,1.80024200,1.10695900,0.61245360,1.10549400,0.79963290,0.72097620,3.30952000,3.31135200,0.79941320,5.03974000,5.07056000,0.00000000, 2, 255, 7, 24,0xf0000,No,No,No,No,Yes,Yes,Yes,Yes
2026-04-13 10:53:34,0.0,1500,500,,500,500,44,,200,,,648,,54.9,0.7200,0.6000,0.6000,1.1000,0.00000000,0.05953173,0.12882280,0.00292779,0.00000000,0.21470460,0.34059960,0.89299990,0.00000000,0.00000000,0.00525030,0.01440780,3.79999600,3.32952100,1.79828900,1.10915600,0.61465140,1.10549400,0.80329590,0.72097620,3.31043600,3.31226800,0.79941320,5.04778000,5.05314000,0.00000000, 2, 255, 7, 24,0xf0000,No,No,No,No,Yes,Yes,Yes,Yes
2026-04-13 10:53:37,0.0,1500,500,,500,500,44,,200,,,648,,54.9,0.7200,0.6000,0.6000,1.1000,0.00000000,0.06441138,0.12589500,0.00487965,0.00000000,0.20299340,0.33767180,0.88407000,0.00000000,0.00048840,0.00518925,0.01465200,3.79999600,3.31652900,1.80024200,1.10769100,0.61135470,1.10769100,0.80292960,0.72070740,3.30952000,3.31226800,0.79999920,5.09468000,5.07458000,0.00000000, 2, 255, 7, 24,0xf0000,No,No,No,No,Yes,Yes,Yes,Yes
2026-04-13 10:53:39,0.0,2400,910,,910,960,44,,200,,,648,,56.5,0.8600,0.6000,0.6000,1.1000,0.00000000,0.06050766,0.13370240,0.00585558,0.00000000,0.20396940,0.33864770,1.40201000,0.00000000,0.00000000,0.00518925,0.01428570,3.79999600,3.31652900,1.80610300,1.11282000,0.61318620,1.10659200,0.80329590,0.86146430,3.31043600,3.31135200,0.79970620,5.04778000,5.01026000,0.00000000, 2, 255, 7, 24,0xf0000,No,No,No,No,Yes,Yes,Yes,Yes
2026-04-13 10:53:41,0.0,2400,910,,910,960,43,,200,,,648,,56.5,0.8600,0.6000,0.6000,1.1000,0.00000000,0.06148359,0.13370240,0.00780744,0.00000000,0.20592120,0.33864770,1.40201000,0.00000000,0.00000000,0.00592185,0.01416360,3.79999600,3.30446500,1.81684800,1.11025500,0.61172100,1.10402800,0.80292960,0.86119580,3.30768900,3.31318300,0.79999920,5.02232000,5.03840000,0.00000000, 2, 255, 7, 24,0xf0000,No,No,No,No,Yes,Yes,Yes,Yes
2026-04-13 10:53:43,0.0,1500,500,,500,500,44,,200,,,648,,56.0,0.7200,0.6000,0.6000,1.1000,0.00000000,0.05953173,0.12589500,0.00390372,0.00000000,0.20689720,0.33864770,0.87514000,0.00000000,0.00048840,0.00531135,0.01428570,3.79999600,3.31652900,1.80024200,1.10695900,0.61318620,1.10549400,0.80292960,0.72070740,3.30952000,3.31226800,0.79970620,5.08664000,5.07458000,0.00000000, 2, 255, 7, 24,0xf0000,No,No,No,No,Yes,Yes,Yes,Yes
2026-04-13 10:53:45,0.0,1500,500,,500,500,44,,200,,,648,,56.0,0.7200,0.6000,0.6000,1.1000,0.00000000,0.05855580,0.12491900,0.00683151,0.00000000,0.20689720,0.33767180,0.89299990,0.00000000,0.00000000,0.00506715,0.01489620,3.79999600,3.31003300,1.80561500,1.11208700,0.61281990,1.10146400,0.80292960,0.72070740,3.30860500,3.31043600,0.79941320,5.09602000,5.09736000,0.00000000, 2, 255, 7, 24,0xf0000,No,No,No,No,Yes,Yes,Yes,Yes
2026-04-13 10:53:47,0.7,1500,500,,500,500,44,,200,,,648,,55.4,0.8600,0.6000,0.6000,1.1000,0.00000000,0.05953173,0.13467840,0.00390372,0.00000000,0.20494530,0.34059960,1.40201000,0.00000000,0.00000000,0.00518925,0.01428570,3.79999600,3.31560100,1.79828900,1.10695900,0.60366240,1.10549400,0.80366220,0.86173300,3.31043600,3.31135200,0.79941320,4.91914000,5.02768000,0.00000000, 2, 255, 7, 24,0xf0000,No,No,No,No,Yes,Yes,Yes,Yes
2026-04-13 10:53:49,0.0,2400,910,,910,960,44,,200,,,648,,56.5,0.8600,0.6000,0.6000,1.1000,0.00000000,0.06148359,0.13565430,0.00292779,0.00000000,0.20592120,0.33864770,1.40201000,0.00000000,0.00024420,0.00457875,0.01428570,3.79999600,3.31374500,1.80659200,1.10805800,0.61281990,1.10549400,0.80109810,0.86119580,3.30952000,3.31135200,0.79941320,5.00624000,5.03706000,0.00000000, 2, 255, 7, 24,0xf0000,No,No,No,No,Yes,Yes,Yes,Yes
2026-04-13 10:53:52,0.0,2400,910,,910,960,44,,200,,,648,,57.1,0.8600,0.6000,0.6000,1.1000,0.00000000,0.05953173,0.13272650,0.00390372,0.00000000,0.20396940,0.45673520,1.38415000,0.00000000,0.00000000,0.00598290,0.01428570,3.79999600,3.32024100,1.80610300,1.10769100,0.61355250,1.10146400,0.80292960,0.86119580,3.31043600,3.30952000,0.79970620,5.06922000,5.06386000,0.00000000, 2, 255, 7, 24,0xf0000,No,No,No,No,Yes,Yes,Yes,Yes
2026-04-13 10:53:54,0.0,1500,500,,500,500,44,,200,,,648,,57.1,0.7200,0.6000,0.6000,1.1000,0.00000000,0.06343545,0.12784680,0.01073523,0.00000000,0.21470460,0.34157550,0.87514000,0.00000000,0.00000000,0.00518925,0.01428570,3.79999600,3.31652900,1.80561500,1.11025500,0.61428510,1.10146400,0.79963290,0.72097620,3.30952000,3.31226800,0.79941320,5.06922000,5.05582000,0.00000000, 2, 255, 7, 24,0xf0000,No,No,No,No,Yes,Yes,Yes,Yes
2026-04-13 10:53:56,0.0,1500,500,,500,500,44,,200,,,648,,55.4,0.7200,0.6000,0.6000,1.1000,0.00000000,0.06733918,0.12784680,0.00390372,0.00000000,0.20494530,0.34059960,0.87514000,0.00000000,0.00000000,0.00518925,0.01465200,3.79999600,3.31560100,1.80610300,1.11355200,0.61281990,1.10769100,0.80439480,0.72070740,3.30677300,3.31135200,0.79999920,5.05314000,5.05046000,0.00000000, 2, 255, 7, 24,0xf0000,No,No,No,No,Yes,Yes,Yes,Yes
2026-04-13 10:53:58,1.7,1500,500,,500,500,44,,200,,,648,,55.4,0.7200,0.6000,0.6000,1.1000,0.00000000,0.05855580,0.12687090,0.01171116,0.00000000,0.20494530,0.34352740,0.90193000,0.00000000,0.00000000,0.00518925,0.01465200,3.79999600,3.32580900,1.80610300,1.10695900,0.61208730,1.10146400,0.79890030,0.72070740,3.30952000,3.31135200,0.79941320,5.09602000,5.08530000,0.00000000, 2, 255, 7, 24,0xf0000,No,No,No,No,Yes,Yes,Yes,Yes
2026-04-13 10:54:00,0.0,1500,500,,500,500,44,,200,,,648,,55.4,0.7200,0.6000,0.6000,1.1000,0.00000000,0.06050766,0.12589500,0.00585558,0.00000000,0.21568060,0.34157550,0.87514000,0.00000000,0.00048840,0.00598290,0.01404150,3.79999600,3.30910500,1.80024200,1.10769100,0.61135470,1.10805800,0.80292960,0.72070740,3.30952000,3.31135200,0.79941320,5.08932000,5.09870000,0.00000000, 2, 255, 7, 24,0xf0000,No,No,No,No,Yes,Yes,Yes,Yes
2026-04-13 10:54:02,0.0,1500,500,,500,500,44,,200,,,648,,55.4,0.7200,0.6000,0.6000,1.1000,0.00000000,0.07709848,0.12784680,0.00487965,0.00000000,0.20689720,0.33571990,0.87514000,0.00000000,0.00000000,0.00518925,0.01440780,3.79999600,3.32024100,1.80024200,1.10695900,0.61245360,1.10366200,0.79963290,0.72043880,3.31135200,3.31318300,0.79999920,5.06520000,5.04376000,0.00000000, 2, 255, 7, 24,0xf0000,No,No,No,No,Yes,Yes,Yes,Yes
2026-04-13 10:54:04,0.2,1500,500,,500,500,44,,200,,,648,,55.4,0.7200,0.6000,0.6000,1.1000,0.00000000,0.06050766,0.12491900,0.00780744,0.00000000,0.20299340,0.34157550,0.86621010,0.00000000,0.00000000,0.00512820,0.01416360,3.79999600,3.32859200,1.80024200,1.10879000,0.61208730,1.10549400,0.79999920,0.72070740,3.30952000,3.31135200,0.79941320,5.08396000,5.04912000,0.00000000, 2, 255, 7, 24,0xf0000,No,No,No,No,Yes,Yes,Yes,Yes
2026-04-13 10:54:07,0.0,1500,500,,500,500,44,,200,,,648,,55.4,0.7200,0.6000,0.6000,1.1000,0.00000000,0.06148359,0.12394310,0.01268709,0.00000000,0.20689720,0.34059960,0.88407000,0.00000000,0.00048840,0.00525030,0.01465200,3.79999600,3.31467300,1.80024200,1.11355200,0.61318620,1.10805800,0.80292960,0.72070740,3.31043600,3.31226800,0.79970620,5.08932000,5.08530000,0.00000000, 2, 255, 7, 24,0xf0000,No,No,No,No,Yes,Yes,Yes,Yes
2026-04-13 10:54:09,2.0,1500,500,,500,500,44,,200,,,648,,55.4,0.7200,0.6000,0.6000,1.1000,0.00000000,0.06050766,0.12589500,0.01366302,0.00000000,0.20494530,0.34450330,0.86621010,0.00000000,0.00000000,0.00518925,0.01428570,3.79999600,3.31652900,1.80610300,1.11282000,0.61135470,1.10549400,0.80183080,0.72017020,3.30952000,3.31135200,0.79941320,5.05984000,4.99686000,0.00000000, 2, 255, 7, 24,0xf0000,No,No,No,No,Yes,Yes,Yes,Yes
2026-04-13 10:54:11,0.0,1500,500,,500,500,44,,200,,,648,,55.4,0.7200,0.6000,0.6000,1.1000,0.00000000,0.05953173,0.12784680,0.00683151,0.00000000,0.20494530,0.34157550,0.89299990,0.00000000,0.00048840,0.00647130,0.01404150,3.79999600,3.31652900,1.80024200,1.10732500,0.61245360,1.10769100,0.79963290,0.72043880,3.31043600,3.31226800,0.79970620,5.04778000,5.06788000,0.00000000, 2, 255, 7, 24,0xf0000,No,No,No,No,Yes,Yes,Yes,Yes
2026-04-13 10:54:13,0.0,1500,500,,500,500,44,,200,,,648,,55.4,0.7200,0.6000,0.6000,1.1000,0.00000000,0.05953173,0.12394310,0.00487965,0.00000000,0.20689720,0.34059960,0.87514000,0.00000000,0.00048840,0.00518925,0.01465200,3.79999600,3.31467300,1.80024200,1.11355200,0.61245360,1.10549400,0.80256330,0.72124470,3.30952000,3.31043600,0.79970620,5.08396000,5.08530000,0.00000000, 2, 255, 7, 24,0xf0000,No,No,No,No,Yes,Yes,Yes,Yes
2026-04-13 10:54:15,0.0,1500,500,,500,500,44,,200,,,648,,54.9,0.7200,0.6000,0.6000,1.1000,0.00000000,0.06733918,0.12491900,0.00390372,0.00000000,0.20494530,0.34059960,0.87514000,0.00000000,0.00048840,0.00518925,0.01440780,3.79999600,3.30910500,1.80024200,1.10439400,0.61318620,1.10549400,0.80036550,0.72070740,3.30952000,3.31043600,0.79970620,5.04778000,5.04778000,0.00000000, 2, 255, 7, 24,0xf0000,No,No,No,No,Yes,Yes,Yes,Yes
2026-04-13 10:54:17,1.0,1500,500,,500,500,44,,200,,,648,,55.4,0.7200,0.6000,0.6000,1.1000,0.00000000,0.05953173,0.12589500,0.00878337,0.00000000,0.32010500,0.33474400,0.86621010,0.00000000,0.00000000,0.00592185,0.01391940,3.79999600,3.31096100,1.80024200,1.10769100,0.61245360,1.10586000,0.79963290,0.72070740,3.31135200,3.31318300,0.79999920,5.04644000,5.06922000,0.00000000, 2, 255, 7, 24,0xf0000,No,No,No,No,Yes,Yes,Yes,Yes
2026-04-13 10:54:19,0.0,2400,910,,910,960,44,,200,,,648,,56.0,0.8600,0.6000,0.6000,1.1000,0.00000000,0.07514661,0.13272650,0.01073523,0.00000000,0.20396940,0.33962360,1.39308000,0.00000000,0.00006105,0.00518925,0.01465200,3.79999600,3.30817700,1.81684800,1.10586000,0.61245360,1.10659200,0.80036550,0.86092710,3.30860500,3.31135200,0.79970620,5.05314000,5.04778000,0.00000000, 2, 255, 7, 24,0xf0000,No,No,No,No,Yes,Yes,Yes,Yes
2026-04-13 10:54:22,0.0,2400,910,,910,960,44,,200,,,648,,56.0,0.8600,0.6000,0.6000,1.1000,0.00000000,0.05953173,0.13175060,0.00585558,0.00000000,0.20592120,0.33767180,1.40201000,0.00000000,0.00006105,0.00518925,0.01404150,3.79999600,3.31003300,1.79926600,1.11025500,0.61062210,1.10366200,0.80146440,0.86065850,3.30952000,3.31135200,0.79999920,5.04242000,5.02902000,0.00000000, 2, 255, 7, 24,0xf0000,No,No,No,No,Yes,Yes,Yes,Yes
2026-04-13 10:54:24,0.0,1500,500,,500,500,44,,200,,,648,,56.0,0.7200,0.6000,0.6000,1.1000,0.00000000,0.05953173,0.12394310,0.00878337,0.00000000,0.20494530,0.34547920,0.89299990,0.00000000,0.00048840,0.00598290,0.01428570,3.79999600,3.30632200,1.80024200,1.10586000,0.61208730,1.10146400,0.80183080,0.72070740,3.31043600,3.31043600,0.79999920,5.06922000,5.05314000,0.00000000, 2, 255, 7, 24,0xf0000,No,No,No,No,Yes,Yes,Yes,Yes
2026-04-13 10:54:26,0.0,1500,500,,500,500,44,,200,,,648,,56.0,0.7200,0.6000,0.6000,1.1000,0.00000000,0.06050766,0.12979870,0.00390372,0.00000000,0.22348800,0.34255140,0.87514000,0.00000000,0.00048840,0.00482295,0.01428570,3.79999600,3.32024100,1.80024200,1.11282000,0.61208730,1.10549400,0.80146440,0.72043880,3.30860500,3.31135200,0.79970620,5.08932000,5.07994000,0.00000000, 2, 255, 7, 24,0xf0000,No,No,No,No,Yes,Yes,Yes,Yes
2026-04-13 10:54:28,0.0,1500,500,,500,500,44,,200,,,648,,55.4,0.7200,0.6000,0.6000,1.1000,0.00000000,0.06148359,0.12687090,0.00390372,0.00000000,0.20592120,0.34059960,0.87514000,0.00000000,0.00048840,0.00500610,0.01465200,3.79999600,3.32580900,1.80024200,1.10732500,0.61245360,1.10146400,0.80366220,0.72070740,3.30952000,3.31135200,0.79912020,5.07592000,5.09602000,0.00000000, 2, 255, 7, 24,0xf0000,No,No,No,No,Yes,Yes,Yes,Yes
2026-04-13 10:54:30,0.0,1500,500,,500,500,44,,200,,,648,,55.4,0.7200,0.6000,0.6000,1.1000,0.00000000,0.06148359,0.12589500,0.00487965,0.00000000,0.21470460,0.33864770,0.88407000,0.00000000,0.00048840,0.00518925,0.01404150,3.79999600,3.30260900,1.80024200,1.10805800,0.61318620,1.10769100,0.80183080,0.72070740,3.31135200,3.31226800,0.79941320,5.04912000,5.05314000,0.00000000, 2, 255, 7, 24,0xf0000,No,No,No,No,Yes,Yes,Yes,Yes
2026-04-13 10:54:32,0.0,1500,500,,500,500,44,,200,,,648,,55.4,0.7200,0.6000,0.6000,1.1000,0.00000000,0.06636324,0.12687090,0.00487965,0.00000000,0.20689720,0.33571990,0.87514000,0.00000000,0.00048840,0.00525030,0.01465200,3.79999600,3.32766400,1.79926600,1.10805800,0.61281990,1.10586000,0.80219700,0.72070740,3.31043600,3.31318300,0.79912020,5.07860000,5.03706000,0.00000000, 2, 255, 7, 24,0xf0000,No,No,No,No,Yes,Yes,Yes,Yes
2026-04-13 10:54:34,0.0,1500,500,,500,500,44,,200,,,648,,55.4,0.7200,0.6000,0.6000,1.1000,0.00000000,0.05855580,0.12687090,0.00780744,0.00000000,0.20494530,0.33767180,0.89299990,0.00000000,0.00048840,0.00586080,0.01465200,3.79999600,3.33323200,1.80024200,1.10695900,0.61208730,1.10549400,0.79963290,0.72070740,3.30952000,3.31226800,0.79999920,5.06922000,5.09602000,0.00000000, 2, 255, 7, 24,0xf0000,No,No,No,No,Yes,Yes,Yes,Yes
2026-04-13 10:54:36,0.0,1500,500,,500,500,44,,200,,,648,,55.4,0.7200,0.6000,0.6000,1.1000,0.00000000,0.05855580,0.12784680,0.00390372,0.00000000,0.20396940,0.33474400,0.87514000,0.00000000,0.00000000,0.00500610,0.01477410,3.79999600,3.31188900,1.80561500,1.11062200,0.61245360,1.10769100,0.80329590,0.72043880,3.30952000,3.31318300,0.79999920,5.05984000,5.06520000,0.00000000, 2, 255, 7, 24,0xf0000,No,No,No,No,Yes,Yes,Yes,Yes
2026-04-13 10:54:39,0.0,1500,500,,500,500,44,,200,,,648,,54.3,0.7200,0.6000,0.6000,1.1000,0.00000000,0.05953173,0.12589500,0.00487965,0.00000000,0.20494530,0.33864770,0.89299990,0.00000000,0.00048840,0.00500610,0.01428570,3.79999600,3.31003300,1.80024200,1.10549400,0.60366240,1.10769100,0.80219700,0.72097620,3.31043600,3.31043600,0.79970620,5.04242000,5.04242000,0.00000000, 2, 255, 7, 24,0xf0000,No,No,No,No,Yes,Yes,Yes,Yes
2026-04-13 10:54:41,0.0,2400,910,,910,960,44,,200,,,648,,56.0,0.8600,0.6000,0.6000,1.1000,0.00000000,0.07514661,0.13467840,0.00683151,0.00000000,0.20494530,0.33864770,1.40201000,0.00000000,0.00024420,0.00592185,0.01440780,3.79999600,3.31281700,1.80659200,1.11025500,0.61318620,1.10549400,0.80329590,0.86092710,3.31043600,3.31043600,0.79970620,5.04242000,5.04912000,0.00000000, 2, 255, 7, 24,0xf0000,No,No,No,No,Yes,Yes,Yes,Yes
2026-04-13 10:54:43,0.0,2400,910,,910,960,44,,200,,,648,,56.5,0.8600,0.6000,0.6000,1.1000,0.00000000,0.05953173,0.13467840,0.00487965,0.00000000,0.20299340,0.34059960,1.41094000,0.00000000,0.00006105,0.00518925,0.01416360,3.79999600,3.30817700,1.81684800,1.10695900,0.60988950,1.10549400,0.80146440,0.86065850,3.30768900,3.31135200,0.79912020,5.01696000,5.02634000,0.00000000, 2, 255, 7, 24,0xf0000,No,No,No,No,Yes,Yes,Yes,Yes
2026-04-13 10:54:45,0.0,1500,500,,500,500,44,,200,,,648,,56.0,0.7200,0.6000,0.6000,1.1000,0.00000000,0.09759300,0.16005250,0.00683151,0.00000000,0.20299340,0.33767180,0.87514000,0.00000000,0.00000000,0.00518925,0.01428570,3.79999600,3.32766400,1.79828900,1.11062200,0.61465140,1.10439400,0.79963290,0.72043880,3.31043600,3.31043600,0.79941320,5.03974000,5.03572000,0.00000000, 2, 255, 7, 24,0xf0000,No,No,No,No,Yes,Yes,Yes,Yes
2026-04-13 10:54:47,0.0,1500,500,,500,500,44,,200,,,648,,56.0,0.7200,0.6000,0.6000,1.1000,0.00000000,0.06343545,0.12687090,0.00195186,0.00000000,0.20592120,0.34157550,0.87514000,0.00000000,0.00000000,0.00555555,0.01440780,3.79999600,3.32580900,1.80024200,1.10292900,0.61281990,1.10769100,0.80146440,0.72070740,3.31043600,3.31226800,0.79941320,5.09066000,5.09334000,0.00000000, 2, 255, 7, 24,0xf0000,No,No,No,No,Yes,Yes,Yes,Yes
2026-04-13 10:54:49,1.7,1500,500,,500,500,44,,200,,,648,,55.4,0.7200,0.6000,0.6000,1.1000,0.00000000,0.06538731,0.12687090,0.00780744,0.00000000,0.20396940,0.33962360,0.88407000,0.00000000,0.00048840,0.00482295,0.01428570,3.79999600,3.31003300,1.80024200,1.10732500,0.61208730,1.10549400,0.80366220,0.72070740,3.31043600,3.31043600,0.79941320,5.01562000,5.05984000,0.00000000, 2, 255, 7, 24,0xf0000,No,No,No,No,Yes,Yes,Yes,Yes
2026-04-13 10:54:51,0.0,1500,500,,500,500,44,,200,,,648,,56.5,0.7200,0.6000,0.6000,1.1000,0.00000000,0.06343545,0.12687090,0.00878337,0.00000000,0.20396940,0.33864770,0.87514000,0.00000000,0.00000000,0.00525030,0.01428570,3.79999600,3.31003300,1.79877700,1.10805800,0.61208730,1.10292900,0.79926660,0.72043880,3.31043600,3.31135200,0.79941320,5.05314000,5.05314000,0.00000000, 2, 255, 7, 24,0xf0000,No,No,No,No,Yes,Yes,Yes,Yes
2026-04-13 10:54:54,0.0,1500,500,,500,500,44,,200,,,648,,55.4,0.7200,0.6000,0.6000,1.1000,0.00000000,0.06733918,0.12687090,0.00780744,0.00000000,0.20689720,0.34059960,0.87514000,0.00000000,0.00048840,0.00573870,0.01477410,3.79999600,3.30632200,1.80024200,1.10915600,0.61208730,1.10549400,0.80256330,0.72070740,3.30952000,3.31043600,0.79941320,5.08396000,5.08262000,0.00000000, 2, 255, 7, 24,0xf0000,No,No,No,No,Yes,Yes,Yes,Yes
2026-04-13 10:54:56,0.2,1500,500,,500,500,44,,200,,,648,,55.4,0.7200,0.6000,0.6000,1.1000,0.00000000,0.06733918,0.12784680,0.01366302,0.00000000,0.20396940,0.33864770,0.87514000,0.00000000,0.00000000,0.00518925,0.01404150,3.79999600,3.31467300,1.80024200,1.10842400,0.61318620,1.10769100,0.79963290,0.72070740,3.31043600,3.31135200,0.79941320,5.08128000,5.09334000,0.00000000, 2, 255, 7, 24,0xf0000,No,No,No,No,Yes,Yes,Yes,Yes
2026-04-13 10:54:58,0.2,1500,500,,500,500,44,,200,,,648,,54.9,0.7200,0.6000,0.6000,1.1000,0.00000000,0.06050766,0.12784680,0.00292779,0.00000000,0.20396940,0.33669580,0.86621010,0.00000000,0.00000000,0.00586080,0.01428570,3.79999600,3.31374500,1.80659200,1.10586000,0.61281990,1.10805800,0.80183080,0.72043880,3.30952000,3.31043600,0.79941320,5.05984000,5.06520000,0.00000000, 2, 255, 7, 24,0xf0000,No,No,No,No,Yes,Yes,Yes,Yes
2026-04-13 10:55:00,1.0,2400,910,,910,960,44,,200,,,648,,56.0,0.8600,0.6000,0.6000,1.1000,0.00000000,0.06441138,0.13370240,0.00683151,0.00000000,0.20396940,0.34352740,1.41094000,0.00000000,0.00000000,0.00634920,0.01465200,3.79999600,3.31931300,1.80610300,1.10586000,0.61318620,1.10549400,0.80292960,0.86065850,3.30860500,3.31043600,0.79999920,5.01830000,5.03974000,0.00000000, 2, 255, 7, 24,0xf0000,No,No,No,No,Yes,Yes,Yes,Yes
2026-04-13 10:55:02,0.0,2400,910,,910,960,44,,200,,,648,,56.0,0.8600,0.6000,0.6000,1.1000,0.00000000,0.06148359,0.13370240,0.00975930,0.00000000,0.20592120,0.33767180,1.40201000,0.00000000,0.00024420,0.00506715,0.01465200,3.79999600,3.30817700,1.80659200,1.10879000,0.61172100,1.10659200,0.80329590,0.86119580,3.31043600,3.31226800,0.79912020,5.03304000,5.05046000,0.00000000, 2, 255, 7, 24,0xf0000,No,No,No,No,Yes,Yes,Yes,Yes
2026-04-13 10:55:04,0.0,1500,500,,500,500,44,,200,,,648,,56.0,0.7200,0.6000,0.6000,1.1000,0.00000000,0.06441138,0.12784680,0.00975930,0.00000000,0.20299340,0.34255140,0.87514000,0.00000000,0.00024420,0.00494505,0.01440780,3.79999600,3.31560100,1.80659200,1.11208700,0.61281990,1.10805800,0.80146440,0.71990160,3.30860500,3.31135200,0.79941320,5.03974000,5.05984000,0.00000000, 2, 255, 7, 24,0xf0000,No,No,No,No,Yes,Yes,Yes,Yes
2026-04-13 10:55:06,1.0,1500,500,,500,500,44,,200,,,648,,56.0,0.7200,0.6000,0.6000,1.1000,0.05953173,0.05953173,0.12687090,0.00585558,0.00000000,0.20494530,0.34059960,0.87514000,0.00000000,0.00000000,0.00586080,0.01440780,3.71926400,3.32766400,1.80561500,1.11355200,0.61428510,1.10769100,0.80256330,0.72043880,3.30952000,3.31043600,0.79999920,5.07056000,5.07056000,0.00000000, 2, 255, 7, 24,0xf0000,No,No,No,No,Yes,Yes,Yes,Yes
2026-04-13 10:55:08,0.0,1500,500,,500,500,44,,200,,,648,,55.4,0.7200,0.6000,0.6000,1.1000,0.06050766,0.06148359,0.12687090,0.00780744,0.00000000,0.20689720,0.34157550,0.87514000,0.00000000,0.00048840,0.00616605,0.01465200,3.71833600,3.32580900,1.80024200,1.11062200,0.61172100,1.10842400,0.79963290,0.72070740,3.30952000,3.31043600,0.80029220,5.08396000,5.08932000,0.00000000, 2, 255, 7, 24,0xf0000,No,No,No,No,Yes,Yes,Yes,Yes
2026-04-13 10:55:11,0.5,2400,910,,910,960,43,,200,,,648,,56.5,0.8600,0.6000,0.6000,1.1000,0.05953173,0.05953173,0.13272650,0.00683151,0.00000000,0.20396940,0.33669580,1.40201000,0.00000000,0.00006105,0.00512820,0.01428570,3.71462400,3.31096100,1.81684800,1.10842400,0.61245360,1.10659200,0.80109810,0.86065850,3.30768900,3.31135200,0.79941320,5.01696000,5.01026000,0.00000000, 2, 255, 7, 24,0xf0000,No,No,No,No,Yes,Yes,Yes,Yes
2026-04-13 10:55:13,0.0,2400,910,,910,960,44,,200,,,648,,56.5,0.8600,0.6000,0.6000,1.1000,0.00000000,0.05953173,0.13175060,0.00292779,0.00000000,0.20396940,0.33767180,1.40201000,0.00000000,0.00024420,0.00518925,0.01428570,3.79999600,3.31560100,1.80659200,1.10695900,0.61208730,1.10146400,0.80879040,0.86038990,3.31318300,3.31226800,0.79970620,5.06520000,5.04912000,0.00000000, 2, 255, 7, 24,0xf0000,No,No,No,No,Yes,Yes,Yes,Yes
2026-04-13 10:55:15,0.0,1500,500,,500,500,44,,200,,,648,,56.0,0.7200,0.6000,0.6000,1.1000,0.00000000,0.06733918,0.12882280,0.00683151,0.00000000,0.20494530,0.34255140,0.88407000,0.00000000,0.00000000,0.00518925,0.01489620,3.79999600,3.31096100,1.80610300,1.11208700,0.61281990,1.10769100,0.80146440,0.72070740,3.31043600,3.31043600,0.79941320,5.09066000,5.09870000,0.00000000, 2, 255, 7, 24,0xf0000,No,No,No,No,Yes,Yes,Yes,Yes
2026-04-13 10:55:17,0.0,1500,500,,500,500,44,,200,,,648,,56.0,0.7200,0.6000,0.6000,1.1000,0.00000000,0.05757987,0.12687090,0.00683151,0.00000000,0.20299340,0.33864770,0.87514000,0.00000000,0.00000000,0.00586080,0.01391940,3.79999600,3.31467300,1.80024200,1.10732500,0.61391880,1.10769100,0.80036550,0.72017020,3.30860500,3.30952000,0.79941320,5.05314000,5.05850000,0.00000000, 2, 255, 7, 24,0xf0000,No,No,No,No,Yes,Yes,Yes,Yes
2026-04-13 10:55:19,0.0,1500,500,,500,500,44,,200,,,648,,56.5,0.7200,0.6000,0.6000,1.1000,0.00000000,0.06148359,0.12687090,0.00683151,0.00000000,0.20689720,0.33864770,0.87514000,0.00000000,0.00000000,0.00518925,0.01465200,3.79999600,3.33137600,1.79828900,1.10879000,0.61208730,1.10586000,0.80256330,0.72017020,3.31043600,3.31226800,0.79999920,5.06252000,5.04108000,0.00000000, 2, 255, 7, 24,0xf0000,No,No,No,No,Yes,Yes,Yes,Yes
2026-04-13 10:55:21,0.0,1500,500,,500,500,44,,200,,,648,,56.0,0.7200,0.6000,0.6000,1.1000,0.00000000,0.05953173,0.12784680,0.00390372,0.00000000,0.20396940,0.34255140,0.86621010,0.00000000,0.00048840,0.00500610,0.01391940,3.79999600,3.30168200,1.80024200,1.11062200,0.61318620,1.10439400,0.80439480,0.72070740,3.31135200,3.31318300,0.79970620,5.10004000,5.08530000,0.00000000, 2, 255, 7, 24,0xf0000,No,No,No,No,Yes,Yes,Yes,Yes
2026-04-13 10:55:23,1.0,1500,500,,500,500,44,,200,,,648,,54.3,0.7200,0.6000,0.6000,1.1000,0.00000000,0.06245952,0.12589500,0.00487965,0.00000000,0.20494530,0.33767180,0.88407000,0.00000000,0.00048840,0.00586080,0.01477410,3.79999600,3.31281700,1.80024200,1.10732500,0.61318620,1.10769100,0.80329590,0.72070740,3.30952000,3.31226800,0.79941320,5.05984000,5.05716000,0.00000000, 2, 255, 7, 24,0xf0000,No,No,No,No,Yes,Yes,Yes,Yes
2026-04-13 10:55:26,0.0,1500,500,,500,500,44,,200,,,648,,56.5,0.7200,0.6000,0.6000,1.1000,0.00000000,0.06733918,0.12784680,0.01171116,0.00000000,0.20299340,0.33962360,0.88407000,0.00000000,0.00024420,0.00518925,0.01404150,3.79999600,3.29518600,1.80659200,1.11025500,0.61281990,1.10549400,0.80036550,0.72017020,3.30768900,3.31135200,0.79912020,5.05984000,5.05984000,0.00000000, 2, 255, 7, 24,0xf0000,No,No,No,No,Yes,Yes,Yes,Yes
2026-04-13 10:55:28,0.0,1500,500,,500,500,44,,200,,,648,,56.0,0.7200,0.6000,0.6000,1.1000,0.00000000,0.06929103,0.12491900,0.00487965,0.00000000,0.20396940,0.34059960,0.87514000,0.00000000,0.00000000,0.00592185,0.01465200,3.79999600,3.31281700,1.80610300,1.10805800,0.61208730,1.10586000,0.80292960,0.72043880,3.30952000,3.31135200,0.79999920,5.09200000,5.08798000,0.00000000, 2, 255, 7, 24,0xf0000,No,No,No,No,Yes,Yes,Yes,Yes
2026-04-13 10:55:30,2.5,1500,500,,500,500,44,,200,,,648,,56.0,0.7200,0.6000,0.6000,1.1000,0.00000000,0.06148359,0.12589500,0.00780744,0.00000000,0.20689720,0.33864770,0.88407000,0.00000000,0.00000000,0.00457875,0.01404150,3.79999600,3.32952100,1.79828900,1.11355200,0.60586020,1.10549400,0.80366220,0.72017020,3.30860500,3.31226800,0.79970620,5.04778000,5.07458000,0.00000000, 2, 255, 7, 24,0xf0000,No,No,No,No,Yes,Yes,Yes,Yes
2026-04-13 10:55:32,0.2,2400,910,,910,960,44,,200,,,648,,57.1,0.8600,0.6000,0.6000,1.1000,0.00000000,0.06148359,0.13370240,0.00683151,0.00000000,0.20592120,0.34547920,1.40201000,0.00000000,0.00024420,0.00634920,0.01489620,3.79999600,3.31374500,1.80659200,1.10879000,0.61318620,1.10549400,0.80109810,0.86092710,3.30860500,3.31135200,0.79941320,5.03840000,5.03438000,0.00000000, 2, 255, 7, 24,0xf0000,No,No,No,No,Yes,Yes,Yes,Yes
2026-04-13 10:55:34,0.0,2400,910,,910,960,44,,200,,,648,,56.0,0.8600,0.6000,0.6000,1.1000,0.00000000,0.05855580,0.13467840,0.00585558,0.00000000,0.20299340,0.33962360,1.40201000,0.00000000,0.00000000,0.00518925,0.01489620,3.79999600,3.30910500,1.80561500,1.10805800,0.61245360,1.10512700,0.80256330,0.86119580,3.30952000,3.31135200,0.80058540,5.07458000,5.05314000,0.00000000, 2, 255, 7, 24,0xf0000,No,No,No,No,Yes,Yes,Yes,Yes
2026-04-13 10:55:36,0.0,1500,500,,500,500,44,,200,,,648,,56.0,0.7200,0.6000,0.6000,1.1000,0.00000000,0.06050766,0.12687090,0.00683151,0.00000000,0.21470460,0.34157550,0.88407000,0.00000000,0.00000000,0.00518925,0.01391940,3.79999600,3.32766400,1.79682400,1.10805800,0.61281990,1.10769100,0.79963290,0.72097620,3.31043600,3.31318300,0.79941320,5.07190000,5.03706000,0.00000000, 2, 255, 7, 24,0xf0000,No,No,No,No,Yes,Yes,Yes,Yes
2026-04-13 10:55:38,0.0,1500,500,,500,500,44,,200,,,648,,56.5,0.7200,0.6000,0.6000,1.1000,0.00000000,0.06441138,0.12491900,0.01073523,0.00000000,0.20494530,0.33767180,0.87514000,0.00000000,0.00048840,0.00647130,0.01440780,3.79999600,3.32580900,1.80024200,1.10805800,0.61208730,1.10769100,0.80329590,0.72043880,3.30952000,3.31043600,0.79941320,5.04778000,5.03170000,0.00000000, 2, 255, 7, 24,0xf0000,No,No,No,No,Yes,Yes,Yes,Yes
2026-04-13 10:55:41,1.5,1800,636,,636,653,44,,200,,,648,,56.0,0.7775,0.6000,0.6000,1.1000,0.00000000,0.06050766,0.12687090,0.00683151,0.00000000,0.21372870,0.33767180,0.88407000,0.00000000,0.00000000,0.00598290,0.01428570,3.79999600,3.31096100,1.80659200,1.10769100,0.61208730,1.10109800,0.80146440,0.72017020,3.30952000,3.31135200,0.79882700,5.05314000,5.07190000,0.00000000, 2, 255, 7, 24,0xf0000,No,No,No,No,Yes,Yes,Yes,Yes
2026-04-13 10:55:43,0.0,1500,500,,500,500,44,,200,,,648,,54.9,0.7200,0.6000,0.6000,1.1000,0.00000000,0.05953173,0.12784680,0.00878337,0.00000000,0.20689720,0.34157550,0.85727990,0.00000000,0.00000000,0.00598290,0.01489620,3.79999600,3.32580900,1.80024200,1.10695900,0.61172100,1.10805800,0.79963290,0.72043880,3.30860500,3.31226800,0.79999920,5.10272000,5.09066000,0.00000000, 2, 255, 7, 24,0xf0000,No,No,No,No,Yes,Yes,Yes,Yes
2026-04-13 10:55:45,0.0,1500,500,,500,500,44,,200,,,648,,55.4,0.7200,0.6000,0.6000,1.1000,0.00000000,0.05953173,0.12491900,0.00487965,0.00000000,0.20396940,0.33571990,0.87514000,0.00000000,0.00048840,0.00586080,0.01465200,3.79999600,3.30910500,1.80024200,1.11208700,0.61318620,1.10769100,0.80402850,0.72070740,3.31043600,3.31043600,0.79941320,5.05850000,5.05046000,0.00000000, 2, 255, 7, 24,0xf0000,No,No,No,No,Yes,Yes,Yes,Yes
2026-04-13 10:55:47,0.0,1500,500,,500,500,44,,200,,,648,,55.4,0.7200,0.6000,0.6000,1.1000,0.00000000,0.06343545,0.12687090,0.00878337,0.00000000,0.20494530,0.33767180,0.87514000,0.00000000,0.00000000,0.00598290,0.01440780,3.79999600,3.32952100,1.79926600,1.11062200,0.61281990,1.10549400,0.80256330,0.72151340,3.31043600,3.31226800,0.79999920,5.06654000,5.03170000,0.00000000, 2, 255, 7, 24,0xf0000,No,No,No,No,Yes,Yes,Yes,Yes
2026-04-13 10:55:49,0.0,1500,500,,500,500,44,,200,,,648,,55.4,0.7200,0.6000,0.6000,1.1000,0.00000000,0.06441138,0.12882280,0.00878337,0.00000000,0.20592120,0.33962360,0.90193000,0.00000000,0.00000000,0.00518925,0.01489620,3.79999600,3.32302500,1.80024200,1.11355200,0.61245360,1.10549400,0.80292960,0.72070740,3.31043600,3.31318300,0.79970620,5.09066000,5.09066000,0.00000000, 2, 255, 7, 24,0xf0000,No,No,No,No,Yes,Yes,Yes,Yes
2026-04-13 10:55:51,1.5,2400,910,,910,960,44,,200,,,648,,56.0,0.8600,0.6000,0.6000,1.1000,0.00000000,0.05953173,0.13077460,0.01268709,0.00000000,0.20299340,0.34059960,1.38415000,0.00000000,0.00000000,0.00592185,0.01416360,3.79999600,3.31560100,1.80610300,1.10805800,0.61172100,1.10769100,0.80109810,0.86038990,3.31043600,3.31043600,0.79970620,5.02634000,5.01562000,0.00000000, 2, 255, 7, 24,0xf0000,No,No,No,No,Yes,Yes,Yes,Yes
2026-04-13 10:55:53,0.0,2400,910,,910,960,44,,200,,,648,,57.1,0.8600,0.6000,0.6000,1.1000,0.00000000,0.05953173,0.13467840,0.00585558,0.00000000,0.20494530,0.34157550,1.40201000,0.00000000,0.00000000,0.00457875,0.01465200,3.79999600,3.33137600,1.80024200,1.11208700,0.61245360,1.10549400,0.80219700,0.86119580,3.30952000,3.31135200,0.79912020,5.04376000,5.03438000,0.00000000, 2, 255, 7, 24,0xf0000,No,No,No,No,Yes,Yes,Yes,Yes
2026-04-13 10:55:55,1.0,2400,910,,910,960,44,,200,,,648,,57.1,0.8600,0.6000,0.6000,1.1000,0.00000000,0.06148359,0.13467840,0.01268709,0.00000000,0.20494530,0.33962360,1.40201000,0.00000000,0.00000000,0.00482295,0.01465200,3.79999600,3.30817700,1.80659200,1.10732500,0.61208730,1.10549400,0.80219700,0.86092710,3.31043600,3.31043600,0.79970620,5.03170000,5.05984000,0.00000000, 2, 255, 7, 24,0xf0000,No,No,No,No,Yes,Yes,Yes,Yes
2026-04-13 10:55:58,0.2,1500,500,,500,500,44,,200,,,648,,54.9,0.7200,0.6000,0.6000,1.1000,0.00000000,0.05953173,0.12784680,0.00683151,0.00000000,0.20396940,0.33767180,0.89299990,0.00000000,0.00048840,0.00500610,0.01416360,3.79999600,3.32209700,1.80024200,1.11355200,0.61208730,1.10146400,0.80256330,0.72043880,3.30952000,3.31226800,0.79970620,5.04644000,5.06922000,0.00000000, 2, 255, 7, 24,0xf0000,No,No,No,No,Yes,Yes,Yes,Yes
2026-04-13 10:56:00,0.0,1500,500,,500,500,44,,200,,,648,,55.4,0.7200,0.6000,0.6000,1.1000,0.00000000,0.10637640,0.15712470,0.00780744,0.00000000,0.20592120,0.34157550,0.88407000,0.00000000,0.00000000,0.00512820,0.01440780,3.79999600,3.30724900,1.79926600,1.11208700,0.61318620,1.10366200,0.79926660,0.72017020,3.30860500,3.31226800,0.79999920,5.02634000,5.02634000,0.00000000, 2, 255, 7, 24,0xf0000,No,No,No,No,Yes,Yes,Yes,Yes
2026-04-13 10:56:02,1.5,1500,500,,500,500,44,,200,,,648,,54.9,0.7200,0.6000,0.6000,1.1000,0.00000000,0.06245952,0.12491900,0.00292779,0.00000000,0.20396940,0.33864770,0.86621010,0.00000000,0.00048840,0.00451770,0.01428570,3.79999600,3.32209700,1.80024200,1.10952300,0.61098840,1.10805800,0.80256330,0.72151340,3.31043600,3.31226800,0.79912020,5.06922000,5.05314000,0.00000000, 2, 255, 7, 24,0xf0000,No,No,No,No,Yes,Yes,Yes,Yes
2026-04-13 10:56:04,0.0,1500,500,,500,500,44,,200,,,648,,56.0,0.7200,0.6000,0.6000,1.1000,0.00000000,0.05855580,0.12589500,0.00487965,0.00000000,0.20299340,0.34157550,0.87514000,0.00000000,0.00048840,0.00610500,0.01440780,3.79999600,3.31652900,1.80317300,1.11172000,0.61135470,1.10695900,0.79926660,0.72097620,3.30952000,3.31135200,0.79999920,5.03572000,5.05984000,0.00000000, 2, 255, 7, 24,0xf0000,No,No,No,No,Yes,Yes,Yes,Yes
2026-04-13 10:56:06,0.0,1500,500,,500,500,44,,200,,,648,,55.4,0.7200,0.6000,0.6000,1.1000,0.00000000,0.07612254,0.12491900,0.00683151,0.00000000,0.20787310,0.33864770,0.86621010,0.00000000,0.00048840,0.00586080,0.01404150,3.79999600,3.32580900,1.80024200,1.10732500,0.61245360,1.10769100,0.79963290,0.72070740,3.31043600,3.31226800,0.79970620,5.06788000,5.04242000,0.00000000, 2, 255, 7, 24,0xf0000,No,No,No,No,Yes,Yes,Yes,Yes
2026-04-13 10:56:08,0.0,1500,500,,500,500,44,,200,,,648,,54.9,0.7200,0.6000,0.6000,1.1000,0.00000000,0.05953173,0.12882280,0.00780744,0.00000000,0.20396940,0.33962360,0.89299990,0.00000000,0.00000000,0.00494505,0.01465200,3.79999600,3.31374500,1.80561500,1.11062200,0.60036570,1.10586000,0.80292960,0.72070740,3.30860500,3.31135200,0.79941320,5.08396000,5.09334000,0.00000000, 2, 255, 7, 24,0xf0000,No,No,No,No,Yes,Yes,Yes,Yes
2026-04-13 10:56:10,0.0,1500,500,,500,500,44,,200,,,648,,55.4,0.7200,0.6000,0.6000,1.1000,0.00000000,0.06538731,0.12589500,0.00780744,0.00000000,0.22641580,0.33767180,0.87514000,0.00000000,0.00000000,0.00482295,0.01428570,3.79999600,3.33137600,1.80024200,1.11355200,0.61245360,1.10146400,0.80109810,0.72070740,3.31043600,3.31226800,0.79941320,5.04778000,5.09066000,0.00000000, 2, 255, 7, 24,0xf0000,No,No,No,No,Yes,Yes,Yes,Yes
2026-04-13 10:56:13,1.3,2400,910,,910,960,44,,200,,,648,,56.0,0.8600,0.6000,0.6000,1.1000,0.00000000,0.05953173,0.13370240,0.00878337,0.00000000,0.20592120,0.33962360,1.38415000,0.00000000,0.00000000,0.00518925,0.01489620,3.79999600,3.31281700,1.80610300,1.11135400,0.61318620,1.10769100,0.80292960,0.86065850,3.31043600,3.31043600,0.79941320,5.04242000,5.03304000,0.00000000, 2, 255, 7, 24,0xf0000,No,No,No,No,Yes,Yes,Yes,Yes
2026-04-13 10:56:15,0.0,2400,910,,910,960,43,,200,,,648,,56.5,0.8600,0.6000,0.6000,1.1000,0.00000000,0.06050766,0.13370240,0.00292779,0.00000000,0.20396940,0.34059960,1.39308000,0.00000000,0.00024420,0.00647130,0.01465200,3.79999600,3.31188900,1.80659200,1.10988900,0.61098840,1.10402800,0.80402850,0.86038990,3.30952000,3.31409900,0.79941320,5.05850000,5.06386000,0.00000000, 2, 255, 7, 24,0xf0000,No,No,No,No,Yes,Yes,Yes,Yes
2026-04-13 10:56:17,0.0,1500,500,,500,500,44,,200,,,648,,55.4,0.7200,0.6000,0.6000,1.1000,0.00000000,0.05855580,0.12979870,0.00878337,0.00000000,0.20494530,0.33962360,0.90193000,0.00000000,0.00024420,0.00592185,0.01440780,3.79999600,3.31931300,1.80659200,1.10879000,0.61355250,1.10549400,0.79963290,0.72017020,3.30952000,3.31043600,0.79912020,5.05314000,5.05984000,0.00000000, 2, 255, 7, 24,0xf0000,No,No,No,No,Yes,Yes,Yes,Yes
2026-04-13 10:56:19,0.5,1500,500,,500,500,44,,200,,,648,,55.4,0.7200,0.6000,0.6000,1.1000,0.00000000,0.09271335,0.12687090,0.01366302,0.00000000,0.20396940,0.33962360,0.88407000,0.00000000,0.00048840,0.00518925,0.01440780,3.79999600,3.30260900,1.80024200,1.10805800,0.60622650,1.10549400,0.80256330,0.72070740,3.30952000,3.31043600,0.79970620,5.04644000,5.05850000,0.00000000, 2, 255, 7, 24,0xf0000,No,No,No,No,Yes,Yes,Yes,Yes
2026-04-13 10:56:21,0.0,1500,500,,500,500,44,,200,,,648,,55.4,0.7200,0.6000,0.6000,1.1000,0.00000000,0.06343545,0.12687090,0.00585558,0.00000000,0.22836760,0.34157550,0.89299990,0.00000000,0.00000000,0.00549450,0.01465200,3.79999600,3.31281700,1.80561500,1.10695900,0.61281990,1.10805800,0.80256330,0.72017020,3.30952000,3.31043600,0.79999920,5.06386000,5.07592000,0.00000000, 2, 255, 7, 24,0xf0000,No,No,No,No,Yes,Yes,Yes,Yes
2026-04-13 10:56:23,0.0,2400,910,,910,960,44,,200,,,648,,56.0,0.8600,0.6000,0.6000,1.1000,0.00000000,0.06148359,0.13467840,0.00780744,0.00000000,0.21275270,0.34352740,1.41094000,0.00000000,0.00000000,0.00384615,0.01416360,3.79999600,3.32209700,1.80024200,1.10439400,0.61318620,1.10146400,0.80256330,0.86038990,3.31043600,3.31226800,0.79970620,5.06922000,5.07860000,0.00000000, 2, 255, 7, 24,0xf0000,No,No,No,No,Yes,Yes,Yes,Yes
2026-04-13 10:56:25,0.0,2400,910,,910,960,44,,200,,,648,,56.5,0.8600,0.6000,0.6000,1.1000,0.00000000,0.06050766,0.13077460,0.01171116,0.00000000,0.20494530,0.34255140,1.41094000,0.00000000,0.00006105,0.00512820,0.01428570,3.79999600,3.30260900,1.81684800,1.11208700,0.61208730,1.10769100,0.80256330,0.86119580,3.31135200,3.31043600,0.79999920,5.03840000,5.03438000,0.00000000, 2, 255, 7, 24,0xf0000,No,No,No,No,Yes,Yes,Yes,Yes
2026-04-13 10:56:27,0.0,1500,500,,500,500,44,,200,,,648,,55.4,0.7200,0.6000,0.6000,1.1000,0.00000000,0.09856894,0.15907660,0.00683151,0.00000000,0.20494530,0.33864770,0.89299990,0.00000000,0.00048840,0.00531135,0.01428570,3.79999600,3.32952100,1.80024200,1.10695900,0.61025580,1.10769100,0.80256330,0.72070740,3.31043600,3.31226800,0.79970620,5.08932000,5.08932000,0.00000000, 2, 255, 7, 24,0xf0000,No,No,No,No,Yes,Yes,Yes,Yes
2026-04-13 10:56:30,0.0,1500,500,,500,500,44,,200,,,648,,56.0,0.7200,0.6000,0.6000,1.1000,0.00000000,0.06245952,0.12687090,0.00878337,0.00000000,0.20396940,0.33864770,0.88407000,0.00000000,0.00000000,0.00555555,0.01465200,3.79999600,3.32580900,1.79828900,1.11355200,0.61281990,1.10146400,0.80183080,0.72043880,3.30860500,3.31135200,0.79941320,5.05850000,5.06117900,0.00000000, 2, 255, 7, 24,0xf0000,No,No,No,No,Yes,Yes,Yes,Yes
2026-04-13 10:56:32,0.0,1500,500,,500,500,44,,200,,,648,,56.5,0.7500,0.6000,0.6000,1.1000,0.00000000,0.06148359,0.12491900,0.01171116,0.00000000,0.20299340,0.34059960,1.57168000,0.00000000,0.00000000,0.00482295,0.01428570,3.79999600,3.31003300,1.80024200,1.11355200,0.60622650,1.10146400,0.79963290,0.75589670,3.30860500,3.31135200,0.79941320,5.01294000,4.99686000,0.00000000, 2, 255, 7, 24,0xf0000,No,No,No,No,Yes,Yes,Yes,Yes
2026-04-13 10:56:34,0.0,1500,500,,500,500,44,,200,,,648,,56.0,0.7200,0.6000,0.6000,1.1000,0.00000000,0.05953173,0.12882280,0.00683151,0.00000000,0.21665650,0.33767180,0.88407000,0.00000000,0.00048840,0.00537240,0.01428570,3.79999600,3.30539300,1.80024200,1.10695900,0.61245360,1.10586000,0.80183080,0.72097620,3.30860500,3.31226800,0.79999920,5.02634000,5.03840000,0.00000000, 2, 255, 7, 24,0xf0000,No,No,No,No,Yes,Yes,Yes,Yes
2026-04-13 10:56:36,0.0,1500,500,,500,500,44,,200,,,648,,55.4,0.7200,0.6000,0.6000,1.1000,0.00000000,0.06245952,0.12491900,0.00585558,0.00000000,0.20396940,0.34255140,0.86621010,0.00000000,0.00000000,0.00647130,0.01428570,3.79999600,3.30724900,1.80024200,1.11208700,0.61245360,1.10805800,0.80439480,0.72070740,3.31043600,3.31135200,0.79941320,5.09066000,5.08530000,0.00000000, 2, 255, 7, 24,0xf0000,No,No,No,No,Yes,Yes,Yes,Yes
2026-04-13 10:56:38,0.5,1500,500,,500,500,44,,200,,,648,,55.4,0.7200,0.6000,0.6000,1.1000,0.00000000,0.08490592,0.12589500,0.00585558,0.00000000,0.20494530,0.33669580,0.86621010,0.00000000,0.00000000,0.00451770,0.01428570,3.79999600,3.32766400,1.80024200,1.10805800,0.61245360,1.10512700,0.80256330,0.72097620,3.31043600,3.31135200,0.80058540,5.03840000,5.04510000,0.00000000, 2, 255, 7, 24,0xf0000,No,No,No,No,Yes,Yes,Yes,Yes
2026-04-13 10:56:40,0.0,1500,500,,500,500,44,,200,,,648,,57.1,0.7200,0.6000,0.6000,1.1000,0.00000000,0.05953173,0.12491900,0.01073523,0.00000000,0.20592120,0.34157550,0.87514000,0.00000000,0.00006105,0.00470085,0.01440780,3.79999600,3.31838500,1.79926600,1.10586000,0.61208730,1.10805800,0.80183080,0.72043880,3.30952000,3.31135200,0.79912020,5.04644000,5.04242000,0.00000000, 2, 255, 7, 24,0xf0000,No,No,No,No,Yes,Yes,Yes,Yes
2026-04-13 10:56:42,1.5,2400,910,,910,960,44,,200,,,648,,56.0,0.8600,0.6000,0.6000,1.1000,0.00000000,0.06148359,0.13370240,0.00390372,0.00000000,0.20299340,0.33767180,1.39308000,0.00000000,0.00000000,0.00451770,0.01477410,3.79999600,3.29889800,1.80610300,1.10695900,0.61208730,1.10769100,0.79963290,0.86065850,3.30952000,3.31318300,0.79912020,5.02768000,5.03974000,0.00000000, 2, 255, 7, 24,0xf0000,No,No,No,No,Yes,Yes,Yes,Yes
2026-04-13 10:56:45,1.0,2400,910,,910,960,44,,200,,,648,,55.4,0.8600,0.6000,0.6000,1.1000,0.00000000,0.06636324,0.13272650,0.00780744,0.00000000,0.20494530,0.34255140,1.41094000,0.00000000,0.00006105,0.00610500,0.01428570,3.79999600,3.30817700,1.80024200,1.10695900,0.61245360,1.10586000,0.80146440,0.86092710,3.30952000,3.31135200,0.79941320,5.01294000,5.04912000,0.00000000, 2, 255, 7, 24,0xf0000,No,No,No,No,Yes,Yes,Yes,Yes
2026-04-13 10:56:47,0.5,2400,910,,910,960,44,,200,,,648,,56.5,0.8600,0.6000,0.6000,1.1000,0.00000000,0.05953173,0.13272650,0.00585558,0.00000000,0.20494530,0.33864770,1.39308000,0.00000000,0.00024420,0.00518925,0.01465200,3.79999600,3.30260900,1.80659200,1.10695900,0.61208730,1.10439400,0.80219700,0.86092710,3.31043600,3.31135200,0.79941320,5.02634000,5.03438000,0.00000000, 2, 255, 7, 24,0xf0000,No,No,No,No,Yes,Yes,Yes,Yes
2026-04-13 10:56:49,0.2,1500,500,,500,500,44,,200,,,648,,56.0,0.7200,0.6000,0.6000,1.1000,0.00000000,0.07514661,0.12784680,0.00683151,0.00000000,0.20396940,0.33962360,0.88407000,0.00000000,0.00000000,0.00598290,0.01489620,3.79999600,3.30168200,1.80024200,1.10695900,0.61281990,1.10549400,0.79999920,0.72070740,3.30952000,3.31226800,0.79999920,5.10272000,5.09334000,0.00000000, 2, 255, 7, 24,0xf0000,No,No,No,No,Yes,Yes,Yes,Yes
2026-04-13 10:56:51,0.8,1500,500,,500,500,44,,200,,,648,,55.4,0.7200,0.6000,0.6000,1.1000,0.00000000,0.06148359,0.12687090,0.00780744,0.00000000,0.27130850,0.33962360,0.88407000,0.00000000,0.00000000,0.00598290,0.01428570,3.79999600,3.31003300,1.80024200,1.11208700,0.61208730,1.10805800,0.80292960,0.72097620,3.31043600,3.31135200,0.79970620,5.06788000,5.05850000,0.00000000, 2, 255, 7, 24,0xf0000,No,No,No,No,Yes,Yes,Yes,Yes
2026-04-13 10:56:53,1.7,1500,500,,500,500,44,,200,,,648,,55.4,0.7200,0.6000,0.6000,1.1000,0.00000000,0.05953173,0.12784680,0.00878337,0.00000000,0.20884900,0.34255140,0.87514000,0.00000000,0.00048840,0.00525030,0.01391940,3.79999600,3.32766400,1.80024200,1.11355200,0.61318620,1.10769100,0.80292960,0.72070740,3.31043600,3.31135200,0.79970620,5.04644000,5.06922000,0.00000000, 2, 255, 7, 24,0xf0000,No,No,No,No,Yes,Yes,Yes,Yes
2026-04-13 10:56:55,0.0,1500,500,,500,500,44,,200,,,648,,54.9,0.7200,0.6000,0.6000,1.1000,0.00000000,0.06733918,0.12491900,0.00292779,0.00000000,0.20592120,0.34255140,0.86621010,0.00000000,0.00048840,0.00598290,0.01465200,3.79999600,3.31838500,1.80024200,1.11062200,0.61245360,1.10549400,0.80256330,0.72070740,3.30677300,3.31226800,0.79999920,5.09468000,5.08530000,0.00000000, 2, 255, 7, 24,0xf0000,No,No,No,No,Yes,Yes,Yes,Yes
2026-04-13 10:56:57,0.0,1500,500,,500,500,44,,200,,,648,,56.0,0.7200,0.6000,0.6000,1.1000,0.00000000,0.06148359,0.12687090,0.00390372,0.00000000,0.20299340,0.33864770,0.88407000,0.00000000,0.00000000,0.00518925,0.01428570,3.79999600,3.32024100,1.79926600,1.11208700,0.61355250,1.10146400,0.80219700,0.72097620,3.30952000,3.31135200,0.79999920,5.06520000,5.07860000,0.00000000, 2, 255, 7, 24,0xf0000,No,No,No,No,Yes,Yes,Yes,Yes
2026-04-13 10:57:00,3.5,2400,910,,910,960,44,,200,,,648,,56.5,0.8600,0.6000,0.6000,1.1000,0.00000000,0.05953173,0.13175060,0.00487965,0.00000000,0.20396940,0.34547920,1.41094000,0.00000000,0.00000000,0.00476190,0.01428570,3.79999600,3.31281700,1.80659200,1.10805800,0.61391880,1.10549400,0.80146440,0.86146430,3.30952000,3.31318300,0.79912020,5.06520000,5.06117900,0.00000000, 2, 255, 7, 24,0xf0000,No,No,No,No,Yes,Yes,Yes,Yes
2026-04-13 10:57:02,1.0,2400,910,,910,960,44,,200,,,648,,56.5,0.8600,0.6000,0.6000,1.1000,0.00000000,0.06636324,0.13272650,0.00487965,0.00000000,0.20396940,0.34059960,1.41094000,0.00000000,0.00048840,0.00500610,0.01440780,3.79999600,3.32580900,1.80024200,1.11062200,0.61172100,1.10769100,0.80292960,0.86119580,3.31043600,3.31409900,0.79970620,5.05716000,5.03840000,0.00000000, 2, 255, 7, 24,0xf0000,No,No,No,No,Yes,Yes,Yes,Yes
2026-04-13 10:57:04,0.0,1500,500,,500,500,44,,200,,,648,,56.5,0.7200,0.6000,0.6000,1.1000,0.00000000,0.05953173,0.12589500,0.00878337,0.00000000,0.21470460,0.34255140,0.90193000,0.00000000,0.00000000,0.00561660,0.01452990,3.79999600,3.32580900,1.79926600,1.11355200,0.61208730,1.10769100,0.80036550,0.72070740,3.30677300,3.31226800,0.79970620,5.05850000,5.07190000,0.00000000, 2, 255, 7, 24,0xf0000,No,No,No,No,Yes,Yes,Yes,Yes
2026-04-13 10:57:06,0.2,1500,500,,500,500,44,,200,,,648,,56.0,0.7200,0.6000,0.6000,1.1000,0.06148359,0.12199130,0.12394310,0.01073523,0.00000000,0.20592120,0.33864770,0.86621010,0.00000000,0.00000000,0.00518925,0.01428570,3.71926400,3.31003300,1.81684800,1.10622600,0.60952320,1.10769100,0.79963290,0.72097620,3.30952000,3.31501500,0.79999920,5.01562000,5.04912000,0.00000000, 2, 255, 7, 24,0xf0000,No,No,No,No,Yes,Yes,Yes,Yes
2026-04-13 10:57:08,0.3,1500,500,,500,500,44,,200,,,648,,56.0,0.7200,0.6000,0.6000,1.1000,0.05074836,0.06441138,0.12784680,0.00683151,0.00000000,0.20592120,0.34255140,0.89299990,0.00000000,0.00048840,0.00518925,0.01391940,3.73039900,3.31931300,1.80024200,1.10366200,0.61281990,1.10586000,0.80146440,0.72097620,3.31135200,3.31043600,0.79970620,5.07860000,5.07994000,0.00000000, 2, 255, 7, 24,0xf0000,No,No,No,No,Yes,Yes,Yes,Yes
2026-04-13 10:57:10,0.0,1500,500,,500,500,44,,200,,,648,,56.0,0.7200,0.6000,0.6000,1.1000,0.05757987,0.06148359,0.12491900,0.00683151,0.00000000,0.21470460,0.34255140,0.88407000,0.00000000,0.00000000,0.00561660,0.01428570,3.71926400,3.32952100,1.80024200,1.10732500,0.61172100,1.10769100,0.80146440,0.72070740,3.31043600,3.31135200,0.79970620,5.08396000,5.08396000,0.00000000, 2, 255, 7, 24,0xf0000,No,No,No,No,Yes,Yes,Yes,Yes
2026-04-13 10:57:12,0.3,1500,500,,500,500,44,,200,,,648,,55.4,0.7200,0.6000,0.6000,1.1000,0.00000000,0.05953173,0.12687090,0.00683151,0.00000000,0.20592120,0.33571990,0.87514000,0.00000000,0.00000000,0.00506715,0.01391940,3.79999600,3.30168200,1.79828900,1.11208700,0.61245360,1.10769100,0.80292960,0.72043880,3.30952000,3.31135200,0.79912020,5.05448000,5.03706000,0.00000000, 2, 255, 7, 24,0xf0000,No,No,No,No,Yes,Yes,Yes,Yes
2026-04-13 10:57:14,0.0,2400,910,,910,960,44,,200,,,648,,56.5,0.8600,0.6000,0.6000,1.1000,0.00000000,0.07514661,0.13175060,0.00195186,0.00000000,0.20396940,0.34450330,1.40201000,0.00000000,0.00000000,0.00506715,0.01416360,3.79999600,3.32024100,1.80659200,1.10695900,0.61318620,1.10549400,0.80036550,0.86092710,3.31043600,3.31043600,0.79970620,5.04778000,5.00758000,0.00000000, 2, 255, 7, 24,0xf0000,No,No,No,No,Yes,Yes,Yes,Yes
2026-04-13 10:57:17,0.0,2400,910,,910,960,44,,200,,,648,,57.6,0.8600,0.6000,0.6000,1.1000,0.00000000,0.06148359,0.13467840,0.00390372,0.00000000,0.20201750,0.33864770,1.39308000,0.00000000,0.00000000,0.00500610,0.01391940,3.79999600,3.31281700,1.81733600,1.11062200,0.61355250,1.10769100,0.79999920,0.86092710,3.30860500,3.31135200,0.80058540,5.07592000,5.07324000,0.00000000, 2, 255, 7, 24,0xf0000,No,No,No,No,Yes,Yes,Yes,Yes
2026-04-13 10:57:19,0.0,1500,500,,500,500,44,,200,,,648,,56.0,0.7200,0.6000,0.6000,1.1000,0.00000000,0.06343545,0.12589500,0.00683151,0.00000000,0.21470460,0.33376810,0.88407000,0.00000000,0.00000000,0.00598290,0.01391940,3.79999600,3.31838500,1.80610300,1.11355200,0.61208730,1.10549400,0.80219700,0.72070740,3.31043600,3.31043600,0.79941320,5.06922000,5.05046000,0.00000000, 2, 255, 7, 24,0xf0000,No,No,No,No,Yes,Yes,Yes,Yes
2026-04-13 10:57:21,0.0,1500,500,,500,500,44,,200,,,648,,56.0,0.7200,0.6000,0.6000,1.1000,0.00000000,0.06538731,0.12687090,0.00683151,0.00000000,0.21568060,0.33962360,0.88407000,0.00000000,0.00006105,0.00598290,0.01404150,3.79999600,3.31003300,1.80317300,1.11208700,0.61391880,1.10769100,0.80256330,0.72070740,3.31043600,3.31318300,0.79912020,5.05180000,5.04644000,0.00000000, 2, 255, 7, 24,0xf0000,No,No,No,No,Yes,Yes,Yes,Yes
2026-04-13 10:57:23,0.0,1500,500,,500,500,44,,200,,,648,,55.4,0.7200,0.6000,0.6000,1.1000,0.00000000,0.06733918,0.12784680,0.00683151,0.00000000,0.20494530,0.34157550,0.88407000,0.00000000,0.00000000,0.00476190,0.01404150,3.79999600,3.30168200,1.80024200,1.11025500,0.61172100,1.10549400,0.80256330,0.72070740,3.31043600,3.31409900,0.79970620,5.02634000,5.04912000,0.00000000, 2, 255, 7, 24,0xf0000,No,No,No,No,Yes,Yes,Yes,Yes
2026-04-13 10:57:25,0.0,1500,500,,500,500,44,,200,,,648,,55.4,0.7200,0.6000,0.6000,1.1000,0.00000000,0.06538731,0.12687090,0.00683151,0.00000000,0.20494530,0.33669580,0.90193000,0.00000000,0.00048840,0.00592185,0.01391940,3.79999600,3.32580900,1.80024200,1.10586000,0.61245360,1.10549400,0.80109810,0.72043880,3.31043600,3.31135200,0.79912020,5.06252000,5.04242000,0.00000000, 2, 255, 7, 24,0xf0000,No,No,No,No,Yes,Yes,Yes,Yes
2026-04-13 10:57:27,0.0,1500,500,,500,500,44,,200,,,648,,57.1,0.7200,0.6000,0.6000,1.1000,0.00000000,0.05953173,0.12687090,0.00390372,0.00000000,0.20494530,0.33669580,0.89299990,0.00000000,0.00000000,0.00518925,0.01440780,3.79999600,3.31560100,1.80024200,1.10695900,0.61245360,1.10549400,0.79963290,0.72070740,3.30952000,3.31135200,0.79999920,5.03840000,5.06520000,0.00000000, 2, 255, 7, 24,0xf0000,No,No,No,No,Yes,Yes,Yes,Yes
2026-04-13 10:57:29,0.0,1500,500,,500,500,44,,200,,,648,,54.9,0.7200,0.6000,0.6000,1.1000,0.00000000,0.05855580,0.12589500,0.01854267,0.00000000,0.22348800,0.33962360,0.88407000,0.00000000,0.00000000,0.00506715,0.01428570,3.79999600,3.31281700,1.79487000,1.10695900,0.61355250,1.10769100,0.80256330,0.72097620,3.30860500,3.30860500,0.80058540,5.08128000,5.07592000,0.00000000, 2, 255, 7, 24,0xf0000,No,No,No,No,Yes,Yes,Yes,Yes
2026-04-13 10:57:32,2.5,2400,910,,910,960,44,,200,,,648,,56.5,0.8600,0.6000,0.6000,1.1000,0.00000000,0.05953173,0.13272650,0.01171116,0.00000000,0.20787310,0.34059960,1.40201000,0.00000000,0.00000000,0.00518925,0.01416360,3.79999600,3.32116900,1.80610300,1.10695900,0.60805800,1.10512700,0.79963290,0.86146430,3.31043600,3.31043600,0.79970620,5.04644000,4.98480000,0.00000000, 2, 255, 7, 24,0xf0000,No,No,No,No,Yes,Yes,Yes,Yes
2026-04-13 10:57:34,1.2,2400,910,,910,960,44,,200,,,648,,57.1,0.8600,0.6000,0.6000,1.1000,0.00000000,0.05953173,0.13272650,0.00975930,0.00000000,0.20299340,0.33962360,1.40201000,0.00000000,0.00024420,0.00549450,0.01404150,3.79999600,3.31652900,1.80659200,1.10732500,0.61245360,1.10292900,0.80146440,0.86146430,3.30952000,3.31318300,0.79970620,5.03304000,5.03840000,0.00000000, 2, 255, 7, 24,0xf0000,No,No,No,No,Yes,Yes,Yes,Yes
2026-04-13 10:57:36,0.0,1500,500,,500,500,44,,200,,,648,,56.0,0.7200,0.6000,0.6000,1.1000,0.00000000,0.06831510,0.12784680,0.00683151,0.00000000,0.20494530,0.34059960,0.90193000,0.00000000,0.00048840,0.00512820,0.01404150,3.79999600,3.32673600,1.79926600,1.10732500,0.61025580,1.10549400,0.79926660,0.72070740,3.30952000,3.31226800,0.79970620,5.07860000,5.06922000,0.00000000, 2, 255, 7, 24,0xf0000,No,No,No,No,Yes,Yes,Yes,Yes
2026-04-13 10:57:38,0.0,1500,500,,500,500,44,,200,,,648,,56.0,0.7200,0.6000,0.6000,1.1000,0.00000000,0.09564114,0.12687090,0.00585558,0.00000000,0.20299340,0.33571990,0.90193000,0.00000000,0.00024420,0.00549450,0.01416360,3.79999600,3.30260900,1.80610300,1.10805800,0.61318620,1.10769100,0.80329590,0.72043880,3.30677300,3.31226800,0.79941320,5.02098000,5.08262000,0.00000000, 2, 255, 7, 24,0xf0000,No,No,No,No,Yes,Yes,Yes,Yes
2026-04-13 10:57:40,0.0,1500,500,,500,500,44,,200,,,648,,56.0,0.7200,0.6000,0.6000,1.1000,0.00000000,0.05855580,0.12589500,0.00683151,0.00000000,0.20494530,0.34157550,0.89299990,0.00000000,0.00000000,0.00586080,0.01404150,3.79999600,3.30260900,1.79926600,1.11025500,0.61281990,1.10549400,0.80292960,0.72070740,3.30768900,3.31226800,0.79970620,5.04644000,5.07056000,0.00000000, 2, 255, 7, 24,0xf0000,No,No,No,No,Yes,Yes,Yes,Yes
2026-04-13 10:57:42,0.0,1500,500,,500,500,44,,200,,,648,,56.0,0.7200,0.6000,0.6000,1.1000,0.00000000,0.09856894,0.15907660,0.00683151,0.00000000,0.20396940,0.33962360,0.86621010,0.00000000,0.00048840,0.00518925,0.01416360,3.79999600,3.32952100,1.80024200,1.11062200,0.61538400,1.10549400,0.80292960,0.72070740,3.30860500,3.31226800,0.79970620,5.06520000,5.05314000,0.00000000, 2, 255, 7, 24,0xf0000,No,No,No,No,Yes,Yes,Yes,Yes
2026-04-13 10:57:44,1.8,1500,500,,500,500,44,,200,,,648,,56.0,0.7200,0.6000,0.6000,1.1000,0.00000000,0.06148359,0.12784680,0.00878337,0.00000000,0.20689720,0.33962360,0.88407000,0.00000000,0.00000000,0.00598290,0.01465200,3.79999600,3.30724900,1.80024200,1.11062200,0.61245360,1.10622600,0.79963290,0.72097620,3.30952000,3.31226800,0.79970620,5.05314000,5.09200000,0.00000000, 2, 255, 7, 24,0xf0000,No,No,No,No,Yes,Yes,Yes,Yes
2026-04-13 10:57:46,0.2,1500,500,,500,500,44,,200,,,648,,56.0,0.7200,0.6000,0.6000,1.1000,0.00000000,0.07319475,0.12491900,0.00878337,0.00000000,0.20396940,0.33767180,0.87514000,0.00000000,0.00000000,0.00598290,0.01355310,3.79999600,3.30724900,1.80561500,1.10732500,0.61281990,1.10549400,0.80109810,0.72097620,3.30952000,3.31043600,0.79941320,5.05314000,5.06252000,0.00000000, 2, 255, 7, 24,0xf0000,No,No,No,No,Yes,Yes,Yes,Yes
2026-04-13 10:57:49,0.0,1500,500,,500,500,44,,200,,,648,,55.4,0.7200,0.6000,0.6000,1.1000,0.00000000,0.06441138,0.12882280,0.01073523,0.00000000,0.20494530,0.34157550,0.88407000,0.00000000,0.00048840,0.00500610,0.01489620,3.79999600,3.32952100,1.80024200,1.11208700,0.61245360,1.10402800,0.80256330,0.72151340,3.31135200,3.31318300,0.79912020,5.03572000,5.05180000,0.00000000, 2, 255, 7, 24,0xf0000,No,No,No,No,Yes,Yes,Yes,Yes
2026-04-13 10:57:51,1.0,1500,500,,500,500,44,,200,,,648,,55.4,0.7200,0.6000,0.6000,1.1000,0.00000000,0.06441138,0.12784680,0.00683151,0.00000000,0.20396940,0.33767180,0.87514000,0.00000000,0.00000000,0.00543345,0.01440780,3.79999600,3.31467300,1.79877700,1.11355200,0.61281990,1.10146400,0.79999920,0.72017020,3.31043600,3.31318300,0.79970620,5.09468000,5.08530000,0.00000000, 2, 255, 7, 24,0xf0000,No,No,No,No,Yes,Yes,Yes,Yes
2026-04-13 10:57:53,0.0,1500,500,,500,500,44,,200,,,648,,54.9,0.7200,0.6000,0.6000,1.1000,0.00000000,0.07221882,0.12589500,0.00487965,0.00000000,0.21665650,0.33962360,0.90193000,0.00000000,0.00000000,0.00592185,0.01428570,3.79999600,3.30910500,1.80024200,1.10732500,0.61098840,1.10146400,0.80219700,0.72070740,3.31043600,3.31226800,0.79999920,5.08128000,5.08530000,0.00000000, 2, 255, 7, 24,0xf0000,No,No,No,No,Yes,Yes,Yes,Yes
2026-04-13 10:57:55,0.0,1500,500,,500,500,44,,200,,,648,,55.4,0.7200,0.6000,0.6000,1.1000,0.00000000,0.06538731,0.12687090,0.00683151,0.00000000,0.20396940,0.33767180,0.87514000,0.00000000,0.00048840,0.00482295,0.01428570,3.79999600,3.30910500,1.80024200,1.10695900,0.61281990,1.10769100,0.80292960,0.71990160,3.30860500,3.31226800,0.79941320,5.04912000,5.03572000,0.00000000, 2, 255, 7, 24,0xf0000,No,No,No,No,Yes,Yes,Yes,Yes
2026-04-13 10:57:57,0.0,1500,500,,500,500,44,,200,,,648,,55.4,0.7200,0.6000,0.6000,1.1000,0.00000000,0.05660394,0.12589500,0.00487965,0.00000000,0.20494530,0.34157550,0.86621010,0.00000000,0.00000000,0.00518925,0.01428570,3.79999600,3.31560100,1.80610300,1.10439400,0.61135470,1.10769100,0.80036550,0.72070740,3.31043600,3.31043600,0.79970620,5.06386000,5.03974000,0.00000000, 2, 255, 7, 24,0xf0000,No,No,No,No,Yes,Yes,Yes,Yes
2026-04-13 10:57:59,0.0,1500,500,,500,500,44,,200,,,648,,54.9,0.7200,0.6000,0.6000,1.1000,0.00000000,0.05953173,0.12394310,0.00878337,0.00000000,0.20299340,0.33669580,0.87514000,0.00000000,0.00000000,0.00525030,0.01428570,3.79999600,3.30260900,1.80024200,1.11355200,0.61208730,1.10586000,0.79963290,0.72097620,3.30952000,3.31226800,0.79941320,5.06922000,5.08128000,0.00000000, 2, 255, 7, 24,0xf0000,No,No,No,No,Yes,Yes,Yes,Yes
2026-04-13 10:58:02,0.0,1500,500,,500,500,44,,200,,,648,,56.0,0.7200,0.6000,0.6000,1.1000,0.00000000,0.10930420,0.15907660,0.00780744,0.00000000,0.20592120,0.34059960,0.87514000,0.00000000,0.00000000,0.00457875,0.01391940,3.79999600,3.30168200,1.79877700,1.10695900,0.61355250,1.10549400,0.80219700,0.72017020,3.30677300,3.31226800,0.79970620,5.04778000,5.05314000,0.00000000, 2, 255, 7, 24,0xf0000,No,No,No,No,Yes,Yes,Yes,Yes
2026-04-13 10:58:04,0.0,2400,910,,910,960,44,,200,,,648,,56.5,0.8600,0.6000,0.6000,1.1000,0.00000000,0.07319475,0.13467840,0.00585558,0.00000000,0.20592120,0.34059960,1.41094000,0.00000000,0.00000000,0.00384615,0.01428570,3.79999600,3.32024100,1.80659200,1.10879000,0.61208730,1.10439400,0.80109810,0.86092710,3.30952000,3.31226800,0.79912020,5.03304000,5.04912000,0.00000000, 2, 255, 7, 24,0xf0000,No,No,No,No,Yes,Yes,Yes,Yes
2026-04-13 10:58:06,0.0,2400,910,,910,960,44,,200,,,648,,57.1,0.8600,0.6000,0.6000,1.1000,0.00000000,0.06733918,0.13467840,0.00780744,0.00000000,0.20299340,0.33767180,1.40201000,0.00000000,0.00024420,0.00506715,0.01355310,3.79999600,3.31003300,1.80659200,1.10769100,0.61281990,1.10549400,0.80292960,0.86173300,3.31043600,3.31043600,0.79999920,5.06386000,5.06386000,0.00000000, 2, 255, 7, 24,0xf0000,No,No,No,No,Yes,Yes,Yes,Yes
2026-04-13 10:58:08,0.0,1500,500,,500,500,44,,200,,,648,,56.0,0.7200,0.6000,0.6000,1.1000,0.00000000,0.06538731,0.12589500,0.00585558,0.00000000,0.20689720,0.33962360,0.88407000,0.00000000,0.00000000,0.00451770,0.01465200,3.79999600,3.31281700,1.80561500,1.10805800,0.61245360,1.10769100,0.80183080,0.72043880,3.30952000,3.31135200,0.79941320,5.05582000,5.06788000,0.00000000, 2, 255, 7, 24,0xf0000,No,No,No,No,Yes,Yes,Yes,Yes
2026-04-13 10:58:10,0.2,1500,500,,500,500,44,,200,,,648,,56.0,0.7200,0.6000,0.6000,1.1000,0.00000000,0.05953173,0.12589500,0.00780744,0.00000000,0.20396940,0.33864770,0.87514000,0.00000000,0.00006105,0.00482295,0.01391940,3.79999600,3.30724900,1.79535800,1.10805800,0.61391880,1.10659200,0.80292960,0.72017020,3.31135200,3.31318300,0.79999920,5.05716000,5.05984000,0.00000000, 2, 255, 7, 24,0xf0000,No,No,No,No,Yes,Yes,Yes,Yes
2026-04-13 10:58:12,0.0,1500,500,,500,500,44,,200,,,648,,54.9,0.7200,0.6000,0.6000,1.1000,0.00000000,0.05855580,0.12784680,0.01073523,0.00000000,0.20494530,0.34059960,0.88407000,0.00000000,0.00048840,0.00549450,0.01416360,3.79999600,3.30724900,1.80024200,1.10586000,0.61208730,1.10769100,0.80292960,0.72043880,3.30952000,3.31043600,0.79912020,5.08128000,5.08396000,0.00000000, 2, 255, 7, 24,0xf0000,No,No,No,No,Yes,Yes,Yes,Yes
2026-04-13 10:58:14,0.0,1500,500,,500,500,44,,200,,,648,,55.4,0.7200,0.6000,0.6000,1.1000,0.00000000,0.06245952,0.12394310,0.01073523,0.00000000,0.20494530,0.33474400,0.87514000,0.00000000,0.00000000,0.00525030,0.01428570,3.79999600,3.32580900,1.80024200,1.11355200,0.61098840,1.10549400,0.79963290,0.72070740,3.30952000,3.31226800,0.79970620,5.04778000,5.03706000,0.00000000, 2, 255, 7, 24,0xf0000,No,No,No,No,Yes,Yes,Yes,Yes
2026-04-13 10:58:16,0.0,2400,910,,910,960,44,,200,,,648,,56.5,0.8600,0.6000,0.6000,1.1000,0.00000000,0.05953173,0.13077460,0.01073523,0.00000000,0.21568060,0.33962360,1.41094000,0.00000000,0.00000000,0.00518925,0.01428570,3.79999600,3.32580900,1.80610300,1.11282000,0.61208730,1.10549400,0.79890030,0.86065850,3.30952000,3.31318300,0.79882700,5.03706000,5.04242000,0.00000000, 2, 255, 7, 24,0xf0000,No,No,No,No,Yes,Yes,Yes,Yes
2026-04-13 10:58:19,0.0,2400,910,,910,960,43,,200,,,648,,57.6,0.8600,0.6000,0.6000,1.1000,0.00000000,0.05953173,0.13175060,0.00390372,0.00000000,0.21470460,0.34059960,1.41094000,0.00000000,0.00006105,0.00518925,0.01465200,3.79999600,3.30817700,1.81684800,1.10586000,0.61245360,1.10146400,0.79963290,0.86092710,3.30860500,3.31318300,0.79941320,5.05314000,5.06386000,0.00000000, 2, 255, 7, 24,0xf0000,No,No,No,No,Yes,Yes,Yes,Yes
2026-04-13 10:58:21,0.0,1500,500,,500,500,44,,200,,,648,,56.0,0.7200,0.6000,0.6000,1.1000,0.00000000,0.10344860,0.12589500,0.00585558,0.00000000,0.20396940,0.41574620,0.87514000,0.00000000,0.00000000,0.00616605,0.01465200,3.79999600,3.30260900,1.80024200,1.11355200,0.61391880,1.10586000,0.80366220,0.72097620,3.31043600,3.31043600,0.79912020,5.06520000,5.04108000,0.00000000, 2, 255, 7, 24,0xf0000,No,No,No,No,Yes,Yes,Yes,Yes
2026-04-13 10:58:23,0.0,1500,500,,500,500,44,,200,,,648,,56.0,0.7200,0.6000,0.6000,1.1000,0.00000000,0.06050766,0.12784680,0.00780744,0.00000000,0.20396940,0.33767180,0.88407000,0.00000000,0.00000000,0.00549450,0.01440780,3.79999600,3.31003300,1.80610300,1.10805800,0.61172100,1.10549400,0.79963290,0.72043880,3.30677300,3.31135200,0.79999920,5.05984000,5.06386000,0.00000000, 2, 255, 7, 24,0xf0000,No,No,No,No,Yes,Yes,Yes,Yes
2026-04-13 10:58:25,1.5,1500,500,,500,500,44,,200,,,648,,56.0,0.7200,0.6000,0.6000,1.1000,0.00000000,0.05953173,0.12394310,0.01268709,0.00000000,0.20396940,0.33864770,0.87514000,0.00000000,0.00000000,0.00506715,0.01428570,3.79999600,3.32024100,1.80024200,1.10952300,0.61318620,1.10586000,0.80292960,0.72070740,3.31043600,3.31226800,0.79970620,5.06922000,5.05314000,0.00000000, 2, 255, 7, 24,0xf0000,No,No,No,No,Yes,Yes,Yes,Yes
2026-04-13 10:58:27,0.0,1500,500,,500,500,44,,200,,,648,,56.5,0.7200,0.6000,0.6000,1.1000,0.00000000,0.05953173,0.12687090,0.00585558,0.00000000,0.22836760,0.33767180,0.86621010,0.00000000,0.00000000,0.00457875,0.01440780,3.79999600,3.31745700,1.80610300,1.11355200,0.61245360,1.10805800,0.79963290,0.72070740,3.31043600,3.31226800,0.79970620,5.09066000,5.09066000,0.00000000, 2, 255, 7, 24,0xf0000,No,No,No,No,Yes,Yes,Yes,Yes
2026-04-13 10:58:29,0.0,1500,500,,500,500,44,,200,,,648,,56.0,0.7200,0.6000,0.6000,1.1000,0.00000000,0.09954486,0.15810070,0.00585558,0.00000000,0.20299340,0.33669580,0.88407000,0.00000000,0.00048840,0.00598290,0.01404150,3.79999600,3.30724900,1.79926600,1.11062200,0.61245360,1.10549400,0.79963290,0.72070740,3.31135200,3.31043600,0.79912020,5.05984000,5.05314000,0.00000000, 2, 255, 7, 24,0xf0000,No,No,No,No,Yes,Yes,Yes,Yes
2026-04-13 10:58:31,0.0,1500,500,,500,500,44,,200,,,648,,55.4,0.7200,0.6000,0.6000,1.1000,0.00000000,0.05953173,0.12687090,0.00390372,0.00000000,0.21568060,0.33669580,0.88407000,0.00000000,0.00048840,0.00586080,0.01416360,3.79999600,3.32580900,1.80024200,1.10586000,0.61098840,1.10366200,0.79926660,0.72043880,3.31043600,3.31226800,0.79912020,5.05984000,5.03170000,0.00000000, 2, 255, 7, 24,0xf0000,No,No,No,No,Yes,Yes,Yes,Yes
2026-04-13 10:58:34,0.0,1500,500,,500,500,44,,200,,,648,,54.9,0.7200,0.6000,0.6000,1.1000,0.00000000,0.06831510,0.12687090,0.00585558,0.00000000,0.20396940,0.33962360,0.88407000,0.00000000,0.00000000,0.00586080,0.01428570,3.79999600,3.29889800,1.79828900,1.10805800,0.61318620,1.10549400,0.79816780,0.72070740,3.30952000,3.31226800,0.79970620,5.10272000,5.09334000,0.00000000, 2, 255, 7, 24,0xf0000,No,No,No,No,Yes,Yes,Yes,Yes
2026-04-13 10:58:36,1.5,2400,910,,910,960,43,,200,,,648,,57.1,0.8600,0.6000,0.6000,1.1000,0.00000000,0.06929103,0.13467840,0.00585558,0.00000000,0.20494530,0.34352740,2.16106000,0.00000000,0.00024420,0.00494505,0.01440780,3.79906800,3.32116900,1.80659200,1.10586000,0.60512760,1.10512700,0.80109810,0.86119580,3.30952000,3.31135200,0.79970620,5.00624000,4.94862000,0.00000000, 2, 255, 7, 24,0xf0000,No,No,No,No,Yes,Yes,Yes,Yes
2026-04-13 10:58:38,0.0,2400,910,,910,960,44,,200,,,648,,56.5,0.8600,0.6000,0.6000,1.1000,0.00000000,0.06441138,0.13370240,0.00487965,0.00000000,0.20201750,0.33962360,1.40201000,0.00000000,0.00006105,0.00482295,0.01465200,3.79999600,3.31745700,1.79584700,1.10915600,0.61281990,1.10659200,0.79963290,0.86065850,3.30860500,3.31135200,0.79941320,5.02634000,5.02902000,0.00000000, 2, 255, 7, 24,0xf0000,No,No,No,No,Yes,Yes,Yes,Yes
2026-04-13 10:58:40,0.2,1500,500,,500,500,44,,200,,,648,,56.0,0.7200,0.6000,0.6000,1.1000,0.00000000,0.06831510,0.12687090,0.00975930,0.00000000,0.20299340,0.33962360,0.88407000,0.00000000,0.00000000,0.00586080,0.01440780,3.79999600,3.30260900,1.80024200,1.11282000,0.61281990,1.10512700,0.80366220,0.72070740,3.31043600,3.31226800,0.79999920,5.09602000,5.09334000,0.00000000, 2, 255, 7, 24,0xf0000,No,No,No,No,Yes,Yes,Yes,Yes
2026-04-13 10:58:42,0.2,1500,500,,500,500,44,,200,,,648,,56.0,0.7200,0.6000,0.6000,1.1000,0.00000000,0.06148359,0.12784680,0.01073523,0.00000000,0.20299340,0.33962360,0.87514000,0.00000000,0.00000000,0.00518925,0.01465200,3.79999600,3.30632200,1.80610300,1.10695900,0.61355250,1.10146400,0.80292960,0.72043880,3.30860500,3.31043600,0.79941320,5.02098000,5.05046000,0.00000000, 2, 255, 7, 24,0xf0000,No,No,No,No,Yes,Yes,Yes,Yes
2026-04-13 10:58:44,0.0,1500,500,,500,500,44,,200,,,648,,56.0,0.7200,0.6000,0.6000,1.1000,0.00000000,0.05855580,0.12687090,0.00878337,0.00000000,0.21763240,0.34157550,0.88407000,0.00000000,0.00048840,0.00543345,0.01452990,3.79999600,3.31003300,1.80024200,1.10695900,0.61281990,1.10769100,0.80402850,0.72043880,3.30952000,3.31135200,0.79970620,5.05984000,5.04912000,0.00000000, 2, 255, 7, 24,0xf0000,No,No,No,No,Yes,Yes,Yes,Yes
2026-04-13 10:58:46,0.0,2400,910,,910,960,44,,200,,,648,,56.5,0.8600,0.6000,0.6000,1.1000,0.00000000,0.06538731,0.13272650,0.00878337,0.00000000,0.20396940,0.33669580,1.40201000,0.00000000,0.00000000,0.00543345,0.01477410,3.79999600,3.32859200,1.80659200,1.11355200,0.61281990,1.10549400,0.80879040,0.86092710,3.31043600,3.31226800,0.79912020,5.07592000,5.07056000,0.00000000, 2, 255, 7, 24,0xf0000,No,No,No,No,Yes,Yes,Yes,Yes
2026-04-13 10:58:48,0.0,2400,910,,910,960,44,,200,,,648,,57.1,0.8600,0.6000,0.6000,1.1000,0.00000000,0.06148359,0.13175060,0.00585558,0.00000000,0.20299340,0.34059960,1.40201000,0.00000000,0.00000000,0.00470085,0.01452990,3.79999600,3.31838500,1.82124300,1.11025500,0.61062210,1.10402800,0.80146440,0.86092710,3.30768900,3.31135200,0.80058540,4.99552000,5.03572000,0.00000000, 2, 255, 7, 24,0xf0000,No,No,No,No,Yes,Yes,Yes,Yes
2026-04-13 10:58:51,0.0,1500,500,,500,500,44,,200,,,648,,55.4,0.7200,0.6000,0.6000,1.1000,0.00000000,0.06929103,0.12784680,0.00780744,0.00000000,0.20201750,0.34352740,0.88407000,0.00000000,0.00000000,0.00482295,0.01428570,3.79999600,3.31931300,1.82124300,1.10366200,0.61245360,1.10549400,0.79926660,0.72017020,3.30952000,3.31501500,0.79941320,5.05984000,5.04376000,0.00000000, 2, 255, 7, 24,0xf0000,No,No,No,No,Yes,Yes,Yes,Yes
2026-04-13 10:58:53,0.0,1500,500,,500,500,44,,200,,,648,,56.5,0.7200,0.6000,0.6000,1.1000,0.00000000,0.05953173,0.12784680,0.00878337,0.00000000,0.20299340,0.33767180,0.87514000,0.00000000,0.00000000,0.00518925,0.01391940,3.79999600,3.30910500,1.79828900,1.10292900,0.61428510,1.10549400,0.79963290,0.72097620,3.30952000,3.31226800,0.79970620,5.09066000,5.09200000,0.00000000, 2, 255, 7, 24,0xf0000,No,No,No,No,Yes,Yes,Yes,Yes
2026-04-13 10:58:55,0.0,1500,500,,500,500,44,,200,,,648,,55.4,0.7200,0.6000,0.6000,1.1000,0.00000000,0.06148359,0.12882280,0.00780744,0.00000000,0.21372870,0.33767180,0.89299990,0.00000000,0.00024420,0.00457875,0.01465200,3.79999600,3.31374500,1.80659200,1.10695900,0.61281990,1.10769100,0.79890030,0.72017020,3.30768900,3.31501500,0.79970620,5.07056000,5.07190000,0.00000000, 2, 255, 7, 24,0xf0000,No,No,No,No,Yes,Yes,Yes,Yes
2026-04-13 10:58:57,1.0,1500,500,,500,500,44,,200,,,648,,56.0,0.7200,0.6000,0.6000,1.1000,0.00000000,0.06050766,0.12491900,0.01073523,0.00000000,0.20201750,0.34059960,0.87514000,0.00000000,0.00000000,0.00518925,0.01416360,3.79999600,3.32024100,1.79828900,1.10292900,0.61318620,1.10549400,0.80329590,0.72070740,3.31043600,3.31135200,0.79941320,5.04778000,5.04108000,0.00000000, 2, 255, 7, 24,0xf0000,No,No,No,No,Yes,Yes,Yes,Yes
2026-04-13 10:58:59,0.0,1500,500,,500,500,44,,200,,,648,,56.0,0.7200,0.6000,0.6000,1.1000,0.00000000,0.07124290,0.12784680,0.00683151,0.00000000,0.20299340,0.34255140,0.89299990,0.00000000,0.00000000,0.00586080,0.01465200,3.79999600,3.32580900,1.79828900,1.11208700,0.61281990,1.10659200,0.80879040,0.72043880,3.30860500,3.31135200,0.79999920,5.07458000,5.08530000,0.00000000, 2, 255, 7, 24,0xf0000,No,No,No,No,Yes,Yes,Yes,Yes
2026-04-13 10:59:01,0.0,1500,500,,500,500,44,,200,,,648,,55.4,0.7200,0.6000,0.6000,1.1000,0.00000000,0.06148359,0.12687090,0.00487965,0.00000000,0.21568060,0.34157550,0.88407000,0.00000000,0.00000000,0.00592185,0.01440780,3.79999600,3.29889800,1.79828900,1.11355200,0.61062210,1.10769100,0.80256330,0.72070740,3.31043600,3.31226800,0.79970620,5.05984000,5.07458000,0.00000000, 2, 255, 7, 24,0xf0000,No,No,No,No,Yes,Yes,Yes,Yes
2026-04-13 10:59:03,0.0,1500,500,,500,500,44,,200,,,648,,55.4,0.7200,0.6000,0.6000,1.1000,0.00000000,0.05953173,0.12784680,0.00683151,0.00000000,0.20396940,0.33962360,0.88407000,0.00000000,0.00000000,0.00518925,0.01440780,3.79999600,3.30260900,1.79877700,1.10695900,0.61318620,1.10146400,0.80256330,0.72070740,3.31043600,3.31226800,0.79999920,5.06252000,5.05046000,0.00000000, 2, 255, 7, 24,0xf0000,No,No,No,No,Yes,Yes,Yes,Yes
2026-04-13 10:59:06,0.0,1500,500,,500,500,44,,200,,,648,,55.4,0.7200,0.6000,0.6000,1.1000,0.06538731,0.06050766,0.12687090,0.00585558,0.00000000,0.20494530,0.33864770,0.89299990,0.00000000,0.00000000,0.00518925,0.01428570,3.72668700,3.31003300,1.80610300,1.11062200,0.61355250,1.10146400,0.80036550,0.72070740,3.30952000,3.30860500,0.79970620,5.04242000,5.04912000,0.00000000, 2, 255, 7, 24,0xf0000,No,No,No,No,Yes,Yes,Yes,Yes
2026-04-13 10:59:08,0.5,2400,910,,910,960,44,,200,,,648,,56.5,0.8600,0.6000,0.6000,1.1000,0.04294092,0.05953173,0.13077460,0.01171116,0.00000000,0.20592120,0.34059960,2.42896000,0.00000000,0.00000000,0.00525030,0.01428570,3.66915400,3.32116900,1.81684800,1.10879000,0.60036570,1.10402800,0.80036550,0.86092710,3.30952000,3.31226800,0.79941320,4.96738000,5.03974000,0.00000000, 2, 255, 7, 24,0xf0000,No,No,No,No,Yes,Yes,Yes,Yes
2026-04-13 10:59:10,0.0,2400,910,,910,960,44,,200,,,648,,57.1,0.8600,0.6000,0.6000,1.1000,0.06050766,0.06148359,0.13663020,0.00780744,0.00000000,0.20396940,0.34157550,1.41094000,0.00000000,0.00048840,0.00500610,0.01465200,3.67472200,3.32673600,1.80024200,1.11282000,0.61245360,1.10512700,0.79999920,0.86038990,3.30952000,3.31226800,0.79912020,5.01964000,5.02499900,0.00000000, 2, 255, 7, 24,0xf0000,No,No,No,No,Yes,Yes,Yes,Yes
2026-04-13 10:59:12,0.2,1500,500,,500,500,44,,200,,,648,,56.5,0.7200,0.6000,0.6000,1.1000,0.00000000,0.06441138,0.12784680,0.00683151,0.00000000,0.20884900,0.33962360,0.90193000,0.00000000,0.00048840,0.00518925,0.01428570,3.79999600,3.32952100,1.80024200,1.10879000,0.60586020,1.10549400,0.80219700,0.72070740,3.30952000,3.31226800,0.79912020,5.04778000,5.03840000,0.00000000, 2, 255, 7, 24,0xf0000,No,No,No,No,Yes,Yes,Yes,Yes
2026-04-13 10:59:14,0.0,1500,500,,500,500,44,,200,,,648,,56.0,0.7200,0.6000,0.6000,1.1000,0.00000000,0.06538731,0.12394310,0.00487965,0.00000000,0.20494530,0.33864770,0.90193000,0.00000000,0.00000000,0.00518925,0.01404150,3.79999600,3.32952100,1.80610300,1.10879000,0.61208730,1.10769100,0.80329590,0.72043880,3.31043600,3.31135200,0.79970620,5.09602000,5.09870000,0.00000000, 2, 255, 7, 24,0xf0000,No,No,No,No,Yes,Yes,Yes,Yes
2026-04-13 10:59:16,1.8,2400,910,,910,960,44,,200,,,648,,56.5,0.8600,0.6000,0.6000,1.1000,0.00000000,0.06441138,0.13175060,0.01073523,0.00000000,0.20787310,0.33767180,1.40201000,0.00000000,0.00000000,0.00518925,0.01416360,3.79999600,3.30817700,1.81684800,1.10439400,0.61281990,1.10805800,0.80219700,0.86119580,3.30860500,3.31135200,0.79882700,5.01562000,5.00356000,0.00000000, 2, 255, 7, 24,0xf0000,No,No,No,No,Yes,Yes,Yes,Yes
2026-04-13 10:59:18,0.0,2400,910,,910,960,44,,200,,,648,,56.5,0.8600,0.6000,0.6000,1.1000,0.00000000,0.06733918,0.13272650,0.00683151,0.00000000,0.20396940,0.34255140,1.40201000,0.00000000,0.00000000,0.00512820,0.01416360,3.79999600,3.35550300,1.80659200,1.10769100,0.61245360,1.10769100,0.80292960,0.86092710,3.31043600,3.31043600,0.79970620,5.02634000,5.02768000,0.00000000, 2, 255, 7, 24,0xf0000,No,No,No,No,Yes,Yes,Yes,Yes
2026-04-13 10:59:20,0.0,2400,910,,910,960,44,,200,,,648,,56.5,0.8600,0.6000,0.6000,1.1000,0.00000000,0.06148359,0.13565430,0.01073523,0.00000000,0.20689720,0.33767180,1.41094000,0.00000000,0.00024420,0.00518925,0.01465200,3.79999600,3.31931300,1.80659200,1.10695900,0.61318620,1.10549400,0.80146440,0.86092710,3.31043600,3.31226800,0.79970620,5.08128000,5.07190000,0.00000000, 2, 255, 7, 24,0xf0000,No,No,No,No,Yes,Yes,Yes,Yes
2026-04-13 10:59:23,0.0,1500,500,,500,500,44,,200,,,648,,56.0,0.7200,0.6000,0.6000,1.1000,0.00000000,0.05953173,0.12491900,0.00878337,0.00000000,0.20299340,0.34059960,0.88407000,0.00000000,0.00024420,0.00518925,0.01465200,3.79999600,3.32766400,1.80659200,1.11282000,0.61355250,1.10146400,0.80073180,0.72070740,3.31043600,3.31135200,0.79970620,5.04778000,5.06788000,0.00000000, 2, 255, 7, 24,0xf0000,No,No,No,No,Yes,Yes,Yes,Yes
2026-04-13 10:59:25,0.0,1500,500,,500,500,44,,200,,,648,,56.0,0.7200,0.6000,0.6000,1.1000,0.00000000,0.06441138,0.12687090,0.00292779,0.00000000,0.20299340,0.34059960,0.89299990,0.00000000,0.00000000,0.00494505,0.01428570,3.79999600,3.30724900,1.81684800,1.11025500,0.61281990,1.10146400,0.80256330,0.72070740,3.30952000,3.31318300,0.79999920,5.06520000,5.05850000,0.00000000, 2, 255, 7, 24,0xf0000,No,No,No,No,Yes,Yes,Yes,Yes
2026-04-13 10:59:27,1.5,1500,500,,500,500,44,,200,,,648,,57.1,0.7200,0.6000,0.6000,1.1000,0.00000000,0.06343545,0.12491900,0.01073523,0.00000000,0.20494530,0.34157550,0.88407000,0.00000000,0.00048840,0.00451770,0.01428570,3.79999600,3.32580900,1.80024200,1.11355200,0.61245360,1.10146400,0.80219700,0.72097620,3.30952000,3.31135200,0.79970620,5.10808000,5.10272000,0.00000000, 2, 255, 7, 24,0xf0000,No,No,No,No,Yes,Yes,Yes,Yes
2026-04-13 10:59:29,0.0,1500,500,,500,500,44,,200,,,648,,56.0,0.7200,0.6000,0.6000,1.1000,0.00000000,0.05855580,0.12589500,0.01171116,0.00000000,0.20494530,0.34059960,0.88407000,0.00000000,0.00000000,0.00518925,0.01428570,3.79999600,3.32302500,1.80024200,1.10879000,0.61575030,1.10769100,0.79963290,0.72070740,3.30952000,3.31135200,0.79999920,5.08530000,5.09736000,0.00000000, 2, 255, 7, 24,0xf0000,No,No,No,No,Yes,Yes,Yes,Yes
2026-04-13 10:59:31,0.0,1500,500,,500,500,44,,200,,,648,,56.5,0.7200,0.6000,0.6000,1.1000,0.00000000,0.06929103,0.12589500,0.00585558,0.00000000,0.20592120,0.34157550,0.89299990,0.00000000,0.00000000,0.00555555,0.01465200,3.79999600,3.31931300,1.79682400,1.10586000,0.60256350,1.10549400,0.80036550,0.72097620,3.30952000,3.31043600,0.79999920,5.04912000,5.03840000,0.00000000, 2, 255, 7, 24,0xf0000,No,No,No,No,Yes,Yes,Yes,Yes
2026-04-13 10:59:33,0.0,1500,500,,500,500,44,,200,,,648,,55.4,0.7200,0.6000,0.6000,1.1000,0.00000000,0.07319475,0.12784680,0.00780744,0.00000000,0.20592120,0.33864770,0.89299990,0.00000000,0.00048840,0.00598290,0.01428570,3.79999600,3.32580900,1.80024200,1.10439400,0.60402870,1.10549400,0.80292960,0.72097620,3.30952000,3.31043600,0.79941320,5.05314000,5.04242000,0.00000000, 2, 255, 7, 24,0xf0000,No,No,No,No,Yes,Yes,Yes,Yes
2026-04-13 10:59:36,0.0,1500,500,,500,500,44,,200,,,648,,56.5,0.7200,0.6000,0.6000,1.1000,0.00000000,0.05953173,0.12491900,0.00487965,0.00000000,0.20592120,0.33962360,0.89299990,0.00000000,0.00000000,0.00518925,0.01489620,3.79999600,3.31003300,1.82124300,1.10805800,0.61355250,1.10659200,0.79963290,0.72043880,3.30860500,3.30860500,0.79970620,5.08530000,5.09334000,0.00000000, 2, 255, 7, 24,0xf0000,No,No,No,No,Yes,Yes,Yes,Yes
2026-04-13 10:59:38,1.2,2400,910,,910,960,44,,200,,,648,,56.5,0.8600,0.6000,0.6000,1.1000,0.00000000,0.05953173,0.13467840,0.00390372,0.00000000,0.20689720,0.33962360,1.38415000,0.00000000,0.00024420,0.00457875,0.01416360,3.79999600,3.29518600,1.80659200,1.10769100,0.61318620,1.10769100,0.80329590,0.86146430,3.31043600,3.31043600,0.79970620,5.04242000,5.04644000,0.00000000, 2, 255, 7, 24,0xf0000,No,No,No,No,Yes,Yes,Yes,Yes
2026-04-13 10:59:40,0.5,2400,910,,910,960,44,,200,,,648,,56.5,0.8600,0.6000,0.6000,1.1000,0.00000000,0.06148359,0.13565430,0.00975930,0.00000000,0.20592120,0.34059960,1.41094000,0.00000000,0.00000000,0.00586080,0.01355310,3.79999600,3.32580900,1.81684800,1.10805800,0.61208730,1.10402800,0.80146440,0.86092710,3.30952000,3.31501500,0.79882700,5.03304000,5.02232000,0.00000000, 2, 255, 7, 24,0xf0000,No,No,No,No,Yes,Yes,Yes,Yes
2026-04-13 10:59:42,0.0,1500,500,,500,500,44,,200,,,648,,56.5,0.7200,0.6000,0.6000,1.1000,0.00000000,0.06050766,0.12784680,0.01073523,0.00000000,0.20689720,0.34157550,0.88407000,0.00000000,0.00048840,0.00482295,0.01416360,3.79999600,3.32580900,1.80024200,1.10732500,0.61281990,1.10805800,0.79963290,0.72097620,3.30768900,3.31135200,0.79999920,5.09066000,5.08664000,0.00000000, 2, 255, 7, 24,0xf0000,No,No,No,No,Yes,Yes,Yes,Yes
2026-04-13 10:59:44,0.0,1500,500,,500,500,44,,200,,,648,,56.0,0.7200,0.6000,0.6000,1.1000,0.00000000,0.05953173,0.12491900,0.00292779,0.00000000,0.20494530,0.33864770,0.90193000,0.00000000,0.00000000,0.00518925,0.01428570,3.79999600,3.30910500,1.79828900,1.11025500,0.61172100,1.10109800,0.79999920,0.72070740,3.30860500,3.31135200,0.79941320,5.04644000,5.06386000,0.00000000, 2, 255, 7, 24,0xf0000,No,No,No,No,Yes,Yes,Yes,Yes
2026-04-13 10:59:46,1.0,1500,500,,500,500,44,,200,,,648,,55.4,0.7200,0.6000,0.6000,1.1000,0.00000000,0.06538731,0.12589500,0.00585558,0.00000000,0.20494530,0.34255140,0.87514000,0.00000000,0.00048840,0.00500610,0.01404150,3.79999600,3.31467300,1.80024200,1.10769100,0.61208730,1.10549400,0.80256330,0.72070740,3.31043600,3.31135200,0.79941320,5.04912000,5.05180000,0.00000000, 2, 255, 7, 24,0xf0000,No,No,No,No,Yes,Yes,Yes,Yes
2026-04-13 10:59:48,0.0,1500,500,,500,500,44,,200,,,648,,56.0,0.7200,0.6000,0.6000,1.1000,0.00000000,0.05953173,0.12491900,0.00975930,0.00000000,0.20592120,0.33962360,0.89299990,0.00000000,0.00000000,0.00518925,0.01440780,3.79999600,3.32580900,1.80024200,1.10732500,0.61318620,1.10805800,0.80146440,0.72043880,3.31043600,3.31226800,0.79970620,5.08932000,5.09066000,0.00000000, 2, 255, 7, 24,0xf0000,No,No,No,No,Yes,Yes,Yes,Yes
2026-04-13 10:59:50,0.0,1500,500,,500,500,44,,200,,,648,,55.4,0.7200,0.6000,0.6000,1.1000,0.00000000,0.07514661,0.12784680,0.00195186,0.00000000,0.20689720,0.34157550,0.89299990,0.00000000,0.00048840,0.00476190,0.01428570,3.79999600,3.31096100,1.80024200,1.11355200,0.61318620,1.10549400,0.79963290,0.72070740,3.30952000,3.31226800,0.79941320,5.04644000,5.09200000,0.00000000, 2, 255, 7, 24,0xf0000,No,No,No,No,Yes,Yes,Yes,Yes
2026-04-13 10:59:53,0.0,1500,500,,500,500,44,,200,,,648,,56.0,0.7200,0.6000,0.6000,1.1000,0.00000000,0.06245952,0.12882280,0.00195186,0.00000000,0.20396940,0.33962360,0.87514000,0.00000000,0.00000000,0.00457875,0.01428570,3.79999600,3.31745700,1.79828900,1.11355200,0.61355250,1.10146400,0.80146440,0.72017020,3.30952000,3.31135200,0.79941320,5.05314000,5.05984000,0.00000000, 2, 255, 7, 24,0xf0000,No,No,No,No,Yes,Yes,Yes,Yes
2026-04-13 10:59:55,0.0,1500,500,,500,500,44,,200,,,648,,56.0,0.7200,0.6000,0.6000,1.1000,0.00000000,0.06733918,0.12589500,0.00683151,0.00000000,0.20689720,0.33767180,0.88407000,0.00000000,0.00048840,0.00586080,0.01428570,3.79999600,3.32580900,1.80024200,1.11355200,0.61318620,1.10549400,0.80292960,0.72070740,3.30952000,3.31226800,0.79970620,5.08932000,5.06922000,0.00000000, 2, 255, 7, 24,0xf0000,No,No,No,No,Yes,Yes,Yes,Yes
2026-04-13 10:59:57,0.0,1500,500,,500,500,44,,200,,,648,,55.4,0.7200,0.6000,0.6000,1.1000,0.00000000,0.06148359,0.12882280,0.00683151,0.00000000,0.20592120,0.33864770,0.88407000,0.00000000,0.00000000,0.00518925,0.01391940,3.79999600,3.31281700,1.80610300,1.11062200,0.61172100,1.10366200,0.80329590,0.72043880,3.31043600,3.31226800,0.79970620,5.04644000,5.08530000,0.00000000, 2, 255, 7, 24,0xf0000,No,No,No,No,Yes,Yes,Yes,Yes
2026-04-13 10:59:59,0.0,1500,500,,500,500,44,,200,,,648,,55.4,0.7200,0.6000,0.6000,1.1000,0.00000000,0.05953173,0.12784680,0.01268709,0.00000000,0.20494530,0.34059960,0.87514000,0.00000000,0.00024420,0.00500610,0.01416360,3.79999600,3.29889800,1.79828900,1.10439400,0.61062210,1.10549400,0.80292960,0.72070740,3.30952000,3.31043600,0.79970620,5.04778000,5.05850000,0.00000000, 2, 255, 7, 24,0xf0000,No,No,No,No,Yes,Yes,Yes,Yes
2026-04-13 11:00:01,0.0,2400,910,,910,960,44,,200,,,648,,56.5,0.8600,0.6000,0.6000,1.1000,0.00000000,0.06441138,0.13370240,0.00878337,0.00000000,0.20592120,0.33962360,1.41094000,0.00000000,0.00000000,0.00500610,0.01416360,3.79999600,3.30910500,1.81684800,1.10695900,0.61208730,1.10549400,0.80256330,0.86065850,3.30952000,3.31318300,0.79912020,5.03304000,5.01294000,0.00000000, 2, 255, 7, 24,0xf0000,No,No,No,No,Yes,Yes,Yes,Yes
2026-04-13 11:00:03,0.0,2400,910,,910,960,44,,200,,,648,,57.1,0.8600,0.6000,0.6000,1.1000,0.00000000,0.05855580,0.13370240,0.00585558,0.00000000,0.20396940,0.33767180,1.40201000,0.00000000,0.00024420,0.00500610,0.01416360,3.79999600,3.31931300,1.80659200,1.10695900,0.61208730,1.10549400,0.79963290,0.86065850,3.31043600,3.31135200,0.79941320,5.01026000,5.03706000,0.00000000, 2, 255, 7, 24,0xf0000,No,No,No,No,Yes,Yes,Yes,Yes
2026-04-13 11:00:05,0.0,1500,500,,500,500,44,,200,,,648,,56.0,0.7200,0.6000,0.6000,1.1000,0.00000000,0.06148359,0.12882280,0.00390372,0.00000000,0.20299340,0.34157550,0.88407000,0.00000000,0.00000000,0.00482295,0.01428570,3.79999600,3.31467300,1.80024200,1.10805800,0.61208730,1.10769100,0.80329590,0.72070740,3.31043600,3.31135200,0.79970620,5.05314000,5.05046000,0.00000000, 2, 255, 7, 24,0xf0000,No,No,No,No,Yes,Yes,Yes,Yes
2026-04-13 11:00:08,1.5,1500,500,,910,960,44,,200,,,648,,56.5,0.8600,0.6000,0.6000,1.1000,0.00000000,0.06148359,0.13467840,0.00292779,0.00000000,0.20689720,0.33962360,1.39308000,0.00000000,0.00000000,0.00512820,0.01428570,3.79999600,3.31003300,1.80610300,1.11062200,0.61245360,1.10146400,0.80292960,0.86065850,3.30860500,3.31135200,0.79999920,5.01562000,5.05448000,0.00000000, 2, 255, 7, 24,0xf0000,No,No,No,No,Yes,Yes,Yes,Yes
2026-04-13 11:00:10,0.0,2400,910,,910,960,44,,200,,,648,,56.5,0.8600,0.6000,0.6000,1.1000,0.00000000,0.06148359,0.13467840,0.00780744,0.00000000,0.21860830,0.33962360,1.40201000,0.00000000,0.00000000,0.00451770,0.01428570,3.79999600,3.31745700,1.80610300,1.11062200,0.61245360,1.10769100,0.80292960,0.86119580,3.30677300,3.31043600,0.79970620,5.06922000,5.07860000,0.00000000, 2, 255, 7, 24,0xf0000,No,No,No,No,Yes,Yes,Yes,Yes
2026-04-13 11:00:12,1.5,2400,910,,910,960,44,,200,,,648,,57.1,0.8600,0.6000,0.6000,1.1000,0.00000000,0.06148359,0.13955800,0.08978556,0.00392160,0.21568060,0.38549240,2.15213000,0.00000000,0.00000000,0.00592185,0.01465200,3.79999600,3.30724900,1.81684800,1.10695900,0.60366240,1.10769100,0.79963290,0.86173300,3.30952000,3.31409900,0.79912020,4.99418000,5.00624000,0.00000000, 2, 255, 7, 24,0xf0000,No,No,No,No,Yes,Yes,Yes,Yes
2026-04-13 11:00:14,0.0,1500,500,,500,500,44,,200,,,648,,56.0,0.7200,0.6000,0.6000,1.1000,0.00000000,0.06636324,0.12784680,0.00487965,0.00000000,0.20494530,0.34255140,0.90193000,0.00000000,0.00000000,0.00518925,0.01465200,3.79999600,3.32952100,1.80024200,1.10805800,0.61318620,1.10586000,0.80256330,0.72070740,3.31043600,3.31043600,0.79999920,5.06922000,5.05984000,0.00000000, 2, 255, 7, 24,0xf0000,No,No,No,No,Yes,Yes,Yes,Yes
2026-04-13 11:00:16,0.0,1500,500,,500,500,44,,200,,,648,,56.0,0.7200,0.6000,0.6000,1.1000,0.00000000,0.06343545,0.12491900,0.00878337,0.00000000,0.20787310,0.34059960,0.89299990,0.00000000,0.00000000,0.00518925,0.01428570,3.79999600,3.30632200,1.80659200,1.10695900,0.61245360,1.10805800,0.80292960,0.72070740,3.31043600,3.30952000,0.79941320,5.08396000,5.10272000,0.00000000, 2, 255, 7, 24,0xf0000,No,No,No,No,Yes,Yes,Yes,Yes
2026-04-13 11:00:18,1.8,2400,910,,910,960,44,,200,,,648,,57.1,0.8600,0.6000,0.6000,1.1000,0.00000000,0.06538731,0.13370240,0.00780744,0.00000000,0.20494530,0.33767180,1.40201000,0.00000000,0.00000000,0.00586080,0.01428570,3.79999600,3.30353800,1.81684800,1.10439400,0.61245360,1.10769100,0.79999920,0.86119580,3.30952000,3.31318300,0.79941320,5.01830000,5.03840000,0.00000000, 2, 255, 7, 24,0xf0000,No,No,No,No,Yes,Yes,Yes,Yes
2026-04-13 11:00:20,0.2,2400,910,,910,960,44,,200,,,648,,58.2,0.8600,0.6000,0.6000,1.1000,0.00000000,0.06831510,0.13370240,0.00683151,0.00000000,0.20396940,0.34255140,1.41094000,0.00000000,0.00006105,0.00512820,0.01477410,3.79999600,3.31467300,1.81684800,1.10695900,0.61245360,1.10586000,0.80292960,0.86173300,3.30860500,3.31135200,0.79941320,5.05314000,5.02634000,0.00000000, 2, 255, 7, 24,0xf0000,No,No,No,No,Yes,Yes,Yes,Yes
2026-04-13 11:00:22,0.0,2400,910,,910,960,44,,200,,,648,,57.1,0.8600,0.6000,0.6000,1.1000,0.00000000,0.07709848,0.13175060,0.00292779,0.00000000,0.20689720,0.35426260,1.42880000,0.00000000,0.00012210,0.00518925,0.01355310,3.79999600,3.31096100,1.81733600,1.11025500,0.61281990,1.10512700,0.80146440,0.86092710,3.31135200,3.31501500,0.79941320,5.03840000,5.03170000,0.00000000, 2, 255, 7, 24,0xf0000,No,No,No,No,Yes,Yes,Yes,Yes
2026-04-13 11:00:25,0.0,1500,500,,500,500,44,,200,,,648,,56.5,0.7200,0.6000,0.6000,1.1000,0.00000000,0.06636324,0.12491900,0.00292779,0.00000000,0.20494530,0.34059960,0.89299990,0.00000000,0.00048840,0.00555555,0.01404150,3.79999600,3.31467300,1.80024200,1.11355200,0.61318620,1.10586000,0.79999920,0.72097620,3.30952000,3.31409900,0.79970620,5.05984000,5.05046000,0.00000000, 2, 255, 7, 24,0xf0000,No,No,No,No,Yes,Yes,Yes,Yes
2026-04-13 11:00:27,0.0,1500,500,,500,500,44,,200,,,648,,56.0,0.7200,0.6000,0.6000,1.1000,0.00000000,0.05953173,0.12784680,0.00683151,0.00000000,0.21372870,0.34059960,0.88407000,0.00000000,0.00000000,0.00457875,0.01391940,3.79999600,3.31931300,1.81684800,1.10695900,0.61318620,1.10659200,0.80366220,0.72043880,3.30952000,3.31318300,0.79912020,5.07592000,5.05984000,0.00000000, 2, 255, 7, 24,0xf0000,No,No,No,No,Yes,Yes,Yes,Yes
2026-04-13 11:00:29,1.7,2400,910,,910,960,44,,200,,,648,,56.5,0.8600,0.6000,0.6000,1.1000,0.00000000,0.06050766,0.13272650,0.00683151,0.00000000,0.21372870,0.34059960,1.38415000,0.00000000,0.00000000,0.00384615,0.01416360,3.79999600,3.32766400,1.80659200,1.10879000,0.61318620,1.10549400,0.79963290,0.86173300,3.31043600,3.31226800,0.79941320,5.07994000,5.07860000,0.00000000, 2, 255, 7, 24,0xf0000,No,No,No,No,Yes,Yes,Yes,Yes
2026-04-13 11:00:31,0.0,2400,910,,910,960,44,,200,,,648,,57.6,0.8600,0.6000,0.6000,1.1000,0.00000000,0.10052080,0.16493220,0.02244639,0.00000000,0.20494530,0.33864770,1.39308000,0.00000000,0.00000000,0.00586080,0.01440780,3.79999600,3.32766400,1.80610300,1.11208700,0.61318620,1.10549400,0.80292960,0.86146430,3.31043600,3.31043600,0.79999920,5.00490000,5.02499900,0.00000000, 2, 255, 7, 24,0xf0000,No,No,No,No,Yes,Yes,Yes,Yes
2026-04-13 11:00:33,0.0,1500,500,,500,500,44,,200,,,648,,57.1,0.7200,0.6000,0.6000,1.1000,0.00000000,0.06148359,0.12296720,0.01171116,0.00000000,0.20201750,0.34059960,0.91979000,0.00000000,0.00048840,0.00781440,0.01404150,3.79999600,3.31003300,1.80024200,1.11062200,0.61281990,1.10769100,0.80256330,0.72070740,3.30952000,3.31135200,0.79970620,5.07860000,5.08262000,0.00000000, 2, 255, 7, 24,0xf0000,No,No,No,No,Yes,Yes,Yes,Yes
2026-04-13 11:00:35,1.0,1500,500,,500,500,44,,200,,,648,,56.0,0.7200,0.6000,0.6000,1.1000,0.00000000,0.06538731,0.12687090,0.00487965,0.00000000,0.20494530,0.34059960,0.90193000,0.00000000,0.00000000,0.00506715,0.01416360,3.79999600,3.31003300,1.80659200,1.11062200,0.61281990,1.10549400,0.80292960,0.72097620,3.30860500,3.31043600,0.79999920,5.07458000,5.09334000,0.00000000, 2, 255, 7, 24,0xf0000,No,No,No,No,Yes,Yes,Yes,Yes
2026-04-13 11:00:37,0.0,1500,500,,500,500,44,,200,,,648,,56.0,0.7200,0.6000,0.6000,1.1000,0.00000000,0.06538731,0.12589500,0.01171116,0.00000000,0.20494530,0.34059960,0.90193000,0.00000000,0.00006105,0.00512820,0.01428570,3.79999600,3.31931300,1.79584700,1.10879000,0.61391880,1.10549400,0.80329590,0.72043880,3.31043600,3.31043600,0.79941320,5.05448000,5.05984000,0.00000000, 2, 255, 7, 24,0xf0000,No,No,No,No,Yes,Yes,Yes,Yes
2026-04-13 11:00:40,0.0,2400,910,,910,960,44,,200,,,648,,57.1,0.8600,0.6000,0.6000,1.1000,0.00000000,0.05953173,0.13370240,0.00683151,0.00000000,0.20689720,0.34059960,1.41987000,0.00000000,0.00097680,0.00482295,0.01428570,3.79999600,3.30724900,1.79584700,1.10805800,0.61281990,1.10659200,0.80292960,0.86092710,3.31043600,3.31226800,0.79941320,5.03170000,5.02499900,0.00000000, 2, 255, 7, 24,0xf0000,No,No,No,No,Yes,Yes,Yes,Yes
2026-04-13 11:00:42,0.0,2400,910,,910,960,44,,200,,,648,,56.5,0.8600,0.6000,0.6000,1.1000,0.00000000,0.06050766,0.13467840,0.00585558,0.00000000,0.20494530,0.34255140,1.41094000,0.00000000,0.00012210,0.00476190,0.01465200,3.79999600,3.32116900,1.82124300,1.10732500,0.61172100,1.10146400,0.80439480,0.86092710,3.30860500,3.31226800,0.79999920,5.04778000,5.07592000,0.00000000, 2, 255, 7, 24,0xf0000,No,No,No,No,Yes,Yes,Yes,Yes
2026-04-13 11:00:44,1.5,1500,500,,500,500,44,,200,,,648,,57.1,0.8600,0.6000,0.6000,1.1000,0.00000000,0.06441138,0.13175060,0.00878337,0.00000000,0.21568060,0.34255140,1.41987000,0.00000000,0.00000000,0.00592185,0.01428570,3.79999600,3.32580900,1.80610300,1.10695900,0.60366240,1.10805800,0.79963290,0.86173300,3.30952000,3.31043600,0.79941320,5.01294000,4.99552000,0.00000000, 2, 255, 7, 24,0xf0000,No,No,No,No,Yes,Yes,Yes,Yes
2026-04-13 11:00:46,0.0,2400,910,,910,960,44,,200,,,648,,57.1,0.8600,0.6000,0.6000,1.1000,0.00000000,0.06441138,0.13467840,0.00683151,0.00000000,0.22934360,0.34059960,1.41094000,0.00000000,0.00006105,0.00518925,0.01404150,3.79999600,3.30817700,1.79584700,1.10732500,0.61318620,1.10659200,0.80183080,0.86092710,3.30860500,3.31226800,0.79941320,5.05850000,5.05314000,0.00000000, 2, 255, 7, 24,0xf0000,No,No,No,No,Yes,Yes,Yes,Yes
2026-04-13 11:00:48,0.0,2400,910,,910,960,44,,200,,,648,,58.2,0.8600,0.6000,0.6000,1.1000,0.00000000,0.06636324,0.13175060,0.00878337,0.00000000,0.21568060,0.33767180,1.42880000,0.00000000,0.00048840,0.00531135,0.01428570,3.79442800,3.33137600,1.80024200,1.10695900,0.61245360,1.10805800,0.79926660,0.86119580,3.30952000,3.31318300,0.79999920,5.04644000,5.03572000,0.00000000, 2, 255, 7, 24,0xf0000,No,No,No,No,Yes,Yes,Yes,Yes
2026-04-13 11:00:50,0.0,1500,500,,500,500,44,,200,,,648,,57.1,0.7200,0.6000,0.6000,1.1000,0.00000000,0.06148359,0.12687090,0.00292779,0.00000000,0.20494530,0.33767180,0.89299990,0.00000000,0.00000000,0.00598290,0.01404150,3.79999600,3.31003300,1.80024200,1.10439400,0.61245360,1.10769100,0.80402850,0.72097620,3.30952000,3.31318300,0.80029220,5.06788000,5.04376000,0.00000000, 2, 255, 7, 24,0xf0000,No,No,No,No,Yes,Yes,Yes,Yes
2026-04-13 11:00:52,1.0,1500,500,,500,500,44,,200,,,648,,56.5,0.7200,0.6000,0.6000,1.1000,0.00000000,0.06538731,0.12882280,0.00195186,0.00000000,0.20299340,0.33669580,0.89299990,0.00000000,0.00000000,0.00586080,0.01428570,3.79999600,3.31745700,1.80610300,1.10805800,0.61281990,1.10769100,0.79963290,0.72043880,3.30952000,3.31318300,0.79941320,5.07056000,5.05716000,0.00000000, 2, 255, 7, 24,0xf0000,No,No,No,No,Yes,Yes,Yes,Yes
2026-04-13 11:00:54,0.0,1500,500,,500,500,44,,200,,,648,,56.0,0.7200,0.6000,0.6000,1.1000,0.00000000,0.05953173,0.12882280,0.00683151,0.00000000,0.21665650,0.34059960,0.89299990,0.00000000,0.00000000,0.00549450,0.01391940,3.79999600,3.31467300,1.80024200,1.11282000,0.61355250,1.10146400,0.79890030,0.72070740,3.31043600,3.31043600,0.79941320,5.09334000,5.09602000,0.00000000, 2, 255, 7, 24,0xf0000,No,No,No,No,Yes,Yes,Yes,Yes
2026-04-13 11:00:57,0.0,1500,500,,500,500,44,,200,,,648,,56.5,0.7200,0.6000,0.6000,1.1000,0.00000000,0.05953173,0.12589500,0.00487965,0.00000000,0.20201750,0.33669580,0.87514000,0.00000000,0.00000000,0.00500610,0.01416360,3.79999600,3.30260900,1.80024200,1.10695900,0.61245360,1.10549400,0.80292960,0.72097620,3.31135200,3.31135200,0.79999920,5.05448000,5.05448000,0.00000000, 2, 255, 7, 24,0xf0000,No,No,No,No,Yes,Yes,Yes,Yes
2026-04-13 11:00:59,0.0,1500,500,,500,500,44,,200,,,648,,56.5,0.7775,0.6000,0.6000,1.1000,0.00000000,0.05953173,0.12979870,0.01171116,0.00000000,0.20299340,0.34059960,1.06267000,0.00000000,0.00048840,0.00518925,0.01416360,3.79999600,3.31652900,1.80024200,1.10988900,0.60695910,1.10549400,0.80439480,0.78168420,3.30952000,3.31135200,0.79999920,5.05984000,5.04108000,0.00000000, 2, 255, 7, 24,0xf0000,No,No,No,No,Yes,Yes,Yes,Yes
2026-04-13 11:01:01,0.2,1500,500,,500,500,44,,200,,,648,,56.0,0.7200,0.6000,0.6000,1.1000,0.00000000,0.06245952,0.12687090,0.00585558,0.00000000,0.20689720,0.33962360,0.89299990,0.00000000,0.00000000,0.00647130,0.01391940,3.79999600,3.32766400,1.80024200,1.11208700,0.61025580,1.10402800,0.80256330,0.71963300,3.30952000,3.31318300,0.79970620,5.08932000,5.07458000,0.00000000, 2, 255, 7, 24,0xf0000,No,No,No,No,Yes,Yes,Yes,Yes
2026-04-13 11:01:03,0.0,1500,500,,500,500,44,,200,,,648,,56.0,0.7200,0.6000,0.6000,1.1000,0.00000000,0.06733918,0.12687090,0.00487965,0.00000000,0.20396940,0.34255140,0.89299990,0.00000000,0.00000000,0.00500610,0.01416360,3.79999600,3.31931300,1.80659200,1.11208700,0.61208730,1.10659200,0.80109810,0.72017020,3.30860500,3.31043600,0.79970620,5.03170000,5.06117900,0.00000000, 2, 255, 7, 24,0xf0000,No,No,No,No,Yes,Yes,Yes,Yes
2026-04-13 11:01:05,0.2,1500,500,,500,500,44,,200,,,648,,56.5,0.7200,0.6000,0.6000,1.1000,0.06831510,0.06245952,0.12784680,0.00878337,0.00000000,0.20201750,0.34059960,0.88407000,0.00000000,0.00000000,0.00500610,0.01416360,3.72204800,3.30910500,1.80610300,1.10879000,0.61208730,1.10805800,0.80036550,0.72017020,3.30952000,3.31043600,0.79941320,5.04912000,5.05448000,0.00000000, 2, 255, 7, 24,0xf0000,No,No,No,No,Yes,Yes,Yes,Yes
2026-04-13 11:01:07,0.0,1500,500,,500,500,44,,200,,,648,,56.5,0.7200,0.6000,0.6000,1.1000,0.05855580,0.06636324,0.12491900,0.00878337,0.00000000,0.20299340,0.34352740,0.89299990,0.00000000,0.00048840,0.00592185,0.01465200,3.71091200,3.30817700,1.79926600,1.11208700,0.60695910,1.10402800,0.79963290,0.72097620,3.31043600,3.31135200,0.79999920,5.07726000,5.05582000,0.00000000, 2, 255, 7, 24,0xf0000,No,No,No,No,Yes,Yes,Yes,Yes
2026-04-13 11:01:09,1.8,2400,910,,910,960,44,,200,,,648,,57.1,0.8600,0.6000,0.6000,1.1000,0.05855580,0.06636324,0.13175060,0.01268709,0.00000000,0.20299340,0.34450330,1.38415000,0.00000000,0.00000000,0.00525030,0.01391940,3.68121700,3.32580900,1.80610300,1.10769100,0.61208730,1.10549400,0.80329590,0.86065850,3.30860500,3.31135200,0.79970620,5.00758000,5.06117900,0.00000000, 2, 255, 7, 24,0xf0000,No,No,No,No,Yes,Yes,Yes,Yes
2026-04-13 11:01:12,0.0,2400,910,,910,960,44,,200,,,648,,57.6,0.8600,0.6000,0.6000,1.1000,0.00000000,0.05953173,0.13370240,0.01268709,0.00000000,0.20299340,0.33962360,1.40201000,0.00000000,0.00000000,0.00518925,0.01343100,3.79999600,3.31096100,1.80610300,1.10805800,0.61172100,1.10805800,0.80329590,0.86119580,3.31043600,3.31226800,0.79970620,5.02634000,5.03840000,0.00000000, 2, 255, 7, 24,0xf0000,No,No,No,No,Yes,Yes,Yes,Yes
2026-04-13 11:01:14,0.3,2400,910,,910,960,44,,200,,,648,,57.6,0.8600,0.6000,0.6000,1.1000,0.00000000,0.05953173,0.13272650,0.00683151,0.00000000,0.20494530,0.34840700,1.40201000,0.00000000,0.00048840,0.00634920,0.01428570,3.79999600,3.31003300,1.80024200,1.10586000,0.61245360,1.10109800,0.79926660,0.86119580,3.30952000,3.31135200,0.79970620,5.06788000,5.07056000,0.00000000, 2, 255, 7, 24,0xf0000,No,No,No,No,Yes,Yes,Yes,Yes
2026-04-13 11:01:16,1.7,2400,910,,910,960,44,,200,,,648,,58.2,0.8600,0.6000,0.6000,1.1000,0.00000000,0.06929103,0.13955800,0.10637640,0.00000000,0.20396940,0.33962360,1.40201000,0.00000000,0.00000000,0.00384615,0.01428570,3.66637000,3.31374500,1.80659200,1.10769100,0.60219720,1.10402800,0.80439480,0.86092710,3.30952000,3.31135200,0.79912020,4.99016000,5.00758000,0.00000000, 2, 255, 7, 24,0xf0000,No,No,No,No,Yes,Yes,Yes,Yes
2026-04-13 11:01:18,0.0,2400,910,,910,960,44,,200,,,648,,57.1,0.8600,0.6000,0.6000,1.1000,0.00000000,0.06245952,0.13272650,0.01268709,0.00000000,0.20494530,0.33864770,1.40201000,0.00000000,0.00000000,0.00549450,0.01428570,3.79999600,3.32859200,1.80610300,1.11282000,0.61355250,1.10915600,0.80256330,0.86092710,3.31043600,3.31226800,0.79941320,5.02098000,5.03706000,0.00000000, 2, 255, 7, 24,0xf0000,No,No,No,No,Yes,Yes,Yes,Yes
2026-04-13 11:01:20,1.5,1500,500,,500,500,44,,200,,,648,,56.5,0.7200,0.6000,0.6000,1.1000,0.00000000,0.06929103,0.12784680,0.01171116,0.00000000,0.20396940,0.34059960,0.90193000,0.00000000,0.00024420,0.00518925,0.01465200,3.79999600,3.32580900,1.80659200,1.10586000,0.61245360,1.10805800,0.79963290,0.72070740,3.30952000,3.31135200,0.79941320,5.09200000,5.09200000,0.00000000, 2, 255, 7, 24,0xf0000,No,No,No,No,Yes,Yes,Yes,Yes
2026-04-13 11:01:22,0.0,1500,500,,500,500,44,,200,,,648,,56.0,0.7200,0.6000,0.6000,1.1000,0.00000000,0.06441138,0.12687090,0.00390372,0.00000000,0.20396940,0.33767180,0.91085990,0.00000000,0.00000000,0.00592185,0.01465200,3.79999600,3.31281700,1.80024200,1.11355200,0.61245360,1.10659200,0.79963290,0.72070740,3.31135200,3.31135200,0.79970620,5.06520000,5.05850000,0.00000000, 2, 255, 7, 24,0xf0000,No,No,No,No,Yes,Yes,Yes,Yes
2026-04-13 11:01:24,0.0,1500,500,,500,500,44,,200,,,648,,56.5,0.7200,0.6000,0.6000,1.1000,0.00000000,0.06441138,0.12589500,0.00683151,0.00000000,0.20494530,0.33767180,0.94657990,0.00000000,0.00000000,0.00543345,0.01391940,3.79999600,3.31374500,1.80659200,1.10439400,0.61208730,1.10769100,0.80256330,0.72017020,3.31043600,3.31226800,0.80058540,5.05850000,5.05046000,0.00000000, 2, 255, 7, 24,0xf0000,No,No,No,No,Yes,Yes,Yes,Yes
2026-04-13 11:01:27,0.0,1500,500,,500,500,44,,200,,,648,,56.0,0.7200,0.6000,0.6000,1.1000,0.00000000,0.06636324,0.12394310,0.00487965,0.00000000,0.20494530,0.34157550,0.88407000,0.00000000,0.00048840,0.00598290,0.01428570,3.79999600,3.31003300,1.80024200,1.10769100,0.60915690,1.10549400,0.79963290,0.72043880,3.31043600,3.31226800,0.79970620,5.09736000,5.06922000,0.00000000, 2, 255, 7, 24,0xf0000,No,No,No,No,Yes,Yes,Yes,Yes
2026-04-13 11:01:29,0.0,1500,500,,500,500,44,,200,,,648,,56.0,0.7200,0.6000,0.6000,1.1000,0.00000000,0.06441138,0.12784680,0.00975930,0.00000000,0.20494530,0.33962360,0.88407000,0.00000000,0.00006105,0.00512820,0.01452990,3.79999600,3.31560100,1.79584700,1.10439400,0.60256350,1.10512700,0.80292960,0.72043880,3.30952000,3.31135200,0.79912020,5.05984000,5.10272000,0.00000000, 2, 255, 7, 24,0xf0000,No,No,No,No,Yes,Yes,Yes,Yes
2026-04-13 11:01:31,0.0,1500,500,,500,500,44,,200,,,648,,54.9,0.7200,0.6000,0.6000,1.1000,0.00000000,0.06148359,0.12589500,0.00390372,0.00000000,0.21568060,0.34157550,0.90193000,0.00000000,0.00048840,0.00537240,0.01428570,3.79999600,3.31467300,1.80024200,1.11355200,0.61318620,1.10549400,0.80146440,0.72070740,3.30952000,3.31409900,0.79912020,5.06788000,5.04242000,0.00000000, 2, 255, 7, 24,0xf0000,No,No,No,No,Yes,Yes,Yes,Yes
2026-04-13 11:01:33,2.0,2400,910,,910,960,44,,200,,,648,,56.5,0.8600,0.6000,0.6000,1.1000,0.00000000,0.05953173,0.13370240,0.01268709,0.00000000,0.21860830,0.34547920,1.39308000,0.00000000,0.00006105,0.00592185,0.01465200,3.79999600,3.31374500,1.81684800,1.10805800,0.61281990,1.10805800,0.79926660,0.86092710,3.31043600,3.31043600,0.79941320,5.05314000,5.05716000,0.00000000, 2, 255, 7, 24,0xf0000,No,No,No,No,Yes,Yes,Yes,Yes
2026-04-13 11:01:35,0.0,2400,910,,910,960,44,,200,,,648,,57.1,0.8600,0.6000,0.6000,1.1000,0.00000000,0.05953173,0.13467840,0.00390372,0.00000000,0.20689720,0.34157550,1.40201000,0.00000000,0.00000000,0.00476190,0.01465200,3.79535600,3.31003300,1.80610300,1.10952300,0.61208730,1.10146400,0.80036550,0.86092710,3.30860500,3.31043600,0.79970620,5.03840000,5.07056000,0.00000000, 2, 255, 7, 24,0xf0000,No,No,No,No,Yes,Yes,Yes,Yes
2026-04-13 11:01:37,0.0,2400,910,,910,960,43,,200,,,648,,57.6,0.8600,0.6000,0.6000,1.1000,0.00000000,0.06733918,0.13370240,0.00780744,0.00000000,0.20494530,0.33962360,1.41987000,0.00000000,0.00000000,0.00518925,0.01465200,3.79999600,3.30910500,1.80659200,1.11208700,0.61245360,1.10659200,0.80219700,0.86065850,3.30860500,3.31135200,0.80058540,5.02768000,5.03572000,0.00000000, 2, 255, 7, 24,0xf0000,No,No,No,No,Yes,Yes,Yes,Yes
2026-04-13 11:01:39,0.0,1500,500,,500,500,44,,200,,,648,,55.4,0.7200,0.6000,0.6000,1.1000,0.00000000,0.05953173,0.12589500,0.00487965,0.00000000,0.20396940,0.33864770,0.88407000,0.00000000,0.00000000,0.00518925,0.01428570,3.79999600,3.31652900,1.80024200,1.10439400,0.61208730,1.10769100,0.80256330,0.72070740,3.30952000,3.31318300,0.79912020,5.08932000,5.08932000,0.00000000, 2, 255, 7, 24,0xf0000,No,No,No,No,Yes,Yes,Yes,Yes
2026-04-13 11:01:41,1.0,1500,500,,500,500,44,,200,,,648,,56.0,0.7200,0.6000,0.6000,1.1000,0.00000000,0.06441138,0.12687090,0.00878337,0.00000000,0.20299340,0.33864770,0.87514000,0.00000000,0.00024420,0.00500610,0.01465200,3.79164400,3.31838500,1.80610300,1.10879000,0.61281990,1.10549400,0.80292960,0.72017020,3.30952000,3.31226800,0.79941320,5.09200000,5.09870000,0.00000000, 2, 255, 7, 24,0xf0000,No,No,No,No,Yes,Yes,Yes,Yes
2026-04-13 11:01:44,1.8,1500,500,,500,500,44,,200,,,648,,56.0,0.7200,0.6000,0.6000,1.1000,0.00000000,0.06929103,0.12882280,0.00585558,0.00000000,0.20299340,0.34059960,0.88407000,0.00000000,0.00000000,0.00525030,0.01440780,3.79999600,3.31652900,1.80024200,1.11062200,0.61318620,1.10659200,0.80109810,0.72070740,3.31043600,3.31318300,0.79941320,5.04242000,5.05180000,0.00000000, 2, 255, 7, 24,0xf0000,No,No,No,No,Yes,Yes,Yes,Yes
2026-04-13 11:01:46,0.0,1500,500,,500,500,44,,200,,,648,,55.4,0.7200,0.6000,0.6000,1.1000,0.00000000,0.05953173,0.12784680,0.00390372,0.00000000,0.20494530,0.34059960,0.88407000,0.00000000,0.00000000,0.00518925,0.01428570,3.79999600,3.31281700,1.79877700,1.10586000,0.61355250,1.10549400,0.80256330,0.72070740,3.30952000,3.31226800,0.79970620,5.07994000,5.05314000,0.00000000, 2, 255, 7, 24,0xf0000,No,No,No,No,Yes,Yes,Yes,Yes
2026-04-13 11:01:48,0.8,2400,910,,910,960,44,,200,,,648,,56.5,0.8600,0.6000,0.6000,1.1000,0.00000000,0.06441138,0.13663020,0.00975930,0.00000000,0.20494530,0.33669580,1.41987000,0.00000000,0.00012210,0.00470085,0.01465200,3.79999600,3.31467300,1.81733600,1.10512700,0.60366240,1.10659200,0.80329590,0.86065850,3.31135200,3.31501500,0.79970620,5.03438000,5.04912000,0.00000000, 2, 255, 7, 24,0xf0000,No,No,No,No,Yes,Yes,Yes,Yes
2026-04-13 11:01:50,0.0,2400,910,,910,960,44,,200,,,648,,57.6,0.8600,0.6000,0.6000,1.1000,0.00000000,0.05757987,0.13370240,0.00390372,0.00000000,0.20494530,0.33962360,1.40201000,0.00000000,0.00000000,0.00518925,0.01428570,3.79999600,3.35550300,1.80610300,1.10805800,0.61318620,1.10549400,0.79963290,0.86092710,3.31135200,3.31135200,0.79912020,5.03572000,5.04242000,0.00000000, 2, 255, 7, 24,0xf0000,No,No,No,No,Yes,Yes,Yes,Yes
2026-04-13 11:01:52,0.0,1500,500,,500,500,44,,200,,,648,,56.5,0.7200,0.6000,0.6000,1.1000,0.00000000,0.06245952,0.12491900,0.00390372,0.00000000,0.20494530,0.33962360,0.88407000,0.00000000,0.00000000,0.00457875,0.01416360,3.79999600,3.31745700,1.79682400,1.11208700,0.61281990,1.10586000,0.80329590,0.72097620,3.30952000,3.31135200,0.79941320,5.07458000,5.06117900,0.00000000, 2, 255, 7, 24,0xf0000,No,No,No,No,Yes,Yes,Yes,Yes
2026-04-13 11:01:54,0.2,1500,500,,500,500,44,,200,,,648,,56.5,0.7200,0.6000,0.6000,1.1000,0.00000000,0.06050766,0.12589500,0.00780744,0.00000000,0.20689720,0.34059960,0.87514000,0.00000000,0.00000000,0.00610500,0.01440780,3.79999600,3.32952100,1.80024200,1.10512700,0.61391880,1.10805800,0.79963290,0.72043880,3.30952000,3.31135200,0.79912020,5.07860000,5.09602000,0.00000000, 2, 255, 7, 24,0xf0000,No,No,No,No,Yes,Yes,Yes,Yes
2026-04-13 11:01:56,0.0,1500,500,,500,500,44,,200,,,648,,56.0,0.7200,0.6000,0.6000,1.1000,0.00000000,0.06148359,0.12687090,0.00487965,0.00000000,0.21860830,0.33962360,0.89299990,0.00000000,0.00000000,0.00512820,0.01428570,3.79999600,3.30910500,1.80024200,1.10879000,0.61355250,1.10549400,0.80036550,0.72070740,3.30677300,3.31226800,0.79941320,5.05046000,5.09736000,0.00000000, 2, 255, 7, 24,0xf0000,No,No,No,No,Yes,Yes,Yes,Yes
2026-04-13 11:01:59,0.0,1500,500,,500,500,44,,200,,,648,,56.5,0.7200,0.6000,0.6000,1.1000,0.00000000,0.06050766,0.12784680,0.00585558,0.00000000,0.20592120,0.34157550,0.90193000,0.00000000,0.00048840,0.00634920,0.01465200,3.79999600,3.31281700,1.80024200,1.10805800,0.61391880,1.10146400,0.80109810,0.72070740,3.31043600,3.31226800,0.79970620,5.04644000,5.04242000,0.00000000, 2, 255, 7, 24,0xf0000,No,No,No,No,Yes,Yes,Yes,Yes
2026-04-13 11:02:01,0.0,1500,500,,500,500,44,,200,,,648,,57.1,0.7200,0.6000,0.6000,1.1000,0.00000000,0.05953173,0.12589500,0.00878337,0.00000000,0.20592120,0.33669580,0.90193000,0.00048840,0.00000000,0.00531135,0.01428570,3.79999600,3.31467300,1.80024200,1.10805800,0.61245360,1.10549400,0.79963290,0.72043880,3.31043600,3.31318300,0.79970620,5.05984000,5.05448000,0.00000000, 2, 255, 7, 24,0xf0000,No,No,No,No,Yes,Yes,Yes,Yes
2026-04-13 11:02:03,0.0,1500,500,,500,500,44,,200,,,648,,56.0,0.7200,0.6000,0.6000,1.1000,0.00000000,0.05953173,0.12687090,0.00390372,0.00000000,0.20689720,0.34255140,0.90193000,0.00000000,0.00048840,0.00598290,0.01391940,3.79999600,3.31931300,1.80024200,1.10695900,0.61281990,1.10549400,0.80292960,0.72151340,3.30952000,3.31318300,0.79999920,5.10004000,5.09736000,0.00000000, 2, 255, 7, 24,0xf0000,No,No,No,No,Yes,Yes,Yes,Yes
2026-04-13 11:02:05,0.0,2400,910,,910,960,44,,200,,,648,,57.6,0.8600,0.6000,0.6000,1.1000,0.00000000,0.06343545,0.13272650,0.00683151,0.00000000,0.20689720,0.34450330,1.41094000,0.00000000,0.00000000,0.00586080,0.01465200,3.79999600,3.30353800,1.81684800,1.10769100,0.61318620,1.10915600,0.80146440,0.86092710,3.31135200,3.31501500,0.80058540,5.03304000,5.00490000,0.00000000, 2, 255, 7, 24,0xf0000,No,No,No,No,Yes,Yes,Yes,Yes
2026-04-13 11:02:07,0.0,2400,910,,910,960,44,,200,,,648,,57.6,0.8600,0.6000,0.6000,1.1000,0.00000000,0.06245952,0.13370240,0.00390372,0.00000000,0.20494530,0.34157550,1.41094000,0.00000000,0.00000000,0.00586080,0.01428570,3.79999600,3.32580900,1.80659200,1.10695900,0.61318620,1.10549400,0.79963290,0.86092710,3.31043600,3.31135200,0.79970620,5.04778000,5.02499900,0.00000000, 2, 255, 7, 24,0xf0000,No,No,No,No,Yes,Yes,Yes,Yes
2026-04-13 11:02:09,0.0,1500,500,,500,500,44,,200,,,648,,56.5,0.7200,0.6000,0.6000,1.1000,0.00000000,0.05953173,0.12491900,0.00683151,0.00000000,0.20592120,0.33962360,0.90193000,0.00000000,0.00048840,0.00586080,0.01404150,3.79999600,3.32766400,1.80024200,1.10695900,0.61318620,1.10805800,0.80292960,0.72070740,3.31043600,3.31043600,0.79999920,5.06922000,5.09602000,0.00000000, 2, 255, 7, 24,0xf0000,No,No,No,No,Yes,Yes,Yes,Yes
2026-04-13 11:02:11,0.0,1500,500,,500,500,44,,200,,,648,,56.0,0.7200,0.6000,0.6000,1.1000,0.00000000,0.06733918,0.12882280,0.00780744,0.00000000,0.20396940,0.34352740,0.90193000,0.00000000,0.00000000,0.00586080,0.01428570,3.79999600,3.32209700,1.80024200,1.10695900,0.61208730,1.10695900,0.79963290,0.72070740,3.30677300,3.31226800,0.79999920,5.04778000,5.01562000,0.00000000, 2, 255, 7, 24,0xf0000,No,No,No,No,Yes,Yes,Yes,Yes
2026-04-13 11:02:14,0.0,1500,500,,500,500,44,,200,,,648,,56.0,0.7200,0.6000,0.6000,1.1000,0.00000000,0.06343545,0.12687090,0.00780744,0.00000000,0.20396940,0.34157550,0.89299990,0.00000000,0.00048840,0.00586080,0.01465200,3.79999600,3.32302500,1.80024200,1.10879000,0.61355250,1.10586000,0.80292960,0.72070740,3.30952000,3.31135200,0.79970620,5.04644000,5.06386000,0.00000000, 2, 255, 7, 24,0xf0000,No,No,No,No,Yes,Yes,Yes,Yes
2026-04-13 11:02:16,0.0,2400,910,,910,960,44,,200,,,648,,57.1,0.8600,0.6000,0.6000,1.1000,0.00000000,0.06538731,0.13272650,0.00683151,0.00000000,0.20396940,0.34157550,1.40201000,0.00000000,0.00000000,0.00457875,0.01416360,3.79999600,3.31096100,1.80659200,1.10512700,0.61172100,1.10146400,0.80329590,0.86065850,3.31135200,3.31135200,0.79999920,5.07324000,5.07190000,0.00000000, 2, 255, 7, 24,0xf0000,No,No,No,No,Yes,Yes,Yes,Yes
2026-04-13 11:02:18,0.0,2400,910,,910,960,44,,200,,,648,,57.6,0.8600,0.6000,0.6000,1.1000,0.00000000,0.06441138,0.13467840,0.00780744,0.00000000,0.21470460,0.34352740,1.41987000,0.00000000,0.00024420,0.00549450,0.01465200,3.79999600,3.31003300,1.80024200,1.11135400,0.61098840,1.10769100,0.80036550,0.86173300,3.30860500,3.31226800,0.79970620,5.03840000,5.02768000,0.00000000, 2, 255, 7, 24,0xf0000,No,No,No,No,Yes,Yes,Yes,Yes
2026-04-13 11:02:20,2.8,2400,910,,910,960,43,,200,,,648,,57.6,0.8600,0.6000,0.6000,1.1000,0.00000000,0.07221882,0.13175060,0.00585558,0.00000000,0.21568060,0.34157550,1.40201000,0.00000000,0.00000000,0.00549450,0.01416360,3.79999600,3.31003300,1.80659200,1.11355200,0.61172100,1.10805800,0.79963290,0.86119580,3.31043600,3.31135200,0.79999920,5.04644000,5.03840000,0.00000000, 2, 255, 7, 24,0xf0000,No,No,No,No,Yes,Yes,Yes,Yes
2026-04-13 11:02:22,0.0,2400,910,,910,960,44,,200,,,648,,58.2,0.8600,0.6000,0.6000,1.1000,0.00000000,0.05953173,0.13272650,0.00487965,0.00000000,0.20592120,0.34157550,1.41094000,0.00000000,0.00000000,0.00598290,0.01428570,3.79999600,3.30910500,1.81684800,1.10695900,0.61135470,1.10695900,0.80146440,0.86092710,3.30952000,3.31318300,0.80058540,5.07190000,5.06922000,0.00000000, 2, 255, 7, 24,0xf0000,No,No,No,No,Yes,Yes,Yes,Yes
2026-04-13 11:02:24,1.0,2400,910,,910,960,44,,200,,,648,,57.1,0.8600,0.6000,0.6000,1.1000,0.00000000,0.06538731,0.13175060,0.00195186,0.00000000,0.20494530,0.34255140,1.42880000,0.00000000,0.00006105,0.00512820,0.01404150,3.79999600,3.30260900,1.80317300,1.10695900,0.61355250,1.10659200,0.80183080,0.86173300,3.31043600,3.31043600,0.79941320,5.02902000,5.03840000,0.00000000, 2, 255, 7, 24,0xf0000,No,No,No,No,Yes,Yes,Yes,Yes
2026-04-13 11:02:26,0.0,1500,500,,500,500,44,,200,,,648,,57.1,0.7200,0.6000,0.6000,1.1000,0.00000000,0.05953173,0.12687090,0.00683151,0.00000000,0.20689720,0.34157550,0.91979000,0.00000000,0.00000000,0.00518925,0.01404150,3.79999600,3.30260900,1.80024200,1.10805800,0.61172100,1.10146400,0.79963290,0.72043880,3.31043600,3.31318300,0.79941320,5.06922000,5.05180000,0.00000000, 2, 255, 7, 24,0xf0000,No,No,No,No,Yes,Yes,Yes,Yes
2026-04-13 11:02:29,0.0,1500,500,,500,500,44,,200,,,648,,56.0,0.7200,0.6000,0.6000,1.1000,0.00000000,0.06245952,0.12979870,0.00390372,0.00000000,0.22836760,0.33767180,0.89299990,0.00000000,0.00048840,0.00482295,0.01391940,3.79999600,3.30168200,1.80024200,1.10695900,0.60915690,1.10402800,0.80219700,0.72070740,3.30860500,3.31226800,0.79970620,5.09602000,5.09602000,0.00000000, 2, 255, 7, 24,0xf0000,No,No,No,No,Yes,Yes,Yes,Yes
2026-04-13 11:02:31,1.0,1500,500,,500,500,44,,200,,,648,,57.1,0.7200,0.6000,0.6000,1.1000,0.00000000,0.06733918,0.12491900,0.00683151,0.00000000,0.20299340,0.34157550,0.90193000,0.00000000,0.00048840,0.00494505,0.01465200,3.79999600,3.32580900,1.80024200,1.11025500,0.61172100,1.10549400,0.80219700,0.72070740,3.30952000,3.31135200,0.79999920,5.03572000,5.05850000,0.00000000, 2, 255, 7, 24,0xf0000,No,No,No,No,Yes,Yes,Yes,Yes
2026-04-13 11:02:33,0.0,1500,500,,500,500,44,,200,,,648,,56.5,0.7200,0.6000,0.6000,1.1000,0.00000000,0.06148359,0.12784680,0.00683151,0.00000000,0.20689720,0.34157550,0.88407000,0.00000000,0.00024420,0.00634920,0.01428570,3.79999600,3.32580900,1.80659200,1.10805800,0.61281990,1.10146400,0.79999920,0.72097620,3.30860500,3.31501500,0.79941320,5.04912000,5.03974000,0.00000000, 2, 255, 7, 24,0xf0000,No,No,No,No,Yes,Yes,Yes,Yes
2026-04-13 11:02:35,1.7,2400,910,,910,960,44,,200,,,648,,57.1,0.8600,0.6000,0.6000,1.1000,0.00000000,0.06441138,0.13272650,0.00780744,0.00000000,0.20299340,0.33669580,1.40201000,0.00000000,0.00000000,0.00518925,0.01465200,3.79999600,3.32766400,1.80610300,1.10732500,0.61172100,1.10622600,0.79670250,0.86038990,3.31043600,3.31318300,0.79970620,5.06922000,5.06117900,0.00000000, 2, 255, 7, 24,0xf0000,No,No,No,No,Yes,Yes,Yes,Yes
2026-04-13 11:02:37,0.0,2400,910,,910,960,44,,200,,,648,,57.1,0.8600,0.6000,0.6000,1.1000,0.00000000,0.05953173,0.13175060,0.00878337,0.00000000,0.20396940,0.33962360,1.41094000,0.00000000,0.00000000,0.00634920,0.01428570,3.79999600,3.31281700,1.80610300,1.11355200,0.61245360,1.10512700,0.80292960,0.86065850,3.31135200,3.31135200,0.79941320,5.03840000,4.98480000,0.00000000, 2, 255, 7, 24,0xf0000,No,No,No,No,Yes,Yes,Yes,Yes
2026-04-13 11:02:39,0.0,2400,910,,910,960,44,,200,,,648,,57.1,0.8600,0.6000,0.6000,1.1000,0.00000000,0.05953173,0.13565430,0.00390372,0.00000000,0.20592120,0.34352740,1.41094000,0.00000000,0.00000000,0.00457875,0.01428570,3.79999600,3.31560100,1.80610300,1.10732500,0.61318620,1.10805800,0.79963290,0.86119580,3.31043600,3.31135200,0.79999920,5.03572000,5.03304000,0.00000000, 2, 255, 7, 24,0xf0000,No,No,No,No,Yes,Yes,Yes,Yes
2026-04-13 11:02:41,0.0,1500,500,,500,500,44,,200,,,648,,56.5,0.7200,0.6000,0.6000,1.1000,0.00000000,0.07026696,0.12784680,0.00878337,0.00000000,0.20396940,0.34255140,0.87514000,0.00000000,0.00000000,0.00555555,0.01404150,3.79999600,3.31467300,1.79926600,1.10439400,0.61208730,1.10586000,0.80292960,0.72070740,3.30952000,3.31135200,0.79970620,5.08128000,5.08262000,0.00000000, 2, 255, 7, 24,0xf0000,No,No,No,No,Yes,Yes,Yes,Yes
2026-04-13 11:02:43,0.0,1500,500,,500,500,44,,200,,,648,,56.5,0.7200,0.6000,0.6000,1.1000,0.00000000,0.05953173,0.12687090,0.00390372,0.00000000,0.20396940,0.33962360,0.89299990,0.00000000,0.00000000,0.00518925,0.01355310,3.79999600,3.31931300,1.80024200,1.10769100,0.61098840,1.10549400,0.80146440,0.72070740,3.31135200,3.31135200,0.79912020,5.05984000,5.04778000,0.00000000, 2, 255, 7, 24,0xf0000,No,No,No,No,Yes,Yes,Yes,Yes
2026-04-13 11:02:46,1.7,2400,910,,910,960,44,,200,,,648,,57.1,0.8600,0.6000,0.6000,1.1000,0.00000000,0.06343545,0.13370240,0.00585558,0.00000000,0.20494530,0.33864770,1.40201000,0.00000000,0.00012210,0.00470085,0.01465200,3.79999600,3.30817700,1.81684800,1.11355200,0.61208730,1.10769100,0.80292960,0.86119580,3.31043600,3.31043600,0.79941320,5.03706000,5.03572000,0.00000000, 2, 255, 7, 24,0xf0000,No,No,No,No,Yes,Yes,Yes,Yes
2026-04-13 11:02:48,0.0,2400,910,,910,960,43,,200,,,648,,57.6,0.8600,0.6000,0.6000,1.1000,0.00000000,0.06050766,0.12979870,0.00780744,0.00000000,0.20689720,0.33962360,1.41094000,0.00000000,0.00024420,0.00598290,0.01489620,3.79999600,3.31652900,1.80659200,1.10732500,0.61245360,1.10586000,0.80256330,0.86065850,3.31043600,3.31043600,0.79941320,5.05314000,5.08128000,0.00000000, 2, 255, 7, 24,0xf0000,No,No,No,No,Yes,Yes,Yes,Yes
2026-04-13 11:02:50,0.0,1500,500,,500,500,44,,200,,,648,,57.1,0.7200,0.6000,0.6000,1.1000,0.00000000,0.06245952,0.12784680,0.00390372,0.00000000,0.20299340,0.34157550,0.88407000,0.00000000,0.00000000,0.00592185,0.01440780,3.79999600,3.32209700,1.80024200,1.11208700,0.61355250,1.10146400,0.80879040,0.72017020,3.31043600,3.31043600,0.79941320,5.05850000,5.01562000,0.00000000, 2, 255, 7, 24,0xf0000,No,No,No,No,Yes,Yes,Yes,Yes
2026-04-13 11:02:52,1.7,2400,910,,910,960,44,,200,,,648,,58.2,0.8600,0.6000,0.6000,1.1000,0.00000000,0.05953173,0.13077460,0.00683151,0.00000000,0.20396940,0.34255140,1.41987000,0.00000000,0.00024420,0.00494505,0.01391940,3.79999600,3.32580900,1.80659200,1.11355200,0.61245360,1.10439400,0.80183080,0.86038990,3.31043600,3.31043600,0.79999920,5.02634000,5.04778000,0.00000000, 2, 255, 7, 24,0xf0000,No,No,No,No,Yes,Yes,Yes,Yes
2026-04-13 11:02:54,0.2,2400,910,,910,960,44,,200,,,648,,57.1,0.8600,0.6000,0.6000,1.1000,0.00000000,0.06050766,0.13467840,0.01463895,0.00000000,0.20494530,0.33962360,1.41094000,0.00000000,0.00012210,0.00518925,0.01404150,3.79999600,3.31281700,1.81684800,1.10439400,0.61355250,1.10549400,0.80256330,0.86092710,3.30952000,3.31135200,0.79882700,5.07056000,5.05984000,0.00000000, 2, 255, 7, 24,0xf0000,No,No,No,No,Yes,Yes,Yes,Yes
2026-04-13 11:02:56,0.0,1500,500,,500,500,44,,200,,,648,,57.1,0.7200,0.6000,0.6000,1.1000,0.00000000,0.06929103,0.12784680,0.00292779,0.00000000,0.20494530,0.34059960,0.90193000,0.00000000,0.00000000,0.00512820,0.01428570,3.79999600,3.30817700,1.80024200,1.10805800,0.61245360,1.10586000,0.80146440,0.72097620,3.31043600,3.31043600,0.79970620,5.05716000,5.05314000,0.00000000, 2, 255, 7, 24,0xf0000,No,No,No,No,Yes,Yes,Yes,Yes
2026-04-13 11:02:58,0.0,1500,500,,500,500,44,,200,,,648,,57.6,0.7200,0.6000,0.6000,1.1000,0.00000000,0.05855580,0.12784680,0.01073523,0.00000000,0.20396940,0.34157550,0.89299990,0.00000000,0.00000000,0.00549450,0.01440780,3.79999600,3.32580900,1.80610300,1.10952300,0.61355250,1.10586000,0.80109810,0.72070740,3.30677300,3.31043600,0.79941320,5.04108000,5.05314000,0.00000000, 2, 255, 7, 24,0xf0000,No,No,No,No,Yes,Yes,Yes,Yes
2026-04-13 11:03:01,0.0,1500,500,,500,500,44,,200,,,648,,56.5,0.7200,0.6000,0.6000,1.1000,0.00000000,0.09856894,0.15907660,0.01171116,0.00000000,0.21470460,0.34059960,0.90193000,0.00000000,0.00006105,0.00549450,0.01428570,3.79999600,3.30724900,1.79926600,1.11355200,0.61391880,1.10549400,0.80292960,0.72070740,3.31135200,3.31043600,0.79999920,5.07994000,5.08396000,0.00000000, 2, 255, 7, 24,0xf0000,No,No,No,No,Yes,Yes,Yes,Yes
2026-04-13 11:03:03,0.0,1500,500,,500,500,44,,200,,,648,,56.5,0.7200,0.6000,0.6000,1.1000,0.00000000,0.06050766,0.12491900,0.00878337,0.00000000,0.20689720,0.33962360,0.88407000,0.00000000,0.00006105,0.00512820,0.01428570,3.79999600,3.31003300,1.79926600,1.11355200,0.61281990,1.10549400,0.79926660,0.72043880,3.31135200,3.31135200,0.79912020,5.02768000,5.05984000,0.00000000, 2, 255, 7, 24,0xf0000,No,No,No,No,Yes,Yes,Yes,Yes
2026-04-13 11:03:05,0.0,1500,500,,500,500,44,,200,,,648,,56.5,0.7200,0.6000,0.6000,1.1000,0.00000000,0.06148359,0.12784680,0.01073523,0.00000000,0.20689720,0.33864770,0.88407000,0.00000000,0.00048840,0.00549450,0.01465200,3.79999600,3.33137600,1.80024200,1.11355200,0.60952320,1.10769100,0.80256330,0.72043880,3.30860500,3.31226800,0.79912020,5.05984000,5.06386000,0.00000000, 2, 255, 7, 24,0xf0000,No,No,No,No,Yes,Yes,Yes,Yes
2026-04-13 11:03:07,0.0,1500,500,,500,500,44,,200,,,648,,56.5,0.7200,0.6000,0.6000,1.1000,0.05757987,0.05953173,0.12589500,0.00780744,0.00000000,0.22641580,0.34059960,0.89299990,0.00000000,0.00048840,0.00525030,0.01465200,3.72668700,3.32580900,1.80024200,1.10952300,0.60988950,1.10549400,0.80219700,0.72070740,3.30952000,3.31226800,0.79999920,5.07860000,5.08262000,0.00000000, 2, 255, 7, 24,0xf0000,No,No,No,No,Yes,Yes,Yes,Yes
2026-04-13 11:03:09,0.0,1500,500,,500,500,44,,200,,,648,,56.5,0.7200,0.6000,0.6000,1.1000,0.04196499,0.06148359,0.12687090,0.00585558,0.00000000,0.20396940,0.33962360,0.89299990,0.00000000,0.00000000,0.00500610,0.01489620,3.71740800,3.32952100,1.80024200,1.10879000,0.61172100,1.10659200,0.79926660,0.72070740,3.30677300,3.31135200,0.79970620,5.04242000,5.07726000,0.00000000, 2, 255, 7, 24,0xf0000,No,No,No,No,Yes,Yes,Yes,Yes
2026-04-13 11:03:11,0.0,1500,500,,500,500,44,,200,,,648,,56.5,0.7200,0.6000,0.6000,1.1000,0.06538731,0.05757987,0.12882280,0.00780744,0.00000000,0.21470460,0.34059960,0.90193000,0.00000000,0.00006105,0.00592185,0.01440780,3.71462400,3.31096100,1.79926600,1.11318600,0.61465140,1.10769100,0.80329590,0.72070740,3.31135200,3.31318300,0.79999920,5.03572000,5.05716000,0.00000000, 2, 255, 7, 24,0xf0000,No,No,No,No,Yes,Yes,Yes,Yes
2026-04-13 11:03:13,0.0,1500,500,,500,500,44,,200,,,648,,56.0,0.7200,0.6000,0.6000,1.1000,0.00000000,0.06343545,0.12882280,0.00585558,0.00000000,0.21470460,0.33864770,0.88407000,0.00000000,0.00048840,0.00586080,0.01391940,3.79999600,3.31281700,1.80024200,1.11025500,0.61135470,1.10549400,0.80292960,0.72043880,3.30952000,3.31318300,0.79912020,5.07056000,5.07592000,0.00000000, 2, 255, 7, 24,0xf0000,No,No,No,No,Yes,Yes,Yes,Yes
2026-04-13 11:03:15,1.2,1800,636,,636,653,44,,200,,,648,,56.0,0.7775,0.6000,0.6000,1.1000,0.00000000,0.06538731,0.12979870,0.00780744,0.00000000,0.20689720,0.34157550,1.06267000,0.00000000,0.00000000,0.00506715,0.01391940,3.79999600,3.33137600,1.79828900,1.10439400,0.61281990,1.10695900,0.79926660,0.78060980,3.31135200,3.31318300,0.79941320,5.05984000,5.03438000,0.00000000, 2, 255, 7, 24,0xf0000,No,No,No,No,Yes,Yes,Yes,Yes
2026-04-13 11:03:18,0.0,1500,500,,500,500,44,,200,,,648,,55.4,0.7200,0.6000,0.6000,1.1000,0.00000000,0.06148359,0.12784680,0.00390372,0.00000000,0.21860830,0.33864770,0.87514000,0.00000000,0.00000000,0.00781440,0.01465200,3.79999600,3.30632200,1.80610300,1.10952300,0.61208730,1.10769100,0.80109810,0.72017020,3.30952000,3.31135200,0.79941320,5.04912000,5.03840000,0.00000000, 2, 255, 7, 24,0xf0000,No,No,No,No,Yes,Yes,Yes,Yes
2026-04-13 11:03:20,1.0,1900,682,,500,500,44,,200,,,648,,56.0,0.7200,0.6000,0.6000,1.1000,0.00000000,0.05953173,0.12589500,0.00683151,0.00000000,0.20201750,0.33864770,0.88407000,0.00000000,0.00048840,0.00518925,0.01416360,3.79999600,3.32580900,1.80024200,1.10695900,0.61318620,1.10402800,0.80219700,0.72070740,3.30952000,3.31226800,0.79970620,5.04644000,5.05180000,0.00000000, 2, 255, 7, 24,0xf0000,No,No,No,No,Yes,Yes,Yes,Yes
2026-04-13 11:03:22,0.0,1500,500,,500,500,44,,200,,,648,,56.5,0.7200,0.6000,0.6000,1.1000,0.00000000,0.06050766,0.12491900,0.00487965,0.00000000,0.21470460,0.34157550,0.88407000,0.00000000,0.00048840,0.00549450,0.01391940,3.79999600,3.32580900,1.80024200,1.10805800,0.61355250,1.10549400,0.79963290,0.72070740,3.30952000,3.31226800,0.79941320,5.07860000,5.04242000,0.00000000, 2, 255, 7, 24,0xf0000,No,No,No,No,Yes,Yes,Yes,Yes
2026-04-13 11:03:24,2.7,2400,910,,910,960,44,,200,,,648,,57.1,0.8600,0.6000,0.6000,1.1000,0.00000000,0.06148359,0.13370240,0.00780744,0.00000000,0.21568060,0.33669580,1.41094000,0.00000000,0.00000000,0.00586080,0.01428570,3.79999600,3.30817700,1.80024200,1.10695900,0.61281990,1.10146400,0.80292960,0.86119580,3.30952000,3.31318300,0.79912020,5.01562000,5.02902000,0.00000000, 2, 255, 7, 24,0xf0000,No,No,No,No,Yes,Yes,Yes,Yes
2026-04-13 11:03:26,1.5,2400,910,,910,960,44,,200,,,648,,57.1,0.8600,0.6000,0.6000,1.1000,0.00000000,0.06441138,0.13467840,0.00780744,0.00000000,0.22543980,0.33864770,1.40201000,0.00000000,0.00000000,0.00518925,0.01428570,3.79999600,3.30817700,1.79828900,1.10439400,0.60915690,1.10146400,0.79963290,0.86065850,3.30860500,3.31135200,0.79970620,5.02098000,5.04108000,0.00000000, 2, 255, 7, 24,0xf0000,No,No,No,No,Yes,Yes,Yes,Yes
2026-04-13 11:03:28,0.0,1500,500,,500,500,44,,200,,,648,,56.5,0.7200,0.6000,0.6000,1.1000,0.00000000,0.05953173,0.12589500,0.00585558,0.00000000,0.20494530,0.34255140,0.98229990,0.00000000,0.00000000,0.00506715,0.01416360,3.79999600,3.31745700,1.80659200,1.10732500,0.61208730,1.10549400,0.80329590,0.72097620,3.30952000,3.31501500,0.80058540,5.09334000,5.07592000,0.00000000, 2, 255, 7, 24,0xf0000,No,No,No,No,Yes,Yes,Yes,Yes
2026-04-13 11:03:30,0.0,1500,500,,500,500,44,,200,,,648,,56.0,0.7200,0.6000,0.6000,1.1000,0.00000000,0.06050766,0.12687090,0.00780744,0.00000000,0.20494530,0.33767180,0.89299990,0.00000000,0.00006105,0.00512820,0.01404150,3.79999600,3.30260900,1.80317300,1.11355200,0.61098840,1.10622600,0.80109810,0.72043880,3.30952000,3.31135200,0.79912020,5.04108000,5.06520000,0.00000000, 2, 255, 7, 24,0xf0000,No,No,No,No,Yes,Yes,Yes,Yes
2026-04-13 11:03:33,0.0,1500,500,,500,500,44,,200,,,648,,56.0,0.7200,0.6000,0.6000,1.1000,0.00000000,0.06148359,0.12784680,0.00585558,0.00000000,0.20592120,0.33962360,0.89299990,0.00000000,0.00000000,0.00598290,0.01416360,3.79999600,3.32952100,1.80024200,1.11355200,0.61391880,1.10439400,0.79963290,0.72043880,3.31135200,3.31135200,0.79912020,5.04912000,5.05984000,0.00000000, 2, 255, 7, 24,0xf0000,No,No,No,No,Yes,Yes,Yes,Yes
2026-04-13 11:03:35,0.0,1500,500,,500,500,44,,200,,,648,,56.5,0.7200,0.6000,0.6000,1.1000,0.00000000,0.05953173,0.12491900,0.00683151,0.00000000,0.20299340,0.34352740,0.88407000,0.00000000,0.00000000,0.00549450,0.01428570,3.79999600,3.32580900,1.79828900,1.10769100,0.61172100,1.10512700,0.80036550,0.72043880,3.31043600,3.31135200,0.79941320,5.04912000,5.07458000,0.00000000, 2, 255, 7, 24,0xf0000,No,No,No,No,Yes,Yes,Yes,Yes
2026-04-13 11:03:37,2.5,1500,500,,500,500,44,,200,,,648,,56.0,0.7200,0.6000,0.6000,1.1000,0.00000000,0.06343545,0.12394310,0.00390372,0.00000000,0.21860830,0.34059960,0.87514000,0.00000000,0.00000000,0.00518925,0.01477410,3.79999600,3.32302500,1.80024200,1.11355200,0.61355250,1.10805800,0.80146440,0.72097620,3.31043600,3.31043600,0.79970620,5.04242000,5.08262000,0.00000000, 2, 255, 7, 24,0xf0000,No,No,No,No,Yes,Yes,Yes,Yes
2026-04-13 11:03:39,0.0,1500,500,,500,500,44,,200,,,648,,56.5,0.7200,0.6000,0.6000,1.1000,0.00000000,0.05953173,0.12589500,0.01073523,0.00000000,0.20494530,0.33864770,0.87514000,0.00000000,0.00000000,0.00634920,0.01428570,3.79999600,3.32024100,1.80659200,1.10879000,0.61355250,1.10769100,0.80292960,0.72070740,3.30952000,3.31135200,0.79999920,5.05850000,5.06520000,0.00000000, 2, 255, 7, 24,0xf0000,No,No,No,No,Yes,Yes,Yes,Yes
2026-04-13 11:03:41,0.0,1500,500,,500,500,44,,200,,,648,,56.0,0.7200,0.6000,0.6000,1.1000,0.00000000,0.06343545,0.12784680,0.00390372,0.00000000,0.20494530,0.33864770,0.87514000,0.00000000,0.00000000,0.00592185,0.01391940,3.79999600,3.32766400,1.80024200,1.10586000,0.61355250,1.10146400,0.80036550,0.72097620,3.31043600,3.30860500,0.79941320,5.09066000,5.08530000,0.00000000, 2, 255, 7, 24,0xf0000,No,No,No,No,Yes,Yes,Yes,Yes
2026-04-13 11:03:43,0.0,1500,500,,500,500,44,,200,,,648,,56.0,0.7200,0.6000,0.6000,1.1000,0.00000000,0.06245952,0.12589500,0.00390372,0.00000000,0.20299340,0.33767180,0.89299990,0.00000000,0.00000000,0.00586080,0.01465200,3.79999600,3.30260900,1.79926600,1.10842400,0.61208730,1.10146400,0.80292960,0.72070740,3.30952000,3.31226800,0.79941320,5.04242000,5.09334000,0.00000000, 2, 255, 7, 24,0xf0000,No,No,No,No,Yes,Yes,Yes,Yes
2026-04-13 11:03:45,0.0,1500,500,,500,500,44,,200,,,648,,55.4,0.7200,0.6000,0.6000,1.1000,0.00000000,0.06538731,0.12882280,0.00780744,0.00000000,0.20201750,0.38451640,0.89299990,0.00000000,0.00000000,0.00634920,0.01404150,3.79999600,3.31003300,1.80024200,1.11062200,0.61318620,1.10549400,0.80879040,0.72043880,3.31043600,3.31226800,0.79970620,5.04644000,5.05984000,0.00000000, 2, 255, 7, 24,0xf0000,No,No,No,No,Yes,Yes,Yes,Yes
2026-04-13 11:03:47,0.0,1500,500,,500,500,44,,200,,,648,,55.4,0.7200,0.6000,0.6000,1.1000,0.00000000,0.06050766,0.12687090,0.00487965,0.00000000,0.20494530,0.33962360,0.91085990,0.00000000,0.00000000,0.00482295,0.01465200,3.79999600,3.30168200,1.80024200,1.10439400,0.61281990,1.10146400,0.80292960,0.72017020,3.31043600,3.31043600,0.79941320,5.07458000,5.08262000,0.00000000, 2, 255, 7, 24,0xf0000,No,No,No,No,Yes,Yes,Yes,Yes
2026-04-13 11:03:50,0.0,1500,500,,500,500,44,,200,,,648,,56.0,0.7200,0.6000,0.6000,1.1000,0.00000000,0.05953173,0.12784680,0.00780744,0.00000000,0.20592120,0.34059960,0.87514000,0.00000000,0.00000000,0.00518925,0.01428570,3.79999600,3.30724900,1.79584700,1.10586000,0.61281990,1.10586000,0.79963290,0.72097620,3.30952000,3.31135200,0.79912020,5.07726000,5.08664000,0.00000000, 2, 255, 7, 24,0xf0000,No,No,No,No,Yes,Yes,Yes,Yes
2026-04-13 11:03:52,0.0,1500,500,,500,500,44,,200,,,648,,56.0,0.7200,0.6000,0.6000,1.1000,0.00000000,0.06636324,0.12589500,0.00683151,0.00000000,0.20396940,0.33864770,0.87514000,0.00000000,0.00000000,0.00586080,0.01416360,3.79999600,3.32580900,1.80024200,1.10879000,0.60292980,1.10769100,0.80256330,0.72070740,3.30952000,3.31135200,0.79912020,5.04778000,5.06117900,0.00000000, 2, 255, 7, 24,0xf0000,No,No,No,No,Yes,Yes,Yes,Yes
2026-04-13 11:03:54,0.0,1500,500,,500,500,44,,200,,,648,,56.0,0.7200,0.6000,0.6000,1.1000,0.00000000,0.05953173,0.12589500,0.01073523,0.00000000,0.20592120,0.33864770,0.89299990,0.00000000,0.00000000,0.00482295,0.01465200,3.79999600,3.32580900,1.79926600,1.11098800,0.61391880,1.10586000,0.80329590,0.72070740,3.30952000,3.31135200,0.79912020,5.06788000,5.06922000,0.00000000, 2, 255, 7, 24,0xf0000,No,No,No,No,Yes,Yes,Yes,Yes
2026-04-13 11:03:56,3.7,2400,910,,910,960,44,,200,,,648,,57.1,0.8600,0.6000,0.6000,1.1000,0.00000000,0.06343545,0.13467840,0.00390372,0.00000000,0.20299340,0.33962360,1.41094000,0.00000000,0.00024420,0.00518925,0.01440780,3.79999600,3.32766400,1.80610300,1.10695900,0.61318620,1.10549400,0.79926660,0.86146430,3.31043600,3.31043600,0.79941320,5.06922000,5.07056000,0.00000000, 2, 255, 7, 24,0xf0000,No,No,No,No,Yes,Yes,Yes,Yes
2026-04-13 11:03:58,0.0,2400,910,,910,960,44,,200,,,648,,57.1,0.8600,0.6000,0.6000,1.1000,0.00000000,0.06343545,0.13565430,0.00585558,0.00000000,0.20494530,0.33571990,1.41094000,0.00000000,0.00012210,0.00457875,0.01428570,3.79999600,3.31281700,1.81733600,1.10732500,0.61245360,1.10549400,0.79999920,0.86119580,3.30860500,3.31135200,0.79970620,4.99418000,5.03974000,0.00000000, 2, 255, 7, 24,0xf0000,No,No,No,No,Yes,Yes,Yes,Yes
2026-04-13 11:04:00,0.0,1500,500,,500,500,44,,200,,,648,,57.1,0.7200,0.6000,0.6000,1.1000,0.00000000,0.06245952,0.12589500,0.00487965,0.00000000,0.21568060,0.33669580,0.89299990,0.00000000,0.00048840,0.00518925,0.01465200,3.79999600,3.32580900,1.80024200,1.11355200,0.61208730,1.10109800,0.80219700,0.72097620,3.31043600,3.31226800,0.79970620,5.06788000,5.07860000,0.00000000, 2, 255, 7, 24,0xf0000,No,No,No,No,Yes,Yes,Yes,Yes
2026-04-13 11:04:02,0.0,1500,500,,500,500,44,,200,,,648,,55.4,0.7200,0.6000,0.6000,1.1000,0.00000000,0.05855580,0.12687090,0.00390372,0.00000000,0.20396940,0.33864770,0.89299990,0.00000000,0.00000000,0.00592185,0.01465200,3.79999600,3.33044800,1.79828900,1.11355200,0.61281990,1.10769100,0.79816780,0.72070740,3.31043600,3.31226800,0.79970620,5.09066000,5.09602000,0.00000000, 2, 255, 7, 24,0xf0000,No,No,No,No,Yes,Yes,Yes,Yes
2026-04-13 11:04:05,0.0,1500,500,,500,500,44,,200,,,648,,56.0,0.7200,0.6000,0.6000,1.1000,0.00000000,0.05953173,0.12491900,0.00780744,0.00000000,0.20396940,0.33767180,0.87514000,0.00000000,0.00006105,0.00518925,0.01416360,3.79999600,3.32024100,1.79584700,1.11208700,0.61172100,1.10476100,0.79963290,0.72097620,3.30952000,3.31135200,0.79999920,5.05448000,5.05314000,0.00000000, 2, 255, 7, 24,0xf0000,No,No,No,No,Yes,Yes,Yes,Yes
2026-04-13 11:04:07,0.0,1500,500,,500,500,44,,200,,,648,,55.4,0.7200,0.6000,0.6000,1.1000,0.00000000,0.05953173,0.12784680,0.01366302,0.00000000,0.20396940,0.33962360,1.41987000,0.00000000,0.00000000,0.00586080,0.01428570,3.79999600,3.32209700,1.80024200,1.10732500,0.60146460,1.10695900,0.80879040,0.72043880,3.31135200,3.31318300,0.79912020,5.03706000,5.00490000,0.00000000, 2, 255, 7, 24,0xf0000,No,No,No,No,Yes,Yes,Yes,Yes
2026-04-13 11:04:09,0.0,2400,910,,910,960,44,,200,,,648,,57.1,0.8600,0.6000,0.6000,1.1000,0.00000000,0.06148359,0.13272650,0.00878337,0.00000000,0.20396940,0.34157550,1.41094000,0.00000000,0.00000000,0.00482295,0.01428570,3.79999600,3.30632200,1.79877700,1.11062200,0.61318620,1.10549400,0.80183080,0.86119580,3.31043600,3.31043600,0.79941320,5.06922000,5.03572000,0.00000000, 2, 255, 7, 24,0xf0000,No,No,No,No,Yes,Yes,Yes,Yes
2026-04-13 11:04:11,0.0,2400,910,,910,960,44,,200,,,648,,57.1,0.8600,0.6000,0.6000,1.1000,0.00000000,0.05757987,0.13370240,0.00585558,0.00000000,0.20494530,0.33962360,1.41094000,0.00000000,0.00000000,0.00512820,0.01465200,3.79999600,3.31003300,1.80610300,1.11355200,0.61281990,1.10366200,0.80256330,0.86119580,3.30952000,3.31135200,0.79941320,5.01562000,5.07190000,0.00000000, 2, 255, 7, 24,0xf0000,No,No,No,No,Yes,Yes,Yes,Yes
2026-04-13 11:04:13,0.0,1500,500,,500,500,44,,200,,,648,,56.0,0.7200,0.6000,0.6000,1.1000,0.00000000,0.06636324,0.12687090,0.00975930,0.00000000,0.20494530,0.33864770,0.89299990,0.00000000,0.00048840,0.00549450,0.01465200,3.79999600,3.30910500,1.80024200,1.10439400,0.61208730,1.10659200,0.80256330,0.72043880,3.31135200,3.31318300,0.79970620,5.07860000,5.07994000,0.00000000, 2, 255, 7, 24,0xf0000,No,No,No,No,Yes,Yes,Yes,Yes
2026-04-13 11:04:15,0.0,1500,500,,500,500,44,,200,,,648,,56.0,0.7200,0.6000,0.6000,1.1000,0.00000000,0.09856894,0.15810070,0.00683151,0.00000000,0.20592120,0.33864770,0.88407000,0.00000000,0.00048840,0.00500610,0.01391940,3.79999600,3.30168200,1.80024200,1.10586000,0.61172100,1.10622600,0.80292960,0.72070740,3.30952000,3.31226800,0.79970620,5.06520000,5.05314000,0.00000000, 2, 255, 7, 24,0xf0000,No,No,No,No,Yes,Yes,Yes,Yes
2026-04-13 11:04:17,1.5,2400,910,,910,960,44,,200,,,648,,56.5,0.8600,0.6000,0.6000,1.1000,0.00000000,0.05953173,0.13370240,0.00585558,0.00000000,0.20494530,0.33864770,1.40201000,0.00000000,0.00000000,0.00634920,0.01465200,3.79906800,3.31096100,1.80610300,1.10695900,0.61208730,1.10769100,0.80292960,0.86092710,3.31043600,3.31318300,0.79970620,5.06520000,5.08128000,0.00000000, 2, 255, 7, 24,0xf0000,No,No,No,No,Yes,Yes,Yes,Yes
2026-04-13 11:04:20,0.0,2400,910,,910,960,44,,200,,,648,,57.1,0.8600,0.6000,0.6000,1.1000,0.00000000,0.06343545,0.13467840,0.00683151,0.00000000,0.20396940,0.33571990,1.40201000,0.00000000,0.00024420,0.00494505,0.01428570,3.79999600,3.31838500,1.80024200,1.10732500,0.61208730,1.10549400,0.79963290,0.86038990,3.31043600,3.31135200,0.79970620,5.05314000,5.04778000,0.00000000, 2, 255, 7, 24,0xf0000,No,No,No,No,Yes,Yes,Yes,Yes
2026-04-13 11:04:22,0.0,2400,910,,910,960,44,,200,,,648,,57.6,0.8600,0.6000,0.6000,1.1000,0.00000000,0.05757987,0.12882280,0.00683151,0.00000000,0.20494530,0.34157550,1.41987000,0.00000000,0.00024420,0.00634920,0.01355310,3.79999600,3.35550300,1.80659200,1.11062200,0.61245360,1.10805800,0.79890030,0.86038990,3.31318300,3.31318300,0.79912020,5.07592000,5.05984000,0.00000000, 2, 255, 7, 24,0xf0000,No,No,No,No,Yes,Yes,Yes,Yes
2026-04-13 11:04:24,0.0,1500,500,,500,500,44,,200,,,648,,56.0,0.7200,0.6000,0.6000,1.1000,0.00000000,0.06441138,0.12394310,0.00683151,0.00000000,0.20201750,0.33767180,0.90193000,0.00000000,0.00000000,0.00525030,0.01428570,3.79442800,3.32952100,1.80024200,1.10366200,0.60695910,1.10586000,0.80219700,0.72070740,3.31135200,3.31318300,0.79912020,5.05448000,5.09736000,0.00000000, 2, 255, 7, 24,0xf0000,No,No,No,No,Yes,Yes,Yes,Yes
2026-04-13 11:04:26,1.0,1500,500,,500,500,44,,200,,,648,,54.9,0.7200,0.6000,0.6000,1.1000,0.00000000,0.06636324,0.12687090,0.01171116,0.00000000,0.20689720,0.33864770,0.87514000,0.00000000,0.00000000,0.00555555,0.01440780,3.79999600,3.31003300,1.79828900,1.10695900,0.61318620,1.10769100,0.79963290,0.72070740,3.31043600,3.31043600,0.79941320,5.08128000,5.08128000,0.00000000, 2, 255, 7, 24,0xf0000,No,No,No,No,Yes,Yes,Yes,Yes
2026-04-13 11:04:28,4.8,2400,910,,910,960,44,,200,,,648,,57.6,0.8600,0.6000,0.6000,1.1000,0.00000000,0.06636324,0.13565430,0.00683151,0.00000000,0.20299340,0.34059960,1.41094000,0.00000000,0.00006105,0.00506715,0.01391940,3.79999600,3.31096100,1.81684800,1.10695900,0.61318620,1.10769100,0.80219700,0.86092710,3.31043600,3.31135200,0.79970620,5.06386000,5.04778000,0.00000000, 2, 255, 7, 24,0xf0000,No,No,No,No,Yes,Yes,Yes,Yes
2026-04-13 11:04:30,0.0,2400,910,,910,960,44,,200,,,648,,57.1,0.8600,0.6000,0.6000,1.1000,0.00000000,0.06636324,0.13370240,0.00390372,0.00000000,0.20494530,0.33864770,1.40201000,0.00000000,0.00000000,0.00500610,0.01416360,3.79999600,3.31745700,1.79877700,1.10732500,0.61318620,1.10366200,0.80292960,0.86092710,3.31043600,3.31043600,0.79970620,5.02098000,5.04912000,0.00000000, 2, 255, 7, 24,0xf0000,No,No,No,No,Yes,Yes,Yes,Yes
2026-04-13 11:04:32,0.0,1500,500,,500,500,44,,200,,,648,,57.1,0.7200,0.6000,0.6000,1.1000,0.00000000,0.05953173,0.12784680,0.00585558,0.00000000,0.20494530,0.33962360,0.90193000,0.00000000,0.00000000,0.00512820,0.01416360,3.79999600,3.30724900,1.80024200,1.10695900,0.61391880,1.10622600,0.80366220,0.72043880,3.31043600,3.30952000,0.79970620,5.07860000,5.08932000,0.00000000, 2, 255, 7, 24,0xf0000,No,No,No,No,Yes,Yes,Yes,Yes
2026-04-13 11:04:34,0.0,1500,500,,500,500,44,,200,,,648,,56.0,0.7200,0.6000,0.6000,1.1000,0.00000000,0.05953173,0.12784680,0.00878337,0.00000000,0.21470460,0.34157550,0.90193000,0.00000000,0.00000000,0.00586080,0.01465200,3.79999600,3.30260900,1.80024200,1.11355200,0.61281990,1.10549400,0.80439480,0.72070740,3.31043600,3.31043600,0.79941320,5.08530000,5.06117900,0.00000000, 2, 255, 7, 24,0xf0000,No,No,No,No,Yes,Yes,Yes,Yes
2026-04-13 11:04:37,0.0,1500,500,,500,500,44,,200,,,648,,57.6,0.7200,0.6000,0.6000,1.1000,0.00000000,0.06148359,0.12784680,0.00878337,0.00000000,0.20494530,0.34059960,0.89299990,0.00000000,0.00000000,0.00518925,0.01428570,3.79999600,3.32209700,1.79926600,1.10879000,0.61318620,1.10366200,0.80183080,0.72097620,3.30952000,3.31226800,0.79912020,5.07860000,5.10004000,0.00000000, 2, 255, 7, 24,0xf0000,No,No,No,No,Yes,Yes,Yes,Yes
2026-04-13 11:04:39,0.5,1500,500,,500,500,44,,200,,,648,,55.4,0.7200,0.6000,0.6000,1.1000,0.00000000,0.05953173,0.12979870,0.00585558,0.00000000,0.21275270,0.33864770,0.87514000,0.00000000,0.00024420,0.00598290,0.01477410,3.79999600,3.31096100,1.80659200,1.10732500,0.61135470,1.10805800,0.80073180,0.72097620,3.30860500,3.31135200,0.79941320,5.08262000,5.07860000,0.00000000, 2, 255, 7, 24,0xf0000,No,No,No,No,Yes,Yes,Yes,Yes
2026-04-13 11:04:41,0.0,1500,500,,500,500,44,,200,,,648,,55.4,0.7200,0.6000,0.6000,1.1000,0.00000000,0.06148359,0.12687090,0.00780744,0.00000000,0.20494530,0.34352740,0.87514000,0.00000000,0.00000000,0.00549450,0.01391940,3.79999600,3.30910500,1.80024200,1.11062200,0.61318620,1.10659200,0.80292960,0.72097620,3.30952000,3.31318300,0.79999920,5.08396000,5.05850000,0.00000000, 2, 255, 7, 24,0xf0000,No,No,No,No,Yes,Yes,Yes,Yes
2026-04-13 11:04:43,0.2,1500,500,,500,500,44,,200,,,648,,55.4,0.7200,0.6000,0.6000,1.1000,0.00000000,0.09759300,0.15614880,0.00195186,0.00000000,0.20592120,0.33962360,0.89299990,0.00000000,0.00000000,0.00549450,0.01404150,3.79999600,3.32766400,1.80610300,1.10805800,0.61208730,1.10549400,0.80183080,0.72017020,3.30768900,3.31226800,0.79941320,5.08530000,5.10004000,0.00000000, 2, 255, 7, 24,0xf0000,No,No,No,No,Yes,Yes,Yes,Yes
2026-04-13 11:04:45,0.0,1500,500,,500,500,44,,200,,,648,,56.0,0.7200,0.6000,0.6000,1.1000,0.00000000,0.06636324,0.12882280,0.00878337,0.00000000,0.20299340,0.33864770,0.89299990,0.00000000,0.00000000,0.00610500,0.01465200,3.79999600,3.30910500,1.80024200,1.11208700,0.61245360,1.10549400,0.79963290,0.72097620,3.31043600,3.31226800,0.79999920,5.07592000,5.01160000,0.00000000, 2, 255, 7, 24,0xf0000,No,No,No,No,Yes,Yes,Yes,Yes
2026-04-13 11:04:47,0.0,1500,500,,500,500,44,,200,,,648,,57.1,0.7200,0.6000,0.6000,1.1000,0.00000000,0.06441138,0.12687090,0.00683151,0.00000000,0.20494530,0.34059960,0.88407000,0.00000000,0.00048840,0.00457875,0.01428570,3.79999600,3.32766400,1.80024200,1.11098800,0.61391880,1.10769100,0.80476110,0.72070740,3.30952000,3.31226800,0.79970620,5.03840000,5.05180000,0.00000000, 2, 255, 7, 24,0xf0000,No,No,No,No,Yes,Yes,Yes,Yes
2026-04-13 11:04:49,0.0,2400,910,,910,960,44,,200,,,648,,56.5,0.8600,0.6000,0.6000,1.1000,0.00000000,0.06343545,0.13175060,0.01171116,0.00000000,0.20494530,0.34255140,1.40201000,0.00000000,0.00012210,0.00592185,0.01465200,3.79999600,3.30724900,1.81684800,1.10805800,0.61281990,1.10769100,0.80219700,0.86173300,3.30860500,3.31135200,0.79941320,5.06117900,5.05984000,0.00000000, 2, 255, 7, 24,0xf0000,No,No,No,No,Yes,Yes,Yes,Yes
2026-04-13 11:04:52,0.0,2400,910,,910,960,43,,200,,,648,,57.6,0.8600,0.6000,0.6000,1.1000,0.00000000,0.06441138,0.12979870,0.02049453,0.00000000,0.20494530,0.33864770,1.41094000,0.00000000,0.00006105,0.00518925,0.01404150,3.79999600,3.32209700,1.79926600,1.11355200,0.61025580,1.10292900,0.80292960,0.86065850,3.31043600,3.31226800,0.79999920,5.03974000,5.03840000,0.00000000, 2, 255, 7, 24,0xf0000,No,No,No,No,Yes,Yes,Yes,Yes
2026-04-13 11:04:54,0.0,1500,500,,500,500,44,,200,,,648,,56.0,0.7200,0.6000,0.6000,1.1000,0.00000000,0.05855580,0.12687090,0.00390372,0.00000000,0.21665650,0.34157550,0.88407000,0.00000000,0.00048840,0.00586080,0.01428570,3.79999600,3.32580900,1.80024200,1.10439400,0.61208730,1.10146400,0.80036550,0.72070740,3.30952000,3.31226800,0.79970620,5.05850000,5.02634000,0.00000000, 2, 255, 7, 24,0xf0000,No,No,No,No,Yes,Yes,Yes,Yes
2026-04-13 11:04:56,0.0,1500,500,,500,500,44,,200,,,648,,56.0,0.7200,0.6000,0.6000,1.1000,0.00000000,0.06636324,0.12784680,0.00487965,0.00000000,0.20494530,0.33669580,0.88407000,0.00000000,0.00000000,0.00592185,0.01404150,3.79999600,3.31560100,1.79926600,1.10732500,0.61355250,1.10769100,0.79999920,0.72070740,3.30952000,3.31226800,0.79941320,5.09066000,5.08530000,0.00000000, 2, 255, 7, 24,0xf0000,No,No,No,No,Yes,Yes,Yes,Yes
2026-04-13 11:04:58,0.0,1500,500,,500,500,44,,200,,,648,,56.5,0.7200,0.6000,0.6000,1.1000,0.00000000,0.06538731,0.12589500,0.00585558,0.00000000,0.20299340,0.34059960,0.88407000,0.00000000,0.00000000,0.00518925,0.01465200,3.79999600,3.31096100,1.80024200,1.10439400,0.61172100,1.10549400,0.80256330,0.72017020,3.31043600,3.31043600,0.79970620,5.05716000,5.05850000,0.00000000, 2, 255, 7, 24,0xf0000,No,No,No,No,Yes,Yes,Yes,Yes
2026-04-13 11:05:00,3.5,2400,910,,910,960,44,,200,,,648,,58.2,0.8600,0.6000,0.6000,1.1000,0.00000000,0.07319475,0.13272650,0.00878337,0.00000000,0.20592120,0.34157550,1.41094000,0.00000000,0.00006105,0.00482295,0.01428570,3.79350000,3.31374500,1.81684800,1.10439400,0.61025580,1.10549400,0.80329590,0.86065850,3.31135200,3.31043600,0.79999920,5.04912000,5.03840000,0.00000000, 2, 255, 7, 24,0xf0000,No,No,No,No,Yes,Yes,Yes,Yes
2026-04-13 11:05:02,0.0,2400,910,,910,960,44,,200,,,648,,57.6,0.8600,0.6000,0.6000,1.1000,0.00000000,0.06733918,0.13272650,0.00780744,0.00000000,0.20201750,0.33767180,1.41094000,0.00000000,0.00000000,0.00543345,0.01416360,3.79999600,3.32673600,1.80610300,1.10586000,0.61172100,1.10769100,0.79963290,0.86038990,3.31043600,3.31043600,0.79970620,5.06788000,5.06520000,0.00000000, 2, 255, 7, 24,0xf0000,No,No,No,No,Yes,Yes,Yes,Yes
2026-04-13 11:05:04,0.0,1500,500,,500,500,44,,200,,,648,,56.5,0.7200,0.6000,0.6000,1.1000,0.00000000,0.05757987,0.12491900,0.00585558,0.00000000,0.20689720,0.34059960,0.87514000,0.00000000,0.00006105,0.00384615,0.01428570,3.79999600,3.30260900,1.79926600,1.11062200,0.61281990,1.10769100,0.79890030,0.72124470,3.30952000,3.31318300,0.79941320,4.99820000,5.05850000,0.00000000, 2, 255, 7, 24,0xf0000,No,No,No,No,Yes,Yes,Yes,Yes
2026-04-13 11:05:06,0.0,1500,500,,500,500,44,,200,,,648,,56.5,0.7200,0.6000,0.6000,1.1000,0.05757987,0.06831510,0.12687090,0.00487965,0.00000000,0.20592120,0.33962360,0.88407000,0.00000000,0.00048840,0.00518925,0.01465200,3.71462400,3.30724900,1.80024200,1.10732500,0.61355250,1.10549400,0.80146440,0.71963300,3.30952000,3.31226800,0.79970620,5.05448000,5.04778000,0.00000000, 2, 255, 7, 24,0xf0000,No,No,No,No,Yes,Yes,Yes,Yes
2026-04-13 11:05:09,1.5,2400,910,,910,960,44,,200,,,648,,56.5,0.8600,0.6000,0.6000,1.1000,0.04586871,0.06733918,0.13077460,0.00585558,0.00000000,0.20299340,0.33864770,1.39308000,0.00000000,0.00024420,0.00543345,0.01465200,3.72668700,3.31374500,1.80610300,1.11355200,0.61172100,1.10659200,0.80146440,0.86092710,3.30952000,3.31043600,0.79970620,5.04108000,5.00624000,0.00000000, 2, 255, 7, 24,0xf0000,No,No,No,No,Yes,Yes,Yes,Yes
2026-04-13 11:05:11,0.0,2400,910,,910,960,44,,200,,,648,,57.1,0.8600,0.6000,0.6000,1.1000,0.05953173,0.06441138,0.13272650,0.00780744,0.00000000,0.20494530,0.33864770,1.41094000,0.00000000,0.00048840,0.00592185,0.01428570,3.71462400,3.31652900,1.80024200,1.10695900,0.61025580,1.10146400,0.80292960,0.86119580,3.31043600,3.31226800,0.79970620,5.01696000,5.02098000,0.00000000, 2, 255, 7, 24,0xf0000,No,No,No,No,Yes,Yes,Yes,Yes
2026-04-13 11:05:13,0.0,2400,910,,910,960,44,,200,,,648,,57.1,0.8600,0.6000,0.6000,1.1000,0.00000000,0.05953173,0.13467840,0.00780744,0.00000000,0.20592120,0.34157550,1.41094000,0.00000000,0.00000000,0.00525030,0.01428570,3.79999600,3.31652900,1.80024200,1.10769100,0.60879060,1.10769100,0.80219700,0.86119580,3.30952000,3.31226800,0.79912020,5.02232000,5.03438000,0.00000000, 2, 255, 7, 24,0xf0000,No,No,No,No,Yes,Yes,Yes,Yes
2026-04-13 11:05:15,1.0,1500,500,,500,500,44,,200,,,648,,56.0,0.7200,0.6000,0.6000,1.1000,0.00000000,0.06636324,0.12589500,0.00585558,0.00000000,0.21275270,0.34255140,0.87514000,0.00000000,0.00000000,0.00506715,0.01391940,3.79999600,3.32766400,1.79877700,1.10439400,0.61208730,1.10549400,0.80073180,0.72043880,3.31043600,3.31043600,0.79970620,5.09066000,5.09066000,0.00000000, 2, 255, 7, 24,0xf0000,No,No,No,No,Yes,Yes,Yes,Yes
2026-04-13 11:05:17,0.0,1500,500,,500,500,44,,200,,,648,,56.0,0.7200,0.6000,0.6000,1.1000,0.00000000,0.05953173,0.12882280,0.00683151,0.00000000,0.20592120,0.33571990,0.91979000,0.00000000,0.00000000,0.00549450,0.01465200,3.79999600,3.30910500,1.79926600,1.10695900,0.61281990,1.10805800,0.79963290,0.72070740,3.31043600,3.31043600,0.79941320,5.02098000,5.05046000,0.00000000, 2, 255, 7, 24,0xf0000,No,No,No,No,Yes,Yes,Yes,Yes
2026-04-13 11:05:19,2.0,1500,500,,500,500,44,,200,,,648,,56.5,0.7200,0.6000,0.6000,1.1000,0.00000000,0.06343545,0.12687090,0.00585558,0.00000000,0.20396940,0.33864770,0.88407000,0.00000000,0.00000000,0.00586080,0.01428570,3.79999600,3.30168200,1.79926600,1.10805800,0.61245360,1.10769100,0.80292960,0.72043880,3.30952000,3.31318300,0.79941320,5.05984000,5.04912000,0.00000000, 2, 255, 7, 24,0xf0000,No,No,No,No,Yes,Yes,Yes,Yes
2026-04-13 11:05:21,0.0,1500,500,,500,500,44,,200,,,648,,56.0,0.7200,0.6000,0.6000,1.1000,0.00000000,0.06245952,0.12687090,0.00487965,0.00000000,0.20982490,0.34255140,0.88407000,0.00000000,0.00024420,0.00537240,0.01465200,3.79999600,3.30910500,1.80659200,1.11208700,0.61208730,1.10549400,0.80256330,0.72017020,3.30952000,3.31135200,0.79970620,5.05850000,5.08262000,0.00000000, 2, 255, 7, 24,0xf0000,No,No,No,No,Yes,Yes,Yes,Yes
2026-04-13 11:05:24,0.0,1500,500,,500,500,44,,200,,,648,,55.4,0.7200,0.6000,0.6000,1.1000,0.00000000,0.05953173,0.12589500,0.00878337,0.00000000,0.20592120,0.34255140,0.89299990,0.00000000,0.00048840,0.00586080,0.01440780,3.79999600,3.30168200,1.80024200,1.10439400,0.61172100,1.10769100,0.80256330,0.72070740,3.30677300,3.30860500,0.79970620,5.04778000,5.05850000,0.00000000, 2, 255, 7, 24,0xf0000,No,No,No,No,Yes,Yes,Yes,Yes
2026-04-13 11:05:26,0.0,1500,500,,500,500,44,,200,,,648,,55.4,0.7200,0.6000,0.6000,1.1000,0.00000000,0.05953173,0.12589500,0.00390372,0.00000000,0.20494530,0.34157550,0.89299990,0.00000000,0.00048840,0.00500610,0.01428570,3.79999600,3.32766400,1.80610300,1.11208700,0.61355250,1.10146400,0.80146440,0.72070740,3.30952000,3.31135200,0.79970620,5.04242000,5.06117900,0.00000000, 2, 255, 7, 24,0xf0000,No,No,No,No,Yes,Yes,Yes,Yes
2026-04-13 11:05:28,0.2,1500,500,,500,500,44,,200,,,648,,57.1,0.7200,0.6000,0.6000,1.1000,0.00000000,0.09076149,0.13077460,0.00585558,0.00000000,0.21568060,0.33669580,0.88407000,0.00000000,0.00048840,0.00500610,0.01440780,3.79999600,3.32952100,1.80024200,1.10439400,0.61062210,1.10549400,0.80036550,0.72097620,3.30952000,3.31318300,0.79882700,5.07592000,5.06520000,0.00000000, 2, 255, 7, 24,0xf0000,No,No,No,No,Yes,Yes,Yes,Yes
2026-04-13 11:05:30,1.8,2400,910,,910,960,44,,200,,,648,,56.5,0.8600,0.6000,0.6000,1.1000,0.00000000,0.05953173,0.13370240,0.00585558,0.00000000,0.20299340,0.33962360,1.40201000,0.00000000,0.00048840,0.00518925,0.01440780,3.79999600,3.30632200,1.80024200,1.11282000,0.60915690,1.10366200,0.79926660,0.86119580,3.30952000,3.31135200,0.79970620,5.02232000,5.04376000,0.00000000, 2, 255, 7, 24,0xf0000,No,No,No,No,Yes,Yes,Yes,Yes
2026-04-13 11:05:32,4.7,2400,910,,910,960,44,,200,,,648,,57.1,0.8600,0.6000,0.6000,1.1000,0.00000000,0.06148359,0.13272650,0.00878337,0.00000000,0.20494530,0.33864770,1.41094000,0.00000000,0.00048840,0.00586080,0.01465200,3.79999600,3.31003300,1.81684800,1.11208700,0.61245360,1.10769100,0.80183080,0.86065850,3.31135200,3.31318300,0.79999920,5.03706000,5.03840000,0.00000000, 2, 255, 7, 24,0xf0000,No,No,No,No,Yes,Yes,Yes,Yes
2026-04-13 11:05:34,0.0,1600,545,,545,500,43,,200,,,648,,56.5,0.7200,0.6000,0.6000,1.1000,0.00000000,0.06441138,0.12687090,0.00683151,0.00000000,0.20201750,0.34352740,0.90193000,0.00000000,0.00048840,0.00598290,0.01465200,3.79999600,3.30910500,1.80024200,1.10695900,0.61245360,1.10439400,0.80402850,0.72043880,3.31043600,3.31226800,0.79970620,5.07860000,5.04778000,0.00000000, 2, 255, 7, 24,0xf0000,No,No,No,No,Yes,Yes,Yes,Yes
2026-04-13 11:05:36,0.0,1500,500,,500,500,44,,200,,,648,,56.5,0.7200,0.6000,0.6000,1.1000,0.00000000,0.06148359,0.12491900,0.00780744,0.00000000,0.21568060,0.33767180,0.89299990,0.00000000,0.00048840,0.00518925,0.01416360,3.79999600,3.32209700,1.80024200,1.11282000,0.61281990,1.10549400,0.79926660,0.72043880,3.31135200,3.31318300,0.79970620,5.08932000,5.08396000,0.00000000, 2, 255, 7, 24,0xf0000,No,No,No,No,Yes,Yes,Yes,Yes
2026-04-13 11:05:38,0.0,1500,500,,500,500,44,,200,,,648,,56.5,0.7200,0.6000,0.6000,1.1000,0.00000000,0.05953173,0.12687090,0.00780744,0.00000000,0.27228450,0.33767180,0.96444000,0.00000000,0.00048840,0.00512820,0.01428570,3.79999600,3.32766400,1.80024200,1.10695900,0.61465140,1.10769100,0.80586010,0.72017020,3.31043600,3.31135200,0.79941320,5.04778000,5.03438000,0.00000000, 2, 255, 7, 24,0xf0000,No,No,No,No,Yes,Yes,Yes,Yes
2026-04-13 11:05:41,0.0,2400,910,,910,960,44,,200,,,648,,56.5,0.8600,0.6000,0.6000,1.1000,0.00000000,0.05953173,0.13370240,0.00390372,0.00000000,0.20689720,0.33767180,1.40201000,0.00000000,0.00000000,0.00518925,0.01428570,3.79999600,3.29889800,1.80610300,1.10988900,0.61355250,1.10769100,0.80292960,0.86065850,3.30860500,3.31135200,0.79941320,5.02366000,5.03438000,0.00000000, 2, 255, 7, 24,0xf0000,No,No,No,No,Yes,Yes,Yes,Yes
2026-04-13 11:05:43,0.0,2400,910,,910,960,44,,200,,,648,,57.1,0.8600,0.6000,0.6000,1.1000,0.00000000,0.06929103,0.13175060,0.00195186,0.00000000,0.20592120,0.33669580,1.41987000,0.00000000,0.00048840,0.00482295,0.01428570,3.79999600,3.31838500,1.80024200,1.10439400,0.61245360,1.10622600,0.80292960,0.86119580,3.31043600,3.31043600,0.79999920,5.06922000,5.07056000,0.00000000, 2, 255, 7, 24,0xf0000,No,No,No,No,Yes,Yes,Yes,Yes
2026-04-13 11:05:45,0.0,1500,500,,500,500,44,,200,,,648,,56.5,0.7200,0.6000,0.6000,1.1000,0.00000000,0.06441138,0.12784680,0.00878337,0.00000000,0.20299340,0.34352740,0.90193000,0.00000000,0.00000000,0.00500610,0.01440780,3.79999600,3.32673600,1.79877700,1.11355200,0.61245360,1.10146400,0.80329590,0.72070740,3.30952000,3.31043600,0.79970620,5.06922000,5.05314000,0.00000000, 2, 255, 7, 24,0xf0000,No,No,No,No,Yes,Yes,Yes,Yes
2026-04-13 11:05:47,0.0,1500,500,,500,500,44,,200,,,648,,56.0,0.7200,0.6000,0.6000,1.1000,0.00000000,0.05953173,0.12491900,0.00390372,0.00000000,0.20494530,0.33864770,0.89299990,0.00000000,0.00000000,0.00518925,0.01416360,3.79999600,3.31003300,1.80024200,1.10805800,0.61318620,1.10805800,0.80146440,0.72097620,3.30677300,3.31043600,0.79970620,5.05716000,5.05314000,0.00000000, 2, 255, 7, 24,0xf0000,No,No,No,No,Yes,Yes,Yes,Yes
2026-04-13 11:05:49,0.0,1500,500,,500,500,44,,200,,,648,,56.0,0.7200,0.6000,0.6000,1.1000,0.00000000,0.05953173,0.12784680,0.00683151,0.00000000,0.20396940,0.33864770,0.87514000,0.00000000,0.00000000,0.00506715,0.01428570,3.79999600,3.31652900,1.80610300,1.11208700,0.61245360,1.10622600,0.80036550,0.72070740,3.31043600,3.31043600,0.79941320,5.09468000,5.08530000,0.00000000, 2, 255, 7, 24,0xf0000,No,No,No,No,Yes,Yes,Yes,Yes
2026-04-13 11:05:51,0.0,1500,500,,500,500,44,,200,,,648,,56.0,0.7200,0.6000,0.6000,1.1000,0.00000000,0.05953173,0.12589500,0.00292779,0.00000000,0.20494530,0.34157550,0.88407000,0.00000000,0.00048840,0.00543345,0.01440780,3.79999600,3.31467300,1.80024200,1.10769100,0.61355250,1.10439400,0.79926660,0.72070740,3.30768900,3.31135200,0.79941320,5.00758000,5.07592000,0.00000000, 2, 255, 7, 24,0xf0000,No,No,No,No,Yes,Yes,Yes,Yes
2026-04-13 11:05:53,0.0,1500,500,,500,500,44,,200,,,648,,56.5,0.7200,0.6000,0.6000,1.1000,0.00000000,0.06636324,0.12687090,0.00878337,0.00000000,0.20592120,0.34352740,0.89299990,0.00000000,0.00000000,0.00506715,0.01428570,3.79999600,3.31467300,1.79877700,1.11062200,0.61208730,1.10549400,0.80329590,0.72017020,3.30952000,3.31226800,0.79970620,5.04778000,5.05716000,0.00000000, 2, 255, 7, 24,0xf0000,No,No,No,No,Yes,Yes,Yes,Yes
2026-04-13 11:05:56,0.0,1500,500,,500,500,44,,200,,,648,,56.0,0.7200,0.6000,0.6000,1.1000,0.00000000,0.07514661,0.12589500,0.00390372,0.00000000,0.20494530,0.33767180,0.87514000,0.00000000,0.00000000,0.00457875,0.01391940,3.79999600,3.32580900,1.79828900,1.11062200,0.61318620,1.10549400,0.80366220,0.72070740,3.31043600,3.31226800,0.79970620,5.08530000,5.08128000,0.00000000, 2, 255, 7, 24,0xf0000,No,No,No,No,Yes,Yes,Yes,Yes
2026-04-13 11:05:58,0.2,1500,500,,500,500,44,,200,,,648,,56.0,0.7200,0.6000,0.6000,1.1000,0.00000000,0.09856894,0.15810070,0.01854267,0.00000000,0.20592120,0.33962360,0.89299990,0.00000000,0.00000000,0.00457875,0.01465200,3.79999600,3.32952100,1.80610300,1.11355200,0.61281990,1.10769100,0.80329590,0.72017020,3.30952000,3.31043600,0.79941320,5.03840000,5.07726000,0.00000000, 2, 255, 7, 24,0xf0000,No,No,No,No,Yes,Yes,Yes,Yes
2026-04-13 11:06:00,1.3,1700,591,,636,653,44,,200,,,648,,55.4,0.7775,0.6000,0.6000,1.1000,0.00000000,0.06441138,0.12882280,0.01268709,0.00000000,0.20396940,0.33962360,1.05374000,0.00000000,0.00000000,0.00592185,0.01428570,3.79999600,3.32024100,1.80659200,1.11355200,0.60988950,1.10549400,0.80329590,0.78060980,3.30952000,3.31135200,0.79882700,5.03840000,5.05850000,0.00000000, 2, 255, 7, 24,0xf0000,No,No,No,No,Yes,Yes,Yes,Yes
2026-04-13 11:06:02,0.0,1500,500,,500,500,44,,200,,,648,,55.4,0.7200,0.6000,0.6000,1.1000,0.00000000,0.05953173,0.12784680,0.00585558,0.00000000,0.20396940,0.33864770,0.88407000,0.00000000,0.00000000,0.00494505,0.01428570,3.79999600,3.31838500,1.81733600,1.10805800,0.61245360,1.10622600,0.80366220,0.72070740,3.30952000,3.31318300,0.79882700,5.07056000,5.05716000,0.00000000, 2, 255, 7, 24,0xf0000,No,No,No,No,Yes,Yes,Yes,Yes
2026-04-13 11:06:04,4.5,2400,910,,910,960,44,,200,,,648,,57.1,0.8600,0.6000,0.6000,1.1000,0.00000000,0.05953173,0.13370240,0.00683151,0.00000000,0.20299340,0.34059960,1.41094000,0.00000000,0.00048840,0.00518925,0.01428570,3.79999600,3.31652900,1.80024200,1.11282000,0.61245360,1.10586000,0.80366220,0.86119580,3.30952000,3.31135200,0.79912020,5.05984000,5.05984000,0.00000000, 2, 255, 7, 24,0xf0000,No,No,No,No,Yes,Yes,Yes,Yes
2026-04-13 11:06:06,0.0,2400,910,,910,960,44,,200,,,648,,57.1,0.8600,0.6000,0.6000,1.1000,0.00000000,0.06148359,0.13370240,0.00390372,0.00000000,0.20396940,0.34255140,1.41094000,0.00000000,0.00024420,0.00531135,0.01489620,3.79999600,3.32766400,1.80659200,1.11391800,0.61318620,1.10549400,0.80256330,0.86092710,3.30860500,3.31135200,0.79941320,5.03036000,5.07592000,0.00000000, 2, 255, 7, 24,0xf0000,No,No,No,No,Yes,Yes,Yes,Yes
2026-04-13 11:06:08,0.0,1500,500,,500,500,44,,200,,,648,,56.0,0.7200,0.6000,0.6000,1.1000,0.00000000,0.06929103,0.12687090,0.00878337,0.00000000,0.20592120,0.34157550,0.89299990,0.00000000,0.00000000,0.00500610,0.01465200,3.79999600,3.30724900,1.80610300,1.11062200,0.61281990,1.10805800,0.80146440,0.72097620,3.31043600,3.31043600,0.79941320,5.05314000,5.05984000,0.00000000, 2, 255, 7, 24,0xf0000,No,No,No,No,Yes,Yes,Yes,Yes
2026-04-13 11:06:11,1.7,2400,910,,910,960,44,,200,,,648,,57.1,0.8600,0.6000,0.6000,1.1000,0.00000000,0.06733918,0.13467840,0.00390372,0.00000000,0.20494530,0.34059960,1.41094000,0.00000000,0.00024420,0.00518925,0.01440780,3.79999600,3.32024100,1.80659200,1.11355200,0.61391880,1.10439400,0.80183080,0.86092710,3.31135200,3.31318300,0.79999920,5.06788000,5.07056000,0.00000000, 2, 255, 7, 24,0xf0000,No,No,No,No,Yes,Yes,Yes,Yes
2026-04-13 11:06:13,0.0,2400,910,,910,960,44,,200,,,648,,57.1,0.8600,0.6000,0.6000,1.1000,0.00000000,0.06929103,0.13370240,0.00585558,0.00000000,0.20396940,0.34059960,1.40201000,0.00000000,0.00000000,0.00518925,0.01428570,3.79999600,3.32580900,1.80659200,1.10695900,0.61318620,1.10439400,0.80402850,0.86092710,3.30952000,3.31135200,0.79912020,5.00356000,5.03706000,0.00000000, 2, 255, 7, 24,0xf0000,No,No,No,No,Yes,Yes,Yes,Yes
2026-04-13 11:06:15,0.0,2400,910,,910,960,44,,200,,,648,,57.1,0.8600,0.6000,0.6000,1.1000,0.00000000,0.06050766,0.13370240,0.00683151,0.00000000,0.21470460,0.33962360,1.41094000,0.00000000,0.00012210,0.00598290,0.01428570,3.79999600,3.31467300,1.80561500,1.11428500,0.61318620,1.10549400,0.79963290,0.86146430,3.30952000,3.31226800,0.79970620,5.03706000,5.04510000,0.00000000, 2, 255, 7, 24,0xf0000,No,No,No,No,Yes,Yes,Yes,Yes
2026-04-13 11:06:17,0.0,1500,500,,500,500,44,,200,,,648,,56.5,0.7200,0.6000,0.6000,1.1000,0.00000000,0.06538731,0.12882280,0.00780744,0.00000000,0.20494530,0.33864770,0.90193000,0.00000000,0.00000000,0.00518925,0.01428570,3.79999600,3.32580900,1.80024200,1.10805800,0.61318620,1.10146400,0.80183080,0.72017020,3.31043600,3.31135200,0.79941320,5.09200000,5.09066000,0.00000000, 2, 255, 7, 24,0xf0000,No,No,No,No,Yes,Yes,Yes,Yes
2026-04-13 11:06:19,0.0,1500,500,,500,500,44,,200,,,648,,56.5,0.7200,0.6000,0.6000,1.1000,0.00000000,0.06050766,0.12687090,0.00487965,0.00000000,0.21665650,0.34059960,0.87514000,0.00000000,0.00048840,0.00549450,0.01404150,3.79999600,3.32580900,1.80024200,1.10439400,0.61208730,1.10769100,0.80292960,0.72070740,3.30952000,3.31135200,0.79970620,5.04778000,5.07458000,0.00000000, 2, 255, 7, 24,0xf0000,No,No,No,No,Yes,Yes,Yes,Yes
2026-04-13 11:06:21,2.7,1500,500,,500,500,44,,200,,,648,,56.5,0.7200,0.6000,0.6000,1.1000,0.00000000,0.05953173,0.12491900,0.00487965,0.00000000,0.20396940,0.33962360,0.88407000,0.00000000,0.00048840,0.00518925,0.01428570,3.79999600,3.32580900,1.80024200,1.10439400,0.61355250,1.10659200,0.80256330,0.72070740,3.31043600,3.31135200,0.79941320,5.05850000,5.05314000,0.00000000, 2, 255, 7, 24,0xf0000,No,No,No,No,Yes,Yes,Yes,Yes
2026-04-13 11:06:23,0.0,1500,500,,500,500,44,,200,,,648,,56.5,0.7200,0.6000,0.6000,1.1000,0.00000000,0.05855580,0.12491900,0.00683151,0.00000000,0.20592120,0.33669580,0.87514000,0.00000000,0.00000000,0.00634920,0.01465200,3.79999600,3.32580900,1.80024200,1.10439400,0.61098840,1.10146400,0.80292960,0.72070740,3.30860500,3.31409900,0.79970620,5.06922000,5.06922000,0.00000000, 2, 255, 7, 24,0xf0000,No,No,No,No,Yes,Yes,Yes,Yes
2026-04-13 11:06:26,0.0,1500,500,,500,500,44,,200,,,648,,56.5,0.7200,0.6000,0.6000,1.1000,0.00000000,0.05953173,0.12882280,0.00683151,0.00000000,0.20494530,0.33864770,0.88407000,0.00000000,0.00048840,0.00586080,0.01440780,3.79999600,3.31188900,1.80024200,1.11282000,0.61391880,1.10549400,0.80402850,0.72043880,3.31043600,3.31226800,0.79970620,5.09066000,5.10272000,0.00000000, 2, 255, 7, 24,0xf0000,No,No,No,No,Yes,Yes,Yes,Yes
2026-04-13 11:06:28,0.0,1500,500,,500,500,44,,200,,,648,,55.4,0.7200,0.6000,0.6000,1.1000,0.00000000,0.06050766,0.12589500,0.00390372,0.00000000,0.20494530,0.33767180,0.89299990,0.00000000,0.00000000,0.00531135,0.01428570,3.79999600,3.31281700,1.80024200,1.10439400,0.61355250,1.10805800,0.80329590,0.72017020,3.30677300,3.31043600,0.79941320,5.04778000,5.05314000,0.00000000, 2, 255, 7, 24,0xf0000,No,No,No,No,Yes,Yes,Yes,Yes
2026-04-13 11:06:30,0.0,1500,500,,500,500,44,,200,,,648,,55.4,0.7200,0.6000,0.6000,1.1000,0.00000000,0.05953173,0.12882280,0.00683151,0.00000000,0.20494530,0.33669580,0.87514000,0.00000000,0.00048840,0.00482295,0.01428570,3.79999600,3.30168200,1.79926600,1.10439400,0.61245360,1.10586000,0.80292960,0.72070740,3.30952000,3.31318300,0.79912020,5.07860000,5.04778000,0.00000000, 2, 255, 7, 24,0xf0000,No,No,No,No,Yes,Yes,Yes,Yes
2026-04-13 11:06:32,0.0,1500,500,,500,500,44,,200,,,648,,56.0,0.7200,0.6000,0.6000,1.1000,0.00000000,0.05953173,0.12394310,0.01268709,0.00000000,0.20396940,0.33962360,0.89299990,0.00000000,0.00000000,0.00518925,0.01452990,3.79999600,3.29889800,1.80024200,1.11208700,0.61281990,1.10146400,0.80219700,0.72070740,3.31043600,3.31135200,0.79970620,5.09602000,5.09334000,0.00000000, 2, 255, 7, 24,0xf0000,No,No,No,No,Yes,Yes,Yes,Yes
2026-04-13 11:06:34,0.0,1500,500,,500,500,44,,200,,,648,,55.4,0.7200,0.6000,0.6000,1.1000,0.00000000,0.06245952,0.12687090,0.00585558,0.00000000,0.20396940,0.33669580,0.87514000,0.00000000,0.00006105,0.00598290,0.01428570,3.79999600,3.31281700,1.79926600,1.11025500,0.61172100,1.10769100,0.80256330,0.72070740,3.30952000,3.31043600,0.79941320,5.06386000,5.01026000,0.00000000, 2, 255, 7, 24,0xf0000,No,No,No,No,Yes,Yes,Yes,Yes
2026-04-13 11:06:36,3.7,2400,910,,910,960,44,,200,,,648,,57.1,0.8600,0.6000,0.6000,1.1000,0.00000000,0.06148359,0.13370240,0.01268709,0.00000000,0.20396940,0.33864770,1.41987000,0.00000000,0.00000000,0.00506715,0.01404150,3.79999600,3.31281700,1.80610300,1.10695900,0.61465140,1.10586000,0.79926660,0.86092710,3.30677300,3.31043600,0.79941320,5.02634000,5.01428000,0.00000000, 2, 255, 7, 24,0xf0000,No,No,No,No,Yes,Yes,Yes,Yes
2026-04-13 11:06:38,0.0,2400,910,,910,960,44,,200,,,648,,57.1,0.8600,0.6000,0.6000,1.1000,0.00000000,0.06148359,0.13467840,0.00780744,0.00000000,0.20787310,0.34255140,1.42880000,0.00000000,0.00000000,0.00500610,0.01465200,3.79999600,3.30632200,1.80561500,1.10769100,0.61318620,1.10769100,0.80256330,0.86092710,3.31043600,3.31226800,0.79941320,5.07458000,5.07458000,0.00000000, 2, 255, 7, 24,0xf0000,No,No,No,No,Yes,Yes,Yes,Yes
2026-04-13 11:06:40,0.0,1500,500,,500,500,44,,200,,,648,,57.1,0.7200,0.6000,0.6000,1.1000,0.00000000,0.06538731,0.12589500,0.00683151,0.00000000,0.20396940,0.34059960,0.89299990,0.00000000,0.00000000,0.00494505,0.01428570,3.79999600,3.30817700,1.80024200,1.10805800,0.61245360,1.10659200,0.80219700,0.72070740,3.30952000,3.31226800,0.79999920,5.04242000,5.07190000,0.00000000, 2, 255, 7, 24,0xf0000,No,No,No,No,Yes,Yes,Yes,Yes
2026-04-13 11:06:43,0.0,2400,910,,910,960,44,,200,,,648,,56.5,0.8600,0.6000,0.6000,1.1000,0.00000000,0.05953173,0.13272650,0.00487965,0.00000000,0.20592120,0.34255140,1.41987000,0.00000000,0.00024420,0.00634920,0.01465200,3.79999600,3.32116900,1.80659200,1.10695900,0.61318620,1.10805800,0.80366220,0.86119580,3.30952000,3.31318300,0.79999920,5.05984000,5.01294000,0.00000000, 2, 255, 7, 24,0xf0000,No,No,No,No,Yes,Yes,Yes,Yes
2026-04-13 11:06:45,0.0,2400,910,,910,960,44,,200,,,648,,56.5,0.8600,0.6000,0.6000,1.1000,0.00000000,0.10637640,0.16688400,0.00390372,0.00000000,0.20592120,0.34157550,1.41094000,0.00000000,0.00000000,0.00494505,0.01355310,3.79999600,3.32952100,1.79828900,1.10695900,0.61318620,1.10512700,0.79963290,0.86119580,3.30952000,3.31318300,0.79912020,5.06520000,5.06117900,0.00000000, 2, 255, 7, 24,0xf0000,No,No,No,No,Yes,Yes,Yes,Yes
2026-04-13 11:06:47,0.0,1500,500,,500,500,44,,200,,,648,,56.5,0.7200,0.6000,0.6000,1.1000,0.00000000,0.05855580,0.12979870,0.00585558,0.00000000,0.20592120,0.34547920,0.90193000,0.00000000,0.00000000,0.00586080,0.01477410,3.79999600,3.31560100,1.80659200,1.10695900,0.61355250,1.10439400,0.80109810,0.72097620,3.30768900,3.31135200,0.79941320,5.05850000,5.04778000,0.00000000, 2, 255, 7, 24,0xf0000,No,No,No,No,Yes,Yes,Yes,Yes
2026-04-13 11:06:49,0.0,1500,500,,500,500,44,,200,,,648,,56.0,0.7200,0.6000,0.6000,1.1000,0.00000000,0.06538731,0.12589500,0.00780744,0.00000000,0.20396940,0.34059960,0.89299990,0.00000000,0.00048840,0.00518925,0.01404150,3.79999600,3.32580900,1.80024200,1.10586000,0.61208730,1.10549400,0.80036550,0.72070740,3.31043600,3.31043600,0.79941320,5.06922000,5.06117900,0.00000000, 2, 255, 7, 24,0xf0000,No,No,No,No,Yes,Yes,Yes,Yes
2026-04-13 11:06:51,0.2,1500,500,,500,500,44,,200,,,648,,56.0,0.7200,0.6000,0.6000,1.1000,0.00000000,0.06636324,0.12882280,0.01171116,0.00000000,0.20299340,0.34157550,1.41987000,0.00000000,0.00000000,0.00512820,0.01428570,3.79999600,3.31560100,1.80024200,1.10695900,0.60183090,1.10805800,0.80036550,0.72017020,3.31043600,3.31043600,0.79941320,5.04644000,5.02634000,0.00000000, 2, 255, 7, 24,0xf0000,No,No,No,No,Yes,Yes,Yes,Yes
2026-04-13 11:06:53,1.0,1700,591,,591,602,44,,200,,,648,,56.5,0.7638,0.6000,0.6000,1.1000,0.00000000,0.05953173,0.12784680,0.00878337,0.00000000,0.21665650,0.33767180,0.88407000,0.00000000,0.00000000,0.00518925,0.01477410,3.79999600,3.32580900,1.80024200,1.11282000,0.60732540,1.10549400,0.80219700,0.72070740,3.30860500,3.31135200,0.79970620,5.08530000,5.07860000,0.00000000, 2, 255, 7, 24,0xf0000,No,No,No,No,Yes,Yes,Yes,Yes
2026-04-13 11:06:56,0.2,1500,500,,500,500,44,,200,,,648,,56.0,0.7200,0.6000,0.6000,1.1000,0.00000000,0.05953173,0.12784680,0.00780744,0.00000000,0.20299340,0.34157550,0.90193000,0.00000000,0.00000000,0.00457875,0.01404150,3.79999600,3.31652900,1.80024200,1.11062200,0.61208730,1.10659200,0.80183080,0.72017020,3.30677300,3.31226800,0.79941320,5.06252000,5.05448000,0.00000000, 2, 255, 7, 24,0xf0000,No,No,No,No,Yes,Yes,Yes,Yes
2026-04-13 11:06:58,0.0,1500,500,,500,500,44,,200,,,648,,56.0,0.7200,0.6000,0.6000,1.1000,0.00000000,0.06245952,0.12784680,0.00390372,0.00000000,0.20201750,0.34157550,0.88407000,0.00000000,0.00000000,0.00634920,0.01440780,3.79999600,3.32116900,1.82124300,1.10695900,0.61355250,1.10659200,0.80329590,0.72043880,3.30860500,3.31135200,0.79941320,5.05984000,5.01830000,0.00000000, 2, 255, 7, 24,0xf0000,No,No,No,No,Yes,Yes,Yes,Yes
2026-04-13 11:07:00,0.0,1500,500,,500,500,44,,200,,,648,,56.0,0.7200,0.6000,0.6000,1.1000,0.00000000,0.05953173,0.12784680,0.01268709,0.00000000,0.20689720,0.33864770,0.87514000,0.00000000,0.00006105,0.00518925,0.01465200,3.79999600,3.32952100,1.81684800,1.11355200,0.61281990,1.10439400,0.80292960,0.72043880,3.30677300,3.31226800,0.79912020,5.05716000,5.05180000,0.00000000, 2, 255, 7, 24,0xf0000,No,No,No,No,Yes,Yes,Yes,Yes
2026-04-13 11:07:02,1.7,2400,910,,910,960,44,,200,,,648,,56.5,0.8600,0.6000,0.6000,1.1000,0.00000000,0.06538731,0.13467840,0.00683151,0.00000000,0.20396940,0.34059960,1.39308000,0.00000000,0.00024420,0.00457875,0.01428570,3.79999600,3.32859200,1.80659200,1.10915600,0.61245360,1.10402800,0.80256330,0.86119580,3.30860500,3.31501500,0.79941320,5.05448000,5.07056000,0.00000000, 2, 255, 7, 24,0xf0000,No,No,No,No,Yes,Yes,Yes,Yes
2026-04-13 11:07:04,0.0,2400,910,,910,960,44,,200,,,648,,57.1,0.8600,0.6000,0.6000,1.1000,0.00000000,0.09954486,0.16883590,0.00683151,0.00000000,0.20396940,0.34255140,1.38415000,0.00000000,0.00000000,0.00518925,0.01428570,3.79999600,3.32766400,1.80659200,1.10769100,0.61208730,1.10439400,0.80219700,0.86119580,3.31318300,3.31226800,0.79912020,5.02499900,5.01562000,0.00000000, 2, 255, 7, 24,0xf0000,No,No,No,No,Yes,Yes,Yes,Yes
2026-04-13 11:07:06,0.2,2400,910,,910,960,44,,200,,,648,,57.6,0.8600,0.6000,0.6000,1.1000,0.00000000,0.06441138,0.13175060,0.00878337,0.00000000,0.20396940,0.33571990,1.38415000,0.00000000,0.00000000,0.00592185,0.01391940,3.79999600,3.30632200,1.80610300,1.10805800,0.60586020,1.10366200,0.79963290,0.86065850,3.30677300,3.30952000,0.79970620,5.04376000,5.03706000,0.00000000, 2, 255, 7, 24,0xf0000,No,No,No,No,Yes,Yes,Yes,Yes
2026-04-13 11:07:08,4.5,2400,910,,910,960,44,,200,,,648,,57.1,0.8600,0.6000,0.6000,1.1000,0.05953173,0.06050766,0.13370240,0.00195186,0.00000000,0.20689720,0.33767180,1.41987000,0.00000000,0.00000000,0.00549450,0.01465200,3.72297600,3.32859200,1.80610300,1.10952300,0.61318620,1.10805800,0.80036550,0.86065850,3.30952000,3.31226800,0.79999920,5.05984000,5.04778000,0.00000000, 2, 255, 7, 24,0xf0000,No,No,No,No,Yes,Yes,Yes,Yes
2026-04-13 11:07:11,1.0,2400,910,,910,960,44,,200,,,648,,57.6,0.8600,0.6000,0.6000,1.1000,0.05855580,0.06245952,0.13077460,0.00878337,0.00000000,0.20494530,0.34059960,1.41094000,0.00000000,0.00006105,0.00500610,0.01416360,3.71462400,3.30724900,1.81684800,1.10695900,0.61172100,1.10695900,0.80292960,0.86119580,3.30952000,3.31135200,0.79912020,5.02768000,5.04376000,0.00000000, 2, 255, 7, 24,0xf0000,No,No,No,No,Yes,Yes,Yes,Yes
2026-04-13 11:07:13,1.5,2400,910,,910,960,44,,200,,,648,,57.1,0.7200,0.6000,0.6000,1.1000,0.06148359,0.06148359,0.12589500,0.00780744,0.00000000,0.20494530,0.34157550,0.90193000,0.00000000,0.00048840,0.00610500,0.01379730,3.70998400,3.30910500,1.80024200,1.10805800,0.61208730,1.10659200,0.79963290,0.72017020,3.31043600,3.31043600,0.79970620,5.05716000,5.03170000,0.00000000, 2, 255, 7, 24,0xf0000,No,No,No,No,Yes,Yes,Yes,Yes
2026-04-13 11:07:15,0.0,1500,500,,500,500,44,,200,,,648,,57.1,0.7200,0.6000,0.6000,1.1000,0.00000000,0.06148359,0.12882280,0.00878337,0.00000000,0.21568060,0.34157550,0.90193000,0.00000000,0.00048840,0.00506715,0.01416360,3.79999600,3.32952100,1.80024200,1.11355200,0.61208730,1.10549400,0.79963290,0.72043880,3.30952000,3.31226800,0.79999920,5.08664000,5.06922000,0.00000000, 2, 255, 7, 24,0xf0000,No,No,No,No,Yes,Yes,Yes,Yes
2026-04-13 11:07:17,0.0,1500,500,,500,500,44,,200,,,648,,56.0,0.7200,0.6000,0.6000,1.1000,0.00000000,0.05855580,0.12589500,0.00683151,0.00000000,0.20494530,0.33767180,0.88407000,0.00000000,0.00024420,0.00586080,0.01416360,3.79999600,3.33137600,1.79877700,1.10292900,0.60879060,1.10805800,0.79963290,0.72097620,3.30952000,3.31226800,0.79970620,5.10272000,5.09468000,0.00000000, 2, 255, 7, 24,0xf0000,No,No,No,No,Yes,Yes,Yes,Yes
2026-04-13 11:07:19,0.0,1500,500,,500,500,44,,200,,,648,,54.9,0.7200,0.6000,0.6000,1.1000,0.00000000,0.06343545,0.12882280,0.00097593,0.00000000,0.21568060,0.33864770,0.89299990,0.00000000,0.00048840,0.00525030,0.01440780,3.79999600,3.30910500,1.80024200,1.11355200,0.61062210,1.10659200,0.79999920,0.72043880,3.30860500,3.31135200,0.79970620,5.05850000,5.05314000,0.00000000, 2, 255, 7, 24,0xf0000,No,No,No,No,Yes,Yes,Yes,Yes
2026-04-13 11:07:21,0.0,1500,500,,500,500,44,,200,,,648,,56.0,0.7200,0.6000,0.6000,1.1000,0.00000000,0.05953173,0.12491900,0.00390372,0.00000000,0.20201750,0.34352740,0.88407000,0.00000000,0.00000000,0.00531135,0.01440780,3.79999600,3.31467300,1.80024200,1.10586000,0.61281990,1.10146400,0.80256330,0.72070740,3.31043600,3.31043600,0.80058540,5.04242000,5.06117900,0.00000000, 2, 255, 7, 24,0xf0000,No,No,No,No,Yes,Yes,Yes,Yes
2026-04-13 11:07:23,0.0,2400,910,,910,960,44,,200,,,648,,57.1,0.8600,0.6000,0.6000,1.1000,0.00000000,0.05855580,0.13272650,0.00390372,0.00000000,0.21763240,0.34157550,1.41094000,0.00000000,0.00000000,0.00482295,0.01465200,3.79257300,3.35550300,1.80659200,1.10695900,0.61281990,1.10659200,0.80146440,0.86065850,3.30952000,3.31135200,0.79999920,5.03438000,5.05984000,0.00000000, 2, 255, 7, 24,0xf0000,No,No,No,No,Yes,Yes,Yes,Yes
2026-04-13 11:07:26,0.3,2400,910,,910,960,44,,200,,,648,,57.6,0.8600,0.6000,0.6000,1.1000,0.00000000,0.06148359,0.14248580,0.00683151,0.00000000,0.22739170,0.33767180,1.41094000,0.00000000,0.00000000,0.00518925,0.01428570,3.79999600,3.30632200,1.80024200,1.10732500,0.60439500,1.10659200,0.79926660,0.86038990,3.31043600,3.31226800,0.79970620,5.03840000,5.04912000,0.00000000, 2, 255, 7, 24,0xf0000,No,No,No,No,Yes,Yes,Yes,Yes
2026-04-13 11:07:28,0.0,1500,500,,500,500,44,,200,,,648,,56.5,0.7200,0.6000,0.6000,1.1000,0.00000000,0.06050766,0.12589500,0.00683151,0.00000000,0.20494530,0.33864770,0.89299990,0.00000000,0.00048840,0.00506715,0.01465200,3.79999600,3.30168200,1.80024200,1.10439400,0.61281990,1.10659200,0.80146440,0.72070740,3.30952000,3.31409900,0.79970620,5.05984000,5.06788000,0.00000000, 2, 255, 7, 24,0xf0000,No,No,No,No,Yes,Yes,Yes,Yes
2026-04-13 11:07:30,0.0,1500,500,,500,500,44,,200,,,648,,56.0,0.7200,0.6000,0.6000,1.1000,0.00000000,0.06050766,0.12589500,0.00683151,0.00000000,0.20494530,0.33571990,0.89299990,0.00000000,0.00000000,0.00531135,0.01428570,3.79999600,3.30168200,1.80024200,1.10732500,0.61245360,1.10805800,0.80036550,0.72043880,3.31043600,3.31135200,0.79970620,5.08128000,5.04778000,0.00000000, 2, 255, 7, 24,0xf0000,No,No,No,No,Yes,Yes,Yes,Yes
2026-04-13 11:07:32,0.0,1500,500,,500,500,44,,200,,,648,,56.0,0.7200,0.6000,0.6000,1.1000,0.00000000,0.06148359,0.12589500,0.00683151,0.00000000,0.20982490,0.33864770,0.88407000,0.00000000,0.00000000,0.00518925,0.01465200,3.79999600,3.29889800,1.79828900,1.11208700,0.60586020,1.10769100,0.80256330,0.72043880,3.30677300,3.31043600,0.79970620,5.09066000,5.09334000,0.00000000, 2, 255, 7, 24,0xf0000,No,No,No,No,Yes,Yes,Yes,Yes
2026-04-13 11:07:34,0.0,2400,910,,910,960,44,,200,,,648,,57.6,0.8600,0.6000,0.6000,1.1000,0.00000000,0.05953173,0.13272650,0.00683151,0.00000000,0.20689720,0.34059960,1.40201000,0.00000000,0.00006105,0.00616605,0.01440780,3.79999600,3.31096100,1.79584700,1.11062200,0.61281990,1.10366200,0.80109810,0.86173300,3.30952000,3.31135200,0.79941320,5.03170000,5.01964000,0.00000000, 2, 255, 7, 24,0xf0000,No,No,No,No,Yes,Yes,Yes,Yes
2026-04-13 11:07:36,0.0,2400,910,,910,960,44,,200,,,648,,57.1,0.8600,0.6000,0.6000,1.1000,0.00000000,0.05953173,0.13272650,0.00878337,0.00000000,0.20299340,0.33864770,1.40201000,0.00000000,0.00024420,0.00482295,0.01428570,3.79999600,3.31374500,1.80659200,1.10805800,0.61245360,1.10659200,0.80292960,0.86119580,3.30952000,3.31135200,0.79912020,5.04376000,5.03304000,0.00000000, 2, 255, 7, 24,0xf0000,No,No,No,No,Yes,Yes,Yes,Yes
2026-04-13 11:07:38,1.0,1500,500,,500,500,44,,200,,,648,,57.1,0.8600,0.6000,0.6000,1.1000,0.00000000,0.05953173,0.13955800,0.08880963,0.00000000,0.20689720,0.36011820,2.61649000,0.00000000,0.00000000,0.00543345,0.01440780,3.79999600,3.31374500,1.80610300,1.10988900,0.60512760,1.10439400,0.80109810,0.86092710,3.30860500,3.31135200,0.79999920,5.02634000,5.02902000,0.00000000, 2, 255, 7, 24,0xf0000,No,No,No,No,Yes,Yes,Yes,Yes
2026-04-13 11:07:41,3.3,2400,910,,910,960,44,,200,,,648,,58.2,0.8600,0.6000,0.6000,1.1000,0.00000000,0.05953173,0.13370240,0.00683151,0.00000000,0.20494530,0.33962360,1.40201000,0.00000000,0.00000000,0.00592185,0.01416360,3.79999600,3.32580900,1.80659200,1.11208700,0.61318620,1.10769100,0.79890030,0.86092710,3.31043600,3.31043600,0.79941320,5.04242000,5.03438000,0.00000000, 2, 255, 7, 24,0xf0000,No,No,No,No,Yes,Yes,Yes,Yes
2026-04-13 11:07:43,2.5,2400,910,,910,960,44,,200,,,648,,57.6,0.8600,0.6000,0.6000,1.1000,0.00000000,0.06636324,0.13370240,0.00390372,0.00000000,0.20689720,0.34157550,1.41987000,0.00000000,0.00000000,0.00506715,0.01465200,3.79999600,3.31003300,1.80024200,1.10952300,0.61245360,1.10549400,0.80219700,0.86119580,3.31043600,3.31409900,0.79941320,5.03974000,5.03840000,0.00000000, 2, 255, 7, 24,0xf0000,No,No,No,No,Yes,Yes,Yes,Yes
2026-04-13 11:07:45,0.0,1500,500,,500,500,44,,200,,,648,,57.1,0.7200,0.6000,0.6000,1.1000,0.00000000,0.05757987,0.12784680,0.00878337,0.00000000,0.20689720,0.34157550,0.90193000,0.00000000,0.00048840,0.00549450,0.01416360,3.79999600,3.30724900,1.80024200,1.10439400,0.61245360,1.10769100,0.79853400,0.72070740,3.30860500,3.31135200,0.79912020,5.10004000,5.09468000,0.00000000, 2, 255, 7, 24,0xf0000,No,No,No,No,Yes,Yes,Yes,Yes
2026-04-13 11:07:47,0.0,1500,500,,500,500,44,,200,,,648,,56.5,0.7200,0.6000,0.6000,1.1000,0.00000000,0.05953173,0.12979870,0.00292779,0.00000000,0.21372870,0.33864770,0.88407000,0.00000000,0.00000000,0.00518925,0.01416360,3.79999600,3.30817700,1.80024200,1.10879000,0.61172100,1.10366200,0.80292960,0.72043880,3.31135200,3.31226800,0.79970620,5.04778000,5.04778000,0.00000000, 2, 255, 7, 24,0xf0000,No,No,No,No,Yes,Yes,Yes,Yes
2026-04-13 11:07:49,0.0,1500,500,,500,500,44,,200,,,648,,56.5,0.7200,0.6000,0.6000,1.1000,0.00000000,0.05855580,0.12882280,0.00683151,0.00000000,0.20592120,0.33962360,0.89299990,0.00000000,0.00006105,0.00586080,0.01416360,3.79999600,3.30724900,1.79926600,1.11208700,0.61318620,1.10549400,0.80439480,0.72070740,3.30677300,3.30952000,0.79941320,5.04644000,5.04242000,0.00000000, 2, 255, 7, 24,0xf0000,No,No,No,No,Yes,Yes,Yes,Yes
2026-04-13 11:07:51,0.2,1500,500,,500,500,44,,200,,,648,,56.0,0.7200,0.6000,0.6000,1.1000,0.00000000,0.06441138,0.12687090,0.01366302,0.00000000,0.20494530,0.34059960,0.89299990,0.00000000,0.00048840,0.00647130,0.01428570,3.79999600,3.30260900,1.80024200,1.11062200,0.61318620,1.10695900,0.80109810,0.72070740,3.30952000,3.31318300,0.80029220,5.10808000,5.10138000,0.00000000, 2, 255, 7, 24,0xf0000,No,No,No,No,Yes,Yes,Yes,Yes
2026-04-13 11:07:53,1.5,1500,500,,500,500,44,,200,,,648,,56.0,0.7200,0.6000,0.6000,1.1000,0.00000000,0.06245952,0.12784680,0.00683151,0.00000000,0.20494530,0.34059960,0.88407000,0.00000000,0.00000000,0.00518925,0.01465200,3.79999600,3.30817700,1.80024200,1.10805800,0.61318620,1.10549400,0.79963290,0.72043880,3.31043600,3.31318300,0.79999920,5.02232000,5.06788000,0.00000000, 2, 255, 7, 24,0xf0000,No,No,No,No,Yes,Yes,Yes,Yes
2026-04-13 11:07:56,0.0,1500,500,,500,500,44,,200,,,648,,56.5,0.7200,0.6000,0.6000,1.1000,0.00000000,0.05953173,0.12589500,0.00390372,0.00000000,0.20592120,0.33864770,0.87514000,0.00000000,0.00000000,0.00683760,0.01465200,3.79999600,3.30168200,1.79926600,1.10732500,0.60915690,1.10402800,0.80146440,0.72043880,3.30952000,3.31226800,0.79999920,5.04242000,5.05850000,0.00000000, 2, 255, 7, 24,0xf0000,No,No,No,No,Yes,Yes,Yes,Yes
2026-04-13 11:07:58,0.0,1500,500,,500,500,44,,200,,,648,,55.4,0.7200,0.6000,0.6000,1.1000,0.00000000,0.05757987,0.12979870,0.00683151,0.00000000,0.20396940,0.34059960,0.87514000,0.00000000,0.00048840,0.00525030,0.01465200,3.79999600,3.30539300,1.80024200,1.10439400,0.60952320,1.10549400,0.80219700,0.72070740,3.31043600,3.31409900,0.79970620,5.08932000,5.06922000,0.00000000, 2, 255, 7, 24,0xf0000,No,No,No,No,Yes,Yes,Yes,Yes
2026-04-13 11:08:00,1.0,1500,500,,500,500,44,,200,,,648,,56.0,0.7200,0.6000,0.6000,1.1000,0.00000000,0.06733918,0.12589500,0.00487965,0.00000000,0.20396940,0.33962360,0.88407000,0.00000000,0.00000000,0.00555555,0.01391940,3.79999600,3.31096100,1.79682400,1.10732500,0.61208730,1.10769100,0.80219700,0.72070740,3.31043600,3.31226800,0.79970620,5.09066000,5.09602000,0.00000000, 2, 255, 7, 24,0xf0000,No,No,No,No,Yes,Yes,Yes,Yes
2026-04-13 11:08:02,0.0,1500,500,,500,500,44,,200,,,648,,55.4,0.7200,0.6000,0.6000,1.1000,0.00000000,0.06050766,0.12687090,0.00683151,0.00000000,0.20494530,0.33767180,0.88407000,0.00000000,0.00048840,0.00500610,0.01428570,3.79999600,3.30910500,1.80024200,1.10805800,0.61428510,1.10769100,0.80329590,0.72070740,3.31043600,3.31226800,0.79970620,5.05314000,5.06117900,0.00000000, 2, 255, 7, 24,0xf0000,No,No,No,No,Yes,Yes,Yes,Yes
2026-04-13 11:08:04,1.5,1500,500,,500,500,44,,200,,,648,,56.0,0.7200,0.6000,0.6000,1.1000,0.00000000,0.06441138,0.12589500,0.00683151,0.00000000,0.20299340,0.33962360,0.88407000,0.00000000,0.00024420,0.00781440,0.01489620,3.79999600,3.35550300,1.80659200,1.11025500,0.61208730,1.10586000,0.79890030,0.72097620,3.31043600,3.31043600,0.79970620,5.05314000,5.04242000,0.00000000, 2, 255, 7, 24,0xf0000,No,No,No,No,Yes,Yes,Yes,Yes
2026-04-13 11:08:06,0.0,1500,500,,500,500,44,,200,,,648,,55.4,0.7200,0.6000,0.6000,1.1000,0.00000000,0.06831510,0.12687090,0.00585558,0.00000000,0.20689720,0.33767180,0.88407000,0.00000000,0.00000000,0.00634920,0.01404150,3.79999600,3.31560100,1.80659200,1.10805800,0.61355250,1.10769100,0.79890030,0.72097620,3.30860500,3.31135200,0.80058540,5.09334000,5.09468000,0.00000000, 2, 255, 7, 24,0xf0000,No,No,No,No,Yes,Yes,Yes,Yes
2026-04-13 11:08:08,0.0,1500,500,,500,500,44,,200,,,648,,56.5,0.7200,0.6000,0.6000,1.1000,0.00000000,0.06538731,0.12784680,0.00780744,0.00000000,0.20494530,0.34645520,0.90193000,0.00000000,0.00000000,0.00634920,0.01404150,3.79999600,3.32580900,1.79828900,1.11355200,0.61062210,1.10769100,0.80292960,0.72017020,3.31043600,3.31226800,0.79999920,5.02634000,5.00758000,0.00000000, 2, 255, 7, 24,0xf0000,No,No,No,No,Yes,Yes,Yes,Yes
2026-04-13 11:08:11,2.5,1800,636,,636,653,44,,200,,,648,,57.6,0.8600,0.6000,0.6000,1.1000,0.00000000,0.09759300,0.16493220,0.00487965,0.00000000,0.21470460,0.33962360,1.41094000,0.00000000,0.00006105,0.00525030,0.01440780,3.79999600,3.30724900,1.79926600,1.11355200,0.61391880,1.10695900,0.80292960,0.86119580,3.30952000,3.31318300,0.79999920,5.02232000,5.02902000,0.00000000, 2, 255, 7, 24,0xf0000,No,No,No,No,Yes,Yes,Yes,Yes
2026-04-13 11:08:13,3.3,2400,910,,910,960,44,,200,,,648,,57.1,0.8600,0.6000,0.6000,1.1000,0.00000000,0.05953173,0.13370240,0.00487965,0.00000000,0.22739170,0.34059960,1.39308000,0.00000000,0.00000000,0.00457875,0.01416360,3.79999600,3.31281700,1.80610300,1.11355200,0.61245360,1.10769100,0.79963290,0.86119580,3.31135200,3.31226800,0.79912020,5.07056000,5.07458000,0.00000000, 2, 255, 7, 24,0xf0000,No,No,No,No,Yes,Yes,Yes,Yes
2026-04-13 11:08:15,0.0,2400,910,,910,960,44,,200,,,648,,56.5,0.8600,0.6000,0.6000,1.1000,0.00000000,0.05953173,0.13175060,0.00585558,0.00000000,0.20494530,0.33962360,1.41987000,0.00000000,0.00000000,0.00518925,0.01465200,3.79999600,3.31003300,1.80610300,1.10952300,0.61318620,1.10549400,0.79890030,0.86146430,3.31043600,3.31043600,0.79970620,5.03974000,5.03840000,0.00000000, 2, 255, 7, 24,0xf0000,No,No,No,No,Yes,Yes,Yes,Yes
2026-04-13 11:08:17,0.0,1500,500,,500,500,44,,200,,,648,,56.0,0.7200,0.6000,0.6000,1.1000,0.00000000,0.07319475,0.12394310,0.00585558,0.00000000,0.20299340,0.34255140,0.88407000,0.00000000,0.00006105,0.00518925,0.01465200,3.79999600,3.31652900,1.79926600,1.11355200,0.61391880,1.10146400,0.80219700,0.72043880,3.30952000,3.31318300,0.79970620,5.04644000,5.06252000,0.00000000, 2, 255, 7, 24,0xf0000,No,No,No,No,Yes,Yes,Yes,Yes
2026-04-13 11:08:19,0.2,1500,500,,500,500,44,,200,,,648,,56.0,0.7200,0.6000,0.6000,1.1000,0.00000000,0.06343545,0.12687090,0.00683151,0.00000000,0.20494530,0.34547920,0.90193000,0.00000000,0.00048840,0.00500610,0.01465200,3.79999600,3.32580900,1.80024200,1.11355200,0.61281990,1.10549400,0.80366220,0.72070740,3.31043600,3.31409900,0.79941320,5.10004000,5.09602000,0.00000000, 2, 255, 7, 24,0xf0000,No,No,No,No,Yes,Yes,Yes,Yes
2026-04-13 11:08:21,0.0,1500,500,,500,500,44,,200,,,648,,56.0,0.7200,0.6000,0.6000,1.1000,0.00000000,0.06636324,0.12687090,0.00878337,0.00000000,0.20494530,0.34352740,0.87514000,0.00000000,0.00000000,0.00457875,0.01404150,3.79999600,3.30817700,1.81684800,1.10805800,0.61135470,1.10659200,0.80256330,0.72043880,3.30952000,3.31318300,0.79912020,5.07056000,5.06520000,0.00000000, 2, 255, 7, 24,0xf0000,No,No,No,No,Yes,Yes,Yes,Yes
2026-04-13 11:08:23,0.0,1500,500,,500,500,44,,200,,,648,,56.0,0.7200,0.6000,0.6000,1.1000,0.00000000,0.06245952,0.12687090,0.00585558,0.00000000,0.20494530,0.33962360,0.89299990,0.00000000,0.00006105,0.00470085,0.01428570,3.79999600,3.30260900,1.80317300,1.10879000,0.61281990,1.10769100,0.79926660,0.72043880,3.31135200,3.31135200,0.79912020,5.07592000,5.05850000,0.00000000, 2, 255, 7, 24,0xf0000,No,No,No,No,Yes,Yes,Yes,Yes
2026-04-13 11:08:25,0.0,1500,500,,500,500,44,,200,,,648,,56.0,0.7200,0.6000,0.6000,1.1000,0.00000000,0.05855580,0.12882280,0.00780744,0.00000000,0.20494530,0.34645520,0.88407000,0.00000000,0.00048840,0.00518925,0.01428570,3.79999600,3.31560100,1.79926600,1.10586000,0.61281990,1.10549400,0.80073180,0.72070740,3.30952000,3.31318300,0.79999920,5.08932000,5.08530000,0.00000000, 2, 255, 7, 24,0xf0000,No,No,No,No,Yes,Yes,Yes,Yes
2026-04-13 11:08:28,0.0,1500,500,,500,500,44,,200,,,648,,56.0,0.7200,0.6000,0.6000,1.1000,0.00000000,0.05953173,0.12784680,0.00292779,0.00000000,0.21860830,0.34059960,0.90193000,0.00000000,0.00048840,0.00592185,0.01416360,3.79999600,3.30817700,1.80024200,1.10439400,0.61281990,1.10805800,0.80073180,0.72070740,3.30952000,3.31226800,0.79912020,5.07860000,5.10406000,0.00000000, 2, 255, 7, 24,0xf0000,No,No,No,No,Yes,Yes,Yes,Yes
2026-04-13 11:08:30,0.0,1500,500,,500,500,44,,200,,,648,,56.0,0.7200,0.6000,0.6000,1.1000,0.00000000,0.06148359,0.12687090,0.00780744,0.00000000,0.21860830,0.34157550,0.89299990,0.00000000,0.00000000,0.00586080,0.01404150,3.79999600,3.32952100,1.80024200,1.10842400,0.61245360,1.10549400,0.80256330,0.72043880,3.31043600,3.31043600,0.80029220,5.06520000,5.06922000,0.00000000, 2, 255, 7, 24,0xf0000,No,No,No,No,Yes,Yes,Yes,Yes
2026-04-13 11:08:32,1.0,1600,545,,545,551,43,,200,,,648,,56.0,0.7200,0.6000,0.6000,1.1000,0.00000000,0.05953173,0.12979870,0.00878337,0.00000000,0.21763240,0.33864770,0.88407000,0.00000000,0.00000000,0.00518925,0.01416360,3.79999600,3.29889800,1.79877700,1.11282000,0.61355250,1.10805800,0.80146440,0.72070740,3.31043600,3.31226800,0.79970620,5.05850000,5.05046000,0.00000000, 2, 255, 7, 24,0xf0000,No,No,No,No,Yes,Yes,Yes,Yes
2026-04-13 11:08:34,0.0,1500,500,,500,500,44,,200,,,648,,56.5,0.7200,0.6000,0.6000,1.1000,0.00000000,0.06441138,0.12491900,0.00780744,0.00000000,0.20689720,0.34059960,1.40201000,0.00000000,0.00000000,0.00604395,0.01477410,3.79999600,3.30910500,1.80024200,1.10952300,0.60586020,1.10549400,0.80256330,0.72070740,3.30677300,3.31135200,0.79970620,5.03572000,5.05984000,0.00000000, 2, 255, 7, 24,0xf0000,No,No,No,No,Yes,Yes,Yes,Yes
2026-04-13 11:08:36,0.0,2400,910,,910,960,44,,200,,,648,,56.5,0.8600,0.6000,0.6000,1.1000,0.00000000,0.05953173,0.13565430,0.00975930,0.00000000,0.20494530,0.33962360,1.39308000,0.00000000,0.00024420,0.00598290,0.01465200,3.79999600,3.31096100,1.80659200,1.11355200,0.61318620,1.10659200,0.80219700,0.86092710,3.30952000,3.31043600,0.79970620,4.99552000,5.04778000,0.00000000, 2, 255, 7, 24,0xf0000,No,No,No,No,Yes,Yes,Yes,Yes
2026-04-13 11:08:38,0.0,2400,910,,910,960,44,,200,,,648,,57.1,0.8600,0.6000,0.6000,1.1000,0.00000000,0.10344860,0.16102850,0.00292779,0.00000000,0.20299340,0.33669580,1.40201000,0.00000000,0.00000000,0.00518925,0.01440780,3.79999600,3.32952100,1.79828900,1.10292900,0.61318620,1.10146400,0.80366220,0.86119580,3.30860500,3.31135200,0.79970620,5.03572000,5.01696000,0.00000000, 2, 255, 7, 24,0xf0000,No,No,No,No,Yes,Yes,Yes,Yes
2026-04-13 11:08:40,0.0,1500,500,,500,500,44,,200,,,648,,54.9,0.7200,0.6000,0.6000,1.1000,0.00000000,0.05855580,0.12784680,0.00878337,0.00000000,0.20592120,0.33767180,0.86621010,0.00000000,0.00000000,0.00518925,0.01440780,3.79999600,3.31652900,1.80024200,1.10586000,0.61245360,1.10146400,0.79963290,0.72043880,3.31043600,3.31135200,0.79970620,5.10540000,5.09066000,0.00000000, 2, 255, 7, 24,0xf0000,No,No,No,No,Yes,Yes,Yes,Yes
2026-04-13 11:08:43,2.8,2400,910,,910,960,44,,200,,,648,,56.0,0.8600,0.6000,0.6000,1.1000,0.00000000,0.05953173,0.13467840,0.00195186,0.00000000,0.20787310,0.33864770,1.41094000,0.00000000,0.00006105,0.00586080,0.01428570,3.79999600,3.31281700,1.79926600,1.11208700,0.61245360,1.10659200,0.79999920,0.86065850,3.31043600,3.31226800,0.80058540,5.01294000,5.04242000,0.00000000, 2, 255, 7, 24,0xf0000,No,No,No,No,Yes,Yes,Yes,Yes
2026-04-13 11:08:45,4.2,2400,910,,910,960,44,,200,,,648,,57.1,0.8600,0.6000,0.6000,1.1000,0.00000000,0.06148359,0.13175060,0.00780744,0.00000000,0.20592120,0.34157550,1.40201000,0.00000000,0.00000000,0.00506715,0.01416360,3.79999600,3.30817700,1.80024200,1.11355200,0.61281990,1.10659200,0.80109810,0.86065850,3.30952000,3.31135200,0.79941320,5.03170000,5.03170000,0.00000000, 2, 255, 7, 24,0xf0000,No,No,No,No,Yes,Yes,Yes,Yes
2026-04-13 11:08:47,0.0,2400,910,,910,960,44,,200,,,648,,56.5,0.8600,0.6000,0.6000,1.1000,0.00000000,0.05953173,0.13370240,0.00097593,0.00000000,0.20396940,0.34157550,1.41094000,0.00048840,0.00000000,0.00598290,0.01404150,3.79999600,3.32952100,1.80024200,1.10439400,0.61245360,1.10366200,0.80146440,0.86119580,3.30952000,3.31318300,0.79941320,5.07860000,5.07726000,0.00000000, 2, 255, 7, 24,0xf0000,No,No,No,No,Yes,Yes,Yes,Yes
2026-04-13 11:08:49,1.0,1500,500,,500,500,44,,200,,,648,,56.5,0.7200,0.6000,0.6000,1.1000,0.00000000,0.05953173,0.12491900,0.00780744,0.00000000,0.21665650,0.34255140,0.89299990,0.00000000,0.00048840,0.00518925,0.01416360,3.79999600,3.30260900,1.80024200,1.11355200,0.61208730,1.10549400,0.80073180,0.72070740,3.31043600,3.31226800,0.79912020,5.04376000,5.05314000,0.00000000, 2, 255, 7, 24,0xf0000,No,No,No,No,Yes,Yes,Yes,Yes
2026-04-13 11:08:51,0.0,1500,500,,500,500,44,,200,,,648,,56.0,0.7200,0.6000,0.6000,1.1000,0.00000000,0.05953173,0.12784680,0.00585558,0.00000000,0.20592120,0.34547920,0.88407000,0.00000000,0.00006105,0.00598290,0.01391940,3.79999600,3.32580900,1.79926600,1.11208700,0.61281990,1.10146400,0.80036550,0.72070740,3.30952000,3.31135200,0.79970620,5.04644000,5.05314000,0.00000000, 2, 255, 7, 24,0xf0000,No,No,No,No,Yes,Yes,Yes,Yes
2026-04-13 11:08:53,0.0,1500,500,,500,500,44,,200,,,648,,56.0,0.7200,0.6000,0.6000,1.1000,0.00000000,0.05953173,0.12394310,0.00780744,0.00000000,0.20689720,0.33571990,0.88407000,0.00000000,0.00048840,0.00598290,0.01428570,3.79999600,3.31560100,1.79926600,1.11208700,0.61391880,1.10549400,0.80109810,0.72043880,3.31043600,3.31135200,0.79999920,5.10004000,5.09468000,0.00000000, 2, 255, 7, 24,0xf0000,No,No,No,No,Yes,Yes,Yes,Yes
2026-04-13 11:08:55,1.7,1500,500,,500,500,44,,200,,,648,,56.0,0.7200,0.6000,0.6000,1.1000,0.00000000,0.06538731,0.12491900,0.00390372,0.00000000,0.20689720,0.33864770,0.87514000,0.00000000,0.00000000,0.00518925,0.01440780,3.79999600,3.30260900,1.80024200,1.10805800,0.61208730,1.10769100,0.80402850,0.72043880,3.31043600,3.31135200,0.79970620,5.02232000,5.06386000,0.00000000, 2, 255, 7, 24,0xf0000,No,No,No,No,Yes,Yes,Yes,Yes
2026-04-13 11:08:57,0.0,1500,500,,500,500,44,,200,,,648,,55.4,0.7200,0.6000,0.6000,1.1000,0.00000000,0.06733918,0.12589500,0.00585558,0.00000000,0.20494530,0.34547920,0.88407000,0.00000000,0.00006105,0.00586080,0.01404150,3.79999600,3.30910500,1.79535800,1.10915600,0.61281990,1.10769100,0.80183080,0.72070740,3.30952000,3.31318300,0.79912020,5.05716000,5.06788000,0.00000000, 2, 255, 7, 24,0xf0000,No,No,No,No,Yes,Yes,Yes,Yes
2026-04-13 11:09:00,0.0,1500,500,,500,500,44,,200,,,648,,55.4,0.7200,0.6000,0.6000,1.1000,0.00000000,0.05757987,0.12784680,0.00683151,0.00000000,0.20396940,0.33669580,0.88407000,0.00000000,0.00048840,0.00531135,0.01465200,3.79999600,3.32580900,1.80024200,1.10586000,0.61208730,1.10549400,0.80256330,0.72070740,3.31043600,3.31226800,0.79999920,5.09468000,5.09602000,0.00000000, 2, 255, 7, 24,0xf0000,No,No,No,No,Yes,Yes,Yes,Yes
2026-04-13 11:09:02,0.0,1500,500,,500,500,44,,200,,,648,,55.4,0.7200,0.6000,0.6000,1.1000,0.00000000,0.05953173,0.12589500,0.00683151,0.00000000,0.20689720,0.34059960,0.87514000,0.00000000,0.00054945,0.00525030,0.01428570,3.79999600,3.32580900,1.79926600,1.10769100,0.61281990,1.10146400,0.80219700,0.72097620,3.30952000,3.31226800,0.79970620,5.06252000,5.06922000,0.00000000, 2, 255, 7, 24,0xf0000,No,No,No,No,Yes,Yes,Yes,Yes
2026-04-13 11:09:04,0.0,1500,500,,500,500,44,,200,,,648,,55.4,0.7200,0.6000,0.6000,1.1000,0.00000000,0.06831510,0.12687090,0.00975930,0.00000000,0.20494530,0.33962360,0.87514000,0.00000000,0.00000000,0.00586080,0.01416360,3.79999600,3.32024100,1.80610300,1.11135400,0.61208730,1.10146400,0.79963290,0.72017020,3.30952000,3.31135200,0.79941320,5.05850000,5.06117900,0.00000000, 2, 255, 7, 24,0xf0000,No,No,No,No,Yes,Yes,Yes,Yes
2026-04-13 11:09:06,0.0,2400,910,,910,960,44,,200,,,648,,57.1,0.8600,0.6000,0.6000,1.1000,0.00000000,0.05855580,0.13370240,0.00975930,0.00000000,0.20396940,0.33767180,1.41094000,0.00000000,0.00000000,0.00549450,0.01465200,3.79999600,3.31281700,1.81684800,1.11355200,0.61391880,1.10549400,0.80366220,0.86119580,3.31043600,3.31043600,0.79941320,5.07324000,5.06922000,0.00000000, 2, 255, 7, 24,0xf0000,No,No,No,No,Yes,Yes,Yes,Yes
2026-04-13 11:09:08,0.0,2400,910,,910,960,44,,200,,,648,,57.1,0.8600,0.6000,0.6000,1.1000,0.06441138,0.06733918,0.13467840,0.00683151,0.00000000,0.21568060,0.34059960,1.40201000,0.00000000,0.00000000,0.00543345,0.01428570,3.71926400,3.31096100,1.80610300,1.10805800,0.61208730,1.10549400,0.79963290,0.86065850,3.30952000,3.31501500,0.79912020,5.01160000,5.05314000,0.00000000, 2, 255, 7, 24,0xf0000,No,No,No,No,Yes,Yes,Yes,Yes
2026-04-13 11:09:10,0.2,1500,500,,500,500,44,,200,,,648,,56.0,0.7200,0.6000,0.6000,1.1000,0.04977243,0.06733918,0.12491900,0.00585558,0.00000000,0.20299340,0.33669580,0.90193000,0.00000000,0.00000000,0.00610500,0.01440780,3.71740800,3.31003300,1.79926600,1.10512700,0.61245360,1.10512700,0.80292960,0.72043880,3.30952000,3.31135200,0.79941320,5.04376000,5.04644000,0.00000000, 2, 255, 7, 24,0xf0000,No,No,No,No,Yes,Yes,Yes,Yes
2026-04-13 11:09:12,0.0,1500,500,,500,500,44,,200,,,648,,55.4,0.7200,0.6000,0.6000,1.1000,0.06538731,0.05953173,0.12687090,0.00683151,0.00000000,0.20592120,0.34157550,0.88407000,0.00000000,0.00000000,0.00647130,0.01465200,3.72483100,3.30168200,1.80024200,1.11355200,0.61208730,1.10549400,0.80183080,0.72070740,3.30952000,3.31226800,0.79970620,5.05984000,5.03706000,0.00000000, 2, 255, 7, 24,0xf0000,No,No,No,No,Yes,Yes,Yes,Yes
2026-04-13 11:09:15,5.0,2400,910,,910,960,44,,200,,,648,,56.5,0.8600,0.6000,0.6000,1.1000,0.00000000,0.06538731,0.13565430,0.01073523,0.00000000,0.20689720,0.34157550,1.39308000,0.00000000,0.00024420,0.00518925,0.01465200,3.79999600,3.31003300,1.80659200,1.11062200,0.61208730,1.10146400,0.80292960,0.86173300,3.31043600,3.31135200,0.79970620,5.08128000,5.07190000,0.00000000, 2, 255, 7, 24,0xf0000,No,No,No,No,Yes,Yes,Yes,Yes
2026-04-13 11:09:17,2.8,2400,910,,910,960,44,,200,,,648,,57.1,0.8600,0.6000,0.6000,1.1000,0.00000000,0.07026696,0.13663020,0.00292779,0.00000000,0.20689720,0.33962360,1.40201000,0.00000000,0.00000000,0.00525030,0.01416360,3.79999600,3.31745700,1.80659200,1.10695900,0.61318620,1.10549400,0.80256330,0.86092710,3.30952000,3.31318300,0.79912020,5.03036000,5.03974000,0.00000000, 2, 255, 7, 24,0xf0000,No,No,No,No,Yes,Yes,Yes,Yes
2026-04-13 11:09:19,0.0,2400,910,,910,960,43,,200,,,648,,57.6,0.8600,0.6000,0.6000,1.1000,0.00000000,0.06831510,0.13272650,0.00585558,0.00000000,0.20299340,0.34157550,1.41094000,0.00000000,0.00000000,0.00518925,0.01477410,3.79999600,3.30724900,1.80659200,1.10805800,0.61172100,1.10549400,0.80036550,0.86092710,3.30952000,3.31043600,0.79970620,5.06922000,5.07056000,0.00000000, 2, 255, 7, 24,0xf0000,No,No,No,No,Yes,Yes,Yes,Yes
2026-04-13 11:09:21,0.0,1500,500,,500,500,44,,200,,,648,,56.0,0.7913,0.6000,0.6000,1.1000,0.00000000,0.06050766,0.12979870,0.00292779,0.00000000,0.20494530,0.34255140,1.12518000,0.00000000,0.00012210,0.00482295,0.01440780,3.79999600,3.29518600,1.81733600,1.10586000,0.61281990,1.10366200,0.80292960,0.79618970,3.30768900,3.31318300,0.79999920,5.05984000,5.06386000,0.00000000, 2, 255, 7, 24,0xf0000,No,No,No,No,Yes,Yes,Yes,Yes
2026-04-13 11:09:23,0.0,1500,500,,500,500,44,,200,,,648,,55.4,0.7200,0.6000,0.6000,1.1000,0.00000000,0.06441138,0.12784680,0.00585558,0.00000000,0.20689720,0.33669580,0.88407000,0.00000000,0.00048840,0.00518925,0.01465200,3.79999600,3.31652900,1.80024200,1.10805800,0.61318620,1.10366200,0.79926660,0.72043880,3.30677300,3.31226800,0.79970620,5.06386000,5.05314000,0.00000000, 2, 255, 7, 24,0xf0000,No,No,No,No,Yes,Yes,Yes,Yes
2026-04-13 11:09:25,0.2,1500,500,,500,500,44,,200,,,648,,55.4,0.7200,0.6000,0.6000,1.1000,0.00000000,0.07124290,0.12784680,0.00585558,0.00000000,0.20396940,0.33669580,0.90193000,0.00000000,0.00048840,0.00518925,0.01452990,3.79999600,3.30260900,1.80024200,1.10695900,0.61281990,1.10549400,0.80366220,0.72070740,3.30952000,3.31226800,0.79970620,5.05046000,5.03438000,0.00000000, 2, 255, 7, 24,0xf0000,No,No,No,No,Yes,Yes,Yes,Yes
2026-04-13 11:09:27,0.0,2400,910,,910,960,44,,200,,,648,,57.1,0.8600,0.6000,0.6000,1.1000,0.00000000,0.06343545,0.13467840,0.00585558,0.00000000,0.20299340,0.33962360,1.41094000,0.00000000,0.00000000,0.00518925,0.01355310,3.79999600,3.30817700,1.80659200,1.10586000,0.61281990,1.10549400,0.79999920,0.86065850,3.30952000,3.31135200,0.79999920,5.07056000,5.05582000,0.00000000, 2, 255, 7, 24,0xf0000,No,No,No,No,Yes,Yes,Yes,Yes
2026-04-13 11:09:30,0.0,2400,910,,910,960,44,,200,,,648,,57.1,0.8600,0.6000,0.6000,1.1000,0.00000000,0.06929103,0.13272650,0.00390372,0.00000000,0.20592120,0.33962360,1.40201000,0.00000000,0.00024420,0.00543345,0.01416360,3.79999600,3.32024100,1.80659200,1.10695900,0.61208730,1.10805800,0.80292960,0.86173300,3.30952000,3.31135200,0.79941320,5.03840000,5.03036000,0.00000000, 2, 255, 7, 24,0xf0000,No,No,No,No,Yes,Yes,Yes,Yes
2026-04-13 11:09:32,0.0,1500,500,,500,500,44,,200,,,648,,56.5,0.7200,0.6000,0.6000,1.1000,0.00000000,0.06441138,0.12491900,0.00683151,0.00000000,0.20592120,0.34547920,0.88407000,0.00000000,0.00048840,0.00518925,0.01428570,3.79999600,3.30910500,1.80024200,1.11062200,0.61208730,1.10622600,0.79890030,0.72070740,3.31043600,3.31135200,0.79941320,5.05984000,5.05984000,0.00000000, 2, 255, 7, 24,0xf0000,No,No,No,No,Yes,Yes,Yes,Yes
2026-04-13 11:09:34,0.0,1500,500,,500,500,44,,200,,,648,,56.0,0.7200,0.6000,0.6000,1.1000,0.00000000,0.05953173,0.12491900,0.00683151,0.00000000,0.21568060,0.34157550,0.88407000,0.00000000,0.00000000,0.00598290,0.01465200,3.79999600,3.32580900,1.80024200,1.10732500,0.61208730,1.10586000,0.80402850,0.72070740,3.31043600,3.31318300,0.79941320,5.08932000,5.07190000,0.00000000, 2, 255, 7, 24,0xf0000,No,No,No,No,Yes,Yes,Yes,Yes
2026-04-13 11:09:36,1.5,1500,500,,500,500,44,,200,,,648,,56.0,0.7200,0.6000,0.6000,1.1000,0.00000000,0.06441138,0.12784680,0.00878337,0.00000000,0.20299340,0.33962360,0.89299990,0.00000000,0.00048840,0.00525030,0.01416360,3.79999600,3.32766400,1.80024200,1.10695900,0.60659280,1.10549400,0.80256330,0.72070740,3.31135200,3.31318300,0.79912020,5.10272000,5.10004000,0.00000000, 2, 255, 7, 24,0xf0000,No,No,No,No,Yes,Yes,Yes,Yes
2026-04-13 11:09:38,1.0,1500,500,,500,500,44,,200,,,648,,57.6,0.7200,0.6000,0.6000,1.1000,0.00000000,0.07319475,0.12687090,0.00585558,0.00000000,0.20299340,0.33962360,0.90193000,0.00000000,0.00000000,0.00518925,0.01440780,3.79999600,3.32580900,1.80610300,1.11355200,0.61355250,1.10805800,0.80329590,0.72017020,3.30860500,3.31226800,0.79970620,5.04242000,5.04912000,0.00000000, 2, 255, 7, 24,0xf0000,No,No,No,No,Yes,Yes,Yes,Yes
2026-04-13 11:09:40,0.0,1500,500,,500,500,44,,200,,,648,,56.5,0.7200,0.6000,0.6000,1.1000,0.00000000,0.05855580,0.12687090,0.00487965,0.00000000,0.20494530,0.33864770,0.89299990,0.00000000,0.00048840,0.00506715,0.01428570,3.79999600,3.32116900,1.80024200,1.11208700,0.61281990,1.10146400,0.80109810,0.72043880,3.30860500,3.31226800,0.80058540,5.05850000,5.01696000,0.00000000, 2, 255, 7, 24,0xf0000,No,No,No,No,Yes,Yes,Yes,Yes
2026-04-13 11:09:42,0.0,1500,500,,500,500,44,,200,,,648,,56.0,0.7200,0.6000,0.6000,1.1000,0.00000000,0.06050766,0.12687090,0.00780744,0.00000000,0.20592120,0.33864770,0.87514000,0.00000000,0.00000000,0.00518925,0.01465200,3.79999600,3.30817700,1.80024200,1.10732500,0.61318620,1.10659200,0.80329590,0.72043880,3.30952000,3.31226800,0.79970620,5.09066000,5.09602000,0.00000000, 2, 255, 7, 24,0xf0000,No,No,No,No,Yes,Yes,Yes,Yes
2026-04-13 11:09:45,0.0,1500,500,,500,500,44,,200,,,648,,56.0,0.7200,0.6000,0.6000,1.1000,0.00000000,0.06148359,0.12491900,0.00292779,0.00000000,0.20494530,0.33864770,0.88407000,0.00000000,0.00048840,0.00518925,0.01428570,3.79999600,3.30910500,1.80024200,1.10805800,0.61281990,1.10659200,0.79963290,0.72017020,3.30860500,3.31226800,0.79970620,5.05046000,5.07592000,0.00000000, 2, 255, 7, 24,0xf0000,No,No,No,No,Yes,Yes,Yes,Yes
2026-04-13 11:09:47,6.0,2400,910,,910,960,44,,200,,,648,,57.1,0.8600,0.6000,0.6000,1.1000,0.00000000,0.06148359,0.13370240,0.00390372,0.00000000,0.21665650,0.34059960,1.40201000,0.00000000,0.00000000,0.00616605,0.01428570,3.79999600,3.31931300,1.82124300,1.11355200,0.61355250,1.10586000,0.80256330,0.86119580,3.31043600,3.31043600,0.80058540,5.03170000,5.02902000,0.00000000, 2, 255, 7, 24,0xf0000,No,No,No,No,Yes,Yes,Yes,Yes
2026-04-13 11:09:49,1.7,2400,910,,910,960,44,,200,,,648,,57.1,0.8600,0.6000,0.6000,1.1000,0.00000000,0.05855580,0.13077460,0.00487965,0.00000000,0.22641580,0.33962360,1.41094000,0.00000000,0.00000000,0.00549450,0.01416360,3.79999600,3.31003300,1.80610300,1.11208700,0.61318620,1.10659200,0.80256330,0.86065850,3.30952000,3.31135200,0.79941320,5.07056000,5.07190000,0.00000000, 2, 255, 7, 24,0xf0000,No,No,No,No,Yes,Yes,Yes,Yes
2026-04-13 11:09:51,0.0,2400,910,,910,960,43,,200,,,648,,57.6,0.8600,0.6000,0.6000,1.1000,0.00000000,0.06148359,0.12784680,0.01073523,0.00000000,0.20592120,0.33962360,0.90193000,0.00000000,0.00000000,0.00512820,0.01428570,3.79999600,3.31281700,1.80659200,1.10732500,0.61355250,1.10146400,0.80146440,0.72097620,3.31043600,3.31318300,0.80058540,5.05984000,5.07190000,0.00000000, 2, 255, 7, 24,0xf0000,No,No,No,No,Yes,Yes,Yes,Yes
2026-04-13 11:09:53,0.0,1500,500,,500,500,44,,200,,,648,,56.5,0.7200,0.6000,0.6000,1.1000,0.00000000,0.06929103,0.12687090,0.00585558,0.00000000,0.20689720,0.34352740,0.88407000,0.00000000,0.00048840,0.00598290,0.01404150,3.79999600,3.31188900,1.80024200,1.10695900,0.61208730,1.10586000,0.80219700,0.72097620,3.31043600,3.31226800,0.79999920,5.05850000,5.05314000,0.00000000, 2, 255, 7, 24,0xf0000,No,No,No,No,Yes,Yes,Yes,Yes
2026-04-13 11:09:55,0.0,1500,500,,500,500,44,,200,,,648,,56.0,0.7200,0.6000,0.6000,1.1000,0.00000000,0.06245952,0.12687090,0.00585558,0.00000000,0.20592120,0.34059960,0.88407000,0.00000000,0.00000000,0.00457875,0.01428570,3.79999600,3.30260900,1.80024200,1.11208700,0.61245360,1.10549400,0.80036550,0.72043880,3.31043600,3.31043600,0.79999920,5.09066000,5.09066000,0.00000000, 2, 255, 7, 24,0xf0000,No,No,No,No,Yes,Yes,Yes,Yes
2026-04-13 11:09:57,0.0,1500,500,,500,500,44,,200,,,648,,56.0,0.7200,0.6000,0.6000,1.1000,0.00000000,0.06245952,0.12687090,0.00878337,0.00000000,0.20396940,0.33962360,0.86621010,0.00000000,0.00000000,0.00500610,0.01452990,3.79999600,3.32580900,1.80610300,1.10695900,0.61355250,1.10146400,0.80256330,0.72043880,3.30952000,3.31135200,0.80058540,5.04778000,5.07190000,0.00000000, 2, 255, 7, 24,0xf0000,No,No,No,No,Yes,Yes,Yes,Yes
2026-04-13 11:10:00,0.0,1500,500,,500,500,44,,200,,,648,,56.0,0.7200,0.6000,0.6000,1.1000,0.00000000,0.06831510,0.12784680,0.00390372,0.00000000,0.20494530,0.34645520,0.89299990,0.00000000,0.00000000,0.00531135,0.01428570,3.79999600,3.32209700,1.80024200,1.10952300,0.61208730,1.10549400,0.79963290,0.72043880,3.30952000,3.31043600,0.79999920,5.05984000,5.05984000,0.00000000, 2, 255, 7, 24,0xf0000,No,No,No,No,Yes,Yes,Yes,Yes
2026-04-13 11:10:02,6.0,2400,910,,910,960,44,,200,,,648,,56.0,0.8600,0.6000,0.6000,1.1000,0.00000000,0.06733918,0.13175060,0.00780744,0.00000000,0.20494530,0.33669580,1.40201000,0.00000000,0.00000000,0.00500610,0.01404150,3.79999600,3.31281700,1.80610300,1.11208700,0.61428510,1.10622600,0.80329590,0.86119580,3.30860500,3.31501500,0.80058540,5.07056000,5.07056000,0.00000000, 2, 255, 7, 24,0xf0000,No,No,No,No,Yes,Yes,Yes,Yes
2026-04-13 11:10:04,0.0,2400,910,,910,960,44,,200,,,648,,57.1,0.8600,0.6000,0.6000,1.1000,0.00000000,0.06733918,0.13175060,0.00195186,0.00000000,0.20494530,0.34059960,1.41094000,0.00000000,0.00000000,0.00543345,0.01440780,3.79999600,3.31467300,1.80659200,1.11025500,0.61281990,1.10549400,0.80292960,0.86119580,3.30952000,3.31043600,0.79941320,5.03572000,5.03706000,0.00000000, 2, 255, 7, 24,0xf0000,No,No,No,No,Yes,Yes,Yes,Yes
2026-04-13 11:10:06,0.0,2400,910,,910,960,43,,200,,,648,,57.6,0.8600,0.6000,0.6000,1.1000,0.00000000,0.06538731,0.13272650,0.00487965,0.00000000,0.20299340,0.33571990,1.41094000,0.00000000,0.00000000,0.00518925,0.01416360,3.79999600,3.30910500,1.80024200,1.10439400,0.61245360,1.10549400,0.80439480,0.86038990,3.31043600,3.31135200,0.79941320,5.03572000,5.02366000,0.00000000, 2, 255, 7, 24,0xf0000,No,No,No,No,Yes,Yes,Yes,Yes
2026-04-13 11:10:08,0.0,2400,910,,910,960,44,,200,,,648,,57.1,0.8600,0.6000,0.6000,1.1000,0.00000000,0.06148359,0.13272650,0.00683151,0.00000000,0.20299340,0.35816630,1.41094000,0.00000000,0.00006105,0.00451770,0.01428570,3.79999600,3.30817700,1.81684800,1.10732500,0.61281990,1.10549400,0.80256330,0.86092710,3.31043600,3.31226800,0.79999920,5.07458000,5.06788000,0.00000000, 2, 255, 7, 24,0xf0000,No,No,No,No,Yes,Yes,Yes,Yes
2026-04-13 11:10:10,0.0,2400,910,,910,960,44,,200,,,648,,58.7,0.8600,0.6000,0.6000,1.1000,0.00000000,0.06441138,0.13565430,0.00780744,0.00000000,0.20592120,0.33962360,1.40201000,0.00000000,0.00024420,0.00518925,0.01428570,3.79999600,3.31374500,1.80659200,1.10732500,0.61245360,1.10219700,0.80292960,0.86065850,3.30952000,3.31318300,0.79941320,5.01696000,4.99686000,0.00000000, 2, 255, 7, 24,0xf0000,No,No,No,No,Yes,Yes,Yes,Yes
2026-04-13 11:10:12,0.0,1500,500,,500,500,44,,200,,,648,,56.5,0.7200,0.6000,0.6000,1.1000,0.00000000,0.06148359,0.12589500,0.00878337,0.00000000,0.20494530,0.33669580,0.89299990,0.00000000,0.00006105,0.00451770,0.01391940,3.79999600,3.30910500,1.79535800,1.10439400,0.61208730,1.10549400,0.79963290,0.72097620,3.30952000,3.31135200,0.79912020,5.04912000,5.02499900,0.00000000, 2, 255, 7, 24,0xf0000,No,No,No,No,Yes,Yes,Yes,Yes
2026-04-13 11:10:14,0.0,1500,500,,500,500,44,,200,,,648,,57.1,0.7200,0.6000,0.6000,1.1000,0.00000000,0.06441138,0.12784680,0.00585558,0.00000000,0.21665650,0.33962360,0.90193000,0.00000000,0.00000000,0.00549450,0.01404150,3.79999600,3.31003300,1.80024200,1.11355200,0.61208730,1.10805800,0.80146440,0.72043880,3.31043600,3.31135200,0.79941320,5.10272000,5.09602000,0.00000000, 2, 255, 7, 24,0xf0000,No,No,No,No,Yes,Yes,Yes,Yes
2026-04-13 11:10:17,0.0,1500,500,,500,500,44,,200,,,648,,55.4,0.7200,0.6000,0.6000,1.1000,0.00000000,0.05855580,0.12882280,0.00780744,0.00000000,0.20787310,0.34157550,0.88407000,0.00000000,0.00000000,0.00537240,0.01416360,3.79999600,3.30910500,1.80024200,1.10439400,0.60659280,1.10842400,0.80183080,0.72097620,3.30860500,3.31226800,0.79970620,5.06386000,5.05314000,0.00000000, 2, 255, 7, 24,0xf0000,No,No,No,No,Yes,Yes,Yes,Yes
2026-04-13 11:10:19,5.3,2400,910,,910,960,44,,200,,,648,,56.5,0.8600,0.6000,0.6000,1.1000,0.00000000,0.05953173,0.13077460,0.00292779,0.00000000,0.20396940,0.34255140,1.41094000,0.00000000,0.00006105,0.00512820,0.01404150,3.79999600,3.31003300,1.80317300,1.10695900,0.61281990,1.10549400,0.80292960,0.86065850,3.30860500,3.31135200,0.79970620,5.02902000,5.03036000,0.00000000, 2, 255, 7, 24,0xf0000,No,No,No,No,Yes,Yes,Yes,Yes
2026-04-13 11:10:21,2.3,2400,910,,910,960,43,,200,,,648,,57.1,0.8600,0.6000,0.6000,1.1000,0.00000000,0.05757987,0.13565430,0.00585558,0.00000000,0.20494530,0.33864770,1.41094000,0.00000000,0.00000000,0.00549450,0.01465200,3.79999600,3.32580900,1.80659200,1.11208700,0.61281990,1.10769100,0.80292960,0.86119580,3.30952000,3.31226800,0.79882700,5.07592000,5.06788000,0.00000000, 2, 255, 7, 24,0xf0000,No,No,No,No,Yes,Yes,Yes,Yes
2026-04-13 11:10:23,0.0,2400,910,,910,960,44,,200,,,648,,57.1,0.8600,0.6000,0.6000,1.1000,0.00000000,0.06148359,0.13467840,0.00780744,0.00000000,0.20494530,0.33767180,1.41094000,0.00000000,0.00024420,0.00457875,0.01428570,3.79999600,3.31281700,1.80659200,1.10988900,0.61318620,1.10659200,0.79999920,0.86119580,3.31135200,3.31409900,0.79999920,5.02499900,5.05448000,0.00000000, 2, 255, 7, 24,0xf0000,No,No,No,No,Yes,Yes,Yes,Yes
2026-04-13 11:10:25,0.0,1500,500,,500,500,44,,200,,,648,,56.5,0.7200,0.6000,0.6000,1.1000,0.00000000,0.05953173,0.12784680,0.00487965,0.00000000,0.20592120,0.34255140,0.89299990,0.00000000,0.00000000,0.00647130,0.01440780,3.79999600,3.32395300,1.80024200,1.10805800,0.61245360,1.10769100,0.80256330,0.72017020,3.30952000,3.31226800,0.79941320,5.03840000,5.07056000,0.00000000, 2, 255, 7, 24,0xf0000,No,No,No,No,Yes,Yes,Yes,Yes
2026-04-13 11:10:27,2.5,2400,910,,910,960,44,,200,,,648,,56.5,0.8600,0.6000,0.6000,1.1000,0.00000000,0.05953173,0.13272650,0.00780744,0.00000000,0.22739170,0.34157550,1.41094000,0.00000000,0.00000000,0.00598290,0.01428570,3.79999600,3.30724900,1.81684800,1.11208700,0.61098840,1.10366200,0.80183080,0.86092710,3.31135200,3.31318300,0.79912020,5.04778000,5.04376000,0.00000000, 2, 255, 7, 24,0xf0000,No,No,No,No,Yes,Yes,Yes,Yes
2026-04-13 11:10:29,0.0,2400,910,,910,960,43,,200,,,648,,57.1,0.8600,0.6000,0.6000,1.1000,0.00000000,0.06148359,0.13272650,0.00683151,0.00000000,0.20396940,0.34059960,1.41094000,0.00000000,0.00048840,0.00598290,0.01465200,3.79999600,3.32766400,1.80024200,1.10439400,0.61172100,1.10549400,0.80146440,0.86119580,3.31043600,3.31135200,0.79999920,5.03572000,5.03572000,0.00000000, 2, 255, 7, 24,0xf0000,No,No,No,No,Yes,Yes,Yes,Yes
2026-04-13 11:10:31,0.0,2400,910,,910,960,44,,200,,,648,,57.6,0.8600,0.6000,0.6000,1.1000,0.00000000,0.06733918,0.13272650,0.00683151,0.00000000,0.20299340,0.33864770,1.41987000,0.00000000,0.00000000,0.00482295,0.01465200,3.79999600,3.31652900,1.80659200,1.11282000,0.61208730,1.10549400,0.80146440,0.86092710,3.30952000,3.31226800,0.79970620,5.04778000,5.03572000,0.00000000, 2, 255, 7, 24,0xf0000,No,No,No,No,Yes,Yes,Yes,Yes
