timestamp,cpu_percent,arm_mhz,core_mhz,h264_mhz,isp_mhz,v3d_mhz,uart_mhz,pwm_mhz,emmc_mhz,pixel_mhz,vec_mhz,hdmi_mhz,dpi_mhz,arm_temp,core_volt,sdram_c_volt,sdram_i_volt,sdram_p_volt,3V7_WL_SW_A,3V3_SYS_A,1V8_SYS_A,DDR_VDD2_A,DDR_VDDQ_A,1V1_SYS_A,0V8_SW_A,VDD_CORE_A,3V3_DAC_A,3V3_ADC_A,0V8_AON_A,HDMI_A,3V7_WL_SW_V,3V3_SYS_V,1V8_SYS_V,DDR_VDD2_V,DDR_VDDQ_V,1V1_SYS_V,0V8_SW_V,VDD_CORE_V,3V3_DAC_V,3V3_ADC_V,0V8_AON_V,HDMI_V,EXT5V_V,BATT_V,readmr_4,readmr_5,readmr_6,readmr_8,throttle_hex,UV,ArmFreqCap,CurThrottle,SoftTempLimit,UV_occured,ArmFreqCap_occured,Throttle_occured,SoftTempLimit_occured
2026-04-13 20:05:42,0.3,1500,500,,500,500,44,,200,,,648,,62.0,0.7200,0.6000,0.6000,1.1000,0.00000000,0.08783370,0.12589500,0.00780744,0.00000000,0.36597380,0.33962360,0.97336990,0.00006105,0.00042735,0.00543345,0.01159950,3.64317100,3.31838500,1.81684800,1.11355200,0.60036570,1.10329600,0.79963290,0.71963300,3.30219400,3.30311000,0.79765500,5.03304000,5.05984000,0.00427350, 2, 255, 7, 24,0x50000,No,No,No,No,No,Yes,No,Yes
2026-04-13 20:05:44,0.3,1500,500,,500,500,44,,200,,,648,,60.4,0.7200,0.6000,0.6000,1.1000,0.00000000,0.08295405,0.12199130,0.00878337,0.00000000,0.36694970,0.48796500,0.94657990,0.00018315,0.00042735,0.00592185,0.01123320,3.63018000,3.31003300,1.78998600,1.10659200,0.60036570,1.09816700,0.79999920,0.71990160,3.30219400,3.30311000,0.79794790,5.02499900,5.02634000,0.00427350, 2, 255, 7, 24,0x50000,No,No,No,No,No,Yes,No,Yes
2026-04-13 20:05:47,7.3,2400,910,,910,960,44,,200,,,648,,63.1,0.8679,0.6000,0.6000,1.1000,0.00000000,0.09661707,0.12979870,0.00585558,0.00000000,0.36694970,0.45087970,1.53596000,0.00006105,0.00042735,0.00598290,0.01172160,3.62461200,3.31281700,1.79096300,1.10292900,0.60109830,1.09926600,0.79999920,0.86925430,3.30036300,3.30402600,0.79677580,4.99954000,4.97408000,0.00427350, 2, 255, 7, 24,0x50000,No,No,No,No,No,Yes,No,Yes
2026-04-13 20:05:49,0.2,2400,910,,910,960,44,,200,,,648,,61.5,0.8679,0.6000,0.6000,1.1000,0.00000000,0.09466522,0.12882280,0.00195186,0.00000000,0.36792560,0.44892780,1.52703000,0.00018315,0.00042735,0.00543345,0.01135530,3.62554000,3.30910500,1.78852100,1.10695900,0.60109830,1.09853400,0.79816780,0.86952300,3.29944700,3.30402600,0.79677580,5.00624000,4.99284000,0.00427350, 2, 255, 7, 24,0x50000,No,No,No,No,No,Yes,No,Yes
2026-04-13 20:05:51,0.2,1500,500,,500,500,44,,200,,,648,,62.0,0.7200,0.6000,0.6000,1.1000,0.00000000,0.06538731,0.12687090,0.00975930,0.00000000,0.21275270,0.34352740,0.99122990,0.00006105,0.00042735,0.00537240,0.01172160,3.63760300,3.30910500,1.81733600,1.10769100,0.60109830,1.10329600,0.79926660,0.71990160,3.30219400,3.30311000,0.79765500,5.00088000,4.99418000,0.00427350, 2, 255, 7, 24,0x50000,No,No,No,No,No,Yes,No,Yes
2026-04-13 20:05:53,7.5,1500,500,,500,500,44,,200,,,648,,62.6,0.7200,0.6000,0.6000,1.1000,0.00000000,0.08978556,0.12296720,0.00195186,0.00000000,0.36890160,0.35523850,0.98229990,0.00030525,0.00042735,0.00610500,0.01172160,3.63667500,3.31838500,1.78803200,1.11391800,0.60146460,1.10329600,0.79963290,0.71963300,3.30219400,3.30494200,0.79765500,5.01696000,5.05448000,0.00341880, 2, 255, 7, 24,0x50000,No,No,No,No,No,Yes,No,Yes
2026-04-13 20:05:55,1.3,1500,500,,500,500,44,,200,,,648,,60.9,0.7200,0.6000,0.6000,1.1000,0.00000000,0.06148359,0.12491900,0.00390372,0.00000000,0.28106780,0.48503720,0.96444000,0.00018315,0.00042735,0.00470085,0.01123320,3.64317100,3.31560100,1.81733600,1.12527400,0.60109830,1.10036500,0.79926660,0.71963300,3.29853100,3.30219400,0.79824100,5.02232000,5.00758000,0.00427350, 2, 255, 7, 24,0x50000,No,No,No,No,No,Yes,No,Yes
2026-04-13 20:05:57,0.0,1500,500,,500,500,44,,200,,,648,,61.5,0.7200,0.6000,0.6000,1.1000,0.00000000,0.06148359,0.12296720,0.00683151,0.00000000,0.22641580,0.48894090,0.98229990,0.00006105,0.00018315,0.00561660,0.01147740,3.65152200,3.31003300,1.81684800,1.10805800,0.59999940,1.09926600,0.79816780,0.71990160,3.29944700,3.30127900,0.79794790,5.00356000,5.00088000,0.00341880, 2, 255, 7, 24,0x50000,No,No,No,No,No,Yes,No,Yes
2026-04-13 20:05:59,0.0,2400,910,,910,960,44,,200,,,648,,63.1,0.8679,0.6000,0.6000,1.1000,0.00000000,0.08490592,0.13175060,0.00683151,0.00000000,0.36304600,0.33669580,1.52703000,0.00012210,0.00067155,0.00518925,0.01135530,3.62182800,3.31560100,1.78852100,1.11355200,0.59999940,1.09853400,0.79963290,0.86952300,3.30311000,3.30311000,0.79824100,5.00758000,5.00088000,0.00427350, 2, 255, 7, 24,0x50000,No,No,No,No,No,Yes,No,Yes
2026-04-13 20:06:02,0.2,2400,910,,910,960,44,,200,,,648,,62.6,0.8679,0.6000,0.6000,1.1000,0.00000000,0.09271335,0.12979870,0.00195186,0.00000000,0.36694970,0.47918160,1.53596000,0.00012210,0.00042735,0.00506715,0.01172160,3.62182800,3.31560100,1.81684800,1.10879000,0.60073200,1.10036500,0.79926660,0.86925430,3.30036300,3.30219400,0.79765500,5.00624000,4.95398000,0.00427350, 2, 255, 7, 24,0x50000,No,No,No,No,No,Yes,No,Yes
2026-04-13 20:06:04,1.7,1500,500,,500,500,44,,200,,,648,,62.6,0.7200,0.6000,0.6000,1.1000,0.00000000,0.09759300,0.15517290,0.00878337,0.00000000,0.21177680,0.35719040,0.95551000,0.00018315,0.00042735,0.00525030,0.01196580,3.64317100,3.29333000,1.81684800,1.10769100,0.60805800,1.09999900,0.79926660,0.71963300,3.30219400,3.30219400,0.79765500,5.01562000,5.01562000,0.00427350, 2, 255, 7, 24,0x50000,No,No,No,No,No,Yes,No,Yes
2026-04-13 20:06:06,0.0,2400,910,,910,960,44,,200,,,648,,64.2,0.8679,0.6000,0.6000,1.1000,0.00000000,0.06148359,0.13077460,0.00195186,0.00000000,0.21860830,0.49089280,1.53596000,0.00030525,0.00054945,0.00598290,0.01159950,3.63110700,3.30817700,1.79926600,1.11062200,0.60146460,1.10402800,0.79816780,0.86979160,3.30127900,3.30219400,0.79794790,4.96202000,5.00490000,0.00427350, 2, 255, 7, 24,0x50000,No,No,No,No,No,Yes,No,Yes
2026-04-13 20:06:08,0.5,2400,910,,910,960,44,,200,,,648,,62.6,0.8679,0.6000,0.6000,1.1000,0.00000000,0.08588185,0.13272650,0.00487965,0.00000000,0.28009190,0.33474400,1.56275000,0.00006105,0.00042735,0.00586080,0.01172160,3.62275600,3.31281700,1.79926600,1.11062200,0.61025580,1.10219700,0.79963290,0.86952300,3.29944700,3.30402600,0.79677580,5.02634000,4.99552000,0.00427350, 2, 255, 7, 24,0x50000,No,No,No,No,No,Yes,No,Yes
2026-04-13 20:06:10,2.0,2400,910,,910,960,44,,200,,,648,,62.6,0.8679,0.6000,0.6000,1.1000,0.00000000,0.08197812,0.12784680,0.00487965,0.00000000,0.36694970,0.48503720,1.53596000,0.00018315,0.00036630,0.00586080,0.01135530,3.61997200,3.31188900,1.79926600,1.11062200,0.60695910,1.09999900,0.79743510,0.86979160,3.30219400,3.30219400,0.79677580,4.99418000,4.96470000,0.00427350, 2, 255, 7, 24,0x50000,No,No,No,No,No,Yes,No,Yes
2026-04-13 20:06:12,1.2,2400,910,,910,960,44,,200,,,648,,63.1,0.8679,0.6000,0.6000,1.1000,0.00000000,0.06245952,0.12979870,0.00585558,0.00000000,0.21275270,0.38842010,1.54489000,0.00012210,0.00048840,0.00567765,0.01184370,3.62739600,3.30910500,1.79926600,1.10695900,0.60732540,1.10329600,0.79926660,0.86979160,3.30036300,3.30585700,0.79765500,4.99016000,5.00624000,0.00427350, 2, 255, 7, 24,0x50000,No,No,No,No,No,Yes,No,Yes
2026-04-13 20:06:14,0.0,2400,910,,910,960,44,,200,,,648,,63.7,0.8679,0.6000,0.6000,1.1000,0.00000000,0.08685777,0.12882280,0.00585558,0.00000000,0.36987750,0.44795190,1.54489000,0.00018315,0.00042735,0.00586080,0.01172160,3.60326800,3.31281700,1.78852100,1.10915600,0.59963310,1.09999900,0.79816780,0.86979160,3.29944700,3.30311000,0.79794790,5.01160000,4.98480000,0.00427350, 2, 255, 7, 24,0x50000,No,No,No,No,No,Yes,No,Yes
2026-04-13 20:06:16,6.0,2400,910,,910,960,44,,200,,,648,,63.7,0.8679,0.6000,0.6000,1.1000,0.00000000,0.08978556,0.12784680,0.00975930,0.00000000,0.36109410,0.33962360,1.55382000,0.00006105,0.00054945,0.00586080,0.01196580,3.63018000,3.30168200,1.78852100,1.10769100,0.60622650,1.10183000,0.79963290,0.86925430,3.30219400,3.30311000,0.79794790,4.99284000,4.96470000,0.00427350, 2, 255, 7, 24,0x50000,No,No,No,No,No,Yes,No,Yes
2026-04-13 20:06:19,0.3,2400,910,,910,960,43,,200,,,648,,63.1,0.8679,0.6000,0.6000,1.1000,0.00000000,0.06148359,0.13077460,0.01073523,0.00000000,0.21372870,0.34938290,1.56275000,0.00012210,0.00073260,0.00531135,0.01196580,3.62646800,3.30910500,1.80024200,1.10732500,0.60476130,1.10329600,0.80183080,0.86898570,3.30127900,3.30311000,0.79736190,4.99418000,5.03304000,0.00427350, 2, 255, 7, 24,0x50000,No,No,No,No,No,Yes,No,Yes
2026-04-13 20:06:21,0.0,1500,500,,500,500,44,,200,,,648,,63.7,0.7200,0.6000,0.6000,1.1000,0.00000000,0.06441138,0.12491900,0.00487965,0.00000000,0.24983810,0.49089280,1.00016000,0.00018315,0.00018315,0.00543345,0.01159950,3.63667500,3.31188900,1.81684800,1.10805800,0.60036570,1.10036500,0.79816780,0.72017020,3.30036300,3.30219400,0.79736190,4.99552000,5.01160000,0.00427350, 2, 255, 7, 24,0x50000,No,No,No,No,No,Yes,No,Yes
2026-04-13 20:06:23,0.3,1500,500,,500,500,44,,200,,,648,,62.6,0.7200,0.6000,0.6000,1.1000,0.00000000,0.09271335,0.12296720,0.00585558,0.00000000,0.37085340,0.44795190,0.97336990,0.00018315,0.00042735,0.00506715,0.01147740,3.64595500,3.31281700,1.81684800,1.11062200,0.60109830,1.10183000,0.80219700,0.71990160,3.30219400,3.30311000,0.79794790,5.05448000,5.01830000,0.00427350, 2, 255, 7, 24,0x50000,No,No,No,No,No,Yes,No,Yes
2026-04-13 20:06:25,0.3,1500,500,,500,500,44,,200,,,648,,63.1,0.7200,0.6000,0.6000,1.1000,0.00000000,0.08490592,0.12589500,0.00585558,0.00000000,0.34255140,0.34157550,0.99122990,0.00006105,0.00042735,0.00537240,0.01159950,3.64131500,3.31003300,1.81733600,1.10476100,0.60146460,1.10402800,0.80146440,0.71990160,3.29944700,3.30311000,0.79765500,5.01562000,5.03572000,0.00427350, 2, 255, 7, 24,0x50000,No,No,No,No,No,Yes,No,Yes
2026-04-13 20:06:27,2.0,2400,910,,910,960,44,,200,,,648,,62.0,0.8679,0.6000,0.6000,1.1000,0.00000000,0.13955800,0.13370240,0.11613570,0.00000000,0.36597380,0.33279210,1.54489000,0.00024420,0.00042735,0.00549450,0.01159950,3.58563700,3.29889800,1.79828900,1.10146400,0.60109830,1.09963300,0.79963290,0.87032880,3.29761600,3.30311000,0.79677580,4.86688000,4.86688000,0.00427350, 2, 255, 7, 24,0x50000,No,No,No,No,No,Yes,No,Yes
2026-04-13 20:06:29,0.7,2400,910,,910,960,44,,200,,,648,,64.8,0.8679,0.6000,0.6000,1.1000,0.00000000,0.06831510,0.12979870,0.00683151,0.00000000,0.36694970,0.48894090,1.54489000,0.00006105,0.00048840,0.00537240,0.01111110,3.62182800,3.31281700,1.79926600,1.10439400,0.60036570,1.09853400,0.79816780,0.87006020,3.29761600,3.30219400,0.79765500,4.97810000,4.97274000,0.00427350, 2, 255, 7, 24,0x50000,No,No,No,No,No,Yes,No,Yes
2026-04-13 20:06:31,0.2,2400,910,,910,960,44,,200,,,648,,64.2,0.8679,0.6000,0.6000,1.1000,0.00000000,0.08880963,0.12979870,0.00780744,0.00000000,0.36694970,0.33474400,1.54489000,0.00024420,0.00042735,0.00555555,0.01123320,3.61904400,3.31281700,1.80659200,1.10769100,0.60109830,1.09853400,0.80109810,0.86925430,3.30402600,3.30127900,0.79706880,4.99954000,4.99954000,0.00427350, 2, 255, 7, 24,0x50000,No,No,No,No,No,Yes,No,Yes
2026-04-13 20:06:34,1.8,2400,910,,910,960,44,,200,,,648,,64.2,0.8679,0.6000,0.6000,1.1000,0.00000000,0.09076149,0.12882280,0.00585558,0.00000000,0.36499780,0.33474400,1.55382000,0.00018315,0.00061050,0.00525030,0.01135530,3.61811600,3.30910500,1.79926600,1.10146400,0.59999940,1.09890000,0.80292960,0.86925430,3.29761600,3.30311000,0.79794790,5.02634000,4.99820000,0.00427350, 2, 255, 7, 24,0x50000,No,No,No,No,No,Yes,No,Yes
2026-04-13 20:06:36,0.0,2400,910,,910,960,44,,200,,,648,,63.7,0.8679,0.6000,0.6000,1.1000,0.00000000,0.08880963,0.13077460,0.00683151,0.00000000,0.36694970,0.33571990,1.53596000,0.00006105,0.00018315,0.00610500,0.01111110,3.62182800,3.31560100,1.81733600,1.10769100,0.60036570,1.09853400,0.79963290,0.86898570,3.30036300,3.30585700,0.79765500,5.02499900,4.98480000,0.00427350, 2, 255, 7, 24,0x50000,No,No,No,No,No,Yes,No,Yes
2026-04-13 20:06:38,0.0,1500,500,,500,500,44,,200,,,648,,63.7,0.7200,0.6000,0.6000,1.1000,0.00000000,0.09076149,0.12101530,0.00780744,0.00000000,0.36694970,0.35621450,0.98229990,0.00006105,0.00042735,0.00567765,0.01123320,3.62832400,3.31003300,1.81684800,1.10586000,0.60183090,1.10256300,0.80073180,0.71990160,3.30036300,3.30494200,0.79765500,5.04778000,5.03840000,0.00427350, 2, 255, 7, 24,0x50000,No,No,No,No,No,Yes,No,Yes
2026-04-13 20:06:40,0.0,2400,910,,910,960,44,,200,,,648,,64.8,0.8679,0.6000,0.6000,1.1000,0.00000000,0.08392998,0.12979870,0.00487965,0.00000000,0.34352740,0.49089280,1.54489000,0.00018315,0.00036630,0.00586080,0.01086690,3.63481900,3.30910500,1.80024200,1.10915600,0.60183090,1.09816700,0.79853400,0.86952300,3.30036300,3.30402600,0.79794790,5.00088000,4.99686000,0.00427350, 2, 255, 7, 24,0x50000,No,No,No,No,No,Yes,No,Yes
2026-04-13 20:06:42,0.2,2400,910,,910,960,44,,200,,,648,,65.3,0.8679,0.6000,0.6000,1.1000,0.00000000,0.08588185,0.12784680,0.00585558,0.00000000,0.36890160,0.38549240,1.56275000,0.00012210,0.00073260,0.00531135,0.01135530,3.63110700,3.31467300,1.79926600,1.10146400,0.60109830,1.09853400,0.79963290,0.86979160,3.30036300,3.30402600,0.79824100,4.98078000,4.99686000,0.00341880, 2, 255, 7, 24,0x50000,No,No,No,No,No,Yes,No,Yes
2026-04-13 20:06:44,2.5,1900,682,,682,704,44,,200,,,648,,63.1,0.8679,0.6000,0.6000,1.1000,0.00000000,0.09076149,0.12589500,0.00487965,0.00000000,0.37670900,0.33962360,1.53596000,0.00006105,0.00018315,0.00476190,0.01159950,3.61811600,3.30724900,1.78754400,1.11208700,0.59999940,1.10036500,0.80146440,0.86898570,3.29853100,3.30311000,0.79794790,4.91914000,4.99284000,0.00427350, 2, 255, 7, 24,0x50000,No,No,No,No,No,Yes,No,Yes
2026-04-13 20:06:46,0.3,2400,910,,910,960,44,,200,,,648,,64.2,0.8679,0.6000,0.6000,1.1000,0.00000000,0.06343545,0.12979870,0.00683151,0.00000000,0.24983810,0.48796500,1.54489000,0.00006105,0.00042735,0.00561660,0.01159950,3.63296300,3.30910500,1.79926600,1.10439400,0.59999940,1.10073200,0.79816780,0.87006020,3.30036300,3.30311000,0.79677580,4.98346000,5.01026000,0.00427350, 2, 255, 7, 24,0x50000,No,No,No,No,No,Yes,No,Yes
2026-04-13 20:06:48,0.2,2400,910,,910,960,44,,200,,,648,,64.8,0.8679,0.6000,0.6000,1.1000,0.00000000,0.06148359,0.13077460,0.00683151,0.00000000,0.21080090,0.35719040,1.56275000,0.00012210,0.00042735,0.00561660,0.01184370,3.62832400,3.30817700,1.81733600,1.10439400,0.59999940,1.10329600,0.80109810,0.87006020,3.30127900,3.30402600,0.79677580,4.98346000,4.98882000,0.00427350, 2, 255, 7, 24,0x50000,No,No,No,No,No,Yes,No,Yes
2026-04-13 20:06:51,0.2,1500,500,,500,500,44,,200,,,648,,62.0,0.7200,0.6000,0.6000,1.1000,0.00000000,0.06538731,0.12394310,0.01659081,0.00000000,0.21763240,0.48894090,1.50024000,0.00030525,0.00042735,0.00586080,0.01147740,3.62925200,3.30817700,1.81684800,1.10769100,0.60109830,1.09853400,0.79963290,0.71963300,3.30219400,3.30127900,0.79794790,4.99016000,4.98346000,0.00427350, 2, 255, 7, 24,0x50000,No,No,No,No,No,Yes,No,Yes
2026-04-13 20:06:53,0.3,1500,500,,500,500,44,,200,,,648,,63.7,0.7200,0.6000,0.6000,1.1000,0.00000000,0.09173742,0.12003940,0.00487965,0.00000000,0.36890160,0.48406130,0.98229990,0.00006105,0.00054945,0.00561660,0.01184370,3.63203500,3.31467300,1.78852100,1.10769100,0.60146460,1.09853400,0.79963290,0.72017020,3.29944700,3.30402600,0.79765500,5.04778000,5.02098000,0.00427350, 2, 255, 7, 24,0x50000,No,No,No,No,No,Yes,No,Yes
2026-04-13 20:06:55,2.0,2400,910,,910,960,44,,200,,,648,,64.2,0.8679,0.6000,0.6000,1.1000,0.00000000,0.09271335,0.12784680,0.00780744,0.00000000,0.36499780,0.38549240,1.55382000,0.00018315,0.00042735,0.00506715,0.01111110,3.62925200,3.30910500,1.81684800,1.10439400,0.60659280,1.09853400,0.79926660,0.86979160,3.29853100,3.30311000,0.79677580,5.03036000,4.98882000,0.00427350, 2, 255, 7, 24,0x50000,No,No,No,No,No,Yes,No,Yes
2026-04-13 20:06:57,0.0,2400,910,,910,960,44,,200,,,648,,65.9,0.8679,0.6000,0.6000,1.1000,0.00000000,0.06538731,0.13175060,0.00585558,0.00000000,0.35914220,0.48991690,1.56275000,0.00012210,0.00036630,0.00567765,0.01123320,3.63203500,3.31467300,1.80024200,1.10439400,0.59999940,1.09926600,0.79926660,0.86979160,3.30036300,3.30219400,0.79765500,4.98480000,4.98480000,0.00427350, 2, 255, 7, 24,0x50000,No,No,No,No,No,Yes,No,Yes
2026-04-13 20:06:59,0.7,1500,500,,500,500,44,,200,,,648,,63.7,0.7200,0.6000,0.6000,1.1000,0.00000000,0.12784680,0.12101530,0.00097593,0.00000000,0.36694970,0.33962360,0.99122990,0.00006105,0.00097680,0.00598290,0.01184370,3.62461200,3.31374500,1.78852100,1.10769100,0.60586020,1.10329600,0.80292960,0.72043880,3.29944700,3.30494200,0.79736190,5.00490000,5.04644000,0.00427350, 2, 255, 7, 24,0x50000,No,No,No,No,No,Yes,No,Yes
2026-04-13 20:07:01,1.2,2400,910,,910,960,44,,200,,,648,,64.8,0.8679,0.6000,0.6000,1.1000,0.00000000,0.07709848,0.12979870,0.00585558,0.00000000,0.23422320,0.48503720,1.56275000,0.00018315,0.00042735,0.00598290,0.01147740,3.63667500,3.31467300,1.79926600,1.10146400,0.60256350,1.10036500,0.79999920,0.87006020,3.30036300,3.30402600,0.79736190,4.97408000,4.96202000,0.00427350, 2, 255, 7, 24,0x50000,No,No,No,No,No,Yes,No,Yes
2026-04-13 20:07:03,0.2,2400,910,,910,960,44,,200,,,648,,64.8,0.8679,0.6000,0.6000,1.1000,0.00000000,0.05757987,0.13272650,0.00780744,0.00000000,0.21177680,0.35719040,1.58061000,0.00012210,0.00061050,0.00531135,0.01172160,3.61069200,3.30632200,1.79926600,1.11355200,0.60366240,1.10329600,0.80146440,0.86979160,3.30219400,3.30311000,0.79765500,4.98480000,5.01830000,0.00427350, 2, 255, 7, 24,0x50000,No,No,No,No,No,Yes,No,Yes
2026-04-13 20:07:06,1.8,2400,910,,910,960,43,,200,,,648,,65.3,0.8679,0.6000,0.6000,1.1000,0.00000000,0.08685777,0.14443760,0.08392998,0.00000000,0.21763240,0.40208320,3.38447000,0.00012210,0.00036630,0.00482295,0.01184370,3.60790800,3.31560100,1.79926600,1.10695900,0.60512760,1.10109800,0.80073180,0.86979160,3.30036300,3.30585700,0.79765500,4.97140000,4.98346000,0.00427350, 2, 255, 7, 24,0x50000,No,No,No,No,No,Yes,No,Yes
2026-04-13 20:07:08,0.2,2400,910,,910,960,44,,200,,,648,,63.7,0.8679,0.6000,0.6000,1.1000,0.00000000,0.07417068,0.12687090,0.01073523,0.00000000,0.37085340,0.48796500,1.55382000,0.00006105,0.00042735,0.00561660,0.01111110,3.62182800,3.31467300,1.79926600,1.10439400,0.59999940,1.09853400,0.79816780,0.87006020,3.29944700,3.30311000,0.79706880,5.00356000,4.96470000,0.00427350, 2, 255, 7, 24,0x50000,No,No,No,No,No,Yes,No,Yes
2026-04-13 20:07:10,0.3,2400,910,,910,960,44,,200,,,648,,65.3,0.7200,0.6000,0.6000,1.1000,0.00000000,0.07807440,0.12687090,0.00585558,0.00000000,0.21763240,0.34157550,1.00909000,0.00006105,0.00042735,0.00537240,0.01208790,3.65245000,3.31096100,1.81733600,1.10732500,0.59999940,1.10329600,0.79926660,0.71990160,3.30036300,3.30311000,0.79765500,5.03304000,5.02232000,0.00427350, 2, 255, 7, 24,0x50000,No,No,No,No,No,Yes,No,Yes
2026-04-13 20:07:12,1.8,2400,910,,910,960,44,,200,,,648,,64.2,0.8679,0.6000,0.6000,1.1000,0.00000000,0.09368929,0.12882280,0.00390372,0.00000000,0.36694970,0.44795190,1.57168000,0.00018315,0.00048840,0.00537240,0.01147740,3.61811600,3.31467300,1.80024200,1.11062200,0.60109830,1.09926600,0.79743510,0.86952300,3.29944700,3.30402600,0.79794790,4.99820000,4.96202000,0.00427350, 2, 255, 7, 24,0x50000,No,No,No,No,No,Yes,No,Yes
2026-04-13 20:07:14,0.3,2400,910,,910,960,43,,200,,,648,,64.8,0.8679,0.6000,0.6000,1.1000,0.00000000,0.08295405,0.12882280,0.00292779,0.00000000,0.21665650,0.34059960,1.59847000,0.00018315,0.00042735,0.00561660,0.01172160,3.62275600,3.30910500,1.81684800,1.10439400,0.60695910,1.10146400,0.79963290,0.87006020,3.30219400,3.30402600,0.79765500,5.02232000,4.99418000,0.00427350, 2, 255, 7, 24,0x50000,No,No,No,No,No,Yes,No,Yes
2026-04-13 20:07:16,0.2,2400,910,,910,960,44,,200,,,648,,64.8,0.8679,0.6000,0.6000,1.1000,0.00000000,0.06343545,0.13272650,0.00683151,0.00000000,0.21275270,0.48113350,1.57168000,0.00030525,0.00042735,0.00586080,0.01172160,3.62461200,3.31560100,1.79926600,1.10879000,0.60183090,1.10256300,0.79890030,0.87032880,3.30127900,3.30311000,0.79794790,4.97274000,4.94862000,0.00427350, 2, 255, 7, 24,0x50000,No,No,No,No,No,Yes,No,Yes
2026-04-13 20:07:18,0.0,1500,500,,500,500,44,,200,,,648,,63.7,0.7200,0.6000,0.6000,1.1000,0.00000000,0.06441138,0.12491900,0.00585558,0.00000000,0.23422320,0.48015760,1.00016000,0.00006105,0.00042735,0.00506715,0.01172160,3.64409900,3.31096100,1.81684800,1.10292900,0.60805800,1.09963300,0.79963290,0.71963300,3.29944700,3.30311000,0.79794790,5.02499900,4.99418000,0.00427350, 2, 255, 7, 24,0x50000,No,No,No,No,No,Yes,No,Yes
2026-04-13 20:07:20,1.8,2400,910,,910,960,44,,200,,,648,,64.8,0.8679,0.6000,0.6000,1.1000,0.00000000,0.07709848,0.13077460,0.00487965,0.00000000,0.21763240,0.34547920,1.58954000,0.00018315,0.00042735,0.00525030,0.01196580,3.62368400,3.31560100,1.79828900,1.10805800,0.59963310,1.10073200,0.80146440,0.86925430,3.29944700,3.30494200,0.79677580,5.02098000,5.01428000,0.00427350, 2, 255, 7, 24,0x50000,No,No,No,No,No,Yes,No,Yes
2026-04-13 20:07:23,5.7,2400,910,,910,960,44,,200,,,648,,65.9,0.8679,0.6000,0.6000,1.1000,0.00000000,0.08295405,0.13272650,0.00487965,0.00000000,0.21275270,0.45087970,1.58954000,0.00018315,0.00042735,0.00543345,0.01159950,3.62646800,3.31560100,1.80610300,1.10622600,0.59963310,1.10146400,0.79853400,0.86925430,3.29944700,3.30311000,0.79765500,4.92986000,5.01562000,0.00427350, 2, 255, 7, 24,0x50000,No,No,No,No,No,Yes,No,Yes
2026-04-13 20:07:25,0.0,2400,910,,910,960,44,,200,,,648,,63.7,0.8679,0.6000,0.6000,1.1000,0.00000000,0.08490592,0.12589500,0.00585558,0.00000000,0.28009190,0.34352740,1.02695000,0.00006105,0.00054945,0.00561660,0.01208790,3.64502700,3.31652900,1.78852100,1.11208700,0.60146460,1.10219700,0.80036550,0.72017020,3.29944700,3.30311000,0.79677580,5.03706000,5.01696000,0.00427350, 2, 255, 7, 24,0x50000,No,No,No,No,No,Yes,No,Yes
2026-04-13 20:07:27,0.0,1500,500,,500,500,44,,200,,,648,,63.7,0.7200,0.6000,0.6000,1.1000,0.00000000,0.08100219,0.12589500,0.00487965,0.00000000,0.27911600,0.33962360,1.00016000,0.00006105,0.00042735,0.00561660,0.01208790,3.63760300,3.31188900,1.82124300,1.10292900,0.60732540,1.10146400,0.79963290,0.71990160,3.30219400,3.30585700,0.79736190,5.05448000,4.97274000,0.00341880, 2, 255, 7, 24,0x50000,No,No,No,No,No,Yes,No,Yes
2026-04-13 20:07:29,8.7,2400,910,,910,960,44,,200,,,648,,64.8,0.8679,0.6000,0.6000,1.1000,0.06050766,0.09076149,0.12979870,0.00487965,0.00000000,0.36304600,0.33669580,1.57168000,0.00012210,0.00042735,0.00555555,0.01172160,3.58934900,3.31003300,1.82124300,1.10439400,0.60036570,1.10183000,0.80146440,0.86925430,3.30036300,3.30311000,0.79765500,4.99418000,4.98212000,0.00427350, 2, 255, 7, 24,0x50000,No,No,No,No,No,Yes,No,Yes
2026-04-13 20:07:31,1.5,2400,910,,910,960,44,,200,,,648,,64.8,0.8679,0.6000,0.6000,1.1000,0.04098906,0.06538731,0.12979870,0.01171116,0.00000000,0.33474400,0.49186870,1.58954000,0.00030525,0.00042735,0.00549450,0.01159950,3.62368400,3.30817700,1.79828900,1.10586000,0.59963310,1.10402800,0.79890030,0.87032880,3.30219400,3.30311000,0.79677580,4.97810000,4.99954000,0.00427350, 2, 255, 7, 24,0x50000,No,No,No,No,No,Yes,No,Yes
2026-04-13 20:07:33,0.3,2400,910,,910,960,44,,200,,,648,,64.8,0.8679,0.6000,0.6000,1.1000,0.06441138,0.08490592,0.12882280,0.00878337,0.00000000,0.37378120,0.33962360,1.58061000,0.00012210,0.00042735,0.00518925,0.01184370,3.60698000,3.31560100,1.81684800,1.10805800,0.60036570,1.10402800,0.80183080,0.86925430,3.30036300,3.30402600,0.79677580,4.99954000,4.97408000,0.00427350, 2, 255, 7, 24,0x50000,No,No,No,No,No,Yes,No,Yes
2026-04-13 20:07:35,1.8,2400,910,,910,960,44,,200,,,648,,64.8,0.8679,0.6000,0.6000,1.1000,0.00195186,0.06929103,0.12882280,0.00878337,0.00000000,0.37866080,0.48796500,1.55382000,0.00012210,0.00036630,0.00531135,0.01123320,3.63481900,3.31467300,1.79926600,1.10146400,0.60073200,1.09816700,0.79853400,0.86952300,3.29944700,3.30219400,0.79765500,4.95264000,4.91110000,0.00427350, 2, 255, 7, 24,0x50000,No,No,No,No,No,Yes,No,Yes
2026-04-13 20:07:38,0.3,2400,910,,910,960,44,,200,,,648,,63.7,0.8679,0.6000,0.6000,1.1000,0.00000000,0.06148359,0.13077460,0.00585558,0.00000000,0.21372870,0.48113350,1.57168000,0.00024420,0.00042735,0.00506715,0.01159950,3.63481900,3.31281700,1.79828900,1.10146400,0.60109830,1.10256300,0.79999920,0.87032880,3.29944700,3.30402600,0.79677580,4.98882000,5.00088000,0.00427350, 2, 255, 7, 24,0x50000,No,No,No,No,No,Yes,No,Yes
2026-04-13 20:07:40,0.0,2400,910,,910,960,44,,200,,,648,,65.3,0.8679,0.6000,0.6000,1.1000,0.00000000,0.08490592,0.13175060,0.00195186,0.00000000,0.21470460,0.34352740,1.57168000,0.00036630,0.00067155,0.00567765,0.01159950,3.61718800,3.31838500,1.78852100,1.10586000,0.60183090,1.10219700,0.80073180,0.86925430,3.29944700,3.30402600,0.79824100,4.99418000,5.02098000,0.00427350, 2, 255, 7, 24,0x50000,No,No,No,No,No,Yes,No,Yes
2026-04-13 20:07:42,5.0,2400,910,,910,960,44,,200,,,648,,64.8,0.8679,0.6000,0.6000,1.1000,0.00000000,0.06148359,0.13077460,0.00097593,0.00000000,0.23324730,0.49186870,1.58061000,0.00012210,0.00042735,0.00561660,0.01147740,3.63667500,3.30724900,1.82124300,1.10439400,0.60952320,1.09890000,0.79853400,0.86979160,3.29944700,3.30219400,0.79765500,4.99150000,4.99418000,0.00427350, 2, 255, 7, 24,0x50000,No,No,No,No,No,Yes,No,Yes
2026-04-13 20:07:44,1.8,2400,910,,910,960,44,,200,,,648,,65.3,0.8679,0.6000,0.6000,1.1000,0.00000000,0.05953173,0.13077460,0.00390372,0.00000000,0.22641580,0.49089280,1.58061000,0.00006105,0.00042735,0.00543345,0.01172160,3.63389100,3.31281700,1.80610300,1.11208700,0.60109830,1.10073200,0.79853400,0.87032880,3.30036300,3.30402600,0.79736190,4.97408000,4.99954000,0.00427350, 2, 255, 7, 24,0x50000,No,No,No,No,No,Yes,No,Yes
2026-04-13 20:07:46,0.2,2400,910,,910,960,44,,200,,,648,,65.3,0.8679,0.6000,0.6000,1.1000,0.00000000,0.16200440,0.15907660,0.00683151,0.00000000,0.36499780,0.33767180,1.55382000,0.00018315,0.00036630,0.00525030,0.01111110,3.60883600,3.30168200,1.80024200,1.10805800,0.60256350,1.09890000,0.79963290,0.86925430,3.30036300,3.30219400,0.79706880,5.00222000,4.96202000,0.00427350, 2, 255, 7, 24,0x50000,No,No,No,No,No,Yes,No,Yes
2026-04-13 20:07:48,0.0,1500,500,,500,500,44,,200,,,648,,64.2,0.7200,0.6000,0.6000,1.1000,0.00000000,0.09076149,0.12589500,0.00780744,0.00000000,0.36597380,0.38646830,1.00016000,0.00018315,0.00042735,0.00537240,0.01172160,3.62646800,3.30260900,1.79828900,1.11062200,0.60183090,1.10073200,0.80036550,0.71990160,3.30036300,3.30311000,0.79765500,5.00758000,5.03304000,0.00427350, 2, 255, 7, 24,0x50000,No,No,No,No,No,Yes,No,Yes
2026-04-13 20:07:50,1.0,1500,500,,500,500,44,,200,,,648,,63.7,0.7200,0.6000,0.6000,1.1000,0.00000000,0.08880963,0.12589500,0.00780744,0.00000000,0.37573300,0.33474400,1.00016000,0.00030525,0.00067155,0.00537240,0.01184370,3.63760300,3.31467300,1.78852100,1.10439400,0.60036570,1.10146400,0.79816780,0.72017020,3.29944700,3.30494200,0.79736190,5.04242000,5.01562000,0.00427350, 2, 255, 7, 24,0x50000,No,No,No,No,No,Yes,No,Yes
2026-04-13 20:07:52,0.0,1500,500,,500,500,44,,200,,,648,,64.2,0.7200,0.6000,0.6000,1.1000,0.00000000,0.06050766,0.12491900,0.00292779,0.00000000,0.20982490,0.33571990,0.99122990,0.00006105,0.00048840,0.00531135,0.01172160,3.64781100,3.30817700,1.78852100,1.10805800,0.60732540,1.10109800,0.80036550,0.72017020,3.30036300,3.30311000,0.79765500,5.04778000,5.07458000,0.00427350, 2, 255, 7, 24,0x50000,No,No,No,No,No,Yes,No,Yes
2026-04-13 20:07:55,0.3,2400,910,,910,960,44,,200,,,648,,64.2,0.8679,0.6000,0.6000,1.1000,0.00000000,0.08197812,0.12979870,0.00292779,0.00000000,0.34450330,0.48601320,1.54489000,0.00006105,0.00042735,0.00525030,0.01111110,3.62925200,3.31467300,1.80024200,1.10292900,0.60769170,1.09853400,0.79890030,0.86952300,3.29853100,3.30402600,0.79794790,4.98480000,4.89636000,0.00427350, 2, 255, 7, 24,0x50000,No,No,No,No,No,Yes,No,Yes
2026-04-13 20:07:57,0.2,2400,910,,910,960,44,,200,,,648,,64.2,0.8679,0.6000,0.6000,1.1000,0.00000000,0.06343545,0.12979870,0.00000000,0.00000000,0.22056020,0.49186870,1.56275000,0.00006105,0.00042735,0.00531135,0.01135530,3.62275600,3.31745700,1.79828900,1.10219700,0.60109830,1.09999900,0.79890030,0.86979160,3.30036300,3.30311000,0.79765500,4.95800000,4.99552000,0.00427350, 2, 255, 7, 24,0x50000,No,No,No,No,No,Yes,No,Yes
2026-04-13 20:07:59,0.5,1500,500,,500,500,44,,200,,,648,,65.9,0.8679,0.6000,0.6000,1.1000,0.00000000,0.08880963,0.12979870,0.00585558,0.00000000,0.39134800,0.38646830,1.56275000,0.00006105,0.00042735,0.00506715,0.01147740,3.60048500,3.31560100,1.79096300,1.11355200,0.60622650,1.10036500,0.79853400,0.86925430,3.29853100,3.30311000,0.79765500,5.00758000,4.97676000,0.00341880, 2, 255, 7, 24,0x50000,No,No,No,No,No,Yes,No,Yes
2026-04-13 20:08:01,0.2,2400,910,,910,960,44,,200,,,648,,64.2,0.8679,0.6000,0.6000,1.1000,0.00000000,0.07124290,0.12687090,0.00097593,0.00000000,0.31229760,0.48991690,1.58061000,0.00006105,0.00018315,0.00531135,0.01111110,3.62554000,3.31560100,1.81684800,1.10622600,0.60036570,1.09890000,0.79963290,0.86979160,3.29944700,3.30311000,0.79794790,5.00624000,4.97408000,0.00427350, 2, 255, 7, 24,0x50000,No,No,No,No,No,Yes,No,Yes
2026-04-13 20:08:03,0.2,2400,910,,910,960,44,,200,,,648,,65.3,0.8679,0.6000,0.6000,1.1000,0.00000000,0.06733918,0.12882280,0.00585558,0.00000000,0.24983810,0.49479650,1.57168000,0.00006105,0.00042735,0.00561660,0.01123320,3.62182800,3.30632200,1.81733600,1.10915600,0.60036570,1.09926600,0.79816780,0.86979160,3.30036300,3.30311000,0.79824100,4.96872000,4.98346000,0.00427350, 2, 255, 7, 24,0x50000,No,No,No,No,No,Yes,No,Yes
2026-04-13 20:08:05,8.2,2400,910,,910,960,44,,200,,,648,,66.4,0.8679,0.6000,0.6000,1.1000,0.00000000,0.06343545,0.12979870,0.00683151,0.00000000,0.21763240,0.34157550,1.59847000,0.00018315,0.00042735,0.00592185,0.01184370,3.62461200,3.30539300,1.81684800,1.10769100,0.60659280,1.10219700,0.80292960,0.86925430,3.29944700,3.30311000,0.79765500,4.92048000,5.00758000,0.00427350, 2, 255, 7, 24,0x50000,No,No,No,No,No,Yes,No,Yes
2026-04-13 20:08:07,0.0,2400,910,,910,960,44,,200,,,648,,65.9,0.8679,0.6000,0.6000,1.1000,0.00000000,0.07124290,0.13175060,0.00585558,0.00000000,0.21860830,0.48894090,1.58954000,0.00006105,0.00042735,0.00543345,0.01172160,3.62090000,3.30632200,1.82124300,1.10586000,0.60073200,1.10109800,0.79890030,0.86925430,3.30127900,3.30219400,0.79824100,4.96872000,5.01562000,0.00427350, 2, 255, 7, 24,0x50000,No,No,No,No,No,Yes,No,Yes
2026-04-13 20:08:10,0.2,2400,910,,910,960,44,,200,,,648,,65.3,0.8679,0.6000,0.6000,1.1000,0.00000000,0.08295405,0.12784680,0.02244639,0.00000000,0.28106780,0.48601320,1.58954000,0.00006105,0.00042735,0.00549450,0.01123320,3.63667500,3.31652900,1.79389300,1.11062200,0.60073200,1.09853400,0.79926660,0.86979160,3.30036300,3.30311000,0.79765500,4.98480000,4.97274000,0.00427350, 2, 255, 7, 24,0x50000,No,No,No,No,No,Yes,No,Yes
2026-04-13 20:08:12,0.0,1500,500,,500,500,44,,200,,,648,,65.3,0.7200,0.6000,0.6000,1.1000,0.00000000,0.09076149,0.12589500,0.00683151,0.00000000,0.37182930,0.33669580,1.01802000,0.00006105,0.00042735,0.00561660,0.01184370,3.64038700,3.30632200,1.78803200,1.10769100,0.60183090,1.10366200,0.80073180,0.71990160,3.29944700,3.30402600,0.79736190,5.02098000,5.02634000,0.00341880, 2, 255, 7, 24,0x50000,No,No,No,No,No,Yes,No,Yes
2026-04-13 20:08:14,0.0,1500,500,,500,500,44,,200,,,648,,64.2,0.7200,0.6000,0.6000,1.1000,0.00000000,0.12687090,0.15712470,0.00683151,0.00000000,0.36694970,0.33571990,1.00016000,0.00018315,0.00042735,0.00525030,0.01184370,3.62925200,3.29333000,1.81684800,1.10769100,0.60183090,1.10146400,0.80073180,0.72017020,3.30127900,3.30402600,0.79736190,5.01696000,5.03840000,0.00427350, 2, 255, 7, 24,0x50000,No,No,No,No,No,Yes,No,Yes
2026-04-13 20:08:16,0.2,2400,910,,910,960,44,,200,,,648,,64.8,0.8679,0.6000,0.6000,1.1000,0.00000000,0.08490592,0.12687090,0.06929103,0.00000000,0.36402190,0.33864770,1.58061000,0.00030525,0.00018315,0.00543345,0.01172160,3.61162000,3.31560100,1.81733600,1.10292900,0.60036570,1.09890000,0.79963290,0.86871700,3.30036300,3.30311000,0.79794790,5.00624000,4.99552000,0.00427350, 2, 255, 7, 24,0x50000,No,No,No,No,No,Yes,No,Yes
2026-04-13 20:08:18,0.2,2400,910,,910,960,44,,200,,,648,,64.8,0.8679,0.6000,0.6000,1.1000,0.00000000,0.08880963,0.13175060,0.00585558,0.00000000,0.34157550,0.33474400,1.59847000,0.00006105,0.00054945,0.00482295,0.01172160,3.62182800,3.31560100,1.78852100,1.10292900,0.60842430,1.10402800,0.80146440,0.86952300,3.29944700,3.30494200,0.79677580,5.01696000,4.99552000,0.00427350, 2, 255, 7, 24,0x50000,No,No,No,No,No,Yes,No,Yes
2026-04-13 20:08:20,0.5,1500,500,,500,500,44,,200,,,648,,64.8,0.7200,0.6000,0.6000,1.1000,0.00000000,0.05855580,0.12394310,0.00390372,0.00000000,0.20884900,0.33864770,1.00909000,0.00006105,0.00018315,0.00561660,0.01123320,3.64409900,3.30632200,1.81733600,1.11208700,0.60439500,1.10146400,0.80183080,0.71936430,3.30036300,3.30311000,0.79794790,5.06520000,5.05984000,0.00427350, 2, 255, 7, 24,0x50000,No,No,No,No,No,Yes,No,Yes
2026-04-13 20:08:22,3.5,2400,910,,910,960,44,,200,,,648,,64.2,0.8679,0.6000,0.6000,1.1000,0.00000000,0.07221882,0.12882280,0.00292779,0.00000000,0.28106780,0.48991690,1.58061000,0.00006105,0.00042735,0.00531135,0.01123320,3.63574700,3.31188900,1.82124300,1.10292900,0.60109830,1.09999900,0.79853400,0.87006020,3.30036300,3.30311000,0.79765500,4.99016000,4.96604000,0.00427350, 2, 255, 7, 24,0x50000,No,No,No,No,No,Yes,No,Yes
2026-04-13 20:08:24,0.3,2400,910,,910,960,44,,200,,,648,,64.8,0.8679,0.6000,0.6000,1.1000,0.00000000,0.05953173,0.12979870,0.00878337,0.00000000,0.28009190,0.41964990,1.59847000,0.00006105,0.00054945,0.00573870,0.01172160,3.62461200,3.30724900,1.81684800,1.10769100,0.60036570,1.10256300,0.79926660,0.86979160,3.29853100,3.29944700,0.79765500,4.95264000,5.00490000,0.00427350, 2, 255, 7, 24,0x50000,No,No,No,No,No,Yes,No,Yes
2026-04-13 20:08:27,0.2,1500,500,,500,500,44,,200,,,648,,65.3,0.7200,0.6000,0.6000,1.1000,0.00000000,0.08197812,0.12491900,0.00390372,0.00000000,0.36890160,0.48698910,1.00016000,0.00018315,0.00042735,0.00610500,0.01111110,3.63296300,3.30817700,1.78852100,1.10915600,0.60769170,1.09816700,0.80183080,0.71990160,3.29853100,3.30402600,0.79765500,5.05984000,5.01696000,0.00427350, 2, 255, 7, 24,0x50000,No,No,No,No,No,Yes,No,Yes
2026-04-13 20:08:29,7.0,2400,910,,910,960,44,,200,,,648,,65.9,0.8679,0.6000,0.6000,1.1000,0.00000000,0.06441138,0.12882280,0.00585558,0.00000000,0.21958430,0.48991690,1.59847000,0.00030525,0.00018315,0.00525030,0.01172160,3.62925200,3.30817700,1.81684800,1.10879000,0.60842430,1.10109800,0.79816780,0.86979160,3.30036300,3.30494200,0.79794790,4.97408000,4.97274000,0.00427350, 2, 255, 7, 24,0x50000,No,No,No,No,No,Yes,No,Yes
2026-04-13 20:08:31,0.0,2400,910,,910,960,44,,200,,,648,,65.9,0.8679,0.6000,0.6000,1.1000,0.00000000,0.08783370,0.12882280,0.00585558,0.00000000,0.27911600,0.41964990,1.59847000,0.00012210,0.00036630,0.00586080,0.01172160,3.61626000,3.31374500,1.80024200,1.10219700,0.60366240,1.10109800,0.80073180,0.86898570,3.30127900,3.30402600,0.79765500,4.98346000,5.01562000,0.00427350, 2, 255, 7, 24,0x50000,No,No,No,No,No,Yes,No,Yes
2026-04-13 20:08:33,0.3,1500,500,,500,500,44,,200,,,648,,64.8,0.7200,0.6000,0.6000,1.1000,0.00000000,0.06245952,0.12589500,0.00780744,0.00000000,0.34255140,0.42062580,1.02695000,0.00006105,0.00054945,0.00531135,0.01208790,3.63853100,3.31096100,1.78754400,1.11062200,0.60146460,1.10073200,0.79890030,0.72017020,3.29944700,3.30127900,0.79736190,4.99284000,5.03438000,0.00427350, 2, 255, 7, 24,0x50000,No,No,No,No,No,Yes,No,Yes
2026-04-13 20:08:35,0.0,1500,500,,500,500,44,,200,,,648,,64.8,0.7200,0.6000,0.6000,1.1000,0.00000000,0.09076149,0.12491900,0.00683151,0.00000000,0.34255140,0.33962360,1.00909000,0.00018315,0.00054945,0.00506715,0.01159950,3.62182800,3.31560100,1.78852100,1.10805800,0.60292980,1.10329600,0.79999920,0.71990160,3.30127900,3.30311000,0.79794790,5.00490000,5.02098000,0.00427350, 2, 255, 7, 24,0x50000,No,No,No,No,No,Yes,No,Yes
2026-04-13 20:08:37,0.0,1500,500,,500,500,44,,200,,,648,,64.8,0.7200,0.6000,0.6000,1.1000,0.00000000,0.08880963,0.12589500,0.00390372,0.00000000,0.36597380,0.33376810,1.00016000,0.00030525,0.00018315,0.00586080,0.01196580,3.62461200,3.31560100,1.78852100,1.10769100,0.60622650,1.10329600,0.80109810,0.71990160,3.30219400,3.30311000,0.79794790,5.03572000,5.02499900,0.00427350, 2, 255, 7, 24,0x50000,No,No,No,No,No,Yes,No,Yes
2026-04-13 20:08:39,2.8,1500,500,,500,500,44,,200,,,648,,64.8,0.7200,0.6000,0.6000,1.1000,0.00000000,0.07124290,0.12882280,0.11418380,0.02107860,0.37280530,0.55140050,3.05406000,0.00018315,0.00042735,0.00586080,0.01135530,3.59955700,3.31281700,1.78852100,1.10439400,0.60292980,1.09890000,0.80036550,0.72017020,3.29944700,3.30127900,0.79677580,4.95666000,5.00490000,0.00427350, 2, 255, 7, 24,0x50000,No,No,No,No,No,Yes,No,Yes
2026-04-13 20:08:42,1.7,2400,910,,910,960,44,,200,,,648,,65.3,0.8679,0.6000,0.6000,1.1000,0.00000000,0.06343545,0.13175060,0.02439825,0.00000000,0.21763240,0.50357990,5.16153900,0.00018315,0.00042735,0.00531135,0.01208790,3.63296300,3.29982600,1.81684800,1.10183000,0.60842430,1.09853400,0.79816780,0.86979160,3.29853100,3.30219400,0.79736190,5.05448000,4.97006000,0.00427350, 2, 255, 7, 24,0x50000,No,No,No,No,No,Yes,No,Yes
2026-04-13 20:08:44,3.0,2400,910,,910,960,44,,200,,,648,,67.0,0.8679,0.6000,0.6000,1.1000,0.00000000,0.08392998,0.12979870,0.00390372,0.00000000,0.36694970,0.48698910,1.59847000,0.00012210,0.00042735,0.00537240,0.01123320,3.60790800,3.30632200,1.81684800,1.10476100,0.60842430,1.09926600,0.79999920,0.86952300,3.29761600,3.30402600,0.79765500,4.98480000,4.97408000,0.00427350, 2, 255, 7, 24,0x50000,No,No,No,No,No,Yes,No,Yes
2026-04-13 20:08:46,2.0,1500,500,,500,500,44,,200,,,648,,64.8,0.7200,0.6000,0.6000,1.1000,0.00000000,0.06148359,0.12589500,0.00487965,0.00000000,0.21470460,0.48991690,1.01802000,0.00030525,0.00030525,0.00561660,0.01172160,3.62925200,3.31096100,1.78852100,1.10292900,0.59999940,1.10073200,0.79816780,0.71990160,3.29944700,3.30494200,0.79677580,4.99552000,5.03840000,0.00427350, 2, 255, 7, 24,0x50000,No,No,No,No,No,Yes,No,Yes
2026-04-13 20:08:48,0.3,1500,500,,500,500,44,,200,,,648,,64.8,0.7200,0.6000,0.6000,1.1000,0.00000000,0.08880963,0.12101530,0.00585558,0.00000000,0.36890160,0.47918160,0.97336990,0.00018315,0.00042735,0.00476190,0.01147740,3.62182800,3.31003300,1.81684800,1.10439400,0.60146460,1.09926600,0.80073180,0.71963300,3.30219400,3.30402600,0.79736190,5.03572000,4.99820000,0.00341880, 2, 255, 7, 24,0x50000,No,No,No,No,No,Yes,No,Yes
2026-04-13 20:08:50,1.7,1500,500,,500,500,44,,200,,,648,,65.3,0.7200,0.6000,0.6000,1.1000,0.00000000,0.09466522,0.12687090,0.00195186,0.00000000,0.35719040,0.33962360,0.99122990,0.00006105,0.00042735,0.00561660,0.01172160,3.63760300,3.31374500,1.81684800,1.10292900,0.60109830,1.10219700,0.80183080,0.72043880,3.30219400,3.30311000,0.79794790,5.01562000,5.04644000,0.00427350, 2, 255, 7, 24,0x50000,No,No,No,No,No,Yes,No,Yes
2026-04-13 20:08:52,0.5,1500,500,,500,500,44,,200,,,648,,63.1,0.8679,0.6000,0.6000,1.1000,0.00000000,0.05953173,0.13175060,0.01561488,0.00000000,0.21470460,0.35133480,2.82188000,0.00018315,0.00042735,0.00561660,0.01159950,3.60883600,3.30817700,1.78852100,1.10439400,0.60366240,1.10219700,0.79999920,0.86925430,3.30036300,3.30494200,0.79677580,4.95666000,4.96738000,0.00427350, 2, 255, 7, 24,0x50000,No,No,No,No,No,Yes,No,Yes
2026-04-13 20:08:54,3.0,2400,910,,910,960,44,,200,,,648,,65.9,0.8679,0.6000,0.6000,1.1000,0.00000000,0.09076149,0.12882280,0.00780744,0.00000000,0.36890160,0.44892780,1.57168000,0.00030525,0.00042735,0.00525030,0.01135530,3.61347600,3.30817700,1.79096300,1.10732500,0.60695910,1.09853400,0.79926660,0.86925430,3.30036300,3.30219400,0.79765500,5.00624000,4.96872000,0.00427350, 2, 255, 7, 24,0x50000,No,No,No,No,No,Yes,No,Yes
2026-04-13 20:08:56,2.2,2400,910,,910,960,44,,200,,,648,,65.3,0.8679,0.6000,0.6000,1.1000,0.00000000,0.06441138,0.13175060,0.00390372,0.00000000,0.34450330,0.48698910,1.57168000,0.00018315,0.00054945,0.00531135,0.01147740,3.62925200,3.31838500,1.79926600,1.11062200,0.60109830,1.09999900,0.79816780,0.87006020,3.29944700,3.30402600,0.79765500,4.97408000,4.99150000,0.00427350, 2, 255, 7, 24,0x50000,No,No,No,No,No,Yes,No,Yes
2026-04-13 20:08:59,0.3,1500,500,,500,500,44,,200,,,648,,65.9,0.7200,0.6000,0.6000,1.1000,0.00000000,0.06929103,0.12296720,0.00878337,0.00000000,0.24983810,0.49284470,1.01802000,0.00018315,0.00042735,0.00543345,0.01086690,3.64317100,3.31374500,1.79389300,1.11355200,0.60219720,1.09926600,0.79926660,0.71963300,3.29944700,3.30219400,0.79794790,4.99284000,5.01562000,0.00427350, 2, 255, 7, 24,0x50000,No,No,No,No,No,Yes,No,Yes
2026-04-13 20:09:01,2.0,2400,910,,910,960,44,,200,,,648,,65.9,0.8679,0.6000,0.6000,1.1000,0.00000000,0.09076149,0.12784680,0.00292779,0.00000000,0.36792560,0.44990370,1.54489000,0.00012210,0.00036630,0.00482295,0.01111110,3.61626000,3.30632200,1.79926600,1.11062200,0.60842430,1.09816700,0.79926660,0.86979160,3.29578400,3.30219400,0.79765500,4.97408000,4.96202000,0.00427350, 2, 255, 7, 24,0x50000,No,No,No,No,No,Yes,No,Yes
2026-04-13 20:09:03,0.0,2400,910,,910,960,44,,200,,,648,,65.9,0.8679,0.6000,0.6000,1.1000,0.00000000,0.09466522,0.13077460,0.00390372,0.00000000,0.34157550,0.33767180,1.58954000,0.00018315,0.00048840,0.00525030,0.01123320,3.62090000,3.30910500,1.78852100,1.11208700,0.60146460,1.10036500,0.80146440,0.86925430,3.29944700,3.30494200,0.79794790,5.02232000,4.99552000,0.00427350, 2, 255, 7, 24,0x50000,No,No,No,No,No,Yes,No,Yes
2026-04-13 20:09:05,0.2,2400,910,,910,960,44,,200,,,648,,65.3,0.8679,0.6000,0.6000,1.1000,0.00000000,0.06733918,0.13272650,0.00390372,0.00000000,0.21080090,0.38842010,1.60740000,0.00018315,0.00036630,0.00561660,0.01159950,3.61997200,3.31467300,1.80024200,1.10695900,0.60659280,1.10146400,0.80073180,0.86979160,3.30036300,3.30311000,0.79765500,5.01294000,4.99954000,0.00427350, 2, 255, 7, 24,0x50000,No,No,No,No,No,Yes,No,Yes
2026-04-13 20:09:07,0.5,2400,910,,910,960,44,,200,,,648,,65.9,0.8679,0.6000,0.6000,1.1000,0.00000000,0.06148359,0.12784680,0.00292779,0.00000000,0.21860830,0.49284470,1.58954000,0.00006105,0.00042735,0.00531135,0.01172160,3.62182800,3.31838500,1.81684800,1.10622600,0.60805800,1.10146400,0.79926660,0.86979160,3.29944700,3.30311000,0.79677580,4.97140000,4.96336000,0.00427350, 2, 255, 7, 24,0x50000,No,No,No,No,No,Yes,No,Yes
2026-04-13 20:09:09,0.0,2400,910,,910,960,44,,200,,,648,,66.4,0.8679,0.6000,0.6000,1.1000,0.00000000,0.15810070,0.12882280,0.00585558,0.00000000,0.36011820,0.48796500,1.58061000,0.00030525,0.00042735,0.00549450,0.01123320,3.61904400,3.32766400,1.79096300,1.10732500,0.60036570,1.09853400,0.79926660,0.86952300,3.30036300,3.30402600,0.79824100,4.97944000,4.96470000,0.00427350, 2, 255, 7, 24,0x50000,No,No,No,No,No,Yes,No,Yes
2026-04-13 20:09:11,1.8,2400,910,,910,960,44,,200,,,648,,67.0,0.8679,0.6000,0.6000,1.1000,0.00000000,0.09271335,0.13175060,0.00780744,0.00000000,0.27911600,0.33864770,1.60740000,0.00012210,0.00042735,0.00525030,0.01196580,3.62275600,3.31560100,1.81733600,1.11062200,0.60109830,1.10183000,0.80073180,0.87032880,3.30036300,3.30402600,0.79677580,4.99954000,5.01830000,0.00427350, 2, 255, 7, 24,0x50000,No,No,No,No,No,Yes,No,Yes
2026-04-13 20:09:14,0.3,2400,910,,910,960,44,,200,,,648,,66.4,0.8679,0.6000,0.6000,1.1000,0.00000000,0.08880963,0.12979870,0.00585558,0.00000000,0.21763240,0.40501100,1.62526000,0.00018315,0.00054945,0.00525030,0.01196580,3.63110700,3.31560100,1.79926600,1.10805800,0.60146460,1.10146400,0.80109810,0.86898570,3.30219400,3.30311000,0.79765500,5.02499900,4.97140000,0.00427350, 2, 255, 7, 24,0x50000,No,No,No,No,No,Yes,No,Yes
2026-04-13 20:09:16,0.0,2400,910,,910,960,44,,200,,,648,,65.3,0.8679,0.6000,0.6000,1.1000,0.00000000,0.08490592,0.13077460,0.00585558,0.00000000,0.21763240,0.34059960,1.60740000,0.00006105,0.00054945,0.00518925,0.01172160,3.60790800,3.31467300,1.80024200,1.10292900,0.60109830,1.10219700,0.80036550,0.86844850,3.29944700,3.30494200,0.79736190,4.99820000,5.02499900,0.00427350, 2, 255, 7, 24,0x50000,No,No,No,No,No,Yes,No,Yes
2026-04-13 20:09:18,2.3,2400,910,,910,960,44,,200,,,648,,64.8,0.8679,0.6000,0.6000,1.1000,0.00000000,0.09173742,0.12882280,0.00780744,0.00000000,0.36597380,0.33376810,1.59847000,0.00018315,0.00036630,0.00549450,0.01172160,3.61626000,3.31281700,1.79926600,1.11208700,0.60183090,1.09853400,0.80146440,0.86925430,3.29853100,3.30219400,0.79706880,5.01562000,4.96336000,0.00427350, 2, 255, 7, 24,0x50000,No,No,No,No,No,Yes,No,Yes
2026-04-13 20:09:20,0.0,2400,910,,910,960,44,,200,,,648,,67.0,0.8679,0.6000,0.6000,1.1000,0.00000000,0.06148359,0.12979870,0.01268709,0.00000000,0.21763240,0.49479650,1.59847000,0.00012210,0.00036630,0.00531135,0.01184370,3.62832400,3.30817700,1.82124300,1.10769100,0.61208730,1.10146400,0.79816780,0.87032880,3.30219400,3.30494200,0.79794790,4.96872000,4.96202000,0.00427350, 2, 255, 7, 24,0x50000,No,No,No,No,No,Yes,No,Yes
2026-04-13 20:09:22,0.3,1500,500,,500,500,44,,200,,,648,,64.8,0.7200,0.6000,0.6000,1.1000,0.00000000,0.06343545,0.12589500,0.00585558,0.00000000,0.23324730,0.35719040,1.01802000,0.00018315,0.00054945,0.00506715,0.01172160,3.64502700,3.30910500,1.79926600,1.10769100,0.60879060,1.10476100,0.79999920,0.72017020,3.30127900,3.30402600,0.79677580,4.98748000,5.02098000,0.00427350, 2, 255, 7, 24,0x50000,No,No,No,No,No,Yes,No,Yes
2026-04-13 20:09:24,1.8,1800,636,,636,653,44,,200,,,648,,65.3,0.7200,0.6000,0.6000,1.1000,0.00000000,0.06733918,0.12589500,0.04391685,0.00000000,0.36792560,0.50748360,1.01802000,0.00018315,0.00042735,0.00482295,0.01123320,3.62832400,3.31188900,1.82124300,1.11135400,0.60146460,1.09999900,0.79926660,0.71936430,3.29853100,3.30311000,0.79677580,5.01160000,4.99552000,0.00427350, 2, 255, 7, 24,0x50000,No,No,No,No,No,Yes,No,Yes
2026-04-13 20:09:26,0.3,1500,500,,500,500,44,,200,,,648,,64.8,0.7200,0.6000,0.6000,1.1000,0.00000000,0.07417068,0.12296720,0.00683151,0.00000000,0.36987750,0.49089280,1.00016000,0.00018315,0.00042735,0.00482295,0.01111110,3.62925200,3.31188900,1.81684800,1.10146400,0.60256350,1.09926600,0.79853400,0.71990160,3.29853100,3.30402600,0.79765500,4.98480000,5.00624000,0.00427350, 2, 255, 7, 24,0x50000,No,No,No,No,No,Yes,No,Yes
2026-04-13 20:09:28,0.2,1500,500,,500,500,44,,200,,,648,,65.3,0.7200,0.6000,0.6000,1.1000,0.04782057,0.10052080,0.15517290,0.00683151,0.00000000,0.21860830,0.49186870,1.25913000,0.00006105,0.00042735,0.00598290,0.01184370,3.61997200,3.30168200,1.80024200,1.11062200,0.60036570,1.10073200,0.80036550,0.79914450,3.30311000,3.30494200,0.79677580,4.96738000,4.97274000,0.00427350, 2, 255, 7, 24,0x50000,No,No,No,No,No,Yes,No,Yes
2026-04-13 20:09:31,12.0,2400,910,,910,960,44,,200,,,648,,65.9,0.8679,0.6000,0.6000,1.1000,0.06148359,0.08392998,0.12882280,0.00487965,0.00000000,0.36792560,0.48503720,1.56275000,0.00006105,0.00042735,0.00549450,0.01123320,3.61811600,3.31467300,1.80024200,1.11062200,0.60036570,1.10036500,0.79890030,0.86898570,3.29944700,3.30127900,0.79824100,4.97274000,4.98078000,0.00427350, 2, 255, 7, 24,0x50000,No,No,No,No,No,Yes,No,Yes
2026-04-13 20:09:33,1.0,2400,910,,910,960,44,,200,,,648,,65.9,0.8679,0.6000,0.6000,1.1000,0.06245952,0.06148359,0.13077460,0.00780744,0.00000000,0.21568060,0.39037200,1.58954000,0.00006105,0.00018315,0.00561660,0.01159950,3.61347600,3.31096100,1.82124300,1.10879000,0.59963310,1.10329600,0.79816780,0.86952300,3.29944700,3.30402600,0.79677580,4.98346000,4.93522000,0.00427350, 2, 255, 7, 24,0x50000,No,No,No,No,No,Yes,No,Yes
2026-04-13 20:09:35,0.2,1500,500,,500,500,44,,200,,,648,,65.3,0.7200,0.6000,0.6000,1.1000,0.06441138,0.10052080,0.12101530,0.00683151,0.00000000,0.36694970,0.44795190,1.00016000,0.00018315,0.00042735,0.00604395,0.01086690,3.61440400,3.30724900,1.81684800,1.10805800,0.60586020,1.09816700,0.80073180,0.71990160,3.30036300,3.30311000,0.79677580,5.02634000,5.01696000,0.00427350, 2, 255, 7, 24,0x50000,No,No,No,No,No,Yes,No,Yes
2026-04-13 20:09:37,0.5,1500,500,,500,500,44,,200,,,648,,64.8,0.7200,0.6000,0.6000,1.1000,0.00000000,0.08978556,0.12491900,0.01171116,0.00000000,0.34157550,0.33767180,1.01802000,0.00006105,0.00018315,0.00537240,0.01172160,3.63945900,3.31281700,1.81684800,1.10695900,0.60073200,1.10329600,0.80183080,0.72043880,3.30219400,3.30585700,0.79736190,5.03304000,5.02499900,0.00427350, 2, 255, 7, 24,0x50000,No,No,No,No,No,Yes,No,Yes
2026-04-13 20:09:39,0.2,1500,500,,500,500,44,,200,,,648,,64.8,0.7200,0.6000,0.6000,1.1000,0.00000000,0.08880963,0.12394310,0.00780744,0.00000000,0.36694970,0.47137420,1.00016000,0.00006105,0.00042735,0.00518925,0.01111110,3.62461200,3.30724900,1.81684800,1.10219700,0.60256350,1.09926600,0.80146440,0.71990160,3.30036300,3.30311000,0.79677580,5.02768000,5.01830000,0.00427350, 2, 255, 7, 24,0x50000,No,No,No,No,No,Yes,No,Yes
2026-04-13 20:09:41,0.0,1500,500,,500,500,44,,200,,,648,,64.2,0.7200,0.6000,0.6000,1.1000,0.00000000,0.06831510,0.12491900,0.00683151,0.00000000,0.28106780,0.49186870,1.00016000,0.00018315,0.00042735,0.00482295,0.01123320,3.62368400,3.30260900,1.81684800,1.10292900,0.60769170,1.10036500,0.79816780,0.72043880,3.29944700,3.30311000,0.79794790,4.97810000,5.02499900,0.00427350, 2, 255, 7, 24,0x50000,No,No,No,No,No,Yes,No,Yes
2026-04-13 20:09:43,1.7,2400,910,,910,960,44,,200,,,648,,65.9,0.8679,0.6000,0.6000,1.1000,0.00000000,0.06441138,0.13272650,0.00487965,0.00000000,0.24105470,0.49186870,1.56275000,0.00006105,0.00042735,0.00537240,0.01159950,3.63667500,3.30910500,1.79828900,1.10439400,0.60695910,1.10146400,0.79816780,0.87032880,3.30036300,3.30585700,0.79677580,4.93120000,4.99954000,0.00427350, 2, 255, 7, 24,0x50000,No,No,No,No,No,Yes,No,Yes
2026-04-13 20:09:46,1.0,2400,910,,910,960,44,,200,,,648,,65.3,0.8679,0.6000,0.6000,1.1000,0.00000000,0.06148359,0.12882280,0.00390372,0.00000000,0.22056020,0.33571990,1.58954000,0.00006105,0.00042735,0.00525030,0.01123320,3.64038700,3.30724900,1.78852100,1.10695900,0.60659280,1.10292900,0.79963290,0.86898570,3.30127900,3.30219400,0.79765500,5.04242000,5.02902000,0.00427350, 2, 255, 7, 24,0x50000,No,No,No,No,No,Yes,No,Yes
2026-04-13 20:09:48,0.0,2400,910,,910,960,44,,200,,,648,,65.9,0.8679,0.6000,0.6000,1.1000,0.00000000,0.05953173,0.12882280,0.00487965,0.00000000,0.23324730,0.33571990,1.58061000,0.00006105,0.00042735,0.00531135,0.01172160,3.63389100,3.31467300,1.79828900,1.10805800,0.60695910,1.10073200,0.80073180,0.86898570,3.29944700,3.30402600,0.79677580,5.04242000,5.02634000,0.00427350, 2, 255, 7, 24,0x50000,No,No,No,No,No,Yes,No,Yes
2026-04-13 20:09:50,0.0,1500,500,,500,500,44,,200,,,648,,64.8,0.7200,0.6000,0.6000,1.1000,0.00000000,0.06050766,0.12589500,0.00390372,0.00000000,0.21080090,0.33767180,1.00016000,0.00006105,0.00042735,0.00598290,0.01172160,3.66729800,3.31931300,1.78754400,1.10805800,0.60732540,1.09999900,0.80292960,0.71990160,3.30036300,3.30311000,0.79794790,5.06788000,5.04778000,0.00427350, 2, 255, 7, 24,0x50000,No,No,No,No,No,Yes,No,Yes
2026-04-13 20:09:52,0.0,2400,910,,910,960,44,,200,,,648,,64.2,0.8679,0.6000,0.6000,1.1000,0.00000000,0.05953173,0.13077460,0.00683151,0.00000000,0.23129540,0.33767180,1.57168000,0.00012210,0.00048840,0.00518925,0.01135530,3.63760300,3.31467300,1.80024200,1.10586000,0.60659280,1.10329600,0.80183080,0.86952300,3.30036300,3.30402600,0.79765500,5.01160000,5.04912000,0.00427350, 2, 255, 7, 24,0x50000,No,No,No,No,No,Yes,No,Yes
2026-04-13 20:09:54,1.0,2400,910,,910,960,44,,200,,,648,,65.3,0.8679,0.6000,0.6000,1.1000,0.00000000,0.06148359,0.12882280,0.00390372,0.00000000,0.20884900,0.33571990,1.57168000,0.00006105,0.00054945,0.00506715,0.01123320,3.63296300,3.30632200,1.79926600,1.10769100,0.60622650,1.10146400,0.80109810,0.86952300,3.29944700,3.30311000,0.79794790,5.02634000,5.04376000,0.00427350, 2, 255, 7, 24,0x50000,No,No,No,No,No,Yes,No,Yes
2026-04-13 20:09:56,0.0,1500,500,,500,500,44,,200,,,648,,65.3,0.7200,0.6000,0.6000,1.1000,0.00000000,0.05953173,0.12491900,0.00585558,0.00000000,0.20982490,0.33864770,1.00909000,0.00018315,0.00042735,0.00525030,0.01135530,3.65430600,3.30817700,1.81684800,1.10952300,0.60695910,1.09999900,0.80109810,0.72017020,3.29944700,3.30494200,0.79677580,5.09468000,5.04778000,0.00427350, 2, 255, 7, 24,0x50000,No,No,No,No,No,Yes,No,Yes
2026-04-13 20:09:58,0.3,1500,500,,545,551,43,,200,,,648,,64.8,0.7579,0.6000,0.6000,1.1000,0.00000000,0.06148359,0.12491900,0.00683151,0.00000000,0.22056020,0.33571990,1.08946000,0.00006105,0.00042735,0.00506715,0.01147740,3.65523400,3.31188900,1.78754400,1.10292900,0.60695910,1.10146400,0.79963290,0.75965740,3.30127900,3.30402600,0.79765500,5.05582000,5.04242000,0.00427350, 2, 255, 7, 24,0x50000,No,No,No,No,No,Yes,No,Yes
2026-04-13 20:10:01,0.0,1500,500,,500,500,44,,200,,,648,,63.7,0.7200,0.6000,0.6000,1.1000,0.00000000,0.05855580,0.12394310,0.00585558,0.00000000,0.20982490,0.33864770,0.99122990,0.00006105,0.00042735,0.00506715,0.01111110,3.65801800,3.31652900,1.81684800,1.11062200,0.60769170,1.10402800,0.80036550,0.71990160,3.30127900,3.30219400,0.79677580,5.08128000,5.07056000,0.00427350, 2, 255, 7, 24,0x50000,No,No,No,No,No,Yes,No,Yes
2026-04-13 20:10:03,0.0,1500,500,,500,500,44,,200,,,648,,63.7,0.7200,0.6000,0.6000,1.1000,0.00000000,0.05953173,0.12491900,0.01073523,0.00000000,0.21080090,0.33767180,0.97336990,0.00006105,0.00042735,0.00598290,0.01123320,3.65894600,3.30817700,1.81684800,1.11062200,0.60622650,1.10073200,0.80292960,0.71963300,3.29944700,3.30311000,0.79794790,5.04778000,5.04242000,0.00427350, 2, 255, 7, 24,0x50000,No,No,No,No,No,Yes,No,Yes
2026-04-13 20:10:05,0.0,1500,500,,500,500,44,,200,,,648,,64.2,0.7200,0.6000,0.6000,1.1000,0.00000000,0.06050766,0.12491900,0.00390372,0.00000000,0.21080090,0.33571990,0.97336990,0.00006105,0.00054945,0.00598290,0.01123320,3.64781100,3.31931300,1.78852100,1.11208700,0.60622650,1.10329600,0.79963290,0.72017020,3.30127900,3.30402600,0.79736190,5.05984000,5.05448000,0.00341880, 2, 255, 7, 24,0x50000,No,No,No,No,No,Yes,No,Yes
2026-04-13 20:10:07,1.8,2400,910,,910,960,44,,200,,,648,,64.8,0.8679,0.6000,0.6000,1.1000,0.00000000,0.05855580,0.12882280,0.00683151,0.00000000,0.21275270,0.33376810,1.54489000,0.00012210,0.00073260,0.00482295,0.01086690,3.63110700,3.31281700,1.79926600,1.11355200,0.60805800,1.09999900,0.80292960,0.86979160,3.30219400,3.30311000,0.79765500,5.04376000,5.01562000,0.00427350, 2, 255, 7, 24,0x50000,No,No,No,No,No,Yes,No,Yes
2026-04-13 20:10:09,0.2,2400,910,,910,960,44,,200,,,648,,64.2,0.8679,0.6000,0.6000,1.1000,0.00000000,0.06050766,0.13077460,0.00683151,0.00000000,0.21275270,0.38842010,1.58954000,0.00018315,0.00042735,0.00573870,0.01159950,3.60141300,3.31003300,1.79926600,1.10439400,0.60659280,1.10146400,0.79963290,0.86925430,3.30036300,3.30311000,0.79765500,4.99418000,5.01562000,0.00427350, 2, 255, 7, 24,0x50000,No,No,No,No,No,Yes,No,Yes
2026-04-13 20:10:11,0.0,2400,910,,910,960,43,,200,,,648,,64.2,0.8679,0.6000,0.6000,1.1000,0.00000000,0.09173742,0.12979870,0.00390372,0.00000000,0.35816630,0.48796500,1.56275000,0.00018315,0.00042735,0.00537240,0.01147740,3.62925200,3.31560100,1.82124300,1.10622600,0.60183090,1.09853400,0.79890030,0.86952300,3.29944700,3.29944700,0.79736190,4.98346000,4.97944000,0.00427350, 2, 255, 7, 24,0x50000,No,No,No,No,No,Yes,No,Yes
2026-04-13 20:10:13,3.0,2400,910,,910,960,44,,200,,,648,,65.3,0.8679,0.6000,0.6000,1.1000,0.00000000,0.09856894,0.12979870,0.00780744,0.00000000,0.36792560,0.46356680,1.55382000,0.00018315,0.00042735,0.00543345,0.01086690,3.59213300,3.31467300,1.80659200,1.10695900,0.60329610,1.09816700,0.79999920,0.86925430,3.30036300,3.30127900,0.79736190,4.97542000,5.01696000,0.00427350, 2, 255, 7, 24,0x50000,No,No,No,No,No,Yes,No,Yes
2026-04-13 20:10:15,0.2,2400,910,,910,960,44,,200,,,648,,64.8,0.8679,0.6000,0.6000,1.1000,0.00000000,0.09466522,0.13175060,0.00683151,0.00000000,0.28009190,0.34450330,1.58954000,0.00006105,0.00048840,0.00598290,0.01196580,3.62368400,3.31003300,1.80024200,1.10805800,0.60036570,1.10183000,0.80292960,0.86925430,3.30219400,3.30402600,0.79677580,5.00892000,5.01964000,0.00427350, 2, 255, 7, 24,0x50000,No,No,No,No,No,Yes,No,Yes
2026-04-13 20:10:18,0.2,2400,910,,910,960,43,,200,,,648,,65.3,0.8679,0.6000,0.6000,1.1000,0.00000000,0.09271335,0.12979870,0.00487965,0.00000000,0.34255140,0.33962360,1.58954000,0.00018315,0.00036630,0.00506715,0.01196580,3.62182800,3.31281700,1.80024200,1.11062200,0.60073200,1.10329600,0.80073180,0.86925430,3.30036300,3.30311000,0.79765500,5.00624000,4.99552000,0.00427350, 2, 255, 7, 24,0x50000,No,No,No,No,No,Yes,No,Yes
2026-04-13 20:10:20,3.5,1500,500,,500,500,44,,200,,,648,,65.3,0.7200,0.6000,0.6000,1.1000,0.00000000,0.08295405,0.12589500,0.00292779,0.00000000,0.21763240,0.34840700,1.02695000,0.00018315,0.00018315,0.00561660,0.01159950,3.64038700,3.31281700,1.81684800,1.11355200,0.60586020,1.10109800,0.79963290,0.72043880,3.30219400,3.30311000,0.79794790,5.02634000,5.03840000,0.00427350, 2, 255, 7, 24,0x50000,No,No,No,No,No,Yes,No,Yes
2026-04-13 20:10:22,0.3,1500,500,,500,500,44,,200,,,648,,64.8,0.7200,0.6000,0.6000,1.1000,0.00000000,0.08100219,0.12491900,0.00390372,0.00000000,0.22543980,0.34157550,1.01802000,0.00006105,0.00018315,0.00586080,0.01159950,3.63667500,3.31096100,1.81684800,1.10439400,0.60879060,1.10329600,0.79816780,0.72017020,3.29944700,3.30127900,0.79765500,4.99418000,5.03170000,0.00427350, 2, 255, 7, 24,0x50000,No,No,No,No,No,Yes,No,Yes
2026-04-13 20:10:24,0.2,1500,500,,500,500,44,,200,,,648,,63.1,0.7200,0.6000,0.6000,1.1000,0.00000000,0.06538731,0.12589500,0.00780744,0.00000000,0.21665650,0.33864770,1.00909000,0.00006105,0.00042735,0.00482295,0.01184370,3.62554000,3.30446500,1.81684800,1.10292900,0.60073200,1.10146400,0.79816780,0.72017020,3.30036300,3.30219400,0.79677580,5.01026000,5.03304000,0.00427350, 2, 255, 7, 24,0x50000,No,No,No,No,No,Yes,No,Yes
2026-04-13 20:10:26,0.5,2400,910,,910,960,44,,200,,,648,,65.3,0.8679,0.6000,0.6000,1.1000,0.00000000,0.08783370,0.12784680,0.00780744,0.00000000,0.36792560,0.48015760,1.58061000,0.00006105,0.00054945,0.00482295,0.01123320,3.62182800,3.31467300,1.78852100,1.10439400,0.59999940,1.09853400,0.79963290,0.86952300,3.29853100,3.30402600,0.79794790,5.02232000,4.95130000,0.00427350, 2, 255, 7, 24,0x50000,No,No,No,No,No,Yes,No,Yes
2026-04-13 20:10:28,0.8,2400,910,,910,960,44,,200,,,648,,65.9,0.8679,0.6000,0.6000,1.1000,0.00000000,0.08490592,0.12882280,0.00683151,0.00000000,0.36597380,0.33571990,1.56275000,0.00006105,0.00054945,0.00525030,0.01172160,3.61626000,3.31281700,1.80024200,1.10769100,0.60366240,1.09853400,0.80073180,0.86979160,3.30127900,3.30402600,0.79706880,5.01026000,4.98614000,0.00427350, 2, 255, 7, 24,0x50000,No,No,No,No,No,Yes,No,Yes
2026-04-13 20:10:30,1.8,1500,500,,500,500,44,,200,,,648,,64.8,0.7200,0.6000,0.6000,1.1000,0.00000000,0.08490592,0.12199130,0.00975930,0.00000000,0.36792560,0.48796500,1.00016000,0.00006105,0.00018315,0.00525030,0.01086690,3.63574700,3.31188900,1.82124300,1.10146400,0.60073200,1.09926600,0.79890030,0.72017020,3.29853100,3.30585700,0.79794790,5.02768000,4.99284000,0.00427350, 2, 255, 7, 24,0x50000,No,No,No,No,No,Yes,No,Yes
2026-04-13 20:10:33,0.3,1500,500,,500,500,44,,200,,,648,,64.8,0.7200,0.6000,0.6000,1.1000,0.00000000,0.06245952,0.12589500,0.00975930,0.00000000,0.22056020,0.49284470,1.01802000,0.00030525,0.00054945,0.00531135,0.01172160,3.63760300,3.31096100,1.78852100,1.10769100,0.59890050,1.09926600,0.79963290,0.72017020,3.30127900,3.30219400,0.79736190,5.03036000,4.99820000,0.00427350, 2, 255, 7, 24,0x50000,No,No,No,No,No,Yes,No,Yes
2026-04-13 20:10:35,3.8,2400,910,,910,960,44,,200,,,648,,65.3,0.8679,0.6000,0.6000,1.1000,0.00000000,0.09271335,0.12882280,0.00585558,0.00000000,0.37378120,0.44795190,1.55382000,0.00012210,0.00036630,0.00482295,0.01135530,3.62739600,3.31467300,1.80024200,1.10732500,0.60073200,1.09926600,0.79926660,0.86979160,3.29944700,3.30219400,0.79765500,4.98346000,4.99150000,0.00427350, 2, 255, 7, 24,0x50000,No,No,No,No,No,Yes,No,Yes
2026-04-13 20:10:37,0.2,2400,910,,910,960,44,,200,,,648,,65.3,0.8679,0.6000,0.6000,1.1000,0.00000000,0.09173742,0.12589500,0.00292779,0.00000000,0.36890160,0.47820570,1.57168000,0.00024420,0.00018315,0.00537240,0.01111110,3.61440400,3.30632200,1.79389300,1.10732500,0.60805800,1.09999900,0.79853400,0.86925430,3.29853100,3.30127900,0.79765500,4.98480000,4.99016000,0.00341880, 2, 255, 7, 24,0x50000,No,No,No,No,No,Yes,No,Yes
2026-04-13 20:10:39,0.2,1500,500,,500,500,44,,200,,,648,,65.3,0.7200,0.6000,0.6000,1.1000,0.00000000,0.08295405,0.12101530,0.00487965,0.00000000,0.34352740,0.49382060,1.00016000,0.00006105,0.00042735,0.00525030,0.01111110,3.62925200,3.30632200,1.81684800,1.10879000,0.60109830,1.09853400,0.79999920,0.71990160,3.29853100,3.30402600,0.79677580,5.02098000,5.02902000,0.00427350, 2, 255, 7, 24,0x50000,No,No,No,No,No,Yes,No,Yes
2026-04-13 20:10:41,0.0,1500,500,,500,500,44,,200,,,648,,65.9,0.7200,0.6000,0.6000,1.1000,0.00000000,0.06050766,0.12491900,0.00487965,0.00000000,0.20787310,0.33864770,0.98229990,0.00006105,0.00042735,0.00610500,0.01135530,3.64038700,3.31003300,1.79926600,1.11208700,0.60769170,1.10329600,0.80146440,0.71990160,3.29944700,3.30311000,0.79677580,5.05850000,5.06386000,0.00427350, 2, 255, 7, 24,0x50000,No,No,No,No,No,Yes,No,Yes
2026-04-13 20:10:43,0.0,1500,500,,500,500,44,,200,,,648,,63.1,0.7200,0.6000,0.6000,1.1000,0.00000000,0.06148359,0.12491900,0.00487965,0.00000000,0.20884900,0.33571990,1.00016000,0.00018315,0.00042735,0.00476190,0.01123320,3.65245000,3.31003300,1.78852100,1.10805800,0.60769170,1.10476100,0.80036550,0.71990160,3.30036300,3.30402600,0.79677580,5.05180000,5.05850000,0.00427350, 2, 255, 7, 24,0x50000,No,No,No,No,No,Yes,No,Yes
2026-04-13 20:10:45,1.8,2400,910,,910,960,44,,200,,,648,,64.8,0.8679,0.6000,0.6000,1.1000,0.00000000,0.07612254,0.12979870,0.00292779,0.00000000,0.21568060,0.49479650,1.57168000,0.00006105,0.00018315,0.00506715,0.01184370,3.62832400,3.31281700,1.78754400,1.10915600,0.60622650,1.09999900,0.79963290,0.86979160,3.30219400,3.30494200,0.79794790,5.01160000,4.95800000,0.00427350, 2, 255, 7, 24,0x50000,No,No,No,No,No,Yes,No,Yes
2026-04-13 20:10:47,0.0,2400,910,,910,960,44,,200,,,648,,65.9,0.8679,0.6000,0.6000,1.1000,0.00000000,0.06148359,0.12784680,0.00390372,0.00000000,0.21275270,0.48210940,1.58954000,0.00018315,0.00054945,0.00586080,0.01172160,3.62925200,3.31096100,1.78852100,1.10439400,0.60292980,1.10146400,0.79963290,0.86979160,3.30311000,3.30311000,0.79794790,4.97274000,4.98346000,0.00427350, 2, 255, 7, 24,0x50000,No,No,No,No,No,Yes,No,Yes
2026-04-13 20:10:50,0.5,2400,910,,910,960,44,,200,,,648,,65.9,0.8679,0.6000,0.6000,1.1000,0.00000000,0.08392998,0.13077460,0.00390372,0.00000000,0.36792560,0.48601320,1.58061000,0.00012210,0.00036630,0.00482295,0.01111110,3.62182800,3.31003300,1.79926600,1.10622600,0.60109830,1.09853400,0.79926660,0.86979160,3.29944700,3.30036300,0.79794790,4.96872000,4.98480000,0.00427350, 2, 255, 7, 24,0x50000,No,No,No,No,No,Yes,No,Yes
2026-04-13 20:10:52,2.2,1500,500,,500,500,44,,200,,,648,,64.8,0.7200,0.6000,0.6000,1.1000,0.00000000,0.08490592,0.12589500,0.00292779,0.00000000,0.36597380,0.38451640,1.00016000,0.00006105,0.00042735,0.00537240,0.01172160,3.63018000,3.31560100,1.79926600,1.11062200,0.59999940,1.09999900,0.79963290,0.71990160,3.30127900,3.30402600,0.79765500,5.04778000,5.05984000,0.00427350, 2, 255, 7, 24,0x50000,No,No,No,No,No,Yes,No,Yes
2026-04-13 20:10:54,0.0,1500,500,,500,500,44,,200,,,648,,64.8,0.7200,0.6000,0.6000,1.1000,0.00000000,0.08295405,0.12687090,0.00097593,0.00000000,0.21763240,0.34059960,1.00909000,0.00006105,0.00018315,0.00531135,0.01172160,3.62182800,3.31188900,1.82124300,1.10732500,0.60219720,1.10109800,0.79816780,0.72043880,3.30219400,3.30127900,0.79736190,4.96336000,5.04108000,0.00427350, 2, 255, 7, 24,0x50000,No,No,No,No,No,Yes,No,Yes
2026-04-13 20:10:56,0.0,1500,500,,500,500,44,,200,,,648,,62.6,0.7200,0.6000,0.6000,1.1000,0.00000000,0.06148359,0.12491900,0.00585558,0.00000000,0.21470460,0.38744420,1.00909000,0.00006105,0.00018315,0.00543345,0.01196580,3.63574700,3.31188900,1.82124300,1.11025500,0.60146460,1.10146400,0.79926660,0.71963300,3.30036300,3.30219400,0.79765500,5.00624000,5.00624000,0.00427350, 2, 255, 7, 24,0x50000,No,No,No,No,No,Yes,No,Yes
2026-04-13 20:10:58,6.5,2400,910,,910,960,44,,200,,,648,,65.9,0.8679,0.6000,0.6000,1.1000,0.00000000,0.06538731,0.12979870,0.00487965,0.00000000,0.21470460,0.45185560,1.58061000,0.00012210,0.00036630,0.00518925,0.01159950,3.63945900,3.30910500,1.79926600,1.10695900,0.60952320,1.10146400,0.79963290,0.87006020,3.29944700,3.30311000,0.79736190,4.97274000,4.93254000,0.00427350, 2, 255, 7, 24,0x50000,No,No,No,No,No,Yes,No,Yes
2026-04-13 20:11:00,0.0,2400,910,,910,960,44,,200,,,648,,66.4,0.8679,0.6000,0.6000,1.1000,0.00000000,0.06733918,0.12784680,0.00878337,0.00000000,0.36597380,0.48796500,1.57168000,0.00018315,0.00042735,0.00543345,0.01147740,3.60698000,3.31467300,1.82124300,1.11208700,0.60622650,1.09926600,0.79926660,0.86952300,3.29853100,3.30311000,0.79677580,4.99284000,4.96872000,0.00427350, 2, 255, 7, 24,0x50000,No,No,No,No,No,Yes,No,Yes
2026-04-13 20:11:02,0.2,1500,500,,500,500,44,,200,,,648,,65.3,0.7200,0.6000,0.6000,1.1000,0.00000000,0.09271335,0.12687090,0.00780744,0.00000000,0.34157550,0.34157550,1.00909000,0.00018315,0.00042735,0.00567765,0.01172160,3.62554000,3.30817700,1.81684800,1.10292900,0.60146460,1.10109800,0.80292960,0.72017020,3.30219400,3.30402600,0.79794790,5.01428000,5.02232000,0.00341880, 2, 255, 7, 24,0x50000,No,No,No,No,No,Yes,No,Yes
2026-04-13 20:11:05,0.0,1500,500,,500,500,44,,200,,,648,,64.2,0.7200,0.6000,0.6000,1.1000,0.00000000,0.09076149,0.12589500,0.00292779,0.00000000,0.36499780,0.33669580,1.00909000,0.00018315,0.00048840,0.00506715,0.01172160,3.63296300,3.29889800,1.79926600,1.11208700,0.60183090,1.09999900,0.80329590,0.72017020,3.29944700,3.30311000,0.79824100,5.01562000,5.03840000,0.00427350, 2, 255, 7, 24,0x50000,No,No,No,No,No,Yes,No,Yes
2026-04-13 20:11:07,1.5,2400,910,,910,960,44,,200,,,648,,67.5,0.8679,0.6000,0.6000,1.1000,0.00000000,0.09076149,0.13175060,0.03220569,0.00294120,0.33962360,0.49186870,5.04545000,0.00006105,0.00042735,0.00506715,0.01184370,3.57171800,3.31003300,1.79828900,1.10439400,0.60109830,1.09853400,0.79963290,0.86952300,3.30127900,3.30402600,0.79677580,4.86822000,4.84812000,0.00427350, 2, 255, 7, 24,0x50000,No,No,No,No,No,Yes,No,Yes
2026-04-13 20:11:09,0.7,2400,910,,910,960,44,,200,,,648,,66.4,0.8679,0.6000,0.6000,1.1000,0.00000000,0.09173742,0.12979870,0.00975930,0.00000000,0.39037200,0.38744420,1.57168000,0.00018315,0.00042735,0.00586080,0.01172160,3.62182800,3.31281700,1.79926600,1.10805800,0.60402870,1.10183000,0.79890030,0.86979160,3.29944700,3.30127900,0.79677580,4.98882000,5.00356000,0.00427350, 2, 255, 7, 24,0x50000,No,No,No,No,No,Yes,No,Yes
2026-04-13 20:11:11,0.3,1500,500,,500,500,44,,200,,,648,,65.3,0.7200,0.6000,0.6000,1.1000,0.00000000,0.12784680,0.15517290,0.00780744,0.00000000,0.37866080,0.48113350,1.03588000,0.00006105,0.00042735,0.00543345,0.01123320,3.62925200,3.29518600,1.81684800,1.10439400,0.60073200,1.09853400,0.79926660,0.71990160,3.29853100,3.30402600,0.79765500,4.99016000,4.99418000,0.00427350, 2, 255, 7, 24,0x50000,No,No,No,No,No,Yes,No,Yes
2026-04-13 20:11:13,0.3,1500,500,,500,500,44,,200,,,648,,64.8,0.7200,0.6000,0.6000,1.1000,0.00000000,0.07319475,0.12394310,0.00487965,0.00000000,0.36987750,0.48894090,1.01802000,0.00006105,0.00018315,0.00537240,0.01196580,3.62925200,3.31188900,1.81733600,1.11355200,0.60879060,1.09853400,0.79963290,0.71963300,3.29944700,3.30311000,0.79794790,5.01026000,5.00356000,0.00427350, 2, 255, 7, 24,0x50000,No,No,No,No,No,Yes,No,Yes
2026-04-13 20:11:15,4.0,2400,910,,910,960,44,,200,,,648,,66.4,0.8679,0.6000,0.6000,1.1000,0.00000000,0.08880963,0.12979870,0.00683151,0.00000000,0.36890160,0.48796500,1.57168000,0.00018315,0.00042735,0.00586080,0.01172160,3.61811600,3.31281700,1.80024200,1.10586000,0.60366240,1.10183000,0.79999920,0.86952300,3.30036300,3.30219400,0.79765500,5.01026000,4.97542000,0.00427350, 2, 255, 7, 24,0x50000,No,No,No,No,No,Yes,No,Yes
2026-04-13 20:11:17,0.2,2400,910,,910,960,44,,200,,,648,,65.9,0.8679,0.6000,0.6000,1.1000,0.00000000,0.08490592,0.12882280,0.00683151,0.00000000,0.37085340,0.48894090,1.59847000,0.00012210,0.00036630,0.00586080,0.01172160,3.61533200,3.30910500,1.82124300,1.11025500,0.60879060,1.10329600,0.79816780,0.86898570,3.29944700,3.30127900,0.79677580,4.98212000,5.01160000,0.00427350, 2, 255, 7, 24,0x50000,No,No,No,No,No,Yes,No,Yes
2026-04-13 20:11:19,0.0,2400,910,,910,960,44,,200,,,648,,65.9,0.8679,0.6000,0.6000,1.1000,0.00000000,0.11320790,0.12784680,0.00487965,0.00000000,0.36987750,0.49089280,1.58954000,0.00018315,0.00036630,0.00543345,0.01172160,3.62275600,3.31281700,1.79828900,1.10622600,0.60549390,1.09999900,0.79926660,0.86952300,3.30036300,3.30219400,0.79765500,5.00624000,4.99418000,0.00427350, 2, 255, 7, 24,0x50000,No,No,No,No,No,Yes,No,Yes
2026-04-13 20:11:22,3.0,2400,910,,910,960,44,,200,,,648,,65.3,0.8679,0.6000,0.6000,1.1000,0.00000000,0.09076149,0.13175060,0.00487965,0.00000000,0.34059960,0.48113350,1.59847000,0.00012210,0.00036630,0.00561660,0.01172160,3.62275600,3.30910500,1.80024200,1.10695900,0.60695910,1.09890000,0.79816780,0.86898570,3.30036300,3.30311000,0.79794790,4.97408000,4.98748000,0.00427350, 2, 255, 7, 24,0x50000,No,No,No,No,No,Yes,No,Yes
2026-04-13 20:11:24,6.8,2400,910,,910,960,44,,200,,,648,,66.4,0.8679,0.6000,0.6000,1.1000,0.00000000,0.09173742,0.12979870,0.07026696,0.00000000,0.24691030,0.44892780,1.59847000,0.00018315,0.00042735,0.00506715,0.01172160,3.62461200,3.31281700,1.79096300,1.10769100,0.60586020,1.09890000,0.79999920,0.86952300,3.30036300,3.30402600,0.79765500,4.98614000,4.98614000,0.00427350, 2, 255, 7, 24,0x50000,No,No,No,No,No,Yes,No,Yes
2026-04-13 20:11:26,0.5,2400,910,,910,960,44,,200,,,648,,67.0,0.8679,0.6000,0.6000,1.1000,0.00000000,0.09271335,0.13077460,0.00292779,0.00000000,0.24495840,0.44892780,1.59847000,0.00012210,0.00042735,0.00561660,0.01147740,3.59306100,3.31281700,1.82124300,1.10109800,0.59963310,1.09999900,0.80219700,0.86952300,3.30036300,3.30402600,0.79677580,4.98078000,4.95532000,0.00427350, 2, 255, 7, 24,0x50000,No,No,No,No,No,Yes,No,Yes
2026-04-13 20:11:28,2.0,1500,500,,500,500,44,,200,,,648,,66.4,0.7200,0.6000,0.6000,1.1000,0.00000000,0.07417068,0.12394310,0.00585558,0.00000000,0.36597380,0.48991690,1.03588000,0.00018315,0.00042735,0.00586080,0.01172160,3.62925200,3.31281700,1.81733600,1.10805800,0.60146460,1.10036500,0.79890030,0.72017020,3.29944700,3.30402600,0.79677580,5.00490000,4.99954000,0.00427350, 2, 255, 7, 24,0x50000,No,No,No,No,No,Yes,No,Yes
2026-04-13 20:11:30,0.3,1500,500,,500,500,44,,200,,,648,,63.7,0.7200,0.6000,0.6000,1.1000,0.06245952,0.09368929,0.12491900,0.00683151,0.00000000,0.34157550,0.48210940,1.02695000,0.00006105,0.00042735,0.00586080,0.01159950,3.62090000,3.31838500,1.81684800,1.10732500,0.60036570,1.09853400,0.79963290,0.71990160,3.30219400,3.30494200,0.79736190,4.94996000,4.98748000,0.00427350, 2, 255, 7, 24,0x50000,No,No,No,No,No,Yes,No,Yes
2026-04-13 20:11:32,0.3,1500,500,,500,500,44,,200,,,648,,64.8,0.7200,0.6000,0.6000,1.1000,0.04196499,0.09076149,0.12491900,0.00487965,0.00000000,0.36792560,0.48113350,1.00909000,0.00024420,0.00018315,0.00525030,0.01184370,3.61718800,3.31281700,1.78754400,1.10769100,0.60329610,1.09853400,0.79926660,0.71990160,3.29853100,3.30585700,0.79736190,5.00624000,5.01160000,0.00427350, 2, 255, 7, 24,0x50000,No,No,No,No,No,Yes,No,Yes
2026-04-13 20:11:34,8.5,2400,910,,910,960,44,,200,,,648,,65.9,0.8679,0.6000,0.6000,1.1000,0.05855580,0.08978556,0.12784680,0.00683151,0.00000000,0.38158860,0.48015760,1.56275000,0.00018315,0.00036630,0.00561660,0.01172160,3.58842100,3.31188900,1.79926600,1.10439400,0.60549390,1.10036500,0.79853400,0.86925430,3.30036300,3.30036300,0.79824100,4.99418000,4.98614000,0.00427350, 2, 255, 7, 24,0x50000,No,No,No,No,No,Yes,No,Yes
2026-04-13 20:11:37,5.8,2400,910,,910,960,44,,200,,,648,,66.4,0.8679,0.6000,0.6000,1.1000,0.00000000,0.08392998,0.12979870,0.00780744,0.00000000,0.35719040,0.48796500,1.60740000,0.00006105,0.00042735,0.00586080,0.01184370,3.62182800,3.31281700,1.79926600,1.11062200,0.60146460,1.09853400,0.79890030,0.86952300,3.29944700,3.30219400,0.79677580,4.99418000,4.97140000,0.00427350, 2, 255, 7, 24,0x50000,No,No,No,No,No,Yes,No,Yes
2026-04-13 20:11:39,0.3,1500,500,,500,500,44,,200,,,648,,64.8,0.7200,0.6000,0.6000,1.1000,0.00000000,0.08197812,0.12296720,0.00683151,0.00000000,0.34255140,0.48796500,1.02695000,0.00018315,0.00042735,0.00525030,0.01135530,3.63667500,3.31467300,1.81684800,1.10805800,0.60366240,1.09853400,0.80073180,0.72017020,3.30127900,3.30311000,0.79677580,5.02499900,5.00356000,0.00427350, 2, 255, 7, 24,0x50000,No,No,No,No,No,Yes,No,Yes
2026-04-13 20:11:41,1.3,1500,500,,500,500,44,,200,,,648,,65.3,0.7854,0.6000,0.6000,1.1000,0.00000000,0.09661707,0.12784680,0.00292779,0.00000000,0.36987750,0.48406130,1.21448000,0.00018315,0.00042735,0.00506715,0.01172160,3.63389100,3.31281700,1.79389300,1.10622600,0.59999940,1.10146400,0.79816780,0.79028010,3.30219400,3.30311000,0.79736190,4.99820000,4.97810000,0.00427350, 2, 255, 7, 24,0x50000,No,No,No,No,No,Yes,No,Yes
2026-04-13 20:11:43,0.3,1500,500,,500,500,44,,200,,,648,,64.8,0.7200,0.6000,0.6000,1.1000,0.00000000,0.08880963,0.12394310,0.00585558,0.00000000,0.36987750,0.48796500,1.02695000,0.00006105,0.00054945,0.00506715,0.01172160,3.64688300,3.30817700,1.78754400,1.10805800,0.60036570,1.09926600,0.79963290,0.72017020,3.29944700,3.30402600,0.79677580,5.03572000,4.97810000,0.00427350, 2, 255, 7, 24,0x50000,No,No,No,No,No,Yes,No,Yes
2026-04-13 20:11:45,0.3,1500,500,,500,500,44,,200,,,648,,64.8,0.7200,0.6000,0.6000,1.1000,0.00000000,0.08978556,0.12979870,0.09954486,0.00000000,0.34157550,0.49382060,1.52703000,0.00006105,0.00042735,0.00561660,0.01159950,3.61718800,3.31560100,1.81684800,1.10146400,0.60366240,1.09816700,0.79963290,0.71990160,3.29853100,3.30494200,0.79765500,4.98480000,4.99552000,0.00427350, 2, 255, 7, 24,0x50000,No,No,No,No,No,Yes,No,Yes
2026-04-13 20:11:47,13.1,2400,910,,910,960,43,,200,,,648,,67.0,0.8679,0.6000,0.6000,1.1000,0.00000000,0.09076149,0.12979870,0.12784680,0.00000000,0.27911600,0.47918160,1.61633000,0.00012210,0.00042735,0.00610500,0.01135530,3.61254800,3.31560100,1.78852100,1.10622600,0.60659280,1.10036500,0.79890030,0.86952300,3.30036300,3.30127900,0.79736190,4.94728000,5.00758000,0.00427350, 2, 255, 7, 24,0x50000,No,No,No,No,No,Yes,No,Yes
2026-04-13 20:11:49,0.3,2400,910,,910,960,44,,200,,,648,,65.9,0.8679,0.6000,0.6000,1.1000,0.00000000,0.06733918,0.12882280,0.00683151,0.00000000,0.36792560,0.48991690,1.61633000,0.00018315,0.00067155,0.00586080,0.01196580,3.62925200,3.31281700,1.80024200,1.11062200,0.60695910,1.09926600,0.79999920,0.87032880,3.29944700,3.30494200,0.79677580,5.00758000,4.97274000,0.00427350, 2, 255, 7, 24,0x50000,No,No,No,No,No,Yes,No,Yes
2026-04-13 20:11:52,0.5,1500,500,,500,500,44,,200,,,648,,65.9,0.7200,0.6000,0.6000,1.1000,0.00000000,0.06636324,0.12491900,0.00683151,0.00000000,0.37182930,0.48991690,1.02695000,0.00006105,0.00054945,0.00476190,0.01159950,3.62646800,3.31003300,1.78803200,1.11062200,0.60146460,1.09853400,0.79963290,0.72070740,3.30219400,3.30311000,0.79765500,5.00490000,4.99418000,0.00427350, 2, 255, 7, 24,0x50000,No,No,No,No,No,Yes,No,Yes
2026-04-13 20:11:54,0.2,2400,910,,910,960,44,,200,,,648,,65.9,0.8679,0.6000,0.6000,1.1000,0.00000000,0.06538731,0.12979870,0.00878337,0.00000000,0.37085340,0.49089280,1.59847000,0.00018315,0.00054945,0.00586080,0.01147740,3.62182800,3.30910500,1.80024200,1.10879000,0.60402870,1.09853400,0.79890030,0.86952300,3.29944700,3.30219400,0.79736190,4.99552000,4.97274000,0.00427350, 2, 255, 7, 24,0x50000,No,No,No,No,No,Yes,No,Yes
2026-04-13 20:11:56,0.0,2400,910,,910,960,44,,200,,,648,,67.0,0.8679,0.6000,0.6000,1.1000,0.00000000,0.08783370,0.12979870,0.01073523,0.00000000,0.36890160,0.49382060,1.60740000,0.00018315,0.00042735,0.00598290,0.01159950,3.62368400,3.31281700,1.79828900,1.10439400,0.60476130,1.10329600,0.79890030,0.86979160,3.30036300,3.30219400,0.79765500,4.99016000,4.98614000,0.00427350, 2, 255, 7, 24,0x50000,No,No,No,No,No,Yes,No,Yes
2026-04-13 20:11:58,2.2,2400,910,,910,960,44,,200,,,648,,66.4,0.8679,0.6000,0.6000,1.1000,0.00000000,0.14541360,0.16200440,0.01463895,0.00000000,0.36597380,0.49186870,1.60740000,0.00018315,0.00042735,0.00518925,0.01172160,3.59306100,3.30353800,1.81684800,1.11098800,0.60036570,1.09926600,0.79743510,0.86952300,3.29944700,3.30402600,0.79677580,4.97810000,4.96202000,0.00427350, 2, 255, 7, 24,0x50000,No,No,No,No,No,Yes,No,Yes
2026-04-13 20:12:00,0.2,2400,910,,910,960,44,,200,,,648,,67.0,0.8679,0.6000,0.6000,1.1000,0.00000000,0.08685777,0.12882280,0.00878337,0.00000000,0.22446390,0.38744420,1.60740000,0.00024420,0.00054945,0.00537240,0.01159950,3.61718800,3.31838500,1.78852100,1.10512700,0.60476130,1.09999900,0.80073180,0.86979160,3.29944700,3.30127900,0.79677580,5.00356000,4.97140000,0.00427350, 2, 255, 7, 24,0x50000,No,No,No,No,No,Yes,No,Yes
2026-04-13 20:12:02,0.3,2400,910,,910,960,44,,200,,,648,,67.0,0.8679,0.6000,0.6000,1.1000,0.00000000,0.09271335,0.13175060,0.00780744,0.00000000,0.36987750,0.48894090,1.58061000,0.00012210,0.00042735,0.00537240,0.01159950,3.61254800,3.31560100,1.80024200,1.10769100,0.60366240,1.10183000,0.79816780,0.86979160,3.30127900,3.30127900,0.79794790,4.97408000,4.99418000,0.00427350, 2, 255, 7, 24,0x50000,No,No,No,No,No,Yes,No,Yes
2026-04-13 20:12:04,1.8,2400,910,,910,960,44,,200,,,648,,67.0,0.8679,0.6000,0.6000,1.1000,0.00000000,0.09661707,0.13077460,0.00585558,0.00000000,0.36890160,0.51431510,2.40217000,0.00012210,0.00042735,0.00482295,0.01159950,3.61811600,3.31560100,1.78852100,1.10622600,0.60109830,1.10109800,0.79926660,0.86979160,3.30036300,3.30311000,0.79736190,4.98748000,5.00624000,0.00427350, 2, 255, 7, 24,0x50000,No,No,No,No,No,Yes,No,Yes
2026-04-13 20:12:06,0.0,2400,910,,910,960,44,,200,,,648,,67.5,0.8679,0.6000,0.6000,1.1000,0.00000000,0.08100219,0.12882280,0.00585558,0.00000000,0.36890160,0.49186870,1.62526000,0.00006105,0.00042735,0.00543345,0.01147740,3.59584500,3.31281700,1.79926600,1.10805800,0.60622650,1.10292900,0.79816780,0.86952300,3.29944700,3.30402600,0.79677580,4.94058000,4.90842000,0.00427350, 2, 255, 7, 24,0x50000,No,No,No,No,No,Yes,No,Yes
2026-04-13 20:12:09,0.2,2400,910,,910,960,43,,200,,,648,,67.0,0.8679,0.6000,0.6000,1.1000,0.00000000,0.09076149,0.12979870,0.00780744,0.00000000,0.28009190,0.38549240,1.61633000,0.00012210,0.00042735,0.00573870,0.01111110,3.61347600,3.31467300,1.78900900,1.10439400,0.60036570,1.09780100,0.79963290,0.86898570,3.30127900,3.30311000,0.79824100,4.98480000,5.00624000,0.00427350, 2, 255, 7, 24,0x50000,No,No,No,No,No,Yes,No,Yes
2026-04-13 20:12:11,2.0,2400,910,,910,960,44,,200,,,648,,67.0,0.8679,0.6000,0.6000,1.1000,0.00000000,0.06636324,0.13175060,0.00878337,0.00000000,0.38939610,0.48991690,1.60740000,0.00012210,0.00042735,0.00518925,0.01196580,3.62739600,3.30539300,1.80024200,1.11355200,0.60036570,1.10036500,0.79816780,0.87006020,3.30219400,3.30311000,0.79736190,5.01160000,4.93522000,0.00427350, 2, 255, 7, 24,0x50000,No,No,No,No,No,Yes,No,Yes
2026-04-13 20:12:13,1.3,2400,910,,910,960,44,,200,,,648,,68.1,0.8679,0.6000,0.6000,1.1000,0.00000000,0.06733918,0.12882280,0.00292779,0.00000000,0.36890160,0.49577240,1.80386000,0.00012210,0.00042735,0.00586080,0.01172160,3.61347600,3.31096100,1.81684800,1.10439400,0.60036570,1.10036500,0.79816780,0.86952300,3.30036300,3.30311000,0.79765500,4.97810000,4.97810000,0.00427350, 2, 255, 7, 24,0x50000,No,No,No,No,No,Yes,No,Yes
2026-04-13 20:12:15,0.2,2400,910,,910,960,44,,200,,,648,,66.4,0.8679,0.6000,0.6000,1.1000,0.00000000,0.07124290,0.13077460,0.00975930,0.00000000,0.36792560,0.48698910,1.61633000,0.00012210,0.00061050,0.00531135,0.01159950,3.61626000,3.30817700,1.78852100,1.10769100,0.60402870,1.09926600,0.79853400,0.87032880,3.30036300,3.30219400,0.79765500,5.01160000,4.96872000,0.00427350, 2, 255, 7, 24,0x50000,No,No,No,No,No,Yes,No,Yes
2026-04-13 20:12:17,1.5,2400,910,,910,960,44,,200,,,648,,66.4,0.8679,0.6000,0.6000,1.1000,0.00000000,0.10149670,0.12979870,0.00683151,0.00000000,0.36987750,0.45087970,1.61633000,0.00012210,0.00042735,0.00531135,0.01086690,3.61440400,3.31188900,1.81684800,1.10439400,0.60109830,1.10402800,0.79890030,0.87032880,3.30036300,3.30219400,0.79765500,4.98078000,5.00624000,0.00427350, 2, 255, 7, 24,0x50000,No,No,No,No,No,Yes,No,Yes
2026-04-13 20:12:19,0.2,2400,910,,910,960,44,,200,,,648,,66.4,0.8679,0.6000,0.6000,1.1000,0.00000000,0.09076149,0.12979870,0.00683151,0.00000000,0.36792560,0.40013130,1.60740000,0.00012210,0.00042735,0.00543345,0.01111110,3.62090000,3.31003300,1.82124300,1.10879000,0.60402870,1.10183000,0.79999920,0.87032880,3.29944700,3.30311000,0.79736190,4.99552000,4.97274000,0.00427350, 2, 255, 7, 24,0x50000,No,No,No,No,No,Yes,No,Yes
2026-04-13 20:12:21,2.2,1600,545,,545,551,43,,200,,,648,,67.0,0.7579,0.6000,0.6000,1.1000,0.00000000,0.09271335,0.12589500,0.00683151,0.00000000,0.36890160,0.49089280,1.11625000,0.00006105,0.00042735,0.00506715,0.01184370,3.62182800,3.31188900,1.78803200,1.10879000,0.60402870,1.09890000,0.79853400,0.75992600,3.29853100,3.30311000,0.79765500,5.01160000,4.97810000,0.00427350, 2, 255, 7, 24,0x50000,No,No,No,No,No,Yes,No,Yes
2026-04-13 20:12:24,4.8,2400,910,,910,960,43,,200,,,648,,65.9,0.8679,0.6000,0.6000,1.1000,0.00000000,0.08978556,0.12784680,0.00390372,0.00000000,0.27911600,0.51041140,1.62526000,0.00006105,0.00018315,0.00561660,0.01172160,3.61533200,3.31188900,1.82124300,1.10476100,0.60036570,1.09890000,0.80073180,0.86925430,3.30036300,3.30311000,0.79736190,4.97140000,5.00758000,0.00427350, 2, 255, 7, 24,0x50000,No,No,No,No,No,Yes,No,Yes
2026-04-13 20:12:26,1.5,2400,910,,910,960,44,,200,,,648,,67.5,0.8679,0.6000,0.6000,1.1000,0.00000000,0.11223200,0.16005250,0.01073523,0.00000000,0.37280530,0.49284470,1.60740000,0.00012210,0.00042735,0.00543345,0.01172160,3.62646800,3.29333000,1.82124300,1.10439400,0.60879060,1.09853400,0.79816780,0.86952300,3.29944700,3.30402600,0.79677580,4.99552000,4.97274000,0.00427350, 2, 255, 7, 24,0x50000,No,No,No,No,No,Yes,No,Yes
2026-04-13 20:12:28,10.8,2400,910,,910,960,44,,200,,,648,,68.1,0.8679,0.6000,0.6000,1.1000,0.00000000,0.08588185,0.13077460,0.00878337,0.00000000,0.39232380,0.49089280,1.61633000,0.00006105,0.00054945,0.00494505,0.01147740,3.60883600,3.31838500,1.78852100,1.11355200,0.60109830,1.10292900,0.79816780,0.86952300,3.29944700,3.30311000,0.79794790,4.98346000,4.99284000,0.00427350, 2, 255, 7, 24,0x50000,No,No,No,No,No,Yes,No,Yes
2026-04-13 20:12:30,1.2,1500,500,,500,500,44,,200,,,648,,67.0,0.7200,0.6000,0.6000,1.1000,0.00000000,0.07026696,0.12296720,0.00195186,0.00000000,0.36890160,0.48991690,1.04481000,0.00006105,0.00042735,0.00482295,0.01135530,3.62182800,3.30910500,1.81684800,1.10732500,0.59999940,1.09926600,0.79963290,0.71990160,3.30127900,3.30219400,0.79736190,4.99418000,5.03170000,0.00427350, 2, 255, 7, 24,0x50000,No,No,No,No,No,Yes,No,Yes
2026-04-13 20:12:32,0.0,1500,500,,500,500,44,,200,,,648,,66.4,0.7200,0.6000,0.6000,1.1000,0.00000000,0.08490592,0.12394310,0.00487965,0.00000000,0.39134800,0.48601320,1.02695000,0.00030525,0.00042735,0.00537240,0.01147740,3.62739600,3.30724900,1.79828900,1.10695900,0.60695910,1.09853400,0.79999920,0.71990160,3.30036300,3.30402600,0.79677580,5.01696000,5.01294000,0.00427350, 2, 255, 7, 24,0x50000,No,No,No,No,No,Yes,No,Yes
2026-04-13 20:12:34,0.0,2400,910,,910,960,44,,200,,,648,,66.4,0.8679,0.6000,0.6000,1.1000,0.00000000,0.06538731,0.13077460,0.01171116,0.00000000,0.37768490,0.49479650,1.62526000,0.00012210,0.00036630,0.00537240,0.01147740,3.61533200,3.31096100,1.79389300,1.11098800,0.60329610,1.10036500,0.79890030,0.86952300,3.29761600,3.30402600,0.79794790,4.99552000,4.97810000,0.00427350, 2, 255, 7, 24,0x50000,No,No,No,No,No,Yes,No,Yes
2026-04-13 20:12:36,0.0,2400,910,,910,960,44,,200,,,648,,67.5,0.8679,0.6000,0.6000,1.1000,0.00000000,0.08490592,0.12979870,0.00585558,0.00000000,0.36792560,0.49577240,1.59847000,0.00018315,0.00042735,0.00586080,0.01172160,3.61811600,3.31560100,1.80024200,1.11025500,0.60549390,1.10183000,0.79853400,0.86979160,3.30036300,3.30311000,0.79765500,4.97542000,4.98614000,0.00427350, 2, 255, 7, 24,0x50000,No,No,No,No,No,Yes,No,Yes
2026-04-13 20:12:38,0.0,1500,500,,500,500,44,,200,,,648,,67.5,0.7200,0.6000,0.6000,1.1000,0.00000000,0.09271335,0.12394310,0.00585558,0.00000000,0.36597380,0.48796500,1.02695000,0.00006105,0.00054945,0.00525030,0.01184370,3.63945900,3.31003300,1.78754400,1.10805800,0.60476130,1.09999900,0.79963290,0.72017020,3.29944700,3.30402600,0.79824100,5.03840000,5.01696000,0.00427350, 2, 255, 7, 24,0x50000,No,No,No,No,No,Yes,No,Yes
2026-04-13 20:12:41,0.0,1500,500,,500,500,44,,200,,,648,,66.4,0.7200,0.6000,0.6000,1.1000,0.00000000,0.09076149,0.12394310,0.00585558,0.00000000,0.37085340,0.48894090,1.02695000,0.00006105,0.00042735,0.00598290,0.01184370,3.63296300,3.31560100,1.79535800,1.10732500,0.60292980,1.10073200,0.79816780,0.72070740,3.29944700,3.30402600,0.79765500,5.02634000,4.99686000,0.00427350, 2, 255, 7, 24,0x50000,No,No,No,No,No,Yes,No,Yes
2026-04-13 20:12:43,0.5,2400,910,,910,960,44,,200,,,648,,67.5,0.8679,0.6000,0.6000,1.1000,0.00000000,0.09076149,0.13175060,0.00585558,0.00000000,0.34157550,0.38549240,1.60740000,0.00018315,0.00067155,0.00531135,0.01086690,3.61533200,3.31560100,1.80024200,1.10146400,0.59963310,1.09706800,0.79999920,0.86925430,3.29944700,3.30311000,0.79677580,4.99552000,5.01026000,0.00341880, 2, 255, 7, 24,0x50000,No,No,No,No,No,Yes,No,Yes
2026-04-13 20:12:45,0.3,2400,910,,910,960,44,,200,,,648,,67.0,0.8679,0.6000,0.6000,1.1000,0.00000000,0.08978556,0.13175060,0.00780744,0.00000000,0.37182930,0.49284470,1.67884000,0.00018315,0.00042735,0.00531135,0.01172160,3.61997200,3.31560100,1.79828900,1.10439400,0.60146460,1.10329600,0.79816780,0.86952300,3.30127900,3.30311000,0.79794790,4.98212000,5.00356000,0.00427350, 2, 255, 7, 24,0x50000,No,No,No,No,No,Yes,No,Yes
2026-04-13 20:12:47,0.5,1500,500,,500,500,44,,200,,,648,,65.3,0.7200,0.6000,0.6000,1.1000,0.00000000,0.09271335,0.12687090,0.00487965,0.00000000,0.34157550,0.48698910,1.03588000,0.00006105,0.00042735,0.00531135,0.01147740,3.62925200,3.31560100,1.81684800,1.11208700,0.60073200,1.09890000,0.80073180,0.71990160,3.30219400,3.30585700,0.79677580,5.00356000,5.01562000,0.00427350, 2, 255, 7, 24,0x50000,No,No,No,No,No,Yes,No,Yes
2026-04-13 20:12:49,0.0,1500,500,,500,500,44,,200,,,648,,67.0,0.7200,0.6000,0.6000,1.1000,0.00000000,0.06538731,0.12296720,0.00487965,0.00000000,0.20982490,0.33962360,1.03588000,0.00006105,0.00018315,0.00525030,0.01135530,3.65152200,3.31838500,1.81684800,1.10695900,0.60769170,1.10402800,0.80146440,0.71963300,3.30219400,3.30402600,0.79765500,5.05984000,5.07860000,0.00427350, 2, 255, 7, 24,0x50000,No,No,No,No,No,Yes,No,Yes
2026-04-13 20:12:51,10.7,2400,910,,910,960,44,,200,,,648,,66.4,0.8679,0.6000,0.6000,1.1000,0.00000000,0.09661707,0.13175060,0.01073523,0.00000000,0.36987750,0.48113350,1.59847000,0.00018315,0.00042735,0.00586080,0.01147740,3.61997200,3.31467300,1.79926600,1.11062200,0.60366240,1.10036500,0.79999920,0.87032880,3.29853100,3.30036300,0.79677580,4.97542000,5.00088000,0.00427350, 2, 255, 7, 24,0x50000,No,No,No,No,No,Yes,No,Yes
2026-04-13 20:12:53,0.5,2400,910,,910,960,44,,200,,,648,,67.5,0.8679,0.6000,0.6000,1.1000,0.00000000,0.09466522,0.12979870,0.01171116,0.00000000,0.36890160,0.49089280,1.66991000,0.00006105,0.00042735,0.00531135,0.01172160,3.62182800,3.30632200,1.82124300,1.10988900,0.60036570,1.10329600,0.79890030,0.86979160,3.30036300,3.30311000,0.79824100,4.98346000,4.99284000,0.00427350, 2, 255, 7, 24,0x50000,No,No,No,No,No,Yes,No,Yes
2026-04-13 20:12:56,0.3,1500,500,,500,500,44,,200,,,648,,67.0,0.7200,0.6000,0.6000,1.1000,0.00000000,0.08685777,0.12491900,0.00683151,0.00000000,0.36987750,0.48894090,1.54489000,0.00006105,0.00061050,0.00537240,0.01184370,3.62646800,3.31281700,1.80024200,1.10695900,0.60439500,1.09853400,0.79890030,0.71990160,3.30036300,3.30219400,0.79824100,4.95264000,5.01294000,0.00427350, 2, 255, 7, 24,0x50000,No,No,No,No,No,Yes,No,Yes
2026-04-13 20:12:58,0.2,2400,910,,910,960,44,,200,,,648,,67.5,0.8679,0.6000,0.6000,1.1000,0.00000000,0.08978556,0.12882280,0.00487965,0.00000000,0.24788620,0.44795190,1.60740000,0.00012210,0.00061050,0.00586080,0.01184370,3.61997200,3.31560100,1.80024200,1.10219700,0.60036570,1.09853400,0.80292960,0.86898570,3.30036300,3.30402600,0.79824100,4.98480000,4.98346000,0.00427350, 2, 255, 7, 24,0x50000,No,No,No,No,No,Yes,No,Yes
2026-04-13 20:13:00,0.2,2400,910,,910,960,44,,200,,,648,,68.1,0.8679,0.6000,0.6000,1.1000,0.00000000,0.09076149,0.13077460,0.00487965,0.00000000,0.24691030,0.44795190,1.60740000,0.00018315,0.00042735,0.00482295,0.01184370,3.61904400,3.31467300,1.79828900,1.11355200,0.59963310,1.09926600,0.80073180,0.87006020,3.30219400,3.30311000,0.79765500,4.97542000,4.99016000,0.00427350, 2, 255, 7, 24,0x50000,No,No,No,No,No,Yes,No,Yes
2026-04-13 20:13:02,3.0,1900,682,,682,704,43,,200,,,648,,66.4,0.7200,0.6000,0.6000,1.1000,0.00000000,0.08588185,0.12491900,0.00683151,0.00000000,0.36987750,0.48894090,1.03588000,0.00006105,0.00054945,0.00525030,0.01184370,3.62275600,3.31003300,1.79926600,1.10146400,0.60805800,1.09853400,0.79999920,0.71990160,3.29944700,3.30219400,0.79677580,5.00356000,5.01562000,0.00427350, 2, 255, 7, 24,0x50000,No,No,No,No,No,Yes,No,Yes
2026-04-13 20:13:04,0.2,2400,910,,910,960,44,,200,,,648,,68.1,0.8679,0.6000,0.6000,1.1000,0.00000000,0.09954486,0.12979870,0.01073523,0.00000000,0.36987750,0.48991690,1.59847000,0.00006105,0.00042735,0.00512820,0.01111110,3.61533200,3.31281700,1.79828900,1.11355200,0.60366240,1.10183000,0.79890030,0.86925430,3.30036300,3.30127900,0.79765500,4.97006000,5.01160000,0.00427350, 2, 255, 7, 24,0x50000,No,No,No,No,No,Yes,No,Yes
2026-04-13 20:13:06,0.3,2400,910,,910,960,44,,200,,,648,,66.4,0.8679,0.6000,0.6000,1.1000,0.00000000,0.09173742,0.13272650,0.00487965,0.00000000,0.37085340,0.49479650,1.63419000,0.00006105,0.00018315,0.00537240,0.01159950,3.62832400,3.31281700,1.82124300,1.10146400,0.60659280,1.10329600,0.79816780,0.86979160,3.30127900,3.30311000,0.79794790,4.96872000,4.92986000,0.00427350, 2, 255, 7, 24,0x50000,No,No,No,No,No,Yes,No,Yes
2026-04-13 20:13:08,1.5,1900,682,,682,704,43,,200,,,648,,67.0,0.7717,0.6000,0.6000,1.1000,0.00000000,0.09076149,0.12687090,0.00878337,0.00000000,0.36987750,0.49577240,1.47345000,0.00006105,0.00054945,0.00598290,0.01147740,3.62554000,3.31003300,1.79926600,1.10146400,0.60476130,1.09853400,0.79926660,0.77523740,3.29944700,3.30494200,0.79706880,5.01696000,4.98078000,0.00427350, 2, 255, 7, 24,0x50000,No,No,No,No,No,Yes,No,Yes
2026-04-13 20:13:11,0.5,2400,910,,910,960,44,,200,,,648,,68.1,0.8679,0.6000,0.6000,1.1000,0.00000000,0.08685777,0.13077460,0.01171116,0.00000000,0.36890160,0.38646830,1.61633000,0.00006105,0.00042735,0.00531135,0.01159950,3.61069200,3.31281700,1.78852100,1.11355200,0.60732540,1.10183000,0.80036550,0.86952300,3.29853100,3.30127900,0.79677580,4.97274000,4.99284000,0.00427350, 2, 255, 7, 24,0x50000,No,No,No,No,No,Yes,No,Yes
2026-04-13 20:13:13,0.3,2400,910,,910,960,44,,200,,,648,,68.1,0.8679,0.6000,0.6000,1.1000,0.00000000,0.12394310,0.15907660,0.00487965,0.00000000,0.36987750,0.49186870,1.61633000,0.00012210,0.00042735,0.00586080,0.01147740,3.61626000,3.30168200,1.80024200,1.11062200,0.60219720,1.09999900,0.79816780,0.87006020,3.30219400,3.30311000,0.79794790,4.98346000,4.97274000,0.00427350, 2, 255, 7, 24,0x50000,No,No,No,No,No,Yes,No,Yes
2026-04-13 20:13:15,0.3,1500,500,,500,500,44,,200,,,648,,67.5,0.7200,0.6000,0.6000,1.1000,0.00000000,0.08880963,0.12589500,0.00585558,0.00000000,0.36694970,0.49089280,1.04481000,0.00006105,0.00054945,0.00506715,0.01172160,3.62275600,3.31003300,1.80024200,1.10805800,0.60476130,1.10036500,0.79853400,0.71990160,3.29853100,3.30311000,0.79677580,5.00490000,5.01428000,0.00427350, 2, 255, 7, 24,0x50000,No,No,No,No,No,Yes,No,Yes
2026-04-13 20:13:17,0.0,1500,500,,500,500,44,,200,,,648,,67.0,0.7717,0.6000,0.6000,1.1000,0.00000000,0.08978556,0.12589500,0.00975930,0.00000000,0.24691030,0.36987750,1.20555000,0.00006105,0.00018315,0.00586080,0.01172160,3.62182800,3.31560100,1.79926600,1.10732500,0.60659280,1.10183000,0.79999920,0.77470010,3.30219400,3.30219400,0.79794790,5.03572000,4.99552000,0.00427350, 2, 255, 7, 24,0x50000,No,No,No,No,No,Yes,No,Yes
2026-04-13 20:13:19,1.3,1500,500,,500,500,44,,200,,,648,,67.5,0.7200,0.6000,0.6000,1.1000,0.00000000,0.09661707,0.12394310,0.00585558,0.00000000,0.36792560,0.49089280,1.02695000,0.00018315,0.00042735,0.00573870,0.01172160,3.62182800,3.30817700,1.81684800,1.10439400,0.59890050,1.09890000,0.79816780,0.72017020,3.29944700,3.30311000,0.79824100,5.01696000,4.99552000,0.00427350, 2, 255, 7, 24,0x50000,No,No,No,No,No,Yes,No,Yes
2026-04-13 20:13:21,0.0,1500,500,,500,500,44,,200,,,648,,65.3,0.7200,0.6000,0.6000,1.1000,0.00000000,0.09661707,0.12687090,0.00780744,0.00000000,0.36987750,0.38744420,1.02695000,0.00030525,0.00042735,0.00476190,0.01184370,3.62090000,3.31560100,1.78754400,1.10695900,0.60292980,1.10073200,0.79890030,0.72017020,3.29944700,3.30127900,0.79765500,5.00490000,5.00490000,0.00427350, 2, 255, 7, 24,0x50000,No,No,No,No,No,Yes,No,Yes
2026-04-13 20:13:23,12.0,2400,910,,910,960,44,,200,,,648,,67.0,0.8679,0.6000,0.6000,1.1000,0.00000000,0.08685777,0.13077460,0.00487965,0.00000000,0.36987750,0.48698910,1.61633000,0.00012210,0.00042735,0.00482295,0.01172160,3.62182800,3.31560100,1.78852100,1.10769100,0.60219720,1.10476100,0.79816780,0.86952300,3.30036300,3.30311000,0.79765500,4.97140000,4.99016000,0.00427350, 2, 255, 7, 24,0x50000,No,No,No,No,No,Yes,No,Yes
2026-04-13 20:13:26,0.3,2400,910,,910,960,44,,200,,,648,,67.5,0.8679,0.6000,0.6000,1.1000,0.00000000,0.06538731,0.12979870,0.00878337,0.00000000,0.36890160,0.49577240,1.62526000,0.00006105,0.00042735,0.00518925,0.01135530,3.61997200,3.32580900,1.79828900,1.10879000,0.60586020,1.09853400,0.79853400,0.86925430,3.29761600,3.30219400,0.79677580,5.01160000,4.97274000,0.00427350, 2, 255, 7, 24,0x50000,No,No,No,No,No,Yes,No,Yes
2026-04-13 20:13:28,0.3,2400,910,,910,960,44,,200,,,648,,67.5,0.8679,0.6000,0.6000,1.1000,0.00000000,0.08880963,0.13175060,0.00780744,0.00000000,0.37085340,0.49186870,1.59847000,0.00006105,0.00054945,0.00586080,0.01172160,3.61626000,3.31003300,1.80024200,1.10732500,0.60036570,1.10292900,0.79743510,0.86952300,3.30036300,3.30311000,0.79677580,4.97274000,5.01696000,0.00427350, 2, 255, 7, 24,0x50000,No,No,No,No,No,Yes,No,Yes
2026-04-13 20:13:30,10.7,2400,910,,910,960,44,,200,,,648,,67.0,0.8679,0.6000,0.6000,1.1000,0.06050766,0.10930420,0.12979870,0.00683151,0.00000000,0.34059960,0.47820570,1.64312000,0.00012210,0.00042735,0.00537240,0.01159950,3.61254800,3.32580900,1.79828900,1.10805800,0.60036570,1.09853400,0.79780140,0.86898570,3.30036300,3.30494200,0.79824100,4.96336000,4.96470000,0.00341880, 2, 255, 7, 24,0x50000,No,No,No,No,No,Yes,No,Yes
2026-04-13 20:13:32,0.0,2400,910,,910,960,44,,200,,,648,,67.5,0.8679,0.6000,0.6000,1.1000,0.04489278,0.09173742,0.13077460,0.00585558,0.00000000,0.23324730,0.44697600,1.64312000,0.00006105,0.00018315,0.00549450,0.01159950,3.59398900,3.31281700,1.82124300,1.10732500,0.60695910,1.10036500,0.80146440,0.86925430,3.29853100,3.30311000,0.79677580,4.97408000,4.96872000,0.00427350, 2, 255, 7, 24,0x50000,No,No,No,No,No,Yes,No,Yes
2026-04-13 20:13:34,0.0,1500,500,,500,500,44,,200,,,648,,68.6,0.7200,0.6000,0.6000,1.1000,0.06245952,0.08685777,0.12589500,0.02147046,0.00000000,0.39329980,0.48113350,1.03588000,0.00006105,0.00054945,0.00586080,0.01172160,3.60883600,3.31467300,1.80024200,1.10805800,0.59999940,1.10146400,0.79853400,0.71990160,3.29944700,3.30402600,0.79677580,4.99552000,4.99954000,0.00427350, 2, 255, 7, 24,0x50000,No,No,No,No,No,Yes,No,Yes
2026-04-13 20:13:36,1.0,1500,500,,500,500,44,,200,,,648,,66.4,0.7200,0.6000,0.6000,1.1000,0.00000000,0.06148359,0.12394310,0.01366302,0.00000000,0.38158860,0.49284470,1.05374000,0.00006105,0.00042735,0.00525030,0.01184370,3.63203500,3.31467300,1.78852100,1.11062200,0.60476130,1.09926600,0.79816780,0.71990160,3.29944700,3.30494200,0.79736190,4.93522000,5.00490000,0.00427350, 2, 255, 7, 24,0x50000,No,No,No,No,No,Yes,No,Yes
2026-04-13 20:13:38,12.3,2400,910,,910,960,43,,200,,,648,,69.7,0.8679,0.6000,0.6000,1.1000,0.00000000,0.08100219,0.13467840,0.06831510,0.00000000,0.36304600,0.48894090,1.65205000,0.00006105,0.00054945,0.00531135,0.01135530,3.61718800,3.30632200,1.78852100,1.10109800,0.59999940,1.09999900,0.79816780,0.86898570,3.29944700,3.30402600,0.79677580,4.96202000,4.90440000,0.00341880, 2, 255, 7, 24,0x50000,No,No,No,No,No,Yes,No,Yes
2026-04-13 20:13:40,0.3,2400,910,,910,960,44,,200,,,648,,67.5,0.8679,0.6000,0.6000,1.1000,0.00000000,0.09368929,0.13077460,0.00585558,0.00000000,0.36890160,0.38744420,1.61633000,0.00018315,0.00042735,0.00494505,0.01123320,3.61440400,3.31281700,1.81684800,1.10439400,0.60512760,1.10183000,0.79853400,0.86979160,3.30036300,3.30219400,0.79706880,4.99418000,4.99686000,0.00427350, 2, 255, 7, 24,0x50000,No,No,No,No,No,Yes,No,Yes
2026-04-13 20:13:43,0.7,1500,500,,500,500,44,,200,,,648,,67.5,0.7200,0.6000,0.6000,1.1000,0.00000000,0.09271335,0.12296720,0.00292779,0.00000000,0.34059960,0.47918160,1.06267000,0.00006105,0.00042735,0.00549450,0.01135530,3.61626000,3.31467300,1.79828900,1.10879000,0.60073200,1.09853400,0.80036550,0.71990160,3.30036300,3.30311000,0.79765500,4.97944000,5.01160000,0.00427350, 2, 255, 7, 24,0x50000,No,No,No,No,No,Yes,No,Yes
2026-04-13 20:13:45,2.0,2400,910,,910,960,44,,200,,,648,,67.5,0.8679,0.6000,0.6000,1.1000,0.00000000,0.08880963,0.13175060,0.07026696,0.00000000,0.24593440,0.45087970,1.63419000,0.00024420,0.00042735,0.00586080,0.01159950,3.61904400,3.31467300,1.79828900,1.10769100,0.60476130,1.09890000,0.80036550,0.86871700,3.30127900,3.30311000,0.79677580,4.97408000,4.98078000,0.00427350, 2, 255, 7, 24,0x50000,No,No,No,No,No,Yes,No,Yes
2026-04-13 20:13:47,0.0,2400,910,,910,960,44,,200,,,648,,68.1,0.8679,0.6000,0.6000,1.1000,0.00000000,0.06929103,0.12882280,0.00487965,0.00000000,0.36792560,0.49772430,1.64312000,0.00012210,0.00042735,0.00525030,0.01172160,3.62182800,3.31374500,1.81684800,1.11062200,0.60695910,1.10036500,0.79999920,0.86952300,3.29944700,3.30402600,0.79736190,4.98614000,4.98346000,0.00427350, 2, 255, 7, 24,0x50000,No,No,No,No,No,Yes,No,Yes
2026-04-13 20:13:49,1.8,2400,910,,910,960,44,,200,,,648,,68.1,0.8679,0.6000,0.6000,1.1000,0.00000000,0.06733918,0.14053390,0.11808750,0.00539220,0.36694970,0.55140050,4.69718000,0.00018315,0.00042735,0.00482295,0.01123320,3.55687100,3.31652900,1.79828900,1.10952300,0.60366240,1.09853400,0.79926660,0.86952300,3.29853100,3.30311000,0.79677580,4.85080000,4.88430000,0.00427350, 2, 255, 7, 24,0x50000,No,No,No,No,No,Yes,No,Yes
2026-04-13 20:13:51,0.0,2400,910,,910,960,44,,200,,,648,,67.5,0.8679,0.6000,0.6000,1.1000,0.00000000,0.09076149,0.13175060,0.00683151,0.00000000,0.37085340,0.38646830,1.63419000,0.00012210,0.00073260,0.00586080,0.01172160,3.61069200,3.31467300,1.80024200,1.10439400,0.59999940,1.09780100,0.79926660,0.86979160,3.30127900,3.30311000,0.79706880,4.99016000,4.99016000,0.00427350, 2, 255, 7, 24,0x50000,No,No,No,No,No,Yes,No,Yes
2026-04-13 20:13:53,0.2,2400,910,,910,960,44,,200,,,648,,68.6,0.8679,0.6000,0.6000,1.1000,0.00000000,0.06733918,0.12979870,0.00683151,0.00000000,0.36987750,0.48796500,1.63419000,0.00006105,0.00018315,0.00537240,0.01172160,3.62090000,3.31096100,1.81733600,1.10146400,0.60036570,1.09999900,0.79926660,0.86979160,3.30036300,3.30311000,0.79765500,4.99418000,4.96738000,0.00427350, 2, 255, 7, 24,0x50000,No,No,No,No,No,Yes,No,Yes
2026-04-13 20:13:55,0.3,1500,500,,500,500,44,,200,,,648,,67.5,0.7200,0.6000,0.6000,1.1000,0.00000000,0.06538731,0.12491900,0.00683151,0.00000000,0.36694970,0.49186870,1.04481000,0.00006105,0.00018315,0.00537240,0.01147740,3.62461200,3.31188900,1.81684800,1.10439400,0.60512760,1.09816700,0.79816780,0.71990160,3.30219400,3.30402600,0.79677580,4.99284000,5.00892000,0.00427350, 2, 255, 7, 24,0x50000,No,No,No,No,No,Yes,No,Yes
2026-04-13 20:13:58,0.2,1500,500,,500,500,44,,200,,,648,,67.0,0.7200,0.6000,0.6000,1.1000,0.00000000,0.09661707,0.12491900,0.01073523,0.00000000,0.37280530,0.48796500,1.03588000,0.00006105,0.00042735,0.00482295,0.01147740,3.62925200,3.29518600,1.81684800,1.10805800,0.60732540,1.09926600,0.79743510,0.72017020,3.30036300,3.30311000,0.79706880,5.01562000,4.98882000,0.00427350, 2, 255, 7, 24,0x50000,No,No,No,No,No,Yes,No,Yes
2026-04-13 20:14:00,0.3,1500,500,,500,500,44,,200,,,648,,67.0,0.7200,0.6000,0.6000,1.1000,0.00000000,0.09368929,0.12589500,0.00878337,0.00000000,0.36890160,0.38744420,1.04481000,0.00006105,0.00018315,0.00598290,0.01172160,3.62925200,3.31467300,1.79926600,1.10439400,0.60402870,1.09999900,0.79999920,0.72017020,3.29944700,3.30311000,0.79677580,5.01026000,5.01160000,0.00427350, 2, 255, 7, 24,0x50000,No,No,No,No,No,Yes,No,Yes
2026-04-13 20:14:02,0.3,1500,500,,500,500,44,,200,,,648,,67.0,0.7200,0.6000,0.6000,1.1000,0.00000000,0.09271335,0.12491900,0.00585558,0.00000000,0.36890160,0.38646830,1.06267000,0.00006105,0.00042735,0.00482295,0.01172160,3.62090000,3.31560100,1.81684800,1.10695900,0.60146460,1.09853400,0.79816780,0.72017020,3.29761600,3.30311000,0.79677580,5.01696000,5.02768000,0.00427350, 2, 255, 7, 24,0x50000,No,No,No,No,No,Yes,No,Yes
2026-04-13 20:14:04,0.3,1500,500,,500,500,44,,200,,,648,,66.4,0.7200,0.6000,0.6000,1.1000,0.00000000,0.08783370,0.12687090,0.00780744,0.00000000,0.37182930,0.48113350,1.02695000,0.00006105,0.00042735,0.00476190,0.01172160,3.62275600,3.30817700,1.78754400,1.10439400,0.60109830,1.09853400,0.80036550,0.72017020,3.29761600,3.30311000,0.79677580,5.01696000,5.01026000,0.00427350, 2, 255, 7, 24,0x50000,No,No,No,No,No,Yes,No,Yes
2026-04-13 20:14:06,0.0,1500,500,,500,500,44,,200,,,648,,66.4,0.7200,0.6000,0.6000,1.1000,0.00000000,0.06050766,0.12394310,0.00585558,0.00000000,0.20884900,0.33669580,1.00909000,0.00030525,0.00018315,0.00610500,0.01147740,3.64409900,3.31838500,1.81684800,1.10695900,0.60622650,1.10402800,0.80073180,0.71990160,3.30219400,3.30311000,0.79765500,5.04108000,4.99820000,0.00427350, 2, 255, 7, 24,0x50000,No,No,No,No,No,Yes,No,Yes
2026-04-13 20:14:08,0.0,1500,500,,500,500,44,,200,,,648,,65.9,0.7200,0.6000,0.6000,1.1000,0.00000000,0.06929103,0.12199130,0.00487965,0.00000000,0.21177680,0.33474400,1.00909000,0.00018315,0.00042735,0.00476190,0.01111110,3.65337800,3.31003300,1.79926600,1.10146400,0.60146460,1.10476100,0.80292960,0.71990160,3.30036300,3.30311000,0.79824100,5.07190000,5.04644000,0.00427350, 2, 255, 7, 24,0x50000,No,No,No,No,No,Yes,No,Yes
2026-04-13 20:14:10,0.0,1500,500,,500,500,44,,200,,,648,,65.9,0.7200,0.6000,0.6000,1.1000,0.00000000,0.06050766,0.12394310,0.00390372,0.00000000,0.21080090,0.33669580,1.01802000,0.00006105,0.00042735,0.00586080,0.01147740,3.65245000,3.30817700,1.78754400,1.10879000,0.60695910,1.10146400,0.80292960,0.71990160,3.29944700,3.30311000,0.79677580,5.03840000,4.95264000,0.00341880, 2, 255, 7, 24,0x50000,No,No,No,No,No,Yes,No,Yes
2026-04-13 20:14:12,0.5,1500,500,,500,500,44,,200,,,648,,66.4,0.7200,0.6000,0.6000,1.1000,0.00000000,0.05953173,0.12296720,0.00487965,0.00000000,0.21080090,0.33962360,1.01802000,0.00006105,0.00042735,0.00506715,0.01062270,3.64873800,3.31096100,1.78754400,1.10732500,0.60659280,1.10219700,0.79963290,0.71990160,3.30127900,3.30402600,0.79736190,5.06520000,5.05180000,0.00427350, 2, 255, 7, 24,0x50000,No,No,No,No,No,Yes,No,Yes
2026-04-13 20:14:15,0.0,2400,910,,910,960,44,,200,,,648,,65.9,0.8679,0.6000,0.6000,1.1000,0.00000000,0.05953173,0.12979870,0.00390372,0.00000000,0.21080090,0.33962360,1.58954000,0.00006105,0.00042735,0.00476190,0.01111110,3.63574700,3.30724900,1.79389300,1.10292900,0.60732540,1.09999900,0.80109810,0.86925430,3.30036300,3.30311000,0.79677580,5.03304000,5.06117900,0.00427350, 2, 255, 7, 24,0x50000,No,No,No,No,No,Yes,No,Yes
2026-04-13 20:14:17,1.3,2400,910,,910,960,44,,200,,,648,,67.0,0.8679,0.6000,0.6000,1.1000,0.00195186,0.09271335,0.12882280,0.00585558,0.00000000,0.20884900,0.34157550,1.58954000,0.00018315,0.00042735,0.00482295,0.01135530,3.63667500,3.31652900,1.81684800,1.11062200,0.60659280,1.10146400,0.79963290,0.86925430,3.30036300,3.30311000,0.79765500,5.00758000,4.96336000,0.00427350, 2, 255, 7, 24,0x50000,No,No,No,No,No,Yes,No,Yes
2026-04-13 20:14:19,0.5,1500,500,,500,500,44,,200,,,648,,66.4,0.7200,0.6000,0.6000,1.1000,0.00000000,0.09368929,0.12394310,0.00292779,0.00000000,0.35621450,0.48796500,1.03588000,0.00018315,0.00067155,0.00525030,0.01159950,3.62182800,3.31281700,1.78754400,1.11025500,0.60366240,1.09999900,0.80146440,0.72017020,3.29944700,3.30311000,0.79677580,4.99418000,5.00624000,0.00427350, 2, 255, 7, 24,0x50000,No,No,No,No,No,Yes,No,Yes
2026-04-13 20:14:21,0.5,1500,500,,500,500,44,,200,,,648,,66.4,0.7200,0.6000,0.6000,1.1000,0.00000000,0.10052080,0.12589500,0.00292779,0.00000000,0.34255140,0.48015760,1.02695000,0.00006105,0.00042735,0.00506715,0.01159950,3.61811600,3.31003300,1.78754400,1.10292900,0.60036570,1.10036500,0.80109810,0.72017020,3.29944700,3.30311000,0.79706880,4.99954000,4.99552000,0.00427350, 2, 255, 7, 24,0x50000,No,No,No,No,No,Yes,No,Yes
2026-04-13 20:14:23,1.3,1500,500,,500,500,44,,200,,,648,,67.0,0.8679,0.6000,0.6000,1.1000,0.00000000,0.08588185,0.13272650,0.00878337,0.00000000,0.28009190,0.38549240,1.61633000,0.00006105,0.00048840,0.00543345,0.01135530,3.59213300,3.31003300,1.80024200,1.10219700,0.60842430,1.09926600,0.79999920,0.87032880,3.30219400,3.30585700,0.79677580,4.97676000,4.96738000,0.00427350, 2, 255, 7, 24,0x50000,No,No,No,No,No,Yes,No,Yes
2026-04-13 20:14:25,1.5,2400,910,,910,960,44,,200,,,648,,65.9,0.8679,0.6000,0.6000,1.1000,0.00000000,0.09173742,0.13077460,0.00487965,0.00000000,0.34157550,0.48503720,1.63419000,0.00000000,0.00030525,0.00549450,0.01147740,3.62090000,3.31003300,1.79828900,1.10879000,0.60073200,1.09926600,0.79999920,0.86844850,3.29853100,3.30402600,0.79677580,4.98480000,4.97810000,0.00427350, 2, 255, 7, 24,0x50000,No,No,No,No,No,Yes,No,Yes
2026-04-13 20:14:27,0.3,2400,910,,910,960,44,,200,,,648,,67.5,0.8679,0.6000,0.6000,1.1000,0.00000000,0.09173742,0.12979870,0.00585558,0.00000000,0.27814010,0.38744420,1.62526000,0.00024420,0.00030525,0.00506715,0.01111110,3.60512400,3.32580900,1.79828900,1.10915600,0.60073200,1.10036500,0.80292960,0.86952300,3.30036300,3.30311000,0.79706880,4.97542000,4.95666000,0.00427350, 2, 255, 7, 24,0x50000,No,No,No,No,No,Yes,No,Yes
2026-04-13 20:14:30,10.8,2400,910,,910,960,44,,200,,,648,,68.1,0.8679,0.6000,0.6000,1.1000,0.00000000,0.09173742,0.13077460,0.00585558,0.00000000,0.35719040,0.38744420,1.60740000,0.00000000,0.00042735,0.00549450,0.01172160,3.62275600,3.31374500,1.79096300,1.09853400,0.60366240,1.09853400,0.79963290,0.86979160,3.30219400,3.30311000,0.79765500,4.99016000,4.98480000,0.00427350, 2, 255, 7, 24,0x50000,No,No,No,No,No,Yes,No,Yes
2026-04-13 20:14:32,0.5,2400,910,,910,960,44,,200,,,648,,67.0,0.8679,0.6000,0.6000,1.1000,0.00292779,0.06538731,0.12979870,0.00878337,0.00000000,0.36987750,0.49479650,1.62526000,0.00012210,0.00042735,0.00586080,0.01172160,3.60698000,3.31467300,1.79828900,1.10439400,0.60366240,1.09890000,0.79816780,0.86898570,3.29944700,3.30311000,0.79765500,4.99418000,4.98346000,0.00427350, 2, 255, 7, 24,0x50000,No,No,No,No,No,Yes,No,Yes
2026-04-13 20:14:34,0.5,1500,500,,500,500,44,,200,,,648,,67.0,0.7200,0.6000,0.6000,1.1000,0.00000000,0.07514661,0.12394310,0.01171116,0.00000000,0.36890160,0.48894090,1.05374000,0.00006105,0.00018315,0.00537240,0.01135530,3.63296300,3.31838500,1.78754400,1.11062200,0.60476130,1.09853400,0.80036550,0.71990160,3.29944700,3.30402600,0.79736190,5.01562000,4.99418000,0.00427350, 2, 255, 7, 24,0x50000,No,No,No,No,No,Yes,No,Yes
2026-04-13 20:14:36,0.3,2400,910,,910,960,44,,200,,,648,,67.5,0.8679,0.6000,0.6000,1.1000,0.00000000,0.09076149,0.13077460,0.00390372,0.00000000,0.27716410,0.48210940,1.65205000,0.00018315,0.00042735,0.00537240,0.01159950,3.61626000,3.31374500,1.79828900,1.10292900,0.60109830,1.09963300,0.79670250,0.86925430,3.30219400,3.30311000,0.79824100,5.00088000,4.97408000,0.00427350, 2, 255, 7, 24,0x50000,No,No,No,No,No,Yes,No,Yes
2026-04-13 20:14:38,0.0,2400,910,,910,960,44,,200,,,648,,68.1,0.8679,0.6000,0.6000,1.1000,0.00000000,0.08880963,0.13077460,0.00292779,0.00000000,0.36792560,0.49674840,1.61633000,0.00000000,0.00048840,0.00482295,0.01135530,3.61811600,3.29982600,1.79926600,1.10439400,0.60439500,1.10146400,0.79816780,0.87006020,3.29853100,3.30494200,0.79677580,4.89234000,5.00356000,0.00341880, 2, 255, 7, 24,0x50000,No,No,No,No,No,Yes,No,Yes
2026-04-13 20:14:40,10.9,2400,910,,910,960,44,,200,,,648,,68.1,0.8679,0.6000,0.6000,1.1000,0.00000000,0.07417068,0.13272650,0.00878337,0.00000000,0.36792560,0.49479650,1.64312000,0.00006105,0.00042735,0.00531135,0.01135530,3.61718800,3.30724900,1.79389300,1.10879000,0.60109830,1.09816700,0.79853400,0.86979160,3.29853100,3.30677300,0.79794790,4.99150000,4.97542000,0.00427350, 2, 255, 7, 24,0x50000,No,No,No,No,No,Yes,No,Yes
2026-04-13 20:14:42,0.2,2400,910,,910,960,44,,200,,,648,,67.5,0.8679,0.6000,0.6000,1.1000,0.00000000,0.09271335,0.12882280,0.00975930,0.00000000,0.22251200,0.35816630,1.64312000,0.00018315,0.00042735,0.00482295,0.01111110,3.60883600,3.31188900,1.81684800,1.11062200,0.60805800,1.09963300,0.80292960,0.86979160,3.30219400,3.30311000,0.79736190,4.97140000,4.99552000,0.00427350, 2, 255, 7, 24,0x50000,No,No,No,No,No,Yes,No,Yes
2026-04-13 20:14:44,0.2,2400,910,,910,960,44,,200,,,648,,67.5,0.8679,0.6000,0.6000,1.1000,0.00000000,0.06538731,0.12882280,0.00780744,0.00000000,0.36694970,0.49186870,1.63419000,0.00006105,0.00042735,0.00586080,0.01123320,3.61533200,3.31745700,1.79096300,1.10439400,0.60842430,1.09853400,0.79926660,0.86925430,3.29761600,3.30402600,0.79824100,5.00088000,4.97542000,0.00427350, 2, 255, 7, 24,0x50000,No,No,No,No,No,Yes,No,Yes
2026-04-13 20:14:47,11.0,2400,910,,910,960,44,,200,,,648,,68.1,0.8679,0.6000,0.6000,1.1000,0.00000000,0.09076149,0.12882280,0.00683151,0.00000000,0.30936980,0.51041140,1.63419000,0.00006105,0.00042735,0.00549450,0.01135530,3.61626000,3.30817700,1.79828900,1.10805800,0.60073200,1.09853400,0.80036550,0.86979160,3.30036300,3.30311000,0.79765500,4.99150000,4.97408000,0.00427350, 2, 255, 7, 24,0x50000,No,No,No,No,No,Yes,No,Yes
2026-04-13 20:14:49,0.0,2400,910,,910,960,44,,200,,,648,,68.1,0.8679,0.6000,0.6000,1.1000,0.00000000,0.09173742,0.13175060,0.00975930,0.00000000,0.32400880,0.49089280,1.63419000,0.00006105,0.00042735,0.00531135,0.01172160,3.62182800,3.31560100,1.80610300,1.10695900,0.60402870,1.10036500,0.79853400,0.86925430,3.30036300,3.30219400,0.79824100,4.99150000,4.98346000,0.00427350, 2, 255, 7, 24,0x50000,No,No,No,No,No,Yes,No,Yes
2026-04-13 20:14:51,0.3,1500,500,,500,500,44,,200,,,648,,67.0,0.7200,0.6000,0.6000,1.1000,0.00000000,0.09661707,0.12491900,0.00683151,0.00000000,0.34157550,0.48698910,1.07160000,0.00006105,0.00054945,0.00531135,0.01147740,3.61626000,3.31281700,1.78852100,1.10292900,0.60183090,1.09963300,0.80292960,0.71990160,3.29944700,3.30402600,0.79736190,5.03036000,4.96336000,0.00427350, 2, 255, 7, 24,0x50000,No,No,No,No,No,Yes,No,Yes
2026-04-13 20:14:53,9.5,2400,910,,910,960,44,,200,,,648,,69.2,0.8679,0.6000,0.6000,1.1000,0.00000000,0.08685777,0.12784680,0.00487965,0.00000000,0.27814010,0.47235010,1.64312000,0.00012210,0.00042735,0.00482295,0.01135530,3.59213300,3.31467300,1.81684800,1.10292900,0.60219720,1.09853400,0.79999920,0.86898570,3.30036300,3.30311000,0.79794790,4.98212000,4.91378000,0.00341880, 2, 255, 7, 24,0x50000,No,No,No,No,No,Yes,No,Yes
2026-04-13 20:14:55,0.5,2400,910,,910,960,44,,200,,,648,,68.1,0.8679,0.6000,0.6000,1.1000,0.00000000,0.12394310,0.16102850,0.00683151,0.00000000,0.38354050,0.38646830,1.62526000,0.00006105,0.00042735,0.00598290,0.01123320,3.60512400,3.32952100,1.79828900,1.10439400,0.60073200,1.09890000,0.79926660,0.86952300,3.30036300,3.30036300,0.79824100,4.96872000,4.97810000,0.00427350, 2, 255, 7, 24,0x50000,No,No,No,No,No,Yes,No,Yes
2026-04-13 20:14:57,0.0,1500,500,,500,500,44,,200,,,648,,67.5,0.7200,0.6000,0.6000,1.1000,0.00000000,0.08880963,0.12491900,0.00780744,0.00000000,0.37963680,0.48015760,1.05374000,0.00006105,0.00048840,0.00506715,0.01172160,3.61626000,3.31003300,1.80024200,1.10879000,0.60476130,1.09890000,0.79999920,0.72017020,3.29944700,3.30311000,0.79706880,5.04912000,4.96470000,0.00427350, 2, 255, 7, 24,0x50000,No,No,No,No,No,Yes,No,Yes
2026-04-13 20:14:59,0.2,1500,500,,500,500,44,,200,,,648,,65.9,0.7200,0.6000,0.6000,1.1000,0.00000000,0.06538731,0.12491900,0.00487965,0.00000000,0.37085340,0.49284470,1.55382000,0.00006105,0.00042735,0.00549450,0.01159950,3.61904400,3.31467300,1.79926600,1.10402800,0.60695910,1.09926600,0.79670250,0.71990160,3.30036300,3.30402600,0.79677580,4.99954000,4.99016000,0.00427350, 2, 255, 7, 24,0x50000,No,No,No,No,No,Yes,No,Yes
2026-04-13 20:15:02,0.3,2400,910,,910,960,44,,200,,,648,,68.1,0.8679,0.6000,0.6000,1.1000,0.00000000,0.08978556,0.13077460,0.00487965,0.00000000,0.27814010,0.35621450,1.68777000,0.00006105,0.00018315,0.00537240,0.01086690,3.60790800,3.31560100,1.79389300,1.11282000,0.59963310,1.09853400,0.80109810,0.87006020,3.30036300,3.30311000,0.79765500,4.97140000,4.97006000,0.00427350, 2, 255, 7, 24,0x50000,No,No,No,No,No,Yes,No,Yes
2026-04-13 20:15:04,1.3,2400,910,,910,960,44,,200,,,648,,67.5,0.8679,0.6000,0.6000,1.1000,0.00000000,0.09076149,0.13077460,0.00390372,0.00686280,0.27814010,0.48113350,1.66098000,0.00024420,0.00042735,0.00586080,0.01135530,3.61254800,3.31560100,1.79828900,1.10805800,0.60402870,1.09816700,0.79853400,0.86925430,3.29944700,3.30127900,0.79677580,4.98882000,4.97810000,0.00427350, 2, 255, 7, 24,0x50000,No,No,No,No,No,Yes,No,Yes
2026-04-13 20:15:06,1.8,2400,910,,910,960,44,,200,,,648,,68.1,0.8679,0.6000,0.6000,1.1000,0.00000000,0.10637640,0.12979870,0.01171116,0.00000000,0.28009190,0.35523850,1.63419000,0.00012210,0.00042735,0.00482295,0.01086690,3.57728600,3.31003300,1.78852100,1.10622600,0.60366240,1.09853400,0.80036550,0.86898570,3.30127900,3.30311000,0.79794790,4.97274000,4.99284000,0.00427350, 2, 255, 7, 24,0x50000,No,No,No,No,No,Yes,No,Yes
2026-04-13 20:15:08,0.3,2400,910,,910,960,44,,200,,,648,,67.5,0.8679,0.6000,0.6000,1.1000,0.00000000,0.08880963,0.12882280,0.00487965,0.00000000,0.27911600,0.35328660,1.64312000,0.00030525,0.00042735,0.00561660,0.01135530,3.60698000,3.31467300,1.79828900,1.10695900,0.59963310,1.09853400,0.80073180,0.86925430,3.30127900,3.30219400,0.79706880,4.98614000,4.97274000,0.00427350, 2, 255, 7, 24,0x50000,No,No,No,No,No,Yes,No,Yes
2026-04-13 20:15:10,0.3,2400,910,,910,960,44,,200,,,648,,67.5,0.8679,0.6000,0.6000,1.1000,0.00000000,0.08588185,0.12979870,0.00292779,0.00000000,0.37085340,0.49089280,1.62526000,0.00006105,0.00042735,0.00543345,0.01111110,3.60790800,3.31374500,1.80610300,1.10439400,0.60109830,1.10073200,0.79853400,0.86952300,3.30036300,3.30219400,0.79736190,4.98614000,4.97944000,0.00427350, 2, 255, 7, 24,0x50000,No,No,No,No,No,Yes,No,Yes
2026-04-13 20:15:12,1.8,1500,500,,500,500,44,,200,,,648,,68.1,0.7200,0.6000,0.6000,1.1000,0.00000000,0.09564114,0.12491900,0.00585558,0.00000000,0.34255140,0.47722980,1.07160000,0.00018315,0.00042735,0.00518925,0.01147740,3.63389100,3.30910500,1.78754400,1.10292900,0.60219720,1.09926600,0.80073180,0.71990160,3.29853100,3.30402600,0.79677580,4.96738000,5.01160000,0.00427350, 2, 255, 7, 24,0x50000,No,No,No,No,No,Yes,No,Yes
2026-04-13 20:15:14,1.5,1500,500,,500,500,44,,200,,,648,,67.0,0.7200,0.6000,0.6000,1.1000,0.00000000,0.12394310,0.12589500,0.00683151,0.00000000,0.24691030,0.46356680,1.05374000,0.00030525,0.00018315,0.00525030,0.01062270,3.62090000,3.31096100,1.78998600,1.10805800,0.60366240,1.10036500,0.80109810,0.71990160,3.30036300,3.30311000,0.79765500,4.98614000,4.99418000,0.00427350, 2, 255, 7, 24,0x50000,No,No,No,No,No,Yes,No,Yes
2026-04-13 20:15:16,0.3,1500,500,,500,500,44,,200,,,648,,67.5,0.7200,0.6000,0.6000,1.1000,0.00000000,0.09173742,0.12687090,0.12199130,0.00000000,0.35816630,0.48796500,1.67884000,0.00006105,0.00054945,0.00531135,0.01159950,3.61811600,3.31560100,1.80024200,1.10439400,0.60292980,1.10036500,0.80146440,0.72017020,3.30036300,3.30311000,0.79765500,5.02902000,4.99552000,0.00427350, 2, 255, 7, 24,0x50000,No,No,No,No,No,Yes,No,Yes
2026-04-13 20:15:19,0.3,2400,910,,910,960,44,,200,,,648,,68.1,0.8679,0.6000,0.6000,1.1000,0.00000000,0.08685777,0.13175060,0.00878337,0.00000000,0.36890160,0.44795190,1.61633000,0.00012210,0.00042735,0.00531135,0.01147740,3.59213300,3.31281700,1.79828900,1.10439400,0.60292980,1.10183000,0.79816780,0.86952300,3.29853100,3.30219400,0.79736190,4.97408000,4.99284000,0.00427350, 2, 255, 7, 24,0x50000,No,No,No,No,No,Yes,No,Yes
2026-04-13 20:15:21,0.2,2400,910,,910,960,44,,200,,,648,,68.6,0.8679,0.6000,0.6000,1.1000,0.00000000,0.09173742,0.12979870,0.00585558,0.00000000,0.27814010,0.48015760,1.63419000,0.00018315,0.00048840,0.00586080,0.01172160,3.61626000,3.30910500,1.79926600,1.10439400,0.60402870,1.09816700,0.79853400,0.86979160,3.30219400,3.30311000,0.79794790,4.99016000,4.96336000,0.00427350, 2, 255, 7, 24,0x50000,No,No,No,No,No,Yes,No,Yes
2026-04-13 20:15:23,4.0,1800,636,,636,653,44,,200,,,648,,66.4,0.7200,0.6000,0.6000,1.1000,0.00000000,0.19323410,0.16590810,0.11028010,0.00000000,0.24788620,0.38549240,1.04481000,0.00006105,0.00018315,0.00573870,0.01123320,3.63389100,3.31003300,1.81684800,1.10439400,0.60439500,1.09999900,0.79816780,0.71963300,3.30036300,3.30127900,0.79794790,4.97408000,4.98346000,0.00341880, 2, 255, 7, 24,0x50000,No,No,No,No,No,Yes,No,Yes
2026-04-13 20:15:25,0.2,2400,910,,910,960,44,,200,,,648,,68.6,0.8679,0.6000,0.6000,1.1000,0.00000000,0.09173742,0.12979870,0.00487965,0.00000000,0.33962360,0.48698910,1.63419000,0.00006105,0.00018315,0.00531135,0.01159950,3.60790800,3.31096100,1.78852100,1.11941300,0.60732540,1.09853400,0.79816780,0.86898570,3.29944700,3.30219400,0.79765500,4.96872000,4.98480000,0.00427350, 2, 255, 7, 24,0x50000,No,No,No,No,No,Yes,No,Yes
2026-04-13 20:15:27,0.0,2400,910,,910,960,44,,200,,,648,,68.6,0.8679,0.6000,0.6000,1.1000,0.00000000,0.07221882,0.13370240,0.00878337,0.00000000,0.36499780,0.48796500,1.63419000,0.00012210,0.00042735,0.00555555,0.01172160,3.60883600,3.31003300,1.79828900,1.11355200,0.60109830,1.09706800,0.79926660,0.86898570,3.29944700,3.30311000,0.79677580,4.97140000,4.99016000,0.00427350, 2, 255, 7, 24,0x50000,No,No,No,No,No,Yes,No,Yes
2026-04-13 20:15:29,2.2,1500,500,,500,500,44,,200,,,648,,66.4,0.7200,0.6000,0.6000,1.1000,0.05953173,0.09076149,0.12394310,0.00780744,0.00000000,0.27911600,0.36011820,1.06267000,0.00006105,0.00054945,0.00586080,0.01159950,3.60048500,3.31560100,1.79926600,1.10732500,0.60036570,1.10329600,0.79816780,0.71990160,3.29944700,3.30219400,0.79736190,4.99552000,4.99954000,0.00427350, 2, 255, 7, 24,0x50000,No,No,No,No,No,Yes,No,Yes
2026-04-13 20:15:31,1.2,1500,500,,500,500,44,,200,,,648,,66.4,0.7200,0.6000,0.6000,1.1000,0.04684464,0.08880963,0.12199130,0.00780744,0.00000000,0.27716410,0.48015760,1.05374000,0.00006105,0.00042735,0.00586080,0.01111110,3.60976400,3.29889800,1.78852100,1.10769100,0.60183090,1.09706800,0.79816780,0.72017020,3.29944700,3.30494200,0.79765500,5.00088000,5.01026000,0.00427350, 2, 255, 7, 24,0x50000,No,No,No,No,No,Yes,No,Yes
2026-04-13 20:15:34,0.3,1500,500,,500,500,44,,200,,,648,,67.5,0.7200,0.6000,0.6000,1.1000,0.05660394,0.09271335,0.12491900,0.00683151,0.00000000,0.24691030,0.47137420,1.67884000,0.00006105,0.00048840,0.00531135,0.01111110,3.60790800,3.31003300,1.79926600,1.10769100,0.60109830,1.09853400,0.79999920,0.71990160,3.30127900,3.30127900,0.79677580,4.99552000,5.00624000,0.00427350, 2, 255, 7, 24,0x50000,No,No,No,No,No,Yes,No,Yes
2026-04-13 20:15:36,4.5,2400,910,,910,960,44,,200,,,648,,67.0,0.8679,0.6000,0.6000,1.1000,0.00000000,0.09076149,0.12979870,0.00683151,0.00000000,0.22446390,0.38549240,1.66991000,0.00012210,0.00036630,0.00555555,0.01159950,3.61626000,3.31467300,1.79828900,1.10329600,0.59963310,1.09816700,0.80109810,0.86898570,3.29944700,3.30311000,0.79677580,4.96336000,4.99150000,0.00427350, 2, 255, 7, 24,0x50000,No,No,No,No,No,Yes,No,Yes
2026-04-13 20:15:38,0.3,2400,910,,910,960,44,,200,,,648,,68.6,0.8679,0.6000,0.6000,1.1000,0.00000000,0.06733918,0.12979870,0.01073523,0.00000000,0.36499780,0.48894090,1.64312000,0.00012210,0.00036630,0.00549450,0.01147740,3.61904400,3.30910500,1.80024200,1.10256300,0.60036570,1.09816700,0.79926660,0.86925430,3.30036300,3.30311000,0.79677580,5.00356000,4.97408000,0.00427350, 2, 255, 7, 24,0x50000,No,No,No,No,No,Yes,No,Yes
2026-04-13 20:15:40,2.0,1500,500,,500,500,44,,200,,,648,,67.5,0.7200,0.6000,0.6000,1.1000,0.00000000,0.09271335,0.12589500,0.00683151,0.00000000,0.24886210,0.41672210,1.04481000,0.00030525,0.00054945,0.00598290,0.01172160,3.62182800,3.30632200,1.79926600,1.10439400,0.60036570,1.09853400,0.79816780,0.71990160,3.29944700,3.30219400,0.79736190,4.99552000,5.03840000,0.00427350, 2, 255, 7, 24,0x50000,No,No,No,No,No,Yes,No,Yes
2026-04-13 20:15:42,0.5,1500,500,,500,500,44,,200,,,648,,67.0,0.7200,0.6000,0.6000,1.1000,0.00000000,0.09954486,0.12491900,0.01171116,0.00000000,0.36402190,0.35621450,1.03588000,0.00006105,0.00042735,0.00482295,0.01172160,3.61904400,3.31281700,1.81684800,1.11355200,0.60439500,1.10073200,0.80036550,0.72017020,3.30311000,3.30311000,0.79677580,5.01294000,5.00758000,0.00427350, 2, 255, 7, 24,0x50000,No,No,No,No,No,Yes,No,Yes
2026-04-13 20:15:44,0.5,1500,500,,500,500,44,,200,,,648,,67.0,0.7200,0.6000,0.6000,1.1000,0.00000000,0.09076149,0.12394310,0.00487965,0.00000000,0.27911600,0.48015760,1.06267000,0.00006105,0.00054945,0.00561660,0.01111110,3.62182800,3.31003300,1.78852100,1.11062200,0.59999940,1.09816700,0.80036550,0.71990160,3.29944700,3.30402600,0.79736190,4.99552000,5.02098000,0.00427350, 2, 255, 7, 24,0x50000,No,No,No,No,No,Yes,No,Yes
2026-04-13 20:15:46,2.2,1500,500,,500,500,44,,200,,,648,,67.0,0.7200,0.6000,0.6000,1.1000,0.00000000,0.10637640,0.12784680,0.00292779,0.00000000,0.34059960,0.48601320,1.06267000,0.00006105,0.00042735,0.00525030,0.01147740,3.62554000,3.31281700,1.81684800,1.10769100,0.60879060,1.09853400,0.80109810,0.72017020,3.30036300,3.30494200,0.79736190,4.99552000,5.00758000,0.00427350, 2, 255, 7, 24,0x50000,No,No,No,No,No,Yes,No,Yes
2026-04-13 20:15:48,0.0,1500,500,,500,500,44,,200,,,648,,67.0,0.7200,0.6000,0.6000,1.1000,0.00000000,0.07709848,0.12491900,0.00683151,0.00000000,0.36792560,0.48796500,1.05374000,0.00006105,0.00018315,0.00561660,0.01172160,3.62182800,3.30817700,1.78754400,1.10695900,0.60805800,1.09853400,0.79926660,0.71990160,3.30219400,3.30494200,0.79765500,5.00490000,4.96872000,0.00427350, 2, 255, 7, 24,0x50000,No,No,No,No,No,Yes,No,Yes
2026-04-13 20:15:51,0.2,1500,500,,500,500,44,,200,,,648,,67.0,0.7200,0.6000,0.6000,1.1000,0.00000000,0.05855580,0.12491900,0.00487965,0.00000000,0.20982490,0.33669580,1.04481000,0.00018315,0.00042735,0.00476190,0.01111110,3.62925200,3.31281700,1.81684800,1.11208700,0.60659280,1.10329600,0.80219700,0.72017020,3.29853100,3.30311000,0.79677580,5.09066000,5.06386000,0.00341880, 2, 255, 7, 24,0x50000,No,No,No,No,No,Yes,No,Yes
2026-04-13 20:15:53,0.0,1500,500,,500,500,44,,200,,,648,,67.5,0.7200,0.6000,0.6000,1.1000,0.00000000,0.06148359,0.12491900,0.00487965,0.00000000,0.21080090,0.33962360,1.01802000,0.00018315,0.00042735,0.00543345,0.01086690,3.63853100,3.31467300,1.81684800,1.10695900,0.60695910,1.10109800,0.80146440,0.72017020,3.29944700,3.30311000,0.79677580,5.04644000,5.05180000,0.00427350, 2, 255, 7, 24,0x50000,No,No,No,No,No,Yes,No,Yes
2026-04-13 20:15:55,0.0,1500,500,,500,500,44,,200,,,648,,66.4,0.7200,0.6000,0.6000,1.1000,0.00000000,0.05953173,0.12491900,0.00780744,0.00000000,0.21080090,0.33571990,1.04481000,0.00018315,0.00054945,0.00525030,0.01086690,3.63853100,3.32024100,1.78852100,1.11355200,0.60622650,1.10402800,0.80109810,0.72017020,3.29944700,3.30311000,0.79736190,5.05046000,5.08530000,0.00427350, 2, 255, 7, 24,0x50000,No,No,No,No,No,Yes,No,Yes
2026-04-13 20:15:57,0.0,1500,500,,500,500,44,,200,,,648,,66.4,0.7200,0.6000,0.6000,1.1000,0.00000000,0.05953173,0.12589500,0.00390372,0.00000000,0.20982490,0.34157550,1.02695000,0.00018315,0.00042735,0.00537240,0.01135530,3.63667500,3.31003300,1.81733600,1.10805800,0.60659280,1.10329600,0.80146440,0.72017020,3.30036300,3.30311000,0.79765500,5.06252000,5.03840000,0.00427350, 2, 255, 7, 24,0x50000,No,No,No,No,No,Yes,No,Yes
2026-04-13 20:15:59,2.0,2400,910,,910,960,44,,200,,,648,,67.0,0.8679,0.6000,0.6000,1.1000,0.00000000,0.06929103,0.13175060,0.00487965,0.00000000,0.20982490,0.34059960,1.58061000,0.00006105,0.00061050,0.00598290,0.01172160,3.63481900,3.31003300,1.80024200,1.10695900,0.60622650,1.09999900,0.80292960,0.86898570,3.30127900,3.30311000,0.79765500,5.02634000,5.01696000,0.00427350, 2, 255, 7, 24,0x50000,No,No,No,No,No,Yes,No,Yes
2026-04-13 20:16:01,0.5,2400,910,,910,960,44,,200,,,648,,67.5,0.8679,0.6000,0.6000,1.1000,0.00000000,0.08392998,0.12882280,0.00585558,0.00000000,0.34157550,0.48796500,1.63419000,0.00006105,0.00048840,0.00506715,0.01184370,3.62182800,3.30817700,1.80024200,1.10732500,0.60659280,1.09853400,0.79890030,0.86844850,3.29853100,3.30311000,0.79677580,4.97274000,4.96068000,0.00427350, 2, 255, 7, 24,0x50000,No,No,No,No,No,Yes,No,Yes
2026-04-13 20:16:03,1.3,2400,910,,910,960,44,,200,,,648,,68.1,0.8679,0.6000,0.6000,1.1000,0.00000000,0.09076149,0.13175060,0.00878337,0.00000000,0.34255140,0.42062580,1.59847000,0.00006105,0.00018315,0.00561660,0.01172160,3.61440400,3.29518600,1.81733600,1.10769100,0.60659280,1.09890000,0.79926660,0.86952300,3.30036300,3.30219400,0.79677580,4.97408000,4.98882000,0.00427350, 2, 255, 7, 24,0x50000,No,No,No,No,No,Yes,No,Yes
2026-04-13 20:16:06,2.0,2400,910,,910,960,44,,200,,,648,,67.5,0.8679,0.6000,0.6000,1.1000,0.00000000,0.09173742,0.13175060,0.00780744,0.00000000,0.24788620,0.35426260,1.62526000,0.00006105,0.00042735,0.00525030,0.01123320,3.58471000,3.31281700,1.80024200,1.10439400,0.60659280,1.09963300,0.80146440,0.86898570,3.30127900,3.30311000,0.79677580,4.98346000,4.97408000,0.00427350, 2, 255, 7, 24,0x50000,No,No,No,No,No,Yes,No,Yes
2026-04-13 20:16:08,0.3,2400,910,,910,960,43,,200,,,648,,68.1,0.8679,0.6000,0.6000,1.1000,0.00000000,0.09173742,0.12687090,0.00683151,0.00000000,0.27911600,0.48991690,1.64312000,0.00012210,0.00042735,0.00543345,0.01147740,3.61811600,3.31003300,1.81733600,1.10512700,0.60073200,1.09853400,0.80292960,0.86925430,3.30036300,3.30311000,0.79765500,4.98480000,4.99016000,0.00427350, 2, 255, 7, 24,0x50000,No,No,No,No,No,Yes,No,Yes
2026-04-13 20:16:10,0.2,2400,910,,910,960,44,,200,,,648,,66.4,0.8679,0.6000,0.6000,1.1000,0.00000000,0.06733918,0.12882280,0.00878337,0.00000000,0.37085340,0.49186870,1.62526000,0.00012210,0.00036630,0.00561660,0.01111110,3.61904400,3.31281700,1.80024200,1.10695900,0.60366240,1.10073200,0.79926660,0.86979160,3.30036300,3.30311000,0.79765500,5.00624000,5.00222000,0.00427350, 2, 255, 7, 24,0x50000,No,No,No,No,No,Yes,No,Yes
2026-04-13 20:16:12,7.3,2400,910,,910,960,44,,200,,,648,,68.1,0.8679,0.6000,0.6000,1.1000,0.00000000,0.08685777,0.13077460,0.00683151,0.00000000,0.37280530,0.49089280,1.63419000,0.00006105,0.00048840,0.00506715,0.01172160,3.58842100,3.31560100,1.79926600,1.10439400,0.60146460,1.10073200,0.79999920,0.87006020,3.30127900,3.30219400,0.79706880,4.99954000,4.99016000,0.00427350, 2, 255, 7, 24,0x50000,No,No,No,No,No,Yes,No,Yes
2026-04-13 20:16:14,3.2,2400,910,,910,960,44,,200,,,648,,68.1,0.8679,0.6000,0.6000,1.1000,0.00000000,0.09759300,0.12882280,0.01171116,0.00000000,0.28009190,0.35914220,1.64312000,0.00012210,0.00048840,0.00573870,0.01135530,3.61533200,3.31281700,1.79926600,1.11062200,0.60219720,1.09890000,0.80219700,0.86979160,3.30036300,3.30311000,0.79765500,4.98614000,4.98480000,0.00427350, 2, 255, 7, 24,0x50000,No,No,No,No,No,Yes,No,Yes
2026-04-13 20:16:16,0.2,1500,500,,500,500,44,,200,,,648,,67.5,0.7200,0.6000,0.6000,1.1000,0.00000000,0.06831510,0.12979870,0.00487965,0.00000000,0.36499780,0.49186870,1.06267000,0.00018315,0.00018315,0.00512820,0.01196580,3.62182800,3.31467300,1.81684800,1.11355200,0.60292980,1.09853400,0.79999920,0.71990160,3.29944700,3.30311000,0.79736190,5.01428000,5.01562000,0.00427350, 2, 255, 7, 24,0x50000,No,No,No,No,No,Yes,No,Yes
2026-04-13 20:16:18,0.3,1500,500,,500,500,44,,200,,,648,,67.5,0.7200,0.6000,0.6000,1.1000,0.00000000,0.08588185,0.12491900,0.00487965,0.00000000,0.36890160,0.48601320,1.03588000,0.00006105,0.00042735,0.00506715,0.01172160,3.61440400,3.31838500,1.81684800,1.11355200,0.59999940,1.09706800,0.79816780,0.71990160,3.29853100,3.30219400,0.79736190,5.01160000,5.01428000,0.00427350, 2, 255, 7, 24,0x50000,No,No,No,No,No,Yes,No,Yes
2026-04-13 20:16:20,0.0,1500,500,,500,500,44,,200,,,648,,66.4,0.7200,0.6000,0.6000,1.1000,0.00000000,0.08685777,0.12491900,0.00487965,0.00000000,0.22543980,0.38646830,1.04481000,0.00018315,0.00042735,0.00561660,0.01123320,3.62182800,3.31467300,1.81684800,1.10732500,0.60036570,1.10183000,0.79816780,0.72017020,3.30036300,3.30311000,0.79794790,5.00490000,5.03170000,0.00427350, 2, 255, 7, 24,0x50000,No,No,No,No,No,Yes,No,Yes
2026-04-13 20:16:23,0.3,1500,500,,500,500,44,,200,,,648,,66.4,0.7200,0.6000,0.6000,1.1000,0.00000000,0.08588185,0.12491900,0.00585558,0.00000000,0.37182930,0.49772430,1.02695000,0.00006105,0.00042735,0.00537240,0.01172160,3.61440400,3.30260900,1.81733600,1.10769100,0.60036570,1.10036500,0.79816780,0.71963300,3.29853100,3.30127900,0.79677580,5.01160000,4.99552000,0.00341880, 2, 255, 7, 24,0x50000,No,No,No,No,No,Yes,No,Yes
2026-04-13 20:16:25,0.5,1500,500,,500,500,44,,200,,,648,,66.4,0.7200,0.6000,0.6000,1.1000,0.00000000,0.08392998,0.12589500,0.03903720,0.00000000,0.36792560,0.49089280,1.05374000,0.00006105,0.00054945,0.00531135,0.01159950,3.62182800,3.31467300,1.78852100,1.10439400,0.60219720,1.09853400,0.79890030,0.71963300,3.30127900,3.30311000,0.79677580,5.01562000,5.00490000,0.00427350, 2, 255, 7, 24,0x50000,No,No,No,No,No,Yes,No,Yes
2026-04-13 20:16:27,0.3,1500,500,,500,500,44,,200,,,648,,64.8,0.7200,0.6000,0.6000,1.1000,0.00000000,0.05953173,0.12589500,0.00585558,0.00000000,0.21080090,0.33571990,1.02695000,0.00018315,0.00042735,0.00543345,0.01123320,3.64409900,3.30632200,1.81684800,1.10805800,0.60732540,1.10402800,0.80329590,0.71990160,3.29944700,3.30311000,0.79736190,5.07994000,5.05716000,0.00427350, 2, 255, 7, 24,0x50000,No,No,No,No,No,Yes,No,Yes
2026-04-13 20:16:29,0.3,1500,500,,500,500,44,,200,,,648,,66.4,0.8679,0.6000,0.6000,1.1000,0.00000000,0.06245952,0.12979870,0.01073523,0.00000000,0.20884900,0.33767180,2.78616000,0.00024420,0.00042735,0.00506715,0.01172160,3.62090000,3.31838500,1.80610300,1.10659200,0.60366240,1.10402800,0.80292960,0.86952300,3.30036300,3.30585700,0.79677580,4.99552000,4.98748000,0.00427350, 2, 255, 7, 24,0x50000,No,No,No,No,No,Yes,No,Yes
2026-04-13 20:16:31,0.0,2400,910,,910,960,44,,200,,,648,,67.0,0.8679,0.6000,0.6000,1.1000,0.00000000,0.06245952,0.13272650,0.00487965,0.00000000,0.21080090,0.33767180,1.58954000,0.00018315,0.00067155,0.00482295,0.01111110,3.63110700,3.30724900,1.80024200,1.10769100,0.60659280,1.10476100,0.80146440,0.86898570,3.30402600,3.30311000,0.79765500,5.00758000,5.03572000,0.00427350, 2, 255, 7, 24,0x50000,No,No,No,No,No,Yes,No,Yes
2026-04-13 20:16:33,0.0,2400,910,,910,960,44,,200,,,648,,67.5,0.8679,0.6000,0.6000,1.1000,0.00000000,0.05562801,0.12979870,0.01073523,0.00000000,0.21177680,0.33767180,1.59847000,0.00006105,0.00042735,0.00482295,0.01135530,3.64502700,3.30910500,1.80610300,1.11355200,0.60915690,1.10329600,0.79963290,0.86925430,3.30402600,3.30311000,0.79736190,5.06117900,5.01562000,0.00427350, 2, 255, 7, 24,0x50000,No,No,No,No,No,Yes,No,Yes
2026-04-13 20:16:35,1.5,2400,910,,910,960,44,,200,,,648,,68.6,0.8679,0.6000,0.6000,1.1000,0.00000000,0.06441138,0.13565430,0.00585558,0.00000000,0.36694970,0.49674840,1.62526000,0.00006105,0.00042735,0.00531135,0.01147740,3.61347600,3.31188900,1.81733600,1.10879000,0.60109830,1.09890000,0.79926660,0.86979160,3.30036300,3.30311000,0.79765500,4.97140000,4.98882000,0.00427350, 2, 255, 7, 24,0x50000,No,No,No,No,No,Yes,No,Yes
2026-04-13 20:16:38,0.3,2400,910,,910,960,44,,200,,,648,,67.5,0.8679,0.6000,0.6000,1.1000,0.00000000,0.12589500,0.16493220,0.00390372,0.00000000,0.36890160,0.45185560,1.63419000,0.00012210,0.00042735,0.00610500,0.01172160,3.60419700,3.31188900,1.82124300,1.10805800,0.60549390,1.10292900,0.79853400,0.86925430,3.30036300,3.30219400,0.79706880,4.96872000,4.97944000,0.00427350, 2, 255, 7, 24,0x50000,No,No,No,No,No,Yes,No,Yes
2026-04-13 20:16:40,0.3,1500,500,,500,500,44,,200,,,648,,67.0,0.7200,0.6000,0.6000,1.1000,0.00000000,0.08490592,0.12394310,0.00683151,0.00000000,0.37963680,0.49382060,1.08946000,0.00006105,0.00042735,0.00549450,0.01135530,3.62182800,3.30724900,1.78900900,1.10292900,0.60769170,1.09816700,0.79963290,0.72017020,3.30127900,3.30402600,0.79765500,5.04242000,4.99552000,0.00427350, 2, 255, 7, 24,0x50000,No,No,No,No,No,Yes,No,Yes
2026-04-13 20:16:42,7.3,2400,910,,910,960,44,,200,,,648,,67.0,0.8679,0.6000,0.6000,1.1000,0.00000000,0.09271335,0.13272650,0.01073523,0.00000000,0.35719040,0.49382060,1.65205000,0.00012210,0.00042735,0.00586080,0.01123320,3.55965400,3.31467300,1.79828900,1.10146400,0.60732540,1.09890000,0.79816780,0.86898570,3.30036300,3.30311000,0.79736190,4.86956000,4.99418000,0.00427350, 2, 255, 7, 24,0x50000,No,No,No,No,No,Yes,No,Yes
2026-04-13 20:16:44,24.5,2400,910,,910,960,44,,200,,,648,,68.6,0.8679,0.6000,0.6000,1.1000,0.00000000,0.08880963,0.12882280,0.00780744,0.00000000,0.37280530,0.48894090,1.65205000,0.00012210,0.00036630,0.00482295,0.01184370,3.56429400,3.30817700,1.79926600,1.10695900,0.60219720,1.09890000,0.79926660,0.86979160,3.29944700,3.30311000,0.79736190,4.86688000,4.86688000,0.00427350, 2, 255, 7, 24,0x50000,No,No,No,No,No,Yes,No,Yes
2026-04-13 20:16:46,0.3,1500,500,,500,500,44,,200,,,648,,68.1,0.7200,0.6000,0.6000,1.1000,0.00000000,0.08685777,0.12491900,0.00975930,0.00000000,0.38158860,0.49186870,1.06267000,0.00006105,0.00042735,0.00506715,0.01159950,3.62275600,3.31467300,1.80024200,1.10732500,0.60476130,1.10036500,0.80292960,0.72017020,3.29853100,3.30494200,0.79677580,5.01562000,5.02634000,0.00427350, 2, 255, 7, 24,0x50000,No,No,No,No,No,Yes,No,Yes
2026-04-13 20:16:48,0.3,1500,500,,500,500,44,,200,,,648,,67.0,0.7200,0.6000,0.6000,1.1000,0.00000000,0.09173742,0.12394310,0.00683151,0.00000000,0.37085340,0.49284470,1.05374000,0.00006105,0.00018315,0.00531135,0.01196580,3.61440400,3.31281700,1.81733600,1.10732500,0.60512760,1.09926600,0.79926660,0.71990160,3.29853100,3.30219400,0.79765500,4.98480000,5.01160000,0.00427350, 2, 255, 7, 24,0x50000,No,No,No,No,No,Yes,No,Yes
2026-04-13 20:16:50,10.3,2400,910,,910,960,44,,200,,,648,,68.6,0.8679,0.6000,0.6000,1.1000,0.00000000,0.09564114,0.14150990,0.09759300,0.01176480,0.37085340,0.57579870,5.14367900,0.00012210,0.00042735,0.00518925,0.01184370,3.56893400,3.31003300,1.78852100,1.10256300,0.60439500,1.09816700,0.79963290,0.87167190,3.30219400,3.30311000,0.79677580,4.86420000,4.81998000,0.00427350, 2, 255, 7, 24,0x50000,No,No,No,No,No,Yes,No,Yes
2026-04-13 20:16:53,1.5,2400,910,,910,960,44,,200,,,648,,68.1,0.8679,0.6000,0.6000,1.1000,0.00000000,0.09271335,0.12882280,0.00780744,0.00000000,0.36792560,0.48698910,2.69686000,0.00012210,0.00036630,0.00543345,0.01172160,3.59027700,3.31281700,1.80024200,1.11208700,0.60329610,1.09926600,0.79926660,0.86979160,3.29853100,3.30219400,0.79765500,4.93254000,4.84410000,0.00341880, 2, 255, 7, 24,0x50000,No,No,No,No,No,Yes,No,Yes
2026-04-13 20:16:55,4.3,2400,910,,910,960,44,,200,,,648,,68.6,0.8679,0.6000,0.6000,1.1000,0.00000000,0.08490592,0.13077460,0.00975930,0.00000000,0.37182930,0.49284470,1.62526000,0.00012210,0.00048840,0.00586080,0.01172160,3.60141300,3.30817700,1.80024200,1.11355200,0.60366240,1.09890000,0.79926660,0.86979160,3.29944700,3.30311000,0.79794790,4.95532000,4.99016000,0.00427350, 2, 255, 7, 24,0x50000,No,No,No,No,No,Yes,No,Yes
2026-04-13 20:16:57,1.3,2400,910,,910,960,43,,200,,,648,,67.5,0.8679,0.6000,0.6000,1.1000,0.00000000,0.09368929,0.12784680,0.00390372,0.00000000,0.36792560,0.48991690,1.63419000,0.00006105,0.00042735,0.00561660,0.01123320,3.55408700,3.31188900,1.79096300,1.10146400,0.60329610,1.09853400,0.79853400,0.86925430,3.30036300,3.30219400,0.79706880,4.84410000,5.01026000,0.00427350, 2, 255, 7, 24,0x50000,No,No,No,No,No,Yes,No,Yes
2026-04-13 20:16:59,7.0,2400,910,,910,960,44,,200,,,648,,69.7,0.8679,0.6000,0.6000,1.1000,0.00000000,0.09271335,0.13077460,0.00390372,0.00000000,0.37085340,0.51236320,1.65205000,0.00018315,0.00042735,0.00555555,0.01159950,3.61997200,3.31003300,1.80024200,1.10879000,0.60659280,1.09890000,0.79926660,0.86979160,3.30036300,3.30219400,0.79765500,4.98480000,4.96336000,0.00427350, 2, 255, 7, 24,0x50000,No,No,No,No,No,Yes,No,Yes
2026-04-13 20:17:01,0.3,1500,500,,500,500,44,,200,,,648,,68.6,0.7200,0.6000,0.6000,1.1000,0.00000000,0.08490592,0.13175060,0.00878337,0.00000000,0.37280530,0.48698910,1.08053000,0.00006105,0.00018315,0.00537240,0.01159950,3.62182800,3.30910500,1.78803200,1.10695900,0.60769170,1.10036500,0.79890030,0.72017020,3.30219400,3.30311000,0.79677580,5.00490000,4.98882000,0.00341880, 2, 255, 7, 24,0x50000,No,No,No,No,No,Yes,No,Yes
2026-04-13 20:17:03,2.2,2400,910,,910,960,44,,200,,,648,,67.0,0.8679,0.6000,0.6000,1.1000,0.00000000,0.08880963,0.13077460,0.01171116,0.00000000,0.37182930,0.49674840,1.63419000,0.00018315,0.00042735,0.00543345,0.01172160,3.59955700,3.31188900,1.81733600,1.10732500,0.60476130,1.09853400,0.79816780,0.86952300,3.29944700,3.30311000,0.79677580,4.96202000,5.00490000,0.00341880, 2, 255, 7, 24,0x50000,No,No,No,No,No,Yes,No,Yes
2026-04-13 20:17:05,23.4,2400,910,,910,960,43,,200,,,648,,70.3,0.8679,0.6000,0.6000,1.1000,0.00000000,0.08783370,0.14053390,0.10540040,0.00245100,0.37085340,0.52602620,2.59863000,0.00006105,0.00042735,0.00537240,0.01147740,3.59213300,3.31188900,1.78852100,1.10915600,0.60036570,1.09853400,0.79890030,0.86979160,3.29944700,3.30127900,0.79677580,4.97274000,4.97274000,0.00427350, 2, 255, 7, 24,0x50000,No,No,No,No,No,Yes,No,Yes
2026-04-13 20:17:07,0.2,2400,910,,910,960,44,,200,,,648,,69.2,0.8679,0.6000,0.6000,1.1000,0.00000000,0.09173742,0.13175060,0.00487965,0.00000000,0.36890160,0.49674840,1.66098000,0.00018315,0.00042735,0.00543345,0.01147740,3.60698000,3.31188900,1.81684800,1.10146400,0.60549390,1.09890000,0.79853400,0.86952300,3.29944700,3.30311000,0.79677580,4.97810000,4.97274000,0.00427350, 2, 255, 7, 24,0x50000,No,No,No,No,No,Yes,No,Yes
2026-04-13 20:17:10,1.5,1500,500,,500,500,44,,200,,,648,,68.6,0.7200,0.6000,0.6000,1.1000,0.00000000,0.08783370,0.12394310,0.00780744,0.00000000,0.38158860,0.48991690,1.06267000,0.00006105,0.00042735,0.00537240,0.01172160,3.62925200,3.31467300,1.81684800,1.10109800,0.60292980,1.09853400,0.79816780,0.71990160,3.29944700,3.30311000,0.79677580,5.01964000,4.99418000,0.00427350, 2, 255, 7, 24,0x50000,No,No,No,No,No,Yes,No,Yes
2026-04-13 20:17:12,2.3,1500,500,,500,500,44,,200,,,648,,68.1,0.7200,0.6000,0.6000,1.1000,0.00000000,0.08978556,0.12296720,0.00683151,0.00000000,0.36987750,0.49674840,1.06267000,0.00006105,0.00018315,0.00476190,0.01184370,3.63296300,3.31281700,1.78852100,1.10695900,0.60183090,1.09926600,0.79816780,0.71990160,3.29944700,3.30402600,0.79677580,4.99954000,5.00758000,0.00427350, 2, 255, 7, 24,0x50000,No,No,No,No,No,Yes,No,Yes
2026-04-13 20:17:14,2.0,2400,910,,910,960,44,,200,,,648,,70.3,0.8679,0.6000,0.6000,1.1000,0.00000000,0.09076149,0.12979870,0.00683151,0.00000000,0.37182930,0.49577240,1.65205000,0.00018315,0.00036630,0.00531135,0.01172160,3.61626000,3.30910500,1.80024200,1.10586000,0.60366240,1.09890000,0.79926660,0.86925430,3.30219400,3.30219400,0.79765500,4.97810000,4.99150000,0.00427350, 2, 255, 7, 24,0x50000,No,No,No,No,No,Yes,No,Yes
2026-04-13 20:17:16,0.3,2400,910,,910,960,44,,200,,,648,,68.6,0.8679,0.6000,0.6000,1.1000,0.00000000,0.09466522,0.12979870,0.00487965,0.00000000,0.36890160,0.48991690,1.65205000,0.00012210,0.00042735,0.00573870,0.01147740,3.60883600,3.31467300,1.79926600,1.10732500,0.60512760,1.09890000,0.79963290,0.86898570,3.29944700,3.30127900,0.79794790,4.98346000,4.97006000,0.00427350, 2, 255, 7, 24,0x50000,No,No,No,No,No,Yes,No,Yes
2026-04-13 20:17:18,24.9,2400,910,,910,960,43,,200,,,648,,69.7,0.8679,0.6000,0.6000,1.1000,0.00000000,0.08783370,0.13370240,0.00390372,0.00000000,0.37866080,0.49089280,2.16999000,0.00006105,0.00048840,0.00531135,0.01172160,3.61069200,3.30910500,1.79926600,1.10879000,0.60842430,1.09853400,0.79890030,0.86952300,3.29944700,3.30127900,0.79736190,5.02634000,5.01160000,0.00427350, 2, 255, 7, 24,0x50000,No,No,No,No,No,Yes,No,Yes
2026-04-13 20:17:20,0.0,1500,500,,500,500,44,,200,,,648,,67.5,0.7200,0.6000,0.6000,1.1000,0.00000000,0.09271335,0.12394310,0.00878337,0.00000000,0.36987750,0.48991690,1.07160000,0.00006105,0.00018315,0.00518925,0.01159950,3.61440400,3.30632200,1.81684800,1.10439400,0.60329610,1.09853400,0.79780140,0.72017020,3.29944700,3.30219400,0.79794790,5.00356000,4.99552000,0.00427350, 2, 255, 7, 24,0x50000,No,No,No,No,No,Yes,No,Yes
2026-04-13 20:17:22,0.3,1500,500,,500,500,44,,200,,,648,,68.1,0.7200,0.6000,0.6000,1.1000,0.00000000,0.09076149,0.12491900,0.00780744,0.00000000,0.36987750,0.49479650,1.06267000,0.00006105,0.00054945,0.00586080,0.01172160,3.61811600,3.31560100,1.78852100,1.10732500,0.60292980,1.09926600,0.79816780,0.71963300,3.29944700,3.30402600,0.79706880,5.00088000,5.01160000,0.00427350, 2, 255, 7, 24,0x50000,No,No,No,No,No,Yes,No,Yes
2026-04-13 20:17:25,7.3,2400,910,,910,960,44,,200,,,648,,69.7,0.8679,0.6000,0.6000,1.1000,0.00000000,0.08880963,0.13663020,0.14541360,0.02647080,0.36792560,0.58458210,5.25084000,0.00012210,0.00042735,0.00518925,0.01184370,3.56615000,3.31003300,1.81684800,1.10769100,0.60256350,1.09853400,0.79816780,0.86979160,3.30036300,3.30402600,0.79736190,4.82802000,4.86018000,0.00427350, 2, 255, 7, 24,0x50000,No,No,No,No,No,Yes,No,Yes
2026-04-13 20:17:27,1.5,2400,910,,910,960,44,,200,,,648,,69.2,0.8679,0.6000,0.6000,1.1000,0.00000000,0.09173742,0.13077460,0.00683151,0.00000000,0.37085340,0.48698910,1.66991000,0.00006105,0.00054945,0.00586080,0.01172160,3.60883600,3.31003300,1.79926600,1.10146400,0.60219720,1.09926600,0.79816780,0.87006020,3.29944700,3.30311000,0.79736190,4.98346000,4.97140000,0.00427350, 2, 255, 7, 24,0x50000,No,No,No,No,No,Yes,No,Yes
2026-04-13 20:17:29,0.5,2400,910,,910,960,44,,200,,,648,,69.2,0.8679,0.6000,0.6000,1.1000,0.00000000,0.08880963,0.13370240,0.00683151,0.00000000,0.36890160,0.48796500,1.66098000,0.00018315,0.00042735,0.00586080,0.01172160,3.62090000,3.31560100,1.79389300,1.10439400,0.60036570,1.09963300,0.79999920,0.86952300,3.30127900,3.30311000,0.79706880,4.98882000,4.92182000,0.00427350, 2, 255, 7, 24,0x50000,No,No,No,No,No,Yes,No,Yes
2026-04-13 20:17:31,2.0,1500,500,,500,500,44,,200,,,648,,68.1,0.7200,0.6000,0.6000,1.1000,0.05855580,0.09466522,0.12687090,0.03903720,0.00000000,0.37182930,0.49772430,1.60740000,0.00006105,0.00048840,0.00531135,0.01147740,3.55130300,3.31003300,1.79926600,1.11098800,0.60366240,1.09853400,0.79926660,0.72043880,3.29853100,3.30402600,0.79736190,4.98212000,4.99552000,0.00341880, 2, 255, 7, 24,0x50000,No,No,No,No,No,Yes,No,Yes
2026-04-13 20:17:33,0.7,2400,910,,910,960,44,,200,,,648,,69.2,0.8679,0.6000,0.6000,1.1000,0.04294092,0.09076149,0.12979870,0.00878337,0.00000000,0.36890160,0.49382060,1.74135000,0.00018315,0.00042735,0.00531135,0.01172160,3.59584500,3.30910500,1.81684800,1.10622600,0.60329610,1.09890000,0.79853400,0.86925430,3.30036300,3.30311000,0.79677580,4.97408000,4.96336000,0.00427350, 2, 255, 7, 24,0x50000,No,No,No,No,No,Yes,No,Yes
2026-04-13 20:17:35,0.3,2400,910,,910,960,44,,200,,,648,,69.7,0.8679,0.6000,0.6000,1.1000,0.06831510,0.08685777,0.13175060,0.00780744,0.00000000,0.36792560,0.49284470,1.66098000,0.00012210,0.00036630,0.00543345,0.01172160,3.58934900,3.31560100,1.80024200,1.10622600,0.60659280,1.09890000,0.79926660,0.86898570,3.29853100,3.30402600,0.79794790,4.97140000,4.93254000,0.00427350, 2, 255, 7, 24,0x50000,No,No,No,No,No,Yes,No,Yes
2026-04-13 20:17:37,25.4,2400,910,,910,960,44,,200,,,648,,68.1,0.8679,0.6000,0.6000,1.1000,0.00000000,0.08685777,0.13175060,0.00975930,0.00000000,0.36694970,0.49186870,2.75937000,0.00006105,0.00042735,0.00525030,0.01147740,3.59491700,3.29518600,1.81733600,1.10292900,0.60146460,1.09926600,0.79853400,0.86979160,3.30127900,3.30311000,0.79824100,4.99150000,4.98212000,0.00427350, 2, 255, 7, 24,0x50000,No,No,No,No,No,Yes,No,Yes
2026-04-13 20:17:39,0.0,2400,910,,910,960,44,,200,,,648,,69.7,0.8679,0.6000,0.6000,1.1000,0.00000000,0.09076149,0.13175060,0.00683151,0.00000000,0.36792560,0.49186870,1.66098000,0.00018315,0.00042735,0.00543345,0.01172160,3.60512400,3.30632200,1.79828900,1.10695900,0.60402870,1.09816700,0.79670250,0.86925430,3.30036300,3.30219400,0.79765500,4.97408000,4.97408000,0.00427350, 2, 255, 7, 24,0x50000,No,No,No,No,No,Yes,No,Yes
2026-04-13 20:17:42,0.2,1600,545,,545,551,43,,200,,,648,,69.7,0.7200,0.6000,0.6000,1.1000,0.00000000,0.09173742,0.12394310,0.00487965,0.00000000,0.39134800,0.49284470,1.09839000,0.00006105,0.00042735,0.00543345,0.01184370,3.63018000,3.31281700,1.80610300,1.10146400,0.60439500,1.09816700,0.79853400,0.72017020,3.30219400,3.30311000,0.79765500,5.01160000,4.99284000,0.00427350, 2, 255, 7, 24,0x50000,No,No,No,No,No,Yes,No,Yes
2026-04-13 20:17:44,0.3,2400,910,,910,960,44,,200,,,648,,69.7,0.8679,0.6000,0.6000,1.1000,0.00000000,0.08685777,0.12979870,0.00585558,0.00000000,0.36987750,0.49577240,1.64312000,0.00006105,0.00042735,0.00561660,0.01172160,3.56429400,3.30910500,1.80024200,1.10769100,0.60109830,1.09853400,0.79853400,0.86925430,3.30036300,3.30402600,0.79765500,4.87894000,4.88162000,0.00341880, 2, 255, 7, 24,0x50000,No,No,No,No,No,Yes,No,Yes
2026-04-13 20:17:46,0.0,2400,910,,910,960,44,,200,,,648,,69.7,0.8679,0.6000,0.6000,1.1000,0.00000000,0.08880963,0.13175060,0.01171116,0.00000000,0.37280530,0.49186870,1.66098000,0.00012210,0.00036630,0.00531135,0.01172160,3.61440400,3.31281700,1.78852100,1.10695900,0.60329610,1.09853400,0.79816780,0.86952300,3.30036300,3.29944700,0.79765500,4.97676000,4.98078000,0.00427350, 2, 255, 7, 24,0x50000,No,No,No,No,No,Yes,No,Yes
2026-04-13 20:17:48,0.5,1500,500,,500,500,44,,200,,,648,,69.2,0.7200,0.6000,0.6000,1.1000,0.00000000,0.09076149,0.12589500,0.00683151,0.00000000,0.37182930,0.49186870,1.08053000,0.00006105,0.00042735,0.00586080,0.01172160,3.61811600,3.31003300,1.78852100,1.10292900,0.60402870,1.09853400,0.79999920,0.72017020,3.29944700,3.30402600,0.79677580,4.99552000,5.01562000,0.00341880, 2, 255, 7, 24,0x50000,No,No,No,No,No,Yes,No,Yes
2026-04-13 20:17:50,0.2,1500,500,,500,500,44,,200,,,648,,67.5,0.7200,0.6000,0.6000,1.1000,0.00000000,0.09271335,0.12589500,0.00585558,0.00000000,0.36987750,0.49284470,1.06267000,0.00006105,0.00054945,0.00537240,0.01172160,3.61533200,3.31560100,1.80024200,1.11098800,0.60402870,1.10036500,0.79853400,0.71990160,3.29944700,3.30127900,0.79765500,4.99552000,5.01160000,0.00427350, 2, 255, 7, 24,0x50000,No,No,No,No,No,Yes,No,Yes
2026-04-13 20:17:52,0.5,1500,500,,500,500,44,,200,,,648,,67.0,0.7200,0.6000,0.6000,1.1000,0.00000000,0.09856894,0.15712470,0.00487965,0.00000000,0.23324730,0.33767180,1.04481000,0.00006105,0.00042735,0.00525030,0.01123320,3.61904400,3.32580900,1.79828900,1.10439400,0.60439500,1.10329600,0.80146440,0.71990160,3.30036300,3.30127900,0.79765500,5.04912000,5.03304000,0.00427350, 2, 255, 7, 24,0x50000,No,No,No,No,No,Yes,No,Yes
2026-04-13 20:17:54,21.9,2400,910,,910,960,44,,200,,,648,,71.9,0.8679,0.6000,0.6000,1.1000,0.00000000,0.09076149,0.12979870,0.01366302,0.00000000,0.37280530,0.49089280,1.68777000,0.00012210,0.00036630,0.00531135,0.01147740,3.60419700,3.31467300,1.80024200,1.10439400,0.60805800,1.09853400,0.79816780,0.86952300,3.30127900,3.30311000,0.79677580,4.98346000,4.98748000,0.00427350, 2, 255, 7, 24,0x50000,No,No,No,No,No,Yes,No,Yes
2026-04-13 20:17:57,0.8,2400,910,,910,960,43,,200,,,648,,69.7,0.8679,0.6000,0.6000,1.1000,0.00000000,0.08588185,0.12979870,0.01171116,0.00000000,0.37085340,0.51041140,1.67884000,0.00006105,0.00048840,0.00586080,0.01184370,3.60698000,3.31467300,1.79926600,1.10879000,0.60402870,1.09926600,0.79816780,0.86898570,3.29944700,3.30402600,0.79765500,4.97542000,4.97274000,0.00427350, 2, 255, 7, 24,0x50000,No,No,No,No,No,Yes,No,Yes
2026-04-13 20:17:59,1.3,1600,545,,545,551,44,,200,,,648,,69.2,0.7200,0.6000,0.6000,1.1000,0.00000000,0.08978556,0.12491900,0.00975930,0.00000000,0.36987750,0.49186870,1.09839000,0.00006105,0.00042735,0.00525030,0.01135530,3.62554000,3.31560100,1.80024200,1.11355200,0.60402870,1.09853400,0.79999920,0.71990160,3.30036300,3.30402600,0.79677580,5.00758000,5.01160000,0.00341880, 2, 255, 7, 24,0x50000,No,No,No,No,No,Yes,No,Yes
2026-04-13 20:18:01,0.5,1500,500,,500,500,44,,200,,,648,,67.0,0.7200,0.6000,0.6000,1.1000,0.00000000,0.09173742,0.12589500,0.00878337,0.00000000,0.36890160,0.49089280,1.08946000,0.00006105,0.00042735,0.00476190,0.01172160,3.61811600,3.31560100,1.78754400,1.11355200,0.60402870,1.09926600,0.80036550,0.71990160,3.29944700,3.30311000,0.79765500,4.98882000,4.99686000,0.00427350, 2, 255, 7, 24,0x50000,No,No,No,No,No,Yes,No,Yes
2026-04-13 20:18:03,0.3,1500,500,,500,500,44,,200,,,648,,66.4,0.7200,0.6000,0.6000,1.1000,0.00000000,0.09173742,0.12296720,0.00487965,0.00000000,0.37182930,0.49284470,1.07160000,0.00006105,0.00054945,0.00586080,0.01172160,3.61997200,3.31467300,1.80024200,1.10695900,0.60476130,1.09853400,0.79999920,0.71963300,3.30036300,3.30219400,0.79677580,5.01562000,5.01294000,0.00427350, 2, 255, 7, 24,0x50000,No,No,No,No,No,Yes,No,Yes
2026-04-13 20:18:05,24.9,2400,910,,910,960,44,,200,,,648,,69.2,0.8679,0.6000,0.6000,1.1000,0.00000000,0.09368929,0.12882280,0.00683151,0.00000000,0.36890160,0.49186870,1.66991000,0.00012210,0.00036630,0.00586080,0.01172160,3.61904400,3.31467300,1.79828900,1.10732500,0.60146460,1.09926600,0.79816780,0.86979160,3.30127900,3.30219400,0.79794790,4.96202000,4.95666000,0.00427350, 2, 255, 7, 24,0x50000,No,No,No,No,No,Yes,No,Yes
2026-04-13 20:18:07,0.3,2400,910,,910,960,44,,200,,,648,,69.2,0.8679,0.6000,0.6000,1.1000,0.00000000,0.09173742,0.13077460,0.00878337,0.00000000,0.36987750,0.48991690,1.66098000,0.00006105,0.00042735,0.00586080,0.01159950,3.57543000,3.30632200,1.79828900,1.11062200,0.60256350,1.09963300,0.79926660,0.86925430,3.30036300,3.30219400,0.79765500,4.93120000,4.92986000,0.00427350, 2, 255, 7, 24,0x50000,No,No,No,No,No,Yes,No,Yes
2026-04-13 20:18:09,0.5,1500,500,,500,500,44,,200,,,648,,68.6,0.7200,0.6000,0.6000,1.1000,0.00000000,0.09271335,0.12491900,0.01073523,0.00000000,0.36987750,0.49089280,1.08053000,0.00006105,0.00048840,0.00598290,0.01147740,3.60048500,3.31003300,1.79926600,1.10695900,0.60183090,1.09963300,0.79999920,0.72017020,3.30127900,3.30219400,0.79736190,4.99418000,5.03438000,0.00427350, 2, 255, 7, 24,0x50000,No,No,No,No,No,Yes,No,Yes
2026-04-13 20:18:12,0.5,1500,500,,500,500,44,,200,,,648,,67.5,0.7200,0.6000,0.6000,1.1000,0.00000000,0.08978556,0.12199130,0.00975930,0.00000000,0.36890160,0.49186870,1.08946000,0.00024420,0.00018315,0.00561660,0.01184370,3.61811600,3.31188900,1.78803200,1.11062200,0.60439500,1.09853400,0.79963290,0.72043880,3.30219400,3.30311000,0.79736190,5.01428000,4.99552000,0.00427350, 2, 255, 7, 24,0x50000,No,No,No,No,No,Yes,No,Yes
2026-04-13 20:18:14,0.5,1500,500,,500,500,44,,200,,,648,,68.1,0.7200,0.6000,0.6000,1.1000,0.00000000,0.09173742,0.12296720,0.00878337,0.00000000,0.36792560,0.49479650,1.06267000,0.00006105,0.00054945,0.00506715,0.01172160,3.62182800,3.31096100,1.78852100,1.10439400,0.60219720,1.09890000,0.79926660,0.72017020,3.29944700,3.30494200,0.79677580,5.01428000,4.99820000,0.00427350, 2, 255, 7, 24,0x50000,No,No,No,No,No,Yes,No,Yes
2026-04-13 20:18:16,3.0,2400,910,,910,960,44,,200,,,648,,69.2,0.8679,0.6000,0.6000,1.1000,0.00000000,0.09271335,0.13272650,0.00683151,0.00000000,0.37182930,0.49186870,1.65205000,0.00006105,0.00018315,0.00561660,0.01172160,3.61347600,3.31281700,1.82124300,1.10439400,0.60292980,1.09816700,0.79816780,0.86898570,3.29944700,3.30311000,0.79765500,4.96872000,4.96336000,0.00427350, 2, 255, 7, 24,0x50000,No,No,No,No,No,Yes,No,Yes
2026-04-13 20:18:18,1.3,2400,910,,910,960,44,,200,,,648,,69.7,0.8679,0.6000,0.6000,1.1000,0.00000000,0.08880963,0.13077460,0.00683151,0.00000000,0.38158860,0.48991690,1.66991000,0.00006105,0.00042735,0.00506715,0.01111110,3.59955700,3.30910500,1.79828900,1.10805800,0.60256350,1.09890000,0.79853400,0.86952300,3.30036300,3.30219400,0.79706880,4.98346000,4.96470000,0.00427350, 2, 255, 7, 24,0x50000,No,No,No,No,No,Yes,No,Yes
2026-04-13 20:18:20,25.2,1500,500,,500,500,44,,200,,,648,,69.7,0.7200,0.6000,0.6000,1.1000,0.00000000,0.09271335,0.12589500,0.00585558,0.00000000,0.37085340,0.48601320,1.09839000,0.00006105,0.00018315,0.00586080,0.01135530,3.62090000,3.30910500,1.78852100,1.11391800,0.60292980,1.10036500,0.79743510,0.71990160,3.29944700,3.30402600,0.79677580,5.01696000,5.02232000,0.00427350, 2, 255, 7, 24,0x50000,No,No,No,No,No,Yes,No,Yes
2026-04-13 20:18:22,0.2,1500,500,,500,500,44,,200,,,648,,68.1,0.7200,0.6000,0.6000,1.1000,0.00000000,0.09076149,0.12394310,0.00585558,0.00000000,0.36890160,0.49870020,1.08053000,0.00006105,0.00018315,0.00586080,0.01147740,3.61811600,3.31467300,1.81684800,1.10476100,0.60329610,1.09853400,0.79816780,0.71990160,3.29944700,3.30219400,0.79677580,4.98346000,4.98346000,0.00427350, 2, 255, 7, 24,0x50000,No,No,No,No,No,Yes,No,Yes
2026-04-13 20:18:24,0.3,1500,500,,500,500,44,,200,,,648,,68.1,0.7200,0.6000,0.6000,1.1000,0.00000000,0.09173742,0.12491900,0.00975930,0.00000000,0.36987750,0.49772430,1.05374000,0.00006105,0.00018315,0.00586080,0.01172160,3.62554000,3.31374500,1.78803200,1.10805800,0.60732540,1.09890000,0.79963290,0.72017020,3.30127900,3.30311000,0.79736190,4.96202000,4.98882000,0.00427350, 2, 255, 7, 24,0x50000,No,No,No,No,No,Yes,No,Yes
2026-04-13 20:18:27,0.5,1500,500,,500,500,44,,200,,,648,,68.1,0.7200,0.6000,0.6000,1.1000,0.00000000,0.08490592,0.12296720,0.00780744,0.00000000,0.36987750,0.48991690,1.08946000,0.00000000,0.00030525,0.00586080,0.01184370,3.62182800,3.30910500,1.80024200,1.10292900,0.60476130,1.09853400,0.79999920,0.71990160,3.30036300,3.30494200,0.79677580,5.01562000,5.00624000,0.00427350, 2, 255, 7, 24,0x50000,No,No,No,No,No,Yes,No,Yes
2026-04-13 20:18:29,2.2,2400,910,,910,960,44,,200,,,648,,69.2,0.8679,0.6000,0.6000,1.1000,0.00000000,0.09271335,0.13077460,0.00683151,0.00000000,0.37085340,0.49382060,1.66098000,0.00006105,0.00030525,0.00506715,0.01172160,3.61162000,3.31281700,1.79828900,1.10439400,0.60366240,1.09890000,0.79999920,0.86925430,3.30036300,3.30402600,0.79648270,4.99552000,4.98078000,0.00427350, 2, 255, 7, 24,0x50000,No,No,No,No,No,Yes,No,Yes
2026-04-13 20:18:31,0.3,2400,910,,910,960,44,,200,,,648,,69.2,0.8679,0.6000,0.6000,1.1000,0.00000000,0.08685777,0.13272650,0.00878337,0.00000000,0.36987750,0.49577240,1.65205000,0.00012210,0.00042735,0.00543345,0.01135530,3.60883600,3.30910500,1.81684800,1.11062200,0.60476130,1.10036500,0.79926660,0.87006020,3.30036300,3.30219400,0.79677580,4.91110000,4.98480000,0.00427350, 2, 255, 7, 24,0x50000,No,No,No,No,No,Yes,No,Yes
2026-04-13 20:18:33,1.5,2400,910,,910,960,44,,200,,,648,,68.6,0.8679,0.6000,0.6000,1.1000,0.00000000,0.09076149,0.13175060,0.00683151,0.00000000,0.37182930,0.48991690,1.66098000,0.00018315,0.00042735,0.00543345,0.01135530,3.60419700,3.31467300,1.79828900,1.10439400,0.60183090,1.09890000,0.79816780,0.86898570,3.30219400,3.30311000,0.79677580,4.97944000,4.99016000,0.00427350, 2, 255, 7, 24,0x50000,No,No,No,No,No,Yes,No,Yes
2026-04-13 20:18:35,0.5,1500,500,,500,500,44,,200,,,648,,68.1,0.7200,0.6000,0.6000,1.1000,0.00000000,0.09759300,0.12491900,0.00585558,0.00000000,0.36987750,0.49089280,1.08946000,0.00006105,0.00030525,0.00586080,0.01111110,3.61626000,3.30910500,1.79926600,1.11355200,0.60366240,1.09926600,0.79890030,0.71990160,3.29944700,3.30402600,0.79677580,4.99552000,5.00624000,0.00427350, 2, 255, 7, 24,0x50000,No,No,No,No,No,Yes,No,Yes
2026-04-13 20:18:37,1.8,1900,682,,682,704,43,,200,,,648,,68.6,0.7992,0.6000,0.6000,1.1000,0.00000000,0.09076149,0.12784680,0.00975930,0.00000000,0.37085340,0.49284470,1.07160000,0.00006105,0.00054945,0.00531135,0.01147740,3.59213300,3.30817700,1.78852100,1.10439400,0.60622650,1.09999900,0.79999920,0.71990160,3.30036300,3.30402600,0.79824100,5.01562000,4.99954000,0.00427350, 2, 255, 7, 24,0x50000,No,No,No,No,No,Yes,No,Yes
2026-04-13 20:18:39,2.7,2400,910,,910,960,44,,200,,,648,,69.2,0.8679,0.6000,0.6000,1.1000,0.00000000,0.12687090,0.16298030,0.00487965,0.00000000,0.36987750,0.49186870,1.65205000,0.00006105,0.00042735,0.00506715,0.01159950,3.60419700,3.32580900,1.79828900,1.10695900,0.60476130,1.09926600,0.79999920,0.87032880,3.29944700,3.30311000,0.79736190,4.98614000,4.97408000,0.00427350, 2, 255, 7, 24,0x50000,No,No,No,No,No,Yes,No,Yes
2026-04-13 20:18:42,0.5,2400,910,,910,960,44,,200,,,648,,68.1,0.8679,0.6000,0.6000,1.1000,0.00000000,0.09076149,0.12882280,0.00683151,0.00000000,0.37378120,0.49284470,1.64312000,0.00012210,0.00042735,0.00518925,0.01159950,3.60698000,3.31003300,1.81684800,1.10439400,0.60402870,1.09853400,0.79816780,0.86925430,3.29944700,3.30402600,0.79677580,4.98346000,4.99552000,0.00427350, 2, 255, 7, 24,0x50000,No,No,No,No,No,Yes,No,Yes
2026-04-13 20:18:44,0.2,2400,500,,500,500,44,,200,,,648,,67.5,0.7200,0.6000,0.6000,1.1000,0.00000000,0.09368929,0.12491900,0.01171116,0.00000000,0.37182930,0.48503720,1.07160000,0.00006105,0.00048840,0.00549450,0.01172160,3.61533200,3.31003300,1.79926600,1.11355200,0.60183090,1.09853400,0.79999920,0.72017020,3.29944700,3.30311000,0.79677580,5.01562000,4.99954000,0.00427350, 2, 255, 7, 24,0x50000,No,No,No,No,No,Yes,No,Yes
2026-04-13 20:18:46,1.0,2400,910,,910,960,44,,200,,,648,,70.3,0.8679,0.6000,0.6000,1.1000,0.00000000,0.10930420,0.13175060,0.01073523,0.00000000,0.38451640,0.49382060,1.66991000,0.00018315,0.00042735,0.00543345,0.01172160,3.60698000,3.31188900,1.80610300,1.11355200,0.60366240,1.09853400,0.79890030,0.86898570,3.29944700,3.30311000,0.79736190,4.97810000,4.95130000,0.00427350, 2, 255, 7, 24,0x50000,No,No,No,No,No,Yes,No,Yes
2026-04-13 20:18:48,0.0,2400,910,,910,960,44,,200,,,648,,69.7,0.8679,0.6000,0.6000,1.1000,0.00000000,0.09173742,0.13175060,0.00585558,0.00000000,0.37085340,0.49186870,1.66098000,0.00024420,0.00042735,0.00537240,0.01172160,3.60790800,3.31560100,1.79828900,1.10292900,0.60329610,1.09926600,0.79999920,0.86791120,3.30036300,3.30311000,0.79765500,4.99820000,4.96336000,0.00427350, 2, 255, 7, 24,0x50000,No,No,No,No,No,Yes,No,Yes
2026-04-13 20:18:50,0.5,1500,500,,591,602,43,,200,,,648,,69.2,0.7717,0.6000,0.6000,1.1000,0.00000000,0.08978556,0.12882280,0.01073523,0.00000000,0.37085340,0.48991690,1.23234000,0.00006105,0.00018315,0.00531135,0.01159950,3.59306100,3.30910500,1.78852100,1.10622600,0.60402870,1.09890000,0.79670250,0.77523740,3.30219400,3.30311000,0.79765500,4.96872000,4.95398000,0.00341880, 2, 255, 7, 24,0x50000,No,No,No,No,No,Yes,No,Yes
2026-04-13 20:18:52,26.1,2400,910,,910,960,44,,200,,,648,,70.8,0.8679,0.6000,0.6000,1.1000,0.00000000,0.09076149,0.13175060,0.02342232,0.00000000,0.39134800,0.49089280,1.68777000,0.00018315,0.00042735,0.00525030,0.01196580,3.61626000,3.30910500,1.79828900,1.10842400,0.60769170,1.09853400,0.79816780,0.86979160,3.29853100,3.30402600,0.79765500,4.98212000,4.99552000,0.00427350, 130, 255, 7, 24,0x50000,No,No,No,No,No,Yes,No,Yes
2026-04-13 20:18:54,0.2,2400,910,,910,960,44,,200,,,648,,70.3,0.8679,0.6000,0.6000,1.1000,0.00000000,0.09271335,0.13175060,0.00683151,0.00000000,0.38061270,0.49577240,1.66991000,0.00012210,0.00042735,0.00518925,0.01147740,3.61162000,3.31188900,1.80610300,1.10622600,0.60402870,1.09853400,0.80036550,0.86898570,3.29944700,3.30494200,0.79765500,4.97408000,4.97542000,0.00427350, 2, 255, 7, 24,0x50000,No,No,No,No,No,Yes,No,Yes
2026-04-13 20:18:56,0.3,1500,500,,500,500,44,,200,,,648,,68.1,0.7200,0.6000,0.6000,1.1000,0.00000000,0.09173742,0.12491900,0.00683151,0.00000000,0.36792560,0.49186870,1.08053000,0.00024420,0.00042735,0.00549450,0.01159950,3.61254800,3.30910500,1.80024200,1.11062200,0.60476130,1.09926600,0.79853400,0.71990160,3.29853100,3.30402600,0.79736190,4.99552000,4.99954000,0.00427350, 2, 255, 7, 24,0x50000,No,No,No,No,No,Yes,No,Yes
2026-04-13 20:18:59,1.8,1500,500,,500,500,44,,200,,,648,,69.2,0.7200,0.6000,0.6000,1.1000,0.00000000,0.09661707,0.12784680,0.03708534,0.00000000,0.36890160,0.49186870,1.08053000,0.00006105,0.00018315,0.00506715,0.01159950,3.62182800,3.31467300,1.79096300,1.10805800,0.60879060,1.09853400,0.79926660,0.71963300,3.29944700,3.30311000,0.79765500,5.03706000,5.01964000,0.00427350, 2, 255, 7, 24,0x50000,No,No,No,No,No,Yes,No,Yes
2026-04-13 20:19:01,0.2,1500,500,,500,500,44,,200,,,648,,68.6,0.7200,0.6000,0.6000,1.1000,0.00000000,0.09076149,0.12687090,0.02439825,0.00000000,0.39232380,0.49089280,1.07160000,0.00006105,0.00054945,0.00598290,0.01159950,3.61347600,3.30910500,1.78852100,1.10695900,0.60146460,1.09816700,0.79890030,0.72017020,3.30036300,3.30311000,0.79677580,4.98346000,5.00490000,0.00427350, 2, 255, 7, 24,0x50000,No,No,No,No,No,Yes,No,Yes
2026-04-13 20:19:03,0.3,1500,500,,500,500,44,,200,,,648,,68.6,0.7200,0.6000,0.6000,1.1000,0.00000000,0.09271335,0.12687090,0.00975930,0.00000000,0.37963680,0.49382060,1.08053000,0.00006105,0.00042735,0.00543345,0.01172160,3.62090000,3.30910500,1.80610300,1.10879000,0.60366240,1.09816700,0.79853400,0.71990160,3.30036300,3.30402600,0.79736190,5.00758000,4.99284000,0.00341880, 2, 255, 7, 24,0x50000,No,No,No,No,No,Yes,No,Yes
2026-04-13 20:19:05,25.9,2400,910,,910,960,44,,200,,,648,,68.6,0.8679,0.6000,0.6000,1.1000,0.00000000,0.09466522,0.13565430,0.02830197,0.00000000,0.37963680,0.49089280,1.66098000,0.00006105,0.00042735,0.00555555,0.01147740,3.61533200,3.31188900,1.79828900,1.10695900,0.60842430,1.09926600,0.79999920,0.86925430,3.30036300,3.30219400,0.79794790,5.00222000,4.95666000,0.00427350, 2, 255, 7, 24,0x50000,No,No,No,No,No,Yes,No,Yes
2026-04-13 20:19:07,0.5,2400,910,,910,960,44,,200,,,648,,69.7,0.8679,0.6000,0.6000,1.1000,0.00000000,0.09173742,0.13175060,0.00878337,0.00000000,0.37280530,0.49186870,1.66991000,0.00006105,0.00030525,0.00525030,0.01135530,3.60976400,3.31281700,1.79828900,1.10695900,0.60402870,1.09890000,0.79999920,0.86791120,3.29944700,3.30494200,0.79677580,4.97408000,4.98882000,0.00427350, 2, 255, 7, 24,0x50000,No,No,No,No,No,Yes,No,Yes
2026-04-13 20:19:09,0.3,1500,500,,500,500,44,,200,,,648,,68.6,0.7200,0.6000,0.6000,1.1000,0.00000000,0.09076149,0.12199130,0.00975930,0.00000000,0.37182930,0.49089280,1.08053000,0.00006105,0.00042735,0.00598290,0.01172160,3.61811600,3.30817700,1.80024200,1.11208700,0.60366240,1.09816700,0.79890030,0.71990160,3.30036300,3.30311000,0.79706880,5.01160000,4.99418000,0.00427350, 2, 255, 7, 24,0x50000,No,No,No,No,No,Yes,No,Yes
2026-04-13 20:19:11,0.8,1500,500,,500,500,44,,200,,,648,,68.6,0.7200,0.6000,0.6000,1.1000,0.00000000,0.10052080,0.12296720,0.00975930,0.00000000,0.36987750,0.48796500,1.08053000,0.00006105,0.00018315,0.00537240,0.01159950,3.63018000,3.31281700,1.78852100,1.10439400,0.60292980,1.09853400,0.79816780,0.71990160,3.29853100,3.30127900,0.79677580,5.01562000,4.92986000,0.00427350, 2, 255, 7, 24,0x50000,No,No,No,No,No,Yes,No,Yes
2026-04-13 20:19:14,0.5,1500,500,,500,500,44,,200,,,648,,67.0,0.7200,0.6000,0.6000,1.1000,0.00000000,0.09173742,0.12589500,0.00585558,0.00000000,0.37182930,0.48894090,1.07160000,0.00006105,0.00018315,0.00525030,0.01184370,3.62182800,3.31281700,1.78852100,1.10622600,0.60292980,1.09999900,0.79816780,0.72017020,3.30219400,3.30127900,0.79765500,5.01026000,5.00758000,0.00427350, 2, 255, 7, 24,0x50000,No,No,No,No,No,Yes,No,Yes
2026-04-13 20:19:16,0.2,2400,910,,910,960,44,,200,,,648,,70.3,0.8679,0.6000,0.6000,1.1000,0.00000000,0.08978556,0.13175060,0.00683151,0.00000000,0.37280530,0.49577240,1.65205000,0.00012210,0.00036630,0.00543345,0.01147740,3.60419700,3.31281700,1.79828900,1.10769100,0.60586020,1.09816700,0.79670250,0.86952300,3.30127900,3.30311000,0.79677580,4.97274000,4.98882000,0.00427350, 2, 255, 7, 24,0x50000,No,No,No,No,No,Yes,No,Yes
2026-04-13 20:19:18,0.2,2400,910,,910,960,44,,200,,,648,,69.7,0.8679,0.6000,0.6000,1.1000,0.00000000,0.09271335,0.13175060,0.00683151,0.00000000,0.36987750,0.49382060,1.67884000,0.00012210,0.00036630,0.00531135,0.01184370,3.60605200,3.31560100,1.79926600,1.10512700,0.60292980,1.09706800,0.79926660,0.86979160,3.30219400,3.30311000,0.79677580,4.97140000,4.98480000,0.00427350, 2, 255, 7, 24,0x50000,No,No,No,No,No,Yes,No,Yes
2026-04-13 20:19:20,0.3,1500,500,,500,500,44,,200,,,648,,69.2,0.7200,0.6000,0.6000,1.1000,0.00000000,0.09173742,0.12589500,0.01171116,0.00000000,0.37280530,0.49186870,1.08053000,0.00006105,0.00018315,0.00525030,0.01135530,3.61069200,3.29518600,1.81684800,1.11355200,0.60366240,1.10036500,0.79816780,0.71963300,3.30219400,3.30402600,0.79677580,5.01696000,5.00356000,0.00427350, 2, 255, 7, 24,0x50000,No,No,No,No,No,Yes,No,Yes
2026-04-13 20:19:22,2.0,2400,910,,910,960,44,,200,,,648,,69.2,0.8679,0.6000,0.6000,1.1000,0.00000000,0.11613570,0.13272650,0.01268709,0.00000000,0.36987750,0.49284470,1.69670000,0.00018315,0.00042735,0.00598290,0.01147740,3.61069200,3.31188900,1.79926600,1.10292900,0.60036570,1.09890000,0.79853400,0.86979160,3.29944700,3.30219400,0.79765500,4.84410000,4.85482000,0.00427350, 2, 255, 7, 24,0x50000,No,No,No,No,No,Yes,No,Yes
2026-04-13 20:19:24,0.3,2400,910,,910,960,44,,200,,,648,,69.7,0.8679,0.6000,0.6000,1.1000,0.00000000,0.09076149,0.13175060,0.00487965,0.00000000,0.37475720,0.49772430,1.66098000,0.00012210,0.00042735,0.00506715,0.01172160,3.61162000,3.29889800,1.80610300,1.10879000,0.60219720,1.09853400,0.79816780,0.86898570,3.30036300,3.30311000,0.79677580,4.97274000,4.98212000,0.00427350, 2, 255, 7, 24,0x50000,No,No,No,No,No,Yes,No,Yes
2026-04-13 20:19:26,0.3,2400,910,,910,960,44,,200,,,648,,68.6,0.8679,0.6000,0.6000,1.1000,0.00000000,0.08588185,0.13077460,0.00878337,0.00000000,0.37182930,0.49089280,1.66098000,0.00006105,0.00030525,0.00525030,0.01135530,3.60790800,3.31281700,1.79828900,1.10695900,0.60476130,1.10036500,0.79999920,0.86952300,3.29853100,3.30402600,0.79677580,4.98614000,4.97140000,0.00341880, 2, 255, 7, 24,0x50000,No,No,No,No,No,Yes,No,Yes
2026-04-13 20:19:28,12.0,2400,910,,910,960,44,,200,,,648,,73.6,0.8679,0.6000,0.6000,1.1000,0.00000000,0.09466522,0.14150990,0.19518600,0.02254920,0.36987750,0.57677460,4.84899000,0.00018315,0.00042735,0.00531135,0.01172160,3.60048500,3.31281700,1.78852100,1.10732500,0.60805800,1.09890000,0.79816780,0.86898570,3.30036300,3.30311000,0.79706880,5.00624000,4.97140000,0.00341880, 131, 255, 7, 24,0x50000,No,No,No,No,No,Yes,No,Yes
2026-04-13 20:19:31,1.8,2400,910,,910,960,44,,200,,,648,,71.4,0.8679,0.6000,0.6000,1.1000,0.06245952,0.08685777,0.13858210,0.13370240,0.00539220,0.36890160,0.55920790,4.46500000,0.00006105,0.00054945,0.00537240,0.01159950,3.55315900,3.31188900,1.80024200,1.10695900,0.60366240,1.09853400,0.79670250,0.87247780,3.29944700,3.30311000,0.79736190,4.88162000,4.88698000,0.00427350, 131, 255, 7, 24,0x50000,No,No,No,No,No,Yes,No,Yes
2026-04-13 20:19:33,0.3,2400,910,,910,960,44,,200,,,648,,70.3,0.8679,0.6000,0.6000,1.1000,0.04489278,0.08880963,0.13565430,0.03318162,0.00000000,0.38646830,0.49674840,1.66991000,0.00018315,0.00042735,0.00531135,0.01123320,3.59398900,3.31467300,1.80024200,1.10915600,0.60366240,1.09816700,0.79853400,0.86925430,3.29853100,3.30402600,0.79765500,4.96470000,4.97408000,0.00427350, 130, 255, 7, 24,0x50000,No,No,No,No,No,Yes,No,Yes
2026-04-13 20:19:35,1.0,1500,500,,500,500,44,,200,,,648,,69.2,0.7200,0.6000,0.6000,1.1000,0.05757987,0.09271335,0.12784680,0.03025383,0.00000000,0.37182930,0.49186870,1.08053000,0.00030525,0.00042735,0.00482295,0.01147740,3.61440400,3.31281700,1.81684800,1.10586000,0.60036570,1.09926600,0.79890030,0.72017020,3.29944700,3.29944700,0.79677580,4.97408000,4.97274000,0.00341880, 3, 255, 7, 24,0x50000,No,No,No,No,No,Yes,No,Yes
2026-04-13 20:19:37,1.5,2400,910,,910,960,44,,200,,,648,,70.8,0.8679,0.6000,0.6000,1.1000,0.00000000,0.08880963,0.13175060,0.02927790,0.00000000,0.37182930,0.49577240,1.67884000,0.00024420,0.00042735,0.00525030,0.01147740,3.55594200,3.31003300,1.79828900,1.10586000,0.60036570,1.09890000,0.79780140,0.86925430,3.29944700,3.30402600,0.79677580,4.87090000,4.86688000,0.00341880, 3, 255, 7, 24,0x50000,No,No,No,No,No,Yes,No,Yes
2026-04-13 20:19:39,13.6,2400,910,,910,960,44,,200,,,648,,71.4,0.8679,0.6000,0.6000,1.1000,0.00000000,0.08978556,0.13565430,0.03025383,0.00000000,0.30936980,0.49577240,1.67884000,0.00012210,0.00042735,0.00531135,0.01135530,3.59677300,3.31560100,1.81684800,1.10988900,0.60256350,1.09926600,0.79890030,0.87032880,3.30036300,3.30402600,0.79677580,4.96738000,4.99820000,0.00427350, 3, 255, 7, 24,0x50000,No,No,No,No,No,Yes,No,Yes
2026-04-13 20:19:41,0.2,1600,545,,545,551,43,,200,,,648,,70.8,0.7579,0.6000,0.6000,1.1000,0.00000000,0.08978556,0.12687090,0.03220569,0.00000000,0.38354050,0.49186870,1.08053000,0.00006105,0.00054945,0.00586080,0.01111110,3.60883600,3.31560100,1.78852100,1.10988900,0.60439500,1.09999900,0.79816780,0.72017020,3.29853100,3.30311000,0.79677580,4.98346000,5.01696000,0.00427350, 3, 255, 7, 24,0x50000,No,No,No,No,No,Yes,No,Yes
2026-04-13 20:19:43,0.3,1500,500,,500,500,44,,200,,,648,,70.8,0.7200,0.6000,0.6000,1.1000,0.00000000,0.08978556,0.12882280,0.02927790,0.00000000,0.36694970,0.49577240,1.08053000,0.00006105,0.00042735,0.00518925,0.01135530,3.61626000,3.30539300,1.80024200,1.10952300,0.60146460,1.09853400,0.79999920,0.71990160,3.30036300,3.30768900,0.79765500,4.90976000,5.01160000,0.00427350, 3, 255, 7, 24,0x50000,No,No,No,No,No,Yes,No,Yes
2026-04-13 20:19:46,0.8,1500,500,,500,500,44,,200,,,648,,69.7,0.7200,0.6000,0.6000,1.1000,0.00000000,0.08978556,0.12882280,0.03220569,0.00000000,0.36987750,0.49284470,1.07160000,0.00006105,0.00042735,0.00586080,0.01159950,3.61069200,3.30910500,1.78900900,1.10842400,0.60476130,1.09926600,0.79816780,0.71990160,3.29944700,3.30402600,0.79706880,4.99552000,5.01026000,0.00427350, 3, 255, 7, 24,0x50000,No,No,No,No,No,Yes,No,Yes
2026-04-13 20:19:48,0.3,1500,500,,500,500,44,,200,,,648,,70.3,0.7200,0.6000,0.6000,1.1000,0.00000000,0.09076149,0.12784680,0.03220569,0.00000000,0.36792560,0.49186870,1.08053000,0.00006105,0.00018315,0.00586080,0.01172160,3.61626000,3.31560100,1.78852100,1.10549400,0.60256350,1.09926600,0.79816780,0.71990160,3.29944700,3.30494200,0.79677580,4.99820000,5.01026000,0.00427350, 3, 255, 7, 24,0x50000,No,No,No,No,No,Yes,No,Yes
2026-04-13 20:19:50,0.5,1500,500,,500,500,44,,200,,,648,,69.2,0.7200,0.6000,0.6000,1.1000,0.00000000,0.08978556,0.12784680,0.03122976,0.00000000,0.36890160,0.47820570,1.07160000,0.00006105,0.00042735,0.00586080,0.01159950,3.62182800,3.31003300,1.78852100,1.10952300,0.60366240,1.10036500,0.79816780,0.72017020,3.29944700,3.30402600,0.79677580,5.00624000,4.96336000,0.00427350, 3, 255, 7, 24,0x50000,No,No,No,No,No,Yes,No,Yes
2026-04-13 20:19:52,1.5,2400,910,,910,960,44,,200,,,648,,69.7,0.8679,0.6000,0.6000,1.1000,0.00000000,0.09661707,0.13467840,0.03318162,0.00000000,0.37182930,0.49382060,1.66991000,0.00006105,0.00042735,0.00549450,0.01123320,3.60790800,3.31560100,1.79828900,1.11135400,0.60402870,1.09926600,0.79853400,0.86925430,3.30036300,3.30219400,0.79765500,4.95398000,4.97810000,0.00427350, 3, 255, 7, 24,0x50000,No,No,No,No,No,Yes,No,Yes
2026-04-13 20:19:54,0.3,2400,910,,910,960,44,,200,,,648,,70.8,0.8679,0.6000,0.6000,1.1000,0.00000000,0.13175060,0.16688400,0.03220569,0.00000000,0.37085340,0.49674840,1.66991000,0.00012210,0.00036630,0.00531135,0.01123320,3.60141300,3.32580900,1.79828900,1.10842400,0.60292980,1.09853400,0.79816780,0.86898570,3.29761600,3.30311000,0.79677580,4.96068000,4.97408000,0.00427350, 3, 255, 7, 24,0x50000,No,No,No,No,No,Yes,No,Yes
2026-04-13 20:19:56,0.5,1500,500,,500,500,44,,200,,,648,,70.3,0.7200,0.6000,0.6000,1.1000,0.00000000,0.10247270,0.13175060,0.03220569,0.00000000,0.37280530,0.49577240,1.61633000,0.00006105,0.00018315,0.00531135,0.01147740,3.62182800,3.31281700,1.79926600,1.10915600,0.60769170,1.09999900,0.79999920,0.71990160,3.29853100,3.30127900,0.79824100,5.03170000,4.99150000,0.00427350, 3, 255, 7, 24,0x50000,No,No,No,No,No,Yes,No,Yes
2026-04-13 20:19:58,0.3,2400,910,,910,960,44,,200,,,648,,68.6,0.8679,0.6000,0.6000,1.1000,0.00000000,0.09076149,0.13370240,0.03025383,0.00000000,0.38842010,0.49186870,1.66098000,0.00012210,0.00036630,0.00506715,0.01135530,3.60048500,3.30910500,1.80024200,1.10146400,0.60256350,1.09890000,0.79926660,0.86979160,3.30219400,3.30402600,0.79765500,4.96336000,4.98748000,0.00427350, 3, 255, 7, 24,0x50000,No,No,No,No,No,Yes,No,Yes
2026-04-13 20:20:01,0.0,2400,910,,910,960,43,,200,,,648,,70.3,0.8679,0.6000,0.6000,1.1000,0.00000000,0.08978556,0.13272650,0.03318162,0.00000000,0.39622760,0.49577240,1.66991000,0.00006105,0.00042735,0.00537240,0.01147740,3.60790800,3.31003300,1.82124300,1.10952300,0.60329610,1.09853400,0.79853400,0.86925430,3.30036300,3.30311000,0.79765500,4.96872000,4.97408000,0.00341880, 3, 255, 7, 24,0x50000,No,No,No,No,No,Yes,No,Yes
2026-04-13 20:20:03,2.0,2400,910,,910,960,44,,200,,,648,,69.7,0.8679,0.6000,0.6000,1.1000,0.00000000,0.08978556,0.13565430,0.03025383,0.00000000,0.38158860,0.49284470,1.66991000,0.00006105,0.00042735,0.00518925,0.01123320,3.60419700,3.31374500,1.79096300,1.10146400,0.60476130,1.09816700,0.79670250,0.86979160,3.30219400,3.30311000,0.79677580,5.00088000,5.00088000,0.00427350, 3, 255, 7, 24,0x50000,No,No,No,No,No,Yes,No,Yes
2026-04-13 20:20:05,0.0,2400,910,,910,960,44,,200,,,648,,70.3,0.8679,0.6000,0.6000,1.1000,0.00000000,0.08978556,0.13467840,0.02927790,0.00000000,0.37182930,0.48991690,1.66991000,0.00018315,0.00042735,0.00561660,0.01172160,3.61162000,3.30910500,1.80610300,1.10366200,0.60549390,1.09890000,0.79816780,0.86952300,3.29944700,3.30219400,0.79736190,4.94058000,4.97274000,0.00427350, 3, 255, 7, 24,0x50000,No,No,No,No,No,Yes,No,Yes
2026-04-13 20:20:07,0.3,2400,910,,910,960,44,,200,,,648,,70.8,0.8679,0.6000,0.6000,1.1000,0.00000000,0.09173742,0.13370240,0.02927790,0.00000000,0.38158860,0.49089280,1.66991000,0.00012210,0.00036630,0.00531135,0.01147740,3.60698000,3.31560100,1.80610300,1.10476100,0.60402870,1.10036500,0.79853400,0.86898570,3.30036300,3.30219400,0.79706880,4.99150000,4.97810000,0.00427350, 3, 255, 7, 24,0x50000,No,No,No,No,No,Yes,No,Yes
2026-04-13 20:20:09,2.0,2400,910,,910,960,43,,200,,,648,,70.8,0.8679,0.6000,0.6000,1.1000,0.00000000,0.09076149,0.13370240,0.03220569,0.00000000,0.38256460,0.49186870,1.67884000,0.00006105,0.00048840,0.00537240,0.01172160,3.55965400,3.31003300,1.80024200,1.10695900,0.60659280,1.09853400,0.79926660,0.86979160,3.30036300,3.30311000,0.79677580,4.87626000,4.88296000,0.00427350, 3, 255, 7, 24,0x50000,No,No,No,No,No,Yes,No,Yes
2026-04-13 20:20:11,1.2,2400,910,,910,960,44,,200,,,648,,69.7,0.8679,0.6000,0.6000,1.1000,0.00000000,0.09271335,0.13272650,0.03122976,0.00000000,0.39329980,0.49284470,1.72349000,0.00018315,0.00042735,0.00592185,0.01172160,3.60326800,3.31560100,1.81684800,1.10622600,0.60549390,1.09816700,0.79816780,0.86979160,3.29944700,3.30402600,0.79677580,4.99552000,4.96738000,0.00427350, 3, 255, 7, 24,0x50000,No,No,No,No,No,Yes,No,Yes
2026-04-13 20:20:13,0.5,2400,910,,910,960,44,,200,,,648,,70.3,0.8679,0.6000,0.6000,1.1000,0.00000000,0.08490592,0.13370240,0.03220569,0.00000000,0.37280530,0.49186870,1.67884000,0.00012210,0.00036630,0.00531135,0.01159950,3.58934900,3.31560100,1.79828900,1.10659200,0.60366240,1.09706800,0.79816780,0.86979160,3.29944700,3.30311000,0.79677580,4.97274000,4.97944000,0.00427350, 3, 255, 7, 24,0x50000,No,No,No,No,No,Yes,No,Yes
2026-04-13 20:20:15,23.3,2400,910,,910,960,44,,200,,,648,,72.5,0.8679,0.6000,0.6000,1.1000,0.00000000,0.09173742,0.13467840,0.02927790,0.00000000,0.36890160,0.49284470,1.71456000,0.00018315,0.00042735,0.00586080,0.01147740,3.59955700,3.31560100,1.81684800,1.10695900,0.59963310,1.09890000,0.79999920,0.86979160,3.29853100,3.30036300,0.79677580,4.97810000,4.99552000,0.00341880, 3, 255, 7, 24,0x50000,No,No,No,No,No,Yes,No,Yes
2026-04-13 20:20:18,0.3,2400,910,,910,960,44,,200,,,648,,70.3,0.8679,0.6000,0.6000,1.1000,0.00000000,0.09271335,0.13272650,0.02927790,0.00000000,0.36890160,0.49382060,1.67884000,0.00012210,0.00036630,0.00561660,0.01111110,3.60512400,3.30632200,1.79828900,1.10842400,0.60402870,1.10036500,0.79743510,0.86952300,3.29944700,3.30402600,0.79677580,4.99954000,4.95666000,0.00427350, 3, 255, 7, 24,0x50000,No,No,No,No,No,Yes,No,Yes
2026-04-13 20:20:20,0.3,2400,910,,910,960,44,,200,,,648,,70.8,0.8679,0.6000,0.6000,1.1000,0.00000000,0.09271335,0.13663020,0.03122976,0.00000000,0.36792560,0.49382060,1.67884000,0.00012210,0.00036630,0.00518925,0.01159950,3.58285400,3.31560100,1.79828900,1.10988900,0.60476130,1.09853400,0.79926660,0.86952300,3.29944700,3.30036300,0.79677580,4.96872000,4.98346000,0.00341880, 3, 255, 7, 24,0x50000,No,No,No,No,No,Yes,No,Yes
2026-04-13 20:20:22,0.3,2400,910,,910,960,44,,200,,,648,,71.4,0.8679,0.6000,0.6000,1.1000,0.00000000,0.08978556,0.13565430,0.03220569,0.00000000,0.36792560,0.49284470,1.67884000,0.00018315,0.00042735,0.00531135,0.01135530,3.61069200,3.31188900,1.81684800,1.10439400,0.61208730,1.09890000,0.79816780,0.86898570,3.29853100,3.30402600,0.79677580,4.97542000,4.98480000,0.00341880, 3, 255, 7, 24,0x50000,No,No,No,No,No,Yes,No,Yes
2026-04-13 20:20:24,1.5,2400,910,,910,960,44,,200,,,648,,70.8,0.8679,0.6000,0.6000,1.1000,0.00000000,0.09271335,0.13565430,0.03025383,0.00000000,0.37085340,0.49186870,1.69670000,0.00018315,0.00042735,0.00531135,0.01159950,3.59955700,3.31188900,1.81684800,1.10842400,0.60366240,1.09816700,0.79816780,0.86979160,3.29944700,3.30127900,0.79706880,4.90306000,4.97810000,0.00427350, 3, 255, 7, 24,0x50000,No,No,No,No,No,Yes,No,Yes
2026-04-13 20:20:26,0.5,1500,500,,500,500,44,,200,,,648,,69.7,0.7200,0.6000,0.6000,1.1000,0.00000000,0.09173742,0.12687090,0.03122976,0.00000000,0.36792560,0.48601320,1.08053000,0.00006105,0.00054945,0.00518925,0.01208790,3.61626000,3.30539300,1.79926600,1.10439400,0.60183090,1.09926600,0.79890030,0.71990160,3.29944700,3.30127900,0.79677580,5.00490000,4.98882000,0.00427350, 3, 255, 7, 24,0x50000,No,No,No,No,No,Yes,No,Yes
2026-04-13 20:20:28,0.5,1500,500,,500,500,44,,200,,,648,,69.7,0.7200,0.6000,0.6000,1.1000,0.00000000,0.08588185,0.12784680,0.03122976,0.00000000,0.39037200,0.49284470,1.08053000,0.00006105,0.00018315,0.00525030,0.01135530,3.59955700,3.30910500,1.81684800,1.10549400,0.60183090,1.09816700,0.79926660,0.72043880,3.29944700,3.30311000,0.79677580,5.00356000,5.01696000,0.00427350, 3, 255, 7, 24,0x50000,No,No,No,No,No,Yes,No,Yes
2026-04-13 20:20:30,1.8,2400,910,,910,960,44,,200,,,648,,71.9,0.8679,0.6000,0.6000,1.1000,0.00000000,0.10442450,0.14053390,0.20592120,0.05147100,0.37182930,0.57579870,5.83129000,0.00012210,0.00054945,0.00531135,0.01147740,3.53367200,3.31003300,1.78852100,1.09963300,0.60366240,1.09890000,0.79926660,0.86925430,3.30036300,3.30311000,0.79765500,4.84410000,4.86956000,0.00427350, 3, 255, 7, 24,0x50000,No,No,No,No,No,Yes,No,Yes
2026-04-13 20:20:33,0.2,2400,910,,910,960,44,,200,,,648,,71.4,0.8679,0.6000,0.6000,1.1000,0.00000000,0.08978556,0.13663020,0.03025383,0.00000000,0.37182930,0.49577240,1.67884000,0.00018315,0.00042735,0.00518925,0.01135530,3.61069200,3.31467300,1.81684800,1.10988900,0.60366240,1.09890000,0.79890030,0.86952300,3.29944700,3.30311000,0.79677580,4.98882000,4.97944000,0.00341880, 3, 255, 7, 24,0x50000,No,No,No,No,No,Yes,No,Yes
2026-04-13 20:20:35,0.3,2400,910,,910,960,44,,200,,,648,,70.8,0.8679,0.6000,0.6000,1.1000,0.00000000,0.08978556,0.13858210,0.03318162,0.00000000,0.36792560,0.49186870,1.67884000,0.00018315,0.00042735,0.00531135,0.01172160,3.60790800,3.31188900,1.81684800,1.10732500,0.59963310,1.09926600,0.79890030,0.86952300,3.29944700,3.30219400,0.79765500,4.98882000,4.98346000,0.00427350, 3, 255, 7, 24,0x50000,No,No,No,No,No,Yes,No,Yes
2026-04-13 20:20:37,2.2,2400,910,,910,960,44,,200,,,648,,70.8,0.8679,0.6000,0.6000,1.1000,0.00000000,0.09076149,0.13175060,0.03122976,0.00000000,0.36987750,0.45478340,1.68777000,0.00012210,0.00036630,0.00531135,0.01184370,3.60883600,3.31467300,1.79926600,1.11355200,0.60622650,1.09816700,0.79670250,0.86979160,3.29853100,3.30311000,0.79677580,4.93120000,4.99552000,0.00427350, 3, 255, 7, 24,0x50000,No,No,No,No,No,Yes,No,Yes
2026-04-13 20:20:39,0.2,2400,910,,910,960,44,,200,,,648,,69.7,0.8679,0.6000,0.6000,1.1000,0.00000000,0.09368929,0.13370240,0.03220569,0.00000000,0.36694970,0.49382060,1.67884000,0.00018315,0.00061050,0.00525030,0.01135530,3.59955700,3.31467300,1.79926600,1.10732500,0.60256350,1.09926600,0.79890030,0.86898570,3.30127900,3.30311000,0.79765500,4.96872000,4.98480000,0.00341880, 3, 255, 7, 24,0x50000,No,No,No,No,No,Yes,No,Yes
2026-04-13 20:20:41,0.3,2400,500,,500,500,44,,200,,,648,,70.8,0.7200,0.6000,0.6000,1.1000,0.00000000,0.09759300,0.12784680,0.03220569,0.00000000,0.37280530,0.49479650,1.10732000,0.00006105,0.00042735,0.00586080,0.01184370,3.61440400,3.31560100,1.80024200,1.10879000,0.60366240,1.10036500,0.79999920,0.71990160,3.30402600,3.30219400,0.79677580,5.02098000,4.98480000,0.00427350, 3, 255, 7, 24,0x50000,No,No,No,No,No,Yes,No,Yes
2026-04-13 20:20:43,26.6,2400,910,,910,960,44,,200,,,648,,72.5,0.8679,0.6000,0.6000,1.1000,0.00000000,0.09271335,0.13370240,0.03220569,0.00000000,0.36987750,0.50650770,1.68777000,0.00012210,0.00036630,0.00586080,0.01123320,3.53274400,3.31003300,1.79828900,1.11355200,0.60329610,1.09853400,0.79743510,0.87006020,3.29944700,3.30219400,0.79677580,4.84410000,4.98346000,0.00427350, 3, 255, 7, 24,0x50000,No,No,No,No,No,Yes,No,Yes
2026-04-13 20:20:45,0.0,2400,910,,910,960,44,,200,,,648,,71.4,0.8679,0.6000,0.6000,1.1000,0.00000000,0.09271335,0.13760610,0.03220569,0.00000000,0.36890160,0.49186870,1.68777000,0.00006105,0.00018315,0.00506715,0.01172160,3.60976400,3.30910500,1.78852100,1.11135400,0.60366240,1.09926600,0.79890030,0.87006020,3.30036300,3.30311000,0.79677580,4.99418000,4.96336000,0.00427350, 3, 255, 7, 24,0x50000,No,No,No,No,No,Yes,No,Yes
2026-04-13 20:20:47,0.5,1500,500,,500,500,44,,200,,,648,,70.3,0.7200,0.6000,0.6000,1.1000,0.00000000,0.08685777,0.12979870,0.02635011,0.00000000,0.37280530,0.49772430,1.09839000,0.00006105,0.00042735,0.00506715,0.01172160,3.61069200,3.30910500,1.78852100,1.10549400,0.60183090,1.09816700,0.79816780,0.71963300,3.29944700,3.30311000,0.79677580,5.01160000,5.01696000,0.00427350, 3, 255, 7, 24,0x50000,No,No,No,No,No,Yes,No,Yes
2026-04-13 20:20:50,2.0,1600,545,,545,551,43,,200,,,648,,69.7,0.7579,0.6000,0.6000,1.1000,0.00000000,0.09661707,0.12784680,0.02830197,0.00000000,0.37280530,0.49089280,1.24127000,0.00006105,0.00054945,0.00531135,0.01147740,3.61069200,3.29982600,1.78852100,1.10952300,0.60769170,1.09816700,0.79853400,0.75992600,3.30036300,3.30219400,0.79765500,4.98614000,4.99552000,0.00427350, 3, 255, 7, 24,0x50000,No,No,No,No,No,Yes,No,Yes
2026-04-13 20:20:52,0.5,2400,910,,910,960,44,,200,,,648,,70.8,0.8679,0.6000,0.6000,1.1000,0.00000000,0.09173742,0.13370240,0.02927790,0.00000000,0.38256460,0.49674840,1.69670000,0.00006105,0.00048840,0.00531135,0.01159950,3.60326800,3.31003300,1.80024200,1.10695900,0.60366240,1.09890000,0.79816780,0.86898570,3.29944700,3.30311000,0.79677580,4.97274000,4.99954000,0.00341880, 3, 255, 7, 24,0x50000,No,No,No,No,No,Yes,No,Yes
2026-04-13 20:20:54,0.5,2400,910,,910,960,44,,200,,,648,,71.4,0.8679,0.6000,0.6000,1.1000,0.00000000,0.08880963,0.13175060,0.03220569,0.00000000,0.37280530,0.49577240,1.68777000,0.00012210,0.00042735,0.00549450,0.01159950,3.60141300,3.31467300,1.79926600,1.10842400,0.60402870,1.09926600,0.79780140,0.86979160,3.30036300,3.30219400,0.79736190,4.98346000,4.90976000,0.00427350, 3, 255, 7, 24,0x50000,No,No,No,No,No,Yes,No,Yes
2026-04-13 20:20:56,0.2,1500,500,,500,500,44,,200,,,648,,69.7,0.7200,0.6000,0.6000,1.1000,0.00000000,0.09271335,0.12882280,0.03122976,0.00000000,0.37085340,0.49479650,1.09839000,0.00000000,0.00030525,0.00586080,0.01172160,3.61626000,3.31003300,1.80024200,1.10439400,0.60219720,1.09816700,0.79999920,0.72017020,3.30219400,3.30311000,0.79677580,5.01026000,4.98614000,0.00427350, 3, 255, 7, 24,0x50000,No,No,No,No,No,Yes,No,Yes
2026-04-13 20:20:58,0.3,1500,500,,500,500,44,,200,,,648,,68.6,0.7200,0.6000,0.6000,1.1000,0.00000000,0.09856894,0.12687090,0.03220569,0.00000000,0.37085340,0.49284470,1.08053000,0.00006105,0.00042735,0.00531135,0.01159950,3.62182800,3.31003300,1.79828900,1.10952300,0.60439500,1.09853400,0.79890030,0.71990160,3.30036300,3.30219400,0.79736190,5.01294000,5.00892000,0.00427350, 3, 255, 7, 24,0x50000,No,No,No,No,No,Yes,No,Yes
2026-04-13 20:21:00,3.2,2400,910,,910,960,44,,200,,,648,,71.4,0.8679,0.6000,0.6000,1.1000,0.00000000,0.09271335,0.13370240,0.03220569,0.00000000,0.35621450,0.48894090,1.75028000,0.00018315,0.00036630,0.00543345,0.01135530,3.60790800,3.31374500,1.79828900,1.10842400,0.60146460,1.09816700,0.79926660,0.86925430,3.30036300,3.30768900,0.79794790,4.98480000,4.96336000,0.00427350, 3, 255, 7, 24,0x50000,No,No,No,No,No,Yes,No,Yes
2026-04-13 20:21:03,4.5,2400,910,,910,960,44,,200,,,648,,71.9,0.8679,0.6000,0.6000,1.1000,0.00000000,0.08880963,0.13663020,0.03025383,0.00000000,0.37182930,0.49382060,1.69670000,0.00018315,0.00036630,0.00531135,0.01147740,3.59770100,3.31467300,1.79828900,1.10695900,0.60256350,1.10036500,0.79926660,0.86925430,3.30036300,3.30219400,0.79677580,4.99284000,4.97274000,0.00341880, 3, 255, 7, 24,0x50000,No,No,No,No,No,Yes,No,Yes
2026-04-13 20:21:05,2.0,2400,910,,910,960,43,,200,,,648,,71.4,0.8679,0.6000,0.6000,1.1000,0.00000000,0.09368929,0.13272650,0.03122976,0.00000000,0.37182930,0.49479650,1.69670000,0.00000000,0.00030525,0.00586080,0.01123320,3.61069200,3.31281700,1.79926600,1.10695900,0.60842430,1.09816700,0.79743510,0.87032880,3.29944700,3.30311000,0.79677580,4.98078000,4.88832000,0.00427350, 3, 255, 7, 24,0x50000,No,No,No,No,No,Yes,No,Yes
2026-04-13 20:21:07,0.0,2400,910,,910,960,44,,200,,,648,,71.4,0.8679,0.6000,0.6000,1.1000,0.00000000,0.06148359,0.13272650,0.02635011,0.00000000,0.21275270,0.33864770,1.66991000,0.00024420,0.00030525,0.00531135,0.01135530,3.61811600,3.31838500,1.79828900,1.10146400,0.60695910,1.10073200,0.79963290,0.86925430,3.29853100,3.30036300,0.79677580,5.01026000,5.03170000,0.00427350, 3, 255, 7, 24,0x50000,No,No,No,No,No,Yes,No,Yes
2026-04-13 20:21:09,0.0,1500,500,,500,500,44,,200,,,648,,70.3,0.7200,0.6000,0.6000,1.1000,0.00000000,0.09661707,0.16298030,0.02830197,0.00000000,0.21568060,0.34255140,1.08946000,0.00006105,0.00018315,0.00525030,0.01086690,3.64131500,3.31745700,1.81684800,1.10805800,0.60586020,1.10292900,0.80109810,0.71990160,3.29944700,3.30127900,0.79677580,5.06117900,5.09066000,0.00427350, 3, 255, 7, 24,0x50000,No,No,No,No,No,Yes,No,Yes
2026-04-13 20:21:11,1.7,2400,910,,910,960,44,,200,,,648,,69.7,0.8679,0.6000,0.6000,1.1000,0.00000000,0.08197812,0.13370240,0.02830197,0.00000000,0.21177680,0.33767180,1.65205000,0.00012210,0.00036630,0.00543345,0.01111110,3.64224300,3.31652900,1.79828900,1.10695900,0.60586020,1.10329600,0.80109810,0.86925430,3.29761600,3.30311000,0.79677580,4.99954000,5.01428000,0.00427350, 3, 255, 7, 24,0x50000,No,No,No,No,No,Yes,No,Yes
2026-04-13 20:21:13,24.8,2400,910,,910,960,44,,200,,,648,,73.0,0.8679,0.6000,0.6000,1.1000,0.00000000,0.08978556,0.13565430,0.03220569,0.00000000,0.37182930,0.49284470,1.72349000,0.00018315,0.00048840,0.00482295,0.01123320,3.57821400,3.31467300,1.80024200,1.10769100,0.60256350,1.09853400,0.79853400,0.86925430,3.30036300,3.30402600,0.79765500,4.97408000,4.97408000,0.00427350, 3, 255, 7, 24,0x50000,No,No,No,No,No,Yes,No,Yes
2026-04-13 20:21:15,0.3,2400,910,,910,960,44,,200,,,648,,71.4,0.8679,0.6000,0.6000,1.1000,0.00000000,0.09173742,0.13663020,0.03025383,0.00000000,0.36890160,0.49186870,1.68777000,0.00006105,0.00018315,0.00531135,0.01147740,3.60976400,3.30910500,1.79389300,1.10915600,0.60183090,1.09816700,0.79926660,0.86898570,3.30036300,3.30585700,0.79736190,4.92584000,4.95130000,0.00427350, 3, 255, 7, 24,0x50000,No,No,No,No,No,Yes,No,Yes
2026-04-13 20:21:17,0.0,1500,500,,500,500,44,,200,,,648,,69.7,0.7200,0.6000,0.6000,1.1000,0.00000000,0.08978556,0.12784680,0.03025383,0.00000000,0.37085340,0.49382060,1.08946000,0.00006105,0.00054945,0.00518925,0.01184370,3.62182800,3.30910500,1.78852100,1.10769100,0.60439500,1.09853400,0.79743510,0.71990160,3.29944700,3.30402600,0.79677580,4.99686000,5.00758000,0.00427350, 3, 255, 7, 24,0x50000,No,No,No,No,No,Yes,No,Yes
2026-04-13 20:21:20,0.7,1500,500,,500,500,44,,200,,,648,,70.8,0.7200,0.6000,0.6000,1.1000,0.00000000,0.09271335,0.12687090,0.03220569,0.00000000,0.37182930,0.48991690,1.08946000,0.00006105,0.00018315,0.00518925,0.01135530,3.62182800,3.31003300,1.79926600,1.11062200,0.60586020,1.09853400,0.79999920,0.71990160,3.30036300,3.30127900,0.79765500,5.00758000,4.99150000,0.00427350, 3, 255, 7, 24,0x50000,No,No,No,No,No,Yes,No,Yes
2026-04-13 20:21:22,2.0,2400,910,,910,960,44,,200,,,648,,69.7,0.8679,0.6000,0.6000,1.1000,0.00000000,0.09173742,0.13467840,0.03025383,0.00000000,0.37085340,0.49089280,1.67884000,0.00012210,0.00036630,0.00586080,0.01159950,3.61533200,3.31281700,1.80024200,1.11135400,0.59999940,1.09706800,0.79743510,0.86952300,3.29761600,3.30402600,0.79677580,4.86956000,5.01696000,0.00341880, 3, 255, 7, 24,0x50000,No,No,No,No,No,Yes,No,Yes
2026-04-13 20:21:24,0.3,2400,910,,910,960,44,,200,,,648,,70.8,0.8679,0.6000,0.6000,1.1000,0.00000000,0.08685777,0.13565430,0.03122976,0.00000000,0.37182930,0.49284470,1.68777000,0.00024420,0.00042735,0.00537240,0.01111110,3.61533200,3.31281700,1.79096300,1.10695900,0.60476130,1.09706800,0.79999920,0.86952300,3.30036300,3.30219400,0.79824100,4.99552000,4.96336000,0.00427350, 3, 255, 7, 24,0x50000,No,No,No,No,No,Yes,No,Yes
2026-04-13 20:21:26,0.3,2400,910,,910,960,44,,200,,,648,,70.8,0.8679,0.6000,0.6000,1.1000,0.00000000,0.08685777,0.13370240,0.02830197,0.00000000,0.37280530,0.49479650,1.67884000,0.00018315,0.00018315,0.00586080,0.01172160,3.59770100,3.32766400,1.80610300,1.10586000,0.60695910,1.09853400,0.79963290,0.86952300,3.29853100,3.30402600,0.79677580,4.98212000,4.96202000,0.00341880, 3, 255, 7, 24,0x50000,No,No,No,No,No,Yes,No,Yes
2026-04-13 20:21:28,2.0,2400,910,,910,960,44,,200,,,648,,71.4,0.8679,0.6000,0.6000,1.1000,0.00000000,0.07124290,0.13175060,0.02732604,0.00000000,0.21470460,0.33669580,1.65205000,0.00018315,0.00036630,0.00476190,0.01123320,3.63389100,3.31652900,1.79828900,1.10769100,0.60549390,1.10219700,0.80183080,0.86925430,3.29853100,3.30219400,0.79677580,5.03706000,4.93120000,0.00427350, 3, 255, 7, 24,0x50000,No,No,No,No,No,Yes,No,Yes
2026-04-13 20:21:30,0.5,2400,910,,910,960,44,,200,,,648,,71.4,0.8679,0.6000,0.6000,1.1000,0.00000000,0.08685777,0.13370240,0.03220569,0.00000000,0.36987750,0.49382060,1.69670000,0.00000000,0.00042735,0.00586080,0.01135530,3.60790800,3.30539300,1.80024200,1.10512700,0.60109830,1.09853400,0.79890030,0.86925430,3.29944700,3.30219400,0.79677580,4.99820000,4.96202000,0.00341880, 3, 255, 7, 24,0x50000,No,No,No,No,No,Yes,No,Yes
2026-04-13 20:21:32,0.3,2400,910,,910,960,43,,200,,,648,,71.4,0.8679,0.6000,0.6000,1.1000,0.05953173,0.12882280,0.13370240,0.03415755,0.00000000,0.37280530,0.49284470,1.68777000,0.00012210,0.00042735,0.00586080,0.01172160,3.59306100,3.30724900,1.78900900,1.10952300,0.60292980,1.09816700,0.79816780,0.86979160,3.30219400,3.30311000,0.79824100,4.97408000,4.95532000,0.00427350, 3, 255, 7, 24,0x50000,No,No,No,No,No,Yes,No,Yes
2026-04-13 20:21:34,1.8,1900,682,,682,704,43,,200,,,648,,70.8,0.7200,0.6000,0.6000,1.1000,0.06831510,0.09856894,0.12882280,0.03220569,0.00000000,0.37280530,0.49479650,1.09839000,0.00018315,0.00048840,0.00598290,0.01159950,3.60790800,3.31467300,1.79926600,1.10549400,0.60036570,1.10036500,0.79999920,0.72017020,3.29944700,3.30127900,0.79677580,5.01026000,4.99016000,0.00427350, 3, 255, 7, 24,0x50000,No,No,No,No,No,Yes,No,Yes
2026-04-13 20:21:37,2.5,2400,910,,910,960,44,,200,,,648,,71.4,0.8679,0.6000,0.6000,1.1000,0.05953173,0.08880963,0.13370240,0.03220569,0.00000000,0.38354050,0.49186870,1.66991000,0.00012210,0.00042735,0.00561660,0.01172160,3.59770100,3.29889800,1.79828900,1.10439400,0.60109830,1.09706800,0.79999920,0.86925430,3.30402600,3.30219400,0.79677580,4.97810000,4.97408000,0.00427350, 3, 255, 7, 24,0x50000,No,No,No,No,No,Yes,No,Yes
2026-04-13 20:21:39,0.0,2400,910,,910,960,44,,200,,,648,,71.4,0.8679,0.6000,0.6000,1.1000,0.00000000,0.09173742,0.13565430,0.02830197,0.00000000,0.37280530,0.49382060,1.70563000,0.00012210,0.00042735,0.00586080,0.01159950,3.60883600,3.30910500,1.79828900,1.10512700,0.60366240,1.09963300,0.79926660,0.86979160,3.29944700,3.30219400,0.79736190,4.94996000,4.98480000,0.00427350, 3, 255, 7, 24,0x50000,No,No,No,No,No,Yes,No,Yes
2026-04-13 20:21:41,0.5,1500,500,,500,500,44,,200,,,648,,70.3,0.7200,0.6000,0.6000,1.1000,0.00000000,0.09564114,0.12687090,0.03122976,0.00000000,0.36987750,0.49186870,1.79493000,0.00006105,0.00018315,0.00512820,0.01159950,3.61811600,3.31560100,1.78852100,1.10439400,0.60476130,1.09853400,0.79853400,0.71990160,3.30036300,3.30402600,0.79677580,5.01026000,4.99418000,0.00341880, 3, 255, 7, 24,0x50000,No,No,No,No,No,Yes,No,Yes
2026-04-13 20:21:43,0.3,1500,500,,500,500,44,,200,,,648,,70.3,0.7200,0.6000,0.6000,1.1000,0.00000000,0.08490592,0.12784680,0.03415755,0.00000000,0.38061270,0.49870020,1.08946000,0.00006105,0.00018315,0.00586080,0.01172160,3.62554000,3.30632200,1.81684800,1.10732500,0.60439500,1.09816700,0.79816780,0.72017020,3.29944700,3.30402600,0.79765500,5.00490000,4.99418000,0.00427350, 3, 255, 7, 24,0x50000,No,No,No,No,No,Yes,No,Yes
2026-04-13 20:21:45,15.2,2400,910,,910,960,44,,200,,,648,,74.7,0.8679,0.6000,0.6000,1.1000,0.00000000,0.08880963,0.14541360,0.18347480,0.01127460,0.37182930,0.56896720,4.93829000,0.00012210,0.00042735,0.00567765,0.01147740,3.55408700,3.31467300,1.80610300,1.10439400,0.60659280,1.09706800,0.79816780,0.87247780,3.30127900,3.30036300,0.79736190,4.88296000,4.85080000,0.00341880, 3, 255, 7, 24,0x50000,No,No,No,No,No,Yes,No,Yes
2026-04-13 20:21:47,0.2,2400,910,,910,960,44,,200,,,648,,69.7,0.8679,0.6000,0.6000,1.1000,0.00000000,0.09271335,0.13565430,0.02830197,0.00000000,0.37280530,0.48894090,1.67884000,0.00012210,0.00042735,0.00567765,0.01147740,3.60790800,3.31467300,1.79828900,1.10915600,0.60183090,1.09853400,0.79816780,0.86898570,3.29761600,3.30402600,0.79677580,4.98748000,4.92450000,0.00427350, 3, 255, 7, 24,0x50000,No,No,No,No,No,Yes,No,Yes
2026-04-13 20:21:49,1.3,1800,636,,636,653,44,,200,,,648,,69.7,0.7200,0.6000,0.6000,1.1000,0.00000000,0.08685777,0.12784680,0.03318162,0.00000000,0.36987750,0.49089280,1.12518000,0.00006105,0.00042735,0.00531135,0.01172160,3.61997200,3.30632200,1.79828900,1.11062200,0.60402870,1.09706800,0.79999920,0.71990160,3.30036300,3.30219400,0.79677580,5.01026000,4.99418000,0.00427350, 3, 255, 7, 24,0x50000,No,No,No,No,No,Yes,No,Yes
2026-04-13 20:21:52,6.3,2400,910,,910,960,44,,200,,,648,,70.3,0.8679,0.6000,0.6000,1.1000,0.00000000,0.09661707,0.13467840,0.03025383,0.00000000,0.37085340,0.49772430,1.67884000,0.00018315,0.00042735,0.00476190,0.01172160,3.56336600,3.31281700,1.81684800,1.10549400,0.60659280,1.09926600,0.79926660,0.87032880,3.30036300,3.30311000,0.79677580,4.85482000,5.01696000,0.00341880, 3, 255, 7, 24,0x50000,No,No,No,No,No,Yes,No,Yes
2026-04-13 20:21:54,0.5,2400,910,,910,960,44,,200,,,648,,71.4,0.8679,0.6000,0.6000,1.1000,0.00000000,0.09173742,0.13467840,0.02927790,0.00000000,0.36890160,0.48601320,1.69670000,0.00006105,0.00042735,0.00525030,0.01135530,3.59584500,3.31003300,1.81684800,1.10549400,0.60402870,1.09853400,0.79926660,0.86898570,3.29853100,3.30127900,0.79765500,4.97274000,4.97006000,0.00427350, 3, 255, 7, 24,0x50000,No,No,No,No,No,Yes,No,Yes
2026-04-13 20:21:56,0.3,2400,910,,910,960,44,,200,,,648,,69.7,0.8679,0.6000,0.6000,1.1000,0.00000000,0.08978556,0.12687090,0.03513348,0.00000000,0.37085340,0.49382060,1.10732000,0.00006105,0.00018315,0.00525030,0.01135530,3.61440400,3.30539300,1.78900900,1.10512700,0.59999940,1.09926600,0.79816780,0.71990160,3.30036300,3.30402600,0.79677580,5.00624000,5.00892000,0.00427350, 3, 255, 7, 24,0x50000,No,No,No,No,No,Yes,No,Yes
2026-04-13 20:21:58,0.2,1500,500,,500,500,44,,200,,,648,,70.3,0.7200,0.6000,0.6000,1.1000,0.00000000,0.09076149,0.12687090,0.02830197,0.00000000,0.36792560,0.49382060,1.08946000,0.00006105,0.00048840,0.00506715,0.01159950,3.56429400,3.31560100,1.79926600,1.10915600,0.60586020,1.09999900,0.79890030,0.71990160,3.29944700,3.30311000,0.79677580,5.02768000,5.00758000,0.00427350, 3, 255, 7, 24,0x50000,No,No,No,No,No,Yes,No,Yes
2026-04-13 20:22:00,0.5,1500,500,,500,500,44,,200,,,648,,70.8,0.7200,0.6000,0.6000,1.1000,0.00000000,0.09271335,0.12687090,0.03025383,0.00000000,0.36694970,0.49089280,1.08053000,0.00006105,0.00030525,0.00506715,0.01135530,3.59213300,3.31467300,1.79926600,1.10549400,0.60732540,1.09816700,0.79890030,0.71990160,3.30036300,3.30311000,0.79677580,5.01026000,5.00222000,0.00427350, 3, 255, 7, 24,0x50000,No,No,No,No,No,Yes,No,Yes
2026-04-13 20:22:02,19.8,2400,910,,910,960,44,,200,,,648,,71.9,0.8679,0.6000,0.6000,1.1000,0.00000000,0.10344860,0.14053390,0.02927790,0.00000000,0.37378120,0.49674840,1.69670000,0.00006105,0.00042735,0.00586080,0.01111110,3.56243800,3.30817700,1.81684800,1.10842400,0.60292980,1.10036500,0.79926660,0.86979160,3.29944700,3.30219400,0.79794790,4.86152000,4.88162000,0.00427350, 3, 255, 7, 24,0x50000,No,No,No,No,No,Yes,No,Yes
2026-04-13 20:22:04,26.6,2400,910,,910,960,44,,200,,,648,,73.0,0.8679,0.6000,0.6000,1.1000,0.00000000,0.10052080,0.13565430,0.03122976,0.00000000,0.37182930,0.49284470,1.70563000,0.00012210,0.00042735,0.00518925,0.01147740,3.59677300,3.31003300,1.81684800,1.10988900,0.60476130,1.09999900,0.79926660,0.86898570,3.30036300,3.30311000,0.79765500,4.99016000,4.96738000,0.00427350, 3, 255, 7, 24,0x50000,No,No,No,No,No,Yes,No,Yes
2026-04-13 20:22:07,27.8,2400,910,,910,960,43,,200,,,648,,72.5,0.8679,0.6000,0.6000,1.1000,0.00000000,0.09661707,0.13272650,0.02927790,0.00000000,0.37085340,0.48015760,1.75028000,0.00006105,0.00018315,0.00586080,0.01135530,3.60419700,3.31281700,1.81684800,1.11062200,0.60586020,1.09926600,0.79816780,0.86898570,3.29944700,3.30127900,0.79736190,4.98346000,4.97006000,0.00427350, 3, 255, 7, 24,0x50000,No,No,No,No,No,Yes,No,Yes
2026-04-13 20:22:09,0.0,2400,910,,910,960,44,,200,,,648,,70.8,0.8679,0.6000,0.6000,1.1000,0.00000000,0.10247270,0.13370240,0.03415755,0.00000000,0.37182930,0.49186870,1.69670000,0.00012210,0.00036630,0.00579975,0.01159950,3.59398900,3.31374500,1.79828900,1.10512700,0.60439500,1.09926600,0.79926660,0.86979160,3.29944700,3.30127900,0.79677580,4.93120000,4.97408000,0.00427350, 3, 255, 7, 24,0x50000,No,No,No,No,No,Yes,No,Yes
2026-04-13 20:22:11,0.0,2400,910,,910,960,44,,200,,,648,,72.5,0.8679,0.6000,0.6000,1.1000,0.00000000,0.10832820,0.13272650,0.03513348,0.00000000,0.36987750,0.49674840,1.71456000,0.00006105,0.00042735,0.00543345,0.01172160,3.60419700,3.31467300,1.79096300,1.10732500,0.59963310,1.09816700,0.79963290,0.86952300,3.30036300,3.30219400,0.79765500,4.98480000,4.99016000,0.00427350, 3, 255, 7, 24,0x50000,No,No,No,No,No,Yes,No,Yes
2026-04-13 20:22:13,0.5,2400,910,,910,960,44,,200,,,648,,72.5,0.8679,0.6000,0.6000,1.1000,0.00000000,0.08783370,0.13272650,0.03415755,0.00000000,0.36987750,0.48991690,1.69670000,0.00006105,0.00018315,0.00586080,0.01123320,3.61069200,3.31281700,1.81684800,1.10622600,0.60512760,1.10036500,0.79816780,0.86979160,3.29944700,3.30311000,0.79677580,5.01160000,4.82132000,0.00341880, 3, 255, 7, 24,0x50000,No,No,No,No,No,Yes,No,Yes
2026-04-13 20:22:15,0.2,2400,910,,910,960,44,,200,,,648,,70.3,0.8679,0.6000,0.6000,1.1000,0.00000000,0.09271335,0.13955800,0.02732604,0.00000000,0.37182930,0.49479650,1.69670000,0.00012210,0.00036630,0.00567765,0.01111110,3.59213300,3.29889800,1.80610300,1.10988900,0.60329610,1.10036500,0.79816780,0.86898570,3.29944700,3.30311000,0.79677580,4.97810000,4.95666000,0.00341880, 3, 255, 7, 24,0x50000,No,No,No,No,No,Yes,No,Yes
2026-04-13 20:22:17,0.3,1500,500,,500,500,44,,200,,,648,,71.4,0.7200,0.6000,0.6000,1.1000,0.00000000,0.08685777,0.12687090,0.03025383,0.00000000,0.37182930,0.49186870,1.11625000,0.00006105,0.00042735,0.00525030,0.01135530,3.61440400,3.31188900,1.78754400,1.10915600,0.60439500,1.09853400,0.79999920,0.71990160,3.29761600,3.30219400,0.79677580,4.99418000,5.00490000,0.00427350, 3, 255, 7, 24,0x50000,No,No,No,No,No,Yes,No,Yes
2026-04-13 20:22:19,0.2,1500,500,,500,500,44,,200,,,648,,70.3,0.7200,0.6000,0.6000,1.1000,0.00000000,0.08490592,0.12589500,0.02927790,0.00000000,0.37182930,0.49186870,1.09839000,0.00006105,0.00018315,0.00543345,0.01147740,3.62182800,3.30539300,1.81684800,1.11355200,0.60439500,1.09853400,0.79926660,0.71990160,3.30036300,3.30402600,0.79677580,4.99418000,5.01026000,0.00427350, 3, 255, 7, 24,0x50000,No,No,No,No,No,Yes,No,Yes
2026-04-13 20:22:21,0.5,1500,500,,500,500,44,,200,,,648,,69.7,0.7200,0.6000,0.6000,1.1000,0.00000000,0.05953173,0.13077460,0.02732604,0.00000000,0.21177680,0.33864770,1.62526000,0.00006105,0.00042735,0.00586080,0.01123320,3.63018000,3.31188900,1.78852100,1.10952300,0.60476130,1.10219700,0.80146440,0.72043880,3.30036300,3.30311000,0.79677580,4.98480000,4.99284000,0.00427350, 3, 255, 7, 24,0x50000,No,No,No,No,No,Yes,No,Yes
2026-04-13 20:22:24,2.8,2400,910,,910,960,44,,200,,,648,,71.9,0.8679,0.6000,0.6000,1.1000,0.00000000,0.12687090,0.16590810,0.03318162,0.00000000,0.37182930,0.49186870,1.69670000,0.00000000,0.00030525,0.00531135,0.01111110,3.52717600,3.30168200,1.80024200,1.10695900,0.60402870,1.09890000,0.79999920,0.86898570,3.29944700,3.30402600,0.79677580,4.84946000,5.02098000,0.00427350, 3, 255, 7, 24,0x50000,No,No,No,No,No,Yes,No,Yes
2026-04-13 20:22:26,0.0,2400,910,,910,960,44,,200,,,648,,70.8,0.8679,0.6000,0.6000,1.1000,0.00000000,0.09076149,0.13370240,0.03025383,0.00000000,0.37085340,0.49479650,1.70563000,0.00006105,0.00018315,0.00531135,0.01123320,3.59491700,3.30910500,1.81684800,1.10549400,0.60402870,1.09816700,0.79926660,0.86898570,3.29853100,3.30402600,0.79765500,4.90842000,4.96202000,0.00427350, 3, 255, 7, 24,0x50000,No,No,No,No,No,Yes,No,Yes
2026-04-13 20:22:28,4.7,1500,500,,500,500,44,,200,,,648,,70.8,0.7200,0.6000,0.6000,1.1000,0.00000000,0.08978556,0.12687090,0.03220569,0.00000000,0.36987750,0.49284470,1.10732000,0.00030525,0.00042735,0.00586080,0.01172160,3.60883600,3.30910500,1.79926600,1.10732500,0.60439500,1.09853400,0.80036550,0.72017020,3.29944700,3.30311000,0.79677580,4.99954000,4.99954000,0.00341880, 3, 255, 7, 24,0x50000,No,No,No,No,No,Yes,No,Yes
2026-04-13 20:22:30,26.1,2400,910,,910,960,44,,200,,,648,,73.0,0.8679,0.6000,0.6000,1.1000,0.00000000,0.12101530,0.13370240,0.03415755,0.00000000,0.38158860,0.49284470,1.71456000,0.00006105,0.00042735,0.00531135,0.01135530,3.60048500,3.31096100,1.80024200,1.10659200,0.60256350,1.09816700,0.79999920,0.86952300,3.29944700,3.30402600,0.79677580,4.96336000,4.97408000,0.00341880, 3, 255, 7, 24,0x50000,No,No,No,No,No,Yes,No,Yes
2026-04-13 20:22:32,0.2,2400,910,,910,960,44,,200,,,648,,71.9,0.8679,0.6000,0.6000,1.1000,0.00000000,0.09271335,0.13467840,0.03318162,0.00000000,0.38354050,0.49577240,1.69670000,0.00006105,0.00042735,0.00537240,0.01123320,3.61440400,3.31560100,1.79828900,1.10879000,0.60402870,1.09853400,0.79999920,0.86952300,3.30036300,3.30402600,0.79706880,4.97408000,4.97140000,0.00341880, 3, 255, 7, 24,0x50000,No,No,No,No,No,Yes,No,Yes
2026-04-13 20:22:34,0.5,1500,500,,500,500,44,,200,,,648,,70.8,0.7200,0.6000,0.6000,1.1000,0.00000000,0.09076149,0.12979870,0.03122976,0.00000000,0.37182930,0.49674840,1.10732000,0.00018315,0.00042735,0.00561660,0.01172160,3.61626000,3.31560100,1.78852100,1.10586000,0.60439500,1.09853400,0.79890030,0.71990160,3.30036300,3.30585700,0.79765500,5.00758000,5.01294000,0.00427350, 3, 255, 7, 24,0x50000,No,No,No,No,No,Yes,No,Yes
2026-04-13 20:22:36,1.0,2400,910,,910,960,44,,200,,,648,,71.9,0.8679,0.6000,0.6000,1.1000,0.00000000,0.09271335,0.13370240,0.03220569,0.00000000,0.37280530,0.49186870,1.70563000,0.00012210,0.00036630,0.00518925,0.01111110,3.59770100,3.31467300,1.80024200,1.10549400,0.60805800,1.09816700,0.79926660,0.86898570,3.30219400,3.30219400,0.79677580,4.97140000,5.00490000,0.00427350, 3, 255, 7, 24,0x50000,No,No,No,No,No,Yes,No,Yes
2026-04-13 20:22:39,1.7,2400,910,,910,960,44,,200,,,648,,71.9,0.8679,0.6000,0.6000,1.1000,0.00000000,0.08490592,0.13565430,0.03025383,0.00000000,0.37182930,0.46454270,1.70563000,0.00012210,0.00036630,0.00543345,0.01172160,3.60883600,3.30910500,1.80024200,1.10512700,0.60292980,1.09816700,0.79926660,0.86952300,3.30036300,3.30311000,0.79677580,4.97944000,4.91378000,0.00427350, 3, 255, 7, 24,0x50000,No,No,No,No,No,Yes,No,Yes
2026-04-13 20:22:41,0.3,1500,500,,500,500,44,,200,,,648,,71.9,0.7200,0.6000,0.6000,1.1000,0.00000000,0.09661707,0.12687090,0.03122976,0.00000000,0.37182930,0.49772430,1.13411000,0.00006105,0.00042735,0.00506715,0.01147740,3.60790800,3.30910500,1.79926600,1.10146400,0.60329610,1.09999900,0.80036550,0.72017020,3.30036300,3.30402600,0.79736190,4.99552000,5.01428000,0.00427350, 3, 255, 7, 24,0x50000,No,No,No,No,No,Yes,No,Yes
2026-04-13 20:22:43,0.3,1500,500,,500,500,44,,200,,,648,,70.3,0.7200,0.6000,0.6000,1.1000,0.00000000,0.09661707,0.12882280,0.03220569,0.00000000,0.36792560,0.49382060,1.10732000,0.00006105,0.00018315,0.00586080,0.01159950,3.61069200,3.31467300,1.78852100,1.10695900,0.60366240,1.09926600,0.79999920,0.72017020,3.29944700,3.30311000,0.79677580,4.99686000,4.99552000,0.00427350, 3, 255, 7, 24,0x50000,No,No,No,No,No,Yes,No,Yes
2026-04-13 20:22:45,27.4,2400,910,,910,960,44,,200,,,648,,72.5,0.8679,0.6000,0.6000,1.1000,0.00000000,0.09271335,0.13175060,0.04001313,0.00000000,0.39037200,0.49577240,1.69670000,0.00000000,0.00042735,0.00543345,0.01184370,3.62182800,3.30910500,1.79828900,1.10842400,0.60292980,1.09926600,0.79890030,0.86925430,3.29944700,3.30402600,0.79706880,4.90976000,4.84410000,0.00427350, 3, 255, 7, 24,0x50000,No,No,No,No,No,Yes,No,Yes
2026-04-13 20:22:47,26.5,2400,910,,910,960,44,,200,,,648,,72.5,0.8679,0.6000,0.6000,1.1000,0.00000000,0.09271335,0.13272650,0.02830197,0.00000000,0.37182930,0.49479650,1.71456000,0.00018315,0.00042735,0.00525030,0.01159950,3.60326800,3.30539300,1.78803200,1.10769100,0.60476130,1.10036500,0.79853400,0.86925430,3.30219400,3.30402600,0.79765500,4.97006000,4.95800000,0.00427350, 3, 255, 7, 24,0x50000,No,No,No,No,No,Yes,No,Yes
2026-04-13 20:22:49,0.7,1500,500,,500,500,44,,200,,,648,,71.9,0.7200,0.6000,0.6000,1.1000,0.00000000,0.09076149,0.12979870,0.03318162,0.00000000,0.36987750,0.49186870,1.11625000,0.00006105,0.00042735,0.00531135,0.01184370,3.61811600,3.31560100,1.79535800,1.10805800,0.60586020,1.09853400,0.79743510,0.72017020,3.29944700,3.30402600,0.79736190,5.00356000,5.02098000,0.00427350, 3, 255, 7, 24,0x50000,No,No,No,No,No,Yes,No,Yes
2026-04-13 20:22:51,0.3,1500,500,,500,500,44,,200,,,648,,70.8,0.7200,0.6000,0.6000,1.1000,0.00000000,0.12784680,0.15907660,0.03122976,0.00000000,0.37182930,0.49186870,1.10732000,0.00006105,0.00018315,0.00518925,0.01172160,3.55779800,3.31931300,1.81684800,1.10512700,0.60586020,1.09890000,0.79926660,0.71990160,3.30219400,3.30311000,0.79677580,5.00088000,5.01696000,0.00341880, 3, 255, 7, 24,0x50000,No,No,No,No,No,Yes,No,Yes
2026-04-13 20:22:53,0.8,1500,500,,591,602,44,,200,,,648,,70.8,0.7717,0.6000,0.6000,1.1000,0.00000000,0.08588185,0.13175060,0.03122976,0.00000000,0.38256460,0.49284470,1.33057000,0.00006105,0.00042735,0.00586080,0.01159950,3.56986200,3.31467300,1.80024200,1.10512700,0.60146460,1.09890000,0.80036550,0.79001140,3.29944700,3.30311000,0.79736190,5.02634000,5.01428000,0.00427350, 3, 255, 7, 24,0x50000,No,No,No,No,No,Yes,No,Yes
2026-04-13 20:22:56,1.3,2400,910,,910,960,44,,200,,,648,,71.4,0.8679,0.6000,0.6000,1.1000,0.00000000,0.08392998,0.13565430,0.02830197,0.00000000,0.38158860,0.49186870,1.70563000,0.00012210,0.00036630,0.00543345,0.01159950,3.60605200,3.31560100,1.80610300,1.10915600,0.60366240,1.09926600,0.79816780,0.86898570,3.29944700,3.30402600,0.79765500,4.96738000,4.96202000,0.00427350, 3, 255, 7, 24,0x50000,No,No,No,No,No,Yes,No,Yes
2026-04-13 20:22:58,0.3,2400,910,,910,960,44,,200,,,648,,72.5,0.8679,0.6000,0.6000,1.1000,0.00000000,0.08783370,0.13272650,0.03220569,0.00000000,0.38256460,0.49577240,1.70563000,0.00006105,0.00042735,0.00561660,0.01159950,3.60141300,3.30910500,1.79828900,1.10695900,0.60622650,1.09890000,0.79999920,0.86952300,3.29853100,3.30311000,0.79677580,4.98614000,4.96738000,0.00427350, 3, 255, 7, 24,0x50000,No,No,No,No,No,Yes,No,Yes
2026-04-13 20:23:00,2.0,1500,500,,500,500,44,,200,,,648,,70.3,0.7200,0.6000,0.6000,1.1000,0.00000000,0.08880963,0.12882280,0.03122976,0.00000000,0.37085340,0.49382060,1.11625000,0.00006105,0.00018315,0.00561660,0.01111110,3.55872700,3.30817700,1.78754400,1.10695900,0.60366240,1.09926600,0.79816780,0.72017020,3.29944700,3.30311000,0.79736190,4.91244000,5.04242000,0.00427350, 3, 255, 7, 24,0x50000,No,No,No,No,No,Yes,No,Yes
2026-04-13 20:23:02,0.3,1500,500,,500,500,44,,200,,,648,,70.8,0.7200,0.6000,0.6000,1.1000,0.00000000,0.08978556,0.12882280,0.02927790,0.00000000,0.37280530,0.49577240,1.09839000,0.00006105,0.00054945,0.00543345,0.01111110,3.61440400,3.30910500,1.79926600,1.10805800,0.60476130,1.09926600,0.79999920,0.71990160,3.30036300,3.30402600,0.79677580,4.98480000,4.99820000,0.00427350, 3, 255, 7, 24,0x50000,No,No,No,No,No,Yes,No,Yes
2026-04-13 20:23:04,0.8,1500,500,,500,500,44,,200,,,648,,71.4,0.8679,0.6000,0.6000,1.1000,0.00000000,0.08588185,0.13955800,0.09368929,0.00000000,0.38158860,0.50748360,2.71472000,0.00006105,0.00042735,0.00525030,0.01111110,3.57914200,3.31467300,1.78852100,1.10842400,0.60439500,1.09853400,0.79816780,0.87006020,3.29944700,3.30219400,0.79677580,4.92986000,4.94996000,0.00427350, 3, 255, 7, 24,0x50000,No,No,No,No,No,Yes,No,Yes
2026-04-13 20:23:06,10.0,2400,910,,910,960,44,,200,,,648,,74.7,0.8679,0.6000,0.6000,1.1000,0.00000000,0.09173742,0.14541360,0.16298030,0.00637260,0.37182930,0.56213570,4.64360000,0.00000000,0.00042735,0.00537240,0.01147740,3.56151000,3.31281700,1.82124300,1.10769100,0.60439500,1.09890000,0.79963290,0.86817980,3.29853100,3.30219400,0.79794790,4.84008000,4.85080000,0.00341880, 3, 255, 7, 24,0x50000,No,No,No,No,No,Yes,No,Yes
2026-04-13 20:23:08,0.3,2400,910,,910,960,44,,200,,,648,,71.9,0.8679,0.6000,0.6000,1.1000,0.00000000,0.09271335,0.13467840,0.03025383,0.00000000,0.37085340,0.49284470,1.70563000,0.00006105,0.00042735,0.00506715,0.01135530,3.60141300,3.30910500,1.79828900,1.11355200,0.60769170,1.09853400,0.79890030,0.86979160,3.30036300,3.30219400,0.79706880,4.98614000,4.99418000,0.00427350, 3, 255, 7, 24,0x50000,No,No,No,No,No,Yes,No,Yes
2026-04-13 20:23:11,0.3,1500,500,,500,500,44,,200,,,648,,69.7,0.7200,0.6000,0.6000,1.1000,0.00000000,0.08880963,0.12687090,0.03025383,0.00000000,0.37085340,0.49577240,1.11625000,0.00006105,0.00030525,0.00531135,0.01184370,3.62925200,3.31374500,1.78852100,1.10842400,0.60586020,1.09853400,0.79999920,0.71990160,3.29944700,3.30494200,0.79677580,4.99418000,5.02098000,0.00427350, 3, 255, 7, 24,0x50000,No,No,No,No,No,Yes,No,Yes
2026-04-13 20:23:13,0.3,1500,500,,500,500,44,,200,,,648,,70.8,0.7200,0.6000,0.6000,1.1000,0.00000000,0.08880963,0.12687090,0.03122976,0.00000000,0.37280530,0.49577240,1.10732000,0.00006105,0.00042735,0.00531135,0.01172160,3.62090000,3.31281700,1.81684800,1.10366200,0.60292980,1.09853400,0.79890030,0.72017020,3.29944700,3.30402600,0.79677580,5.02634000,5.01026000,0.00427350, 3, 255, 7, 24,0x50000,No,No,No,No,No,Yes,No,Yes
2026-04-13 20:23:15,0.5,1500,500,,500,500,44,,200,,,648,,70.3,0.7200,0.6000,0.6000,1.1000,0.00000000,0.09076149,0.13077460,0.03220569,0.00000000,0.37280530,0.49382060,1.10732000,0.00006105,0.00018315,0.00543345,0.01135530,3.61533200,3.31560100,1.81684800,1.10842400,0.60146460,1.09926600,0.79816780,0.72017020,3.30036300,3.30127900,0.79736190,5.00490000,4.99954000,0.00427350, 3, 255, 7, 24,0x50000,No,No,No,No,No,Yes,No,Yes
2026-04-13 20:23:17,0.5,2400,910,,910,960,44,,200,,,648,,70.3,0.8679,0.6000,0.6000,1.1000,0.00000000,0.09661707,0.13175060,0.03220569,0.00000000,0.37182930,0.49284470,1.69670000,0.00012210,0.00042735,0.00531135,0.01159950,3.61811600,3.31467300,1.78754400,1.10952300,0.60402870,1.09926600,0.79926660,0.86979160,3.30036300,3.30402600,0.79794790,4.99150000,4.99150000,0.00427350, 3, 255, 7, 24,0x50000,No,No,No,No,No,Yes,No,Yes
2026-04-13 20:23:19,0.3,2400,910,,910,960,44,,200,,,648,,71.9,0.8679,0.6000,0.6000,1.1000,0.00000000,0.09661707,0.13370240,0.03513348,0.00000000,0.37182930,0.49382060,1.69670000,0.00012210,0.00042735,0.00586080,0.01184370,3.60976400,3.30910500,1.78754400,1.10586000,0.61135470,1.09816700,0.79853400,0.86979160,3.30036300,3.30311000,0.79706880,4.99686000,4.97408000,0.00427350, 3, 255, 7, 24,0x50000,No,No,No,No,No,Yes,No,Yes
2026-04-13 20:23:21,1.7,1500,500,,910,960,44,,200,,,648,,70.8,0.8679,0.6000,0.6000,1.1000,0.00000000,0.09661707,0.13272650,0.02927790,0.00000000,0.37280530,0.49772430,1.69670000,0.00012210,0.00042735,0.00586080,0.01147740,3.60605200,3.29518600,1.79389300,1.10512700,0.60402870,1.09926600,0.79999920,0.86952300,3.30127900,3.30311000,0.79736190,4.99954000,5.00356000,0.00341880, 3, 255, 7, 24,0x50000,No,No,No,No,No,Yes,No,Yes
2026-04-13 20:23:23,0.0,2400,910,,910,960,44,,200,,,648,,70.8,0.8679,0.6000,0.6000,1.1000,0.00000000,0.09271335,0.13467840,0.03415755,0.00000000,0.36792560,0.49186870,1.70563000,0.00006105,0.00018315,0.00537240,0.01172160,3.61904400,3.31560100,1.81684800,1.10586000,0.60402870,1.10036500,0.79926660,0.86979160,3.30219400,3.30494200,0.79765500,4.99552000,4.97542000,0.00427350, 3, 255, 7, 24,0x50000,No,No,No,No,No,Yes,No,Yes
2026-04-13 20:23:25,0.2,2400,910,,910,960,44,,200,,,648,,71.9,0.8679,0.6000,0.6000,1.1000,0.00000000,0.09271335,0.13370240,0.03025383,0.00000000,0.36987750,0.49674840,1.69670000,0.00006105,0.00018315,0.00531135,0.01172160,3.60605200,3.31188900,1.79389300,1.10952300,0.60256350,1.09926600,0.79926660,0.86925430,3.30036300,3.30219400,0.79794790,4.98078000,4.90976000,0.00427350, 3, 255, 7, 24,0x50000,No,No,No,No,No,Yes,No,Yes
2026-04-13 20:23:28,2.2,1500,500,,500,500,44,,200,,,648,,70.8,0.7200,0.6000,0.6000,1.1000,0.00000000,0.09466522,0.12589500,0.03122976,0.00000000,0.37085340,0.49479650,1.11625000,0.00006105,0.00042735,0.00525030,0.01159950,3.57821400,3.31281700,1.78852100,1.10732500,0.60146460,1.09890000,0.79816780,0.72017020,3.29944700,3.30219400,0.79677580,4.90842000,5.04778000,0.00427350, 3, 255, 7, 24,0x50000,No,No,No,No,No,Yes,No,Yes
2026-04-13 20:23:30,26.1,2400,910,,910,960,44,,200,,,648,,70.8,0.8679,0.6000,0.6000,1.1000,0.00000000,0.09076149,0.13858210,0.02927790,0.00000000,0.36792560,0.49772430,1.70563000,0.00012210,0.00042735,0.00592185,0.01147740,3.61626000,3.31560100,1.79828900,1.10439400,0.60292980,1.10036500,0.79816780,0.86925430,3.30036300,3.30402600,0.79677580,4.97274000,5.00490000,0.00427350, 3, 255, 7, 24,0x50000,No,No,No,No,No,Yes,No,Yes
2026-04-13 20:23:32,0.2,2400,910,,910,960,43,,200,,,648,,70.8,0.8679,0.6000,0.6000,1.1000,0.06148359,0.09271335,0.13370240,0.03025383,0.00000000,0.36987750,0.48991690,1.69670000,0.00018315,0.00042735,0.00476190,0.01172160,3.59398900,3.31467300,1.78803200,1.10769100,0.60219720,1.09853400,0.79890030,0.86979160,3.30127900,3.30311000,0.79765500,4.96872000,4.98078000,0.00341880, 3, 255, 7, 24,0x50000,No,No,No,No,No,Yes,No,Yes
2026-04-13 20:23:34,0.5,1500,500,,500,500,44,,200,,,648,,70.3,0.7200,0.6000,0.6000,1.1000,0.05074836,0.09173742,0.12784680,0.03415755,0.00000000,0.36987750,0.49479650,1.11625000,0.00006105,0.00054945,0.00506715,0.01147740,3.60883600,3.31281700,1.80024200,1.10952300,0.60402870,1.09926600,0.79999920,0.71990160,3.29944700,3.30311000,0.79677580,5.01026000,5.01562000,0.00341880, 3, 255, 7, 24,0x50000,No,No,No,No,No,Yes,No,Yes
2026-04-13 20:23:36,0.3,2400,910,,910,960,44,,200,,,648,,71.9,0.8679,0.6000,0.6000,1.1000,0.05855580,0.10247270,0.13272650,0.03318162,0.00000000,0.37085340,0.49382060,1.69670000,0.00012210,0.00042735,0.00567765,0.01135530,3.60512400,3.31560100,1.79828900,1.10292900,0.60329610,1.09853400,0.79926660,0.86979160,3.29944700,3.30311000,0.79677580,5.00088000,4.97274000,0.00341880, 3, 255, 7, 24,0x50000,No,No,No,No,No,Yes,No,Yes
2026-04-13 20:23:38,0.2,2400,910,,910,960,44,,200,,,648,,71.9,0.8679,0.6000,0.6000,1.1000,0.00000000,0.09076149,0.13467840,0.02830197,0.00000000,0.36987750,0.49186870,1.70563000,0.00006105,0.00042735,0.00586080,0.01111110,3.57171800,3.31188900,1.79828900,1.10769100,0.60805800,1.09853400,0.79999920,0.86952300,3.29853100,3.30402600,0.79677580,4.97408000,4.99954000,0.00427350, 3, 255, 7, 24,0x50000,No,No,No,No,No,Yes,No,Yes
2026-04-13 20:23:40,0.5,1500,500,,500,500,44,,200,,,648,,70.3,0.7200,0.6000,0.6000,1.1000,0.00000000,0.08978556,0.12882280,0.03220569,0.00000000,0.37182930,0.49577240,1.11625000,0.00006105,0.00054945,0.00586080,0.01172160,3.61811600,3.30910500,1.78754400,1.10952300,0.60439500,1.09926600,0.79890030,0.72017020,3.29944700,3.30402600,0.79706880,4.98882000,5.03170000,0.00427350, 3, 255, 7, 24,0x50000,No,No,No,No,No,Yes,No,Yes
2026-04-13 20:23:43,0.2,1500,500,,500,500,44,,200,,,648,,70.3,0.7200,0.6000,0.6000,1.1000,0.00000000,0.08978556,0.12784680,0.02927790,0.00000000,0.37280530,0.49089280,1.12518000,0.00018315,0.00042735,0.00537240,0.01196580,3.61626000,3.30260900,1.78852100,1.10549400,0.60366240,1.09816700,0.79780140,0.71990160,3.29853100,3.30311000,0.79677580,5.01160000,5.01294000,0.00427350, 3, 255, 7, 24,0x50000,No,No,No,No,No,Yes,No,Yes
2026-04-13 20:23:45,7.3,2400,910,,910,960,44,,200,,,648,,71.4,0.8679,0.6000,0.6000,1.1000,0.00000000,0.06245952,0.13370240,0.03122976,0.00000000,0.21275270,0.33864770,1.67884000,0.00024420,0.00054945,0.00525030,0.01123320,3.61626000,3.31652900,1.80024200,1.10512700,0.60622650,1.09999900,0.80109810,0.86925430,3.30036300,3.30402600,0.79736190,5.01562000,4.99954000,0.00427350, 3, 255, 7, 24,0x50000,No,No,No,No,No,Yes,No,Yes
2026-04-13 20:23:47,1.5,2400,910,,910,960,44,,200,,,648,,73.0,0.8679,0.6000,0.6000,1.1000,0.00000000,0.09173742,0.13467840,0.03025383,0.00000000,0.37085340,0.49089280,1.70563000,0.00006105,0.00042735,0.00531135,0.01135530,3.58656500,3.31467300,1.79828900,1.10695900,0.60402870,1.10036500,0.79853400,0.86925430,3.30036300,3.30311000,0.79765500,4.98882000,4.90976000,0.00427350, 3, 255, 7, 24,0x50000,No,No,No,No,No,Yes,No,Yes
2026-04-13 20:23:49,0.3,2400,910,,910,960,44,,200,,,648,,72.5,0.8679,0.6000,0.6000,1.1000,0.00000000,0.08588185,0.13565430,0.03025383,0.00000000,0.37085340,0.49382060,1.70563000,0.00006105,0.00042735,0.00598290,0.01172160,3.60419700,3.31467300,1.79828900,1.11135400,0.60366240,1.10036500,0.79926660,0.86925430,3.30036300,3.30311000,0.79765500,5.00490000,5.00624000,0.00427350, 3, 255, 7, 24,0x50000,No,No,No,No,No,Yes,No,Yes
2026-04-13 20:23:51,0.0,1500,500,,500,500,44,,200,,,648,,70.3,0.7200,0.6000,0.6000,1.1000,0.00000000,0.09173742,0.12882280,0.03220569,0.00784320,0.36987750,0.45380740,1.11625000,0.00006105,0.00018315,0.00537240,0.01172160,3.61811600,3.31467300,1.81684800,1.10586000,0.60586020,1.09890000,0.79816780,0.71963300,3.29944700,3.30311000,0.79736190,5.01428000,5.00490000,0.00427350, 3, 255, 7, 24,0x50000,No,No,No,No,No,Yes,No,Yes
2026-04-13 20:23:53,0.3,1500,500,,500,500,44,,200,,,648,,69.2,0.7200,0.6000,0.6000,1.1000,0.00000000,0.09076149,0.12687090,0.03025383,0.00000000,0.37280530,0.49870020,1.11625000,0.00006105,0.00018315,0.00549450,0.01172160,3.61811600,3.31467300,1.78852100,1.10439400,0.60366240,1.10036500,0.79890030,0.71990160,3.30219400,3.30402600,0.79765500,5.02634000,5.04242000,0.00427350, 3, 255, 7, 24,0x50000,No,No,No,No,No,Yes,No,Yes
2026-04-13 20:23:55,0.5,2400,910,,910,960,44,,200,,,648,,71.9,0.8679,0.6000,0.6000,1.1000,0.00000000,0.09271335,0.13077460,0.03220569,0.00000000,0.37280530,0.49674840,1.69670000,0.00024420,0.00042735,0.00561660,0.01196580,3.61718800,3.30632200,1.79096300,1.11062200,0.60402870,1.09926600,0.79853400,0.86925430,3.29944700,3.30219400,0.79677580,5.00088000,4.96470000,0.00427350, 3, 255, 7, 24,0x50000,No,No,No,No,No,Yes,No,Yes
2026-04-13 20:23:57,0.3,2400,910,,910,960,44,,200,,,648,,71.4,0.8679,0.6000,0.6000,1.1000,0.00000000,0.09173742,0.13467840,0.03025383,0.00000000,0.37085340,0.49674840,1.70563000,0.00012210,0.00042735,0.00518925,0.01135530,3.60790800,3.31003300,1.81684800,1.10952300,0.60366240,1.09890000,0.79926660,0.86979160,3.30219400,3.30311000,0.79765500,4.99284000,4.99552000,0.00427350, 3, 255, 7, 24,0x50000,No,No,No,No,No,Yes,No,Yes
2026-04-13 20:24:00,0.5,1500,500,,500,500,44,,200,,,648,,70.8,0.7200,0.6000,0.6000,1.1000,0.00000000,0.08978556,0.12784680,0.03318162,0.00000000,0.36987750,0.49284470,1.37522000,0.00018315,0.00042735,0.00531135,0.01172160,3.62182800,3.31281700,1.79926600,1.10988900,0.60476130,1.10036500,0.79853400,0.71990160,3.30036300,3.30127900,0.79736190,5.00758000,5.00624000,0.00427350, 3, 255, 7, 24,0x50000,No,No,No,No,No,Yes,No,Yes
2026-04-13 20:24:02,26.7,2400,910,,910,960,44,,200,,,648,,73.0,0.8679,0.6000,0.6000,1.1000,0.00000000,0.09564114,0.13565430,0.02927790,0.00000000,0.36987750,0.49577240,1.73242000,0.00018315,0.00042735,0.00586080,0.01135530,3.61440400,3.31560100,1.81684800,1.11135400,0.60402870,1.09706800,0.79999920,0.86925430,3.30036300,3.30402600,0.79765500,5.01562000,4.97810000,0.00427350, 3, 255, 7, 24,0x50000,No,No,No,No,No,Yes,No,Yes
2026-04-13 20:24:04,0.3,2400,910,,910,960,44,,200,,,648,,71.9,0.8679,0.6000,0.6000,1.1000,0.00000000,0.09856894,0.13565430,0.03025383,0.00000000,0.37182930,0.49284470,1.70563000,0.00006105,0.00018315,0.00543345,0.01172160,3.58934900,3.31281700,1.81733600,1.10842400,0.60402870,1.09853400,0.79853400,0.86925430,3.30036300,3.30219400,0.79765500,4.99150000,4.97408000,0.00427350, 3, 255, 7, 24,0x50000,No,No,No,No,No,Yes,No,Yes
2026-04-13 20:24:06,0.3,1500,500,,500,500,44,,200,,,648,,70.8,0.7200,0.6000,0.6000,1.1000,0.00000000,0.12882280,0.16102850,0.03122976,0.00000000,0.36890160,0.49870020,1.12518000,0.00006105,0.00030525,0.00598290,0.01159950,3.60883600,3.30168200,1.79926600,1.10879000,0.60476130,1.09853400,0.79999920,0.71990160,3.29944700,3.30219400,0.79736190,4.97810000,5.00758000,0.00427350, 3, 255, 7, 24,0x50000,No,No,No,No,No,Yes,No,Yes
2026-04-13 20:24:08,0.3,1500,500,,500,500,44,,200,,,648,,69.7,0.7200,0.6000,0.6000,1.1000,0.00000000,0.11711160,0.13077460,0.02927790,0.00000000,0.37182930,0.49382060,1.11625000,0.00030525,0.00042735,0.00683760,0.01147740,3.62646800,3.29889800,1.79828900,1.10769100,0.60476130,1.09963300,0.79999920,0.71990160,3.30036300,3.30494200,0.79765500,4.99552000,5.01696000,0.00341880, 3, 255, 7, 24,0x50000,No,No,No,No,No,Yes,No,Yes
2026-04-13 20:24:10,2.0,2400,910,,910,960,43,,200,,,648,,70.8,0.8679,0.6000,0.6000,1.1000,0.00000000,0.09271335,0.13370240,0.03025383,0.00000000,0.37182930,0.49577240,1.68777000,0.00006105,0.00042735,0.00561660,0.01172160,3.56243800,3.31560100,1.81684800,1.10842400,0.60256350,1.09890000,0.79926660,0.86952300,3.30036300,3.30219400,0.79706880,4.88832000,4.88162000,0.00427350, 3, 255, 7, 24,0x50000,No,No,No,No,No,Yes,No,Yes
2026-04-13 20:24:12,1.0,2400,910,,910,960,44,,200,,,648,,73.0,0.8679,0.6000,0.6000,1.1000,0.00000000,0.09368929,0.13467840,0.03122976,0.00000000,0.36890160,0.49577240,1.70563000,0.00006105,0.00042735,0.00525030,0.01159950,3.61533200,3.31560100,1.79828900,1.10659200,0.60183090,1.09853400,0.79816780,0.86952300,3.30036300,3.30127900,0.79677580,4.99552000,4.99686000,0.00427350, 3, 255, 7, 24,0x50000,No,No,No,No,No,Yes,No,Yes
2026-04-13 20:24:15,0.2,2400,910,,910,960,44,,200,,,648,,72.5,0.8679,0.6000,0.6000,1.1000,0.00000000,0.08978556,0.13272650,0.03318162,0.00000000,0.37085340,0.49382060,1.71456000,0.00012210,0.00036630,0.00561660,0.01147740,3.60698000,3.31188900,1.79828900,1.10366200,0.60439500,1.09999900,0.79890030,0.86898570,3.29944700,3.30402600,0.79736190,4.98212000,5.00624000,0.00427350, 3, 255, 7, 24,0x50000,No,No,No,No,No,Yes,No,Yes
2026-04-13 20:24:17,2.0,2400,910,,910,960,44,,200,,,648,,71.9,0.8679,0.6000,0.6000,1.1000,0.00000000,0.08685777,0.13565430,0.03220569,0.00000000,0.37182930,0.49382060,1.68777000,0.00006105,0.00042735,0.00506715,0.01159950,3.61997200,3.30910500,1.79828900,1.10915600,0.60329610,1.10036500,0.79999920,0.87032880,3.30036300,3.30311000,0.79677580,4.96738000,4.99686000,0.00427350, 3, 255, 7, 24,0x50000,No,No,No,No,No,Yes,No,Yes
2026-04-13 20:24:19,26.8,2400,910,,910,960,44,,200,,,648,,73.6,0.8679,0.6000,0.6000,1.1000,0.00000000,0.09466522,0.13565430,0.03220569,0.00000000,0.37182930,0.49577240,2.78616000,0.00000000,0.00042735,0.00555555,0.01147740,3.58934900,3.31560100,1.80610300,1.10842400,0.60439500,1.09706800,0.79999920,0.87032880,3.30402600,3.30311000,0.79736190,5.01428000,4.96872000,0.00427350, 3, 255, 7, 24,0x50000,No,No,No,No,No,Yes,No,Yes
2026-04-13 20:24:21,0.3,2400,910,,910,960,44,,200,,,648,,72.5,0.8679,0.6000,0.6000,1.1000,0.00000000,0.08978556,0.13370240,0.02927790,0.00000000,0.36890160,0.49479650,1.76814000,0.00018315,0.00042735,0.00537240,0.01159950,3.60698000,3.31003300,1.80610300,1.11135400,0.60476130,1.09890000,0.79926660,0.86898570,3.29853100,3.30219400,0.79677580,4.99552000,4.97274000,0.00427350, 3, 255, 7, 24,0x50000,No,No,No,No,No,Yes,No,Yes
2026-04-13 20:24:23,1.0,1500,500,,500,500,44,,200,,,648,,71.9,0.7200,0.6000,0.6000,1.1000,0.00000000,0.09076149,0.12882280,0.03318162,0.00000000,0.37963680,0.49382060,1.11625000,0.00006105,0.00048840,0.00586080,0.01135530,3.62182800,3.31003300,1.79926600,1.10366200,0.60109830,1.10036500,0.79999920,0.72017020,3.30036300,3.30402600,0.79706880,4.99954000,5.01562000,0.00427350, 3, 255, 7, 24,0x50000,No,No,No,No,No,Yes,No,Yes
2026-04-13 20:24:25,0.5,1500,500,,500,500,44,,200,,,648,,70.8,0.7717,0.6000,0.6000,1.1000,0.00000000,0.09173742,0.13077460,0.03025383,0.00000000,0.37182930,0.49089280,1.26806000,0.00006105,0.00042735,0.00518925,0.01147740,3.59213300,3.30910500,1.79828900,1.10988900,0.60402870,1.09999900,0.79999920,0.77496870,3.29944700,3.30219400,0.79706880,4.95666000,4.97274000,0.00427350, 3, 255, 7, 24,0x50000,No,No,No,No,No,Yes,No,Yes
2026-04-13 20:24:27,0.3,2400,910,,910,960,44,,200,,,648,,70.8,0.8679,0.6000,0.6000,1.1000,0.00000000,0.08685777,0.13370240,0.03610941,0.00000000,0.37085340,0.51333920,2.80402000,0.00012210,0.00042735,0.00555555,0.01135530,3.59306100,3.31188900,1.81684800,1.10439400,0.60549390,1.09999900,0.79926660,0.86925430,3.30036300,3.30219400,0.79677580,4.94728000,4.95264000,0.00427350, 3, 255, 7, 24,0x50000,No,No,No,No,No,Yes,No,Yes
2026-04-13 20:24:29,0.0,2400,910,,910,960,44,,200,,,648,,71.9,0.8679,0.6000,0.6000,1.1000,0.00000000,0.09271335,0.13663020,0.03220569,0.00000000,0.36890160,0.49479650,1.71456000,0.00006105,0.00030525,0.00531135,0.01172160,3.57450200,3.31003300,1.79828900,1.10586000,0.60842430,1.09853400,0.79890030,0.86952300,3.29761600,3.30127900,0.79677580,4.98748000,5.00624000,0.00427350, 3, 255, 7, 24,0x50000,No,No,No,No,No,Yes,No,Yes
2026-04-13 20:24:32,1.8,2400,910,,910,960,44,,200,,,648,,71.9,0.8679,0.6000,0.6000,1.1000,0.00000000,0.09076149,0.13272650,0.03122976,0.00000000,0.37182930,0.48796500,1.71456000,0.00012210,0.00036630,0.00531135,0.01135530,3.55965400,3.30632200,1.80610300,1.10805800,0.60769170,1.09890000,0.79999920,0.86925430,3.30127900,3.30311000,0.79677580,4.89904000,4.87760000,0.00341880, 3, 255, 7, 24,0x50000,No,No,No,No,No,Yes,No,Yes
2026-04-13 20:24:34,5.5,2400,910,,910,960,44,,200,,,648,,73.6,0.8679,0.6000,0.6000,1.1000,0.00000000,0.14346170,0.17957110,0.19908970,0.01666680,0.37182930,0.56408760,4.52751000,0.00006105,0.00042735,0.00482295,0.01159950,3.56522200,3.31281700,1.80610300,1.10219700,0.60402870,1.09963300,0.79670250,0.87140330,3.30036300,3.30219400,0.79736190,4.86420000,4.82802000,0.00427350, 3, 255, 7, 24,0x50000,No,No,No,No,No,Yes,No,Yes
2026-04-13 20:24:36,0.5,2400,910,,910,960,44,,200,,,648,,73.0,0.8679,0.6000,0.6000,1.1000,0.00000000,0.09271335,0.13272650,0.03025383,0.00000000,0.37182930,0.49674840,1.71456000,0.00000000,0.00048840,0.00586080,0.01172160,3.60141300,3.31467300,1.80024200,1.10659200,0.60476130,1.09890000,0.79890030,0.86952300,3.29853100,3.30219400,0.79736190,4.97810000,4.97810000,0.00427350, 3, 255, 7, 24,0x50000,No,No,No,No,No,Yes,No,Yes
2026-04-13 20:24:38,0.0,1500,500,,500,500,44,,200,,,648,,71.4,0.7200,0.6000,0.6000,1.1000,0.00000000,0.09076149,0.12882280,0.02927790,0.00000000,0.37182930,0.49577240,1.09839000,0.00006105,0.00018315,0.00598290,0.01111110,3.60976400,3.31467300,1.78852100,1.10915600,0.60512760,1.09816700,0.79816780,0.71990160,3.29944700,3.30402600,0.79677580,5.02098000,5.02098000,0.00427350, 3, 255, 7, 24,0x50000,No,No,No,No,No,Yes,No,Yes
2026-04-13 20:24:40,1.8,1500,500,,500,500,44,,200,,,648,,71.9,0.7200,0.6000,0.6000,1.1000,0.00000000,0.08978556,0.12784680,0.03220569,0.00000000,0.37280530,0.45966300,1.13411000,0.00006105,0.00030525,0.00598290,0.01159950,3.62739600,3.31281700,1.79828900,1.10512700,0.60402870,1.10036500,0.79853400,0.71990160,3.30036300,3.30219400,0.79765500,4.90976000,5.05716000,0.00427350, 3, 255, 7, 24,0x50000,No,No,No,No,No,Yes,No,Yes
2026-04-13 20:24:42,21.2,2400,910,,910,960,44,,200,,,648,,72.5,0.8679,0.6000,0.6000,1.1000,0.00000000,0.08978556,0.13663020,0.03415755,0.00000000,0.37182930,0.49284470,1.70563000,0.00006105,0.00042735,0.00531135,0.01147740,3.60512400,3.31560100,1.79828900,1.10695900,0.60256350,1.10036500,0.79853400,0.86925430,3.29944700,3.30219400,0.79824100,4.98078000,4.97810000,0.00427350, 3, 255, 7, 24,0x50000,No,No,No,No,No,Yes,No,Yes
2026-04-13 20:24:44,0.5,2400,910,,910,960,44,,200,,,648,,73.6,0.8679,0.6000,0.6000,1.1000,0.00000000,0.09076149,0.13663020,0.02927790,0.00000000,0.37085340,0.49382060,1.72349000,0.00012210,0.00042735,0.00561660,0.01196580,3.60883600,3.31188900,1.81684800,1.10586000,0.60402870,1.09853400,0.79853400,0.86925430,3.30036300,3.30402600,0.79765500,5.00624000,5.00624000,0.00427350, 3, 255, 7, 24,0x50000,No,No,No,No,No,Yes,No,Yes
2026-04-13 20:24:47,0.5,1500,500,,500,500,44,,200,,,648,,71.4,0.7200,0.6000,0.6000,1.1000,0.00000000,0.09076149,0.12687090,0.03122976,0.00000000,0.37182930,0.48894090,1.12518000,0.00006105,0.00054945,0.00531135,0.01147740,3.61533200,3.31467300,1.80024200,1.10952300,0.60402870,1.09890000,0.79999920,0.71990160,3.30036300,3.30311000,0.79677580,5.01026000,5.01562000,0.00427350, 3, 255, 7, 24,0x50000,No,No,No,No,No,Yes,No,Yes
2026-04-13 20:24:49,0.3,2400,910,,910,960,43,,200,,,648,,72.5,0.8679,0.6000,0.6000,1.1000,0.00000000,0.09271335,0.13370240,0.02830197,0.00000000,0.37182930,0.49382060,1.70563000,0.00012210,0.00042735,0.00561660,0.01159950,3.61254800,3.31281700,1.80024200,1.10549400,0.60402870,1.09890000,0.79999920,0.86898570,3.29944700,3.30311000,0.79677580,4.99954000,4.97140000,0.00427350, 3, 255, 7, 24,0x50000,No,No,No,No,No,Yes,No,Yes
2026-04-13 20:24:51,1.5,2400,910,,910,960,44,,200,,,648,,71.9,0.8679,0.6000,0.6000,1.1000,0.00000000,0.10247270,0.13565430,0.03318162,0.00000000,0.37182930,0.49186870,1.72349000,0.00006105,0.00042735,0.00561660,0.01172160,3.60326800,3.31281700,1.78900900,1.10769100,0.60659280,1.09926600,0.79853400,0.86979160,3.30219400,3.30127900,0.79794790,4.97274000,4.99016000,0.00427350, 3, 255, 7, 24,0x50000,No,No,No,No,No,Yes,No,Yes
2026-04-13 20:24:53,2.2,2400,910,,910,960,44,,200,,,648,,72.5,0.8679,0.6000,0.6000,1.1000,0.00000000,0.09466522,0.13272650,0.03220569,0.00000000,0.37182930,0.49479650,1.68777000,0.00012210,0.00042735,0.00525030,0.01172160,3.60698000,3.31374500,1.80610300,1.10549400,0.60586020,1.10036500,0.79999920,0.86952300,3.29944700,3.30311000,0.79706880,4.97140000,4.99820000,0.00427350, 3, 255, 7, 24,0x50000,No,No,No,No,No,Yes,No,Yes
2026-04-13 20:24:55,1.5,2400,910,,910,960,44,,200,,,648,,71.9,0.8679,0.6000,0.6000,1.1000,0.00000000,0.09368929,0.12979870,0.03708534,0.00000000,0.36792560,0.49284470,1.71456000,0.00024420,0.00042735,0.00555555,0.01147740,3.60419700,3.31281700,1.80610300,1.10879000,0.60439500,1.09926600,0.79853400,0.86952300,3.30036300,3.30219400,0.79736190,4.97810000,4.99418000,0.00427350, 3, 255, 7, 24,0x50000,No,No,No,No,No,Yes,No,Yes
2026-04-13 20:24:57,2.5,2400,910,,910,960,44,,200,,,648,,73.6,0.8679,0.6000,0.6000,1.1000,0.00000000,0.09173742,0.13467840,0.03415755,0.00000000,0.37475720,0.48894090,1.77707000,0.00006105,0.00042735,0.00531135,0.01172160,3.60883600,3.30910500,1.79828900,1.10842400,0.60659280,1.10036500,0.79999920,0.86952300,3.29944700,3.30311000,0.79677580,4.99686000,4.98480000,0.00427350, 3, 255, 7, 24,0x50000,No,No,No,No,No,Yes,No,Yes
2026-04-13 20:24:59,0.5,1500,500,,500,500,44,,200,,,648,,71.4,0.7200,0.6000,0.6000,1.1000,0.00000000,0.09076149,0.12687090,0.03122976,0.00000000,0.37085340,0.49479650,1.11625000,0.00024420,0.00018315,0.00500610,0.01135530,3.62925200,3.29889800,1.79926600,1.10952300,0.60439500,1.09816700,0.79999920,0.71990160,3.30036300,3.30402600,0.79736190,5.00624000,5.02768000,0.00427350, 3, 255, 7, 24,0x50000,No,No,No,No,No,Yes,No,Yes
2026-04-13 20:25:01,0.3,1500,500,,500,500,44,,200,,,648,,71.9,0.7200,0.6000,0.6000,1.1000,0.00000000,0.08880963,0.12979870,0.03513348,0.00000000,0.37182930,0.49870020,1.66098000,0.00006105,0.00030525,0.00531135,0.01123320,3.61626000,3.31281700,1.80024200,1.10622600,0.60769170,1.09780100,0.79853400,0.71990160,3.29944700,3.30219400,0.79677580,4.98882000,5.00758000,0.00427350, 3, 255, 7, 24,0x50000,No,No,No,No,No,Yes,No,Yes
2026-04-13 20:25:04,0.7,2400,910,,910,960,44,,200,,,648,,71.9,0.8679,0.6000,0.6000,1.1000,0.00000000,0.09076149,0.13565430,0.02830197,0.00000000,0.36987750,0.47918160,1.71456000,0.00000000,0.00048840,0.00549450,0.01159950,3.60790800,3.30724900,1.79926600,1.11355200,0.60476130,1.09926600,0.79999920,0.86952300,3.29944700,3.30311000,0.79765500,5.00624000,4.99552000,0.00427350, 3, 255, 7, 24,0x50000,No,No,No,No,No,Yes,No,Yes
2026-04-13 20:25:06,0.0,2400,910,,910,960,44,,200,,,648,,72.5,0.8679,0.6000,0.6000,1.1000,0.00000000,0.08880963,0.13272650,0.03220569,0.00000000,0.37182930,0.49186870,1.72349000,0.00012210,0.00042735,0.00543345,0.01135530,3.60419700,3.31467300,1.79828900,1.10146400,0.60586020,1.09853400,0.80036550,0.86979160,3.29944700,3.30311000,0.79677580,4.97274000,5.00624000,0.00427350, 3, 255, 7, 24,0x50000,No,No,No,No,No,Yes,No,Yes
2026-04-13 20:25:08,0.5,1500,500,,500,500,44,,200,,,648,,71.9,0.7579,0.6000,0.6000,1.1000,0.00000000,0.09173742,0.12979870,0.03318162,0.00000000,0.37475720,0.49186870,1.22341000,0.00024420,0.00048840,0.00555555,0.01172160,3.61626000,3.30910500,1.80024200,1.10842400,0.60073200,1.09926600,0.79816780,0.75992600,3.29944700,3.30402600,0.79736190,5.01562000,5.00624000,0.00427350, 3, 255, 7, 24,0x50000,No,No,No,No,No,Yes,No,Yes
2026-04-13 20:25:10,0.3,2400,910,,910,960,44,,200,,,648,,73.0,0.8679,0.6000,0.6000,1.1000,0.00000000,0.12687090,0.13370240,0.03220569,0.00000000,0.37182930,0.49674840,1.71456000,0.00012210,0.00042735,0.00543345,0.01184370,3.60698000,3.32580900,1.79828900,1.11062200,0.60146460,1.09853400,0.80036550,0.86898570,3.29761600,3.30402600,0.79765500,5.01562000,4.92986000,0.00427350, 3, 255, 7, 24,0x50000,No,No,No,No,No,Yes,No,Yes
2026-04-13 20:25:12,1.0,2400,910,,910,960,43,,200,,,648,,71.9,0.8679,0.6000,0.6000,1.1000,0.00000000,0.10052080,0.13663020,0.06929103,0.00294120,0.36792560,0.48991690,1.72349000,0.00006105,0.00042735,0.00531135,0.01147740,3.60790800,3.31281700,1.78754400,1.10769100,0.60109830,1.09890000,0.79853400,0.86925430,3.29853100,3.30402600,0.79765500,4.92048000,4.99418000,0.00427350, 3, 255, 7, 24,0x50000,No,No,No,No,No,Yes,No,Yes
2026-04-13 20:25:14,0.5,1500,500,,500,500,44,,200,,,648,,71.9,0.7200,0.6000,0.6000,1.1000,0.00000000,0.09076149,0.12979870,0.03220569,0.00000000,0.37182930,0.48210940,1.12518000,0.00006105,0.00018315,0.00543345,0.01123320,3.60976400,3.30632200,1.79389300,1.10439400,0.60659280,1.09890000,0.79670250,0.71990160,3.29944700,3.30311000,0.79677580,5.01428000,5.01562000,0.00427350, 3, 255, 7, 24,0x50000,No,No,No,No,No,Yes,No,Yes
2026-04-13 20:25:16,0.3,1500,500,,500,500,44,,200,,,648,,70.8,0.7200,0.6000,0.6000,1.1000,0.00000000,0.09271335,0.12491900,0.03220569,0.00000000,0.36987750,0.49577240,1.11625000,0.00024420,0.00042735,0.00531135,0.01159950,3.62182800,3.31560100,1.80024200,1.10549400,0.60366240,1.09890000,0.79999920,0.71990160,3.29944700,3.30402600,0.79765500,5.02634000,4.93656000,0.00427350, 3, 255, 7, 24,0x50000,No,No,No,No,No,Yes,No,Yes
2026-04-13 20:25:19,1.8,2400,910,,910,960,44,,200,,,648,,72.5,0.8679,0.6000,0.6000,1.1000,0.00000000,0.09368929,0.14443760,0.12589500,0.00000000,0.37280530,0.55140050,4.50965000,0.00000000,0.00042735,0.00531135,0.01147740,3.55965400,3.30632200,1.80610300,1.10622600,0.60073200,1.09853400,0.79999920,0.87032880,3.30127900,3.30127900,0.79677580,4.89904000,4.89904000,0.00427350, 3, 255, 7, 24,0x50000,No,No,No,No,No,Yes,No,Yes
2026-04-13 20:25:21,0.7,2400,910,,910,960,44,,200,,,648,,71.9,0.8679,0.6000,0.6000,1.1000,0.00000000,0.09076149,0.13467840,0.03220569,0.00000000,0.37085340,0.51333920,1.71456000,0.00012210,0.00042735,0.00555555,0.01123320,3.54944700,3.31096100,1.79828900,1.10952300,0.60036570,1.09963300,0.79816780,0.86952300,3.29853100,3.30494200,0.79677580,4.87492000,5.04376000,0.00427350, 3, 255, 7, 24,0x50000,No,No,No,No,No,Yes,No,Yes
2026-04-13 20:25:23,1.3,2400,910,,910,960,44,,200,,,648,,72.5,0.8679,0.6000,0.6000,1.1000,0.00000000,0.09076149,0.13467840,0.03318162,0.00000000,0.37085340,0.49284470,1.71456000,0.00000000,0.00048840,0.00531135,0.01111110,3.60883600,3.30910500,1.80024200,1.10586000,0.60476130,1.10036500,0.79999920,0.87032880,3.29944700,3.30311000,0.79677580,4.97810000,4.93790000,0.00341880, 3, 255, 7, 24,0x50000,No,No,No,No,No,Yes,No,Yes
2026-04-13 20:25:25,0.3,1500,500,,500,500,44,,200,,,648,,71.4,0.7200,0.6000,0.6000,1.1000,0.00000000,0.10540040,0.12882280,0.03025383,0.00000000,0.37182930,0.49479650,1.12518000,0.00006105,0.00030525,0.00537240,0.01147740,3.61162000,3.31467300,1.79828900,1.11245300,0.60329610,1.09853400,0.79926660,0.71990160,3.30036300,3.30311000,0.79765500,5.00624000,5.02499900,0.00427350, 3, 255, 7, 24,0x50000,No,No,No,No,No,Yes,No,Yes
2026-04-13 20:25:27,0.5,1500,500,,500,500,44,,200,,,648,,71.4,0.7200,0.6000,0.6000,1.1000,0.00000000,0.09368929,0.12784680,0.03220569,0.00000000,0.37182930,0.49479650,1.12518000,0.00006105,0.00042735,0.00549450,0.01172160,3.61904400,3.31003300,1.79828900,1.10842400,0.60512760,1.09816700,0.79926660,0.71963300,3.29944700,3.30219400,0.79736190,5.01562000,5.01428000,0.00341880, 3, 255, 7, 24,0x50000,No,No,No,No,No,Yes,No,Yes
2026-04-13 20:25:29,0.3,1500,500,,500,500,44,,200,,,648,,70.3,0.7200,0.6000,0.6000,1.1000,0.00000000,0.09076149,0.12491900,0.03122976,0.00000000,0.37182930,0.49284470,1.11625000,0.00006105,0.00042735,0.00543345,0.01135530,3.61440400,3.30817700,1.79926600,1.10146400,0.60366240,1.09853400,0.79853400,0.71990160,3.30127900,3.30219400,0.79706880,5.01562000,5.00356000,0.00341880, 3, 255, 7, 24,0x50000,No,No,No,No,No,Yes,No,Yes
2026-04-13 20:25:31,0.5,1500,500,,500,500,44,,200,,,648,,70.3,0.7200,0.6000,0.6000,1.1000,0.00000000,0.08978556,0.12687090,0.02927790,0.00000000,0.37085340,0.48991690,1.09839000,0.00006105,0.00042735,0.00525030,0.01135530,3.62182800,3.30910500,1.78754400,1.10439400,0.60183090,1.09816700,0.79999920,0.71990160,3.30036300,3.30311000,0.79706880,5.01830000,5.01696000,0.00427350, 3, 255, 7, 24,0x50000,No,No,No,No,No,Yes,No,Yes
2026-04-13 20:25:34,0.0,1500,500,,500,500,44,,200,,,648,,70.3,0.7200,0.6000,0.6000,1.1000,0.06245952,0.09076149,0.12687090,0.03513348,0.00000000,0.37182930,0.49284470,1.10732000,0.00006105,0.00018315,0.00555555,0.01147740,3.60790800,3.30632200,1.78754400,1.10366200,0.60769170,1.09816700,0.79816780,0.72017020,3.30127900,3.30402600,0.79765500,5.00758000,5.00088000,0.00341880, 3, 255, 7, 24,0x50000,No,No,No,No,No,Yes,No,Yes
2026-04-13 20:25:36,0.0,1500,500,,500,500,44,,200,,,648,,70.8,0.7200,0.6000,0.6000,1.1000,0.06148359,0.05953173,0.12784680,0.02927790,0.00000000,0.21177680,0.33571990,1.08053000,0.00006105,0.00042735,0.00543345,0.01135530,3.61626000,3.30910500,1.79828900,1.10512700,0.60695910,1.10329600,0.80109810,0.71990160,3.30036300,3.30219400,0.79736190,5.03840000,5.03304000,0.00427350, 3, 255, 7, 24,0x50000,No,No,No,No,No,Yes,No,Yes
2026-04-13 20:25:38,26.1,2400,910,,910,960,44,,200,,,648,,72.5,0.8679,0.6000,0.6000,1.1000,0.06050766,0.09173742,0.13175060,0.10930420,0.00000000,0.36987750,0.49382060,1.68777000,0.00012210,0.00042735,0.00579975,0.01159950,3.60141300,3.32952100,1.79828900,1.10915600,0.60476130,1.09853400,0.79816780,0.86898570,3.29944700,3.30402600,0.79765500,4.98346000,4.99954000,0.00427350, 3, 255, 7, 24,0x50000,No,No,No,No,No,Yes,No,Yes
2026-04-13 20:25:40,1.3,2400,910,,910,960,44,,200,,,648,,73.0,0.8679,0.6000,0.6000,1.1000,0.00000000,0.08588185,0.13467840,0.03415755,0.00000000,0.37182930,0.49674840,1.69670000,0.00024420,0.00030525,0.00531135,0.01147740,3.61533200,3.31281700,1.79828900,1.10549400,0.60366240,1.09926600,0.79853400,0.86925430,3.29853100,3.30494200,0.79736190,5.00490000,4.97542000,0.00427350, 3, 255, 7, 24,0x50000,No,No,No,No,No,Yes,No,Yes
2026-04-13 20:25:42,0.3,1500,500,,500,500,44,,200,,,648,,70.8,0.7200,0.6000,0.6000,1.1000,0.00000000,0.09076149,0.12979870,0.03318162,0.00000000,0.37085340,0.49284470,1.11625000,0.00030525,0.00018315,0.00555555,0.01172160,3.62182800,3.31467300,1.78754400,1.10549400,0.60292980,1.09926600,0.79890030,0.72017020,3.30036300,3.30402600,0.79677580,5.02232000,4.99954000,0.00427350, 3, 255, 7, 24,0x50000,No,No,No,No,No,Yes,No,Yes
2026-04-13 20:25:44,6.3,2400,910,,910,960,44,,200,,,648,,72.5,0.8679,0.6000,0.6000,1.1000,0.00000000,0.08783370,0.13370240,0.03318162,0.00000000,0.37085340,0.49284470,1.71456000,0.00006105,0.00042735,0.00549450,0.01147740,3.60790800,3.30910500,1.80610300,1.11428500,0.60219720,1.09963300,0.79999920,0.86925430,3.29761600,3.30402600,0.79706880,4.92450000,5.01160000,0.00427350, 3, 255, 7, 24,0x50000,No,No,No,No,No,Yes,No,Yes
2026-04-13 20:25:46,0.3,2400,910,,910,960,44,,200,,,648,,71.9,0.8679,0.6000,0.6000,1.1000,0.00000000,0.09173742,0.13565430,0.03025383,0.00000000,0.37280530,0.48698910,1.73242000,0.00006105,0.00042735,0.00586080,0.01172160,3.61162000,3.31560100,1.79877700,1.11355200,0.60109830,1.09853400,0.79853400,0.86952300,3.30036300,3.30219400,0.79765500,4.99016000,4.97274000,0.00427350, 3, 255, 7, 24,0x50000,No,No,No,No,No,Yes,No,Yes
2026-04-13 20:25:48,0.3,1500,500,,500,500,44,,200,,,648,,71.9,0.7200,0.6000,0.6000,1.1000,0.00000000,0.12882280,0.16005250,0.02830197,0.00000000,0.38549240,0.48698910,1.12518000,0.00006105,0.00042735,0.00531135,0.01172160,3.60883600,3.30168200,1.80024200,1.10439400,0.60659280,1.10036500,0.79853400,0.72017020,3.30219400,3.30311000,0.79765500,5.00758000,5.01160000,0.00427350, 3, 255, 7, 24,0x50000,No,No,No,No,No,Yes,No,Yes
2026-04-13 20:25:51,5.0,2400,910,,910,960,44,,200,,,648,,72.5,0.8679,0.6000,0.6000,1.1000,0.00000000,0.08685777,0.13272650,0.02927790,0.00000000,0.38061270,0.49382060,1.71456000,0.00012210,0.00042735,0.00543345,0.01135530,3.56707800,3.31374500,1.79096300,1.10988900,0.60842430,1.09853400,0.79999920,0.86925430,3.29944700,3.30402600,0.79648270,4.88832000,4.88832000,0.00427350, 3, 255, 7, 24,0x50000,No,No,No,No,No,Yes,No,Yes
2026-04-13 20:25:53,0.3,2400,910,,910,960,44,,200,,,648,,71.9,0.8679,0.6000,0.6000,1.1000,0.00000000,0.08588185,0.13467840,0.03318162,0.00000000,0.38451640,0.49674840,1.70563000,0.00006105,0.00030525,0.00543345,0.01172160,3.61162000,3.31467300,1.79828900,1.10659200,0.60402870,1.09926600,0.79999920,0.86925430,3.29853100,3.30127900,0.79677580,4.97810000,4.97810000,0.00427350, 3, 255, 7, 24,0x50000,No,No,No,No,No,Yes,No,Yes
2026-04-13 20:25:55,0.2,2400,910,,910,960,44,,200,,,648,,71.4,0.8679,0.6000,0.6000,1.1000,0.00000000,0.09466522,0.12687090,0.03415755,0.00000000,0.37378120,0.49284470,1.14304000,0.00006105,0.00042735,0.00525030,0.01172160,3.62461200,3.30910500,1.79926600,1.10952300,0.60402870,1.09853400,0.79999920,0.71990160,3.29944700,3.30219400,0.79648270,5.03170000,4.99954000,0.00427350, 3, 255, 7, 24,0x50000,No,No,No,No,No,Yes,No,Yes
2026-04-13 20:25:57,27.2,2400,910,,910,960,43,,200,,,648,,73.0,0.8679,0.6000,0.6000,1.1000,0.00000000,0.09271335,0.13272650,0.03122976,0.00000000,0.37182930,0.49674840,1.73242000,0.00018315,0.00042735,0.00561660,0.01159950,3.58471000,3.30539300,1.78754400,1.10842400,0.60256350,1.09853400,0.79890030,0.86925430,3.29944700,3.30219400,0.79677580,5.00088000,4.97274000,0.00427350, 3, 255, 7, 24,0x50000,No,No,No,No,No,Yes,No,Yes
2026-04-13 20:25:59,0.3,2400,910,,910,960,44,,200,,,648,,73.6,0.8679,0.6000,0.6000,1.1000,0.00000000,0.09271335,0.13565430,0.03025383,0.00000000,0.37280530,0.49577240,1.71456000,0.00006105,0.00042735,0.00531135,0.01159950,3.60048500,3.31560100,1.79828900,1.10952300,0.60439500,1.09853400,0.79816780,0.86952300,3.29944700,3.30311000,0.79677580,5.00624000,5.00088000,0.00427350, 3, 255, 7, 24,0x50000,No,No,No,No,No,Yes,No,Yes
2026-04-13 20:26:01,0.3,2400,910,,910,960,44,,200,,,648,,71.9,0.8679,0.6000,0.6000,1.1000,0.00000000,0.09271335,0.13467840,0.03025383,0.00000000,0.37085340,0.48894090,1.73242000,0.00012210,0.00042735,0.00482295,0.01135530,3.61069200,3.31281700,1.78852100,1.10366200,0.61062210,1.09853400,0.79926660,0.86925430,3.30036300,3.30219400,0.79765500,4.97274000,5.00088000,0.00427350, 3, 255, 7, 24,0x50000,No,No,No,No,No,Yes,No,Yes
2026-04-13 20:26:03,0.3,2400,910,,910,960,44,,200,,,648,,72.5,0.8679,0.6000,0.6000,1.1000,0.00000000,0.08490592,0.13565430,0.13370240,0.00000000,0.37085340,0.49382060,2.83081000,0.00018315,0.00036630,0.00531135,0.01135530,3.60512400,3.31281700,1.80610300,1.10512700,0.60659280,1.09890000,0.79926660,0.86898570,3.29944700,3.30311000,0.79706880,4.97810000,4.99418000,0.00341880, 3, 255, 7, 24,0x50000,No,No,No,No,No,Yes,No,Yes
2026-04-13 20:26:06,1.5,2400,910,,910,960,44,,200,,,648,,73.0,0.8679,0.6000,0.6000,1.1000,0.00000000,0.09368929,0.13370240,0.03025383,0.00000000,0.37085340,0.49089280,1.73242000,0.00012210,0.00036630,0.00561660,0.01111110,3.60048500,3.31374500,1.80610300,1.10439400,0.60292980,1.09853400,0.79890030,0.87032880,3.30036300,3.30311000,0.79794790,4.99954000,5.00624000,0.00427350, 3, 255, 7, 24,0x50000,No,No,No,No,No,Yes,No,Yes
2026-04-13 20:26:08,1.3,1500,500,,500,500,44,,200,,,648,,73.0,0.7200,0.6000,0.6000,1.1000,0.00000000,0.09173742,0.12784680,0.02927790,0.00000000,0.37182930,0.49382060,1.13411000,0.00024420,0.00042735,0.00543345,0.01172160,3.61718800,3.31467300,1.79096300,1.10952300,0.60292980,1.09890000,0.79926660,0.71990160,3.30036300,3.30311000,0.79765500,4.99552000,4.99552000,0.00427350, 3, 255, 7, 24,0x50000,No,No,No,No,No,Yes,No,Yes
2026-04-13 20:26:10,0.0,1500,500,,500,500,44,,200,,,648,,71.9,0.7200,0.6000,0.6000,1.1000,0.00000000,0.09076149,0.12979870,0.03122976,0.00000000,0.37182930,0.49284470,1.10732000,0.00006105,0.00030525,0.00525030,0.01172160,3.61811600,3.31467300,1.79828900,1.10586000,0.60366240,1.09853400,0.79853400,0.71990160,3.30036300,3.30402600,0.79706880,5.01160000,5.01160000,0.00427350, 3, 255, 7, 24,0x50000,No,No,No,No,No,Yes,No,Yes
2026-04-13 20:26:12,1.3,1500,500,,636,653,44,,200,,,648,,73.0,0.7854,0.6000,0.6000,1.1000,0.00000000,0.09271335,0.12979870,0.03122976,0.00000000,0.37085340,0.49577240,1.41094000,0.00006105,0.00030525,0.00531135,0.01147740,3.60976400,3.31003300,1.81684800,1.10549400,0.59999940,1.10036500,0.79963290,0.79914450,3.29853100,3.30311000,0.79677580,4.92852000,5.00490000,0.00427350, 3, 255, 7, 24,0x50000,No,No,No,No,No,Yes,No,Yes
2026-04-13 20:26:14,0.3,1500,500,,500,500,44,,200,,,648,,71.9,0.7200,0.6000,0.6000,1.1000,0.00000000,0.09076149,0.12882280,0.03122976,0.00000000,0.37085340,0.49479650,1.10732000,0.00006105,0.00030525,0.00586080,0.01147740,3.61533200,3.31560100,1.79828900,1.10439400,0.60219720,1.09926600,0.79853400,0.71990160,3.30036300,3.30219400,0.79677580,5.00088000,5.01428000,0.00427350, 3, 255, 7, 24,0x50000,No,No,No,No,No,Yes,No,Yes
2026-04-13 20:26:16,0.7,1500,500,,500,500,44,,200,,,648,,71.4,0.7200,0.6000,0.6000,1.1000,0.00000000,0.09173742,0.12882280,0.03220569,0.00000000,0.37085340,0.49089280,1.12518000,0.00006105,0.00018315,0.00537240,0.01111110,3.63296300,3.31467300,1.78852100,1.10952300,0.60366240,1.09706800,0.79999920,0.71990160,3.30036300,3.30311000,0.79677580,5.02768000,5.01160000,0.00427350, 3, 255, 7, 24,0x50000,No,No,No,No,No,Yes,No,Yes
2026-04-13 20:26:18,1.5,1500,500,,500,960,44,,200,,,648,,71.4,0.8679,0.6000,0.6000,1.1000,0.00000000,0.08978556,0.13565430,0.03025383,0.00000000,0.37085340,0.49186870,1.67884000,0.00006105,0.00036630,0.00518925,0.01123320,3.59770100,3.31467300,1.79926600,1.10586000,0.60659280,1.09999900,0.79926660,0.86979160,3.29853100,3.30311000,0.79765500,4.97944000,4.96872000,0.00427350, 3, 255, 7, 24,0x50000,No,No,No,No,No,Yes,No,Yes
2026-04-13 20:26:20,0.3,2400,910,,910,960,44,,200,,,648,,72.5,0.8679,0.6000,0.6000,1.1000,0.00000000,0.09076149,0.13565430,0.03220569,0.00000000,0.38256460,0.49089280,1.69670000,0.00006105,0.00042735,0.00518925,0.01135530,3.60698000,3.31188900,1.80610300,1.10549400,0.60219720,1.09706800,0.79816780,0.86979160,3.30036300,3.30219400,0.79677580,4.99284000,4.97408000,0.00341880, 3, 255, 7, 24,0x50000,No,No,No,No,No,Yes,No,Yes
2026-04-13 20:26:23,0.0,2400,910,,910,960,44,,200,,,648,,71.4,0.8679,0.6000,0.6000,1.1000,0.00000000,0.06343545,0.13272650,0.02830197,0.00000000,0.23227130,0.33962360,1.66991000,0.00006105,0.00018315,0.00476190,0.01123320,3.62925200,3.30817700,1.81684800,1.10695900,0.60769170,1.10366200,0.80292960,0.86898570,3.29944700,3.30127900,0.79706880,5.04644000,5.01428000,0.00427350, 3, 255, 7, 24,0x50000,No,No,No,No,No,Yes,No,Yes
2026-04-13 20:26:25,1.5,2400,910,,910,960,44,,200,,,648,,71.9,0.8679,0.6000,0.6000,1.1000,0.00000000,0.06050766,0.13467840,0.02830197,0.00000000,0.21177680,0.33767180,1.68777000,0.00000000,0.00018315,0.00543345,0.01062270,3.62090000,3.31281700,1.79389300,1.10695900,0.60915690,1.10219700,0.80183080,0.86898570,3.30036300,3.30127900,0.79765500,5.02499900,5.01696000,0.00427350, 3, 255, 7, 24,0x50000,No,No,No,No,No,Yes,No,Yes
2026-04-13 20:26:27,4.0,2400,910,,910,960,44,,200,,,648,,70.8,0.8679,0.6000,0.6000,1.1000,0.00000000,0.06733918,0.13077460,0.03122976,0.00000000,0.21275270,0.33767180,1.68777000,0.00012210,0.00036630,0.00555555,0.01123320,3.62368400,3.30817700,1.80610300,1.10695900,0.60732540,1.10146400,0.80183080,0.87032880,3.30402600,3.30402600,0.79648270,5.03840000,5.02098000,0.00427350, 3, 255, 7, 24,0x50000,No,No,No,No,No,Yes,No,Yes
2026-04-13 20:26:29,1.0,1600,545,,545,551,43,,200,,,648,,71.9,0.7579,0.6000,0.6000,1.1000,0.00000000,0.05855580,0.12979870,0.02830197,0.00000000,0.21177680,0.33767180,1.09839000,0.00006105,0.00042735,0.00482295,0.01123320,3.64038700,3.31281700,1.78852100,1.10695900,0.60622650,1.10073200,0.79963290,0.71990160,3.29944700,3.30402600,0.79765500,5.07458000,5.04242000,0.00427350, 3, 255, 7, 24,0x50000,No,No,No,No,No,Yes,No,Yes
2026-04-13 20:26:31,21.7,2400,910,,910,960,44,,200,,,648,,71.9,0.8679,0.6000,0.6000,1.1000,0.00000000,0.09173742,0.13272650,0.03220569,0.00000000,0.37085340,0.49284470,1.72349000,0.00018315,0.00042735,0.00561660,0.01184370,3.57635800,3.31188900,1.79096300,1.10586000,0.60732540,1.09816700,0.79816780,0.86952300,3.29944700,3.30494200,0.79677580,4.99552000,4.97274000,0.00427350, 3, 255, 7, 24,0x50000,No,No,No,No,No,Yes,No,Yes
2026-04-13 20:26:33,0.3,2400,910,,910,960,44,,200,,,648,,73.0,0.8679,0.6000,0.6000,1.1000,0.00000000,0.09271335,0.13663020,0.03025383,0.00000000,0.37378120,0.49382060,1.71456000,0.00006105,0.00042735,0.00531135,0.01172160,3.60048500,3.31467300,1.80659200,1.10769100,0.60549390,1.09853400,0.79816780,0.86925430,3.30219400,3.30219400,0.79765500,4.99820000,4.97676000,0.00427350, 3, 255, 7, 24,0x50000,No,No,No,No,No,Yes,No,Yes
2026-04-13 20:26:35,0.3,1500,500,,500,500,44,,200,,,648,,71.4,0.7200,0.6000,0.6000,1.1000,0.00000000,0.09271335,0.12491900,0.03025383,0.00000000,0.37280530,0.49577240,1.16090000,0.00000000,0.00030525,0.00598290,0.01135530,3.60883600,3.31467300,1.79926600,1.10842400,0.60476130,1.09999900,0.79816780,0.71990160,3.29944700,3.30402600,0.79765500,5.02634000,5.00490000,0.00341880, 3, 255, 7, 24,0x50000,No,No,No,No,No,Yes,No,Yes
2026-04-13 20:26:38,0.5,1500,500,,500,500,44,,200,,,648,,72.5,0.7200,0.6000,0.6000,1.1000,0.00000000,0.09271335,0.13175060,0.03122976,0.00000000,0.36890160,0.49577240,1.11625000,0.00006105,0.00030525,0.00531135,0.01196580,3.61069200,3.31003300,1.79926600,1.10256300,0.60402870,1.09853400,0.79816780,0.72017020,3.29944700,3.30311000,0.79677580,5.00490000,5.02098000,0.00341880, 3, 255, 7, 24,0x50000,No,No,No,No,No,Yes,No,Yes
2026-04-13 20:26:40,1.8,2400,910,,910,960,44,,200,,,648,,73.0,0.8679,0.6000,0.6000,1.1000,0.00000000,0.09076149,0.13565430,0.02830197,0.00000000,0.37182930,0.49089280,1.71456000,0.00012210,0.00036630,0.00531135,0.01172160,3.60790800,3.31374500,1.80610300,1.10512700,0.60622650,1.09853400,0.79816780,0.87032880,3.29944700,3.30402600,0.79677580,5.00088000,4.97408000,0.00427350, 3, 255, 7, 24,0x50000,No,No,No,No,No,Yes,No,Yes
2026-04-13 20:26:42,0.0,2400,910,,910,960,44,,200,,,648,,71.9,0.8679,0.6000,0.6000,1.1000,0.00000000,0.08588185,0.13370240,0.03415755,0.00000000,0.37085340,0.49284470,1.69670000,0.00018315,0.00036630,0.00531135,0.01135530,3.60790800,3.30632200,1.80610300,1.10476100,0.60439500,1.09816700,0.79816780,0.86952300,3.29944700,3.30311000,0.79677580,5.01428000,4.99820000,0.00427350, 3, 255, 7, 24,0x50000,No,No,No,No,No,Yes,No,Yes
2026-04-13 20:26:44,0.3,1500,500,,500,500,44,,200,,,648,,70.8,0.7200,0.6000,0.6000,1.1000,0.00000000,0.09173742,0.12784680,0.03025383,0.00000000,0.37182930,0.49186870,1.11625000,0.00006105,0.00042735,0.00506715,0.01172160,3.62182800,3.31003300,1.80024200,1.10842400,0.60292980,1.09853400,0.79999920,0.71990160,3.29944700,3.30219400,0.79677580,5.03170000,5.00624000,0.00427350, 3, 255, 7, 24,0x50000,No,No,No,No,No,Yes,No,Yes
2026-04-13 20:26:46,24.3,2400,910,,910,960,44,,200,,,648,,71.9,0.8679,0.6000,0.6000,1.1000,0.00000000,0.09173742,0.13760610,0.03025383,0.00000000,0.38158860,0.49772430,1.70563000,0.00018315,0.00042735,0.00537240,0.01159950,3.60141300,3.31003300,1.79096300,1.10549400,0.59999940,1.09926600,0.79816780,0.86952300,3.29944700,3.30219400,0.79765500,5.00088000,4.97274000,0.00427350, 3, 255, 7, 24,0x50000,No,No,No,No,No,Yes,No,Yes
2026-04-13 20:26:48,0.3,2400,910,,910,960,44,,200,,,648,,71.9,0.8679,0.6000,0.6000,1.1000,0.00000000,0.09173742,0.13467840,0.02732604,0.00000000,0.38256460,0.49577240,1.74135000,0.00000000,0.00042735,0.00561660,0.01147740,3.60141300,3.31281700,1.79096300,1.10842400,0.60366240,1.09853400,0.79890030,0.86952300,3.30036300,3.30311000,0.79824100,5.01160000,4.99016000,0.00427350, 3, 255, 7, 24,0x50000,No,No,No,No,No,Yes,No,Yes
2026-04-13 20:26:50,0.3,1500,500,,500,500,44,,200,,,648,,71.9,0.7200,0.6000,0.6000,1.1000,0.00000000,0.08978556,0.12784680,0.03122976,0.00000000,0.37182930,0.49479650,1.12518000,0.00006105,0.00030525,0.00598290,0.01159950,3.62182800,3.30910500,1.80024200,1.10512700,0.60769170,1.09963300,0.79853400,0.72017020,3.30036300,3.30402600,0.79765500,5.02768000,5.01160000,0.00427350, 3, 255, 7, 24,0x50000,No,No,No,No,No,Yes,No,Yes
2026-04-13 20:26:52,0.7,1500,500,,500,500,44,,200,,,648,,71.4,0.7200,0.6000,0.6000,1.1000,0.00000000,0.09076149,0.12784680,0.03220569,0.00000000,0.36987750,0.49186870,1.12518000,0.00006105,0.00042735,0.00531135,0.01135530,3.61254800,3.31003300,1.80024200,1.11355200,0.60036570,1.09853400,0.79926660,0.71990160,3.30036300,3.30311000,0.79765500,5.01160000,5.04376000,0.00341880, 3, 255, 7, 24,0x50000,No,No,No,No,No,Yes,No,Yes
2026-04-13 20:26:55,0.2,1500,500,,500,500,44,,200,,,648,,69.7,0.7200,0.6000,0.6000,1.1000,0.00000000,0.09076149,0.12882280,0.03806127,0.00000000,0.37085340,0.49674840,1.10732000,0.00006105,0.00018315,0.00537240,0.01135530,3.62368400,3.31003300,1.80024200,1.10952300,0.60439500,1.10036500,0.79670250,0.71936430,3.30036300,3.30219400,0.79765500,4.99418000,5.00490000,0.00427350, 3, 255, 7, 24,0x50000,No,No,No,No,No,Yes,No,Yes
2026-04-13 20:26:57,0.5,1500,500,,500,500,44,,200,,,648,,71.9,0.7200,0.6000,0.6000,1.1000,0.00000000,0.08880963,0.12784680,0.02830197,0.00000000,0.37182930,0.49772430,1.09839000,0.00024420,0.00030525,0.00537240,0.01123320,3.61254800,3.32952100,1.79828900,1.10842400,0.60439500,1.09853400,0.79890030,0.72017020,3.30036300,3.30219400,0.79824100,5.00758000,5.01562000,0.00427350, 3, 255, 7, 24,0x50000,No,No,No,No,No,Yes,No,Yes
2026-04-13 20:26:59,0.8,2400,910,,910,960,44,,200,,,648,,73.0,0.8679,0.6000,0.6000,1.1000,0.00000000,0.09076149,0.13565430,0.03122976,0.00000000,0.37085340,0.49284470,1.72349000,0.00006105,0.00030525,0.00549450,0.01172160,3.60605200,3.31281700,1.81684800,1.10366200,0.60439500,1.09999900,0.79816780,0.86898570,3.29944700,3.30402600,0.79677580,5.01026000,4.93656000,0.00341880, 3, 255, 7, 24,0x50000,No,No,No,No,No,Yes,No,Yes
2026-04-13 20:27:01,0.2,2400,910,,910,960,44,,200,,,648,,70.8,0.8679,0.6000,0.6000,1.1000,0.00000000,0.08880963,0.13467840,0.03122976,0.00000000,0.37182930,0.48991690,1.71456000,0.00012210,0.00036630,0.00555555,0.01147740,3.60883600,3.32580900,1.80610300,1.10146400,0.60219720,1.09853400,0.79816780,0.87032880,3.30127900,3.30311000,0.79706880,4.99954000,4.99016000,0.00427350, 3, 255, 7, 24,0x50000,No,No,No,No,No,Yes,No,Yes
2026-04-13 20:27:03,0.5,1500,500,,500,500,44,,200,,,648,,71.4,0.8679,0.6000,0.6000,1.1000,0.00000000,0.09368929,0.13467840,0.03220569,0.00000000,0.37085340,0.49284470,1.70563000,0.00000000,0.00042735,0.00506715,0.01172160,3.58563700,3.31003300,1.79096300,1.10952300,0.60366240,1.09853400,0.79853400,0.86925430,3.29853100,3.30402600,0.79794790,4.97542000,5.00222000,0.00427350, 3, 255, 7, 24,0x50000,No,No,No,No,No,Yes,No,Yes
2026-04-13 20:27:05,26.1,2400,910,,910,960,44,,200,,,648,,73.6,0.8679,0.6000,0.6000,1.1000,0.00000000,0.09856894,0.13467840,0.03025383,0.00000000,0.36987750,0.49186870,1.72349000,0.00012210,0.00042735,0.00531135,0.01159950,3.60790800,3.30075400,1.81684800,1.10366200,0.60329610,1.09890000,0.79890030,0.86925430,3.29944700,3.30402600,0.79677580,4.99954000,5.00892000,0.00427350, 3, 255, 7, 24,0x50000,No,No,No,No,No,Yes,No,Yes
2026-04-13 20:27:07,0.3,2400,910,,910,960,44,,200,,,648,,72.5,0.8679,0.6000,0.6000,1.1000,0.00000000,0.09759300,0.13467840,0.02927790,0.00000000,0.37182930,0.49479650,1.72349000,0.00012210,0.00036630,0.00561660,0.01135530,3.60512400,3.31096100,1.80610300,1.11391800,0.60109830,1.09926600,0.79816780,0.87059740,3.29944700,3.30311000,0.79677580,4.93522000,4.99016000,0.00341880, 3, 255, 7, 24,0x50000,No,No,No,No,No,Yes,No,Yes
2026-04-13 20:27:10,0.5,1500,500,,500,500,44,,200,,,648,,72.5,0.7200,0.6000,0.6000,1.1000,0.00000000,0.08490592,0.12882280,0.03415755,0.00196080,0.37182930,0.48894090,1.11625000,0.00000000,0.00030525,0.00555555,0.01159950,3.63018000,3.31003300,1.80024200,1.10915600,0.60109830,1.09853400,0.79853400,0.71990160,3.29944700,3.30402600,0.79677580,4.99954000,4.95264000,0.00427350, 3, 255, 7, 24,0x50000,No,No,No,No,No,Yes,No,Yes
2026-04-13 20:27:12,1.0,2400,910,,910,960,44,,200,,,648,,71.9,0.8679,0.6000,0.6000,1.1000,0.00000000,0.09759300,0.13565430,0.03220569,0.00000000,0.36987750,0.49577240,1.70563000,0.00024420,0.00042735,0.00555555,0.01159950,3.60605200,3.31281700,1.79096300,1.11098800,0.60183090,1.09816700,0.79853400,0.86925430,3.30036300,3.30311000,0.79765500,4.98614000,4.97408000,0.00427350, 3, 255, 7, 24,0x50000,No,No,No,No,No,Yes,No,Yes
2026-04-13 20:27:14,0.3,2400,910,,910,960,44,,200,,,648,,73.0,0.8679,0.6000,0.6000,1.1000,0.00000000,0.09466522,0.13565430,0.02732604,0.00000000,0.37182930,0.49674840,1.71456000,0.00018315,0.00042735,0.00555555,0.01135530,3.61162000,3.31281700,1.80610300,1.10586000,0.60366240,1.09926600,0.79926660,0.87006020,3.30127900,3.30311000,0.79765500,4.99016000,4.97274000,0.00341880, 3, 255, 7, 24,0x50000,No,No,No,No,No,Yes,No,Yes
2026-04-13 20:27:16,0.3,1500,500,,500,500,44,,200,,,648,,72.5,0.7200,0.6000,0.6000,1.1000,0.00000000,0.09466522,0.12882280,0.03318162,0.00000000,0.36987750,0.49186870,1.14304000,0.00006105,0.00042735,0.00543345,0.01172160,3.62832400,3.31374500,1.79487000,1.10842400,0.60146460,1.09816700,0.79926660,0.71936430,3.30036300,3.30219400,0.79765500,5.01696000,4.99820000,0.00427350, 3, 255, 7, 24,0x50000,No,No,No,No,No,Yes,No,Yes
2026-04-13 20:27:18,2.0,2400,910,,910,960,44,,200,,,648,,73.0,0.8679,0.6000,0.6000,1.1000,0.00000000,0.08978556,0.13565430,0.12394310,0.00000000,0.37085340,0.49577240,1.71456000,0.00006105,0.00042735,0.00573870,0.01147740,3.60419700,3.31560100,1.79828900,1.10732500,0.60512760,1.09853400,0.79926660,0.86952300,3.30219400,3.30311000,0.79736190,4.99284000,4.99418000,0.00427350, 3, 255, 7, 24,0x50000,No,No,No,No,No,Yes,No,Yes
2026-04-13 20:27:20,0.2,2400,910,,910,960,44,,200,,,648,,73.0,0.8679,0.6000,0.6000,1.1000,0.00000000,0.09076149,0.13565430,0.03025383,0.00000000,0.36987750,0.49186870,1.72349000,0.00006105,0.00030525,0.00506715,0.01135530,3.60790800,3.31560100,1.80610300,1.10915600,0.60366240,1.09816700,0.79853400,0.87006020,3.30036300,3.30219400,0.79706880,4.99418000,4.97140000,0.00427350, 3, 255, 7, 24,0x50000,No,No,No,No,No,Yes,No,Yes
2026-04-13 20:27:22,5.3,2400,910,,910,960,43,,200,,,648,,73.0,0.8679,0.6000,0.6000,1.1000,0.00000000,0.09661707,0.13370240,0.02927790,0.00000000,0.36987750,0.57287090,1.72349000,0.00018315,0.00042735,0.00531135,0.01172160,3.60698000,3.32580900,1.80610300,1.10622600,0.60402870,1.09890000,0.79890030,0.86952300,3.29944700,3.30311000,0.79677580,5.01562000,4.99820000,0.00427350, 3, 255, 7, 24,0x50000,No,No,No,No,No,Yes,No,Yes
2026-04-13 20:27:25,2.3,2400,910,,910,960,44,,200,,,648,,73.0,0.8679,0.6000,0.6000,1.1000,0.00000000,0.10149670,0.13565430,0.03220569,0.00000000,0.37182930,0.49479650,1.72349000,0.00000000,0.00042735,0.00506715,0.01159950,3.60234100,3.30910500,1.79096300,1.11245300,0.60329610,1.09926600,0.79853400,0.86925430,3.30036300,3.30219400,0.79706880,4.97274000,4.99284000,0.00427350, 3, 255, 7, 24,0x50000,No,No,No,No,No,Yes,No,Yes
2026-04-13 20:27:27,0.7,2400,910,,910,960,44,,200,,,648,,73.6,0.8679,0.6000,0.6000,1.1000,0.00000000,0.09759300,0.13272650,0.02927790,0.00000000,0.37182930,0.49382060,1.73242000,0.00000000,0.00042735,0.00531135,0.01172160,3.60419700,3.31003300,1.79096300,1.10586000,0.60329610,1.09853400,0.79853400,0.86925430,3.30036300,3.30219400,0.79824100,4.98480000,4.97944000,0.00427350, 3, 255, 7, 24,0x50000,No,No,No,No,No,Yes,No,Yes
2026-04-13 20:27:29,2.2,2400,910,,910,960,44,,200,,,648,,71.9,0.8679,0.6000,0.6000,1.1000,0.00000000,0.10637640,0.13467840,0.03220569,0.00000000,0.37085340,0.48991690,1.71456000,0.00012210,0.00042735,0.00561660,0.01172160,3.60326800,3.31467300,1.78852100,1.10586000,0.60366240,1.09816700,0.79926660,0.86979160,3.29853100,3.30219400,0.79677580,4.97274000,5.00088000,0.00427350, 3, 255, 7, 24,0x50000,No,No,No,No,No,Yes,No,Yes
2026-04-13 20:27:31,21.8,2400,910,,910,960,44,,200,,,648,,72.5,0.8679,0.6000,0.6000,1.1000,0.00000000,0.08978556,0.13175060,0.03025383,0.00000000,0.37182930,0.49772430,1.75921000,0.00000000,0.00042735,0.00543345,0.01147740,3.60698000,3.30817700,1.79096300,1.10842400,0.60476130,1.09816700,0.79890030,0.86979160,3.30036300,3.30311000,0.79765500,4.98480000,4.97274000,0.00341880, 3, 255, 7, 24,0x50000,No,No,No,No,No,Yes,No,Yes
2026-04-13 20:27:33,0.2,2400,910,,910,960,44,,200,,,648,,72.5,0.8679,0.6000,0.6000,1.1000,0.06245952,0.09173742,0.13272650,0.03318162,0.00000000,0.38256460,0.49479650,1.72349000,0.00006105,0.00036630,0.00518925,0.01135530,3.58656500,3.31560100,1.79926600,1.10769100,0.60329610,1.09853400,0.79926660,0.86952300,3.29944700,3.30219400,0.79736190,4.97140000,4.95264000,0.00341880, 3, 255, 7, 24,0x50000,No,No,No,No,No,Yes,No,Yes
2026-04-13 20:27:35,1.3,1500,500,,500,500,44,,200,,,648,,71.9,0.7200,0.6000,0.6000,1.1000,0.04586871,0.08978556,0.12882280,0.03220569,0.00000000,0.37085340,0.49186870,1.14304000,0.00006105,0.00030525,0.00506715,0.01135530,3.61533200,3.31560100,1.79828900,1.11355200,0.60402870,1.09853400,0.79853400,0.71990160,3.29944700,3.30402600,0.79677580,5.01696000,4.99552000,0.00427350, 3, 255, 7, 24,0x50000,No,No,No,No,No,Yes,No,Yes
2026-04-13 20:27:37,24.9,2400,910,,910,960,44,,200,,,648,,74.1,0.8679,0.6000,0.6000,1.1000,0.05953173,0.09271335,0.13663020,0.13370240,0.00000000,0.37085340,0.51529100,2.83081000,0.00006105,0.00042735,0.00598290,0.01172160,3.59862900,3.29704200,1.82124300,1.10549400,0.60476130,1.09890000,0.79926660,0.86898570,3.30036300,3.30219400,0.79677580,4.90842000,4.93522000,0.00341880, 3, 255, 7, 24,0x50000,No,No,No,No,No,Yes,No,Yes
2026-04-13 20:27:39,0.3,2400,910,,910,960,44,,200,,,648,,73.6,0.8679,0.6000,0.6000,1.1000,0.00000000,0.08490592,0.13565430,0.03025383,0.00000000,0.37085340,0.49382060,1.72349000,0.00012210,0.00042735,0.00586080,0.01184370,3.57821400,3.31560100,1.78852100,1.10769100,0.60549390,1.09853400,0.79853400,0.86952300,3.30036300,3.30402600,0.79706880,4.97408000,4.99418000,0.00427350, 3, 255, 7, 24,0x50000,No,No,No,No,No,Yes,No,Yes
2026-04-13 20:27:42,2.2,2400,910,,910,960,44,,200,,,648,,72.5,0.8679,0.6000,0.6000,1.1000,0.00000000,0.09076149,0.13565430,0.03220569,0.00000000,0.37182930,0.49382060,1.72349000,0.00000000,0.00048840,0.00506715,0.01135530,3.60141300,3.31188900,1.80024200,1.10622600,0.60109830,1.09926600,0.79890030,0.87032880,3.30036300,3.30311000,0.79677580,4.97810000,4.98882000,0.00427350, 3, 255, 7, 24,0x50000,No,No,No,No,No,Yes,No,Yes
2026-04-13 20:27:44,0.2,2400,910,,910,960,44,,200,,,648,,73.0,0.8679,0.6000,0.6000,1.1000,0.00000000,0.09271335,0.13272650,0.03122976,0.00000000,0.36987750,0.49089280,1.74135000,0.00006105,0.00018315,0.00561660,0.01172160,3.59955700,3.30632200,1.81684800,1.11355200,0.60366240,1.09926600,0.79816780,0.87006020,3.29944700,3.30402600,0.79677580,4.99954000,5.01428000,0.00341880, 3, 255, 7, 24,0x50000,No,No,No,No,No,Yes,No,Yes
2026-04-13 20:27:46,24.5,2400,910,,910,960,44,,200,,,648,,73.6,0.8679,0.6000,0.6000,1.1000,0.00000000,0.09466522,0.13272650,0.03318162,0.00000000,0.37182930,0.49382060,1.75028000,0.00006105,0.00018315,0.00537240,0.01135530,3.61440400,3.31560100,1.81733600,1.10659200,0.60842430,1.09816700,0.79926660,0.86952300,3.29944700,3.30311000,0.79765500,4.98346000,4.97274000,0.00427350, 3, 255, 7, 24,0x50000,No,No,No,No,No,Yes,No,Yes
2026-04-13 20:27:48,0.5,1500,500,,500,500,44,,200,,,648,,71.9,0.7200,0.6000,0.6000,1.1000,0.00000000,0.09564114,0.12882280,0.03220569,0.00000000,0.37768490,0.49186870,1.14304000,0.00006105,0.00030525,0.00506715,0.01159950,3.61440400,3.31003300,1.80024200,1.10549400,0.60476130,1.09816700,0.79890030,0.71990160,3.29853100,3.30311000,0.79677580,4.99418000,5.01696000,0.00427350, 3, 255, 7, 24,0x50000,No,No,No,No,No,Yes,No,Yes
2026-04-13 20:27:50,0.3,1500,500,,500,500,44,,200,,,648,,71.9,0.7200,0.6000,0.6000,1.1000,0.00000000,0.09173742,0.12687090,0.02927790,0.00000000,0.36987750,0.49089280,1.16090000,0.00006105,0.00054945,0.00506715,0.01159950,3.61997200,3.31281700,1.79828900,1.10915600,0.60329610,1.09743500,0.79926660,0.71990160,3.29944700,3.30219400,0.79765500,5.02902000,5.01696000,0.00341880, 3, 255, 7, 24,0x50000,No,No,No,No,No,Yes,No,Yes
2026-04-13 20:27:52,0.3,1500,500,,500,500,44,,200,,,648,,70.8,0.7200,0.6000,0.6000,1.1000,0.00000000,0.09271335,0.12784680,0.03610941,0.00000000,0.37475720,0.49577240,1.12518000,0.00006105,0.00048840,0.00537240,0.01172160,3.61533200,3.30632200,1.78852100,1.10366200,0.60622650,1.09890000,0.79816780,0.72017020,3.30036300,3.30311000,0.79677580,5.02634000,5.01026000,0.00341880, 3, 255, 7, 24,0x50000,No,No,No,No,No,Yes,No,Yes
2026-04-13 20:27:54,2.3,2400,910,,910,960,44,,200,,,648,,72.5,0.8679,0.6000,0.6000,1.1000,0.00000000,0.08880963,0.13370240,0.03025383,0.00000000,0.37280530,0.48991690,1.72349000,0.00000000,0.00030525,0.00525030,0.01184370,3.56058200,3.31281700,1.79828900,1.10769100,0.60183090,1.09743500,0.79999920,0.87032880,3.30036300,3.30219400,0.79677580,4.85616000,4.90038000,0.00427350, 3, 255, 7, 24,0x50000,No,No,No,No,No,Yes,No,Yes
2026-04-13 20:27:57,8.8,2400,910,,910,960,44,,200,,,648,,73.0,0.8679,0.6000,0.6000,1.1000,0.00000000,0.09466522,0.13370240,0.03122976,0.00000000,0.37085340,0.49577240,1.73242000,0.00000000,0.00042735,0.00543345,0.01159950,3.61718800,3.30910500,1.80659200,1.10879000,0.60622650,1.09816700,0.79926660,0.86925430,3.30036300,3.30219400,0.79765500,5.00624000,4.97542000,0.00427350, 3, 255, 7, 24,0x50000,No,No,No,No,No,Yes,No,Yes
2026-04-13 20:27:59,0.2,1500,500,,500,500,44,,200,,,648,,73.0,0.7200,0.6000,0.6000,1.1000,0.00000000,0.08978556,0.12687090,0.02830197,0.00000000,0.37085340,0.49382060,1.14304000,0.00006105,0.00042735,0.00598290,0.01172160,3.61997200,3.31281700,1.80024200,1.10952300,0.60329610,1.10036500,0.79853400,0.71990160,3.29944700,3.30219400,0.79677580,5.02366000,5.00758000,0.00427350, 3, 255, 7, 24,0x50000,No,No,No,No,No,Yes,No,Yes
2026-04-13 20:28:01,0.5,1500,500,,500,500,44,,200,,,648,,70.8,0.7200,0.6000,0.6000,1.1000,0.00000000,0.09661707,0.12979870,0.02342232,0.00000000,0.37182930,0.49284470,1.13411000,0.00006105,0.00048840,0.00586080,0.01172160,3.62275600,3.31467300,1.79926600,1.10952300,0.60146460,1.09890000,0.79999920,0.71990160,3.29944700,3.30219400,0.79677580,5.03170000,5.03438000,0.00427350, 3, 255, 7, 24,0x50000,No,No,No,No,No,Yes,No,Yes
2026-04-13 20:28:03,0.3,1500,500,,500,500,44,,200,,,648,,73.0,0.8679,0.6000,0.6000,1.1000,0.00000000,0.09076149,0.13565430,0.03415755,0.00000000,0.38061270,0.49382060,1.68777000,0.00000000,0.00030525,0.00543345,0.01111110,3.58842100,3.31003300,1.80610300,1.11355200,0.60549390,1.09816700,0.79853400,0.86952300,3.30036300,3.30219400,0.79765500,5.01294000,4.98614000,0.00427350, 3, 255, 7, 24,0x50000,No,No,No,No,No,Yes,No,Yes
2026-04-13 20:28:05,0.2,2400,910,,910,960,44,,200,,,648,,73.0,0.8679,0.6000,0.6000,1.1000,0.00000000,0.08880963,0.13370240,0.03025383,0.00000000,0.39134800,0.49772430,1.71456000,0.00006105,0.00054945,0.00525030,0.01147740,3.60326800,3.31560100,1.79926600,1.10549400,0.61135470,1.09706800,0.80036550,0.86925430,3.29944700,3.30127900,0.79677580,4.98346000,5.00088000,0.00427350, 3, 255, 7, 24,0x50000,No,No,No,No,No,Yes,No,Yes
2026-04-13 20:28:07,0.3,2400,910,,910,960,44,,200,,,648,,73.0,0.8679,0.6000,0.6000,1.1000,0.00000000,0.09954486,0.13467840,0.02927790,0.00000000,0.38256460,0.49284470,1.72349000,0.00006105,0.00048840,0.00531135,0.01111110,3.61254800,3.31003300,1.80024200,1.10659200,0.60402870,1.09816700,0.79816780,0.86952300,3.30402600,3.30219400,0.79677580,5.01026000,4.99284000,0.00427350, 3, 255, 7, 24,0x50000,No,No,No,No,No,Yes,No,Yes
2026-04-13 20:28:09,0.2,1500,500,,500,500,44,,200,,,648,,72.5,0.7200,0.6000,0.6000,1.1000,0.00000000,0.09173742,0.12687090,0.03122976,0.00000000,0.37378120,0.49479650,1.13411000,0.00000000,0.00048840,0.00549450,0.01135530,3.61533200,3.31281700,1.79926600,1.11355200,0.60476130,1.09816700,0.79816780,0.72017020,3.29944700,3.30311000,0.79677580,5.03170000,5.01160000,0.00427350, 3, 255, 7, 24,0x50000,No,No,No,No,No,Yes,No,Yes
2026-04-13 20:28:11,0.3,1500,500,,500,500,44,,200,,,648,,71.4,0.7200,0.6000,0.6000,1.1000,0.00000000,0.05855580,0.12687090,0.02342232,0.00000000,0.21080090,0.33571990,1.08946000,0.00006105,0.00042735,0.00482295,0.01062270,3.63853100,3.30724900,1.79926600,1.10549400,0.60695910,1.10329600,0.80256330,0.71990160,3.29944700,3.30127900,0.79677580,5.05314000,5.05850000,0.00341880, 3, 255, 7, 24,0x50000,No,No,No,No,No,Yes,No,Yes
2026-04-13 20:28:14,0.0,1500,500,,500,500,44,,200,,,648,,70.3,0.7200,0.6000,0.6000,1.1000,0.00000000,0.06245952,0.12979870,0.02927790,0.00000000,0.22348800,0.33864770,1.08053000,0.00006105,0.00048840,0.00543345,0.01123320,3.64502700,3.30724900,1.79926600,1.10842400,0.60549390,1.10329600,0.80292960,0.72017020,3.30036300,3.30311000,0.79677580,5.06788000,5.05448000,0.00427350, 3, 255, 7, 24,0x50000,No,No,No,No,No,Yes,No,Yes
2026-04-13 20:28:16,2.7,2400,910,,910,960,44,,200,,,648,,71.9,0.8679,0.6000,0.6000,1.1000,0.00000000,0.06050766,0.13565430,0.03122976,0.00000000,0.21177680,0.33962360,1.68777000,0.00006105,0.00018315,0.00586080,0.01135530,3.61811600,3.31096100,1.78852100,1.10732500,0.60915690,1.10146400,0.79963290,0.86952300,3.29944700,3.30219400,0.79706880,5.02366000,5.03438000,0.00427350, 3, 255, 7, 24,0x50000,No,No,No,No,No,Yes,No,Yes
2026-04-13 20:28:18,4.0,2400,910,,910,960,44,,200,,,648,,71.9,0.8679,0.6000,0.6000,1.1000,0.00000000,0.12784680,0.16688400,0.03025383,0.00000000,0.37182930,0.48894090,1.70563000,0.00024420,0.00042735,0.00555555,0.01159950,3.60419700,3.32766400,1.79828900,1.10586000,0.60183090,1.09926600,0.79999920,0.86898570,3.29944700,3.30127900,0.79677580,4.96738000,5.00088000,0.00427350, 3, 255, 7, 24,0x50000,No,No,No,No,No,Yes,No,Yes
2026-04-13 20:28:20,0.2,1500,500,,500,500,44,,200,,,648,,71.9,0.7200,0.6000,0.6000,1.1000,0.00000000,0.08978556,0.12882280,0.03025383,0.00000000,0.37182930,0.49089280,1.10732000,0.00006105,0.00042735,0.00525030,0.01147740,3.61069200,3.31467300,1.78852100,1.11355200,0.60402870,1.09926600,0.79890030,0.71990160,3.29944700,3.30127900,0.79677580,4.99820000,5.01830000,0.00341880, 3, 255, 7, 24,0x50000,No,No,No,No,No,Yes,No,Yes
2026-04-13 20:28:22,0.5,1500,500,,500,500,44,,200,,,648,,72.5,0.7200,0.6000,0.6000,1.1000,0.00000000,0.09271335,0.12882280,0.03122976,0.00000000,0.37963680,0.49284470,1.11625000,0.00006105,0.00018315,0.00561660,0.01147740,3.61718800,3.31560100,1.81684800,1.10549400,0.60329610,1.09853400,0.79926660,0.71963300,3.30036300,3.30402600,0.79677580,5.01696000,5.02098000,0.00427350, 3, 255, 7, 24,0x50000,No,No,No,No,No,Yes,No,Yes
2026-04-13 20:28:24,25.9,2400,910,,910,960,44,,200,,,648,,72.5,0.8679,0.6000,0.6000,1.1000,0.00000000,0.12296720,0.13370240,0.03610941,0.00000000,0.37085340,0.50845950,1.74135000,0.00000000,0.00030525,0.00531135,0.01172160,3.59213300,3.30724900,1.80024200,1.10439400,0.60366240,1.09816700,0.79999920,0.86952300,3.30127900,3.30219400,0.79677580,4.96470000,4.92852000,0.00427350, 3, 255, 7, 24,0x50000,No,No,No,No,No,Yes,No,Yes
2026-04-13 20:28:26,0.0,2400,910,,910,960,44,,200,,,648,,73.0,0.8679,0.6000,0.6000,1.1000,0.00000000,0.09076149,0.13467840,0.03415755,0.00000000,0.37475720,0.49577240,2.79509000,0.00024420,0.00030525,0.00531135,0.01135530,3.60234100,3.31281700,1.80610300,1.10732500,0.60695910,1.09890000,0.79853400,0.86925430,3.30402600,3.30219400,0.79736190,4.99418000,4.97944000,0.00427350, 3, 255, 7, 24,0x50000,No,No,No,No,No,Yes,No,Yes
2026-04-13 20:28:29,0.3,1500,500,,500,500,44,,200,,,648,,71.4,0.7200,0.6000,0.6000,1.1000,0.00000000,0.09076149,0.12687090,0.02927790,0.00000000,0.36890160,0.49089280,1.12518000,0.00006105,0.00054945,0.00543345,0.01159950,3.61533200,3.30910500,1.80024200,1.11355200,0.60476130,1.09816700,0.79999920,0.72017020,3.30036300,3.30219400,0.79677580,5.00758000,5.01830000,0.00427350, 3, 255, 7, 24,0x50000,No,No,No,No,No,Yes,No,Yes
2026-04-13 20:28:31,0.8,2400,910,,910,960,44,,200,,,648,,70.8,0.8679,0.6000,0.6000,1.1000,0.00000000,0.08588185,0.13565430,0.03122976,0.00000000,0.38061270,0.49577240,1.71456000,0.00018315,0.00036630,0.00506715,0.01135530,3.60419700,3.31374500,1.79096300,1.10988900,0.60476130,1.09926600,0.79816780,0.86979160,3.29944700,3.30311000,0.79677580,4.99954000,4.98748000,0.00341880, 3, 255, 7, 24,0x50000,No,No,No,No,No,Yes,No,Yes
2026-04-13 20:28:33,0.2,2400,910,,910,960,44,,200,,,648,,72.5,0.8679,0.6000,0.6000,1.1000,0.00000000,0.09076149,0.13467840,0.03122976,0.00000000,0.38061270,0.49479650,1.75921000,0.00012210,0.00042735,0.00531135,0.01135530,3.60698000,3.31281700,1.80610300,1.10769100,0.60439500,1.09999900,0.79816780,0.86952300,3.29944700,3.30402600,0.79677580,4.99954000,4.98748000,0.00341880, 3, 255, 7, 24,0x50000,No,No,No,No,No,Yes,No,Yes
2026-04-13 20:28:35,0.0,1500,500,,500,500,44,,200,,,648,,71.9,0.7200,0.6000,0.6000,1.1000,0.00000000,0.09466522,0.12784680,0.03318162,0.00000000,0.37182930,0.49577240,1.13411000,0.00000000,0.00054945,0.00598290,0.01135530,3.61626000,3.31560100,1.80024200,1.11135400,0.60476130,1.10036500,0.79999920,0.71990160,3.30219400,3.30311000,0.79677580,5.02902000,4.99418000,0.00427350, 3, 255, 7, 24,0x50000,No,No,No,No,No,Yes,No,Yes
2026-04-13 20:28:37,29.1,2400,910,,910,960,44,,200,,,648,,74.1,0.8679,0.6000,0.6000,1.1000,0.00000000,0.08880963,0.13370240,0.03415755,0.00000000,0.37182930,0.49186870,1.72349000,0.00012210,0.00036630,0.00598290,0.01135530,3.60512400,3.31560100,1.79828900,1.10769100,0.60769170,1.10036500,0.79816780,0.86952300,3.29944700,3.30311000,0.79677580,5.01696000,4.99954000,0.00427350, 3, 255, 7, 24,0x50000,No,No,No,No,No,Yes,No,Yes
2026-04-13 20:28:39,3.2,2400,910,,910,960,44,,200,,,648,,73.6,0.8679,0.6000,0.6000,1.1000,0.00000000,0.09271335,0.13467840,0.02830197,0.00000000,0.39134800,0.49479650,1.72349000,0.00018315,0.00042735,0.00531135,0.01135530,3.60790800,3.30632200,1.80610300,1.10732500,0.60439500,1.09853400,0.79926660,0.86898570,3.30219400,3.30311000,0.79677580,4.99016000,4.99418000,0.00427350, 3, 255, 7, 24,0x50000,No,No,No,No,No,Yes,No,Yes
2026-04-13 20:28:41,0.0,1600,545,,545,551,43,,200,,,648,,72.5,0.7200,0.6000,0.6000,1.1000,0.00000000,0.09759300,0.12882280,0.02830197,0.00000000,0.37182930,0.49186870,1.14304000,0.00006105,0.00042735,0.00506715,0.01147740,3.61533200,3.30632200,1.80610300,1.10842400,0.60439500,1.09926600,0.79926660,0.71990160,3.29944700,3.30219400,0.79677580,5.00624000,5.02499900,0.00427350, 3, 255, 7, 24,0x50000,No,No,No,No,No,Yes,No,Yes
2026-04-13 20:28:44,0.3,1500,500,,500,500,44,,200,,,648,,70.3,0.7200,0.6000,0.6000,1.1000,0.00000000,0.08783370,0.12979870,0.02927790,0.00000000,0.37182930,0.49284470,1.12518000,0.00006105,0.00042735,0.00537240,0.01172160,3.63296300,3.31560100,1.78852100,1.10146400,0.60659280,1.09926600,0.79853400,0.71990160,3.30036300,3.30311000,0.79736190,5.00758000,4.99418000,0.00341880, 3, 255, 7, 24,0x50000,No,No,No,No,No,Yes,No,Yes
2026-04-13 20:28:46,2.0,2400,910,,910,960,44,,200,,,648,,73.0,0.8679,0.6000,0.6000,1.1000,0.00000000,0.13663020,0.16688400,0.03025383,0.00000000,0.37280530,0.49577240,1.71456000,0.00006105,0.00042735,0.00537240,0.01147740,3.54666300,3.32766400,1.80659200,1.10952300,0.60183090,1.09853400,0.79853400,0.86925430,3.29944700,3.30219400,0.79706880,4.84410000,4.87894000,0.00427350, 3, 255, 7, 24,0x50000,No,No,No,No,No,Yes,No,Yes
2026-04-13 20:28:48,0.5,2400,910,,910,960,43,,200,,,648,,73.0,0.8679,0.6000,0.6000,1.1000,0.00000000,0.08783370,0.13272650,0.03610941,0.00000000,0.37182930,0.49089280,1.72349000,0.00012210,0.00036630,0.00531135,0.01159950,3.60419700,3.31560100,1.80024200,1.10879000,0.60366240,1.09890000,0.79926660,0.86898570,3.30219400,3.30311000,0.79677580,4.98212000,4.98346000,0.00427350, 3, 255, 7, 24,0x50000,No,No,No,No,No,Yes,No,Yes
