timestamp,cpu_percent,arm_mhz,core_mhz,h264_mhz,isp_mhz,v3d_mhz,uart_mhz,pwm_mhz,emmc_mhz,pixel_mhz,vec_mhz,hdmi_mhz,dpi_mhz,arm_temp,core_volt,sdram_c_volt,sdram_i_volt,sdram_p_volt,3V7_WL_SW_A,3V3_SYS_A,1V8_SYS_A,DDR_VDD2_A,DDR_VDDQ_A,1V1_SYS_A,0V8_SW_A,VDD_CORE_A,3V3_DAC_A,3V3_ADC_A,0V8_AON_A,HDMI_A,3V7_WL_SW_V,3V3_SYS_V,1V8_SYS_V,DDR_VDD2_V,DDR_VDDQ_V,1V1_SYS_V,0V8_SW_V,VDD_CORE_V,3V3_DAC_V,3V3_ADC_V,0V8_AON_V,HDMI_V,EXT5V_V,BATT_V,readmr_4,readmr_5,readmr_6,readmr_8,throttle_hex,UV,ArmFreqCap,CurThrottle,SoftTempLimit,UV_occured,ArmFreqCap_occured,Throttle_occured,SoftTempLimit_occured
2026-04-13 20:05:51,0.0,2400,910,,910,960,44,,200,,,648,,58.2,0.8995,0.6000,0.6000,1.1000,0.00000000,0.11028010,0.16395620,0.00975930,0.00000000,0.19616190,0.33474400,1.50024000,0.00006105,0.00036630,0.00366300,0.00952380,3.60605200,3.31188900,1.79682400,1.10805800,0.61721550,1.10659200,0.79926660,0.90148870,3.31776200,3.31226800,0.79794790,5.02768000,5.02634000,0.00170940, 2, 255, 7, 24,0x50000,No,No,No,No,No,Yes,No,Yes
2026-04-13 20:05:53,0.0,2400,910,,910,960,44,,200,,,648,,58.7,0.8995,0.6000,0.6000,1.1000,0.00000000,0.10930420,0.16786000,0.00487965,0.00000000,0.19518600,0.33084030,1.50024000,0.00012210,0.00036630,0.00390720,0.01001220,3.60976400,3.30724900,1.81342900,1.10695900,0.61721550,1.10952300,0.80256330,0.90175740,3.31776200,3.31409900,0.79824100,5.01294000,5.01830000,0.00256410, 2, 255, 7, 24,0x50000,No,No,No,No,No,Yes,No,Yes
2026-04-13 20:05:55,0.3,1500,500,,500,500,44,,200,,,648,,58.7,0.7895,0.6000,0.6000,1.1000,0.00000000,0.10247270,0.16102850,0.00585558,0.00000000,0.19616190,0.33084030,1.06267000,0.00012210,0.00036630,0.00347985,0.00940170,3.61811600,3.30724900,1.79682400,1.10695900,0.61794810,1.10842400,0.80292960,0.79162320,3.31867800,3.31318300,0.79824100,5.04242000,5.04912000,0.00256410, 2, 255, 7, 24,0x50000,No,No,No,No,No,Yes,No,Yes
2026-04-13 20:05:57,0.0,1500,500,,500,500,43,,200,,,648,,58.2,0.7200,0.6000,0.6000,1.1000,0.00000000,0.11125600,0.15907660,0.00780744,0.00000000,0.19713790,0.33181620,0.93765000,0.00000000,0.00036630,0.00360195,0.00976800,3.63203500,3.30724900,1.80317300,1.10439400,0.61758180,1.10952300,0.80219700,0.72151340,3.31867800,3.31318300,0.79824100,5.05314000,5.05984000,0.00170940, 2, 255, 7, 24,0x50000,No,No,No,No,No,Yes,No,Yes
2026-04-13 20:05:59,0.0,1500,500,,500,500,44,,200,,,648,,57.6,0.7200,0.6000,0.6000,1.1000,0.00000000,0.09954486,0.15712470,0.00683151,0.00000000,0.19713790,0.33084030,0.91085990,0.00006105,0.00042735,0.00390720,0.00989010,3.62090000,3.35550300,1.80366100,1.10732500,0.61941330,1.10915600,0.80219700,0.72178200,3.31776200,3.31409900,0.79882700,5.05582000,5.04778000,0.00256410, 2, 255, 7, 24,0x50000,No,No,No,No,No,Yes,No,Yes
2026-04-13 20:06:01,0.0,2400,910,,910,960,43,,200,,,648,,58.7,0.8995,0.6000,0.6000,1.1000,0.06050766,0.10149670,0.16590810,0.00683151,0.00000000,0.19713790,0.33084030,1.50024000,0.00000000,0.00036630,0.00390720,0.00952380,3.59213300,3.32952100,1.80415000,1.11355200,0.61941330,1.10659200,0.80292960,0.90256320,3.31867800,3.31318300,0.79882700,5.01294000,5.01428000,0.00256410, 2, 255, 7, 24,0x50000,No,No,No,No,No,Yes,No,Yes
2026-04-13 20:06:04,0.0,2400,910,,910,960,44,,200,,,648,,60.4,0.8995,0.6000,0.6000,1.1000,0.05562801,0.10052080,0.16493220,0.00487965,0.00000000,0.19518600,0.33279210,1.50917000,0.00006105,0.00048840,0.00390720,0.00927960,3.60048500,3.32766400,1.79877700,1.11355200,0.61648290,1.10915600,0.80146440,0.90175740,3.31776200,3.31409900,0.79882700,5.01160000,5.01160000,0.00256410, 2, 255, 7, 24,0x50000,No,No,No,No,No,Yes,No,Yes
2026-04-13 20:06:06,0.0,1500,500,,500,500,44,,200,,,648,,59.3,0.7200,0.6000,0.6000,1.1000,0.05757987,0.10540040,0.15907660,0.00585558,0.00000000,0.19713790,0.32986440,0.91979000,0.00000000,0.00048840,0.00366300,0.01025640,3.60605200,3.35735900,1.81294100,1.10586000,0.61977960,1.10586000,0.80512740,0.72151340,3.31776200,3.31226800,0.79794790,5.04510000,5.03170000,0.00256410, 2, 255, 7, 24,0x50000,No,No,No,No,No,Yes,No,Yes
2026-04-13 20:06:08,0.2,1500,500,,500,500,44,,200,,,648,,58.2,0.7200,0.6000,0.6000,1.1000,0.00000000,0.12687090,0.15810070,0.00585558,0.00000000,0.19811380,0.33474400,0.93765000,0.00006105,0.00042735,0.00366300,0.00952380,3.62275600,3.35550300,1.80415000,1.11208700,0.61684920,1.10732500,0.80292960,0.72151340,3.31684600,3.31226800,0.79824100,5.04644000,5.05582000,0.00256410, 2, 255, 7, 24,0x50000,No,No,No,No,No,Yes,No,Yes
2026-04-13 20:06:10,0.0,1500,500,,500,500,44,,200,,,648,,58.2,0.7200,0.6000,0.6000,1.1000,0.00000000,0.13663020,0.16005250,0.01073523,0.00000000,0.19811380,0.33084030,0.93765000,0.00000000,0.00054945,0.00347985,0.00940170,3.61997200,3.32952100,1.80463800,1.10769100,0.60915690,1.10659200,0.80292960,0.72151340,3.31776200,3.31226800,0.79794790,5.05448000,5.05448000,0.00256410, 2, 255, 7, 24,0x50000,No,No,No,No,No,Yes,No,Yes
2026-04-13 20:06:12,0.0,1500,500,,500,500,43,,200,,,648,,57.1,0.7200,0.6000,0.6000,1.1000,0.00000000,0.10637640,0.15810070,0.00487965,0.00000000,0.19616190,0.32986440,0.91979000,0.00000000,0.00036630,0.00390720,0.00989010,3.62646800,3.31374500,1.80512600,1.10805800,0.61831440,1.10842400,0.79963290,0.72178200,3.31776200,3.31409900,0.79882700,5.05046000,5.05984000,0.00256410, 2, 255, 7, 24,0x50000,No,No,No,No,No,Yes,No,Yes
2026-04-13 20:06:14,0.0,1500,500,,500,500,44,,200,,,648,,58.2,0.7200,0.6000,0.6000,1.1000,0.00000000,0.10442450,0.16005250,0.00585558,0.00000000,0.19713790,0.32596060,0.91085990,0.00024420,0.00042735,0.00366300,0.01001220,3.61904400,3.32952100,1.80415000,1.11355200,0.61831440,1.10586000,0.80146440,0.72178200,3.31776200,3.31409900,0.79882700,5.05448000,5.05314000,0.00256410, 2, 255, 7, 24,0x50000,No,No,No,No,No,Yes,No,Yes
2026-04-13 20:06:16,0.0,1500,500,,500,500,44,,200,,,648,,57.6,0.7200,0.6000,0.6000,1.1000,0.00000000,0.10344860,0.15810070,0.00683151,0.00000000,0.19518600,0.32986440,0.92871990,0.00012210,0.00042735,0.00354090,0.01001220,3.62182800,3.31188900,1.80512600,1.11355200,0.61208730,1.10842400,0.80292960,0.72205060,3.31959400,3.31409900,0.79882700,5.05046000,5.05984000,0.00256410, 2, 255, 7, 24,0x50000,No,No,No,No,No,Yes,No,Yes
2026-04-13 20:06:19,0.0,1500,500,,500,500,43,,200,,,648,,57.6,0.7200,0.6000,0.6000,1.1000,0.00000000,0.10247270,0.15810070,0.00292779,0.00000000,0.19713790,0.33181620,0.91085990,0.00006105,0.00042735,0.00390720,0.00940170,3.62182800,3.32766400,1.81342900,1.11208700,0.61868070,1.10915600,0.80292960,0.72151340,3.31684600,3.31226800,0.79882700,5.04242000,5.05582000,0.00256410, 2, 255, 7, 24,0x50000,No,No,No,No,No,Yes,No,Yes
2026-04-13 20:06:21,0.0,1500,500,,500,500,43,,200,,,648,,57.1,0.7200,0.6000,0.6000,1.1000,0.00000000,0.10149670,0.16005250,0.00878337,0.00000000,0.19713790,0.32986440,0.91979000,0.00012210,0.00048840,0.00360195,0.00952380,3.61997200,3.30168200,1.80903400,1.10732500,0.61941330,1.10586000,0.80146440,0.72205060,3.31867800,3.31226800,0.79794790,5.06252000,5.06252000,0.00256410, 2, 255, 7, 24,0x50000,No,No,No,No,No,Yes,No,Yes
2026-04-13 20:06:23,0.0,1500,500,,500,500,44,,200,,,648,,57.6,0.7200,0.6000,0.6000,1.1000,0.00000000,0.11223200,0.15810070,0.00683151,0.00000000,0.19713790,0.33084030,0.93765000,0.00000000,0.00073260,0.00354090,0.00976800,3.62182800,3.32952100,1.80317300,1.10769100,0.61868070,1.10915600,0.80292960,0.72151340,3.31684600,3.31501500,0.79824100,5.05314000,5.05314000,0.00256410, 2, 255, 7, 24,0x50000,No,No,No,No,No,Yes,No,Yes
2026-04-13 20:06:25,0.0,1500,500,,500,500,44,,200,,,648,,56.5,0.7200,0.6000,0.6000,1.1000,0.00000000,0.10149670,0.15907660,0.00390372,0.00000000,0.19713790,0.33181620,0.90193000,0.00012210,0.00036630,0.00347985,0.00976800,3.61997200,3.30168200,1.80463800,1.11428500,0.61868070,1.10842400,0.80439480,0.72178200,3.31959400,3.31409900,0.79941320,5.04778000,5.05984000,0.00256410, 2, 255, 7, 24,0x50000,No,No,No,No,No,Yes,No,Yes
2026-04-13 20:06:27,0.0,1500,500,,500,500,43,,200,,,648,,57.1,0.7200,0.6000,0.6000,1.1000,0.00000000,0.11808750,0.16005250,0.00780744,0.00000000,0.19811380,0.33279210,0.91979000,0.00024420,0.00036630,0.00360195,0.00976800,3.62090000,3.31931300,1.80903400,1.11391800,0.61794810,1.10659200,0.80256330,0.72151340,3.31684600,3.31318300,0.79824100,5.05314000,5.04778000,0.00256410, 2, 255, 7, 24,0x50000,No,No,No,No,No,Yes,No,Yes
2026-04-13 20:06:29,1.0,1500,500,,500,500,44,,200,,,648,,57.6,0.7200,0.6000,0.6000,1.1000,0.00000000,0.10149670,0.15907660,0.00585558,0.00000000,0.20592120,0.32986440,0.91085990,0.00012210,0.00048840,0.00360195,0.00940170,3.62182800,3.31931300,1.80512600,1.10769100,0.61794810,1.10659200,0.80366220,0.72151340,3.31867800,3.31226800,0.79824100,5.05716000,5.05984000,0.00256410, 2, 255, 7, 24,0x50000,No,No,No,No,No,Yes,No,Yes
2026-04-13 20:06:31,0.0,1500,500,,500,500,44,,200,,,648,,56.5,0.7200,0.6000,0.6000,1.1000,0.00000000,0.10149670,0.15810070,0.00487965,0.00000000,0.19713790,0.33279210,0.91979000,0.00024420,0.00036630,0.00347985,0.00952380,3.61811600,3.30724900,1.80317300,1.10695900,0.61721550,1.10915600,0.80292960,0.72178200,3.31776200,3.31318300,0.79882700,5.04912000,5.05984000,0.00256410, 2, 255, 7, 24,0x50000,No,No,No,No,No,Yes,No,Yes
2026-04-13 20:06:34,0.2,1500,500,,500,500,43,,200,,,648,,57.1,0.7200,0.6000,0.6000,1.1000,0.00000000,0.10247270,0.15614880,0.00683151,0.00000000,0.20592120,0.32888840,0.92871990,0.00012210,0.00061050,0.00347985,0.00952380,3.62182800,3.30168200,1.80512600,1.11391800,0.61794810,1.10659200,0.80146440,0.72124470,3.31867800,3.31318300,0.79794790,5.06520000,5.05984000,0.00256410, 2, 255, 7, 24,0x50000,No,No,No,No,No,Yes,No,Yes
2026-04-13 20:06:36,0.0,1500,500,,500,500,44,,200,,,648,,57.6,0.7200,0.6000,0.6000,1.1000,0.00000000,0.10052080,0.16005250,0.00780744,0.00000000,0.19713790,0.33084030,0.91979000,0.00012210,0.00061050,0.00329670,0.01025640,3.62832400,3.31838500,1.80463800,1.10732500,0.61758180,1.10659200,0.80292960,0.72151340,3.31867800,3.31135200,0.79853400,5.06788000,5.06788000,0.00256410, 2, 255, 7, 24,0x50000,No,No,No,No,No,Yes,No,Yes
2026-04-13 20:06:38,0.0,1500,500,,500,500,43,,200,,,648,,56.5,0.7200,0.6000,0.6000,1.1000,0.00000000,0.10832820,0.15810070,0.00390372,0.00000000,0.19616190,0.32986440,0.90193000,0.00000000,0.00036630,0.00360195,0.01025640,3.62182800,3.30446500,1.81294100,1.11465100,0.61868070,1.10586000,0.80439480,0.72124470,3.31776200,3.31409900,0.79794790,5.04376000,5.05314000,0.00341880, 2, 255, 7, 24,0x50000,No,No,No,No,No,Yes,No,Yes
2026-04-13 20:06:40,0.0,1500,500,,500,500,44,,200,,,648,,57.1,0.7200,0.6000,0.6000,1.1000,0.00000000,0.10442450,0.15907660,0.00585558,0.00000000,0.20787310,0.32986440,0.90193000,0.00000000,0.00073260,0.00366300,0.00940170,3.62275600,3.32766400,1.81294100,1.11208700,0.61831440,1.10659200,0.79963290,0.72205060,3.31867800,3.31409900,0.79794790,5.05984000,5.05582000,0.00256410, 2, 255, 7, 24,0x50000,No,No,No,No,No,Yes,No,Yes
2026-04-13 20:06:42,0.0,1500,500,,500,500,44,,200,,,648,,58.2,0.7200,0.6000,0.6000,1.1000,0.00000000,0.10442450,0.16005250,0.00683151,0.00000000,0.19713790,0.33279210,0.92871990,0.00012210,0.00042735,0.00390720,0.01001220,3.62646800,3.35735900,1.80512600,1.10439400,0.61794810,1.10952300,0.79963290,0.72178200,3.31776200,3.31318300,0.79882700,5.05984000,5.05314000,0.00256410, 2, 255, 7, 24,0x50000,No,No,No,No,No,Yes,No,Yes
2026-04-13 20:06:44,0.0,1500,500,,500,500,43,,200,,,648,,58.7,0.7200,0.6000,0.6000,1.1000,0.00000000,0.10247270,0.15907660,0.00487965,0.00000000,0.19616190,0.33181620,0.90193000,0.00012210,0.00036630,0.00360195,0.00940170,3.62182800,3.30446500,1.80415000,1.10915600,0.61794810,1.10659200,0.80073180,0.72178200,3.32050900,3.31501500,0.79824100,5.03840000,5.05314000,0.00341880, 2, 255, 7, 24,0x50000,No,No,No,No,No,Yes,No,Yes
2026-04-13 20:06:46,1.0,1500,500,,500,500,44,,200,,,648,,57.1,0.7200,0.6000,0.6000,1.1000,0.00000000,0.10344860,0.16005250,0.00683151,0.00000000,0.19616190,0.32986440,0.91085990,0.00000000,0.00054945,0.00335775,0.00989010,3.62646800,3.31188900,1.81342900,1.11465100,0.61831440,1.10659200,0.80256330,0.72151340,3.31776200,3.31409900,0.79853400,5.05180000,5.06252000,0.00256410, 2, 255, 7, 24,0x50000,No,No,No,No,No,Yes,No,Yes
2026-04-13 20:06:48,0.2,1500,500,,500,500,44,,200,,,648,,57.1,0.7200,0.6000,0.6000,1.1000,0.00000000,0.10149670,0.16200440,0.00292779,0.00000000,0.19616190,0.32986440,0.91979000,0.00024420,0.00036630,0.00360195,0.00964590,3.62182800,3.30446500,1.80121900,1.11355200,0.61868070,1.10879000,0.80183080,0.72178200,3.31959400,3.31226800,0.79794790,5.05716000,5.05046000,0.00341880, 2, 255, 7, 24,0x50000,No,No,No,No,No,Yes,No,Yes
2026-04-13 20:06:51,0.0,1500,500,,500,500,43,,200,,,648,,57.1,0.7200,0.6000,0.6000,1.1000,0.00000000,0.11125600,0.16005250,0.00878337,0.00000000,0.19713790,0.32986440,0.91979000,0.00000000,0.00042735,0.00390720,0.00964590,3.62275600,3.32766400,1.81294100,1.11355200,0.61977960,1.10915600,0.80292960,0.72151340,3.31867800,3.31318300,0.79824100,5.05314000,5.05448000,0.00256410, 2, 255, 7, 24,0x50000,No,No,No,No,No,Yes,No,Yes
2026-04-13 20:06:53,0.0,1500,500,,500,500,43,,200,,,648,,57.1,0.7200,0.6000,0.6000,1.1000,0.00000000,0.10344860,0.15907660,0.00780744,0.00000000,0.19518600,0.33084030,0.91979000,0.00012210,0.00042735,0.00360195,0.00964590,3.62461200,3.31188900,1.80512600,1.11465100,0.61758180,1.10915600,0.80292960,0.72178200,3.31959400,3.31318300,0.79794790,5.05046000,5.04912000,0.00256410, 2, 255, 7, 24,0x50000,No,No,No,No,No,Yes,No,Yes
2026-04-13 20:06:55,0.0,1500,500,,500,500,44,,200,,,648,,57.1,0.7200,0.6000,0.6000,1.1000,0.00000000,0.11223200,0.16005250,0.00585558,0.00000000,0.19616190,0.33084030,0.91979000,0.00048840,0.00048840,0.00366300,0.00952380,3.62090000,3.31374500,1.80463800,1.10659200,0.61758180,1.10915600,0.80329590,0.72151340,3.31684600,3.31318300,0.79882700,5.05314000,5.05046000,0.00256410, 2, 255, 7, 24,0x50000,No,No,No,No,No,Yes,No,Yes
2026-04-13 20:06:57,0.0,1500,500,,500,500,43,,200,,,648,,58.7,0.7895,0.6000,0.6000,1.1000,0.00000000,0.10344860,0.16102850,0.00585558,0.00000000,0.19518600,0.32986440,1.04481000,0.00012210,0.00036630,0.00372405,0.00940170,3.61811600,3.30168200,1.80366100,1.11025500,0.61831440,1.10915600,0.80219700,0.79189180,3.31867800,3.31318300,0.79882700,5.03572000,5.03572000,0.00256410, 2, 255, 7, 24,0x50000,No,No,No,No,No,Yes,No,Yes
2026-04-13 20:06:59,0.0,1500,500,,500,500,43,,200,,,648,,57.1,0.7200,0.6000,0.6000,1.1000,0.00000000,0.10247270,0.15907660,0.00780744,0.00000000,0.19616190,0.33279210,0.91085990,0.00024420,0.00036630,0.00360195,0.00989010,3.61811600,3.30724900,1.80366100,1.11208700,0.61794810,1.10842400,0.79963290,0.72178200,3.31776200,3.31409900,0.79882700,5.05314000,5.06117900,0.00256410, 2, 255, 7, 24,0x50000,No,No,No,No,No,Yes,No,Yes
2026-04-13 20:07:01,0.0,1500,500,,500,500,44,,200,,,648,,57.1,0.7200,0.6000,0.6000,1.1000,0.00000000,0.10344860,0.15810070,0.00585558,0.00000000,0.19811380,0.32888840,0.91979000,0.00012210,0.00036630,0.00347985,0.00940170,3.61811600,3.30353800,1.80512600,1.11062200,0.61868070,1.10769100,0.79963290,0.72178200,3.31776200,3.31318300,0.79882700,5.05314000,5.05984000,0.00256410, 2, 255, 7, 24,0x50000,No,No,No,No,No,Yes,No,Yes
2026-04-13 20:07:03,0.2,1500,500,,500,500,44,,200,,,648,,57.1,0.7200,0.6000,0.6000,1.1000,0.00000000,0.10540040,0.15810070,0.01073523,0.00000000,0.19518600,0.33181620,0.91979000,0.00024420,0.00036630,0.00360195,0.00952380,3.61997200,3.30724900,1.79682400,1.11391800,0.61501770,1.10842400,0.80292960,0.72205060,3.31776200,3.31226800,0.79794790,5.05448000,5.05314000,0.00341880, 2, 255, 7, 24,0x50000,No,No,No,No,No,Yes,No,Yes
2026-04-13 20:07:06,0.2,1500,500,,500,500,43,,200,,,648,,57.6,0.7200,0.6000,0.6000,1.1000,0.00000000,0.10247270,0.15712470,0.00585558,0.00000000,0.20592120,0.33084030,0.91085990,0.00024420,0.00036630,0.00354090,0.01025640,3.62182800,3.30724900,1.81294100,1.10732500,0.61794810,1.10732500,0.80439480,0.72151340,3.31867800,3.31226800,0.79794790,5.06252000,5.05314000,0.00256410, 2, 255, 7, 24,0x50000,No,No,No,No,No,Yes,No,Yes
2026-04-13 20:07:08,0.0,1500,500,,500,500,44,,200,,,648,,57.6,0.7200,0.6000,0.6000,1.1000,0.00000000,0.10637640,0.15810070,0.01366302,0.00000000,0.19518600,0.32888840,0.91085990,0.00012210,0.00036630,0.00347985,0.00952380,3.61811600,3.30168200,1.80463800,1.10805800,0.61758180,1.10732500,0.80256330,0.72151340,3.31867800,3.31318300,0.79824100,5.05314000,5.05314000,0.00256410, 2, 255, 7, 24,0x50000,No,No,No,No,No,Yes,No,Yes
2026-04-13 20:07:10,0.0,1500,500,,500,500,43,,200,,,648,,58.2,0.7200,0.6000,0.6000,1.1000,0.00000000,0.10247270,0.15907660,0.00780744,0.00000000,0.19616190,0.32986440,0.91979000,0.00012210,0.00036630,0.00366300,0.00976800,3.61811600,3.30724900,1.80415000,1.11391800,0.61721550,1.10842400,0.80292960,0.72151340,3.31867800,3.31501500,0.79824100,5.04778000,5.06252000,0.00170940, 2, 255, 7, 24,0x50000,No,No,No,No,No,Yes,No,Yes
2026-04-13 20:07:12,0.0,1500,500,,500,500,43,,200,,,648,,57.1,0.7200,0.6000,0.6000,1.1000,0.00000000,0.10247270,0.15907660,0.01366302,0.00000000,0.19713790,0.33376810,0.91979000,0.00012210,0.00036630,0.00347985,0.00940170,3.61811600,3.30724900,1.80463800,1.10732500,0.61868070,1.10659200,0.80879040,0.72151340,3.31684600,3.31318300,0.79882700,5.05582000,5.05984000,0.00256410, 2, 255, 7, 24,0x50000,No,No,No,No,No,Yes,No,Yes
2026-04-13 20:07:14,0.0,1500,500,,500,500,44,,200,,,648,,57.1,0.7200,0.6000,0.6000,1.1000,0.00000000,0.10052080,0.15810070,0.00780744,0.00000000,0.19616190,0.32888840,0.91085990,0.00000000,0.00061050,0.00354090,0.00940170,3.61533200,3.32766400,1.80415000,1.10439400,0.61868070,1.10879000,0.80292960,0.72205060,3.31867800,3.31318300,0.79794790,5.05448000,5.05582000,0.00256410, 2, 255, 7, 24,0x50000,No,No,No,No,No,Yes,No,Yes
2026-04-13 20:07:16,0.0,1500,500,,500,500,43,,200,,,648,,57.6,0.7200,0.6000,0.6000,1.1000,0.00000000,0.10247270,0.16005250,0.00195186,0.00000000,0.20884900,0.33181620,0.91085990,0.00012210,0.00073260,0.00360195,0.01001220,3.62182800,3.30446500,1.79682400,1.11355200,0.61904700,1.10659200,0.80292960,0.72178200,3.31684600,3.31318300,0.79882700,5.05314000,5.04912000,0.00256410, 2, 255, 7, 24,0x50000,No,No,No,No,No,Yes,No,Yes
2026-04-13 20:07:18,1.3,1500,500,,500,500,44,,200,,,648,,56.5,0.7200,0.6000,0.6000,1.1000,0.00000000,0.10247270,0.15907660,0.00878337,0.00000000,0.19421010,0.33181620,0.91085990,0.00012210,0.00048840,0.00335775,0.00927960,3.62461200,3.31931300,1.80512600,1.10805800,0.61758180,1.10988900,0.79926660,0.72178200,3.31867800,3.31318300,0.79824100,5.05314000,5.05314000,0.00256410, 2, 255, 7, 24,0x50000,No,No,No,No,No,Yes,No,Yes
2026-04-13 20:07:21,0.0,1500,500,,500,500,43,,200,,,648,,57.1,0.7200,0.6000,0.6000,1.1000,0.00000000,0.10344860,0.15907660,0.00683151,0.00000000,0.19421010,0.33181620,0.91085990,0.00000000,0.00042735,0.00354090,0.01037850,3.61997200,3.30168200,1.80073100,1.10732500,0.61758180,1.10915600,0.79963290,0.72205060,3.31959400,3.31409900,0.79794790,5.05984000,5.05582000,0.00256410, 2, 255, 7, 24,0x50000,No,No,No,No,No,Yes,No,Yes
2026-04-13 20:07:23,0.3,1500,500,,500,500,43,,200,,,648,,58.2,0.7200,0.6000,0.6000,1.1000,0.00000000,0.10052080,0.16005250,0.00292779,0.00000000,0.19713790,0.33084030,0.90193000,0.00012210,0.00036630,0.00360195,0.00952380,3.61811600,3.30724900,1.80317300,1.11025500,0.61501770,1.10805800,0.79963290,0.72178200,3.31776200,3.31318300,0.79882700,5.04912000,5.05984000,0.00256410, 2, 255, 7, 24,0x50000,No,No,No,No,No,Yes,No,Yes
2026-04-13 20:07:25,0.0,1500,500,,500,500,44,,200,,,648,,56.5,0.7200,0.6000,0.6000,1.1000,0.00000000,0.10344860,0.16102850,0.00585558,0.00000000,0.26350110,0.33181620,0.91979000,0.00048840,0.00048840,0.00335775,0.01001220,3.61904400,3.31931300,1.80073100,1.11062200,0.61868070,1.10915600,0.79963290,0.72151340,3.31867800,3.31226800,0.79794790,5.04778000,5.05314000,0.00256410, 2, 255, 7, 24,0x50000,No,No,No,No,No,Yes,No,Yes
2026-04-13 20:07:27,0.0,1500,500,,500,500,43,,200,,,648,,56.5,0.7200,0.6000,0.6000,1.1000,0.00000000,0.11028010,0.16005250,0.00292779,0.00000000,0.19713790,0.32986440,0.91085990,0.00012210,0.00042735,0.00390720,0.00952380,3.62090000,3.32766400,1.80415000,1.11062200,0.61868070,1.10879000,0.80292960,0.72205060,3.31959400,3.31409900,0.79853400,5.05984000,5.05314000,0.00256410, 2, 255, 7, 24,0x50000,No,No,No,No,No,Yes,No,Yes
2026-04-13 20:07:29,0.3,1500,500,,500,500,44,,200,,,648,,57.6,0.7200,0.6000,0.6000,1.1000,0.00000000,0.10149670,0.15907660,0.01171116,0.00000000,0.19811380,0.33279210,0.91085990,0.00024420,0.00036630,0.00366300,0.00952380,3.62646800,3.31931300,1.80512600,1.11355200,0.61868070,1.10842400,0.80292960,0.72205060,3.31776200,3.31226800,0.79941320,5.05448000,5.04778000,0.00256410, 2, 255, 7, 24,0x50000,No,No,No,No,No,Yes,No,Yes
2026-04-13 20:07:31,0.0,1500,500,,500,500,44,,200,,,648,,56.5,0.7200,0.6000,0.6000,1.1000,0.00000000,0.10052080,0.15810070,0.00195186,0.00000000,0.19811380,0.32888840,0.91979000,0.00000000,0.00042735,0.00366300,0.01001220,3.61997200,3.32952100,1.80805700,1.11282000,0.61794810,1.10732500,0.80292960,0.72151340,3.31684600,3.31501500,0.79824100,5.04242000,5.05716000,0.00256410, 2, 255, 7, 24,0x50000,No,No,No,No,No,Yes,No,Yes
2026-04-13 20:07:33,0.0,1500,500,,500,500,44,,200,,,648,,57.1,0.7200,0.6000,0.6000,1.1000,0.00000000,0.12882280,0.16005250,0.01268709,0.00000000,0.20592120,0.35231080,0.91979000,0.00024420,0.00042735,0.00347985,0.00915750,3.61811600,3.30724900,1.80073100,1.10512700,0.60292980,1.10879000,0.80439480,0.72151340,3.31684600,3.31226800,0.79824100,5.05314000,5.04778000,0.00256410, 2, 255, 7, 24,0x50000,No,No,No,No,No,Yes,No,Yes
2026-04-13 20:07:36,1.0,1500,500,,500,500,44,,200,,,648,,57.1,0.7200,0.6000,0.6000,1.1000,0.00000000,0.10149670,0.15907660,0.00683151,0.00000000,0.19811380,0.32791250,0.91979000,0.00012210,0.00036630,0.00360195,0.00940170,3.61811600,3.29518600,1.80463800,1.11208700,0.61831440,1.10915600,0.80256330,0.72124470,3.31959400,3.31226800,0.79853400,5.05716000,5.06117900,0.00256410, 2, 255, 7, 24,0x50000,No,No,No,No,No,Yes,No,Yes
2026-04-13 20:07:38,0.0,1500,500,,500,500,43,,200,,,648,,58.2,0.7200,0.6000,0.6000,1.1000,0.00000000,0.10149670,0.16200440,0.00878337,0.00000000,0.19811380,0.33084030,0.91979000,0.00012210,0.00036630,0.00360195,0.00976800,3.62182800,3.30446500,1.81294100,1.10769100,0.61794810,1.10879000,0.80146440,0.72178200,3.31684600,3.31318300,0.79824100,5.05314000,5.04242000,0.00256410, 2, 255, 7, 24,0x50000,No,No,No,No,No,Yes,No,Yes
2026-04-13 20:07:40,0.0,1500,500,,500,500,44,,200,,,648,,57.1,0.7200,0.6000,0.6000,1.1000,0.00000000,0.10247270,0.15810070,0.00780744,0.00000000,0.20982490,0.33084030,0.91979000,0.00024420,0.00048840,0.00390720,0.00940170,3.62646800,3.31188900,1.80317300,1.10805800,0.61868070,1.10842400,0.80292960,0.72178200,3.31776200,3.31318300,0.79824100,5.05314000,5.05716000,0.00256410, 2, 255, 7, 24,0x50000,No,No,No,No,No,Yes,No,Yes
2026-04-13 20:07:42,0.0,1500,500,,500,500,44,,200,,,648,,57.1,0.7200,0.6000,0.6000,1.1000,0.00000000,0.10344860,0.15810070,0.00585558,0.00000000,0.19518600,0.33084030,0.91085990,0.00000000,0.00036630,0.00390720,0.01001220,3.62275600,3.32766400,1.80366100,1.11465100,0.61794810,1.10988900,0.80292960,0.72178200,3.31776200,3.31318300,0.79824100,5.06117900,5.05984000,0.00256410, 2, 255, 7, 24,0x50000,No,No,No,No,No,Yes,No,Yes
2026-04-13 20:07:44,0.0,1500,500,,500,500,43,,200,,,648,,56.5,0.7200,0.6000,0.6000,1.1000,0.00000000,0.11515970,0.15810070,0.01073523,0.00000000,0.19518600,0.33376810,0.90193000,0.00012210,0.00036630,0.00360195,0.01001220,3.62182800,3.30446500,1.80073100,1.10879000,0.61794810,1.10659200,0.80292960,0.72151340,3.31867800,3.31318300,0.79824100,5.05314000,5.05582000,0.00256410, 2, 255, 7, 24,0x50000,No,No,No,No,No,Yes,No,Yes
2026-04-13 20:07:46,0.0,1500,500,,500,500,44,,200,,,648,,58.7,0.7200,0.6000,0.6000,1.1000,0.00000000,0.10344860,0.16102850,0.00487965,0.00000000,0.19616190,0.32888840,0.90193000,0.00000000,0.00073260,0.00335775,0.00976800,3.61811600,3.31931300,1.80366100,1.11208700,0.61794810,1.10915600,0.79963290,0.72151340,3.31776200,3.31318300,0.79882700,5.05046000,5.04778000,0.00256410, 2, 255, 7, 24,0x50000,No,No,No,No,No,Yes,No,Yes
2026-04-13 20:07:48,0.0,1500,500,,500,500,43,,200,,,648,,57.1,0.7200,0.6000,0.6000,1.1000,0.00000000,0.10540040,0.16102850,0.00292779,0.00000000,0.19421010,0.33084030,0.91085990,0.00012210,0.00042735,0.00390720,0.00976800,3.62275600,3.32766400,1.80366100,1.11355200,0.61831440,1.10915600,0.80292960,0.72178200,3.32050900,3.31135200,0.79853400,5.05850000,5.02768000,0.00256410, 2, 255, 7, 24,0x50000,No,No,No,No,No,Yes,No,Yes
2026-04-13 20:07:50,0.0,1500,500,,500,500,43,,200,,,648,,56.0,0.7200,0.6000,0.6000,1.1000,0.00000000,0.10637640,0.15907660,0.00683151,0.00000000,0.20396940,0.33084030,0.91085990,0.00012210,0.00030525,0.00366300,0.00940170,3.62275600,3.32766400,1.80463800,1.11391800,0.61684920,1.10915600,0.80292960,0.72178200,3.31776200,3.31501500,0.79882700,5.05314000,5.05448000,0.00256410, 2, 255, 7, 24,0x50000,No,No,No,No,No,Yes,No,Yes
2026-04-13 20:07:53,0.0,1500,500,,500,500,44,,200,,,648,,57.1,0.7200,0.6000,0.6000,1.1000,0.00000000,0.10149670,0.15907660,0.00683151,0.00000000,0.19616190,0.33181620,0.91085990,0.00012210,0.00036630,0.00366300,0.00940170,3.62275600,3.32766400,1.80415000,1.11355200,0.61721550,1.10842400,0.80256330,0.72124470,3.31867800,3.31226800,0.79794790,5.05448000,5.05046000,0.00256410, 2, 255, 7, 24,0x50000,No,No,No,No,No,Yes,No,Yes
2026-04-13 20:07:55,0.0,1500,500,,500,500,44,,200,,,648,,56.5,0.7200,0.6000,0.6000,1.1000,0.00000000,0.09954486,0.15810070,0.00878337,0.00000000,0.19518600,0.33474400,0.90193000,0.00024420,0.00042735,0.00390720,0.00964590,3.62090000,3.31374500,1.80463800,1.11208700,0.61831440,1.10842400,0.79926660,0.72178200,3.31867800,3.31409900,0.79794790,5.05716000,5.05314000,0.00341880, 2, 255, 7, 24,0x50000,No,No,No,No,No,Yes,No,Yes
2026-04-13 20:07:57,0.0,1500,500,,500,500,43,,200,,,648,,57.6,0.7200,0.6000,0.6000,1.1000,0.00000000,0.10052080,0.16005250,0.00487965,0.00000000,0.19713790,0.32986440,0.91085990,0.00024420,0.00061050,0.00366300,0.00915750,3.62646800,3.31188900,1.79682400,1.10915600,0.61794810,1.10586000,0.80329590,0.72178200,3.31959400,3.31409900,0.79794790,5.04912000,5.04912000,0.00256410, 2, 255, 7, 24,0x50000,No,No,No,No,No,Yes,No,Yes
2026-04-13 20:07:59,0.2,1500,500,,500,500,43,,200,,,648,,56.0,0.7200,0.6000,0.6000,1.1000,0.00000000,0.10540040,0.16005250,0.00585558,0.00000000,0.19713790,0.33084030,0.91085990,0.00012210,0.00061050,0.00360195,0.00989010,3.61811600,3.30724900,1.80121900,1.10769100,0.61575030,1.10915600,0.80256330,0.72151340,3.32050900,3.31318300,0.79882700,5.05046000,5.05314000,0.00341880, 2, 255, 7, 24,0x50000,No,No,No,No,No,Yes,No,Yes
2026-04-13 20:08:01,14.0,2400,910,,910,960,44,,200,,,648,,58.2,0.8995,0.6000,0.6000,1.1000,0.05367615,0.10149670,0.16590810,0.00487965,0.00000000,0.19811380,0.33279210,1.48238000,0.00024420,0.00042735,0.00372405,0.00940170,3.60141300,3.30168200,1.80463800,1.10732500,0.61538400,1.10915600,0.80292960,0.90175740,3.31867800,3.31226800,0.79853400,5.01428000,5.01964000,0.00256410, 2, 255, 7, 24,0x50000,No,No,No,No,No,Yes,No,Yes
2026-04-13 20:08:03,0.0,2400,910,,910,960,44,,200,,,648,,59.8,0.8995,0.6000,0.6000,1.1000,0.06050766,0.09954486,0.16395620,0.00683151,0.00000000,0.19421010,0.33279210,1.50024000,0.00000000,0.00036630,0.00360195,0.00952380,3.59584500,3.30724900,1.80903400,1.10805800,0.61904700,1.10732500,0.80073180,0.90175740,3.31867800,3.31318300,0.79824100,5.01696000,5.00490000,0.00256410, 2, 255, 7, 24,0x50000,No,No,No,No,No,Yes,No,Yes
2026-04-13 20:08:05,0.0,1500,500,,500,500,44,,200,,,648,,58.2,0.7200,0.6000,0.6000,1.1000,0.06343545,0.10442450,0.15907660,0.01073523,0.00000000,0.19616190,0.33279210,0.92871990,0.00012210,0.00036630,0.00347985,0.00940170,3.60883600,3.30724900,1.81294100,1.11025500,0.61794810,1.10549400,0.80292960,0.72178200,3.31684600,3.31318300,0.79824100,5.03036000,5.03572000,0.00256410, 2, 255, 7, 24,0x50000,No,No,No,No,No,Yes,No,Yes
2026-04-13 20:08:08,1.5,1900,682,,682,704,44,,200,,,648,,57.6,0.7200,0.6000,0.6000,1.1000,0.00000000,0.10149670,0.15907660,0.00195186,0.00000000,0.19811380,0.33181620,0.91979000,0.00000000,0.00061050,0.00366300,0.00976800,3.62368400,3.30168200,1.80415000,1.10805800,0.61868070,1.10915600,0.80329590,0.72205060,3.31776200,3.31409900,0.79794790,5.05984000,5.05850000,0.00341880, 2, 255, 7, 24,0x50000,No,No,No,No,No,Yes,No,Yes
2026-04-13 20:08:10,0.2,1500,500,,500,500,43,,200,,,648,,56.0,0.7200,0.6000,0.6000,1.1000,0.00000000,0.10052080,0.15907660,0.00585558,0.00000000,0.19811380,0.33181620,0.91979000,0.00012210,0.00061050,0.00347985,0.00964590,3.62368400,3.32952100,1.80805700,1.10732500,0.61868070,1.10842400,0.80109810,0.72124470,3.31776200,3.31409900,0.79882700,5.05046000,5.05716000,0.00256410, 2, 255, 7, 24,0x50000,No,No,No,No,No,Yes,No,Yes
2026-04-13 20:08:12,0.0,1500,500,,500,500,43,,200,,,648,,57.6,0.7200,0.6000,0.6000,1.1000,0.00000000,0.10247270,0.15810070,0.00683151,0.00000000,0.19713790,0.33376810,0.91085990,0.00024420,0.00036630,0.00360195,0.00976800,3.62182800,3.30724900,1.80463800,1.11391800,0.61758180,1.10732500,0.80256330,0.72178200,3.31867800,3.31318300,0.79941320,5.04778000,5.05984000,0.00256410, 2, 255, 7, 24,0x50000,No,No,No,No,No,Yes,No,Yes
2026-04-13 20:08:14,0.0,1500,500,,500,500,43,,200,,,648,,56.5,0.7200,0.6000,0.6000,1.1000,0.00000000,0.10442450,0.16005250,0.00585558,0.00000000,0.19811380,0.32986440,0.91979000,0.00012210,0.00067155,0.00390720,0.00952380,3.62646800,3.35550300,1.80121900,1.11391800,0.61831440,1.10549400,0.80183080,0.72151340,3.31684600,3.31501500,0.79824100,5.05582000,5.05046000,0.00256410, 2, 255, 7, 24,0x50000,No,No,No,No,No,Yes,No,Yes
2026-04-13 20:08:16,0.0,1500,500,,500,500,43,,200,,,648,,58.2,0.7200,0.6000,0.6000,1.1000,0.00000000,0.12394310,0.15907660,0.00292779,0.00000000,0.19421010,0.33181620,0.91979000,0.00012210,0.00036630,0.00347985,0.00940170,3.61811600,3.30724900,1.80903400,1.10732500,0.61831440,1.10842400,0.79963290,0.72178200,3.31684600,3.31226800,0.79853400,5.04778000,5.04912000,0.00256410, 2, 255, 7, 24,0x50000,No,No,No,No,No,Yes,No,Yes
2026-04-13 20:08:18,0.0,1500,500,,500,500,44,,200,,,648,,57.1,0.7200,0.6000,0.6000,1.1000,0.00000000,0.11028010,0.16005250,0.00585558,0.00000000,0.19518600,0.32888840,0.91979000,0.00024420,0.00036630,0.00347985,0.01001220,3.61811600,3.30724900,1.80463800,1.11391800,0.61721550,1.10915600,0.80329590,0.72178200,3.31867800,3.31409900,0.79912020,5.05448000,5.05314000,0.00256410, 2, 255, 7, 24,0x50000,No,No,No,No,No,Yes,No,Yes
2026-04-13 20:08:20,0.0,1500,500,,500,500,43,,200,,,648,,57.6,0.7200,0.6000,0.6000,1.1000,0.00000000,0.10149670,0.15907660,0.00292779,0.00000000,0.19713790,0.33181620,0.91085990,0.00024420,0.00048840,0.00372405,0.00964590,3.62090000,3.31931300,1.80512600,1.11391800,0.61721550,1.10586000,0.80219700,0.72178200,3.31776200,3.31409900,0.79794790,5.04912000,5.05180000,0.00256410, 2, 255, 7, 24,0x50000,No,No,No,No,No,Yes,No,Yes
2026-04-13 20:08:23,0.0,1500,500,,500,500,43,,200,,,648,,56.5,0.7200,0.6000,0.6000,1.1000,0.00000000,0.10247270,0.15810070,0.00390372,0.00000000,0.19811380,0.33181620,0.91979000,0.00012210,0.00042735,0.00390720,0.00952380,3.61904400,3.31374500,1.80463800,1.11282000,0.61831440,1.10842400,0.80256330,0.72151340,3.31776200,3.31318300,0.79853400,5.04242000,5.04912000,0.00256410, 2, 255, 7, 24,0x50000,No,No,No,No,No,Yes,No,Yes
2026-04-13 20:08:25,1.5,1500,500,,500,500,44,,200,,,648,,58.2,0.7200,0.6000,0.6000,1.1000,0.00000000,0.10149670,0.15907660,0.00683151,0.00000000,0.23227130,0.33181620,0.90193000,0.00012210,0.00036630,0.00360195,0.00940170,3.61811600,3.30724900,1.81294100,1.11208700,0.61831440,1.10659200,0.80292960,0.72151340,3.31867800,3.31226800,0.79853400,5.04778000,5.05314000,0.00256410, 2, 255, 7, 24,0x50000,No,No,No,No,No,Yes,No,Yes
2026-04-13 20:08:27,0.0,1500,500,,500,500,43,,200,,,648,,57.6,0.7200,0.6000,0.6000,1.1000,0.00000000,0.10052080,0.15907660,0.00487965,0.00000000,0.19518600,0.33181620,0.90193000,0.00012210,0.00036630,0.00366300,0.00964590,3.62090000,3.31188900,1.80512600,1.11355200,0.61794810,1.10659200,0.79963290,0.72178200,3.31776200,3.31409900,0.79794790,5.05448000,5.05314000,0.00256410, 2, 255, 7, 24,0x50000,No,No,No,No,No,Yes,No,Yes
2026-04-13 20:08:29,0.3,1500,500,,500,500,44,,200,,,648,,57.1,0.7200,0.6000,0.6000,1.1000,0.00000000,0.10344860,0.15907660,0.00585558,0.00000000,0.19713790,0.33767180,0.92871990,0.00000000,0.00042735,0.00390720,0.00989010,3.62090000,3.35550300,1.80415000,1.11355200,0.61721550,1.10915600,0.80219700,0.72178200,3.31684600,3.31318300,0.79794790,5.05314000,5.03706000,0.00256410, 2, 255, 7, 24,0x50000,No,No,No,No,No,Yes,No,Yes
2026-04-13 20:08:31,0.2,1500,500,,500,500,44,,200,,,648,,57.6,0.7200,0.6000,0.6000,1.1000,0.00000000,0.10052080,0.15810070,0.00878337,0.00000000,0.19713790,0.33376810,0.90193000,0.00000000,0.00042735,0.00347985,0.00952380,3.61811600,3.30724900,1.80073100,1.10879000,0.61794810,1.10586000,0.80256330,0.72151340,3.31867800,3.31226800,0.79941320,5.04778000,5.06520000,0.00341880, 2, 255, 7, 24,0x50000,No,No,No,No,No,Yes,No,Yes
2026-04-13 20:08:33,0.2,1500,500,,500,500,43,,200,,,648,,57.1,0.7200,0.6000,0.6000,1.1000,0.00000000,0.10344860,0.15810070,0.00780744,0.00000000,0.19616190,0.32986440,0.90193000,0.00012210,0.00048840,0.00366300,0.01001220,3.62275600,3.31374500,1.80512600,1.11428500,0.61868070,1.10915600,0.80036550,0.72178200,3.31776200,3.31409900,0.79882700,5.05448000,5.05046000,0.00256410, 2, 255, 7, 24,0x50000,No,No,No,No,No,Yes,No,Yes
2026-04-13 20:08:35,0.0,1500,500,,500,500,44,,200,,,648,,57.1,0.7200,0.6000,0.6000,1.1000,0.00000000,0.11320790,0.16005250,0.00780744,0.00000000,0.19616190,0.33084030,0.91085990,0.00012210,0.00042735,0.00366300,0.00976800,3.61718800,3.31188900,1.80366100,1.11465100,0.61721550,1.10988900,0.79963290,0.72151340,3.31776200,3.31226800,0.79824100,5.04778000,5.04242000,0.00256410, 2, 255, 7, 24,0x50000,No,No,No,No,No,Yes,No,Yes
2026-04-13 20:08:38,0.0,1500,500,,500,500,44,,200,,,648,,57.6,0.7200,0.6000,0.6000,1.1000,0.00000000,0.10247270,0.15517290,0.00683151,0.00000000,0.19811380,0.32986440,0.91979000,0.00000000,0.00042735,0.00341880,0.00940170,3.62275600,3.32766400,1.80415000,1.10988900,0.61868070,1.10842400,0.80219700,0.72231920,3.31959400,3.31226800,0.79794790,5.05716000,5.05314000,0.00256410, 2, 255, 7, 24,0x50000,No,No,No,No,No,Yes,No,Yes
2026-04-13 20:08:40,0.3,1500,500,,500,500,43,,200,,,648,,57.1,0.7200,0.6000,0.6000,1.1000,0.00000000,0.10149670,0.16005250,0.00780744,0.00000000,0.19518600,0.33181620,0.91085990,0.00012210,0.00061050,0.00390720,0.01025640,3.62275600,3.32766400,1.80512600,1.11355200,0.61794810,1.10915600,0.80292960,0.72178200,3.31867800,3.31226800,0.79794790,5.04778000,5.05850000,0.00256410, 2, 255, 7, 24,0x50000,No,No,No,No,No,Yes,No,Yes
2026-04-13 20:08:42,0.0,1500,500,,500,500,43,,200,,,648,,56.5,0.7200,0.6000,0.6000,1.1000,0.00000000,0.09954486,0.16005250,0.00683151,0.00000000,0.20787310,0.33181620,0.90193000,0.00012210,0.00036630,0.00390720,0.01001220,3.62090000,3.31188900,1.80121900,1.11208700,0.61794810,1.10842400,0.79963290,0.72178200,3.31684600,3.31501500,0.79882700,5.05582000,5.05984000,0.00341880, 2, 255, 7, 24,0x50000,No,No,No,No,No,Yes,No,Yes
2026-04-13 20:08:44,0.0,1500,500,,500,500,44,,200,,,648,,57.1,0.7200,0.6000,0.6000,1.1000,0.00000000,0.10149670,0.15907660,0.00683151,0.00000000,0.19713790,0.34059960,0.90193000,0.00000000,0.00054945,0.00335775,0.00976800,3.62090000,3.32952100,1.80512600,1.10915600,0.60219720,1.10659200,0.80256330,0.72151340,3.31959400,3.31226800,0.79853400,5.03706000,5.05046000,0.00256410, 2, 255, 7, 24,0x50000,No,No,No,No,No,Yes,No,Yes
2026-04-13 20:08:46,0.0,1500,500,,500,500,43,,200,,,648,,56.0,0.7200,0.6000,0.6000,1.1000,0.00000000,0.10247270,0.15907660,0.00780744,0.00000000,0.19616190,0.33084030,0.91979000,0.00000000,0.00061050,0.00366300,0.00940170,3.62368400,3.30168200,1.80805700,1.10805800,0.61831440,1.10915600,0.80292960,0.72178200,3.31776200,3.31318300,0.79882700,5.05582000,5.05984000,0.00256410, 2, 255, 7, 24,0x50000,No,No,No,No,No,Yes,No,Yes
2026-04-13 20:08:48,0.2,1500,500,,500,500,44,,200,,,648,,58.2,0.7200,0.6000,0.6000,1.1000,0.00000000,0.10149670,0.16005250,0.00780744,0.00000000,0.19713790,0.33181620,0.90193000,0.00012210,0.00042735,0.00366300,0.00964590,3.62275600,3.31188900,1.80463800,1.11208700,0.61868070,1.10842400,0.80366220,0.72151340,3.31776200,3.31318300,0.79824100,5.04510000,5.04912000,0.00256410, 2, 255, 7, 24,0x50000,No,No,No,No,No,Yes,No,Yes
2026-04-13 20:08:50,0.0,1500,500,,500,500,44,,200,,,648,,58.2,0.7200,0.6000,0.6000,1.1000,0.00000000,0.10247270,0.15907660,0.00487965,0.00000000,0.19713790,0.33181620,0.90193000,0.00024420,0.00036630,0.00390720,0.01025640,3.61811600,3.30724900,1.81294100,1.11208700,0.61758180,1.10732500,0.80292960,0.72205060,3.31867800,3.31226800,0.79794790,5.04778000,5.04778000,0.00341880, 2, 255, 7, 24,0x50000,No,No,No,No,No,Yes,No,Yes
2026-04-13 20:08:52,0.0,1500,500,,500,500,43,,200,,,648,,58.7,0.7200,0.6000,0.6000,1.1000,0.00000000,0.11125600,0.15907660,0.00292779,0.00000000,0.19811380,0.32986440,0.90193000,0.00012210,0.00042735,0.00347985,0.01001220,3.61997200,3.32952100,1.80415000,1.10732500,0.61794810,1.10659200,0.79963290,0.72151340,3.31684600,3.31318300,0.79853400,5.04778000,5.05448000,0.00256410, 2, 255, 7, 24,0x50000,No,No,No,No,No,Yes,No,Yes
2026-04-13 20:08:55,0.2,1500,500,,500,500,44,,200,,,648,,56.5,0.7200,0.6000,0.6000,1.1000,0.00000000,0.10442450,0.15614880,0.00487965,0.00000000,0.19811380,0.33181620,0.89299990,0.00012210,0.00036630,0.00390720,0.00976800,3.62182800,3.30724900,1.80317300,1.10805800,0.61428510,1.10915600,0.80109810,0.72178200,3.31959400,3.31226800,0.79941320,5.05180000,5.05046000,0.00256410, 2, 255, 7, 24,0x50000,No,No,No,No,No,Yes,No,Yes
2026-04-13 20:08:57,1.0,1500,500,,682,704,44,,200,,,648,,57.1,0.8308,0.6000,0.6000,1.1000,0.00000000,0.10052080,0.16200440,0.00585558,0.00000000,0.20592120,0.32986440,1.18769000,0.00012210,0.00048840,0.00347985,0.00940170,3.60883600,3.30168200,1.80073100,1.10732500,0.61575030,1.10805800,0.80036550,0.83728860,3.31776200,3.31409900,0.79882700,5.03840000,5.03572000,0.00256410, 2, 255, 7, 24,0x50000,No,No,No,No,No,Yes,No,Yes
2026-04-13 20:08:59,0.0,1500,500,,500,500,44,,200,,,648,,56.5,0.7200,0.6000,0.6000,1.1000,0.00000000,0.09954486,0.16005250,0.00195186,0.00000000,0.19616190,0.32986440,0.90193000,0.00012210,0.00048840,0.00335775,0.00952380,3.62646800,3.31374500,1.80463800,1.11391800,0.61831440,1.10915600,0.80219700,0.72151340,3.31867800,3.31318300,0.79736190,5.04778000,5.05046000,0.00256410, 2, 255, 7, 24,0x50000,No,No,No,No,No,Yes,No,Yes
2026-04-13 20:09:01,0.0,1500,500,,500,500,44,,200,,,648,,57.1,0.7895,0.6000,0.6000,1.1000,0.00000000,0.10247270,0.16102850,0.00585558,0.00000000,0.21372870,0.33181620,1.03588000,0.00012210,0.00036630,0.00347985,0.01001220,3.61904400,3.31374500,1.80463800,1.10695900,0.61721550,1.10915600,0.80183080,0.79162320,3.32050900,3.31318300,0.79824100,5.04242000,4.99954000,0.00341880, 2, 255, 7, 24,0x50000,No,No,No,No,No,Yes,No,Yes
2026-04-13 20:09:03,0.0,1500,500,,500,500,44,,200,,,648,,57.1,0.7200,0.6000,0.6000,1.1000,0.00000000,0.10344860,0.16005250,0.00780744,0.00000000,0.19616190,0.33084030,0.90193000,0.00024420,0.00036630,0.00360195,0.00940170,3.62461200,3.30817700,1.80512600,1.11355200,0.61831440,1.10439400,0.79963290,0.72151340,3.31959400,3.31043600,0.79853400,5.05984000,5.05180000,0.00256410, 2, 255, 7, 24,0x50000,No,No,No,No,No,Yes,No,Yes
2026-04-13 20:09:05,0.2,1500,500,,500,500,44,,200,,,648,,58.2,0.7200,0.6000,0.6000,1.1000,0.00000000,0.10344860,0.15907660,0.00683151,0.00000000,0.20006570,0.32986440,0.91085990,0.00012210,0.00036630,0.00372405,0.00989010,3.61997200,3.32952100,1.80366100,1.10439400,0.61831440,1.10586000,0.80183080,0.72205060,3.31959400,3.31226800,0.79794790,5.03706000,5.04242000,0.00256410, 2, 255, 7, 24,0x50000,No,No,No,No,No,Yes,No,Yes
2026-04-13 20:09:07,0.0,1500,500,,500,500,44,,200,,,648,,56.5,0.7200,0.6000,0.6000,1.1000,0.00000000,0.09856894,0.16005250,0.00292779,0.00000000,0.19811380,0.33571990,0.90193000,0.00006105,0.00036630,0.00390720,0.00976800,3.61997200,3.32952100,1.80366100,1.10586000,0.61904700,1.10915600,0.79963290,0.72151340,3.31867800,3.31135200,0.79824100,5.05180000,5.04778000,0.00341880, 2, 255, 7, 24,0x50000,No,No,No,No,No,Yes,No,Yes
2026-04-13 20:09:10,0.3,1500,500,,500,500,44,,200,,,648,,56.5,0.7200,0.6000,0.6000,1.1000,0.00000000,0.10247270,0.16005250,0.00683151,0.00000000,0.19421010,0.33181620,0.91979000,0.00024420,0.00036630,0.00360195,0.00940170,3.61811600,3.30724900,1.80121900,1.10695900,0.61868070,1.10659200,0.80292960,0.72124470,3.31776200,3.31226800,0.79853400,5.04778000,5.06117900,0.00256410, 2, 255, 7, 24,0x50000,No,No,No,No,No,Yes,No,Yes
2026-04-13 20:09:12,0.0,1500,500,,500,500,43,,200,,,648,,56.5,0.7200,0.6000,0.6000,1.1000,0.00000000,0.10735230,0.16005250,0.00780744,0.00000000,0.19713790,0.33181620,0.89299990,0.00012210,0.00042735,0.00378510,0.01025640,3.60605200,3.29518600,1.80512600,1.11355200,0.61941330,1.10769100,0.80256330,0.72205060,3.31867800,3.31318300,0.79824100,5.01562000,5.00624000,0.00256410, 2, 255, 7, 24,0x50000,No,No,No,No,No,Yes,No,Yes
2026-04-13 20:09:14,1.0,1500,500,,500,500,44,,200,,,648,,58.2,0.7200,0.6000,0.6000,1.1000,0.00000000,0.10149670,0.16005250,0.00292779,0.00000000,0.19713790,0.33084030,0.91085990,0.00012210,0.00042735,0.00390720,0.00940170,3.62275600,3.32766400,1.81294100,1.10879000,0.61794810,1.10659200,0.80476110,0.72151340,3.31867800,3.31318300,0.79794790,5.04778000,5.05046000,0.00256410, 2, 255, 7, 24,0x50000,No,No,No,No,No,Yes,No,Yes
2026-04-13 20:09:16,0.0,1500,500,,500,500,44,,200,,,648,,56.5,0.7200,0.6000,0.6000,1.1000,0.00000000,0.10052080,0.16005250,0.00487965,0.00000000,0.20592120,0.33279210,0.91085990,0.00000000,0.00042735,0.00390720,0.00940170,3.62182800,3.32766400,1.80415000,1.11465100,0.61831440,1.10915600,0.80256330,0.72205060,3.32050900,3.31226800,0.79794790,5.05984000,5.05984000,0.00256410, 2, 255, 7, 24,0x50000,No,No,No,No,No,Yes,No,Yes
2026-04-13 20:09:18,0.0,1500,500,,500,500,44,,200,,,648,,56.5,0.7200,0.6000,0.6000,1.1000,0.00000000,0.10149670,0.15907660,0.00585558,0.00000000,0.19518600,0.33181620,0.90193000,0.00012210,0.00042735,0.00366300,0.00976800,3.60419700,3.30260900,1.80317300,1.10439400,0.61648290,1.10842400,0.80219700,0.72178200,3.32050900,3.31318300,0.79824100,5.04242000,5.04778000,0.00256410, 2, 255, 7, 24,0x50000,No,No,No,No,No,Yes,No,Yes
2026-04-13 20:09:20,0.0,1500,500,,500,500,44,,200,,,648,,58.2,0.7200,0.6000,0.6000,1.1000,0.00000000,0.10052080,0.16005250,0.00780744,0.00000000,0.19616190,0.33279210,0.91085990,0.00012210,0.00042735,0.00347985,0.00964590,3.61997200,3.32766400,1.80415000,1.10915600,0.61904700,1.10915600,0.80146440,0.72151340,3.31776200,3.31318300,0.79824100,5.05046000,5.05314000,0.00256410, 2, 255, 7, 24,0x50000,No,No,No,No,No,Yes,No,Yes
2026-04-13 20:09:22,0.0,1500,500,,500,500,43,,200,,,648,,56.5,0.7200,0.6000,0.6000,1.1000,0.00000000,0.10832820,0.16005250,0.00780744,0.00000000,0.19713790,0.33181620,0.91979000,0.00024420,0.00042735,0.00360195,0.00976800,3.62646800,3.31188900,1.80463800,1.11355200,0.61941330,1.10915600,0.80256330,0.72178200,3.31776200,3.31318300,0.79824100,5.05046000,5.05046000,0.00256410, 2, 255, 7, 24,0x50000,No,No,No,No,No,Yes,No,Yes
2026-04-13 20:09:25,0.3,1500,500,,500,500,44,,200,,,648,,57.1,0.7200,0.6000,0.6000,1.1000,0.00000000,0.10442450,0.16005250,0.00683151,0.00000000,0.19518600,0.33474400,0.91085990,0.00006105,0.00042735,0.00347985,0.00964590,3.61997200,3.32952100,1.80903400,1.10879000,0.61831440,1.10842400,0.79963290,0.72178200,3.31776200,3.31409900,0.79882700,5.05046000,5.05314000,0.00341880, 2, 255, 7, 24,0x50000,No,No,No,No,No,Yes,No,Yes
2026-04-13 20:09:27,0.0,1500,500,,500,500,43,,200,,,648,,56.5,0.7200,0.6000,0.6000,1.1000,0.00000000,0.10442450,0.16200440,0.00292779,0.00000000,0.19616190,0.32888840,0.91979000,0.00012210,0.00036630,0.00366300,0.01025640,3.62090000,3.30446500,1.80366100,1.10439400,0.61868070,1.10915600,0.80109810,0.72205060,3.31776200,3.31226800,0.79824100,5.04778000,5.04778000,0.00341880, 2, 255, 7, 24,0x50000,No,No,No,No,No,Yes,No,Yes
2026-04-13 20:09:29,0.0,1500,500,,500,500,43,,200,,,648,,56.5,0.7200,0.6000,0.6000,1.1000,0.00000000,0.10637640,0.16005250,0.00487965,0.00000000,0.20689720,0.33084030,0.91085990,0.00024420,0.00036630,0.00360195,0.00976800,3.61811600,3.30353800,1.80121900,1.10769100,0.61758180,1.10879000,0.79963290,0.72205060,3.31959400,3.31409900,0.79882700,5.04912000,5.04778000,0.00341880, 2, 255, 7, 24,0x50000,No,No,No,No,No,Yes,No,Yes
2026-04-13 20:09:31,0.0,1500,500,,500,500,44,,200,,,648,,56.5,0.7200,0.6000,0.6000,1.1000,0.00000000,0.10344860,0.15810070,0.01171116,0.00000000,0.19616190,0.32986440,0.91085990,0.00012210,0.00042735,0.00347985,0.00964590,3.61997200,3.30168200,1.80512600,1.10805800,0.61575030,1.10659200,0.80109810,0.72178200,3.31959400,3.31226800,0.79794790,5.05180000,5.04644000,0.00256410, 2, 255, 7, 24,0x50000,No,No,No,No,No,Yes,No,Yes
2026-04-13 20:09:33,0.0,1500,500,,500,500,44,,200,,,648,,56.5,0.7200,0.6000,0.6000,1.1000,0.00000000,0.10442450,0.15614880,0.00487965,0.00000000,0.19616190,0.33084030,0.90193000,0.00000000,0.00073260,0.00390720,0.01001220,3.62182800,3.31188900,1.79682400,1.11208700,0.61831440,1.10732500,0.80109810,0.72205060,3.31867800,3.31226800,0.79794790,5.04912000,5.05046000,0.00256410, 2, 255, 7, 24,0x50000,No,No,No,No,No,Yes,No,Yes
2026-04-13 20:09:35,0.0,1500,500,,500,500,44,,200,,,648,,56.5,0.7200,0.6000,0.6000,1.1000,0.00000000,0.10149670,0.15907660,0.00292779,0.00000000,0.19713790,0.32888840,0.90193000,0.00012210,0.00073260,0.00335775,0.00940170,3.61069200,3.30724900,1.80073100,1.11208700,0.61721550,1.10586000,0.80439480,0.72178200,3.31776200,3.31318300,0.79794790,5.05046000,5.05850000,0.00256410, 2, 255, 7, 24,0x50000,No,No,No,No,No,Yes,No,Yes
2026-04-13 20:09:37,0.0,1500,500,,500,500,44,,200,,,648,,57.6,0.7200,0.6000,0.6000,1.1000,0.00000000,0.10344860,0.16102850,0.00390372,0.00000000,0.19616190,0.33084030,0.91085990,0.00012210,0.00042735,0.00360195,0.00915750,3.61811600,3.31931300,1.80415000,1.11282000,0.61758180,1.10915600,0.80146440,0.72151340,3.32050900,3.31318300,0.79824100,5.05180000,5.05314000,0.00341880, 2, 255, 7, 24,0x50000,No,No,No,No,No,Yes,No,Yes
2026-04-13 20:09:39,0.0,1500,500,,500,500,44,,200,,,648,,56.5,0.7200,0.6000,0.6000,1.1000,0.00000000,0.10930420,0.15712470,0.00683151,0.00000000,0.19811380,0.32888840,0.91085990,0.00012210,0.00042735,0.00390720,0.00952380,3.62461200,3.31931300,1.80463800,1.10695900,0.61794810,1.10842400,0.80292960,0.72178200,3.31867800,3.31501500,0.79853400,5.05716000,5.05984000,0.00256410, 2, 255, 7, 24,0x50000,No,No,No,No,No,Yes,No,Yes
2026-04-13 20:09:42,0.0,1500,500,,500,500,44,,200,,,648,,56.5,0.7200,0.6000,0.6000,1.1000,0.00000000,0.10149670,0.15810070,0.00292779,0.00000000,0.19616190,0.33181620,0.91085990,0.00018315,0.00036630,0.00335775,0.00940170,3.62461200,3.31188900,1.80415000,1.11428500,0.61831440,1.10659200,0.79963290,0.72178200,3.31959400,3.31409900,0.79882700,5.05984000,5.05716000,0.00256410, 2, 255, 7, 24,0x50000,No,No,No,No,No,Yes,No,Yes
2026-04-13 20:09:44,0.0,1500,500,,500,500,43,,200,,,648,,57.1,0.7200,0.6000,0.6000,1.1000,0.00000000,0.10149670,0.15907660,0.01171116,0.00000000,0.30839390,0.33181620,0.91085990,0.00000000,0.00036630,0.00347985,0.00976800,3.61811600,3.30724900,1.81294100,1.11208700,0.61868070,1.10879000,0.80292960,0.72205060,3.31776200,3.31226800,0.79853400,5.05448000,5.05984000,0.00256410, 2, 255, 7, 24,0x50000,No,No,No,No,No,Yes,No,Yes
2026-04-13 20:09:46,0.3,1500,500,,591,602,44,,200,,,648,,57.1,0.8033,0.6000,0.6000,1.1000,0.00000000,0.10052080,0.16102850,0.01171116,0.00000000,0.19713790,0.33084030,1.09839000,0.00006105,0.00042735,0.00347985,0.01001220,3.61626000,3.30724900,1.81294100,1.11208700,0.61721550,1.10952300,0.80219700,0.80747180,3.31776200,3.31409900,0.79882700,5.04912000,5.05046000,0.00341880, 2, 255, 7, 24,0x50000,No,No,No,No,No,Yes,No,Yes
2026-04-13 20:09:48,0.0,1500,500,,500,500,44,,200,,,648,,56.5,0.7200,0.6000,0.6000,1.1000,0.00000000,0.10149670,0.15810070,0.00487965,0.00000000,0.19713790,0.33376810,0.90193000,0.00006105,0.00042735,0.00366300,0.00964590,3.62461200,3.35550300,1.79877700,1.10586000,0.61794810,1.10842400,0.79963290,0.72151340,3.31867800,3.31226800,0.79824100,5.05314000,5.05314000,0.00256410, 2, 255, 7, 24,0x50000,No,No,No,No,No,Yes,No,Yes
2026-04-13 20:09:50,0.2,1500,500,,500,500,44,,200,,,648,,56.5,0.7200,0.6000,0.6000,1.1000,0.00000000,0.10247270,0.15907660,0.01073523,0.00000000,0.19421010,0.33084030,0.89299990,0.00012210,0.00073260,0.00354090,0.00976800,3.61997200,3.30168200,1.80463800,1.11355200,0.61868070,1.10549400,0.80292960,0.72178200,3.31776200,3.31226800,0.79794790,5.05180000,5.06117900,0.00256410, 2, 255, 7, 24,0x50000,No,No,No,No,No,Yes,No,Yes
2026-04-13 20:09:52,0.0,1500,500,,500,500,43,,200,,,648,,57.6,0.7200,0.6000,0.6000,1.1000,0.00000000,0.10052080,0.15907660,0.00585558,0.00000000,0.19811380,0.32888840,0.90193000,0.00012210,0.00042735,0.00390720,0.01001220,3.62646800,3.31374500,1.80512600,1.10732500,0.61794810,1.10842400,0.79963290,0.72178200,3.31776200,3.31409900,0.79794790,5.05448000,5.05314000,0.00256410, 2, 255, 7, 24,0x50000,No,No,No,No,No,Yes,No,Yes
2026-04-13 20:09:55,0.0,1500,500,,500,500,44,,200,,,648,,56.5,0.7200,0.6000,0.6000,1.1000,0.00000000,0.10344860,0.15810070,0.00780744,0.00000000,0.19713790,0.33084030,0.91085990,0.00024420,0.00036630,0.00360195,0.00964590,3.61811600,3.31931300,1.80561500,1.11208700,0.61868070,1.10842400,0.80146440,0.72178200,3.31867800,3.31318300,0.79882700,5.05046000,5.05716000,0.00256410, 2, 255, 7, 24,0x50000,No,No,No,No,No,Yes,No,Yes
2026-04-13 20:09:57,0.0,1500,500,,500,500,44,,200,,,648,,56.5,0.7200,0.6000,0.6000,1.1000,0.00000000,0.10344860,0.15810070,0.01268709,0.00000000,0.19616190,0.33181620,0.91085990,0.00024420,0.00036630,0.00360195,0.00915750,3.62182800,3.30724900,1.81294100,1.11025500,0.61794810,1.10549400,0.80292960,0.72151340,3.31684600,3.31318300,0.79853400,5.05046000,5.05314000,0.00256410, 2, 255, 7, 24,0x50000,No,No,No,No,No,Yes,No,Yes
2026-04-13 20:09:59,0.0,1500,500,,500,500,43,,200,,,648,,57.1,0.7200,0.6000,0.6000,1.1000,0.00000000,0.10052080,0.15810070,0.00292779,0.00000000,0.19713790,0.33181620,0.90193000,0.00012210,0.00036630,0.00347985,0.00940170,3.61811600,3.30724900,1.80561500,1.11355200,0.61868070,1.10988900,0.79999920,0.72178200,3.31867800,3.31226800,0.79853400,5.05448000,5.04644000,0.00256410, 2, 255, 7, 24,0x50000,No,No,No,No,No,Yes,No,Yes
2026-04-13 20:10:01,0.0,2400,910,,910,960,44,,200,,,648,,59.3,0.8995,0.6000,0.6000,1.1000,0.00000000,0.10052080,0.16395620,0.00878337,0.00000000,0.19811380,0.33376810,1.49131000,0.00006105,0.00042735,0.00360195,0.00989010,3.60790800,3.30724900,1.80366100,1.10732500,0.61831440,1.10586000,0.80439480,0.90256320,3.31776200,3.31409900,0.79853400,5.01160000,5.02768000,0.00256410, 2, 255, 7, 24,0x50000,No,No,No,No,No,Yes,No,Yes
2026-04-13 20:10:03,1.2,2400,910,,910,960,44,,200,,,648,,58.2,0.8995,0.6000,0.6000,1.1000,0.06050766,0.10149670,0.16395620,0.00585558,0.00000000,0.19811380,0.33279210,1.48238000,0.00012210,0.00036630,0.00347985,0.00915750,3.58842100,3.30168200,1.80415000,1.11025500,0.61794810,1.10842400,0.79963290,0.90256320,3.31776200,3.31318300,0.79824100,5.01026000,5.01294000,0.00256410, 2, 255, 7, 24,0x50000,No,No,No,No,No,Yes,No,Yes
2026-04-13 20:10:05,0.2,1500,500,,500,500,44,,200,,,648,,59.3,0.7200,0.6000,0.6000,1.1000,0.07026696,0.10832820,0.16005250,0.00683151,0.00000000,0.19616190,0.33279210,0.93765000,0.00024420,0.00036630,0.00360195,0.00976800,3.60883600,3.30168200,1.80073100,1.11428500,0.61721550,1.10915600,0.80292960,0.72178200,3.32050900,3.31318300,0.79853400,5.03974000,5.03974000,0.00256410, 2, 255, 7, 24,0x50000,No,No,No,No,No,Yes,No,Yes
2026-04-13 20:10:07,0.5,1500,500,,500,500,44,,200,,,648,,58.2,0.7200,0.6000,0.6000,1.1000,0.05855580,0.10247270,0.15614880,0.00487965,0.00000000,0.19518600,0.33084030,0.91085990,0.00024420,0.00036630,0.00360195,0.00964590,3.60976400,3.31188900,1.80463800,1.10915600,0.61831440,1.10659200,0.80292960,0.72178200,3.31776200,3.31501500,0.79853400,5.04108000,5.01562000,0.00256410, 2, 255, 7, 24,0x50000,No,No,No,No,No,Yes,No,Yes
2026-04-13 20:10:10,0.0,1500,500,,500,500,43,,200,,,648,,57.1,0.7200,0.6000,0.6000,1.1000,0.00000000,0.10149670,0.15810070,0.00585558,0.00000000,0.19616190,0.33279210,0.91979000,0.00048840,0.00036630,0.00360195,0.00964590,3.62275600,3.31188900,1.80512600,1.10439400,0.61721550,1.10915600,0.80219700,0.72124470,3.31776200,3.31226800,0.79853400,5.05850000,5.05314000,0.00341880, 2, 255, 7, 24,0x50000,No,No,No,No,No,Yes,No,Yes
2026-04-13 20:10:12,0.0,1500,500,,500,500,44,,200,,,648,,57.6,0.7200,0.6000,0.6000,1.1000,0.00000000,0.09954486,0.15614880,0.00390372,0.00000000,0.19518600,0.33376810,0.91979000,0.00012210,0.00042735,0.00360195,0.00952380,3.61811600,3.30724900,1.80463800,1.10732500,0.61904700,1.10842400,0.80366220,0.72178200,3.31776200,3.31318300,0.79882700,5.04242000,5.05314000,0.00341880, 2, 255, 7, 24,0x50000,No,No,No,No,No,Yes,No,Yes
2026-04-13 20:10:14,0.0,1500,500,,500,500,43,,200,,,648,,56.5,0.7200,0.6000,0.6000,1.1000,0.00000000,0.10149670,0.16005250,0.00585558,0.00000000,0.19518600,0.33181620,0.91085990,0.00018315,0.00042735,0.00390720,0.00952380,3.61533200,3.32952100,1.80366100,1.11391800,0.61831440,1.10915600,0.80439480,0.72205060,3.31867800,3.31318300,0.79941320,5.05716000,5.04778000,0.00341880, 2, 255, 7, 24,0x50000,No,No,No,No,No,Yes,No,Yes
2026-04-13 20:10:16,0.0,1500,500,,500,500,43,,200,,,648,,55.4,0.7200,0.6000,0.6000,1.1000,0.00000000,0.10540040,0.15712470,0.00390372,0.00000000,0.19713790,0.32986440,0.91085990,0.00012210,0.00061050,0.00347985,0.00989010,3.62182800,3.30724900,1.81342900,1.11208700,0.61098840,1.10659200,0.80256330,0.72151340,3.31776200,3.31501500,0.79824100,5.05314000,5.05984000,0.00256410, 2, 255, 7, 24,0x50000,No,No,No,No,No,Yes,No,Yes
2026-04-13 20:10:18,0.0,1500,500,,500,500,44,,200,,,648,,58.2,0.7200,0.6000,0.6000,1.1000,0.00000000,0.10344860,0.15810070,0.00487965,0.00000000,0.20592120,0.33084030,0.91979000,0.00012210,0.00042735,0.00390720,0.01001220,3.62646800,3.31188900,1.80512600,1.10732500,0.61721550,1.10659200,0.80292960,0.72178200,3.32050900,3.31501500,0.79882700,5.05314000,5.05582000,0.00256410, 2, 255, 7, 24,0x50000,No,No,No,No,No,Yes,No,Yes
2026-04-13 20:10:20,0.2,1500,500,,500,500,44,,200,,,648,,58.2,0.7200,0.6000,0.6000,1.1000,0.00000000,0.10149670,0.15810070,0.00780744,0.00000000,0.19616190,0.33084030,0.90193000,0.00012210,0.00061050,0.00347985,0.00952380,3.62182800,3.30724900,1.80512600,1.11355200,0.61831440,1.10842400,0.80439480,0.72205060,3.31867800,3.31409900,0.79794790,5.04778000,5.05448000,0.00256410, 2, 255, 7, 24,0x50000,No,No,No,No,No,Yes,No,Yes
2026-04-13 20:10:22,0.0,1500,500,,500,500,44,,200,,,648,,56.5,0.7200,0.6000,0.6000,1.1000,0.00000000,0.10344860,0.15907660,0.00487965,0.00000000,0.19811380,0.32888840,0.91979000,0.00012210,0.00036630,0.00372405,0.01001220,3.63018000,3.32766400,1.80415000,1.11355200,0.61794810,1.10586000,0.80256330,0.72178200,3.31867800,3.31318300,0.79882700,5.05314000,5.05314000,0.00341880, 2, 255, 7, 24,0x50000,No,No,No,No,No,Yes,No,Yes
2026-04-13 20:10:24,0.0,1500,500,,500,500,43,,200,,,648,,56.0,0.7200,0.6000,0.6000,1.1000,0.00000000,0.10344860,0.16102850,0.00683151,0.00000000,0.19713790,0.33181620,0.90193000,0.00012210,0.00073260,0.00341880,0.00952380,3.62368400,3.30168200,1.80317300,1.11208700,0.60842430,1.10769100,0.80146440,0.72151340,3.31867800,3.31501500,0.79824100,5.04912000,5.05314000,0.00341880, 2, 255, 7, 24,0x50000,No,No,No,No,No,Yes,No,Yes
2026-04-13 20:10:27,0.0,1500,500,,500,500,44,,200,,,648,,57.1,0.7200,0.6000,0.6000,1.1000,0.00000000,0.09856894,0.16005250,0.00292779,0.00000000,0.19518600,0.33084030,0.91085990,0.00012210,0.00036630,0.00347985,0.01025640,3.61811600,3.30724900,1.81342900,1.10805800,0.61721550,1.10952300,0.80146440,0.72151340,3.32050900,3.31318300,0.79824100,5.05314000,5.04376000,0.00341880, 2, 255, 7, 24,0x50000,No,No,No,No,No,Yes,No,Yes
2026-04-13 20:10:29,0.2,1500,500,,500,500,43,,200,,,648,,58.7,0.7200,0.6000,0.6000,1.1000,0.00000000,0.10344860,0.15907660,0.00683151,0.00000000,0.19518600,0.33181620,0.90193000,0.00012210,0.00036630,0.00347985,0.00952380,3.61997200,3.30724900,1.81294100,1.11355200,0.61831440,1.10805800,0.80402850,0.72231920,3.31959400,3.31409900,0.79853400,5.05180000,5.05716000,0.00256410, 2, 255, 7, 24,0x50000,No,No,No,No,No,Yes,No,Yes
2026-04-13 20:10:31,0.0,1500,500,,500,500,44,,200,,,648,,57.6,0.7200,0.6000,0.6000,1.1000,0.00000000,0.10442450,0.15907660,0.00878337,0.00000000,0.19616190,0.33181620,0.91085990,0.00000000,0.00036630,0.00360195,0.00964590,3.62461200,3.31188900,1.80512600,1.10732500,0.61648290,1.10586000,0.79963290,0.72231920,3.31959400,3.31409900,0.79912020,5.05984000,5.05448000,0.00256410, 2, 255, 7, 24,0x50000,No,No,No,No,No,Yes,No,Yes
2026-04-13 20:10:33,0.0,1500,500,,500,500,43,,200,,,648,,58.2,0.7200,0.6000,0.6000,1.1000,0.00000000,0.10735230,0.15907660,0.00292779,0.00000000,0.19616190,0.33181620,0.91979000,0.00012210,0.00042735,0.00347985,0.00964590,3.61811600,3.30724900,1.80561500,1.11355200,0.61648290,1.10842400,0.80146440,0.72205060,3.31959400,3.31409900,0.79912020,5.05448000,5.05180000,0.00341880, 2, 255, 7, 24,0x50000,No,No,No,No,No,Yes,No,Yes
2026-04-13 20:10:35,1.0,1500,500,,682,704,43,,200,,,648,,57.1,0.8308,0.6000,0.6000,1.1000,0.00000000,0.10149670,0.16200440,0.00975930,0.00000000,0.19713790,0.33279210,1.18769000,0.00012210,0.00042735,0.00347985,0.00915750,3.60883600,3.32952100,1.79877700,1.11208700,0.61648290,1.10842400,0.80256330,0.83755720,3.32050900,3.31318300,0.79882700,5.03840000,5.04108000,0.00256410, 2, 255, 7, 24,0x50000,No,No,No,No,No,Yes,No,Yes
2026-04-13 20:10:37,0.0,1500,500,,500,500,44,,200,,,648,,56.5,0.7200,0.6000,0.6000,1.1000,0.00000000,0.10442450,0.15810070,0.00683151,0.00000000,0.20592120,0.33181620,0.91085990,0.00000000,0.00079365,0.00366300,0.00952380,3.62646800,3.31374500,1.80463800,1.11062200,0.61721550,1.10915600,0.80329590,0.72178200,3.31867800,3.31318300,0.79824100,5.05314000,5.04778000,0.00256410, 2, 255, 7, 24,0x50000,No,No,No,No,No,Yes,No,Yes
2026-04-13 20:10:39,0.0,1500,500,,500,500,43,,200,,,648,,57.1,0.7200,0.6000,0.6000,1.1000,0.00000000,0.10149670,0.15907660,0.00683151,0.00000000,0.19616190,0.33181620,0.91979000,0.00012210,0.00036630,0.00360195,0.00952380,3.62182800,3.31931300,1.80512600,1.10695900,0.61831440,1.10842400,0.80256330,0.72151340,3.31867800,3.31135200,0.79824100,5.04778000,5.05582000,0.00341880, 2, 255, 7, 24,0x50000,No,No,No,No,No,Yes,No,Yes
2026-04-13 20:10:42,0.0,1500,500,,500,500,43,,200,,,648,,57.1,0.7200,0.6000,0.6000,1.1000,0.00000000,0.10540040,0.16005250,0.00585558,0.00000000,0.19616190,0.33181620,0.91085990,0.00000000,0.00048840,0.00347985,0.00989010,3.61997200,3.30168200,1.80415000,1.10586000,0.61794810,1.10879000,0.80256330,0.72178200,3.32050900,3.31318300,0.79824100,5.05582000,5.05984000,0.00170940, 2, 255, 7, 24,0x50000,No,No,No,No,No,Yes,No,Yes
2026-04-13 20:10:44,0.0,1500,500,,500,500,44,,200,,,648,,57.1,0.7200,0.6000,0.6000,1.1000,0.00000000,0.10442450,0.15907660,0.00292779,0.00000000,0.19518600,0.32986440,0.91979000,0.00006105,0.00036630,0.00335775,0.00976800,3.62832400,3.31188900,1.80366100,1.11941300,0.61831440,1.10915600,0.80292960,0.72178200,3.31867800,3.31318300,0.79824100,5.05314000,5.05984000,0.00256410, 2, 255, 7, 24,0x50000,No,No,No,No,No,Yes,No,Yes
2026-04-13 20:10:46,0.0,1500,500,,500,500,44,,200,,,648,,56.5,0.7200,0.6000,0.6000,1.1000,0.00000000,0.09954486,0.16102850,0.00390372,0.00000000,0.19616190,0.33279210,0.91085990,0.00012210,0.00036630,0.00360195,0.00940170,3.61811600,3.30724900,1.80121900,1.11208700,0.61758180,1.10842400,0.80256330,0.72178200,3.31959400,3.31318300,0.79941320,5.04644000,5.05984000,0.00256410, 2, 255, 7, 24,0x50000,No,No,No,No,No,Yes,No,Yes
2026-04-13 20:10:48,0.0,1500,500,,500,500,43,,200,,,648,,57.1,0.7200,0.6000,0.6000,1.1000,0.00000000,0.10052080,0.15907660,0.00683151,0.00000000,0.19713790,0.33571990,0.90193000,0.00012210,0.00036630,0.00347985,0.00940170,3.61811600,3.30724900,1.80415000,1.11391800,0.61831440,1.10732500,0.80292960,0.72151340,3.32050900,3.31501500,0.79853400,5.03974000,5.03170000,0.00256410, 2, 255, 7, 24,0x50000,No,No,No,No,No,Yes,No,Yes
2026-04-13 20:10:50,0.0,1500,500,,500,500,44,,200,,,648,,57.6,0.7200,0.6000,0.6000,1.1000,0.00000000,0.12589500,0.16005250,0.00780744,0.00000000,0.32205690,0.32888840,1.41987000,0.00006105,0.00042735,0.00390720,0.00940170,3.61904400,3.32766400,1.79877700,1.10732500,0.60659280,1.10659200,0.82051210,0.72205060,3.31684600,3.31226800,0.79824100,5.04778000,5.05716000,0.00256410, 2, 255, 7, 24,0x50000,No,No,No,No,No,Yes,No,Yes
2026-04-13 20:10:52,1.0,1500,500,,500,500,44,,200,,,648,,57.1,0.7200,0.6000,0.6000,1.1000,0.00000000,0.10052080,0.15712470,0.00780744,0.00000000,0.19616190,0.33181620,0.90193000,0.00006105,0.00036630,0.00335775,0.00976800,3.62275600,3.31931300,1.80415000,1.11208700,0.61868070,1.10659200,0.80329590,0.72178200,3.31776200,3.31226800,0.79794790,5.05582000,5.05984000,0.00256410, 2, 255, 7, 24,0x50000,No,No,No,No,No,Yes,No,Yes
2026-04-13 20:10:54,0.0,1500,500,,500,500,43,,200,,,648,,57.6,0.7200,0.6000,0.6000,1.1000,0.00000000,0.10149670,0.16102850,0.00487965,0.00000000,0.19421010,0.33181620,0.91085990,0.00012210,0.00042735,0.00366300,0.00915750,3.62090000,3.32766400,1.80317300,1.11391800,0.61831440,1.10659200,0.80219700,0.72151340,3.31867800,3.31226800,0.79824100,5.05180000,5.05984000,0.00341880, 2, 255, 7, 24,0x50000,No,No,No,No,No,Yes,No,Yes
2026-04-13 20:10:57,0.0,1500,500,,500,500,43,,200,,,648,,57.1,0.7200,0.6000,0.6000,1.1000,0.00000000,0.09856894,0.15810070,0.00487965,0.00000000,0.19811380,0.32986440,0.91085990,0.00012210,0.00036630,0.00360195,0.00964590,3.62461200,3.31931300,1.80512600,1.11465100,0.61904700,1.10952300,0.80219700,0.72205060,3.31959400,3.31409900,0.79794790,5.04644000,5.05448000,0.00341880, 2, 255, 7, 24,0x50000,No,No,No,No,No,Yes,No,Yes
2026-04-13 20:10:59,0.0,1500,500,,500,500,43,,200,,,648,,56.5,0.7200,0.6000,0.6000,1.1000,0.00000000,0.10052080,0.16005250,0.00195186,0.00000000,0.19811380,0.32888840,0.90193000,0.00000000,0.00048840,0.00390720,0.00989010,3.61626000,3.30260900,1.80317300,1.11318600,0.61831440,1.10842400,0.80219700,0.72178200,3.31867800,3.31318300,0.79882700,5.05448000,5.05046000,0.00256410, 2, 255, 7, 24,0x50000,No,No,No,No,No,Yes,No,Yes
2026-04-13 20:11:01,0.7,1500,500,,500,500,44,,200,,,648,,57.6,0.7200,0.6000,0.6000,1.1000,0.00000000,0.10247270,0.15907660,0.00195186,0.00000000,0.19811380,0.33474400,0.91085990,0.00006105,0.00036630,0.00347985,0.00989010,3.62182800,3.30724900,1.80659200,1.11355200,0.61684920,1.10952300,0.79963290,0.72151340,3.31867800,3.31318300,0.79824100,5.05314000,5.05582000,0.00256410, 2, 255, 7, 24,0x50000,No,No,No,No,No,Yes,No,Yes
2026-04-13 20:11:03,0.0,1500,500,,500,500,43,,200,,,648,,56.5,0.7200,0.6000,0.6000,1.1000,0.00000000,0.09954486,0.16005250,0.00683151,0.00000000,0.19616190,0.33084030,0.91085990,0.00048840,0.00048840,0.00366300,0.00940170,3.62275600,3.32766400,1.80512600,1.10805800,0.61868070,1.10879000,0.80292960,0.72151340,3.32050900,3.31318300,0.79882700,5.05314000,5.04376000,0.00256410, 2, 255, 7, 24,0x50000,No,No,No,No,No,Yes,No,Yes
2026-04-13 20:11:05,0.3,1500,500,,500,500,43,,200,,,648,,56.0,0.7895,0.6000,0.6000,1.1000,0.00000000,0.10052080,0.15907660,0.00780744,0.00000000,0.19713790,0.33181620,1.03588000,0.00012210,0.00073260,0.00347985,0.00940170,3.61811600,3.30724900,1.80561500,1.10586000,0.61684920,1.10842400,0.80109810,0.79189180,3.31959400,3.31409900,0.79882700,5.04376000,5.04242000,0.00341880, 2, 255, 7, 24,0x50000,No,No,No,No,No,Yes,No,Yes
2026-04-13 20:11:07,0.0,1500,500,,500,500,44,,200,,,648,,56.5,0.7200,0.6000,0.6000,1.1000,0.00000000,0.10149670,0.15712470,0.00585558,0.00000000,0.19713790,0.33084030,0.89299990,0.00048840,0.00048840,0.00360195,0.01001220,3.62646800,3.31931300,1.80512600,1.11282000,0.61831440,1.10842400,0.80146440,0.72178200,3.31776200,3.31318300,0.79882700,5.03974000,5.05046000,0.00256410, 2, 255, 7, 24,0x50000,No,No,No,No,No,Yes,No,Yes
2026-04-13 20:11:09,0.0,1500,500,,500,500,44,,200,,,648,,56.0,0.7200,0.6000,0.6000,1.1000,0.00000000,0.10052080,0.16005250,0.00683151,0.00000000,0.19421010,0.33084030,0.90193000,0.00012210,0.00042735,0.00347985,0.00964590,3.62368400,3.32952100,1.80366100,1.10439400,0.61758180,1.10586000,0.80879040,0.72178200,3.31776200,3.31318300,0.79882700,5.05046000,5.05448000,0.00256410, 2, 255, 7, 24,0x50000,No,No,No,No,No,Yes,No,Yes
2026-04-13 20:11:11,0.0,1500,500,,500,500,44,,200,,,648,,57.6,0.7200,0.6000,0.6000,1.1000,0.00000000,0.10149670,0.16102850,0.00878337,0.00000000,0.19713790,0.33376810,0.91979000,0.00000000,0.00073260,0.00360195,0.00964590,3.61811600,3.30724900,1.80317300,1.10879000,0.61794810,1.10952300,0.80292960,0.72178200,3.31959400,3.31409900,0.79882700,5.05046000,5.05984000,0.00256410, 2, 255, 7, 24,0x50000,No,No,No,No,No,Yes,No,Yes
2026-04-13 20:11:14,0.0,1500,500,,500,500,43,,200,,,648,,56.5,0.7200,0.6000,0.6000,1.1000,0.00000000,0.11223200,0.15907660,0.00292779,0.00000000,0.19713790,0.33084030,0.90193000,0.00012210,0.00042735,0.00347985,0.01050060,3.62182800,3.30168200,1.80317300,1.11208700,0.61794810,1.10915600,0.80292960,0.72151340,3.31867800,3.31226800,0.79794790,5.05448000,5.05984000,0.00256410, 2, 255, 7, 24,0x50000,No,No,No,No,No,Yes,No,Yes
2026-04-13 20:11:16,0.0,1500,500,,500,500,44,,200,,,648,,57.6,0.7200,0.6000,0.6000,1.1000,0.00000000,0.10442450,0.15907660,0.00683151,0.00000000,0.19616190,0.33084030,0.90193000,0.00012210,0.00073260,0.00354090,0.00964590,3.61811600,3.30724900,1.80463800,1.10439400,0.61868070,1.10659200,0.80256330,0.72205060,3.31959400,3.31318300,0.79794790,5.05448000,5.05448000,0.00256410, 2, 255, 7, 24,0x50000,No,No,No,No,No,Yes,No,Yes
2026-04-13 20:11:18,0.0,1500,500,,500,500,43,,200,,,648,,56.5,0.7200,0.6000,0.6000,1.1000,0.00000000,0.10344860,0.15907660,0.00683151,0.00000000,0.19518600,0.33279210,0.90193000,0.00012210,0.00036630,0.00347985,0.00940170,3.62368400,3.30168200,1.80415000,1.10732500,0.61831440,1.10659200,0.80439480,0.72151340,3.32050900,3.31318300,0.79941320,5.05448000,5.05984000,0.00256410, 2, 255, 7, 24,0x50000,No,No,No,No,No,Yes,No,Yes
2026-04-13 20:11:20,0.0,1500,500,,500,500,43,,200,,,648,,56.5,0.7200,0.6000,0.6000,1.1000,0.00000000,0.10442450,0.16005250,0.00780744,0.00000000,0.19616190,0.33084030,0.91085990,0.00006105,0.00073260,0.00354090,0.00989010,3.62461200,3.31188900,1.80415000,1.11355200,0.61281990,1.10952300,0.80219700,0.72178200,3.31684600,3.31318300,0.79824100,5.04242000,5.05984000,0.00256410, 2, 255, 7, 24,0x50000,No,No,No,No,No,Yes,No,Yes
2026-04-13 20:11:22,0.0,1500,500,,500,500,44,,200,,,648,,56.5,0.7200,0.6000,0.6000,1.1000,0.00000000,0.10247270,0.15907660,0.00292779,0.00000000,0.19421010,0.33181620,0.90193000,0.00000000,0.00073260,0.00360195,0.00940170,3.62090000,3.30446500,1.81342900,1.11355200,0.61904700,1.10732500,0.80292960,0.72151340,3.31776200,3.31501500,0.79853400,5.05314000,5.04778000,0.00256410, 2, 255, 7, 24,0x50000,No,No,No,No,No,Yes,No,Yes
2026-04-13 20:11:24,0.0,1500,500,,500,500,43,,200,,,648,,57.6,0.7200,0.6000,0.6000,1.1000,0.00000000,0.10832820,0.15907660,0.00487965,0.00000000,0.19421010,0.33084030,0.91085990,0.00006105,0.00042735,0.00390720,0.00976800,3.61811600,3.32766400,1.80512600,1.10695900,0.61501770,1.10842400,0.80256330,0.72231920,3.31867800,3.31409900,0.79824100,5.04778000,5.06117900,0.00341880, 2, 255, 7, 24,0x50000,No,No,No,No,No,Yes,No,Yes
2026-04-13 20:11:26,0.0,1500,500,,500,500,44,,200,,,648,,57.1,0.7200,0.6000,0.6000,1.1000,0.00000000,0.10344860,0.16005250,0.00878337,0.00000000,0.19811380,0.32986440,0.89299990,0.00000000,0.00036630,0.00366300,0.01001220,3.62368400,3.30168200,1.80415000,1.11282000,0.61941330,1.10805800,0.80256330,0.72151340,3.31684600,3.31318300,0.79882700,5.05314000,5.05984000,0.00256410, 2, 255, 7, 24,0x50000,No,No,No,No,No,Yes,No,Yes
2026-04-13 20:11:29,0.0,1500,500,,500,500,44,,200,,,648,,56.5,0.7200,0.6000,0.6000,1.1000,0.00000000,0.10247270,0.16005250,0.00292779,0.00000000,0.19713790,0.32888840,0.90193000,0.00012210,0.00061050,0.00335775,0.01037850,3.62090000,3.35550300,1.80366100,1.11208700,0.61868070,1.10915600,0.80219700,0.72178200,3.31867800,3.31409900,0.79853400,5.04912000,5.05448000,0.00256410, 2, 255, 7, 24,0x50000,No,No,No,No,No,Yes,No,Yes
2026-04-13 20:11:31,0.2,1500,500,,500,500,43,,200,,,648,,56.5,0.7200,0.6000,0.6000,1.1000,0.00000000,0.11320790,0.16005250,0.00878337,0.00000000,0.19518600,0.33084030,0.91085990,0.00012210,0.00036630,0.00347985,0.00940170,3.62182800,3.30168200,1.81098700,1.11391800,0.61831440,1.10915600,0.80109810,0.72151340,3.32050900,3.31318300,0.79882700,5.05314000,5.04912000,0.00256410, 2, 255, 7, 24,0x50000,No,No,No,No,No,Yes,No,Yes
2026-04-13 20:11:33,0.0,1500,500,,500,500,43,,200,,,648,,56.0,0.7200,0.6000,0.6000,1.1000,0.00000000,0.10247270,0.15907660,0.00292779,0.00000000,0.20494530,0.32986440,0.90193000,0.00012210,0.00073260,0.00347985,0.00952380,3.61811600,3.30724900,1.81342900,1.11208700,0.61794810,1.10586000,0.80292960,0.72151340,3.31867800,3.31501500,0.79824100,5.05046000,5.05850000,0.00341880, 2, 255, 7, 24,0x50000,No,No,No,No,No,Yes,No,Yes
2026-04-13 20:11:35,0.0,1500,500,,500,500,43,,200,,,648,,57.6,0.7200,0.6000,0.6000,1.1000,0.00000000,0.09954486,0.15810070,0.00780744,0.00000000,0.19421010,0.33084030,0.90193000,0.00000000,0.00061050,0.00335775,0.00964590,3.62646800,3.31374500,1.80463800,1.10695900,0.61868070,1.10915600,0.80256330,0.72178200,3.31776200,3.31318300,0.79882700,5.05582000,5.04778000,0.00341880, 2, 255, 7, 24,0x50000,No,No,No,No,No,Yes,No,Yes
2026-04-13 20:11:37,0.0,1500,500,,500,500,43,,200,,,648,,56.5,0.7200,0.6000,0.6000,1.1000,0.00000000,0.10149670,0.15907660,0.00683151,0.00000000,0.19811380,0.33084030,0.90193000,0.00012210,0.00036630,0.00335775,0.00964590,3.62182800,3.30724900,1.80903400,1.11391800,0.61684920,1.10805800,0.80292960,0.72151340,3.31959400,3.31409900,0.79853400,5.05448000,5.05314000,0.00256410, 2, 255, 7, 24,0x50000,No,No,No,No,No,Yes,No,Yes
2026-04-13 20:11:39,0.0,1500,500,,500,500,43,,200,,,648,,57.1,0.7200,0.6000,0.6000,1.1000,0.00000000,0.09954486,0.15712470,0.00390372,0.00000000,0.21665650,0.33376810,0.91085990,0.00012210,0.00061050,0.00335775,0.00940170,3.62646800,3.31374500,1.80512600,1.10439400,0.61794810,1.10842400,0.80292960,0.72178200,3.32050900,3.31318300,0.79882700,5.03974000,5.05448000,0.00256410, 2, 255, 7, 24,0x50000,No,No,No,No,No,Yes,No,Yes
2026-04-13 20:11:42,1.0,1500,500,,500,500,44,,200,,,648,,57.6,0.7200,0.6000,0.6000,1.1000,0.00000000,0.10149670,0.15810070,0.00683151,0.00000000,0.19518600,0.33279210,0.89299990,0.00000000,0.00042735,0.00372405,0.00940170,3.61811600,3.30724900,1.81294100,1.10805800,0.61868070,1.10659200,0.80109810,0.72178200,3.31867800,3.31226800,0.79853400,5.05984000,5.06788000,0.00256410, 2, 255, 7, 24,0x50000,No,No,No,No,No,Yes,No,Yes
2026-04-13 20:11:44,0.0,1500,500,,500,500,43,,200,,,648,,56.5,0.7200,0.6000,0.6000,1.1000,0.00000000,0.10930420,0.15712470,0.00487965,0.00000000,0.19518600,0.33084030,0.91979000,0.00048840,0.00036630,0.00354090,0.00915750,3.62461200,3.31188900,1.80415000,1.11428500,0.61758180,1.10842400,0.80292960,0.72124470,3.31867800,3.31409900,0.79794790,5.04778000,5.05984000,0.00256410, 2, 255, 7, 24,0x50000,No,No,No,No,No,Yes,No,Yes
2026-04-13 20:11:46,0.0,1500,500,,500,500,43,,200,,,648,,56.5,0.7200,0.6000,0.6000,1.1000,0.00000000,0.10149670,0.16005250,0.00487965,0.00000000,0.19518600,0.32986440,0.91085990,0.00024420,0.00073260,0.00360195,0.00866910,3.61811600,3.30724900,1.81294100,1.11391800,0.61721550,1.10586000,0.80183080,0.72151340,3.31867800,3.31226800,0.79853400,5.05448000,5.05046000,0.00256410, 2, 255, 7, 24,0x50000,No,No,No,No,No,Yes,No,Yes
2026-04-13 20:11:48,0.2,1500,500,,500,500,44,,200,,,648,,56.0,0.7200,0.6000,0.6000,1.1000,0.00000000,0.10344860,0.16102850,0.00390372,0.00000000,0.19713790,0.32986440,0.91085990,0.00012210,0.00042735,0.00360195,0.01001220,3.62554000,3.30446500,1.80415000,1.11208700,0.61794810,1.10915600,0.79926660,0.72178200,3.31867800,3.31318300,0.79941320,5.05984000,5.06520000,0.00256410, 2, 255, 7, 24,0x50000,No,No,No,No,No,Yes,No,Yes
2026-04-13 20:11:50,0.0,1500,500,,500,500,43,,200,,,648,,56.5,0.7200,0.6000,0.6000,1.1000,0.00000000,0.10344860,0.15712470,0.00683151,0.00000000,0.20104160,0.33181620,0.91085990,0.00012210,0.00036630,0.00347985,0.00940170,3.61811600,3.30724900,1.80317300,1.11465100,0.61684920,1.10915600,0.80439480,0.72151340,3.31959400,3.31318300,0.79853400,5.05716000,5.05046000,0.00256410, 2, 255, 7, 24,0x50000,No,No,No,No,No,Yes,No,Yes
2026-04-13 20:11:52,0.0,1500,500,,500,500,43,,200,,,648,,57.1,0.7200,0.6000,0.6000,1.1000,0.00000000,0.10149670,0.15810070,0.01171116,0.00000000,0.19421010,0.33084030,0.89299990,0.00000000,0.00042735,0.00341880,0.00940170,3.61997200,3.32952100,1.80268400,1.11648200,0.61318620,1.10586000,0.80219700,0.72205060,3.31959400,3.31409900,0.79882700,5.05046000,5.05314000,0.00256410, 2, 255, 7, 24,0x50000,No,No,No,No,No,Yes,No,Yes
2026-04-13 20:11:54,0.0,1500,500,,500,500,43,,200,,,648,,56.5,0.7200,0.6000,0.6000,1.1000,0.00000000,0.10149670,0.15810070,0.00780744,0.00000000,0.19616190,0.33084030,0.91085990,0.00000000,0.00036630,0.00366300,0.01025640,3.62368400,3.32952100,1.80366100,1.11355200,0.61941330,1.10842400,0.80219700,0.72178200,3.31776200,3.31318300,0.79882700,5.05448000,5.05314000,0.00341880, 2, 255, 7, 24,0x50000,No,No,No,No,No,Yes,No,Yes
2026-04-13 20:11:56,0.0,1500,500,,500,500,44,,200,,,648,,56.5,0.7200,0.6000,0.6000,1.1000,0.00000000,0.10149670,0.15810070,0.00390372,0.00000000,0.19616190,0.33084030,0.91979000,0.00012210,0.00042735,0.00354090,0.00940170,3.62646800,3.31188900,1.80512600,1.11208700,0.61794810,1.10879000,0.80292960,0.72178200,3.31867800,3.31318300,0.79882700,5.05046000,5.05180000,0.00256410, 2, 255, 7, 24,0x50000,No,No,No,No,No,Yes,No,Yes
2026-04-13 20:11:59,0.0,1500,500,,500,500,43,,200,,,648,,57.1,0.7200,0.6000,0.6000,1.1000,0.00000000,0.10540040,0.16005250,0.00780744,0.00000000,0.19518600,0.33084030,0.91085990,0.00012210,0.00042735,0.00390720,0.00964590,3.61997200,3.32766400,1.81294100,1.10439400,0.61794810,1.10915600,0.80146440,0.72178200,3.31776200,3.31318300,0.79882700,5.05582000,5.05448000,0.00341880, 2, 255, 7, 24,0x50000,No,No,No,No,No,Yes,No,Yes
2026-04-13 20:12:01,14.2,2400,910,,910,960,44,,200,,,648,,57.6,0.8995,0.6000,0.6000,1.1000,0.00000000,0.10344860,0.16786000,0.00487965,0.00000000,0.19518600,0.32986440,1.47345000,0.00006105,0.00048840,0.00390720,0.00964590,3.61162000,3.31188900,1.80463800,1.11355200,0.61758180,1.10915600,0.79963290,0.90256320,3.31867800,3.31501500,0.79824100,5.02634000,5.03170000,0.00256410, 2, 255, 7, 24,0x50000,No,No,No,No,No,Yes,No,Yes
2026-04-13 20:12:03,0.0,2400,910,,910,960,44,,200,,,648,,58.2,0.8995,0.6000,0.6000,1.1000,0.06441138,0.10442450,0.16395620,0.00585558,0.00000000,0.19616190,0.33181620,1.49131000,0.00000000,0.00054945,0.00390720,0.00952380,3.59677300,3.32766400,1.81294100,1.11355200,0.61758180,1.10915600,0.79963290,0.90202590,3.31867800,3.31501500,0.79824100,5.01562000,5.01294000,0.00256410, 2, 255, 7, 24,0x50000,No,No,No,No,No,Yes,No,Yes
2026-04-13 20:12:05,0.0,1500,500,,500,500,44,,200,,,648,,58.2,0.7200,0.6000,0.6000,1.1000,0.04879650,0.10344860,0.15907660,0.00878337,0.00000000,0.20592120,0.33084030,0.92871990,0.00012210,0.00048840,0.00366300,0.00940170,3.60976400,3.31931300,1.80512600,1.10805800,0.61758180,1.10659200,0.80256330,0.72258790,3.32050900,3.31501500,0.79824100,5.04242000,5.04376000,0.00256410, 2, 255, 7, 24,0x50000,No,No,No,No,No,Yes,No,Yes
2026-04-13 20:12:07,0.3,1500,500,,500,500,43,,200,,,648,,57.6,0.7200,0.6000,0.6000,1.1000,0.06538731,0.10540040,0.15712470,0.00975930,0.00000000,0.19713790,0.33279210,0.92871990,0.00012210,0.00073260,0.00360195,0.00964590,3.61718800,3.30446500,1.80463800,1.11428500,0.61868070,1.10952300,0.80146440,0.72205060,3.32050900,3.31409900,0.79853400,5.05448000,5.04778000,0.00256410, 2, 255, 7, 24,0x50000,No,No,No,No,No,Yes,No,Yes
2026-04-13 20:12:09,0.0,1500,500,,500,500,44,,200,,,648,,57.6,0.7200,0.6000,0.6000,1.1000,0.00000000,0.10344860,0.15810070,0.00780744,0.00000000,0.19908970,0.33279210,0.91085990,0.00024420,0.00042735,0.00366300,0.00940170,3.61997200,3.30168200,1.80415000,1.11465100,0.61831440,1.10659200,0.80219700,0.72205060,3.31959400,3.31409900,0.79912020,5.05984000,5.05314000,0.00341880, 2, 255, 7, 24,0x50000,No,No,No,No,No,Yes,No,Yes
2026-04-13 20:12:11,0.0,1500,500,,500,500,43,,200,,,648,,57.1,0.7200,0.6000,0.6000,1.1000,0.00000000,0.10149670,0.16005250,0.00683151,0.00000000,0.21665650,0.33084030,0.91979000,0.00012210,0.00048840,0.00335775,0.00940170,3.62461200,3.30446500,1.80512600,1.10805800,0.61904700,1.10439400,0.80256330,0.72151340,3.31867800,3.31226800,0.79824100,5.04778000,5.03170000,0.00341880, 2, 255, 7, 24,0x50000,No,No,No,No,No,Yes,No,Yes
2026-04-13 20:12:14,0.0,1500,500,,500,500,43,,200,,,648,,56.5,0.7200,0.6000,0.6000,1.1000,0.00000000,0.10930420,0.16005250,0.00585558,0.00000000,0.19518600,0.33181620,1.07160000,0.00012210,0.00073260,0.00372405,0.01025640,3.61811600,3.30724900,1.80903400,1.10439400,0.61611660,1.10879000,0.79963290,0.72178200,3.31867800,3.31226800,0.79824100,5.04778000,5.04912000,0.00341880, 2, 255, 7, 24,0x50000,No,No,No,No,No,Yes,No,Yes
2026-04-13 20:12:16,0.0,1500,500,,500,500,44,,200,,,648,,57.1,0.7200,0.6000,0.6000,1.1000,0.00000000,0.13760610,0.15810070,0.00780744,0.00000000,0.19323410,0.33181620,0.90193000,0.00012210,0.00042735,0.00390720,0.00976800,3.62461200,3.32766400,1.79877700,1.10732500,0.60476130,1.10952300,0.80219700,0.72151340,3.31867800,3.31226800,0.79794790,5.04778000,5.05984000,0.00256410, 2, 255, 7, 24,0x50000,No,No,No,No,No,Yes,No,Yes
2026-04-13 20:12:18,0.0,1500,500,,500,500,44,,200,,,648,,56.5,0.7200,0.6000,0.6000,1.1000,0.00000000,0.10540040,0.15712470,0.01171116,0.00000000,0.19616190,0.33669580,0.91979000,0.00012210,0.00061050,0.00366300,0.01025640,3.61533200,3.32952100,1.80268400,1.10732500,0.61904700,1.10842400,0.80256330,0.72151340,3.31959400,3.31226800,0.79941320,5.04778000,5.05716000,0.00256410, 2, 255, 7, 24,0x50000,No,No,No,No,No,Yes,No,Yes
2026-04-13 20:12:20,0.0,1500,500,,500,500,44,,200,,,648,,56.5,0.7200,0.6000,0.6000,1.1000,0.00000000,0.10832820,0.15810070,0.00487965,0.00000000,0.19713790,0.33084030,0.91085990,0.00024420,0.00042735,0.00360195,0.01025640,3.62275600,3.30168200,1.80463800,1.10805800,0.61868070,1.10659200,0.80109810,0.72205060,3.31776200,3.31409900,0.79794790,5.05448000,5.05314000,0.00341880, 2, 255, 7, 24,0x50000,No,No,No,No,No,Yes,No,Yes
2026-04-13 20:12:22,0.0,1500,500,,500,500,43,,200,,,648,,58.2,0.7200,0.6000,0.6000,1.1000,0.00000000,0.10442450,0.16005250,0.00683151,0.00000000,0.19713790,0.33279210,0.90193000,0.00024420,0.00048840,0.00366300,0.00964590,3.62461200,3.32766400,1.80415000,1.11355200,0.61794810,1.10952300,0.80329590,0.72178200,3.31959400,3.31318300,0.79882700,5.05582000,5.05314000,0.00256410, 2, 255, 7, 24,0x50000,No,No,No,No,No,Yes,No,Yes
2026-04-13 20:12:24,0.0,1500,500,,500,500,44,,200,,,648,,56.5,0.7200,0.6000,0.6000,1.1000,0.00000000,0.10442450,0.16005250,0.00390372,0.00000000,0.19616190,0.33084030,0.90193000,0.00012210,0.00048840,0.00366300,0.01001220,3.62275600,3.35735900,1.80073100,1.11282000,0.61794810,1.10842400,0.80439480,0.72178200,3.31959400,3.31409900,0.79794790,5.04912000,5.05984000,0.00341880, 2, 255, 7, 24,0x50000,No,No,No,No,No,Yes,No,Yes
2026-04-13 20:12:26,0.2,1500,500,,500,500,43,,200,,,648,,56.0,0.7200,0.6000,0.6000,1.1000,0.00000000,0.10832820,0.15712470,0.00487965,0.00000000,0.19811380,0.33084030,0.91085990,0.00000000,0.00073260,0.00360195,0.00952380,3.62182800,3.30168200,1.80415000,1.10732500,0.61868070,1.10915600,0.80402850,0.72178200,3.31867800,3.31318300,0.79941320,5.05448000,5.04778000,0.00256410, 2, 255, 7, 24,0x50000,No,No,No,No,No,Yes,No,Yes
2026-04-13 20:12:29,0.0,1500,500,,500,500,43,,200,,,648,,57.1,0.7200,0.6000,0.6000,1.1000,0.00000000,0.10149670,0.16005250,0.01171116,0.00000000,0.19616190,0.33181620,0.91085990,0.00000000,0.00048840,0.00366300,0.00989010,3.62275600,3.32952100,1.80805700,1.11355200,0.61868070,1.10842400,0.79963290,0.72205060,3.32050900,3.31501500,0.79824100,5.05180000,5.04242000,0.00256410, 2, 255, 7, 24,0x50000,No,No,No,No,No,Yes,No,Yes
2026-04-13 20:12:31,1.0,1500,500,,500,500,44,,200,,,648,,56.5,0.7200,0.6000,0.6000,1.1000,0.00000000,0.10149670,0.15907660,0.01073523,0.00000000,0.19811380,0.33181620,0.91085990,0.00012210,0.00036630,0.00390720,0.00940170,3.62461200,3.35735900,1.80463800,1.11208700,0.61758180,1.10842400,0.80256330,0.72151340,3.31959400,3.31318300,0.79824100,5.05314000,5.05582000,0.00256410, 2, 255, 7, 24,0x50000,No,No,No,No,No,Yes,No,Yes
2026-04-13 20:12:33,0.0,1500,500,,500,500,43,,200,,,648,,56.5,0.7200,0.6000,0.6000,1.1000,0.00000000,0.10344860,0.15907660,0.00390372,0.00000000,0.19616190,0.33181620,0.90193000,0.00012210,0.00042735,0.00390720,0.01172160,3.62646800,3.32766400,1.79877700,1.10805800,0.61794810,1.10952300,0.80146440,0.72151340,3.31776200,3.31318300,0.79824100,5.05314000,5.05716000,0.00341880, 2, 255, 7, 24,0x50000,No,No,No,No,No,Yes,No,Yes
2026-04-13 20:12:35,0.0,1500,500,,500,500,43,,200,,,648,,57.6,0.7200,0.6000,0.6000,1.1000,0.00000000,0.10442450,0.15907660,0.00780744,0.00000000,0.19421010,0.32888840,0.91085990,0.00000000,0.00073260,0.00366300,0.00976800,3.62275600,3.35550300,1.80463800,1.11391800,0.61831440,1.10952300,0.80292960,0.72205060,3.31959400,3.31226800,0.79912020,5.04510000,5.04912000,0.00256410, 2, 255, 7, 24,0x50000,No,No,No,No,No,Yes,No,Yes
2026-04-13 20:12:37,0.0,1500,500,,500,500,43,,200,,,648,,57.1,0.7200,0.6000,0.6000,1.1000,0.00000000,0.11613570,0.15712470,0.00487965,0.00000000,0.20884900,0.32986440,0.91085990,0.00012210,0.00042735,0.00390720,0.00964590,3.62182800,3.30168200,1.80073100,1.10439400,0.61831440,1.10915600,0.80292960,0.72205060,3.31959400,3.31226800,0.79794790,5.03706000,5.05046000,0.00341880, 2, 255, 7, 24,0x50000,No,No,No,No,No,Yes,No,Yes
2026-04-13 20:12:39,0.0,1500,500,,500,500,43,,200,,,648,,56.5,0.7200,0.6000,0.6000,1.1000,0.00000000,0.10344860,0.16005250,0.00195186,0.00000000,0.19811380,0.32986440,0.89299990,0.00012210,0.00036630,0.00347985,0.00940170,3.61997200,3.30168200,1.79682400,1.11391800,0.61794810,1.10915600,0.80292960,0.72205060,3.31867800,3.31409900,0.79853400,5.05850000,5.05984000,0.00256410, 2, 255, 7, 24,0x50000,No,No,No,No,No,Yes,No,Yes
2026-04-13 20:12:41,0.3,1500,500,,500,500,43,,200,,,648,,56.5,0.7200,0.6000,0.6000,1.1000,0.00000000,0.10149670,0.16005250,0.00683151,0.00000000,0.19518600,0.33084030,0.91085990,0.00000000,0.00054945,0.00378510,0.00964590,3.62275600,3.32766400,1.80366100,1.11355200,0.61831440,1.10659200,0.80439480,0.72151340,3.31959400,3.31318300,0.79882700,5.05046000,5.04242000,0.00341880, 2, 255, 7, 24,0x50000,No,No,No,No,No,Yes,No,Yes
2026-04-13 20:12:43,0.0,1500,500,,500,500,44,,200,,,648,,57.1,0.7200,0.6000,0.6000,1.1000,0.00000000,0.10247270,0.16005250,0.00585558,0.00000000,0.19518600,0.33084030,0.89299990,0.00024420,0.00048840,0.00390720,0.00952380,3.62646800,3.31374500,1.80610300,1.11355200,0.61831440,1.10732500,0.80256330,0.72151340,3.31959400,3.31409900,0.79794790,5.05448000,5.05984000,0.00341880, 2, 255, 7, 24,0x50000,No,No,No,No,No,Yes,No,Yes
2026-04-13 20:12:46,0.0,1500,500,,500,500,44,,200,,,648,,56.5,0.7200,0.6000,0.6000,1.1000,0.00000000,0.11125600,0.15907660,0.00195186,0.00000000,0.19421010,0.33474400,0.91085990,0.00048840,0.00042735,0.00360195,0.00976800,3.61997200,3.32766400,1.80415000,1.10586000,0.61794810,1.10659200,0.79963290,0.72205060,3.32050900,3.31409900,0.79853400,5.05448000,5.05046000,0.00341880, 2, 255, 7, 24,0x50000,No,No,No,No,No,Yes,No,Yes
2026-04-13 20:12:48,0.2,1500,500,,500,500,44,,200,,,648,,56.0,0.7200,0.6000,0.6000,1.1000,0.00000000,0.10442450,0.16005250,0.00878337,0.00000000,0.19616190,0.33084030,0.90193000,0.00012210,0.00085470,0.00366300,0.00952380,3.62368400,3.32952100,1.80708000,1.11062200,0.61684920,1.10439400,0.80292960,0.72178200,3.31867800,3.31501500,0.79882700,5.05314000,5.05314000,0.00341880, 2, 255, 7, 24,0x50000,No,No,No,No,No,Yes,No,Yes
2026-04-13 20:12:50,0.0,1500,500,,500,500,43,,200,,,648,,56.5,0.7200,0.6000,0.6000,1.1000,0.00000000,0.10247270,0.15712470,0.00585558,0.00000000,0.19518600,0.33084030,0.90193000,0.00012210,0.00042735,0.00390720,0.00952380,3.61904400,3.32766400,1.80121900,1.10439400,0.60805800,1.10659200,0.79963290,0.72178200,3.31867800,3.31318300,0.79824100,5.03840000,5.05314000,0.00256410, 2, 255, 7, 24,0x50000,No,No,No,No,No,Yes,No,Yes
2026-04-13 20:12:52,0.0,1500,500,,500,500,43,,200,,,648,,56.5,0.7200,0.6000,0.6000,1.1000,0.00000000,0.11223200,0.15810070,0.00585558,0.00000000,0.19616190,0.33474400,0.90193000,0.00024420,0.00042735,0.00366300,0.01025640,3.62368400,3.30168200,1.80415000,1.10586000,0.61868070,1.10879000,0.80329590,0.72178200,3.31776200,3.31318300,0.79882700,5.05046000,5.05180000,0.00256410, 2, 255, 7, 24,0x50000,No,No,No,No,No,Yes,No,Yes
2026-04-13 20:12:54,0.0,1500,500,,500,500,44,,200,,,648,,56.5,0.7200,0.6000,0.6000,1.1000,0.00000000,0.10442450,0.15712470,0.00585558,0.00000000,0.20006570,0.33181620,0.90193000,0.00012210,0.00036630,0.00360195,0.01001220,3.62090000,3.31931300,1.81587100,1.10695900,0.61721550,1.10842400,0.79963290,0.72178200,3.31959400,3.31409900,0.79853400,5.05180000,5.05716000,0.00341880, 2, 255, 7, 24,0x50000,No,No,No,No,No,Yes,No,Yes
2026-04-13 20:12:56,0.0,1500,500,,500,500,44,,200,,,648,,56.5,0.7200,0.6000,0.6000,1.1000,0.00000000,0.10052080,0.16005250,0.00780744,0.00000000,0.19713790,0.33181620,0.91085990,0.00012210,0.00036630,0.00335775,0.00940170,3.62275600,3.31188900,1.80463800,1.10988900,0.61904700,1.10659200,0.80256330,0.72178200,3.31867800,3.31501500,0.79853400,5.04778000,5.04778000,0.00256410, 2, 255, 7, 24,0x50000,No,No,No,No,No,Yes,No,Yes
2026-04-13 20:12:58,0.2,1500,500,,500,500,44,,200,,,648,,57.1,0.7200,0.6000,0.6000,1.1000,0.00000000,0.10149670,0.15907660,0.00487965,0.00000000,0.19616190,0.32986440,0.90193000,0.00012210,0.00036630,0.00347985,0.01025640,3.62182800,3.30724900,1.80317300,1.10586000,0.61758180,1.10659200,0.80256330,0.72151340,3.31867800,3.31226800,0.79824100,5.05314000,5.05850000,0.00256410, 2, 255, 7, 24,0x50000,No,No,No,No,No,Yes,No,Yes
2026-04-13 20:13:01,0.0,1500,500,,500,500,44,,200,,,648,,56.0,0.7200,0.6000,0.6000,1.1000,0.00000000,0.10735230,0.15810070,0.00585558,0.00000000,0.19421010,0.33084030,0.90193000,0.00012210,0.00061050,0.00347985,0.00976800,3.62182800,3.30724900,1.79877700,1.10805800,0.61977960,1.10842400,0.79963290,0.72151340,3.31867800,3.31318300,0.79941320,5.04778000,5.05850000,0.00341880, 2, 255, 7, 24,0x50000,No,No,No,No,No,Yes,No,Yes
2026-04-13 20:13:03,0.0,1500,500,,500,500,44,,200,,,648,,56.5,0.7200,0.6000,0.6000,1.1000,0.00000000,0.10540040,0.16005250,0.00585558,0.00000000,0.19713790,0.33181620,0.91085990,0.00012210,0.00036630,0.00378510,0.00989010,3.61440400,3.31931300,1.79682400,1.11355200,0.61794810,1.10842400,0.80256330,0.72151340,3.31867800,3.31501500,0.79824100,5.05314000,5.05582000,0.00341880, 2, 255, 7, 24,0x50000,No,No,No,No,No,Yes,No,Yes
2026-04-13 20:13:05,0.2,1500,500,,500,500,43,,200,,,648,,56.5,0.7200,0.6000,0.6000,1.1000,0.00000000,0.12199130,0.15810070,0.00683151,0.00000000,0.20592120,0.33084030,0.90193000,0.00012210,0.00036630,0.00347985,0.00964590,3.62554000,3.31931300,1.80903400,1.10732500,0.61501770,1.10915600,0.79963290,0.72178200,3.31776200,3.31226800,0.79853400,5.04778000,5.05046000,0.00341880, 2, 255, 7, 24,0x50000,No,No,No,No,No,Yes,No,Yes
2026-04-13 20:13:07,0.0,1500,500,,500,500,43,,200,,,648,,57.1,0.7200,0.6000,0.6000,1.1000,0.00000000,0.10344860,0.16005250,0.00585558,0.00000000,0.19616190,0.33181620,0.89299990,0.00000000,0.00061050,0.00372405,0.00940170,3.60883600,3.30168200,1.80708000,1.10695900,0.61868070,1.10842400,0.80036550,0.72178200,3.32050900,3.31409900,0.79912020,5.03438000,4.78246000,0.00256410, 2, 255, 7, 24,0x50000,No,No,No,No,No,Yes,No,Yes
2026-04-13 20:13:09,0.0,1500,500,,500,500,43,,200,,,648,,56.0,0.7200,0.6000,0.6000,1.1000,0.00000000,0.10247270,0.15810070,0.00390372,0.00000000,0.19616190,0.33181620,0.91979000,0.00012210,0.00061050,0.00390720,0.00952380,3.62275600,3.32766400,1.80561500,1.11355200,0.61648290,1.10842400,0.80109810,0.72151340,3.31776200,3.31318300,0.79794790,5.05716000,5.05046000,0.00256410, 2, 255, 7, 24,0x50000,No,No,No,No,No,Yes,No,Yes
2026-04-13 20:13:11,0.2,1500,500,,500,500,43,,200,,,648,,57.6,0.7200,0.6000,0.6000,1.1000,0.00000000,0.10344860,0.15712470,0.00487965,0.00000000,0.19713790,0.33084030,0.91085990,0.00012210,0.00036630,0.00366300,0.00940170,3.63018000,3.32952100,1.80512600,1.10586000,0.61831440,1.10915600,0.80439480,0.72205060,3.32050900,3.31226800,0.79794790,5.05716000,5.06117900,0.00256410, 2, 255, 7, 24,0x50000,No,No,No,No,No,Yes,No,Yes
2026-04-13 20:13:13,0.0,1500,500,,500,500,44,,200,,,648,,56.0,0.7200,0.6000,0.6000,1.1000,0.00000000,0.10442450,0.15810070,0.01171116,0.00000000,0.20494530,0.33376810,0.91085990,0.00012210,0.00042735,0.00366300,0.00940170,3.62090000,3.31188900,1.80512600,1.11355200,0.61684920,1.10695900,0.80256330,0.72178200,3.31867800,3.31135200,0.79941320,5.04644000,5.05314000,0.00341880, 2, 255, 7, 24,0x50000,No,No,No,No,No,Yes,No,Yes
2026-04-13 20:13:16,0.0,1500,500,,500,500,44,,200,,,648,,56.0,0.7200,0.6000,0.6000,1.1000,0.00000000,0.10930420,0.16005250,0.00780744,0.00000000,0.19713790,0.33084030,0.90193000,0.00012210,0.00073260,0.00347985,0.01013430,3.61811600,3.30724900,1.80415000,1.11062200,0.61868070,1.10915600,0.80146440,0.72151340,3.31867800,3.31409900,0.79794790,5.06252000,5.05448000,0.00256410, 2, 255, 7, 24,0x50000,No,No,No,No,No,Yes,No,Yes
2026-04-13 20:13:18,0.0,1500,500,,500,500,44,,200,,,648,,56.5,0.7200,0.6000,0.6000,1.1000,0.00000000,0.10637640,0.15810070,0.01171116,0.00000000,0.19713790,0.33084030,0.91085990,0.00012210,0.00061050,0.00335775,0.00952380,3.62275600,3.32766400,1.80610300,1.11355200,0.61758180,1.10915600,0.80402850,0.72151340,3.32050900,3.31318300,0.79824100,5.05314000,5.05314000,0.00341880, 2, 255, 7, 24,0x50000,No,No,No,No,No,Yes,No,Yes
2026-04-13 20:13:20,1.0,1500,500,,500,500,44,,200,,,648,,57.1,0.7200,0.6000,0.6000,1.1000,0.00000000,0.10540040,0.15712470,0.00292779,0.00000000,0.19811380,0.32888840,0.91085990,0.00012210,0.00036630,0.00360195,0.00964590,3.62461200,3.31188900,1.81294100,1.10732500,0.61941330,1.10842400,0.79963290,0.72178200,3.31776200,3.31409900,0.79882700,5.05046000,5.04778000,0.00341880, 2, 255, 7, 24,0x50000,No,No,No,No,No,Yes,No,Yes
2026-04-13 20:13:22,0.3,1500,500,,500,500,43,,200,,,648,,57.1,0.7200,0.6000,0.6000,1.1000,0.00000000,0.10149670,0.15907660,0.00585558,0.00000000,0.19616190,0.33084030,0.91085990,0.00012210,0.00061050,0.00354090,0.01001220,3.62182800,3.30168200,1.80366100,1.11208700,0.61868070,1.10549400,0.80292960,0.72178200,3.31867800,3.31409900,0.79882700,5.05046000,5.05984000,0.00341880, 2, 255, 7, 24,0x50000,No,No,No,No,No,Yes,No,Yes
2026-04-13 20:13:24,0.0,1500,500,,500,500,43,,200,,,648,,56.0,0.7200,0.6000,0.6000,1.1000,0.00000000,0.10344860,0.16005250,0.00292779,0.00000000,0.19811380,0.32986440,0.91085990,0.00000000,0.00042735,0.00366300,0.00952380,3.62368400,3.32952100,1.80073100,1.10732500,0.61758180,1.10659200,0.80366220,0.72178200,3.32050900,3.31135200,0.79853400,5.05850000,5.05984000,0.00256410, 2, 255, 7, 24,0x50000,No,No,No,No,No,Yes,No,Yes
2026-04-13 20:13:26,0.0,1500,500,,500,500,44,,200,,,648,,57.6,0.7200,0.6000,0.6000,1.1000,0.00000000,0.10344860,0.15810070,0.00487965,0.00000000,0.19616190,0.33376810,0.91085990,0.00012210,0.00073260,0.00354090,0.01025640,3.62461200,3.31188900,1.80561500,1.11208700,0.61868070,1.10842400,0.80073180,0.72205060,3.31959400,3.31043600,0.79941320,5.04778000,5.05984000,0.00256410, 2, 255, 7, 24,0x50000,No,No,No,No,No,Yes,No,Yes
2026-04-13 20:13:28,0.0,1500,500,,500,500,43,,200,,,648,,56.5,0.7200,0.6000,0.6000,1.1000,0.00000000,0.10247270,0.16005250,0.00683151,0.00000000,0.19713790,0.33181620,0.90193000,0.00012210,0.00048840,0.00335775,0.01025640,3.62832400,3.31188900,1.79682400,1.11391800,0.61794810,1.10952300,0.80256330,0.72151340,3.31684600,3.31226800,0.79853400,5.05314000,5.06117900,0.00341880, 2, 255, 7, 24,0x50000,No,No,No,No,No,Yes,No,Yes
2026-04-13 20:13:30,0.0,1500,500,,500,500,43,,200,,,648,,56.5,0.7200,0.6000,0.6000,1.1000,0.00000000,0.10344860,0.15907660,0.00780744,0.00000000,0.19616190,0.32986440,0.90193000,0.00048840,0.00048840,0.00390720,0.00915750,3.62275600,3.31188900,1.80317300,1.11062200,0.61721550,1.11062200,0.80219700,0.72178200,3.31959400,3.31409900,0.79882700,5.05984000,5.05984000,0.00341880, 2, 255, 7, 24,0x50000,No,No,No,No,No,Yes,No,Yes
2026-04-13 20:13:33,0.0,1500,500,,500,500,43,,200,,,648,,56.0,0.7200,0.6000,0.6000,1.1000,0.00000000,0.10832820,0.15907660,0.00878337,0.00000000,0.32205690,0.33181620,0.90193000,0.00024420,0.00048840,0.00390720,0.01001220,3.62275600,3.32766400,1.80366100,1.10732500,0.61868070,1.10659200,0.80439480,0.72231920,3.31776200,3.31226800,0.79912020,5.05180000,5.04644000,0.00341880, 2, 255, 7, 24,0x50000,No,No,No,No,No,Yes,No,Yes
2026-04-13 20:13:35,0.0,1500,500,,500,500,43,,200,,,648,,57.1,0.7200,0.6000,0.6000,1.1000,0.00000000,0.10637640,0.15810070,0.00195186,0.00000000,0.19713790,0.32986440,0.91085990,0.00012210,0.00073260,0.00347985,0.00964590,3.62368400,3.30168200,1.80610300,1.11355200,0.61721550,1.10879000,0.80402850,0.72178200,3.31776200,3.31409900,0.79882700,5.05448000,5.05046000,0.00256410, 2, 255, 7, 24,0x50000,No,No,No,No,No,Yes,No,Yes
2026-04-13 20:13:37,0.5,1500,500,,500,500,43,,200,,,648,,56.5,0.7200,0.6000,0.6000,1.1000,0.00000000,0.10344860,0.15907660,0.00390372,0.00000000,0.19616190,0.32888840,0.90193000,0.00048840,0.00042735,0.00335775,0.01001220,3.62646800,3.35550300,1.80561500,1.11355200,0.61868070,1.10659200,0.79963290,0.72178200,3.31776200,3.31409900,0.79882700,5.06117900,5.05314000,0.00341880, 2, 255, 7, 24,0x50000,No,No,No,No,No,Yes,No,Yes
2026-04-13 20:13:39,0.0,1500,500,,500,500,44,,200,,,648,,56.0,0.7200,0.6000,0.6000,1.1000,0.00000000,0.11028010,0.15907660,0.00390372,0.00000000,0.19713790,0.33376810,0.91085990,0.00012210,0.00036630,0.00347985,0.01001220,3.61811600,3.30724900,1.80512600,1.10732500,0.61794810,1.10915600,0.80292960,0.72178200,3.32050900,3.31318300,0.79824100,5.05314000,5.05046000,0.00341880, 2, 255, 7, 24,0x50000,No,No,No,No,No,Yes,No,Yes
2026-04-13 20:13:41,0.0,1500,500,,500,500,44,,200,,,648,,56.5,0.7200,0.6000,0.6000,1.1000,0.00000000,0.10149670,0.16005250,0.00780744,0.00000000,0.19713790,0.33376810,0.91085990,0.00012210,0.00042735,0.00390720,0.01013430,3.62461200,3.31188900,1.79877700,1.10805800,0.62014590,1.10952300,0.80292960,0.72178200,3.31959400,3.31409900,0.79882700,5.05448000,5.05314000,0.00341880, 2, 255, 7, 24,0x50000,No,No,No,No,No,Yes,No,Yes
2026-04-13 20:13:43,0.0,1500,500,,500,500,44,,200,,,648,,56.0,0.7200,0.6000,0.6000,1.1000,0.00000000,0.10149670,0.15810070,0.00487965,0.00000000,0.19616190,0.33181620,0.89299990,0.00024420,0.00036630,0.00360195,0.00976800,3.62554000,3.31188900,1.80415000,1.10805800,0.61501770,1.10915600,0.80256330,0.72205060,3.31867800,3.31226800,0.79853400,5.05984000,5.05314000,0.00341880, 2, 255, 7, 24,0x50000,No,No,No,No,No,Yes,No,Yes
2026-04-13 20:13:45,0.0,1500,500,,500,500,43,,200,,,648,,56.0,0.7200,0.6000,0.6000,1.1000,0.00000000,0.10247270,0.15907660,0.00683151,0.00000000,0.20592120,0.33181620,0.91085990,0.00024420,0.00042735,0.00347985,0.00964590,3.62182800,3.30724900,1.80463800,1.10805800,0.61831440,1.10659200,0.80109810,0.72124470,3.32142500,3.31409900,0.79882700,5.03572000,5.05716000,0.00341880, 2, 255, 7, 24,0x50000,No,No,No,No,No,Yes,No,Yes
2026-04-13 20:13:48,0.0,1500,500,,500,500,43,,200,,,648,,56.0,0.7200,0.6000,0.6000,1.1000,0.00000000,0.10344860,0.15907660,0.00780744,0.00000000,0.19616190,0.33084030,0.90193000,0.00006105,0.00042735,0.00390720,0.01025640,3.62461200,3.32766400,1.80512600,1.10879000,0.61904700,1.10732500,0.80512740,0.72205060,3.31959400,3.31409900,0.79853400,5.05984000,5.05314000,0.00341880, 2, 255, 7, 24,0x50000,No,No,No,No,No,Yes,No,Yes
2026-04-13 20:13:50,0.0,1500,500,,500,500,43,,200,,,648,,57.6,0.7200,0.6000,0.6000,1.1000,0.00000000,0.10052080,0.15810070,0.01171116,0.00000000,0.19616190,0.32986440,0.90193000,0.00012210,0.00061050,0.00366300,0.01001220,3.62368400,3.32952100,1.80415000,1.10695900,0.61794810,1.10842400,0.80292960,0.72178200,3.32050900,3.31501500,0.79824100,5.04778000,5.04912000,0.00341880, 2, 255, 7, 24,0x50000,No,No,No,No,No,Yes,No,Yes
2026-04-13 20:13:52,0.0,1500,500,,500,500,44,,200,,,648,,55.4,0.7200,0.6000,0.6000,1.1000,0.00000000,0.12101530,0.16005250,0.00683151,0.00000000,0.19616190,0.33084030,0.91085990,0.00012210,0.00036630,0.00366300,0.01025640,3.61904400,3.35550300,1.80366100,1.11391800,0.61575030,1.10915600,0.80256330,0.72151340,3.32050900,3.31318300,0.79824100,5.04778000,5.05314000,0.00341880, 2, 255, 7, 24,0x50000,No,No,No,No,No,Yes,No,Yes
2026-04-13 20:13:54,0.0,1500,500,,500,500,43,,200,,,648,,56.0,0.7200,0.6000,0.6000,1.1000,0.00000000,0.10052080,0.15907660,0.00487965,0.00000000,0.19518600,0.33084030,0.90193000,0.00024420,0.00048840,0.00366300,0.00940170,3.62646800,3.31188900,1.80512600,1.10732500,0.61794810,1.10842400,0.80256330,0.72231920,3.31776200,3.31318300,0.79882700,5.05984000,5.05046000,0.00256410, 2, 255, 7, 24,0x50000,No,No,No,No,No,Yes,No,Yes
2026-04-13 20:13:56,0.0,1500,500,,500,500,43,,200,,,648,,56.5,0.7200,0.6000,0.6000,1.1000,0.00000000,0.10247270,0.16005250,0.00390372,0.00000000,0.19518600,0.33181620,0.90193000,0.00012210,0.00042735,0.00360195,0.00940170,3.62646800,3.31188900,1.80463800,1.10879000,0.61501770,1.10659200,0.79890030,0.72178200,3.31684600,3.31409900,0.79882700,5.05046000,5.05046000,0.00256410, 2, 255, 7, 24,0x50000,No,No,No,No,No,Yes,No,Yes
2026-04-13 20:13:58,0.0,1500,500,,500,500,43,,200,,,648,,56.0,0.7200,0.6000,0.6000,1.1000,0.00000000,0.10247270,0.16102850,0.00390372,0.00000000,0.19421010,0.33181620,0.90193000,0.00000000,0.00073260,0.00366300,0.00989010,3.62090000,3.32952100,1.80366100,1.11355200,0.61941330,1.10915600,0.80146440,0.72205060,3.31867800,3.31409900,0.79882700,5.04912000,5.05984000,0.00256410, 2, 255, 7, 24,0x50000,No,No,No,No,No,Yes,No,Yes
2026-04-13 20:14:00,8.5,2400,910,,910,960,44,,200,,,648,,58.2,0.8995,0.6000,0.6000,1.1000,0.00000000,0.10247270,0.16590810,0.00585558,0.00000000,0.19421010,0.33181620,1.48238000,0.00012210,0.00036630,0.00360195,0.00976800,3.61811600,3.30168200,1.80415000,1.10732500,0.60219720,1.10659200,0.80256330,0.90256320,3.31867800,3.31318300,0.79824100,5.04242000,5.04108000,0.00341880, 2, 255, 7, 24,0x50000,No,No,No,No,No,Yes,No,Yes
2026-04-13 20:14:03,0.2,2400,910,,910,960,44,,200,,,648,,58.2,0.8995,0.6000,0.6000,1.1000,0.05757987,0.10247270,0.16590810,0.00585558,0.00000000,0.19616190,0.32986440,1.49131000,0.00012210,0.00042735,0.00347985,0.00903540,3.54109500,3.30724900,1.80415000,1.10695900,0.61428510,1.10586000,0.80292960,0.90229460,3.31776200,3.31409900,0.79882700,5.01294000,5.01428000,0.00256410, 2, 255, 7, 24,0x50000,No,No,No,No,No,Yes,No,Yes
2026-04-13 20:14:05,0.0,2400,910,,910,960,43,,200,,,648,,58.7,0.8995,0.6000,0.6000,1.1000,0.05172429,0.10344860,0.16590810,0.00975930,0.00000000,0.19713790,0.33181620,1.48238000,0.00012210,0.00036630,0.00366300,0.00976800,3.60234100,3.31931300,1.80903400,1.11282000,0.61575030,1.10952300,0.80292960,0.90256320,3.31959400,3.31318300,0.79882700,5.00758000,5.01026000,0.00256410, 2, 255, 7, 24,0x50000,No,No,No,No,No,Yes,No,Yes
2026-04-13 20:14:07,0.5,1500,500,,500,500,44,,200,,,648,,58.2,0.7200,0.6000,0.6000,1.1000,0.05953173,0.10052080,0.15810070,0.00878337,0.00000000,0.19518600,0.32888840,0.91085990,0.00024420,0.00036630,0.00347985,0.00940170,3.60883600,3.32766400,1.80415000,1.11282000,0.61758180,1.10952300,0.80219700,0.72178200,3.31776200,3.31501500,0.79882700,5.03572000,5.05046000,0.00341880, 2, 255, 7, 24,0x50000,No,No,No,No,No,Yes,No,Yes
2026-04-13 20:14:09,1.5,1500,500,,500,500,44,,200,,,648,,57.1,0.7200,0.6000,0.6000,1.1000,0.00000000,0.10052080,0.15907660,0.00683151,0.00000000,0.19713790,0.33084030,0.91085990,0.00012210,0.00048840,0.00378510,0.00964590,3.62275600,3.32766400,1.80073100,1.11465100,0.61868070,1.10659200,0.80439480,0.72178200,3.31867800,3.31501500,0.79853400,5.04778000,5.05314000,0.00341880, 2, 255, 7, 24,0x50000,No,No,No,No,No,Yes,No,Yes
2026-04-13 20:14:11,0.0,1500,500,,500,500,44,,200,,,648,,58.2,0.7200,0.6000,0.6000,1.1000,0.00000000,0.10247270,0.15810070,0.00487965,0.00000000,0.19908970,0.32986440,0.90193000,0.00012210,0.00036630,0.00390720,0.00976800,3.62182800,3.30353800,1.80463800,1.11355200,0.61868070,1.10842400,0.80292960,0.72178200,3.31776200,3.31318300,0.79794790,5.05046000,5.05180000,0.00341880, 2, 255, 7, 24,0x50000,No,No,No,No,No,Yes,No,Yes
2026-04-13 20:14:13,0.2,1500,500,,500,500,44,,200,,,648,,57.1,0.7200,0.6000,0.6000,1.1000,0.00000000,0.10052080,0.16005250,0.00487965,0.00000000,0.19713790,0.33084030,0.90193000,0.00012210,0.00036630,0.00347985,0.01025640,3.62182800,3.30724900,1.80903400,1.10732500,0.61794810,1.10659200,0.80219700,0.72178200,3.32050900,3.31501500,0.79882700,5.05046000,5.05046000,0.00341880, 2, 255, 7, 24,0x50000,No,No,No,No,No,Yes,No,Yes
2026-04-13 20:14:15,0.0,1500,500,,500,500,44,,200,,,648,,56.5,0.7200,0.6000,0.6000,1.1000,0.00000000,0.10247270,0.15907660,0.00487965,0.00000000,0.19518600,0.33181620,0.91979000,0.00012210,0.00036630,0.00335775,0.01025640,3.62275600,3.31188900,1.80463800,1.11391800,0.61904700,1.10732500,0.80256330,0.72151340,3.31959400,3.31226800,0.79853400,5.04778000,5.05314000,0.00341880, 2, 255, 7, 24,0x50000,No,No,No,No,No,Yes,No,Yes
2026-04-13 20:14:17,0.0,1500,500,,500,500,43,,200,,,648,,56.5,0.7200,0.6000,0.6000,1.1000,0.00000000,0.10149670,0.16005250,0.00683151,0.00000000,0.20689720,0.33084030,0.91085990,0.00012210,0.00036630,0.00335775,0.00976800,3.61811600,3.31931300,1.80073100,1.10805800,0.61868070,1.10586000,0.80146440,0.72151340,3.31867800,3.31318300,0.79882700,5.05180000,5.05984000,0.00256410, 2, 255, 7, 24,0x50000,No,No,No,No,No,Yes,No,Yes
2026-04-13 20:14:20,0.0,1500,500,,500,500,43,,200,,,648,,57.6,0.7200,0.6000,0.6000,1.1000,0.00000000,0.10149670,0.16005250,0.00097593,0.00000000,0.19616190,0.32986440,0.91979000,0.00012210,0.00042735,0.00366300,0.01001220,3.62832400,3.32766400,1.80366100,1.11391800,0.61868070,1.10842400,0.80292960,0.72231920,3.31959400,3.31409900,0.79882700,5.05448000,5.05984000,0.00256410, 2, 255, 7, 24,0x50000,No,No,No,No,No,Yes,No,Yes
2026-04-13 20:14:22,0.0,1500,500,,500,500,44,,200,,,648,,56.5,0.7200,0.6000,0.6000,1.1000,0.00000000,0.10149670,0.16102850,0.00585558,0.00000000,0.19421010,0.33181620,0.90193000,0.00024420,0.00036630,0.00360195,0.00915750,3.62461200,3.31188900,1.80903400,1.11208700,0.61794810,1.10805800,0.80439480,0.72205060,3.31959400,3.31501500,0.79853400,5.04644000,5.05984000,0.00256410, 2, 255, 7, 24,0x50000,No,No,No,No,No,Yes,No,Yes
2026-04-13 20:14:24,0.0,1500,500,,500,500,44,,200,,,648,,57.6,0.7200,0.6000,0.6000,1.1000,0.00000000,0.10247270,0.15810070,0.00487965,0.00000000,0.19421010,0.33279210,0.91085990,0.00006105,0.00042735,0.00390720,0.01013430,3.62275600,3.35735900,1.80415000,1.10805800,0.61648290,1.10915600,0.79963290,0.72151340,3.32050900,3.31318300,0.79824100,5.05180000,5.05314000,0.00341880, 2, 255, 7, 24,0x50000,No,No,No,No,No,Yes,No,Yes
2026-04-13 20:14:26,0.5,1500,500,,500,500,44,,200,,,648,,56.5,0.7200,0.6000,0.6000,1.1000,0.00000000,0.10149670,0.15907660,0.00292779,0.00000000,0.19518600,0.33279210,0.91979000,0.00012210,0.00036630,0.00360195,0.00976800,3.62832400,3.31931300,1.80463800,1.11355200,0.61538400,1.10842400,0.79670250,0.72205060,3.32050900,3.31409900,0.79912020,5.05448000,5.06117900,0.00341880, 2, 255, 7, 24,0x50000,No,No,No,No,No,Yes,No,Yes
2026-04-13 20:14:28,0.0,1500,500,,500,500,44,,200,,,648,,56.5,0.7200,0.6000,0.6000,1.1000,0.00000000,0.10247270,0.15712470,0.00487965,0.00000000,0.19713790,0.32986440,0.91085990,0.00012210,0.00061050,0.00360195,0.00976800,3.61811600,3.30724900,1.80561500,1.11465100,0.61794810,1.10659200,0.80292960,0.72205060,3.31959400,3.31226800,0.79853400,5.04778000,5.05716000,0.00341880, 2, 255, 7, 24,0x50000,No,No,No,No,No,Yes,No,Yes
2026-04-13 20:14:30,0.0,1500,500,,500,500,43,,200,,,648,,56.5,0.7200,0.6000,0.6000,1.1000,0.00000000,0.10149670,0.15907660,0.01073523,0.00000000,0.19616190,0.33181620,0.91085990,0.00024420,0.00042735,0.00390720,0.00964590,3.62368400,3.30260900,1.80463800,1.11208700,0.61831440,1.10842400,0.79963290,0.72178200,3.31867800,3.31318300,0.79882700,5.04510000,5.04778000,0.00341880, 2, 255, 7, 24,0x50000,No,No,No,No,No,Yes,No,Yes
2026-04-13 20:14:32,0.2,1500,500,,500,500,44,,200,,,648,,56.5,0.7200,0.6000,0.6000,1.1000,0.00000000,0.10149670,0.15907660,0.01073523,0.00000000,0.19908970,0.33084030,0.91085990,0.00024420,0.00036630,0.00347985,0.00964590,3.62275600,3.32766400,1.80512600,1.10805800,0.61721550,1.10952300,0.79963290,0.72178200,3.31776200,3.31318300,0.79882700,5.05046000,5.05314000,0.00341880, 2, 255, 7, 24,0x50000,No,No,No,No,No,Yes,No,Yes
2026-04-13 20:14:35,0.0,1500,500,,500,500,44,,200,,,648,,57.1,0.7200,0.6000,0.6000,1.1000,0.00000000,0.10052080,0.16005250,0.00878337,0.00000000,0.19811380,0.32986440,0.90193000,0.00012210,0.00042735,0.00390720,0.01001220,3.62646800,3.35550300,1.80415000,1.10586000,0.61904700,1.10732500,0.80292960,0.72151340,3.31959400,3.31226800,0.79794790,5.05180000,5.03706000,0.00341880, 2, 255, 7, 24,0x50000,No,No,No,No,No,Yes,No,Yes
2026-04-13 20:14:37,0.0,1500,500,,500,500,43,,200,,,648,,56.5,0.7200,0.6000,0.6000,1.1000,0.00000000,0.10832820,0.16005250,0.00585558,0.00000000,0.20884900,0.32888840,0.91085990,0.00024420,0.00073260,0.00390720,0.00940170,3.62832400,3.31188900,1.80512600,1.10805800,0.61575030,1.10732500,0.80292960,0.72151340,3.31867800,3.31226800,0.79853400,5.04644000,5.05180000,0.00341880, 2, 255, 7, 24,0x50000,No,No,No,No,No,Yes,No,Yes
2026-04-13 20:14:39,0.0,1500,500,,500,500,43,,200,,,648,,57.1,0.7200,0.6000,0.6000,1.1000,0.00000000,0.10247270,0.16005250,0.00683151,0.00000000,0.19518600,0.33181620,0.90193000,0.00012210,0.00042735,0.00347985,0.00952380,3.61997200,3.32952100,1.80415000,1.11062200,0.61868070,1.10915600,0.80219700,0.72205060,3.31776200,3.31409900,0.79853400,5.05448000,5.05716000,0.00256410, 2, 255, 7, 24,0x50000,No,No,No,No,No,Yes,No,Yes
2026-04-13 20:14:41,0.0,1500,500,,500,500,44,,200,,,648,,57.1,0.7200,0.6000,0.6000,1.1000,0.00000000,0.11028010,0.15517290,0.00878337,0.00000000,0.19518600,0.33279210,0.91085990,0.00012210,0.00061050,0.00335775,0.00976800,3.61811600,3.30724900,1.80903400,1.11062200,0.61794810,1.10659200,0.80292960,0.72178200,3.31867800,3.31318300,0.79794790,5.05716000,5.04912000,0.00256410, 2, 255, 7, 24,0x50000,No,No,No,No,No,Yes,No,Yes
2026-04-13 20:14:43,0.0,1500,500,,500,500,44,,200,,,648,,57.6,0.7200,0.6000,0.6000,1.1000,0.00000000,0.10344860,0.15810070,0.00780744,0.00000000,0.19811380,0.33376810,0.91085990,0.00000000,0.00061050,0.00390720,0.00976800,3.62646800,3.31188900,1.80512600,1.11428500,0.61868070,1.10659200,0.80329590,0.72151340,3.31776200,3.31318300,0.79824100,5.05314000,5.05716000,0.00341880, 2, 255, 7, 24,0x50000,No,No,No,No,No,Yes,No,Yes
2026-04-13 20:14:45,0.0,1500,500,,500,500,44,,200,,,648,,56.0,0.7200,0.6000,0.6000,1.1000,0.00000000,0.10149670,0.15614880,0.00683151,0.00000000,0.19713790,0.32986440,0.90193000,0.00012210,0.00073260,0.00354090,0.00940170,3.62461200,3.31931300,1.80415000,1.10915600,0.61831440,1.10659200,0.80256330,0.72178200,3.31776200,3.31409900,0.79882700,5.05582000,5.05984000,0.00341880, 2, 255, 7, 24,0x50000,No,No,No,No,No,Yes,No,Yes
2026-04-13 20:14:47,0.2,1500,500,,500,500,43,,200,,,648,,56.5,0.7200,0.6000,0.6000,1.1000,0.00000000,0.10052080,0.15712470,0.00487965,0.00000000,0.19616190,0.42745730,0.91085990,0.00048840,0.00048840,0.00390720,0.00964590,3.62275600,3.35735900,1.79877700,1.11355200,0.61794810,1.10915600,0.80292960,0.72178200,3.31867800,3.31318300,0.79824100,5.04778000,5.04778000,0.00341880, 2, 255, 7, 24,0x50000,No,No,No,No,No,Yes,No,Yes
2026-04-13 20:14:50,0.0,1500,500,,500,500,43,,200,,,648,,56.0,0.7200,0.6000,0.6000,1.1000,0.00000000,0.10247270,0.15907660,0.00487965,0.00000000,0.19616190,0.33084030,0.91085990,0.00024420,0.00042735,0.00354090,0.01037850,3.62182800,3.32952100,1.80317300,1.10732500,0.61794810,1.10842400,0.80183080,0.72178200,3.31867800,3.31501500,0.79824100,5.05850000,5.05716000,0.00256410, 2, 255, 7, 24,0x50000,No,No,No,No,No,Yes,No,Yes
2026-04-13 20:14:52,0.0,1500,500,,500,500,44,,200,,,648,,56.5,0.7200,0.6000,0.6000,1.1000,0.00000000,0.10735230,0.16005250,0.02049453,0.00000000,0.19616190,0.33181620,0.90193000,0.00012210,0.00042735,0.00347985,0.00976800,3.62182800,3.30724900,1.81294100,1.11355200,0.61721550,1.10439400,0.80292960,0.72205060,3.32050900,3.31409900,0.79941320,5.05984000,5.05046000,0.00256410, 2, 255, 7, 24,0x50000,No,No,No,No,No,Yes,No,Yes
2026-04-13 20:14:54,0.0,1500,500,,500,500,43,,200,,,648,,56.5,0.7200,0.6000,0.6000,1.1000,0.00000000,0.10442450,0.15907660,0.00487965,0.00000000,0.19616190,0.33279210,0.90193000,0.00012210,0.00036630,0.00360195,0.01013430,3.61811600,3.30446500,1.80561500,1.10586000,0.61831440,1.10842400,0.80219700,0.72231920,3.31867800,3.31409900,0.79794790,5.05448000,5.05314000,0.00341880, 2, 255, 7, 24,0x50000,No,No,No,No,No,Yes,No,Yes
2026-04-13 20:14:56,0.0,1500,500,,500,500,44,,200,,,648,,55.4,0.7200,0.6000,0.6000,1.1000,0.00000000,0.11320790,0.16005250,0.00683151,0.00000000,0.19616190,0.33084030,0.91979000,0.00012210,0.00042735,0.00360195,0.00989010,3.62182800,3.30724900,1.80903400,1.11391800,0.61941330,1.10659200,0.80439480,0.72178200,3.32234100,3.31501500,0.79824100,5.05314000,5.05046000,0.00256410, 2, 255, 7, 24,0x50000,No,No,No,No,No,Yes,No,Yes
2026-04-13 20:14:58,1.0,1500,500,,500,500,44,,200,,,648,,56.0,0.7200,0.6000,0.6000,1.1000,0.00000000,0.10247270,0.15810070,0.00585558,0.00000000,0.19713790,0.33279210,0.91085990,0.00024420,0.00036630,0.00360195,0.01025640,3.62182800,3.32952100,1.80317300,1.11391800,0.61977960,1.10842400,0.80329590,0.72151340,3.31867800,3.31135200,0.79794790,5.06252000,5.05046000,0.00256410, 2, 255, 7, 24,0x50000,No,No,No,No,No,Yes,No,Yes
2026-04-13 20:15:00,0.0,1500,500,,500,500,44,,200,,,648,,56.5,0.7200,0.6000,0.6000,1.1000,0.00000000,0.10052080,0.15810070,0.00390372,0.00000000,0.19616190,0.33084030,0.89299990,0.00024420,0.00042735,0.00366300,0.00976800,3.62090000,3.35735900,1.80317300,1.11355200,0.61904700,1.10915600,0.80366220,0.72151340,3.31867800,3.31409900,0.79882700,5.05448000,5.05448000,0.00341880, 2, 255, 7, 24,0x50000,No,No,No,No,No,Yes,No,Yes
2026-04-13 20:15:02,0.0,1500,500,,500,500,44,,200,,,648,,56.5,0.7200,0.6000,0.6000,1.1000,0.00000000,0.10832820,0.16005250,0.00780744,0.00000000,0.19616190,0.33279210,0.91085990,0.00012210,0.00036630,0.00360195,0.01001220,3.62554000,3.30446500,1.80903400,1.11025500,0.61721550,1.10842400,0.80219700,0.72205060,3.31959400,3.31409900,0.79853400,5.05984000,5.05850000,0.00341880, 2, 255, 7, 24,0x50000,No,No,No,No,No,Yes,No,Yes
2026-04-13 20:15:05,0.0,1500,500,,500,500,44,,200,,,648,,57.6,0.7200,0.6000,0.6000,1.1000,0.00000000,0.10344860,0.16005250,0.00683151,0.00000000,0.19713790,0.33084030,0.90193000,0.00012210,0.00042735,0.00347985,0.00915750,3.62182800,3.30724900,1.81440600,1.10732500,0.61831440,1.10915600,0.80256330,0.72231920,3.31776200,3.31409900,0.79912020,5.05046000,5.05448000,0.00256410, 2, 255, 7, 24,0x50000,No,No,No,No,No,Yes,No,Yes
2026-04-13 20:15:07,0.0,1500,500,,500,500,44,,200,,,648,,56.5,0.7200,0.6000,0.6000,1.1000,0.00000000,0.10540040,0.16005250,0.00780744,0.00000000,0.19616190,0.33181620,0.90193000,0.00000000,0.00042735,0.00360195,0.00964590,3.61811600,3.30724900,1.80415000,1.11355200,0.61831440,1.10879000,0.80256330,0.72205060,3.32050900,3.31409900,0.79794790,5.05180000,5.04912000,0.00341880, 2, 255, 7, 24,0x50000,No,No,No,No,No,Yes,No,Yes
2026-04-13 20:15:09,0.0,1500,500,,500,500,43,,200,,,648,,57.6,0.7200,0.6000,0.6000,1.1000,0.00000000,0.10247270,0.15712470,0.00195186,0.00000000,0.19616190,0.32986440,0.89299990,0.00012210,0.00054945,0.00390720,0.00940170,3.61997200,3.30168200,1.80708000,1.11355200,0.61794810,1.10842400,0.80146440,0.72231920,3.31959400,3.31409900,0.79912020,5.04912000,5.05582000,0.00256410, 2, 255, 7, 24,0x50000,No,No,No,No,No,Yes,No,Yes
2026-04-13 20:15:11,0.0,1500,500,,500,500,44,,200,,,648,,57.1,0.7200,0.6000,0.6000,1.1000,0.00000000,0.10149670,0.15907660,0.00292779,0.00000000,0.20006570,0.33571990,0.90193000,0.00012210,0.00042735,0.00390720,0.01001220,3.62090000,3.32766400,1.80121900,1.11208700,0.61831440,1.10915600,0.80439480,0.72205060,3.31867800,3.31409900,0.79794790,5.04778000,5.04912000,0.00341880, 2, 255, 7, 24,0x50000,No,No,No,No,No,Yes,No,Yes
2026-04-13 20:15:13,0.0,1500,500,,500,500,44,,200,,,648,,57.1,0.7200,0.6000,0.6000,1.1000,0.00000000,0.10247270,0.15614880,0.01171116,0.00000000,0.19518600,0.33084030,0.90193000,0.00018315,0.00042735,0.00390720,0.00964590,3.61904400,3.32952100,1.80366100,1.11355200,0.61428510,1.10842400,0.80256330,0.72178200,3.31684600,3.31318300,0.79824100,5.05180000,5.03572000,0.00341880, 2, 255, 7, 24,0x50000,No,No,No,No,No,Yes,No,Yes
2026-04-13 20:15:15,1.0,1500,500,,500,500,44,,200,,,648,,56.5,0.7200,0.6000,0.6000,1.1000,0.00000000,0.10247270,0.15810070,0.00487965,0.00000000,0.19713790,0.32986440,0.91979000,0.00012210,0.00042735,0.00366300,0.00989010,3.62182800,3.30168200,1.80317300,1.11025500,0.61868070,1.10988900,0.80109810,0.72178200,3.31867800,3.31135200,0.79824100,5.05046000,5.05046000,0.00341880, 2, 255, 7, 24,0x50000,No,No,No,No,No,Yes,No,Yes
2026-04-13 20:15:17,0.0,1500,500,,500,500,44,,200,,,648,,55.4,0.7200,0.6000,0.6000,1.1000,0.00000000,0.10247270,0.15907660,0.00878337,0.00000000,0.21958430,0.33084030,0.91979000,0.00012210,0.00036630,0.00360195,0.01001220,3.62461200,3.31188900,1.80512600,1.11391800,0.61794810,1.10988900,0.80256330,0.72151340,3.31776200,3.31501500,0.79853400,5.04778000,5.05716000,0.00341880, 2, 255, 7, 24,0x50000,No,No,No,No,No,Yes,No,Yes
2026-04-13 20:15:19,0.0,1500,500,,500,500,44,,200,,,648,,56.5,0.7200,0.6000,0.6000,1.1000,0.00000000,0.10247270,0.16005250,0.00683151,0.00000000,0.19323410,0.33279210,0.90193000,0.00012210,0.00042735,0.00390720,0.01025640,3.62182800,3.30724900,1.80317300,1.11465100,0.61904700,1.10842400,0.80292960,0.72151340,3.31867800,3.31318300,0.79824100,5.04778000,5.05314000,0.00256410, 2, 255, 7, 24,0x50000,No,No,No,No,No,Yes,No,Yes
2026-04-13 20:15:22,0.0,1500,500,,500,500,44,,200,,,648,,56.5,0.7200,0.6000,0.6000,1.1000,0.00000000,0.10442450,0.16102850,0.00878337,0.00000000,0.19421010,0.33084030,0.88407000,0.00012210,0.00042735,0.00390720,0.00952380,3.61997200,3.30168200,1.80073100,1.10695900,0.61831440,1.10659200,0.80292960,0.72205060,3.31959400,3.31409900,0.79853400,5.05984000,5.05984000,0.00341880, 2, 255, 7, 24,0x50000,No,No,No,No,No,Yes,No,Yes
2026-04-13 20:15:24,0.0,1500,500,,500,500,44,,200,,,648,,57.1,0.7200,0.6000,0.6000,1.1000,0.00000000,0.11418380,0.15907660,0.00390372,0.00000000,0.20592120,0.33181620,0.91085990,0.00006105,0.00042735,0.00360195,0.00952380,3.61811600,3.30724900,1.79877700,1.10439400,0.61721550,1.10879000,0.80036550,0.72205060,3.31776200,3.31409900,0.79794790,5.03706000,5.05314000,0.00341880, 2, 255, 7, 24,0x50000,No,No,No,No,No,Yes,No,Yes
2026-04-13 20:15:26,0.0,1500,500,,500,500,44,,200,,,648,,56.0,0.7200,0.6000,0.6000,1.1000,0.00000000,0.10930420,0.16200440,0.00195186,0.00000000,0.19616190,0.33084030,0.91979000,0.00012210,0.00061050,0.00366300,0.00964590,3.62461200,3.31374500,1.80073100,1.11428500,0.61794810,1.10915600,0.80256330,0.72151340,3.31867800,3.31318300,0.79824100,5.05984000,5.05046000,0.00256410, 2, 255, 7, 24,0x50000,No,No,No,No,No,Yes,No,Yes
2026-04-13 20:15:28,0.0,1500,500,,500,500,43,,200,,,648,,57.1,0.7200,0.6000,0.6000,1.1000,0.00000000,0.10442450,0.15810070,0.00878337,0.00000000,0.20104160,0.33084030,0.89299990,0.00012210,0.00042735,0.00347985,0.00964590,3.62182800,3.30724900,1.80317300,1.11062200,0.61794810,1.10732500,0.79963290,0.72178200,3.32050900,3.31318300,0.79853400,5.05448000,5.05046000,0.00256410, 2, 255, 7, 24,0x50000,No,No,No,No,No,Yes,No,Yes
2026-04-13 20:15:30,0.0,1500,500,,500,500,44,,200,,,648,,56.0,0.7200,0.6000,0.6000,1.1000,0.00000000,0.11711160,0.15712470,0.00683151,0.00000000,0.19713790,0.32986440,0.89299990,0.00012210,0.00073260,0.00335775,0.01025640,3.62461200,3.35735900,1.80073100,1.10805800,0.61831440,1.10915600,0.80109810,0.72124470,3.31867800,3.31226800,0.79794790,5.05716000,5.05046000,0.00256410, 2, 255, 7, 24,0x50000,No,No,No,No,No,Yes,No,Yes
2026-04-13 20:15:32,0.0,1500,500,,500,500,44,,200,,,648,,56.5,0.7200,0.6000,0.6000,1.1000,0.00000000,0.10052080,0.15907660,0.00390372,0.00000000,0.19713790,0.33181620,0.89299990,0.00012210,0.00042735,0.00366300,0.00964590,3.62368400,3.32952100,1.80463800,1.10732500,0.61941330,1.10659200,0.80292960,0.72178200,3.31867800,3.31318300,0.79824100,5.05314000,5.05314000,0.00341880, 2, 255, 7, 24,0x50000,No,No,No,No,No,Yes,No,Yes
2026-04-13 20:15:35,0.0,1500,500,,500,500,44,,200,,,648,,57.6,0.7200,0.6000,0.6000,1.1000,0.00000000,0.10442450,0.16005250,0.00585558,0.00000000,0.19616190,0.32986440,0.90193000,0.00012210,0.00048840,0.00347985,0.00989010,3.61997200,3.30168200,1.80317300,1.11465100,0.61831440,1.10842400,0.80292960,0.72205060,3.31867800,3.31318300,0.79794790,5.03572000,5.03706000,0.00256410, 2, 255, 7, 24,0x50000,No,No,No,No,No,Yes,No,Yes
2026-04-13 20:15:37,0.0,1500,500,,500,500,44,,200,,,648,,56.5,0.7200,0.6000,0.6000,1.1000,0.00000000,0.10930420,0.15712470,0.00390372,0.00000000,0.19811380,0.33181620,0.89299990,0.00000000,0.00061050,0.00347985,0.01001220,3.62182800,3.30168200,1.80366100,1.11208700,0.61538400,1.10915600,0.80292960,0.72205060,3.31867800,3.31318300,0.79794790,5.04644000,5.05314000,0.00341880, 2, 255, 7, 24,0x50000,No,No,No,No,No,Yes,No,Yes
2026-04-13 20:15:39,0.0,1500,500,,500,500,43,,200,,,648,,58.7,0.7200,0.6000,0.6000,1.1000,0.00000000,0.10149670,0.15907660,0.00292779,0.00000000,0.19616190,0.33084030,0.90193000,0.00012210,0.00036630,0.00347985,0.00989010,3.61811600,3.30168200,1.81294100,1.11208700,0.61794810,1.10879000,0.80219700,0.72178200,3.31776200,3.31409900,0.79882700,5.05448000,5.05046000,0.00341880, 2, 255, 7, 24,0x50000,No,No,No,No,No,Yes,No,Yes
2026-04-13 20:15:41,0.0,1500,500,,500,500,44,,200,,,648,,56.5,0.7200,0.6000,0.6000,1.1000,0.00000000,0.11125600,0.16005250,0.00390372,0.00000000,0.19811380,0.32888840,0.90193000,0.00012210,0.00036630,0.00390720,0.00952380,3.62368400,3.30724900,1.80415000,1.10732500,0.61868070,1.10659200,0.80256330,0.72178200,3.31776200,3.31318300,0.79882700,5.05314000,5.05314000,0.00341880, 2, 255, 7, 24,0x50000,No,No,No,No,No,Yes,No,Yes
2026-04-13 20:15:43,0.0,1500,500,,500,500,44,,200,,,648,,56.5,0.7200,0.6000,0.6000,1.1000,0.00000000,0.10052080,0.15810070,0.02049453,0.00000000,0.19713790,0.33181620,0.90193000,0.00012210,0.00036630,0.00360195,0.01001220,3.62182800,3.31931300,1.80463800,1.11208700,0.61721550,1.10659200,0.79963290,0.72178200,3.31959400,3.31226800,0.79853400,5.04778000,5.05984000,0.00341880, 2, 255, 7, 24,0x50000,No,No,No,No,No,Yes,No,Yes
2026-04-13 20:15:45,0.0,1500,500,,500,500,43,,200,,,648,,57.1,0.7200,0.6000,0.6000,1.1000,0.00000000,0.17078780,0.16005250,0.00780744,0.00000000,0.19616190,0.32693650,0.90193000,0.00012210,0.00073260,0.00347985,0.00940170,3.62461200,3.31931300,1.80512600,1.11355200,0.60879060,1.10842400,0.79963290,0.72151340,3.31959400,3.31409900,0.79794790,5.05448000,5.03304000,0.00341880, 2, 255, 7, 24,0x50000,No,No,No,No,No,Yes,No,Yes
2026-04-13 20:15:47,1.0,1500,500,,500,500,44,,200,,,648,,57.6,0.7200,0.6000,0.6000,1.1000,0.00000000,0.10344860,0.16005250,0.01073523,0.00000000,0.19713790,0.33084030,0.90193000,0.00000000,0.00073260,0.00335775,0.01001220,3.62461200,3.30446500,1.80512600,1.11355200,0.61904700,1.10915600,0.80292960,0.72178200,3.31867800,3.31501500,0.79824100,5.04778000,5.05984000,0.00256410, 2, 255, 7, 24,0x50000,No,No,No,No,No,Yes,No,Yes
2026-04-13 20:15:49,0.0,1500,500,,500,500,43,,200,,,648,,57.6,0.7200,0.6000,0.6000,1.1000,0.00000000,0.10247270,0.16005250,0.00683151,0.00000000,0.19518600,0.33084030,0.89299990,0.00048840,0.00073260,0.00347985,0.01001220,3.62739600,3.30260900,1.80366100,1.11208700,0.61794810,1.10842400,0.80146440,0.72205060,3.31959400,3.31501500,0.79941320,5.04644000,5.05314000,0.00256410, 2, 255, 7, 24,0x50000,No,No,No,No,No,Yes,No,Yes
2026-04-13 20:15:52,0.0,1500,500,,500,500,43,,200,,,648,,56.0,0.7200,0.6000,0.6000,1.1000,0.00000000,0.10247270,0.16005250,0.00683151,0.00000000,0.19811380,0.32693650,0.89299990,0.00012210,0.00048840,0.00360195,0.00940170,3.62182800,3.30724900,1.79682400,1.10586000,0.61721550,1.10915600,0.80219700,0.72178200,3.31959400,3.31409900,0.79794790,5.05448000,5.05716000,0.00341880, 2, 255, 7, 24,0x50000,No,No,No,No,No,Yes,No,Yes
2026-04-13 20:15:54,0.0,1500,500,,500,500,44,,200,,,648,,56.5,0.7200,0.6000,0.6000,1.1000,0.00000000,0.10442450,0.16102850,0.00683151,0.00000000,0.19713790,0.33181620,0.91085990,0.00012210,0.00036630,0.00360195,0.00989010,3.62182800,3.31931300,1.80463800,1.10915600,0.61831440,1.10659200,0.80256330,0.72205060,3.31959400,3.31226800,0.79912020,5.04912000,5.05984000,0.00341880, 2, 255, 7, 24,0x50000,No,No,No,No,No,Yes,No,Yes
2026-04-13 20:15:56,0.0,1500,500,,500,500,44,,200,,,648,,56.0,0.7200,0.6000,0.6000,1.1000,0.00000000,0.10735230,0.15907660,0.00487965,0.00000000,0.19616190,0.32888840,0.89299990,0.00006105,0.00042735,0.00366300,0.01025640,3.63018000,3.32766400,1.80073100,1.11208700,0.61868070,1.10915600,0.80256330,0.72178200,3.32050900,3.31318300,0.79824100,5.04510000,5.04644000,0.00341880, 2, 255, 7, 24,0x50000,No,No,No,No,No,Yes,No,Yes
2026-04-13 20:15:58,0.2,1500,500,,500,500,43,,200,,,648,,56.5,0.7200,0.6000,0.6000,1.1000,0.00000000,0.10247270,0.16005250,0.00487965,0.00000000,0.20592120,0.38061270,0.89299990,0.00012210,0.00042735,0.00347985,0.00927960,3.63018000,3.32952100,1.79682400,1.10695900,0.61831440,1.10659200,0.80109810,0.72151340,3.31959400,3.31409900,0.79794790,5.05984000,5.05448000,0.00256410, 2, 255, 7, 24,0x50000,No,No,No,No,No,Yes,No,Yes
2026-04-13 20:16:00,0.0,1500,500,,500,500,44,,200,,,648,,56.5,0.7200,0.6000,0.6000,1.1000,0.00000000,0.10637640,0.16102850,0.00683151,0.00000000,0.19518600,0.33376810,0.91085990,0.00048840,0.00036630,0.00360195,0.00976800,3.62182800,3.30724900,1.80317300,1.10732500,0.61868070,1.10952300,0.79963290,0.72178200,3.31776200,3.31409900,0.79882700,5.04912000,5.05314000,0.00341880, 2, 255, 7, 24,0x50000,No,No,No,No,No,Yes,No,Yes
2026-04-13 20:16:02,0.0,2400,910,,910,960,43,,200,,,648,,58.2,0.8995,0.6000,0.6000,1.1000,0.00000000,0.10344860,0.16298030,0.00683151,0.00000000,0.19811380,0.32986440,1.49131000,0.00000000,0.00073260,0.00360195,0.00989010,3.60790800,3.30724900,1.80415000,1.11318600,0.61062210,1.10586000,0.79999920,0.90229460,3.31776200,3.31318300,0.79794790,5.01428000,5.02499900,0.00256410, 2, 255, 7, 24,0x50000,No,No,No,No,No,Yes,No,Yes
2026-04-13 20:16:04,1.0,2400,910,,910,960,44,,200,,,648,,58.2,0.8995,0.6000,0.6000,1.1000,0.06050766,0.10540040,0.16102850,0.00390372,0.00000000,0.20006570,0.33279210,1.49131000,0.00012210,0.00036630,0.00390720,0.01025640,3.59027700,3.30168200,1.80317300,1.10732500,0.61721550,1.10988900,0.80366220,0.90229460,3.31776200,3.31409900,0.79882700,5.01294000,5.01964000,0.00256410, 2, 255, 7, 24,0x50000,No,No,No,No,No,Yes,No,Yes
2026-04-13 20:16:07,0.0,1500,500,,500,500,44,,200,,,648,,58.2,0.7200,0.6000,0.6000,1.1000,0.04879650,0.10149670,0.15810070,0.00683151,0.00000000,0.19713790,0.33181620,0.92871990,0.00048840,0.00036630,0.00354090,0.00989010,3.61347600,3.31931300,1.80512600,1.10586000,0.61794810,1.10879000,0.79926660,0.72151340,3.31867800,3.31501500,0.79824100,5.04912000,5.04912000,0.00256410, 2, 255, 7, 24,0x50000,No,No,No,No,No,Yes,No,Yes
2026-04-13 20:16:09,0.0,1500,500,,500,500,44,,200,,,648,,58.2,0.7200,0.6000,0.6000,1.1000,0.06733918,0.10247270,0.15810070,0.00292779,0.00000000,0.19421010,0.32986440,0.91085990,0.00012210,0.00073260,0.00360195,0.00952380,3.60698000,3.30446500,1.80317300,1.10732500,0.61831440,1.10952300,0.80256330,0.72151340,3.31959400,3.31409900,0.79941320,5.04108000,5.04912000,0.00256410, 2, 255, 7, 24,0x50000,No,No,No,No,No,Yes,No,Yes
2026-04-13 20:16:11,0.0,1500,500,,500,500,44,,200,,,648,,57.1,0.7200,0.6000,0.6000,1.1000,0.00000000,0.10052080,0.16005250,0.00780744,0.00000000,0.19616190,0.33084030,0.90193000,0.00000000,0.00073260,0.00366300,0.01013430,3.62275600,3.35735900,1.80317300,1.10695900,0.61831440,1.10659200,0.80292960,0.72178200,3.31867800,3.31409900,0.79912020,5.03438000,5.05984000,0.00341880, 2, 255, 7, 24,0x50000,No,No,No,No,No,Yes,No,Yes
2026-04-13 20:16:13,0.0,1500,500,,500,500,44,,200,,,648,,57.6,0.7200,0.6000,0.6000,1.1000,0.00000000,0.11028010,0.16005250,0.00390372,0.00000000,0.20884900,0.33376810,0.92871990,0.00000000,0.00048840,0.00366300,0.00940170,3.62646800,3.32952100,1.80415000,1.10805800,0.61062210,1.10659200,0.80256330,0.72178200,3.31776200,3.31409900,0.79882700,5.05448000,5.04778000,0.00256410, 2, 255, 7, 24,0x50000,No,No,No,No,No,Yes,No,Yes
2026-04-13 20:16:15,0.2,1500,500,,500,500,43,,200,,,648,,55.4,0.7895,0.6000,0.6000,1.1000,0.00000000,0.11418380,0.16005250,0.00683151,0.00000000,0.30936980,0.32791250,1.02695000,0.00024420,0.00042735,0.00390720,0.01001220,3.61997200,3.32766400,1.80512600,1.10879000,0.61684920,1.10842400,0.80292960,0.79189180,3.31867800,3.31318300,0.79853400,5.04778000,5.04510000,0.00256410, 2, 255, 7, 24,0x50000,No,No,No,No,No,Yes,No,Yes
2026-04-13 20:16:17,0.0,1500,500,,500,500,43,,200,,,648,,56.5,0.7200,0.6000,0.6000,1.1000,0.00000000,0.10149670,0.15907660,0.00683151,0.00000000,0.19616190,0.33376810,0.91979000,0.00012210,0.00036630,0.00390720,0.01001220,3.62646800,3.35735900,1.80073100,1.10695900,0.61831440,1.10842400,0.80292960,0.72151340,3.31959400,3.31318300,0.79941320,5.05984000,5.05716000,0.00256410, 2, 255, 7, 24,0x50000,No,No,No,No,No,Yes,No,Yes
2026-04-13 20:16:19,0.0,1500,500,,500,500,43,,200,,,648,,57.1,0.7200,0.6000,0.6000,1.1000,0.00000000,0.09954486,0.15810070,0.00878337,0.00000000,0.19518600,0.32986440,0.91085990,0.00024420,0.00048840,0.00366300,0.00940170,3.62646800,3.35550300,1.80561500,1.11208700,0.61794810,1.10915600,0.80146440,0.72205060,3.31867800,3.31318300,0.79941320,5.04778000,5.05448000,0.00256410, 2, 255, 7, 24,0x50000,No,No,No,No,No,Yes,No,Yes
2026-04-13 20:16:22,0.0,1500,500,,500,500,44,,200,,,648,,57.6,0.7200,0.6000,0.6000,1.1000,0.00000000,0.10344860,0.15810070,0.00683151,0.00000000,0.19616190,0.32986440,0.90193000,0.00012210,0.00042735,0.00335775,0.00989010,3.62646800,3.31188900,1.80463800,1.10805800,0.61868070,1.10842400,0.80146440,0.72151340,3.31867800,3.31318300,0.79824100,5.05314000,5.05314000,0.00341880, 2, 255, 7, 24,0x50000,No,No,No,No,No,Yes,No,Yes
2026-04-13 20:16:24,0.0,1500,500,,500,500,43,,200,,,648,,56.5,0.7200,0.6000,0.6000,1.1000,0.00000000,0.10247270,0.15907660,0.00683151,0.00000000,0.19518600,0.33279210,0.91085990,0.00000000,0.00073260,0.00378510,0.00976800,3.62461200,3.31188900,1.80415000,1.10805800,0.61794810,1.10659200,0.80109810,0.72178200,3.32050900,3.31318300,0.79824100,5.05046000,5.06252000,0.00341880, 2, 255, 7, 24,0x50000,No,No,No,No,No,Yes,No,Yes
2026-04-13 20:16:26,0.0,1500,500,,500,500,43,,200,,,648,,56.0,0.7200,0.6000,0.6000,1.1000,0.00000000,0.10149670,0.15907660,0.00683151,0.00000000,0.19811380,0.32986440,0.91085990,0.00012210,0.00036630,0.00390720,0.00940170,3.62646800,3.35735900,1.80415000,1.11355200,0.61758180,1.10659200,0.80439480,0.72205060,3.31867800,3.31318300,0.79794790,5.04778000,5.04778000,0.00341880, 2, 255, 7, 24,0x50000,No,No,No,No,No,Yes,No,Yes
2026-04-13 20:16:28,0.0,1500,500,,500,500,44,,200,,,648,,56.0,0.7200,0.6000,0.6000,1.1000,0.00000000,0.10149670,0.15907660,0.00585558,0.00000000,0.19713790,0.33084030,0.91085990,0.00000000,0.00073260,0.00360195,0.00976800,3.62182800,3.30446500,1.80512600,1.10586000,0.61868070,1.10805800,0.80292960,0.72178200,3.31959400,3.31318300,0.79853400,5.05448000,5.06252000,0.00256410, 2, 255, 7, 24,0x50000,No,No,No,No,No,Yes,No,Yes
2026-04-13 20:16:30,0.0,1500,500,,500,500,43,,200,,,648,,56.5,0.7200,0.6000,0.6000,1.1000,0.00000000,0.10149670,0.15810070,0.00292779,0.00000000,0.19421010,0.33181620,0.90193000,0.00000000,0.00048840,0.00366300,0.00989010,3.62461200,3.32766400,1.80415000,1.11465100,0.61868070,1.10732500,0.79963290,0.72178200,3.31776200,3.31226800,0.79853400,5.05314000,5.05984000,0.00256410, 2, 255, 7, 24,0x50000,No,No,No,No,No,Yes,No,Yes
2026-04-13 20:16:32,0.0,1500,500,,500,500,43,,200,,,648,,57.1,0.7200,0.6000,0.6000,1.1000,0.00000000,0.10832820,0.15907660,0.00780744,0.00000000,0.19713790,0.32986440,0.90193000,0.00012210,0.00042735,0.00390720,0.00976800,3.62275600,3.32766400,1.79877700,1.10695900,0.61904700,1.10659200,0.80292960,0.72151340,3.31867800,3.31318300,0.79941320,5.03572000,5.05314000,0.00341880, 2, 255, 7, 24,0x50000,No,No,No,No,No,Yes,No,Yes
2026-04-13 20:16:34,0.0,1500,500,,500,500,44,,200,,,648,,56.0,0.7200,0.6000,0.6000,1.1000,0.00000000,0.10052080,0.16005250,0.01171116,0.00000000,0.19518600,0.32986440,0.91085990,0.00018315,0.00042735,0.00390720,0.01025640,3.62275600,3.32766400,1.80415000,1.11428500,0.61794810,1.10915600,0.80292960,0.72178200,3.31776200,3.31226800,0.79882700,5.05448000,5.05046000,0.00256410, 2, 255, 7, 24,0x50000,No,No,No,No,No,Yes,No,Yes
2026-04-13 20:16:36,1.0,1500,500,,500,500,44,,200,,,648,,56.5,0.7200,0.6000,0.6000,1.1000,0.00000000,0.10149670,0.15712470,0.00975930,0.00000000,0.19713790,0.32986440,0.90193000,0.00012210,0.00036630,0.00335775,0.00940170,3.62182800,3.30724900,1.79682400,1.11062200,0.61794810,1.10586000,0.80109810,0.72178200,3.31867800,3.31318300,0.79853400,5.05716000,5.05850000,0.00341880, 2, 255, 7, 24,0x50000,No,No,No,No,No,Yes,No,Yes
2026-04-13 20:16:39,0.0,1500,500,,500,500,44,,200,,,648,,56.5,0.7200,0.6000,0.6000,1.1000,0.00000000,0.10052080,0.15810070,0.01171116,0.00000000,0.21665650,0.33181620,0.90193000,0.00012210,0.00036630,0.00360195,0.00976800,3.62182800,3.31931300,1.81294100,1.11025500,0.61758180,1.10805800,0.80256330,0.72151340,3.31867800,3.31318300,0.79824100,5.05180000,5.05314000,0.00256410, 2, 255, 7, 24,0x50000,No,No,No,No,No,Yes,No,Yes
2026-04-13 20:16:41,0.0,1500,500,,500,500,43,,200,,,648,,57.6,0.7200,0.6000,0.6000,1.1000,0.00000000,0.10149670,0.15810070,0.00780744,0.00000000,0.19616190,0.32986440,0.90193000,0.00024420,0.00073260,0.00360195,0.00940170,3.62182800,3.30446500,1.80073100,1.11062200,0.61868070,1.10659200,0.80036550,0.72205060,3.32050900,3.31226800,0.79794790,5.04912000,5.05984000,0.00256410, 2, 255, 7, 24,0x50000,No,No,No,No,No,Yes,No,Yes
2026-04-13 20:16:43,0.2,1500,500,,500,500,44,,200,,,648,,56.0,0.7200,0.6000,0.6000,1.1000,0.00000000,0.10442450,0.15907660,0.00487965,0.00000000,0.19616190,0.33084030,0.91085990,0.00024420,0.00036630,0.00360195,0.00976800,3.62646800,3.31374500,1.79682400,1.11282000,0.61648290,1.10915600,0.79963290,0.72178200,3.31684600,3.31501500,0.79824100,5.05314000,5.05180000,0.00341880, 2, 255, 7, 24,0x50000,No,No,No,No,No,Yes,No,Yes
2026-04-13 20:16:45,0.0,1500,500,,500,500,43,,200,,,648,,58.7,0.7200,0.6000,0.6000,1.1000,0.00000000,0.10247270,0.15810070,0.01171116,0.00000000,0.19811380,0.33084030,0.89299990,0.00012210,0.00036630,0.00390720,0.00940170,3.62090000,3.32766400,1.80415000,1.11355200,0.61794810,1.10879000,0.80256330,0.72205060,3.31867800,3.31226800,0.79941320,5.05716000,5.05448000,0.00256410, 2, 255, 7, 24,0x50000,No,No,No,No,No,Yes,No,Yes
2026-04-13 20:16:47,0.0,1500,500,,500,500,43,,200,,,648,,56.0,0.7200,0.6000,0.6000,1.1000,0.00000000,0.10442450,0.15810070,0.00878337,0.00000000,0.19518600,0.33084030,0.90193000,0.00012210,0.00036630,0.00390720,0.00952380,3.62182800,3.30724900,1.80903400,1.10439400,0.61868070,1.10586000,0.80256330,0.72205060,3.31776200,3.31409900,0.79853400,5.05582000,5.04912000,0.00256410, 2, 255, 7, 24,0x50000,No,No,No,No,No,Yes,No,Yes
2026-04-13 20:16:49,0.0,1500,500,,500,500,44,,200,,,648,,57.1,0.7200,0.6000,0.6000,1.1000,0.00000000,0.10344860,0.16005250,0.00878337,0.00000000,0.19616190,0.33279210,0.89299990,0.00012210,0.00036630,0.00360195,0.00952380,3.61811600,3.31931300,1.80463800,1.11355200,0.61794810,1.10732500,0.80146440,0.72205060,3.31867800,3.31226800,0.79941320,5.02634000,5.05448000,0.00341880, 2, 255, 7, 24,0x50000,No,No,No,No,No,Yes,No,Yes
2026-04-13 20:16:51,0.0,1500,500,,500,500,43,,200,,,648,,56.0,0.7200,0.6000,0.6000,1.1000,0.00000000,0.10344860,0.15907660,0.00683151,0.00000000,0.19518600,0.32986440,0.91085990,0.00000000,0.00073260,0.00360195,0.00952380,3.61811600,3.30353800,1.80610300,1.10732500,0.61831440,1.10659200,0.79963290,0.72178200,3.31959400,3.31409900,0.79912020,5.05448000,5.05984000,0.00256410, 2, 255, 7, 24,0x50000,No,No,No,No,No,Yes,No,Yes
2026-04-13 20:16:54,0.2,1500,500,,500,500,44,,200,,,648,,58.2,0.7200,0.6000,0.6000,1.1000,0.00000000,0.10149670,0.15907660,0.00683151,0.00000000,0.19616190,0.32888840,0.90193000,0.00012210,0.00048840,0.00390720,0.00952380,3.62832400,3.31188900,1.80659200,1.11355200,0.61355250,1.10842400,0.80439480,0.72205060,3.31776200,3.31409900,0.79912020,5.05582000,5.05850000,0.00341880, 2, 255, 7, 24,0x50000,No,No,No,No,No,Yes,No,Yes
2026-04-13 20:16:56,0.0,1500,500,,500,500,43,,200,,,648,,56.0,0.7200,0.6000,0.6000,1.1000,0.00000000,0.11125600,0.16200440,0.01268709,0.00000000,0.20592120,0.32986440,0.90193000,0.00012210,0.00036630,0.00347985,0.00989010,3.62182800,3.30724900,1.81294100,1.11208700,0.61721550,1.10915600,0.80109810,0.72151340,3.31867800,3.31318300,0.79824100,5.04242000,5.04778000,0.00256410, 2, 255, 7, 24,0x50000,No,No,No,No,No,Yes,No,Yes
2026-04-13 20:16:58,0.0,1500,500,,500,500,44,,200,,,648,,56.5,0.7200,0.6000,0.6000,1.1000,0.00000000,0.10247270,0.15810070,0.00683151,0.00000000,0.19713790,0.32986440,0.90193000,0.00012210,0.00042735,0.00390720,0.00952380,3.63018000,3.32766400,1.81098700,1.11355200,0.61794810,1.10915600,0.80256330,0.72124470,3.31776200,3.31409900,0.79882700,5.04510000,5.04912000,0.00256410, 2, 255, 7, 24,0x50000,No,No,No,No,No,Yes,No,Yes
2026-04-13 20:17:00,0.0,1500,500,,500,500,43,,200,,,648,,56.0,0.7200,0.6000,0.6000,1.1000,0.00000000,0.10344860,0.15907660,0.00585558,0.00000000,0.19713790,0.33084030,0.89299990,0.00012210,0.00036630,0.00347985,0.00940170,3.62182800,3.30168200,1.80805700,1.10805800,0.61721550,1.10915600,0.79963290,0.72178200,3.31959400,3.31409900,0.79882700,5.05046000,5.05850000,0.00341880, 2, 255, 7, 24,0x50000,No,No,No,No,No,Yes,No,Yes
2026-04-13 20:17:02,0.0,1500,500,,500,500,43,,200,,,648,,56.0,0.7200,0.6000,0.6000,1.1000,0.00000000,0.10247270,0.16102850,0.00683151,0.00000000,0.20104160,0.33181620,0.90193000,0.00024420,0.00036630,0.00360195,0.01001220,3.62182800,3.30817700,1.80903400,1.11391800,0.61831440,1.10915600,0.80292960,0.72178200,3.32600400,3.31318300,0.79853400,5.04376000,5.03706000,0.00256410, 2, 255, 7, 24,0x50000,No,No,No,No,No,Yes,No,Yes
2026-04-13 20:17:04,0.0,1500,500,,500,500,44,,200,,,648,,56.0,0.7200,0.6000,0.6000,1.1000,0.00000000,0.10637640,0.15712470,0.00878337,0.00000000,0.19616190,0.33181620,0.90193000,0.00048840,0.00030525,0.00347985,0.01037850,3.61997200,3.32766400,1.80415000,1.11208700,0.61794810,1.10915600,0.80183080,0.72151340,3.31684600,3.31318300,0.79824100,5.04778000,5.04242000,0.00341880, 2, 255, 7, 24,0x50000,No,No,No,No,No,Yes,No,Yes
2026-04-13 20:17:06,0.0,1500,500,,500,500,43,,200,,,648,,56.5,0.7200,0.6000,0.6000,1.1000,0.00000000,0.11028010,0.15810070,0.00975930,0.00000000,0.19616190,0.33084030,0.91085990,0.00024420,0.00030525,0.00360195,0.00964590,3.62554000,3.30446500,1.80268400,1.10439400,0.61465140,1.10952300,0.79963290,0.72205060,3.31684600,3.31318300,0.79824100,5.05314000,5.05314000,0.00341880, 2, 255, 7, 24,0x50000,No,No,No,No,No,Yes,No,Yes
2026-04-13 20:17:09,0.0,1500,500,,500,500,44,,200,,,648,,56.5,0.7200,0.6000,0.6000,1.1000,0.00000000,0.10052080,0.15517290,0.00683151,0.00000000,0.19421010,0.33376810,0.90193000,0.00000000,0.00048840,0.00366300,0.01001220,3.62646800,3.31188900,1.80415000,1.11062200,0.61758180,1.10842400,0.80439480,0.72205060,3.31959400,3.31409900,0.79794790,5.03572000,5.04778000,0.00341880, 2, 255, 7, 24,0x50000,No,No,No,No,No,Yes,No,Yes
2026-04-13 20:17:11,0.0,1500,500,,500,500,44,,200,,,648,,56.5,0.7200,0.6000,0.6000,1.1000,0.00000000,0.10247270,0.16005250,0.00390372,0.00000000,0.19713790,0.32888840,0.90193000,0.00012210,0.00048840,0.00360195,0.00976800,3.62182800,3.30724900,1.80903400,1.10512700,0.61831440,1.10659200,0.79963290,0.72205060,3.31959400,3.31409900,0.79882700,5.05984000,5.05716000,0.00341880, 2, 255, 7, 24,0x50000,No,No,No,No,No,Yes,No,Yes
2026-04-13 20:17:13,0.0,1500,500,,500,500,43,,200,,,648,,57.1,0.7200,0.6000,0.6000,1.1000,0.00000000,0.10149670,0.15810070,0.00683151,0.00000000,0.20299340,0.33181620,0.91085990,0.00048840,0.00073260,0.00360195,0.00915750,3.62554000,3.31931300,1.80463800,1.11355200,0.61721550,1.10915600,0.80256330,0.72151340,3.32050900,3.31318300,0.79882700,5.05314000,5.05984000,0.00341880, 2, 255, 7, 24,0x50000,No,No,No,No,No,Yes,No,Yes
2026-04-13 20:17:15,0.0,1500,500,,500,500,44,,200,,,648,,56.5,0.7200,0.6000,0.6000,1.1000,0.00000000,0.10247270,0.15907660,0.00292779,0.00000000,0.19616190,0.33181620,0.91085990,0.00012210,0.00048840,0.00335775,0.00989010,3.62646800,3.31188900,1.80512600,1.11208700,0.61648290,1.10586000,0.80366220,0.72151340,3.32050900,3.31501500,0.79941320,5.04778000,5.05582000,0.00256410, 2, 255, 7, 24,0x50000,No,No,No,No,No,Yes,No,Yes
2026-04-13 20:17:17,0.0,1600,545,,545,551,43,,200,,,648,,56.0,0.7200,0.6000,0.6000,1.1000,0.00000000,0.10247270,0.15907660,0.00292779,0.00000000,0.20689720,0.33084030,0.90193000,0.00012210,0.00073260,0.00347985,0.00940170,3.61811600,3.30724900,1.80463800,1.10586000,0.61831440,1.10659200,0.80109810,0.72178200,3.31959400,3.31226800,0.79882700,5.05984000,5.05850000,0.00256410, 2, 255, 7, 24,0x50000,No,No,No,No,No,Yes,No,Yes
2026-04-13 20:17:19,0.0,1500,500,,500,500,44,,200,,,648,,57.1,0.7200,0.6000,0.6000,1.1000,0.00000000,0.10149670,0.16102850,0.00975930,0.00000000,0.19518600,0.33084030,0.91085990,0.00024420,0.00042735,0.00366300,0.01025640,3.62646800,3.32766400,1.80415000,1.11208700,0.61868070,1.10659200,0.80366220,0.72231920,3.31959400,3.31409900,0.79794790,5.06252000,5.06252000,0.00341880, 2, 255, 7, 24,0x50000,No,No,No,No,No,Yes,No,Yes
2026-04-13 20:17:21,0.0,1500,500,,500,500,44,,200,,,648,,57.6,0.7200,0.6000,0.6000,1.1000,0.00000000,0.10149670,0.15712470,0.01073523,0.00000000,0.19616190,0.33181620,0.90193000,0.00012210,0.00048840,0.00335775,0.00952380,3.62646800,3.31188900,1.80708000,1.10695900,0.61062210,1.10842400,0.79963290,0.72205060,3.31959400,3.31409900,0.79794790,5.04376000,5.05448000,0.00341880, 2, 255, 7, 24,0x50000,No,No,No,No,No,Yes,No,Yes
2026-04-13 20:17:24,0.2,1500,500,,500,500,43,,200,,,648,,56.0,0.7200,0.6000,0.6000,1.1000,0.00000000,0.10149670,0.15907660,0.01073523,0.00000000,0.19616190,0.33376810,0.91085990,0.00024420,0.00036630,0.00347985,0.00964590,3.62368400,3.30724900,1.80317300,1.11391800,0.61794810,1.10586000,0.79963290,0.72205060,3.31776200,3.31318300,0.79882700,5.05448000,5.05314000,0.00341880, 2, 255, 7, 24,0x50000,No,No,No,No,No,Yes,No,Yes
2026-04-13 20:17:26,1.2,1700,591,,591,602,44,,200,,,648,,56.0,0.7200,0.6000,0.6000,1.1000,0.00000000,0.10149670,0.15907660,0.01171116,0.00000000,0.19616190,0.33376810,0.90193000,0.00012210,0.00036630,0.00366300,0.01001220,3.62182800,3.30724900,1.80121900,1.11355200,0.61868070,1.10586000,0.80219700,0.72205060,3.31776200,3.31501500,0.79882700,5.05984000,5.05984000,0.00341880, 2, 255, 7, 24,0x50000,No,No,No,No,No,Yes,No,Yes
2026-04-13 20:17:28,0.0,1500,500,,500,500,44,,200,,,648,,56.5,0.7200,0.6000,0.6000,1.1000,0.00000000,0.10149670,0.15907660,0.00878337,0.00000000,0.19518600,0.38158860,0.90193000,0.00012210,0.00061050,0.00347985,0.00940170,3.62368400,3.30168200,1.80463800,1.10439400,0.61794810,1.10842400,0.80219700,0.72205060,3.31959400,3.31409900,0.79794790,5.05180000,5.05046000,0.00256410, 2, 255, 7, 24,0x50000,No,No,No,No,No,Yes,No,Yes
2026-04-13 20:17:30,0.0,1500,500,,500,500,43,,200,,,648,,56.5,0.7200,0.6000,0.6000,1.1000,0.00000000,0.09954486,0.16005250,0.01268709,0.00000000,0.19811380,0.33084030,0.89299990,0.00000000,0.00061050,0.00354090,0.01001220,3.62182800,3.31931300,1.80463800,1.10805800,0.60915690,1.10659200,0.80439480,0.72205060,3.31684600,3.31501500,0.79853400,5.04778000,5.05984000,0.00256410, 2, 255, 7, 24,0x50000,No,No,No,No,No,Yes,No,Yes
2026-04-13 20:17:32,0.0,1500,500,,500,500,43,,200,,,648,,56.0,0.7200,0.6000,0.6000,1.1000,0.00000000,0.10149670,0.15907660,0.00683151,0.00000000,0.19518600,0.33181620,0.90193000,0.00012210,0.00042735,0.00347985,0.00976800,3.62182800,3.31931300,1.80903400,1.10805800,0.61977960,1.10659200,0.80219700,0.72151340,3.31959400,3.31409900,0.79941320,5.04778000,5.04912000,0.00341880, 2, 255, 7, 24,0x50000,No,No,No,No,No,Yes,No,Yes
2026-04-13 20:17:34,0.0,1500,500,,500,500,44,,200,,,648,,57.1,0.7200,0.6000,0.6000,1.1000,0.00000000,0.10344860,0.16005250,0.00292779,0.00000000,0.19811380,0.33084030,0.91085990,0.00024420,0.00042735,0.00366300,0.00964590,3.62275600,3.35735900,1.80415000,1.11208700,0.61868070,1.10915600,0.80292960,0.72178200,3.31776200,3.31409900,0.79882700,5.05046000,5.04778000,0.00341880, 2, 255, 7, 24,0x50000,No,No,No,No,No,Yes,No,Yes
2026-04-13 20:17:36,0.0,1500,500,,500,500,44,,200,,,648,,57.1,0.7200,0.6000,0.6000,1.1000,0.00097593,0.10247270,0.15907660,0.01171116,0.00000000,0.19616190,0.33279210,0.90193000,0.00012210,0.00048840,0.00378510,0.00976800,3.62646800,3.31188900,1.80463800,1.10586000,0.61721550,1.10732500,0.80366220,0.72231920,3.31776200,3.31318300,0.79794790,5.05314000,5.05984000,0.00256410, 2, 255, 7, 24,0x50000,No,No,No,No,No,Yes,No,Yes
2026-04-13 20:17:38,0.0,1500,500,,500,500,44,,200,,,648,,56.5,0.7200,0.6000,0.6000,1.1000,0.00000000,0.10247270,0.16005250,0.00585558,0.00000000,0.26350110,0.33279210,0.90193000,0.00000000,0.00061050,0.00329670,0.00976800,3.62090000,3.35735900,1.80415000,1.10879000,0.61758180,1.10842400,0.79963290,0.72178200,3.31867800,3.31318300,0.79794790,5.05716000,5.05984000,0.00256410, 2, 255, 7, 24,0x50000,No,No,No,No,No,Yes,No,Yes
2026-04-13 20:17:41,0.0,1500,500,,500,500,43,,200,,,648,,57.6,0.7200,0.6000,0.6000,1.1000,0.00000000,0.11711160,0.15712470,0.00292779,0.00000000,0.19811380,0.33279210,0.91085990,0.00012210,0.00042735,0.00347985,0.00989010,3.61811600,3.30724900,1.80317300,1.11355200,0.61831440,1.10842400,0.80073180,0.72151340,3.31776200,3.31318300,0.79882700,5.05314000,5.05314000,0.00341880, 2, 255, 7, 24,0x50000,No,No,No,No,No,Yes,No,Yes
2026-04-13 20:17:43,1.0,1500,500,,500,500,44,,200,,,648,,57.6,0.7200,0.6000,0.6000,1.1000,0.00000000,0.09954486,0.15810070,0.00683151,0.00000000,0.19518600,0.33084030,0.91085990,0.00006105,0.00042735,0.00390720,0.01001220,3.62646800,3.31188900,1.80659200,1.11208700,0.61794810,1.10659200,0.80219700,0.72205060,3.31867800,3.31226800,0.79853400,5.05984000,5.05984000,0.00256410, 2, 255, 7, 24,0x50000,No,No,No,No,No,Yes,No,Yes
2026-04-13 20:17:45,0.0,1500,500,,500,500,44,,200,,,648,,56.5,0.7200,0.6000,0.6000,1.1000,0.00000000,0.10247270,0.15907660,0.00780744,0.00000000,0.19518600,0.33181620,0.89299990,0.00012210,0.00036630,0.00347985,0.01001220,3.62368400,3.30168200,1.80366100,1.10586000,0.61831440,1.10952300,0.80292960,0.72151340,3.31959400,3.31226800,0.79853400,5.04912000,5.05984000,0.00256410, 2, 255, 7, 24,0x50000,No,No,No,No,No,Yes,No,Yes
2026-04-13 20:17:47,0.0,1500,500,,500,500,43,,200,,,648,,57.1,0.7200,0.6000,0.6000,1.1000,0.00000000,0.10052080,0.16005250,0.00780744,0.00000000,0.19616190,0.32986440,0.91979000,0.00012210,0.00042735,0.00347985,0.01001220,3.61811600,3.30724900,1.80463800,1.11062200,0.61684920,1.10915600,0.80256330,0.72178200,3.31867800,3.31226800,0.79941320,5.04778000,5.04778000,0.00341880, 2, 255, 7, 24,0x50000,No,No,No,No,No,Yes,No,Yes
2026-04-13 20:17:49,0.0,1500,500,,500,500,44,,200,,,648,,56.0,0.7200,0.6000,0.6000,1.1000,0.00000000,0.10052080,0.15907660,0.00683151,0.00000000,0.19713790,0.32986440,0.90193000,0.00012210,0.00054945,0.00366300,0.00940170,3.62461200,3.32766400,1.80561500,1.10915600,0.61868070,1.10842400,0.80366220,0.72205060,3.31867800,3.31318300,0.79912020,5.05448000,5.06252000,0.00256410, 2, 255, 7, 24,0x50000,No,No,No,No,No,Yes,No,Yes
2026-04-13 20:17:51,0.0,1500,500,,500,500,44,,200,,,648,,56.5,0.7200,0.6000,0.6000,1.1000,0.00000000,0.10442450,0.15712470,0.00780744,0.00000000,0.19518600,0.33084030,0.90193000,0.00048840,0.00036630,0.00390720,0.00964590,3.62461200,3.35735900,1.80415000,1.11062200,0.61721550,1.10842400,0.80219700,0.72151340,3.31867800,3.31318300,0.79941320,5.04644000,5.05984000,0.00341880, 2, 255, 7, 24,0x50000,No,No,No,No,No,Yes,No,Yes
2026-04-13 20:17:53,0.2,1500,500,,500,500,44,,200,,,648,,56.0,0.7200,0.6000,0.6000,1.1000,0.00000000,0.10735230,0.15810070,0.00683151,0.00000000,0.19713790,0.33181620,0.90193000,0.00024420,0.00042735,0.00390720,0.00940170,3.62461200,3.32766400,1.80415000,1.11355200,0.61611660,1.10659200,0.79963290,0.72151340,3.31867800,3.31226800,0.79853400,5.04778000,5.05314000,0.00341880, 2, 255, 7, 24,0x50000,No,No,No,No,No,Yes,No,Yes
2026-04-13 20:17:56,0.0,1500,500,,500,500,43,,200,,,648,,56.0,0.7200,0.6000,0.6000,1.1000,0.00000000,0.10344860,0.16005250,0.00292779,0.00000000,0.19421010,0.33181620,0.90193000,0.00012210,0.00036630,0.00390720,0.00952380,3.62646800,3.31374500,1.80415000,1.10439400,0.60988950,1.10988900,0.79963290,0.72178200,3.31959400,3.31409900,0.79794790,5.03706000,5.05582000,0.00256410, 2, 255, 7, 24,0x50000,No,No,No,No,No,Yes,No,Yes
2026-04-13 20:17:58,0.0,1500,500,,500,500,43,,200,,,648,,57.1,0.7200,0.6000,0.6000,1.1000,0.00000000,0.10344860,0.16005250,0.00585558,0.00000000,0.19713790,0.33279210,0.89299990,0.00012210,0.00073260,0.00360195,0.00976800,3.62554000,3.30724900,1.81294100,1.10439400,0.61868070,1.10659200,0.80329590,0.72178200,3.32050900,3.31318300,0.79882700,5.05448000,5.05180000,0.00341880, 2, 255, 7, 24,0x50000,No,No,No,No,No,Yes,No,Yes
2026-04-13 20:18:00,0.5,1500,500,,500,500,43,,200,,,648,,58.2,0.8995,0.6000,0.6000,1.1000,0.00000000,0.10149670,0.16688400,0.00878337,0.00000000,0.20201750,0.32986440,2.71472000,0.00000000,0.00054945,0.00390720,0.00964590,3.58563700,3.35550300,1.80415000,1.10915600,0.60512760,1.10659200,0.80366220,0.90175740,3.31959400,3.31226800,0.79853400,4.97140000,4.96872000,0.00256410, 2, 255, 7, 24,0x50000,No,No,No,No,No,Yes,No,Yes
2026-04-13 20:18:02,0.0,2400,910,,910,960,43,,200,,,648,,57.6,0.8995,0.6000,0.6000,1.1000,0.00000000,0.10149670,0.16688400,0.00585558,0.00000000,0.19908970,0.33279210,1.48238000,0.00006105,0.00036630,0.00366300,0.00976800,3.61162000,3.31188900,1.80463800,1.11282000,0.61794810,1.10732500,0.79963290,0.90175740,3.32142500,3.31409900,0.79912020,5.02768000,5.02098000,0.00341880, 2, 255, 7, 24,0x50000,No,No,No,No,No,Yes,No,Yes
2026-04-13 20:18:04,0.0,2400,910,,910,960,44,,200,,,648,,58.2,0.8995,0.6000,0.6000,1.1000,0.06245952,0.10149670,0.16395620,0.00683151,0.00000000,0.19811380,0.33181620,1.49131000,0.00024420,0.00036630,0.00360195,0.00940170,3.59213300,3.30260900,1.80366100,1.10879000,0.61721550,1.10805800,0.79963290,0.90175740,3.31776200,3.31409900,0.79882700,5.00624000,5.01026000,0.00341880, 2, 255, 7, 24,0x50000,No,No,No,No,No,Yes,No,Yes
2026-04-13 20:18:06,0.0,1500,500,,500,500,44,,200,,,648,,58.2,0.7200,0.6000,0.6000,1.1000,0.04879650,0.10149670,0.15712470,0.00292779,0.00000000,0.19518600,0.32888840,0.91085990,0.00048840,0.00042735,0.00390720,0.00952380,3.61533200,3.32766400,1.80415000,1.11391800,0.61831440,1.10586000,0.80329590,0.72178200,3.31776200,3.31409900,0.79912020,5.04912000,5.04242000,0.00341880, 2, 255, 7, 24,0x50000,No,No,No,No,No,Yes,No,Yes
2026-04-13 20:18:08,0.0,1500,500,,500,500,44,,200,,,648,,57.6,0.7200,0.6000,0.6000,1.1000,0.05953173,0.10344860,0.16005250,0.00878337,0.00000000,0.19713790,0.33376810,0.91085990,0.00024420,0.00036630,0.00360195,0.00940170,3.61069200,3.30353800,1.80121900,1.10439400,0.61794810,1.10915600,0.79963290,0.72205060,3.31959400,3.31226800,0.79794790,5.03572000,5.04644000,0.00341880, 2, 255, 7, 24,0x50000,No,No,No,No,No,Yes,No,Yes
2026-04-13 20:18:11,0.2,1500,500,,500,500,44,,200,,,648,,56.5,0.7200,0.6000,0.6000,1.1000,0.00000000,0.10149670,0.16005250,0.00975930,0.00000000,0.19616190,0.33084030,0.91085990,0.00012210,0.00042735,0.00347985,0.00989010,3.61997200,3.30168200,1.80512600,1.10805800,0.61831440,1.10915600,0.80256330,0.72205060,3.31959400,3.31409900,0.79794790,5.05716000,5.05984000,0.00256410, 2, 255, 7, 24,0x50000,No,No,No,No,No,Yes,No,Yes
2026-04-13 20:18:13,0.0,1500,500,,500,500,44,,200,,,648,,57.1,0.7200,0.6000,0.6000,1.1000,0.00000000,0.11125600,0.15810070,0.00683151,0.00000000,0.20689720,0.33181620,0.90193000,0.00006105,0.00042735,0.00347985,0.00940170,3.62090000,3.32766400,1.80708000,1.10805800,0.61721550,1.10988900,0.79963290,0.72205060,3.31867800,3.31409900,0.79853400,5.05448000,5.04912000,0.00256410, 2, 255, 7, 24,0x50000,No,No,No,No,No,Yes,No,Yes
2026-04-13 20:18:15,0.8,1600,545,,545,551,44,,200,,,648,,56.0,0.8170,0.6000,0.6000,1.1000,0.00000000,0.10442450,0.16395620,0.01268709,0.00000000,0.19421010,0.33571990,1.12518000,0.00012210,0.00061050,0.00347985,0.01025640,3.61069200,3.30724900,1.81098700,1.10769100,0.61758180,1.10659200,0.80219700,0.82170860,3.31959400,3.31318300,0.79853400,5.03706000,5.05046000,0.00341880, 2, 255, 7, 24,0x50000,No,No,No,No,No,Yes,No,Yes
2026-04-13 20:18:17,0.0,1500,500,,500,500,44,,200,,,648,,56.5,0.7200,0.6000,0.6000,1.1000,0.00000000,0.10247270,0.16200440,0.00780744,0.00000000,0.19616190,0.33084030,0.91979000,0.00018315,0.00036630,0.00366300,0.00915750,3.61811600,3.30168200,1.79682400,1.11025500,0.61758180,1.10952300,0.79963290,0.72178200,3.31867800,3.31226800,0.79853400,5.04510000,5.05314000,0.00341880, 2, 255, 7, 24,0x50000,No,No,No,No,No,Yes,No,Yes
2026-04-13 20:18:19,0.2,1500,500,,545,551,44,,200,,,648,,58.2,0.7895,0.6000,0.6000,1.1000,0.00000000,0.11125600,0.15907660,0.00487965,0.00000000,0.19811380,0.33181620,1.02695000,0.00024420,0.00042735,0.00366300,0.00964590,3.61718800,3.32766400,1.80805700,1.10439400,0.61648290,1.10842400,0.79963290,0.79189180,3.31867800,3.31501500,0.79824100,5.04376000,5.04912000,0.00256410, 2, 255, 7, 24,0x50000,No,No,No,No,No,Yes,No,Yes
2026-04-13 20:18:21,0.0,1500,500,,500,500,44,,200,,,648,,57.1,0.7200,0.6000,0.6000,1.1000,0.00000000,0.10247270,0.15712470,0.00487965,0.00000000,0.19713790,0.32791250,0.90193000,0.00012210,0.00042735,0.00390720,0.00940170,3.61997200,3.32952100,1.80512600,1.10586000,0.61758180,1.10439400,0.79963290,0.72124470,3.31867800,3.31226800,0.79941320,5.05448000,5.05850000,0.00341880, 2, 255, 7, 24,0x50000,No,No,No,No,No,Yes,No,Yes
2026-04-13 20:18:23,0.0,1500,500,,500,500,44,,200,,,648,,56.5,0.7200,0.6000,0.6000,1.1000,0.00000000,0.10149670,0.15810070,0.00878337,0.00000000,0.19616190,0.33279210,0.90193000,0.00012210,0.00073260,0.00360195,0.00940170,3.62182800,3.30724900,1.80512600,1.11355200,0.61904700,1.10659200,0.80109810,0.72178200,3.31776200,3.31501500,0.79824100,5.05046000,5.05314000,0.00256410, 2, 255, 7, 24,0x50000,No,No,No,No,No,Yes,No,Yes
2026-04-13 20:18:25,0.0,1500,500,,500,500,44,,200,,,648,,56.5,0.7200,0.6000,0.6000,1.1000,0.00000000,0.10052080,0.15810070,0.00683151,0.00000000,0.19616190,0.32986440,0.90193000,0.00012210,0.00048840,0.00390720,0.00976800,3.62646800,3.35550300,1.80073100,1.10695900,0.61831440,1.10915600,0.80292960,0.72178200,3.31959400,3.31409900,0.79853400,5.05984000,5.05314000,0.00256410, 2, 255, 7, 24,0x50000,No,No,No,No,No,Yes,No,Yes
2026-04-13 20:18:28,0.0,1500,500,,500,500,43,,200,,,648,,56.5,0.7200,0.6000,0.6000,1.1000,0.00000000,0.10247270,0.16005250,0.00585558,0.00000000,0.19811380,0.33181620,0.90193000,0.00012210,0.00036630,0.00360195,0.00940170,3.62090000,3.31188900,1.81294100,1.11355200,0.61721550,1.10915600,0.79963290,0.72178200,3.32234100,3.31226800,0.79941320,5.04644000,5.05984000,0.00256410, 2, 255, 7, 24,0x50000,No,No,No,No,No,Yes,No,Yes
2026-04-13 20:18:30,0.2,1500,500,,500,500,44,,200,,,648,,56.0,0.7200,0.6000,0.6000,1.1000,0.00000000,0.11613570,0.15810070,0.00390372,0.00000000,0.19518600,0.33571990,0.90193000,0.00012210,0.00042735,0.00390720,0.00976800,3.61997200,3.32952100,1.80073100,1.10732500,0.61868070,1.10879000,0.79963290,0.72151340,3.31776200,3.31318300,0.79882700,5.04242000,5.04778000,0.00341880, 2, 255, 7, 24,0x50000,No,No,No,No,No,Yes,No,Yes
2026-04-13 20:18:32,1.0,1500,500,,500,500,44,,200,,,648,,56.5,0.7200,0.6000,0.6000,1.1000,0.00000000,0.09954486,0.15907660,0.00292779,0.00000000,0.19616190,0.33376810,0.91085990,0.00024420,0.00061050,0.00347985,0.00940170,3.62368400,3.32952100,1.80903400,1.11428500,0.61758180,1.10842400,0.79963290,0.72205060,3.31959400,3.31409900,0.79794790,5.05716000,5.05984000,0.00256410, 2, 255, 7, 24,0x50000,No,No,No,No,No,Yes,No,Yes
2026-04-13 20:18:34,0.0,1500,500,,500,500,44,,200,,,648,,56.5,0.7200,0.6000,0.6000,1.1000,0.00000000,0.09954486,0.16005250,0.00097593,0.00000000,0.19518600,0.32986440,0.91085990,0.00012210,0.00048840,0.00366300,0.00927960,3.62275600,3.35550300,1.80463800,1.11282000,0.61208730,1.10476100,0.79999920,0.72124470,3.31776200,3.31318300,0.79824100,5.01026000,5.06520000,0.00256410, 2, 255, 7, 24,0x50000,No,No,No,No,No,Yes,No,Yes
2026-04-13 20:18:36,0.0,1500,500,,500,500,43,,200,,,648,,56.0,0.7200,0.6000,0.6000,1.1000,0.00000000,0.09954486,0.15907660,0.01171116,0.00000000,0.19811380,0.32986440,0.91085990,0.00012210,0.00073260,0.00354090,0.00976800,3.61811600,3.30353800,1.80415000,1.11355200,0.61758180,1.10842400,0.79963290,0.72151340,3.31776200,3.31501500,0.79853400,5.03840000,5.03572000,0.00256410, 2, 255, 7, 24,0x50000,No,No,No,No,No,Yes,No,Yes
2026-04-13 20:18:38,0.2,1500,500,,500,500,44,,200,,,648,,56.0,0.7200,0.6000,0.6000,1.1000,0.00000000,0.10052080,0.16005250,0.01171116,0.00000000,0.19518600,0.32986440,0.89299990,0.00048840,0.00054945,0.00390720,0.00989010,3.63018000,3.32766400,1.80415000,1.11062200,0.61758180,1.10915600,0.79963290,0.72205060,3.31867800,3.31318300,0.79794790,5.05984000,5.06117900,0.00256410, 2, 255, 7, 24,0x50000,No,No,No,No,No,Yes,No,Yes
2026-04-13 20:18:40,0.0,1500,500,,500,500,44,,200,,,648,,56.0,0.7200,0.6000,0.6000,1.1000,0.00000000,0.10247270,0.16102850,0.01171116,0.00000000,0.19713790,0.32888840,0.90193000,0.00012210,0.00036630,0.00347985,0.00952380,3.61811600,3.30724900,1.80317300,1.10879000,0.61831440,1.10915600,0.80292960,0.72178200,3.31776200,3.31409900,0.79882700,5.04376000,5.05582000,0.00256410, 2, 255, 7, 24,0x50000,No,No,No,No,No,Yes,No,Yes
2026-04-13 20:18:43,0.0,1500,500,,500,500,44,,200,,,648,,57.1,0.7200,0.6000,0.6000,1.1000,0.00000000,0.10344860,0.16005250,0.02147046,0.00000000,0.19713790,0.33084030,0.90193000,0.00012210,0.00061050,0.00390720,0.00940170,3.60976400,3.32766400,1.81440600,1.11208700,0.61831440,1.10659200,0.80146440,0.72151340,3.31959400,3.31226800,0.79794790,5.03706000,5.04242000,0.00341880, 2, 255, 7, 24,0x50000,No,No,No,No,No,Yes,No,Yes
2026-04-13 20:18:45,0.2,1500,500,,500,500,43,,200,,,648,,56.0,0.7200,0.6000,0.6000,1.1000,0.00000000,0.10540040,0.15907660,0.00780744,0.00000000,0.19713790,0.32888840,0.90193000,0.00024420,0.00042735,0.00347985,0.00940170,3.62646800,3.31188900,1.80463800,1.10805800,0.61868070,1.10586000,0.80109810,0.72205060,3.31959400,3.31409900,0.79882700,5.05984000,5.05850000,0.00341880, 2, 255, 7, 24,0x50000,No,No,No,No,No,Yes,No,Yes
2026-04-13 20:18:47,0.0,1500,500,,500,500,44,,200,,,648,,56.0,0.7200,0.6000,0.6000,1.1000,0.00000000,0.10735230,0.15810070,0.00487965,0.00000000,0.20689720,0.33279210,0.91085990,0.00012210,0.00042735,0.00347985,0.00964590,3.62182800,3.30724900,1.80463800,1.11391800,0.61758180,1.10915600,0.80219700,0.72151340,3.31867800,3.31318300,0.79824100,5.05850000,5.05314000,0.00256410, 2, 255, 7, 24,0x50000,No,No,No,No,No,Yes,No,Yes
2026-04-13 20:18:49,0.0,1500,500,,500,500,44,,200,,,648,,56.5,0.7200,0.6000,0.6000,1.1000,0.00000000,0.10149670,0.15810070,0.00683151,0.00000000,0.19713790,0.33084030,0.89299990,0.00012210,0.00073260,0.00347985,0.00940170,3.61626000,3.30168200,1.80903400,1.10805800,0.61758180,1.10915600,0.80036550,0.72178200,3.31959400,3.31409900,0.79941320,4.98480000,5.06117900,0.00256410, 2, 255, 7, 24,0x50000,No,No,No,No,No,Yes,No,Yes
2026-04-13 20:18:51,0.0,1500,500,,500,500,44,,200,,,648,,56.5,0.7200,0.6000,0.6000,1.1000,0.00000000,0.10149670,0.16102850,0.00390372,0.00000000,0.19811380,0.33181620,0.91085990,0.00024420,0.00042735,0.00390720,0.00940170,3.62554000,3.32766400,1.80073100,1.10439400,0.61868070,1.10659200,0.80256330,0.72205060,3.31867800,3.31409900,0.79794790,5.05716000,5.04108000,0.00256410, 2, 255, 7, 24,0x50000,No,No,No,No,No,Yes,No,Yes
2026-04-13 20:18:53,0.0,1500,500,,500,500,44,,200,,,648,,56.0,0.7200,0.6000,0.6000,1.1000,0.00000000,0.10344860,0.16005250,0.00390372,0.00000000,0.20494530,0.33084030,0.90193000,0.00012210,0.00061050,0.00335775,0.00927960,3.62646800,3.31374500,1.80512600,1.11208700,0.61831440,1.10879000,0.80366220,0.72151340,3.31867800,3.31226800,0.79853400,5.04778000,5.05984000,0.00341880, 2, 255, 7, 24,0x50000,No,No,No,No,No,Yes,No,Yes
2026-04-13 20:18:55,0.0,1500,500,,500,500,43,,200,,,648,,56.0,0.7200,0.6000,0.6000,1.1000,0.00195186,0.10735230,0.15614880,0.00585558,0.00000000,0.20006570,0.45966300,0.91979000,0.00012210,0.00048840,0.00378510,0.00976800,3.62832400,3.31188900,1.80415000,1.11355200,0.61758180,1.10915600,0.80256330,0.72178200,3.31959400,3.31226800,0.79853400,5.05984000,5.05984000,0.00256410, 2, 255, 7, 24,0x50000,No,No,No,No,No,Yes,No,Yes
2026-04-13 20:18:58,0.0,1500,500,,500,500,43,,200,,,648,,56.0,0.7200,0.6000,0.6000,1.1000,0.00000000,0.10344860,0.15907660,0.00683151,0.00000000,0.19616190,0.33084030,0.91085990,0.00006105,0.00036630,0.00360195,0.00940170,3.62182800,3.30724900,1.81294100,1.10805800,0.61794810,1.10988900,0.80292960,0.72178200,3.31684600,3.31501500,0.79824100,5.05314000,5.06386000,0.00341880, 2, 255, 7, 24,0x50000,No,No,No,No,No,Yes,No,Yes
2026-04-13 20:19:00,0.0,1500,500,,500,500,43,,200,,,648,,56.0,0.7200,0.6000,0.6000,1.1000,0.00000000,0.10052080,0.15907660,0.00195186,0.00000000,0.19713790,0.33084030,0.90193000,0.00012210,0.00061050,0.00347985,0.00940170,3.62368400,3.30168200,1.80366100,1.11355200,0.61721550,1.10842400,0.80256330,0.72205060,3.31959400,3.31226800,0.79912020,5.05448000,5.05716000,0.00341880, 2, 255, 7, 24,0x50000,No,No,No,No,No,Yes,No,Yes
2026-04-13 20:19:02,0.0,1500,500,,500,500,44,,200,,,648,,56.0,0.7200,0.6000,0.6000,1.1000,0.00000000,0.10052080,0.15810070,0.00487965,0.00000000,0.19518600,0.32986440,0.91085990,0.00012210,0.00048840,0.00354090,0.00989010,3.61997200,3.30168200,1.80073100,1.11391800,0.61758180,1.10659200,0.80256330,0.72151340,3.32050900,3.31318300,0.79824100,5.05314000,5.05180000,0.00341880, 2, 255, 7, 24,0x50000,No,No,No,No,No,Yes,No,Yes
2026-04-13 20:19:04,0.2,1500,500,,500,500,43,,200,,,648,,57.6,0.8033,0.6000,0.6000,1.1000,0.00000000,0.09954486,0.16298030,0.00683151,0.00000000,0.19616190,0.33279210,1.08053000,0.00012210,0.00048840,0.00360195,0.00976800,3.61811600,3.30724900,1.80463800,1.10586000,0.61721550,1.10805800,0.80256330,0.80720310,3.31959400,3.31318300,0.79882700,5.03840000,5.03974000,0.00256410, 2, 255, 7, 24,0x50000,No,No,No,No,No,Yes,No,Yes
2026-04-13 20:19:06,0.0,1500,500,,500,500,44,,200,,,648,,56.5,0.7200,0.6000,0.6000,1.1000,0.00000000,0.10052080,0.15810070,0.00487965,0.00000000,0.20006570,0.33084030,0.90193000,0.00012210,0.00073260,0.00347985,0.01001220,3.61811600,3.30724900,1.80463800,1.10732500,0.61758180,1.10659200,0.79963290,0.72178200,3.31867800,3.31318300,0.79824100,5.05314000,5.05984000,0.00256410, 2, 255, 7, 24,0x50000,No,No,No,No,No,Yes,No,Yes
2026-04-13 20:19:08,0.0,1500,500,,500,500,43,,200,,,648,,56.5,0.7200,0.6000,0.6000,1.1000,0.00000000,0.10637640,0.16005250,0.00585558,0.00000000,0.19713790,0.33084030,0.90193000,0.00024420,0.00036630,0.00360195,0.01001220,3.61162000,3.31188900,1.80463800,1.11208700,0.61831440,1.10549400,0.82051210,0.72178200,3.31776200,3.31226800,0.79853400,5.01696000,5.02634000,0.00256410, 2, 255, 7, 24,0x50000,No,No,No,No,No,Yes,No,Yes
2026-04-13 20:19:10,0.0,1500,500,,500,500,43,,200,,,648,,56.0,0.7200,0.6000,0.6000,1.1000,0.00000000,0.10344860,0.16102850,0.00780744,0.00000000,0.19616190,0.33376810,0.90193000,0.00006105,0.00042735,0.00347985,0.00952380,3.62368400,3.30168200,1.81294100,1.10586000,0.61831440,1.10952300,0.80256330,0.72151340,3.31867800,3.31501500,0.79853400,5.05716000,5.05984000,0.00341880, 2, 255, 7, 24,0x50000,No,No,No,No,No,Yes,No,Yes
2026-04-13 20:19:13,0.0,1500,500,,500,500,44,,200,,,648,,56.5,0.7200,0.6000,0.6000,1.1000,0.00000000,0.10930420,0.16005250,0.00585558,0.00000000,0.19713790,0.33084030,0.91085990,0.00048840,0.00042735,0.00390720,0.00927960,3.62368400,3.32766400,1.80463800,1.11208700,0.61831440,1.10659200,0.80219700,0.72151340,3.31776200,3.31501500,0.79853400,5.04644000,5.03706000,0.00256410, 2, 255, 7, 24,0x50000,No,No,No,No,No,Yes,No,Yes
2026-04-13 20:19:15,0.0,1500,500,,500,500,44,,200,,,648,,57.6,0.7200,0.6000,0.6000,1.1000,0.00000000,0.10149670,0.16005250,0.01171116,0.00000000,0.19518600,0.33084030,0.90193000,0.00012210,0.00036630,0.00390720,0.00940170,3.61811600,3.30724900,1.80903400,1.11208700,0.61868070,1.10952300,0.80292960,0.72178200,3.31867800,3.31226800,0.79941320,5.04778000,5.05180000,0.00256410, 2, 255, 7, 24,0x50000,No,No,No,No,No,Yes,No,Yes
2026-04-13 20:19:17,0.0,1500,500,,500,500,44,,200,,,648,,56.5,0.7200,0.6000,0.6000,1.1000,0.00000000,0.10149670,0.16200440,0.00585558,0.00000000,0.20689720,0.32986440,0.90193000,0.00000000,0.00073260,0.00354090,0.01001220,3.62182800,3.30168200,1.80073100,1.11355200,0.61794810,1.10586000,0.80256330,0.72178200,3.31776200,3.31318300,0.79824100,5.05046000,5.05314000,0.00256410, 2, 255, 7, 24,0x50000,No,No,No,No,No,Yes,No,Yes
2026-04-13 20:19:19,0.0,1500,500,,500,500,44,,200,,,648,,56.5,0.7200,0.6000,0.6000,1.1000,0.00000000,0.10344860,0.15810070,0.00683151,0.00000000,0.19713790,0.33181620,0.90193000,0.00006105,0.00036630,0.00354090,0.00989010,3.62275600,3.31374500,1.80463800,1.11355200,0.61098840,1.10915600,0.80183080,0.72178200,3.31959400,3.31409900,0.79853400,5.05448000,5.05314000,0.00256410, 2, 255, 7, 24,0x50000,No,No,No,No,No,Yes,No,Yes
2026-04-13 20:19:21,1.0,1500,500,,500,500,44,,200,,,648,,56.0,0.7200,0.6000,0.6000,1.1000,0.00000000,0.10052080,0.16005250,0.00585558,0.00000000,0.19616190,0.32986440,0.89299990,0.00012210,0.00061050,0.00366300,0.00964590,3.62739600,3.30168200,1.80317300,1.11355200,0.61977960,1.10695900,0.80292960,0.72205060,3.31959400,3.31226800,0.79794790,5.05984000,5.05314000,0.00341880, 2, 255, 7, 24,0x50000,No,No,No,No,No,Yes,No,Yes
2026-04-13 20:19:23,0.0,1500,500,,500,500,44,,200,,,648,,56.0,0.7200,0.6000,0.6000,1.1000,0.00000000,0.10442450,0.15712470,0.00585558,0.00000000,0.19616190,0.33181620,0.91085990,0.00006105,0.00042735,0.00390720,0.00964590,3.62275600,3.31374500,1.80073100,1.10805800,0.61868070,1.10842400,0.79963290,0.72178200,3.31867800,3.31318300,0.79794790,5.05448000,5.05582000,0.00256410, 2, 255, 7, 24,0x50000,No,No,No,No,No,Yes,No,Yes
2026-04-13 20:19:25,0.0,1500,500,,500,500,43,,200,,,648,,57.6,0.7200,0.6000,0.6000,1.1000,0.00000000,0.12003940,0.16005250,0.00683151,0.00000000,0.19811380,0.32888840,0.90193000,0.00012210,0.00036630,0.00390720,0.00964590,3.62646800,3.31188900,1.80415000,1.10805800,0.61575030,1.10915600,0.80439480,0.72205060,3.31959400,3.31409900,0.79882700,5.05448000,5.05314000,0.00256410, 2, 255, 7, 24,0x50000,No,No,No,No,No,Yes,No,Yes
2026-04-13 20:19:28,0.0,1500,500,,500,500,43,,200,,,648,,55.4,0.7200,0.6000,0.6000,1.1000,0.00000000,0.10052080,0.16005250,0.00780744,0.00000000,0.19518600,0.33376810,0.91085990,0.00012210,0.00042735,0.00390720,0.01001220,3.62275600,3.32766400,1.80512600,1.11355200,0.61465140,1.10842400,0.80219700,0.72151340,3.31776200,3.31501500,0.79794790,5.05984000,5.05850000,0.00341880, 2, 255, 7, 24,0x50000,No,No,No,No,No,Yes,No,Yes
2026-04-13 20:19:30,0.0,1500,500,,500,500,44,,200,,,648,,56.5,0.7200,0.6000,0.6000,1.1000,0.00000000,0.09954486,0.15907660,0.00487965,0.00000000,0.19713790,0.33279210,0.91085990,0.00048840,0.00073260,0.00372405,0.00964590,3.62182800,3.30724900,1.80073100,1.10732500,0.61721550,1.10842400,0.80146440,0.72178200,3.31867800,3.31409900,0.79853400,5.05984000,5.04912000,0.00256410, 2, 255, 7, 24,0x50000,No,No,No,No,No,Yes,No,Yes
2026-04-13 20:19:32,0.0,1500,500,,500,500,44,,200,,,648,,57.1,0.7200,0.6000,0.6000,1.1000,0.00000000,0.10540040,0.15810070,0.00975930,0.00000000,0.21763240,0.33084030,0.91085990,0.00000000,0.00073260,0.00335775,0.01001220,3.61811600,3.30724900,1.80415000,1.10732500,0.61831440,1.10805800,0.80036550,0.72205060,3.32050900,3.31409900,0.79794790,5.05314000,5.05046000,0.00256410, 2, 255, 7, 24,0x50000,No,No,No,No,No,Yes,No,Yes
2026-04-13 20:19:34,0.2,1500,500,,500,500,44,,200,,,648,,57.6,0.7200,0.6000,0.6000,1.1000,0.00000000,0.10344860,0.16005250,0.01854267,0.00000000,0.19616190,0.33376810,0.90193000,0.00048840,0.00042735,0.00390720,0.00940170,3.62461200,3.32766400,1.80317300,1.11208700,0.61611660,1.10879000,0.80219700,0.72205060,3.31959400,3.31501500,0.79853400,5.05180000,5.05984000,0.00256410, 2, 255, 7, 24,0x50000,No,No,No,No,No,Yes,No,Yes
2026-04-13 20:19:36,0.0,1500,500,,500,500,43,,200,,,648,,57.1,0.7200,0.6000,0.6000,1.1000,0.00000000,0.10247270,0.15810070,0.00780744,0.00000000,0.19811380,0.33279210,0.90193000,0.00048840,0.00036630,0.00360195,0.00989010,3.62182800,3.30724900,1.80903400,1.10695900,0.61831440,1.10659200,0.80329590,0.72178200,3.32050900,3.31318300,0.79882700,5.05046000,5.05582000,0.00256410, 2, 255, 7, 24,0x50000,No,No,No,No,No,Yes,No,Yes
2026-04-13 20:19:38,0.0,1500,500,,500,500,44,,200,,,648,,56.0,0.7200,0.6000,0.6000,1.1000,0.00000000,0.10052080,0.15712470,0.00683151,0.00000000,0.19811380,0.33181620,0.90193000,0.00012210,0.00036630,0.00366300,0.00915750,3.61811600,3.30446500,1.80463800,1.11208700,0.61794810,1.10952300,0.80256330,0.72178200,3.31776200,3.31409900,0.79882700,5.05046000,5.05984000,0.00256410, 2, 255, 7, 24,0x50000,No,No,No,No,No,Yes,No,Yes
2026-04-13 20:19:40,0.0,1500,500,,500,500,43,,200,,,648,,56.5,0.7200,0.6000,0.6000,1.1000,0.00000000,0.10540040,0.16005250,0.00683151,0.00000000,0.19518600,0.33376810,0.90193000,0.00048840,0.00024420,0.00335775,0.00915750,3.62182800,3.30724900,1.80073100,1.10805800,0.61794810,1.10842400,0.80366220,0.72178200,3.31776200,3.31409900,0.79794790,5.05716000,5.05314000,0.00341880, 2, 255, 7, 24,0x50000,No,No,No,No,No,Yes,No,Yes
2026-04-13 20:19:43,0.0,1500,500,,500,500,44,,200,,,648,,55.4,0.7200,0.6000,0.6000,1.1000,0.00000000,0.11028010,0.15907660,0.00292779,0.00000000,0.20689720,0.33181620,0.90193000,0.00012210,0.00042735,0.00347985,0.00976800,3.61811600,3.30724900,1.80415000,1.10439400,0.61831440,1.10659200,0.79963290,0.72151340,3.31959400,3.31409900,0.79941320,5.05448000,5.04242000,0.00256410, 2, 255, 7, 24,0x50000,No,No,No,No,No,Yes,No,Yes
2026-04-13 20:19:45,0.0,1500,500,,500,500,43,,200,,,648,,56.0,0.7200,0.6000,0.6000,1.1000,0.00000000,0.10442450,0.16102850,0.00390372,0.00000000,0.19518600,0.33181620,0.88407000,0.00048840,0.00048840,0.00378510,0.00964590,3.62646800,3.31374500,1.80073100,1.10915600,0.61794810,1.10586000,0.80036550,0.72178200,3.31959400,3.31409900,0.79882700,5.05448000,5.04644000,0.00341880, 2, 255, 7, 24,0x50000,No,No,No,No,No,Yes,No,Yes
2026-04-13 20:19:47,0.0,1500,500,,500,500,43,,200,,,648,,55.4,0.7200,0.6000,0.6000,1.1000,0.00000000,0.10149670,0.15614880,0.00975930,0.00000000,0.19518600,0.33279210,0.90193000,0.00048840,0.00048840,0.00360195,0.01025640,3.62461200,3.31931300,1.80366100,1.10879000,0.61868070,1.10659200,0.79963290,0.72205060,3.31776200,3.31409900,0.79794790,5.05582000,5.06252000,0.00341880, 2, 255, 7, 24,0x50000,No,No,No,No,No,Yes,No,Yes
2026-04-13 20:19:49,0.0,1500,500,,500,500,44,,200,,,648,,56.0,0.7200,0.6000,0.6000,1.1000,0.00000000,0.10442450,0.16102850,0.00683151,0.00000000,0.19908970,0.32986440,0.91085990,0.00012210,0.00042735,0.00390720,0.00952380,3.62646800,3.31374500,1.80561500,1.11428500,0.61721550,1.10549400,0.80292960,0.72151340,3.31867800,3.31501500,0.79824100,5.04912000,5.05046000,0.00256410, 2, 255, 7, 24,0x50000,No,No,No,No,No,Yes,No,Yes
2026-04-13 20:19:51,0.0,1500,500,,500,500,43,,200,,,648,,56.0,0.7200,0.6000,0.6000,1.1000,0.00000000,0.10637640,0.15907660,0.00390372,0.00000000,0.19713790,0.33279210,0.90193000,0.00048840,0.00048840,0.00390720,0.00989010,3.62646800,3.31188900,1.80073100,1.10769100,0.61868070,1.10915600,0.80036550,0.72178200,3.31959400,3.31409900,0.79882700,5.05046000,5.05180000,0.00341880, 2, 255, 7, 24,0x50000,No,No,No,No,No,Yes,No,Yes
2026-04-13 20:19:53,0.0,1500,500,,500,500,44,,200,,,648,,57.1,0.8033,0.6000,0.6000,1.1000,0.00000000,0.10247270,0.16102850,0.00487965,0.00000000,0.20689720,0.33181620,1.08053000,0.00012210,0.00048840,0.00347985,0.00952380,3.60883600,3.30168200,1.80073100,1.11355200,0.61648290,1.10805800,0.80439480,0.80720310,3.31959400,3.31409900,0.79912020,5.03304000,5.04108000,0.00256410, 2, 255, 7, 24,0x50000,No,No,No,No,No,Yes,No,Yes
2026-04-13 20:19:55,0.0,1500,500,,500,500,44,,200,,,648,,56.0,0.7200,0.6000,0.6000,1.1000,0.00000000,0.10344860,0.15907660,0.00780744,0.00000000,0.19518600,0.33181620,0.89299990,0.00048840,0.00073260,0.00347985,0.01001220,3.61997200,3.30168200,1.80415000,1.10439400,0.61941330,1.10842400,0.80109810,0.72151340,3.31776200,3.31318300,0.79882700,5.05046000,5.05046000,0.00341880, 2, 255, 7, 24,0x50000,No,No,No,No,No,Yes,No,Yes
2026-04-13 20:19:57,0.2,1500,500,,500,500,44,,200,,,648,,55.4,0.7200,0.6000,0.6000,1.1000,0.00000000,0.10637640,0.16005250,0.00487965,0.00000000,0.19616190,0.32888840,0.91085990,0.00018315,0.00042735,0.00366300,0.00940170,3.62739600,3.32952100,1.80366100,1.10732500,0.61648290,1.10659200,0.80292960,0.72178200,3.31867800,3.31318300,0.79882700,5.04778000,5.05314000,0.00256410, 2, 255, 7, 24,0x50000,No,No,No,No,No,Yes,No,Yes
2026-04-13 20:20:00,0.0,1500,500,,500,500,44,,200,,,648,,56.5,0.7200,0.6000,0.6000,1.1000,0.00000000,0.10149670,0.15810070,0.00487965,0.00000000,0.19616190,0.32986440,0.89299990,0.00000000,0.00073260,0.00347985,0.00976800,3.62554000,3.30724900,1.80317300,1.11208700,0.61794810,1.10842400,0.79963290,0.72178200,3.31959400,3.31409900,0.79794790,5.05448000,5.05984000,0.00341880, 2, 255, 7, 24,0x50000,No,No,No,No,No,Yes,No,Yes
2026-04-13 20:20:02,0.0,2400,910,,910,960,44,,200,,,648,,57.1,0.8995,0.6000,0.6000,1.1000,0.00000000,0.10344860,0.16395620,0.00487965,0.00000000,0.19616190,0.33084030,1.49131000,0.00012210,0.00073260,0.00335775,0.00989010,3.61347600,3.31188900,1.80366100,1.11062200,0.61758180,1.10586000,0.79926660,0.90202590,3.31959400,3.31226800,0.79853400,5.02232000,5.02098000,0.00341880, 2, 255, 7, 24,0x50000,No,No,No,No,No,Yes,No,Yes
2026-04-13 20:20:04,0.0,2400,910,,910,960,44,,200,,,648,,57.6,0.8995,0.6000,0.6000,1.1000,0.00000000,0.12199130,0.16688400,0.00683151,0.00000000,0.19616190,0.32693650,1.50024000,0.00006105,0.00048840,0.00360195,0.00952380,3.60976400,3.30724900,1.81294100,1.11355200,0.61684920,1.10915600,0.80146440,0.90175740,3.31959400,3.31318300,0.79794790,5.02499900,5.02098000,0.00341880, 2, 255, 7, 24,0x50000,No,No,No,No,No,Yes,No,Yes
2026-04-13 20:20:06,0.0,1500,500,,500,500,44,,200,,,648,,57.1,0.7200,0.6000,0.6000,1.1000,0.06245952,0.10149670,0.15810070,0.00683151,0.00000000,0.19421010,0.32888840,0.92871990,0.00024420,0.00030525,0.00378510,0.00976800,3.60698000,3.32766400,1.80366100,1.11391800,0.61794810,1.10915600,0.80256330,0.72178200,3.31867800,3.31318300,0.79794790,5.04510000,5.04912000,0.00341880, 2, 255, 7, 24,0x50000,No,No,No,No,No,Yes,No,Yes
2026-04-13 20:20:08,0.0,1500,500,,500,500,44,,200,,,648,,57.6,0.7200,0.6000,0.6000,1.1000,0.07026696,0.10052080,0.15810070,0.00780744,0.00000000,0.20592120,0.32986440,0.90193000,0.00000000,0.00042735,0.00390720,0.00989010,3.60883600,3.30168200,1.80415000,1.10732500,0.61831440,1.10915600,0.79963290,0.72151340,3.31867800,3.31226800,0.79853400,5.04242000,5.04108000,0.00341880, 2, 255, 7, 24,0x50000,No,No,No,No,No,Yes,No,Yes
2026-04-13 20:20:10,1.8,1500,500,,500,500,44,,200,,,648,,55.4,0.7200,0.6000,0.6000,1.1000,0.06343545,0.10052080,0.15810070,0.00780744,0.00000000,0.19518600,0.33474400,0.89299990,0.00012210,0.00036630,0.00378510,0.00964590,3.61069200,3.31931300,1.80463800,1.10915600,0.61794810,1.10586000,0.80036550,0.72178200,3.31959400,3.31501500,0.79794790,5.04912000,5.05046000,0.00256410, 2, 255, 7, 24,0x50000,No,No,No,No,No,Yes,No,Yes
2026-04-13 20:20:12,0.0,1500,500,,500,500,44,,200,,,648,,56.5,0.7200,0.6000,0.6000,1.1000,0.00000000,0.10149670,0.16102850,0.00878337,0.00000000,0.23129540,0.33181620,0.90193000,0.00012210,0.00042735,0.00372405,0.00940170,3.62554000,3.30446500,1.80512600,1.11428500,0.61648290,1.10659200,0.80292960,0.72178200,3.32050900,3.31318300,0.79824100,5.05314000,5.05046000,0.00341880, 2, 255, 7, 24,0x50000,No,No,No,No,No,Yes,No,Yes
2026-04-13 20:20:15,0.2,1500,500,,500,500,44,,200,,,648,,56.5,0.7200,0.6000,0.6000,1.1000,0.00000000,0.10247270,0.15907660,0.01171116,0.00000000,0.19811380,0.33181620,0.91085990,0.00012210,0.00042735,0.00390720,0.00976800,3.62275600,3.31374500,1.80317300,1.11355200,0.61721550,1.10842400,0.80292960,0.72178200,3.31776200,3.31318300,0.79882700,5.05046000,5.05180000,0.00256410, 2, 255, 7, 24,0x50000,No,No,No,No,No,Yes,No,Yes
2026-04-13 20:20:17,0.0,1500,500,,500,500,43,,200,,,648,,56.5,0.7200,0.6000,0.6000,1.1000,0.00000000,0.10344860,0.16102850,0.00390372,0.00000000,0.19616190,0.32791250,0.99122990,0.00012210,0.00036630,0.00390720,0.00964590,3.63018000,3.32766400,1.80415000,1.11391800,0.61794810,1.10586000,0.80879040,0.72151340,3.32050900,3.31318300,0.79882700,5.05448000,5.05314000,0.00341880, 2, 255, 7, 24,0x50000,No,No,No,No,No,Yes,No,Yes
2026-04-13 20:20:19,0.2,1500,500,,500,500,43,,200,,,648,,56.0,0.7200,0.6000,0.6000,1.1000,0.00000000,0.10149670,0.15907660,0.00780744,0.00000000,0.19713790,0.33084030,0.90193000,0.00012210,0.00036630,0.00347985,0.00964590,3.62182800,3.30910500,1.81294100,1.11208700,0.61831440,1.10659200,0.80512740,0.72231920,3.31959400,3.31318300,0.79794790,5.04778000,5.06252000,0.00341880, 2, 255, 7, 24,0x50000,No,No,No,No,No,Yes,No,Yes
2026-04-13 20:20:21,0.0,1500,500,,500,500,43,,200,,,648,,56.0,0.7200,0.6000,0.6000,1.1000,0.00000000,0.10442450,0.15712470,0.00780744,0.00000000,0.20006570,0.33084030,0.91085990,0.00012210,0.00036630,0.00360195,0.00952380,3.62275600,3.31374500,1.79877700,1.11208700,0.61868070,1.10659200,0.79963290,0.72151340,3.32050900,3.31318300,0.79882700,5.05582000,5.05448000,0.00341880, 2, 255, 7, 24,0x50000,No,No,No,No,No,Yes,No,Yes
2026-04-13 20:20:23,0.5,1500,500,,500,500,44,,200,,,648,,56.5,0.7200,0.6000,0.6000,1.1000,0.00000000,0.10930420,0.15907660,0.00292779,0.00000000,0.19713790,0.32986440,0.91979000,0.00000000,0.00036630,0.00360195,0.00940170,3.61811600,3.30724900,1.81342900,1.11208700,0.61794810,1.10879000,0.80366220,0.72178200,3.31684600,3.31318300,0.79824100,5.05984000,5.06252000,0.00256410, 2, 255, 7, 24,0x50000,No,No,No,No,No,Yes,No,Yes
2026-04-13 20:20:25,0.0,1500,500,,500,500,44,,200,,,648,,56.5,0.7200,0.6000,0.6000,1.1000,0.00000000,0.10052080,0.15810070,0.01171116,0.00000000,0.19811380,0.33084030,0.91085990,0.00012210,0.00042735,0.00390720,0.00940170,3.62646800,3.31188900,1.80415000,1.11355200,0.60915690,1.10842400,0.80146440,0.72151340,3.31867800,3.31226800,0.79794790,5.05716000,5.06520000,0.00256410, 2, 255, 7, 24,0x50000,No,No,No,No,No,Yes,No,Yes
2026-04-13 20:20:27,0.0,1500,500,,500,500,44,,200,,,648,,56.5,0.7200,0.6000,0.6000,1.1000,0.00000000,0.10247270,0.16005250,0.00585558,0.00000000,0.19518600,0.32986440,0.90193000,0.00012210,0.00042735,0.00347985,0.00989010,3.62368400,3.30168200,1.80903400,1.11025500,0.61794810,1.10915600,0.80036550,0.72178200,3.31776200,3.31226800,0.79794790,5.05448000,5.05984000,0.00341880, 2, 255, 7, 24,0x50000,No,No,No,No,No,Yes,No,Yes
2026-04-13 20:20:30,0.0,1500,500,,500,500,43,,200,,,648,,56.0,0.7200,0.6000,0.6000,1.1000,0.00000000,0.10442450,0.16005250,0.00683151,0.00000000,0.20006570,0.33181620,0.90193000,0.00000000,0.00048840,0.00366300,0.00915750,3.62739600,3.32766400,1.80073100,1.11282000,0.61721550,1.10915600,0.80439480,0.72178200,3.31684600,3.31318300,0.79882700,5.05046000,5.04778000,0.00341880, 2, 255, 7, 24,0x50000,No,No,No,No,No,Yes,No,Yes
2026-04-13 20:20:32,0.0,1500,500,,500,500,43,,200,,,648,,56.0,0.7200,0.6000,0.6000,1.1000,0.00000000,0.10149670,0.16102850,0.00390372,0.00000000,0.19616190,0.33181620,0.90193000,0.00000000,0.00048840,0.00335775,0.00940170,3.62646800,3.31188900,1.80512600,1.10732500,0.61794810,1.10915600,0.80439480,0.72178200,3.31959400,3.31318300,0.79941320,5.05180000,5.05046000,0.00256410, 2, 255, 7, 24,0x50000,No,No,No,No,No,Yes,No,Yes
2026-04-13 20:20:34,0.0,1500,500,,500,500,43,,200,,,648,,56.5,0.7200,0.6000,0.6000,1.1000,0.00000000,0.13370240,0.15907660,0.00292779,0.00000000,0.19908970,0.33084030,1.41094000,0.00024420,0.00036630,0.00372405,0.00964590,3.62646800,3.31374500,1.80073100,1.11025500,0.60476130,1.10659200,0.80219700,0.72205060,3.31776200,3.31409900,0.79912020,5.04912000,5.05314000,0.00341880, 2, 255, 7, 24,0x50000,No,No,No,No,No,Yes,No,Yes
2026-04-13 20:20:36,0.0,1500,500,,500,500,43,,200,,,648,,57.6,0.7200,0.6000,0.6000,1.1000,0.00000000,0.10442450,0.15810070,0.00780744,0.00000000,0.19616190,0.32986440,0.90193000,0.00012210,0.00061050,0.00335775,0.00964590,3.62461200,3.31374500,1.80463800,1.10915600,0.61794810,1.10879000,0.80879040,0.72151340,3.31959400,3.31226800,0.79824100,5.05314000,5.06117900,0.00341880, 2, 255, 7, 24,0x50000,No,No,No,No,No,Yes,No,Yes
2026-04-13 20:20:38,0.0,1500,500,,500,500,43,,200,,,648,,56.0,0.7200,0.6000,0.6000,1.1000,0.00000000,0.10052080,0.16298030,0.00487965,0.00000000,0.19811380,0.32986440,0.90193000,0.00012210,0.00048840,0.00360195,0.01001220,3.62646800,3.35550300,1.80903400,1.11208700,0.61721550,1.10915600,0.80219700,0.72205060,3.31959400,3.31318300,0.79794790,5.05984000,5.05448000,0.00341880, 2, 255, 7, 24,0x50000,No,No,No,No,No,Yes,No,Yes
2026-04-13 20:20:40,0.0,1500,500,,500,500,44,,200,,,648,,57.1,0.7200,0.6000,0.6000,1.1000,0.00000000,0.10247270,0.16005250,0.00487965,0.00000000,0.20689720,0.33181620,0.89299990,0.00012210,0.00036630,0.00360195,0.01001220,3.61811600,3.30724900,1.81098700,1.10732500,0.61758180,1.10659200,0.80146440,0.72151340,3.32234100,3.31226800,0.79824100,5.05314000,5.05716000,0.00256410, 2, 255, 7, 24,0x50000,No,No,No,No,No,Yes,No,Yes
2026-04-13 20:20:42,0.0,1500,500,,500,500,43,,200,,,648,,56.0,0.7200,0.6000,0.6000,1.1000,0.00000000,0.10149670,0.15907660,0.00585558,0.00000000,0.19616190,0.33279210,0.91085990,0.00012210,0.00042735,0.00390720,0.00940170,3.61997200,3.32952100,1.80659200,1.10732500,0.61794810,1.10842400,0.80256330,0.72205060,3.31959400,3.31409900,0.79794790,5.05716000,5.05046000,0.00256410, 2, 255, 7, 24,0x50000,No,No,No,No,No,Yes,No,Yes
2026-04-13 20:20:44,0.3,1500,500,,500,500,44,,200,,,648,,57.1,0.7200,0.6000,0.6000,1.1000,0.00000000,0.10930420,0.15907660,0.00585558,0.00000000,0.19713790,0.33084030,0.90193000,0.00006105,0.00042735,0.00390720,0.00940170,3.62368400,3.32766400,1.80463800,1.11208700,0.61868070,1.10586000,0.80292960,0.72178200,3.32050900,3.31318300,0.79882700,5.05582000,5.05716000,0.00256410, 2, 255, 7, 24,0x50000,No,No,No,No,No,Yes,No,Yes
2026-04-13 20:20:47,0.0,1500,500,,500,500,44,,200,,,648,,56.0,0.7200,0.6000,0.6000,1.1000,0.00000000,0.10247270,0.15907660,0.01268709,0.00000000,0.19616190,0.32986440,0.89299990,0.00024420,0.00036630,0.00360195,0.00989010,3.62832400,3.31188900,1.80512600,1.10732500,0.61831440,1.10549400,0.80256330,0.72124470,3.31867800,3.31226800,0.79853400,5.04644000,5.04912000,0.00341880, 2, 255, 7, 24,0x50000,No,No,No,No,No,Yes,No,Yes
2026-04-13 20:20:49,0.2,1500,500,,500,500,43,,200,,,648,,56.0,0.7200,0.6000,0.6000,1.1000,0.00000000,0.10149670,0.15810070,0.00195186,0.00000000,0.19616190,0.33084030,0.91979000,0.00012210,0.00036630,0.00360195,0.00952380,3.62182800,3.31931300,1.80121900,1.11172000,0.60988950,1.10952300,0.79963290,0.72151340,3.32050900,3.31318300,0.79882700,5.05984000,5.05984000,0.00341880, 2, 255, 7, 24,0x50000,No,No,No,No,No,Yes,No,Yes
2026-04-13 20:20:51,0.0,1500,500,,500,500,44,,200,,,648,,56.0,0.7200,0.6000,0.6000,1.1000,0.00000000,0.10832820,0.15907660,0.00683151,0.00000000,0.21860830,0.33181620,0.89299990,0.00024420,0.00042735,0.00366300,0.00952380,3.62275600,3.32766400,1.79682400,1.10732500,0.61648290,1.10879000,0.80256330,0.72178200,3.31776200,3.31318300,0.79853400,5.05984000,5.04510000,0.00256410, 2, 255, 7, 24,0x50000,No,No,No,No,No,Yes,No,Yes
2026-04-13 20:20:53,0.0,1500,500,,500,500,43,,200,,,648,,56.0,0.7200,0.6000,0.6000,1.1000,0.00000000,0.10149670,0.15810070,0.00585558,0.00000000,0.19518600,0.33084030,0.90193000,0.00000000,0.00061050,0.00354090,0.00976800,3.61997200,3.30168200,1.80512600,1.11208700,0.61868070,1.10695900,0.80256330,0.72151340,3.31776200,3.31501500,0.79853400,5.04778000,5.05850000,0.00341880, 2, 255, 7, 24,0x50000,No,No,No,No,No,Yes,No,Yes
2026-04-13 20:20:55,0.0,1500,500,,500,500,44,,200,,,648,,56.5,0.7200,0.6000,0.6000,1.1000,0.00000000,0.10247270,0.16005250,0.00195186,0.00000000,0.19616190,0.32596060,0.91085990,0.00024420,0.00042735,0.00347985,0.00976800,3.62368400,3.30168200,1.79877700,1.11355200,0.61868070,1.10659200,0.80256330,0.72205060,3.31959400,3.31409900,0.79794790,5.05984000,5.05984000,0.00256410, 2, 255, 7, 24,0x50000,No,No,No,No,No,Yes,No,Yes
2026-04-13 20:20:57,0.0,1500,500,,500,500,43,,200,,,648,,56.0,0.7200,0.6000,0.6000,1.1000,0.00000000,0.09954486,0.15907660,0.00683151,0.00000000,0.19811380,0.33181620,0.89299990,0.00024420,0.00054945,0.00390720,0.00952380,3.62275600,3.32766400,1.79877700,1.10695900,0.61794810,1.10952300,0.80329590,0.72205060,3.31776200,3.31409900,0.79853400,5.05314000,5.05984000,0.00256410, 2, 255, 7, 24,0x50000,No,No,No,No,No,Yes,No,Yes
2026-04-13 20:20:59,1.0,1500,500,,500,500,44,,200,,,648,,57.6,0.7200,0.6000,0.6000,1.1000,0.00000000,0.10247270,0.15907660,0.00683151,0.00000000,0.19616190,0.32888840,0.91085990,0.00012210,0.00036630,0.00360195,0.01001220,3.62182800,3.30353800,1.80415000,1.10695900,0.61721550,1.10952300,0.80256330,0.72205060,3.31959400,3.31226800,0.79794790,5.05984000,5.05314000,0.00341880, 2, 255, 7, 24,0x50000,No,No,No,No,No,Yes,No,Yes
2026-04-13 20:21:02,0.0,1500,500,,500,500,43,,200,,,648,,56.0,0.7200,0.6000,0.6000,1.1000,0.00000000,0.10149670,0.16005250,0.01073523,0.00000000,0.19616190,0.32986440,0.90193000,0.00006105,0.00042735,0.00390720,0.01025640,3.63018000,3.32766400,1.80317300,1.11355200,0.60622650,1.10915600,0.80219700,0.72178200,3.31867800,3.31226800,0.79853400,5.05314000,5.05314000,0.00256410, 2, 255, 7, 24,0x50000,No,No,No,No,No,Yes,No,Yes
2026-04-13 20:21:04,0.0,1500,500,,500,500,43,,200,,,648,,56.0,0.7200,0.6000,0.6000,1.1000,0.00000000,0.10247270,0.15907660,0.00292779,0.00000000,0.20884900,0.33279210,0.90193000,0.00012210,0.00036630,0.00360195,0.00964590,3.61811600,3.30724900,1.80903400,1.11208700,0.61611660,1.10842400,0.80329590,0.72178200,3.32234100,3.31318300,0.79882700,5.04242000,5.05582000,0.00256410, 2, 255, 7, 24,0x50000,No,No,No,No,No,Yes,No,Yes
2026-04-13 20:21:06,0.0,1500,500,,500,500,43,,200,,,648,,57.1,0.7200,0.6000,0.6000,1.1000,0.00000000,0.10052080,0.15907660,0.00292779,0.00000000,0.19421010,0.33181620,0.91085990,0.00012210,0.00061050,0.00347985,0.01001220,3.62368400,3.30168200,1.80463800,1.11355200,0.61721550,1.10659200,0.80329590,0.72151340,3.31867800,3.31318300,0.79853400,5.04778000,5.05314000,0.00256410, 2, 255, 7, 24,0x50000,No,No,No,No,No,Yes,No,Yes
2026-04-13 20:21:08,0.0,1500,500,,500,500,43,,200,,,648,,55.4,0.7200,0.6000,0.6000,1.1000,0.00000000,0.10735230,0.15614880,0.00390372,0.00000000,0.20787310,0.33181620,0.90193000,0.00012210,0.00042735,0.00366300,0.00952380,3.63018000,3.30260900,1.80708000,1.11355200,0.61831440,1.10879000,0.80292960,0.72178200,3.31959400,3.31318300,0.79794790,5.04778000,5.04912000,0.00256410, 2, 255, 7, 24,0x50000,No,No,No,No,No,Yes,No,Yes
2026-04-13 20:21:10,0.0,1500,500,,500,500,44,,200,,,648,,56.0,0.7200,0.6000,0.6000,1.1000,0.00000000,0.10247270,0.16102850,0.00097593,0.00000000,0.19811380,0.32986440,0.90193000,0.00012210,0.00036630,0.00390720,0.00989010,3.62275600,3.35735900,1.80366100,1.11355200,0.61758180,1.10659200,0.80256330,0.72178200,3.32050900,3.31501500,0.79882700,5.05046000,5.05448000,0.00341880, 2, 255, 7, 24,0x50000,No,No,No,No,No,Yes,No,Yes
2026-04-13 20:21:12,0.0,1500,500,,500,500,43,,200,,,648,,56.0,0.7200,0.6000,0.6000,1.1000,0.00000000,0.11125600,0.15907660,0.00975930,0.00000000,0.19811380,0.33279210,0.90193000,0.00048840,0.00048840,0.00366300,0.00903540,3.62090000,3.35735900,1.79877700,1.11355200,0.61941330,1.10842400,0.80439480,0.72205060,3.31867800,3.31318300,0.79794790,5.04778000,5.05448000,0.00341880, 2, 255, 7, 24,0x50000,No,No,No,No,No,Yes,No,Yes
2026-04-13 20:21:14,0.0,1500,500,,500,500,44,,200,,,648,,56.0,0.7200,0.6000,0.6000,1.1000,0.00000000,0.10052080,0.15907660,0.00683151,0.00000000,0.19518600,0.33181620,0.90193000,0.00012210,0.00036630,0.00354090,0.01001220,3.62461200,3.31188900,1.81294100,1.10292900,0.61428510,1.10879000,0.80219700,0.72178200,3.31776200,3.31409900,0.79853400,5.05448000,5.05984000,0.00256410, 2, 255, 7, 24,0x50000,No,No,No,No,No,Yes,No,Yes
2026-04-13 20:21:17,0.0,1500,500,,500,500,44,,200,,,648,,58.7,0.7200,0.6000,0.6000,1.1000,0.00000000,0.10052080,0.15907660,0.00683151,0.00000000,0.19811380,0.33181620,0.89299990,0.00012210,0.00042735,0.00347985,0.01037850,3.62182800,3.32766400,1.80805700,1.10805800,0.61904700,1.10659200,0.79963290,0.72178200,3.31959400,3.31226800,0.79882700,5.05448000,5.05046000,0.00256410, 2, 255, 7, 24,0x50000,No,No,No,No,No,Yes,No,Yes
2026-04-13 20:21:19,0.0,1500,500,,500,500,44,,200,,,648,,56.5,0.7200,0.6000,0.6000,1.1000,0.00000000,0.11515970,0.15907660,0.00585558,0.00000000,0.21177680,0.32986440,0.90193000,0.00012210,0.00036630,0.00366300,0.01001220,3.62461200,3.31188900,1.80415000,1.10805800,0.61721550,1.10586000,0.80109810,0.72178200,3.31776200,3.31409900,0.79824100,5.05448000,5.04778000,0.00341880, 2, 255, 7, 24,0x50000,No,No,No,No,No,Yes,No,Yes
2026-04-13 20:21:21,0.0,1500,500,,500,500,44,,200,,,648,,57.1,0.7200,0.6000,0.6000,1.1000,0.00000000,0.10442450,0.16005250,0.00780744,0.00000000,0.19811380,0.33181620,0.90193000,0.00012210,0.00042735,0.00390720,0.00976800,3.63018000,3.32766400,1.79877700,1.10439400,0.61794810,1.10842400,0.80292960,0.72178200,3.32050900,3.31226800,0.79882700,5.05314000,5.06386000,0.00341880, 2, 255, 7, 24,0x50000,No,No,No,No,No,Yes,No,Yes
2026-04-13 20:21:23,0.0,1500,500,,500,500,44,,200,,,648,,56.0,0.7200,0.6000,0.6000,1.1000,0.00000000,0.10149670,0.15810070,0.00585558,0.00000000,0.19811380,0.33084030,0.90193000,0.00012210,0.00036630,0.00347985,0.00964590,3.61811600,3.30724900,1.81294100,1.10769100,0.61758180,1.10659200,0.79963290,0.72205060,3.31959400,3.31226800,0.79794790,5.04912000,5.04778000,0.00256410, 2, 255, 7, 24,0x50000,No,No,No,No,No,Yes,No,Yes
2026-04-13 20:21:25,0.0,1500,500,,500,500,43,,200,,,648,,57.6,0.7200,0.6000,0.6000,1.1000,0.00000000,0.10344860,0.16005250,0.01073523,0.00000000,0.19713790,0.33084030,0.90193000,0.00012210,0.00042735,0.00360195,0.00940170,3.62646800,3.32766400,1.79877700,1.11355200,0.61062210,1.10952300,0.80109810,0.72178200,3.32050900,3.31318300,0.79882700,5.05448000,5.05716000,0.00341880, 2, 255, 7, 24,0x50000,No,No,No,No,No,Yes,No,Yes
2026-04-13 20:21:27,0.0,1500,500,,500,500,44,,200,,,648,,56.0,0.7200,0.6000,0.6000,1.1000,0.00000000,0.10052080,0.16005250,0.01073523,0.00000000,0.19616190,0.32986440,0.91085990,0.00012210,0.00036630,0.00372405,0.00940170,3.62554000,3.30724900,1.81342900,1.11355200,0.61794810,1.10915600,0.80256330,0.72178200,3.31776200,3.31409900,0.79882700,5.05582000,5.05850000,0.00341880, 2, 255, 7, 24,0x50000,No,No,No,No,No,Yes,No,Yes
2026-04-13 20:21:29,0.2,1500,500,,500,500,43,,200,,,648,,56.5,0.7200,0.6000,0.6000,1.1000,0.00000000,0.10442450,0.16005250,0.00780744,0.00000000,0.19323410,0.33571990,0.90193000,0.00006105,0.00042735,0.00390720,0.01001220,3.62368400,3.32952100,1.80366100,1.11355200,0.61648290,1.10879000,0.80256330,0.72178200,3.32050900,3.31318300,0.79824100,5.05314000,5.04108000,0.00256410, 2, 255, 7, 24,0x50000,No,No,No,No,No,Yes,No,Yes
2026-04-13 20:21:32,0.0,1500,500,,500,500,43,,200,,,648,,56.0,0.7200,0.6000,0.6000,1.1000,0.00000000,0.10149670,0.15810070,0.01171116,0.00000000,0.19811380,0.33279210,0.90193000,0.00012210,0.00085470,0.00347985,0.01001220,3.61811600,3.30724900,1.80366100,1.10879000,0.61758180,1.10842400,0.80256330,0.72151340,3.31867800,3.31501500,0.79941320,5.04778000,5.05984000,0.00341880, 2, 255, 7, 24,0x50000,No,No,No,No,No,Yes,No,Yes
2026-04-13 20:21:34,0.0,1500,500,,500,500,44,,200,,,648,,56.0,0.7200,0.6000,0.6000,1.1000,0.00000000,0.10052080,0.16005250,0.00487965,0.00000000,0.19713790,0.32986440,0.90193000,0.00012210,0.00073260,0.00360195,0.00976800,3.62275600,3.31188900,1.80659200,1.11355200,0.61794810,1.10842400,0.80292960,0.72178200,3.32050900,3.31318300,0.79853400,5.05314000,5.05314000,0.00341880, 2, 255, 7, 24,0x50000,No,No,No,No,No,Yes,No,Yes
2026-04-13 20:21:36,0.0,1500,500,,500,500,43,,200,,,648,,56.0,0.7200,0.6000,0.6000,1.1000,0.00000000,0.10149670,0.15810070,0.00585558,0.00000000,0.19616190,0.33084030,0.90193000,0.00024420,0.00042735,0.00341880,0.00989010,3.62275600,3.32766400,1.80073100,1.11208700,0.61868070,1.10915600,0.80439480,0.72205060,3.31867800,3.31409900,0.79853400,5.05448000,5.05448000,0.00341880, 2, 255, 7, 24,0x50000,No,No,No,No,No,Yes,No,Yes
2026-04-13 20:21:38,0.0,1500,500,,500,500,44,,200,,,648,,57.6,0.7200,0.6000,0.6000,1.1000,0.00000000,0.09954486,0.15810070,0.00585558,0.00000000,0.19811380,0.33084030,0.89299990,0.00024420,0.00048840,0.00360195,0.01025640,3.62646800,3.31188900,1.80708000,1.10439400,0.60879060,1.10915600,0.80256330,0.72178200,3.31867800,3.31318300,0.79882700,5.05046000,5.05582000,0.00341880, 2, 255, 7, 24,0x50000,No,No,No,No,No,Yes,No,Yes
2026-04-13 20:21:40,0.2,1500,500,,500,500,44,,200,,,648,,56.0,0.7200,0.6000,0.6000,1.1000,0.00000000,0.10247270,0.15810070,0.00683151,0.00000000,0.19713790,0.33181620,0.90193000,0.00000000,0.00073260,0.00360195,0.01001220,3.62461200,3.31931300,1.81294100,1.10769100,0.61428510,1.10952300,0.80256330,0.72178200,3.31959400,3.31409900,0.79794790,5.05448000,5.05314000,0.00341880, 2, 255, 7, 24,0x50000,No,No,No,No,No,Yes,No,Yes
2026-04-13 20:21:42,0.0,1500,500,,500,500,43,,200,,,648,,56.0,0.7200,0.6000,0.6000,1.1000,0.00000000,0.10052080,0.16005250,0.00683151,0.00000000,0.19713790,0.33181620,0.90193000,0.00012210,0.00036630,0.00354090,0.00940170,3.62182800,3.30724900,1.81294100,1.10586000,0.61904700,1.10915600,0.80256330,0.72178200,3.31867800,3.31226800,0.79824100,5.05314000,5.05046000,0.00341880, 2, 255, 7, 24,0x50000,No,No,No,No,No,Yes,No,Yes
2026-04-13 20:21:44,0.2,1500,500,,500,500,43,,200,,,648,,55.4,0.7200,0.6000,0.6000,1.1000,0.00000000,0.09954486,0.15907660,0.00780744,0.00000000,0.19616190,0.33279210,0.90193000,0.00012210,0.00048840,0.00347985,0.00976800,3.62554000,3.30168200,1.80366100,1.10732500,0.61868070,1.10842400,0.80256330,0.72178200,3.31959400,3.31226800,0.79941320,5.06252000,5.05180000,0.00341880, 2, 255, 7, 24,0x50000,No,No,No,No,No,Yes,No,Yes
2026-04-13 20:21:46,0.2,1500,500,,500,500,44,,200,,,648,,56.0,0.7200,0.6000,0.6000,1.1000,0.00000000,0.10247270,0.15907660,0.01073523,0.00000000,0.19616190,0.32888840,0.91085990,0.00012210,0.00036630,0.00347985,0.00976800,3.62182800,3.30724900,1.80512600,1.11428500,0.61904700,1.10842400,0.80256330,0.72151340,3.31867800,3.31318300,0.79853400,5.04778000,5.05314000,0.00341880, 2, 255, 7, 24,0x50000,No,No,No,No,No,Yes,No,Yes
2026-04-13 20:21:49,1.0,1500,500,,500,500,44,,200,,,648,,56.5,0.7200,0.6000,0.6000,1.1000,0.00000000,0.10247270,0.15810070,0.01171116,0.00000000,0.19811380,0.33181620,0.89299990,0.00000000,0.00048840,0.00366300,0.01025640,3.62646800,3.32766400,1.80415000,1.10695900,0.61794810,1.10659200,0.80219700,0.72178200,3.31867800,3.31501500,0.79824100,5.04778000,5.04778000,0.00341880, 2, 255, 7, 24,0x50000,No,No,No,No,No,Yes,No,Yes
2026-04-13 20:21:51,0.0,1500,500,,500,500,44,,200,,,648,,56.0,0.7200,0.6000,0.6000,1.1000,0.00000000,0.11125600,0.15907660,0.00292779,0.00000000,0.19713790,0.33279210,0.89299990,0.00024420,0.00036630,0.00360195,0.00940170,3.61811600,3.30446500,1.81294100,1.10805800,0.61831440,1.10659200,0.79999920,0.72205060,3.31776200,3.31409900,0.79853400,5.03572000,5.04242000,0.00341880, 2, 255, 7, 24,0x50000,No,No,No,No,No,Yes,No,Yes
2026-04-13 20:21:53,0.0,1500,500,,500,500,43,,200,,,648,,54.9,0.7200,0.6000,0.6000,1.1000,0.00000000,0.10052080,0.15810070,0.01073523,0.00000000,0.19713790,0.33084030,0.91085990,0.00000000,0.00042735,0.00390720,0.00976800,3.62646800,3.32766400,1.80415000,1.11355200,0.61904700,1.10659200,0.80256330,0.72178200,3.31684600,3.31409900,0.79824100,5.05314000,5.05984000,0.00341880, 2, 255, 7, 24,0x50000,No,No,No,No,No,Yes,No,Yes
2026-04-13 20:21:55,0.2,1500,500,,500,500,43,,200,,,648,,57.1,0.7200,0.6000,0.6000,1.1000,0.00000000,0.10247270,0.15810070,0.00683151,0.00000000,0.19616190,0.33181620,0.91085990,0.00000000,0.00042735,0.00390720,0.00989010,3.63018000,3.32766400,1.80073100,1.11391800,0.61721550,1.10879000,0.80256330,0.72178200,3.32050900,3.31318300,0.79882700,5.05314000,5.04778000,0.00341880, 2, 255, 7, 24,0x50000,No,No,No,No,No,Yes,No,Yes
2026-04-13 20:21:57,0.0,1500,500,,500,500,44,,200,,,648,,56.0,0.7200,0.6000,0.6000,1.1000,0.00000000,0.11515970,0.15907660,0.00585558,0.00000000,0.20884900,0.33181620,0.89299990,0.00012210,0.00036630,0.00347985,0.00964590,3.61811600,3.30724900,1.80561500,1.10805800,0.61501770,1.10952300,0.80036550,0.72178200,3.32142500,3.31318300,0.79882700,5.03438000,5.04242000,0.00341880, 2, 255, 7, 24,0x50000,No,No,No,No,No,Yes,No,Yes
2026-04-13 20:21:59,0.0,1500,500,,500,500,43,,200,,,648,,57.1,0.7200,0.6000,0.6000,1.1000,0.00000000,0.10247270,0.16005250,0.00683151,0.00000000,0.19518600,0.33084030,0.90193000,0.00012210,0.00036630,0.00372405,0.01001220,3.62554000,3.30910500,1.80415000,1.10439400,0.61794810,1.10842400,0.80219700,0.72151340,3.31959400,3.31501500,0.79853400,5.05716000,5.05984000,0.00256410, 2, 255, 7, 24,0x50000,No,No,No,No,No,Yes,No,Yes
2026-04-13 20:22:01,0.0,2400,910,,910,960,44,,200,,,648,,57.6,0.8995,0.6000,0.6000,1.1000,0.00000000,0.10442450,0.16493220,0.00487965,0.00000000,0.19616190,0.33279210,1.48238000,0.00006105,0.00042735,0.00390720,0.00964590,3.60976400,3.31188900,1.80463800,1.11208700,0.61684920,1.10659200,0.80292960,0.90202590,3.31867800,3.31226800,0.79941320,5.02232000,5.02366000,0.00341880, 2, 255, 7, 24,0x50000,No,No,No,No,No,Yes,No,Yes
2026-04-13 20:22:04,0.0,2400,910,,910,960,43,,200,,,648,,59.3,0.8995,0.6000,0.6000,1.1000,0.00000000,0.10052080,0.16395620,0.00487965,0.00000000,0.19713790,0.43331290,1.49131000,0.00000000,0.00048840,0.00390720,0.00915750,3.61069200,3.31931300,1.80512600,1.10292900,0.61465140,1.10915600,0.82051210,0.90202590,3.31867800,3.31226800,0.79941320,5.01562000,5.00892000,0.00256410, 2, 255, 7, 24,0x50000,No,No,No,No,No,Yes,No,Yes
2026-04-13 20:22:06,0.0,1500,500,,500,500,44,,200,,,648,,57.1,0.7200,0.6000,0.6000,1.1000,0.05953173,0.10149670,0.15810070,0.00292779,0.00000000,0.19421010,0.32888840,0.91979000,0.00012210,0.00036630,0.00347985,0.01062270,3.60883600,3.30724900,1.80121900,1.10805800,0.61721550,1.10586000,0.80402850,0.72231920,3.32050900,3.31409900,0.79912020,5.04376000,5.04376000,0.00256410, 2, 255, 7, 24,0x50000,No,No,No,No,No,Yes,No,Yes
2026-04-13 20:22:08,0.2,1500,500,,500,500,43,,200,,,648,,56.5,0.7200,0.6000,0.6000,1.1000,0.04782057,0.10442450,0.15810070,0.00780744,0.00000000,0.19616190,0.33181620,0.90193000,0.00012210,0.00036630,0.00366300,0.00976800,3.61254800,3.31931300,1.80415000,1.10805800,0.61831440,1.10659200,0.80292960,0.72151340,3.31776200,3.31226800,0.79853400,5.04108000,5.03706000,0.00341880, 2, 255, 7, 24,0x50000,No,No,No,No,No,Yes,No,Yes
2026-04-13 20:22:10,0.2,1500,500,,500,500,44,,200,,,648,,56.5,0.7200,0.6000,0.6000,1.1000,0.06636324,0.10149670,0.15810070,0.01171116,0.00000000,0.19811380,0.33181620,0.90193000,0.00024420,0.00042735,0.00372405,0.00952380,3.60141300,3.32952100,1.80903400,1.10586000,0.61391880,1.10586000,0.79963290,0.72178200,3.31959400,3.31501500,0.79941320,5.01964000,5.01562000,0.00256410, 2, 255, 7, 24,0x50000,No,No,No,No,No,Yes,No,Yes
2026-04-13 20:22:12,0.0,1500,500,,500,500,44,,200,,,648,,57.1,0.7200,0.6000,0.6000,1.1000,0.00000000,0.11223200,0.15907660,0.00780744,0.00000000,0.19616190,0.33181620,0.91085990,0.00012210,0.00073260,0.00347985,0.00940170,3.62182800,3.30724900,1.81294100,1.11355200,0.61794810,1.10842400,0.80256330,0.72178200,3.31776200,3.31318300,0.79824100,5.05314000,5.04778000,0.00256410, 2, 255, 7, 24,0x50000,No,No,No,No,No,Yes,No,Yes
2026-04-13 20:22:14,0.0,1500,500,,500,500,43,,200,,,648,,56.0,0.7200,0.6000,0.6000,1.1000,0.00000000,0.10149670,0.15907660,0.00780744,0.00000000,0.19518600,0.33084030,0.89299990,0.00012210,0.00042735,0.00366300,0.00989010,3.61997200,3.30168200,1.79682400,1.10586000,0.61758180,1.10659200,0.80219700,0.72178200,3.31684600,3.31501500,0.79824100,5.05180000,5.05984000,0.00341880, 2, 255, 7, 24,0x50000,No,No,No,No,No,Yes,No,Yes
2026-04-13 20:22:16,0.0,1500,500,,500,500,44,,200,,,648,,57.6,0.7200,0.6000,0.6000,1.1000,0.00000000,0.10637640,0.15907660,0.00780744,0.00000000,0.19713790,0.33181620,0.90193000,0.00012210,0.00042735,0.00390720,0.00940170,3.62646800,3.31188900,1.79877700,1.10805800,0.61941330,1.10659200,0.80256330,0.72205060,3.32050900,3.31409900,0.79794790,5.06520000,5.06788000,0.00256410, 2, 255, 7, 24,0x50000,No,No,No,No,No,Yes,No,Yes
2026-04-13 20:22:19,0.0,1500,500,,500,500,43,,200,,,648,,56.5,0.7200,0.6000,0.6000,1.1000,0.00000000,0.10247270,0.15810070,0.00780744,0.00000000,0.19616190,0.33084030,0.91085990,0.00012210,0.00036630,0.00360195,0.01001220,3.62832400,3.31188900,1.80463800,1.11428500,0.61721550,1.10915600,0.80256330,0.72151340,3.32050900,3.31318300,0.79882700,5.05314000,5.04242000,0.00341880, 2, 255, 7, 24,0x50000,No,No,No,No,No,Yes,No,Yes
2026-04-13 20:22:21,0.0,1500,500,,500,500,44,,200,,,648,,57.6,0.7200,0.6000,0.6000,1.1000,0.00000000,0.10149670,0.15907660,0.00487965,0.00000000,0.19518600,0.32888840,0.90193000,0.00012210,0.00054945,0.00366300,0.00952380,3.62275600,3.32766400,1.80708000,1.10879000,0.61868070,1.10586000,0.80183080,0.72205060,3.32050900,3.31409900,0.79912020,5.05984000,5.05046000,0.00256410, 2, 255, 7, 24,0x50000,No,No,No,No,No,Yes,No,Yes
2026-04-13 20:22:23,0.0,1500,500,,500,500,44,,200,,,648,,57.1,0.7200,0.6000,0.6000,1.1000,0.00000000,0.10052080,0.16005250,0.00780744,0.00000000,0.21470460,0.33084030,0.91085990,0.00012210,0.00036630,0.00347985,0.00989010,3.62925200,3.31931300,1.80463800,1.10769100,0.61868070,1.10879000,0.80439480,0.72178200,3.32050900,3.31409900,0.79882700,5.06117900,5.05984000,0.00341880, 2, 255, 7, 24,0x50000,No,No,No,No,No,Yes,No,Yes
2026-04-13 20:22:25,0.0,1500,500,,500,500,43,,200,,,648,,57.6,0.7200,0.6000,0.6000,1.1000,0.00000000,0.10149670,0.16102850,0.00292779,0.00000000,0.19713790,0.33084030,0.91085990,0.00012210,0.00036630,0.00347985,0.00940170,3.62182800,3.30168200,1.81098700,1.11062200,0.61135470,1.10842400,0.80366220,0.72178200,3.32050900,3.31318300,0.79882700,5.05046000,5.05716000,0.00256410, 2, 255, 7, 24,0x50000,No,No,No,No,No,Yes,No,Yes
2026-04-13 20:22:27,0.5,1500,500,,500,500,44,,200,,,648,,56.0,0.7200,0.6000,0.6000,1.1000,0.00000000,0.10149670,0.16005250,0.00683151,0.00000000,0.19616190,0.33084030,0.88407000,0.00012210,0.00054945,0.00366300,0.00952380,3.62368400,3.32952100,1.80073100,1.10732500,0.60952320,1.10586000,0.80256330,0.72151340,3.31959400,3.31226800,0.79941320,5.05850000,5.04778000,0.00256410, 2, 255, 7, 24,0x50000,No,No,No,No,No,Yes,No,Yes
2026-04-13 20:22:29,0.0,1500,500,,500,500,44,,200,,,648,,56.0,0.7200,0.6000,0.6000,1.1000,0.00000000,0.10247270,0.15810070,0.00780744,0.00000000,0.19713790,0.33084030,0.89299990,0.00048840,0.00073260,0.00378510,0.00940170,3.62646800,3.32766400,1.80073100,1.11208700,0.61831440,1.10732500,0.80219700,0.72178200,3.31867800,3.31501500,0.79824100,5.05314000,5.05314000,0.00341880, 2, 255, 7, 24,0x50000,No,No,No,No,No,Yes,No,Yes
2026-04-13 20:22:31,0.0,1500,500,,500,500,44,,200,,,648,,57.1,0.7200,0.6000,0.6000,1.1000,0.00000000,0.10052080,0.15907660,0.00780744,0.00000000,0.19713790,0.33376810,0.91085990,0.00012210,0.00054945,0.00390720,0.00940170,3.62646800,3.31374500,1.81294100,1.11208700,0.61831440,1.10659200,0.80292960,0.72151340,3.31867800,3.31318300,0.79941320,5.04778000,5.05314000,0.00341880, 2, 255, 7, 24,0x50000,No,No,No,No,No,Yes,No,Yes
2026-04-13 20:22:33,0.2,1500,500,,500,500,43,,200,,,648,,56.5,0.7200,0.6000,0.6000,1.1000,0.00000000,0.10149670,0.16005250,0.00487965,0.00000000,0.19518600,0.33279210,0.90193000,0.00012210,0.00042735,0.00390720,0.00976800,3.62275600,3.32766400,1.81098700,1.11355200,0.61904700,1.10586000,0.80219700,0.72178200,3.32050900,3.31318300,0.79824100,5.05046000,5.04778000,0.00256410, 2, 255, 7, 24,0x50000,No,No,No,No,No,Yes,No,Yes
2026-04-13 20:22:36,0.2,1500,500,,500,500,44,,200,,,648,,56.5,0.7200,0.6000,0.6000,1.1000,0.00000000,0.10247270,0.16005250,0.00292779,0.00000000,0.19908970,0.33279210,0.89299990,0.00012210,0.00042735,0.00390720,0.01025640,3.63018000,3.32766400,1.80463800,1.10805800,0.60549390,1.10842400,0.80329590,0.72205060,3.31959400,3.31409900,0.79882700,5.05984000,5.06520000,0.00341880, 2, 255, 7, 24,0x50000,No,No,No,No,No,Yes,No,Yes
2026-04-13 20:22:38,1.0,1500,500,,500,500,44,,200,,,648,,56.0,0.7200,0.6000,0.6000,1.1000,0.00000000,0.10247270,0.15907660,0.00585558,0.00000000,0.19518600,0.33181620,0.90193000,0.00006105,0.00042735,0.00366300,0.01025640,3.62275600,3.32766400,1.79877700,1.11355200,0.61831440,1.10659200,0.80292960,0.72205060,3.31867800,3.31226800,0.79941320,5.04778000,5.05448000,0.00256410, 2, 255, 7, 24,0x50000,No,No,No,No,No,Yes,No,Yes
2026-04-13 20:22:40,0.0,1500,500,,500,500,43,,200,,,648,,56.0,0.7200,0.6000,0.6000,1.1000,0.00000000,0.10344860,0.15712470,0.00585558,0.00000000,0.19616190,0.33084030,0.90193000,0.00012210,0.00061050,0.00347985,0.00976800,3.62182800,3.30168200,1.79682400,1.10439400,0.61794810,1.10842400,0.80329590,0.72178200,3.32050900,3.31318300,0.79882700,5.05314000,5.05984000,0.00341880, 2, 255, 7, 24,0x50000,No,No,No,No,No,Yes,No,Yes
2026-04-13 20:22:42,0.0,1500,500,,500,500,43,,200,,,648,,56.0,0.7200,0.6000,0.6000,1.1000,0.00000000,0.10540040,0.15907660,0.00878337,0.00000000,0.19616190,0.33376810,0.90193000,0.00000000,0.00073260,0.00366300,0.01001220,3.62646800,3.32766400,1.80610300,1.11355200,0.61794810,1.10915600,0.80036550,0.72178200,3.31776200,3.31409900,0.79824100,5.05582000,5.06117900,0.00256410, 2, 255, 7, 24,0x50000,No,No,No,No,No,Yes,No,Yes
2026-04-13 20:22:44,0.0,1500,500,,500,500,43,,200,,,648,,57.1,0.7200,0.6000,0.6000,1.1000,0.00000000,0.10247270,0.15907660,0.00390372,0.00000000,0.19616190,0.33084030,0.89299990,0.00000000,0.00042735,0.00347985,0.00927960,3.62368400,3.32766400,1.80415000,1.10439400,0.61684920,1.10915600,0.80292960,0.72178200,3.32050900,3.31318300,0.79824100,5.04242000,5.04778000,0.00256410, 2, 255, 7, 24,0x50000,No,No,No,No,No,Yes,No,Yes
2026-04-13 20:22:46,0.0,1500,500,,500,500,43,,200,,,648,,55.4,0.7200,0.6000,0.6000,1.1000,0.00000000,0.10735230,0.16102850,0.00780744,0.00000000,0.20494530,0.32986440,0.94657990,0.00012210,0.00048840,0.00347985,0.00940170,3.62554000,3.32952100,1.81342900,1.10805800,0.61868070,1.10659200,0.80292960,0.72178200,3.32050900,3.31409900,0.79882700,5.05582000,5.04912000,0.00341880, 2, 255, 7, 24,0x50000,No,No,No,No,No,Yes,No,Yes
2026-04-13 20:22:48,0.0,1500,500,,500,500,43,,200,,,648,,55.4,0.7200,0.6000,0.6000,1.1000,0.00000000,0.10344860,0.16005250,0.00487965,0.00000000,0.19323410,0.33181620,0.91085990,0.00000000,0.00073260,0.00335775,0.00964590,3.62832400,3.31931300,1.80463800,1.11391800,0.61904700,1.10915600,0.80146440,0.72205060,3.31867800,3.31409900,0.79941320,5.05984000,5.05314000,0.00341880, 2, 255, 7, 24,0x50000,No,No,No,No,No,Yes,No,Yes
2026-04-13 20:22:51,0.5,1500,500,,500,500,44,,200,,,648,,56.5,0.7200,0.6000,0.6000,1.1000,0.00000000,0.10149670,0.15907660,0.00878337,0.00000000,0.21470460,0.33181620,0.89299990,0.00012210,0.00048840,0.00378510,0.00976800,3.62275600,3.32766400,1.80512600,1.11208700,0.61758180,1.10732500,0.79963290,0.72151340,3.31776200,3.31318300,0.79882700,5.05046000,5.04778000,0.00341880, 2, 255, 7, 24,0x50000,No,No,No,No,No,Yes,No,Yes
2026-04-13 20:22:53,0.0,1500,500,,500,500,43,,200,,,648,,57.6,0.7200,0.6000,0.6000,1.1000,0.00000000,0.10149670,0.15712470,0.00683151,0.00000000,0.20006570,0.33279210,0.90193000,0.00012210,0.00061050,0.00335775,0.00940170,3.61811600,3.30446500,1.80903400,1.10512700,0.61868070,1.10842400,0.80292960,0.72151340,3.32050900,3.31318300,0.79853400,5.05314000,5.05716000,0.00341880, 2, 255, 7, 24,0x50000,No,No,No,No,No,Yes,No,Yes
2026-04-13 20:22:55,1.0,1500,500,,500,500,44,,200,,,648,,55.4,0.7200,0.6000,0.6000,1.1000,0.00000000,0.10344860,0.16200440,0.00683151,0.00000000,0.19713790,0.32888840,0.90193000,0.00000000,0.00048840,0.00390720,0.01025640,3.62646800,3.32766400,1.80073100,1.10439400,0.61684920,1.10842400,0.80256330,0.72151340,3.31867800,3.31501500,0.79941320,5.04778000,5.04912000,0.00341880, 2, 255, 7, 24,0x50000,No,No,No,No,No,Yes,No,Yes
2026-04-13 20:22:57,0.0,1500,500,,500,500,44,,200,,,648,,56.5,0.7200,0.6000,0.6000,1.1000,0.00000000,0.10930420,0.16005250,0.00683151,0.00000000,0.20494530,0.32888840,0.89299990,0.00012210,0.00042735,0.00354090,0.00940170,3.62275600,3.32766400,1.80512600,1.10439400,0.61831440,1.10586000,0.80256330,0.72205060,3.31867800,3.31318300,0.79824100,5.04778000,5.05046000,0.00256410, 2, 255, 7, 24,0x50000,No,No,No,No,No,Yes,No,Yes
2026-04-13 20:22:59,0.0,1500,500,,500,500,44,,200,,,648,,56.0,0.7200,0.6000,0.6000,1.1000,0.00000000,0.10344860,0.16005250,0.00683151,0.00000000,0.19616190,0.33376810,0.89299990,0.00024420,0.00036630,0.00360195,0.00964590,3.62554000,3.30724900,1.80415000,1.11355200,0.61794810,1.10915600,0.79963290,0.72151340,3.31867800,3.31135200,0.79794790,5.04778000,5.05984000,0.00256410, 2, 255, 7, 24,0x50000,No,No,No,No,No,Yes,No,Yes
2026-04-13 20:23:01,0.0,1500,500,,500,500,43,,200,,,648,,57.1,0.7200,0.6000,0.6000,1.1000,0.00000000,0.09661707,0.16005250,0.00780744,0.00000000,0.19713790,0.33084030,0.89299990,0.00000000,0.00042735,0.00341880,0.01001220,3.63018000,3.32952100,1.80415000,1.10915600,0.61868070,1.10842400,0.80256330,0.72205060,3.31959400,3.31409900,0.79912020,5.05984000,5.05984000,0.00256410, 2, 255, 7, 24,0x50000,No,No,No,No,No,Yes,No,Yes
2026-04-13 20:23:03,0.0,1500,500,,500,500,43,,200,,,648,,56.0,0.7200,0.6000,0.6000,1.1000,0.00000000,0.10344860,0.15907660,0.00585558,0.00000000,0.19811380,0.32888840,0.90193000,0.00012210,0.00036630,0.00347985,0.01025640,3.61811600,3.30724900,1.81342900,1.10695900,0.61868070,1.10952300,0.80292960,0.72151340,3.31867800,3.31318300,0.79941320,5.05448000,5.05582000,0.00341880, 2, 255, 7, 24,0x50000,No,No,No,No,No,Yes,No,Yes
2026-04-13 20:23:06,0.0,1500,500,,500,500,44,,200,,,648,,55.4,0.7200,0.6000,0.6000,1.1000,0.00000000,0.10149670,0.15810070,0.00585558,0.00000000,0.19518600,0.32888840,0.90193000,0.00012210,0.00061050,0.00360195,0.01001220,3.62554000,3.30168200,1.80317300,1.10586000,0.61977960,1.10842400,0.80219700,0.72231920,3.31959400,3.31409900,0.79853400,5.05984000,5.05314000,0.00341880, 2, 255, 7, 24,0x50000,No,No,No,No,No,Yes,No,Yes
2026-04-13 20:23:08,0.0,1500,500,,500,500,43,,200,,,648,,56.5,0.7200,0.6000,0.6000,1.1000,0.00000000,0.10149670,0.15712470,0.00585558,0.00000000,0.19518600,0.33084030,0.89299990,0.00012210,0.00048840,0.00366300,0.00952380,3.63018000,3.32766400,1.80512600,1.11428500,0.61831440,1.10842400,0.80256330,0.72178200,3.31867800,3.31226800,0.79853400,5.06252000,5.06386000,0.00341880, 2, 255, 7, 24,0x50000,No,No,No,No,No,Yes,No,Yes
2026-04-13 20:23:10,0.0,1500,500,,500,500,44,,200,,,648,,56.5,0.7200,0.6000,0.6000,1.1000,0.00000000,0.10540040,0.16005250,0.01171116,0.00000000,0.19518600,0.33181620,0.90193000,0.00012210,0.00042735,0.00390720,0.00964590,3.62275600,3.32952100,1.80415000,1.10879000,0.61794810,1.10732500,0.80292960,0.72205060,3.31684600,3.31409900,0.79882700,5.05582000,5.04778000,0.00341880, 2, 255, 7, 24,0x50000,No,No,No,No,No,Yes,No,Yes
2026-04-13 20:23:12,0.2,1500,500,,500,500,44,,200,,,648,,56.0,0.7200,0.6000,0.6000,1.1000,0.00000000,0.10247270,0.15907660,0.00292779,0.00000000,0.20006570,0.33181620,0.89299990,0.00012210,0.00048840,0.00341880,0.00940170,3.62368400,3.30168200,1.81342900,1.10732500,0.61794810,1.10842400,0.80329590,0.72205060,3.31776200,3.31409900,0.79853400,5.05448000,5.05984000,0.00341880, 2, 255, 7, 24,0x50000,No,No,No,No,No,Yes,No,Yes
2026-04-13 20:23:14,0.0,1500,500,,500,500,44,,200,,,648,,55.4,0.7200,0.6000,0.6000,1.1000,0.00000000,0.10540040,0.16005250,0.00683151,0.00000000,0.20592120,0.33279210,0.90193000,0.00012210,0.00036630,0.00390720,0.00976800,3.62461200,3.31931300,1.81294100,1.11208700,0.61281990,1.10879000,0.80109810,0.72205060,3.31776200,3.31409900,0.79912020,5.05180000,5.05582000,0.00256410, 2, 255, 7, 24,0x50000,No,No,No,No,No,Yes,No,Yes
2026-04-13 20:23:16,0.0,1500,500,,500,500,44,,200,,,648,,56.0,0.7200,0.6000,0.6000,1.1000,0.00000000,0.10052080,0.16005250,0.00780744,0.00000000,0.19713790,0.32986440,0.91085990,0.00000000,0.00073260,0.00347985,0.01025640,3.62182800,3.30724900,1.81342900,1.10732500,0.61758180,1.10732500,0.80219700,0.72151340,3.32050900,3.31318300,0.79882700,5.05314000,5.05046000,0.00341880, 2, 255, 7, 24,0x50000,No,No,No,No,No,Yes,No,Yes
2026-04-13 20:23:18,0.0,1500,500,,500,500,44,,200,,,648,,56.0,0.7200,0.6000,0.6000,1.1000,0.00000000,0.10149670,0.15712470,0.00487965,0.00000000,0.19616190,0.33084030,0.91085990,0.00000000,0.00073260,0.00335775,0.00964590,3.62646800,3.31374500,1.80512600,1.11208700,0.61831440,1.10659200,0.80219700,0.72178200,3.31867800,3.31409900,0.79912020,5.05984000,5.05314000,0.00256410, 2, 255, 7, 24,0x50000,No,No,No,No,No,Yes,No,Yes
2026-04-13 20:23:20,0.3,1500,500,,500,500,44,,200,,,648,,56.5,0.7200,0.6000,0.6000,1.1000,0.00000000,0.10247270,0.16005250,0.00585558,0.00000000,0.19616190,0.33084030,0.90193000,0.00012210,0.00042735,0.00390720,0.00964590,3.62275600,3.32766400,1.80512600,1.11208700,0.61868070,1.10842400,0.80256330,0.72178200,3.32050900,3.31501500,0.79824100,5.05314000,5.05448000,0.00256410, 2, 255, 7, 24,0x50000,No,No,No,No,No,Yes,No,Yes
2026-04-13 20:23:23,0.0,1500,500,,500,500,43,,200,,,648,,57.1,0.7200,0.6000,0.6000,1.1000,0.00000000,0.10344860,0.16005250,0.00780744,0.00000000,0.19811380,0.33084030,0.90193000,0.00006105,0.00036630,0.00360195,0.01001220,3.62182800,3.30724900,1.80512600,1.10695900,0.61831440,1.10915600,0.80109810,0.72205060,3.31959400,3.31409900,0.79794790,5.05448000,5.05984000,0.00256410, 2, 255, 7, 24,0x50000,No,No,No,No,No,Yes,No,Yes
2026-04-13 20:23:25,0.0,1500,500,,500,500,44,,200,,,648,,55.4,0.7200,0.6000,0.6000,1.1000,0.00000000,0.10149670,0.16005250,0.01073523,0.00000000,0.19616190,0.33181620,0.91085990,0.00048840,0.00073260,0.00360195,0.00964590,3.62646800,3.31374500,1.80512600,1.10732500,0.61648290,1.10586000,0.80256330,0.72178200,3.31776200,3.31409900,0.79882700,5.05582000,5.05314000,0.00256410, 2, 255, 7, 24,0x50000,No,No,No,No,No,Yes,No,Yes
2026-04-13 20:23:27,1.0,1900,682,,682,704,44,,200,,,648,,57.6,0.8308,0.6000,0.6000,1.1000,0.00000000,0.11613570,0.16102850,0.00487965,0.00000000,0.19616190,0.33279210,0.89299990,0.00024420,0.00024420,0.00360195,0.01001220,3.63203500,3.30353800,1.79877700,1.11062200,0.61868070,1.10915600,0.79963290,0.72205060,3.31684600,3.31318300,0.79824100,5.06252000,5.05850000,0.00256410, 2, 255, 7, 24,0x50000,No,No,No,No,No,Yes,No,Yes
2026-04-13 20:23:29,0.0,1500,500,,500,500,44,,200,,,648,,56.0,0.7200,0.6000,0.6000,1.1000,0.00000000,0.09954486,0.15907660,0.00585558,0.00000000,0.19518600,0.32986440,0.89299990,0.00024420,0.00036630,0.00360195,0.01001220,3.62832400,3.30446500,1.80463800,1.10586000,0.61831440,1.10952300,0.80292960,0.72178200,3.31959400,3.31226800,0.79941320,5.05716000,5.05180000,0.00256410, 2, 255, 7, 24,0x50000,No,No,No,No,No,Yes,No,Yes
2026-04-13 20:23:31,0.2,1500,500,,500,500,44,,200,,,648,,56.0,0.7200,0.6000,0.6000,1.1000,0.00000000,0.10247270,0.16005250,0.00585558,0.00000000,0.19713790,0.32986440,0.89299990,0.00024420,0.00048840,0.00360195,0.00976800,3.62554000,3.31188900,1.81294100,1.11208700,0.61648290,1.10842400,0.80292960,0.72205060,3.31776200,3.31318300,0.79882700,5.05582000,5.05314000,0.00256410, 2, 255, 7, 24,0x50000,No,No,No,No,No,Yes,No,Yes
2026-04-13 20:23:33,0.0,1500,500,,500,500,43,,200,,,648,,56.0,0.7200,0.6000,0.6000,1.1000,0.00000000,0.10052080,0.16102850,0.00390372,0.00000000,0.19713790,0.33084030,0.89299990,0.00012210,0.00048840,0.00347985,0.01001220,3.62182800,3.30724900,1.81342900,1.11208700,0.61794810,1.10549400,0.80109810,0.72178200,3.32050900,3.31409900,0.79794790,5.03572000,5.04778000,0.00341880, 2, 255, 7, 24,0x50000,No,No,No,No,No,Yes,No,Yes
2026-04-13 20:23:35,0.0,1500,500,,500,500,43,,200,,,648,,57.1,0.7200,0.6000,0.6000,1.1000,0.00000000,0.10344860,0.16005250,0.01073523,0.00000000,0.19518600,0.33084030,0.91085990,0.00048840,0.00073260,0.00390720,0.00952380,3.62090000,3.32766400,1.80415000,1.11355200,0.61831440,1.10952300,0.80256330,0.72205060,3.31776200,3.31409900,0.79912020,5.05448000,5.05850000,0.00256410, 2, 255, 7, 24,0x50000,No,No,No,No,No,Yes,No,Yes
2026-04-13 20:23:38,0.0,1500,500,,500,500,43,,200,,,648,,56.0,0.7200,0.6000,0.6000,1.1000,0.00000000,0.11418380,0.16005250,0.00683151,0.00000000,0.21665650,0.33279210,0.90193000,0.00000000,0.00048840,0.00366300,0.01001220,3.62646800,3.35735900,1.80415000,1.11208700,0.61501770,1.10915600,0.80146440,0.72205060,3.32050900,3.31318300,0.79853400,5.05448000,5.05448000,0.00256410, 2, 255, 7, 24,0x50000,No,No,No,No,No,Yes,No,Yes
2026-04-13 20:23:40,0.0,1500,500,,500,500,44,,200,,,648,,56.0,0.7200,0.6000,0.6000,1.1000,0.00000000,0.10344860,0.16005250,0.00878337,0.00000000,0.19616190,0.33181620,0.89299990,0.00012210,0.00073260,0.00360195,0.01001220,3.62182800,3.30724900,1.81294100,1.11208700,0.61904700,1.10952300,0.80366220,0.72178200,3.32050900,3.31318300,0.79882700,5.04242000,5.05448000,0.00256410, 2, 255, 7, 24,0x50000,No,No,No,No,No,Yes,No,Yes
2026-04-13 20:23:42,0.0,1500,500,,500,500,44,,200,,,648,,57.1,0.7200,0.6000,0.6000,1.1000,0.00000000,0.10149670,0.15810070,0.00585558,0.00000000,0.19713790,0.33181620,0.90193000,0.00012210,0.00067155,0.00378510,0.01001220,3.62646800,3.31374500,1.80561500,1.10732500,0.61831440,1.10659200,0.79926660,0.72178200,3.31959400,3.31226800,0.79853400,5.05314000,5.05046000,0.00341880, 2, 255, 7, 24,0x50000,No,No,No,No,No,Yes,No,Yes
2026-04-13 20:23:44,1.0,1500,500,,500,500,44,,200,,,648,,57.6,0.7200,0.6000,0.6000,1.1000,0.00000000,0.10247270,0.16005250,0.00585558,0.00000000,0.19616190,0.33084030,0.89299990,0.00012210,0.00048840,0.00354090,0.00940170,3.62832400,3.31931300,1.80463800,1.11391800,0.61868070,1.10695900,0.80292960,0.72151340,3.31867800,3.31501500,0.79882700,5.05314000,5.05582000,0.00341880, 2, 255, 7, 24,0x50000,No,No,No,No,No,Yes,No,Yes
2026-04-13 20:23:46,0.0,1500,500,,500,500,43,,200,,,648,,56.0,0.7200,0.6000,0.6000,1.1000,0.00000000,0.10052080,0.15907660,0.00585558,0.00000000,0.19713790,0.32888840,0.89299990,0.00018315,0.00036630,0.00390720,0.00964590,3.62182800,3.30168200,1.80512600,1.10439400,0.61941330,1.10842400,0.80402850,0.72205060,3.31959400,3.31318300,0.79794790,5.05984000,5.05716000,0.00341880, 2, 255, 7, 24,0x50000,No,No,No,No,No,Yes,No,Yes
2026-04-13 20:23:48,0.0,1500,500,,500,500,44,,200,,,648,,56.0,0.7200,0.6000,0.6000,1.1000,0.00000000,0.10149670,0.15907660,0.00683151,0.00000000,0.19616190,0.32986440,0.90193000,0.00012210,0.00036630,0.00390720,0.01001220,3.62646800,3.31188900,1.80415000,1.10695900,0.61721550,1.10659200,0.80036550,0.72205060,3.31959400,3.31226800,0.79912020,5.04912000,5.03706000,0.00256410, 2, 255, 7, 24,0x50000,No,No,No,No,No,Yes,No,Yes
2026-04-13 20:23:50,0.2,1500,500,,500,500,44,,200,,,648,,56.0,0.7200,0.6000,0.6000,1.1000,0.00000000,0.09954486,0.15907660,0.00780744,0.00000000,0.20689720,0.38061270,0.90193000,0.00006105,0.00036630,0.00360195,0.00940170,3.63110700,3.33137600,1.80317300,1.10695900,0.61758180,1.10915600,0.80402850,0.72151340,3.31959400,3.31226800,0.79824100,5.04778000,5.04778000,0.00341880, 2, 255, 7, 24,0x50000,No,No,No,No,No,Yes,No,Yes
2026-04-13 20:23:53,0.0,1500,500,,500,500,44,,200,,,648,,56.0,0.7200,0.6000,0.6000,1.1000,0.00000000,0.10149670,0.16102850,0.00878337,0.00000000,0.19811380,0.33181620,0.89299990,0.00012210,0.00079365,0.00354090,0.01001220,3.62182800,3.30817700,1.80561500,1.10769100,0.61831440,1.10586000,0.80256330,0.72231920,3.31959400,3.31409900,0.79882700,5.04912000,5.04778000,0.00341880, 2, 255, 7, 24,0x50000,No,No,No,No,No,Yes,No,Yes
2026-04-13 20:23:55,0.3,1500,500,,500,500,44,,200,,,648,,56.0,0.7200,0.6000,0.6000,1.1000,0.00000000,0.10930420,0.16005250,0.00780744,0.00000000,0.19518600,0.33084030,0.89299990,0.00006105,0.00036630,0.00360195,0.00964590,3.62275600,3.35550300,1.80463800,1.10879000,0.61868070,1.10842400,0.80256330,0.72178200,3.31867800,3.31318300,0.79794790,5.05448000,5.05448000,0.00341880, 2, 255, 7, 24,0x50000,No,No,No,No,No,Yes,No,Yes
2026-04-13 20:23:57,0.0,1500,500,,500,500,43,,200,,,648,,56.0,0.7200,0.6000,0.6000,1.1000,0.00000000,0.10149670,0.15907660,0.00683151,0.00000000,0.19713790,0.33181620,0.89299990,0.00018315,0.00036630,0.00366300,0.01001220,3.62182800,3.30724900,1.80463800,1.10439400,0.61684920,1.10952300,0.80256330,0.72178200,3.31776200,3.31318300,0.79824100,5.05180000,5.06117900,0.00256410, 2, 255, 7, 24,0x50000,No,No,No,No,No,Yes,No,Yes
2026-04-13 20:23:59,0.0,1500,500,,500,500,43,,200,,,648,,55.4,0.7200,0.6000,0.6000,1.1000,0.00000000,0.10149670,0.15907660,0.00683151,0.00000000,0.19421010,0.33376810,0.89299990,0.00012210,0.00042735,0.00347985,0.00952380,3.62554000,3.30724900,1.80317300,1.11391800,0.61904700,1.10879000,0.79963290,0.72151340,3.32050900,3.31409900,0.79794790,5.04644000,5.04644000,0.00256410, 2, 255, 7, 24,0x50000,No,No,No,No,No,Yes,No,Yes
2026-04-13 20:24:01,0.2,2400,910,,910,960,44,,200,,,648,,58.2,0.8995,0.6000,0.6000,1.1000,0.00000000,0.10442450,0.16395620,0.00487965,0.00000000,0.19518600,0.33181620,1.47345000,0.00012210,0.00036630,0.00360195,0.01001220,3.61440400,3.31931300,1.80121900,1.10695900,0.61721550,1.10915600,0.80292960,0.90256320,3.31776200,3.31409900,0.79882700,5.01562000,5.02634000,0.00341880, 2, 255, 7, 24,0x50000,No,No,No,No,No,Yes,No,Yes
2026-04-13 20:24:03,0.0,2400,910,,910,960,43,,200,,,648,,57.6,0.8995,0.6000,0.6000,1.1000,0.00000000,0.10149670,0.16590810,0.00878337,0.00000000,0.19518600,0.33474400,1.49131000,0.00000000,0.00048840,0.00366300,0.00940170,3.60790800,3.32952100,1.80415000,1.11208700,0.61794810,1.10659200,0.79963290,0.90229460,3.31776200,3.31409900,0.79882700,5.01294000,5.01562000,0.00341880, 2, 255, 7, 24,0x50000,No,No,No,No,No,Yes,No,Yes
2026-04-13 20:24:05,0.0,1500,500,,500,500,44,,200,,,648,,57.1,0.7200,0.6000,0.6000,1.1000,0.05757987,0.10930420,0.16005250,0.00292779,0.00000000,0.19713790,0.33279210,0.91979000,0.00012210,0.00042735,0.00347985,0.00964590,3.61533200,3.30724900,1.80463800,1.11208700,0.61538400,1.10586000,0.80366220,0.72205060,3.31959400,3.31409900,0.79794790,5.03572000,5.05046000,0.00341880, 2, 255, 7, 24,0x50000,No,No,No,No,No,Yes,No,Yes
2026-04-13 20:24:08,0.0,1500,500,,500,500,43,,200,,,648,,56.5,0.7200,0.6000,0.6000,1.1000,0.05660394,0.10247270,0.15907660,0.01268709,0.00000000,0.19616190,0.33376810,0.90193000,0.00048840,0.00048840,0.00378510,0.00952380,3.61347600,3.31374500,1.80463800,1.11355200,0.61428510,1.10659200,0.80073180,0.72205060,3.31867800,3.31226800,0.79794790,5.03706000,5.03706000,0.00341880, 2, 255, 7, 24,0x50000,No,No,No,No,No,Yes,No,Yes
2026-04-13 20:24:10,0.0,1500,500,,500,500,43,,200,,,648,,56.0,0.7200,0.6000,0.6000,1.1000,0.05953173,0.10344860,0.15907660,0.00390372,0.00000000,0.19518600,0.32888840,0.91085990,0.00012210,0.00073260,0.00366300,0.00964590,3.60976400,3.35550300,1.80415000,1.11208700,0.61721550,1.10439400,0.80256330,0.72205060,3.31867800,3.31226800,0.79941320,5.04108000,5.04242000,0.00256410, 2, 255, 7, 24,0x50000,No,No,No,No,No,Yes,No,Yes
2026-04-13 20:24:12,0.0,1500,500,,500,500,44,,200,,,648,,56.0,0.7200,0.6000,0.6000,1.1000,0.00000000,0.10247270,0.15907660,0.00780744,0.00000000,0.20689720,0.33084030,0.90193000,0.00012210,0.00036630,0.00347985,0.01013430,3.62182800,3.30168200,1.80415000,1.10732500,0.61831440,1.10659200,0.79999920,0.72178200,3.32142500,3.31409900,0.79794790,5.04912000,5.05984000,0.00341880, 2, 255, 7, 24,0x50000,No,No,No,No,No,Yes,No,Yes
2026-04-13 20:24:14,0.0,1500,500,,500,500,44,,200,,,648,,56.5,0.7200,0.6000,0.6000,1.1000,0.00000000,0.10149670,0.15907660,0.00487965,0.00000000,0.19616190,0.32888840,0.90193000,0.00012210,0.00042735,0.00341880,0.00976800,3.62368400,3.32952100,1.80073100,1.10695900,0.61794810,1.10915600,0.80219700,0.72178200,3.31867800,3.31409900,0.79853400,5.04778000,5.05984000,0.00256410, 2, 255, 7, 24,0x50000,No,No,No,No,No,Yes,No,Yes
2026-04-13 20:24:16,1.0,1500,682,,682,704,43,,200,,,648,,56.5,0.8308,0.6000,0.6000,1.1000,0.00000000,0.10149670,0.16005250,0.00292779,0.00000000,0.19713790,0.33084030,0.91085990,0.00012210,0.00061050,0.00347985,0.00964590,3.62554000,3.30168200,1.81294100,1.11355200,0.61648290,1.10952300,0.80219700,0.72178200,3.32050900,3.31501500,0.79853400,5.05850000,5.06252000,0.00341880, 2, 255, 7, 24,0x50000,No,No,No,No,No,Yes,No,Yes
2026-04-13 20:24:18,0.0,1500,500,,500,500,44,,200,,,648,,56.5,0.7200,0.6000,0.6000,1.1000,0.00000000,0.10149670,0.16005250,0.00292779,0.00000000,0.19713790,0.32986440,0.91979000,0.00012210,0.00054945,0.00354090,0.01001220,3.62368400,3.32766400,1.80366100,1.11465100,0.61831440,1.10732500,0.79963290,0.72151340,3.31959400,3.31318300,0.79853400,5.04778000,5.05984000,0.00341880, 2, 255, 7, 24,0x50000,No,No,No,No,No,Yes,No,Yes
2026-04-13 20:24:20,0.0,1500,500,,500,500,44,,200,,,648,,56.5,0.7200,0.6000,0.6000,1.1000,0.00000000,0.10149670,0.15712470,0.00780744,0.00000000,0.19616190,0.32986440,0.90193000,0.00018315,0.00042735,0.00390720,0.00964590,3.62832400,3.32766400,1.80366100,1.11355200,0.61794810,1.10732500,0.80292960,0.72231920,3.31776200,3.31409900,0.79882700,5.05448000,5.05314000,0.00341880, 2, 255, 7, 24,0x50000,No,No,No,No,No,Yes,No,Yes
2026-04-13 20:24:23,0.0,1500,500,,500,500,43,,200,,,648,,56.0,0.7200,0.6000,0.6000,1.1000,0.00000000,0.10247270,0.16102850,0.00683151,0.00000000,0.19616190,0.33376810,0.89299990,0.00012210,0.00061050,0.00366300,0.00964590,3.62090000,3.30446500,1.80512600,1.10439400,0.61758180,1.10842400,0.80879040,0.72151340,3.31959400,3.31226800,0.79941320,5.04778000,5.05046000,0.00256410, 2, 255, 7, 24,0x50000,No,No,No,No,No,Yes,No,Yes
2026-04-13 20:24:25,0.0,1500,500,,500,500,44,,200,,,648,,55.4,0.7200,0.6000,0.6000,1.1000,0.00000000,0.10930420,0.15712470,0.00780744,0.00000000,0.19518600,0.32888840,0.90193000,0.00000000,0.00036630,0.00390720,0.00976800,3.62368400,3.30168200,1.80366100,1.11062200,0.61611660,1.10586000,0.80146440,0.72178200,3.32050900,3.31318300,0.79882700,5.05448000,5.05448000,0.00256410, 2, 255, 7, 24,0x50000,No,No,No,No,No,Yes,No,Yes
2026-04-13 20:24:27,0.0,1500,500,,500,500,43,,200,,,648,,57.6,0.7200,0.6000,0.6000,1.1000,0.00000000,0.10149670,0.16102850,0.00780744,0.00000000,0.19713790,0.33084030,0.90193000,0.00012210,0.00073260,0.00360195,0.01001220,3.62461200,3.30724900,1.80121900,1.11355200,0.61794810,1.10769100,0.80256330,0.72178200,3.31776200,3.31409900,0.79853400,5.04912000,5.05716000,0.00341880, 2, 255, 7, 24,0x50000,No,No,No,No,No,Yes,No,Yes
2026-04-13 20:24:29,0.0,1500,500,,500,500,44,,200,,,648,,56.0,0.7200,0.6000,0.6000,1.1000,0.00000000,0.10344860,0.15907660,0.00390372,0.00000000,0.19616190,0.33084030,0.89299990,0.00006105,0.00042735,0.00390720,0.00940170,3.61904400,3.32766400,1.80708000,1.10879000,0.61868070,1.10659200,0.80292960,0.72178200,3.31959400,3.31409900,0.79794790,5.05448000,5.03706000,0.00341880, 2, 255, 7, 24,0x50000,No,No,No,No,No,Yes,No,Yes
2026-04-13 20:24:31,0.0,1500,500,,500,500,43,,200,,,648,,57.1,0.7200,0.6000,0.6000,1.1000,0.00000000,0.10247270,0.15907660,0.00487965,0.00000000,0.19616190,0.33084030,0.91085990,0.00048840,0.00036630,0.00360195,0.01001220,3.62182800,3.30168200,1.80415000,1.10439400,0.61794810,1.10842400,0.80219700,0.72205060,3.31867800,3.31409900,0.79941320,5.05448000,5.06252000,0.00341880, 2, 255, 7, 24,0x50000,No,No,No,No,No,Yes,No,Yes
2026-04-13 20:24:33,1.0,1500,500,,500,500,44,,200,,,648,,56.0,0.7200,0.6000,0.6000,1.1000,0.00000000,0.10052080,0.15907660,0.00487965,0.00000000,0.19713790,0.33181620,0.90193000,0.00048840,0.00073260,0.00360195,0.01025640,3.62275600,3.32766400,1.81391700,1.10586000,0.61794810,1.10915600,0.80146440,0.72178200,3.31867800,3.31318300,0.79853400,5.05180000,5.05314000,0.00341880, 2, 255, 7, 24,0x50000,No,No,No,No,No,Yes,No,Yes
2026-04-13 20:24:35,0.0,1500,500,,500,500,43,,200,,,648,,56.0,0.7200,0.6000,0.6000,1.1000,0.00000000,0.10832820,0.15907660,0.00878337,0.00000000,0.19518600,0.33084030,0.89299990,0.00000000,0.00073260,0.00378510,0.00964590,3.62461200,3.31374500,1.80366100,1.11282000,0.61831440,1.10659200,0.80256330,0.72205060,3.32142500,3.31226800,0.79941320,5.04778000,5.05180000,0.00256410, 2, 255, 7, 24,0x50000,No,No,No,No,No,Yes,No,Yes
2026-04-13 20:24:38,0.5,1500,500,,500,500,44,,200,,,648,,57.1,0.7200,0.6000,0.6000,1.1000,0.00000000,0.10247270,0.15810070,0.00878337,0.00000000,0.19616190,0.32986440,0.89299990,0.00000000,0.00073260,0.00354090,0.00989010,3.62832400,3.31188900,1.80512600,1.11025500,0.61831440,1.10659200,0.79963290,0.72178200,3.31776200,3.31409900,0.79882700,5.05582000,5.05984000,0.00341880, 2, 255, 7, 24,0x50000,No,No,No,No,No,Yes,No,Yes
2026-04-13 20:24:40,0.0,1500,500,,500,500,43,,200,,,648,,56.0,0.7200,0.6000,0.6000,1.1000,0.00000000,0.09954486,0.15810070,0.00683151,0.00000000,0.19811380,0.32986440,0.90193000,0.00012210,0.00042735,0.00347985,0.01001220,3.61904400,3.32766400,1.79877700,1.11208700,0.61831440,1.10732500,0.80256330,0.72151340,3.31959400,3.31226800,0.79853400,5.04778000,5.05314000,0.00341880, 2, 255, 7, 24,0x50000,No,No,No,No,No,Yes,No,Yes
2026-04-13 20:24:42,0.0,1500,500,,500,500,43,,200,,,648,,56.5,0.7200,0.6000,0.6000,1.1000,0.00000000,0.10052080,0.15712470,0.00195186,0.00000000,0.19713790,0.32986440,0.89299990,0.00012210,0.00036630,0.00360195,0.01025640,3.62182800,3.30724900,1.80463800,1.10732500,0.61758180,1.10659200,0.80292960,0.72178200,3.31867800,3.31318300,0.79824100,5.05314000,5.05314000,0.00341880, 2, 255, 7, 24,0x50000,No,No,No,No,No,Yes,No,Yes
2026-04-13 20:24:44,0.0,1500,500,,500,500,43,,200,,,648,,56.0,0.7200,0.6000,0.6000,1.1000,0.00000000,0.09759300,0.16005250,0.00780744,0.00000000,0.19518600,0.33084030,0.89299990,0.00012210,0.00073260,0.00366300,0.00989010,3.62646800,3.31188900,1.80903400,1.11355200,0.61831440,1.10915600,0.79670250,0.72178200,3.31867800,3.31318300,0.79941320,5.05984000,5.05984000,0.00341880, 2, 255, 7, 24,0x50000,No,No,No,No,No,Yes,No,Yes
2026-04-13 20:24:46,0.0,1500,500,,500,500,43,,200,,,648,,56.0,0.7200,0.6000,0.6000,1.1000,0.00000000,0.10149670,0.16005250,0.00683151,0.00000000,0.19616190,0.32888840,0.89299990,0.00048840,0.00054945,0.00390720,0.00915750,3.62646800,3.31374500,1.80512600,1.10439400,0.61831440,1.10659200,0.80439480,0.72178200,3.31776200,3.31409900,0.79941320,5.05448000,5.06117900,0.00341880, 2, 255, 7, 24,0x50000,No,No,No,No,No,Yes,No,Yes
2026-04-13 20:24:48,0.0,1500,500,,500,500,43,,200,,,648,,57.1,0.7200,0.6000,0.6000,1.1000,0.00000000,0.10344860,0.15810070,0.00195186,0.00000000,0.19518600,0.32986440,0.89299990,0.00018315,0.00042735,0.00366300,0.00964590,3.62554000,3.30168200,1.79682400,1.11208700,0.61794810,1.10842400,0.80292960,0.72205060,3.31959400,3.31409900,0.79794790,5.05180000,5.05716000,0.00256410, 2, 255, 7, 24,0x50000,No,No,No,No,No,Yes,No,Yes
2026-04-13 20:24:50,0.0,1500,500,,500,500,44,,200,,,648,,57.6,0.7200,0.6000,0.6000,1.1000,0.00000000,0.10149670,0.15810070,0.00780744,0.00000000,0.19713790,0.32888840,0.91085990,0.00048840,0.00073260,0.00360195,0.00964590,3.62832400,3.30446500,1.79877700,1.11208700,0.61794810,1.10915600,0.80292960,0.72151340,3.31959400,3.31226800,0.79941320,5.05448000,5.06252000,0.00341880, 2, 255, 7, 24,0x50000,No,No,No,No,No,Yes,No,Yes
2026-04-13 20:24:52,24.2,2400,910,,910,960,44,,200,,,648,,59.3,0.8995,0.6000,0.6000,1.1000,0.00000000,0.18835450,0.16688400,0.01366302,0.01568640,0.35231080,0.48698910,1.52703000,0.00012210,0.00036630,0.00347985,0.01001220,3.58563700,3.31188900,1.80463800,1.11355200,0.60695910,1.10732500,0.79963290,0.90256320,3.31867800,3.31226800,0.79853400,4.96604000,4.97408000,0.00341880, 2, 255, 7, 24,0x50000,No,No,No,No,No,Yes,No,Yes
2026-04-13 20:24:55,10.3,2400,910,,910,960,44,,200,,,648,,62.0,0.8995,0.6000,0.6000,1.1000,0.00000000,0.13175060,0.17859520,0.16493220,0.01813740,0.35133480,0.55920790,4.59002000,0.00006105,0.00048840,0.00360195,0.01050060,3.52532000,3.31931300,1.80415000,1.10292900,0.60219720,1.10476100,0.80073180,0.90202590,3.31867800,3.31226800,0.79853400,4.80658000,4.82534000,0.00341880, 2, 255, 7, 24,0x50000,No,No,No,No,No,Yes,No,Yes
2026-04-13 20:24:57,0.5,1500,500,,500,500,44,,200,,,648,,58.2,0.8170,0.6000,0.6000,1.1000,0.00000000,0.13175060,0.16883590,0.12687090,0.04117680,0.35035890,0.54847260,4.04529000,0.00012210,0.00042735,0.00366300,0.01025640,3.54851900,3.30260900,1.80512600,1.10769100,0.60329610,1.10512700,0.79999920,0.82358890,3.31959400,3.31409900,0.79882700,4.90440000,4.90842000,0.00341880, 2, 255, 7, 24,0x50000,No,No,No,No,No,Yes,No,Yes
2026-04-13 20:24:59,0.3,2400,910,,910,960,44,,200,,,648,,59.3,0.8995,0.6000,0.6000,1.1000,0.00000000,0.13272650,0.16493220,0.00878337,0.00000000,0.36011820,0.48113350,1.55382000,0.00024420,0.00042735,0.00354090,0.00964590,3.57914200,3.30168200,1.80463800,1.11208700,0.60292980,1.10439400,0.79999920,0.90229460,3.31959400,3.31226800,0.79794790,4.94996000,4.95532000,0.00341880, 2, 255, 7, 24,0x50000,No,No,No,No,No,Yes,No,Yes
2026-04-13 20:25:01,1.8,2400,910,,910,960,43,,200,,,648,,60.4,0.8995,0.6000,0.6000,1.1000,0.00000000,0.12882280,0.16883590,0.03513348,0.00000000,0.35133480,0.48406130,2.59863000,0.00006105,0.00036630,0.00360195,0.01001220,3.56522200,3.30724900,1.80415000,1.11428500,0.60366240,1.10292900,0.80073180,0.90363770,3.31867800,3.31501500,0.79853400,4.92986000,4.93522000,0.00341880, 2, 255, 7, 24,0x50000,No,No,No,No,No,Yes,No,Yes
2026-04-13 20:25:03,4.8,2400,910,,910,960,44,,200,,,648,,60.9,0.8995,0.6000,0.6000,1.1000,0.00000000,0.13467840,0.16786000,0.01268709,0.00000000,0.35231080,0.48503720,1.56275000,0.00012210,0.00042735,0.00360195,0.01013430,3.57357400,3.30724900,1.80463800,1.10732500,0.60292980,1.10439400,0.79963290,0.90202590,3.31867800,3.31226800,0.79853400,4.97274000,4.98346000,0.00341880, 2, 255, 7, 24,0x50000,No,No,No,No,No,Yes,No,Yes
2026-04-13 20:25:05,3.8,2400,910,,910,960,44,,200,,,648,,60.9,0.8995,0.6000,0.6000,1.1000,0.00000000,0.13175060,0.16590810,0.00780744,0.00000000,0.34743110,0.48308540,1.54489000,0.00012210,0.00073260,0.00347985,0.01025640,3.58099800,3.30724900,1.80512600,1.11391800,0.60439500,1.10439400,0.80036550,0.90175740,3.31776200,3.31135200,0.79824100,4.95934000,4.96872000,0.00256410, 2, 255, 7, 24,0x50000,No,No,No,No,No,Yes,No,Yes
2026-04-13 20:25:07,16.7,2400,910,,910,960,44,,200,,,648,,60.9,0.8995,0.6000,0.6000,1.1000,0.00000000,0.13272650,0.16590810,0.00487965,0.00000000,0.35133480,0.48308540,1.56275000,0.00024420,0.00036630,0.00360195,0.01050060,3.58378200,3.31188900,1.80415000,1.10732500,0.60512760,1.10622600,0.79999920,0.90229460,3.31867800,3.31409900,0.79853400,4.97944000,4.97944000,0.00341880, 2, 255, 7, 24,0x50000,No,No,No,No,No,Yes,No,Yes
2026-04-13 20:25:10,26.5,2400,910,,910,960,43,,200,,,648,,62.6,0.8995,0.6000,0.6000,1.1000,0.00000000,0.12979870,0.16786000,0.00780744,0.00000000,0.35133480,0.48406130,1.56275000,0.00012210,0.00042735,0.00366300,0.00989010,3.58378200,3.31188900,1.80512600,1.10732500,0.60256350,1.10476100,0.79999920,0.90175740,3.31867800,3.31318300,0.79853400,4.98212000,4.98480000,0.00341880, 2, 255, 7, 24,0x50000,No,No,No,No,No,Yes,No,Yes
2026-04-13 20:25:12,24.6,2400,910,,910,960,44,,200,,,648,,62.0,0.8995,0.6000,0.6000,1.1000,0.00000000,0.12979870,0.16493220,0.00683151,0.00000000,0.35035890,0.48406130,1.69670000,0.00024420,0.00036630,0.00378510,0.01050060,3.58471000,3.31931300,1.80903400,1.10439400,0.60879060,1.10329600,0.79963290,0.90175740,3.31867800,3.31409900,0.79794790,4.96336000,4.95264000,0.00256410, 2, 255, 7, 24,0x50000,No,No,No,No,No,Yes,No,Yes
2026-04-13 20:25:14,23.8,2400,910,,910,960,44,,200,,,648,,62.0,0.8995,0.6000,0.6000,1.1000,0.00000000,0.12979870,0.17078780,0.00780744,0.00000000,0.35133480,0.48406130,1.58061000,0.00012210,0.00042735,0.00347985,0.01025640,3.54944700,3.30724900,1.80463800,1.10805800,0.60915690,1.10659200,0.79999920,0.90283180,3.31959400,3.31318300,0.79882700,4.91512000,4.91914000,0.00256410, 2, 255, 7, 24,0x50000,No,No,No,No,No,Yes,No,Yes
2026-04-13 20:25:16,16.0,2400,910,,910,960,44,,200,,,648,,64.8,0.8995,0.6000,0.6000,1.1000,0.00000000,0.14346170,0.16590810,0.01561488,0.00000000,0.36890160,0.48406130,2.71472000,0.00000000,0.00048840,0.00390720,0.01013430,3.56707800,3.31188900,1.80317300,1.11098800,0.60292980,1.10476100,0.80146440,0.90336900,3.31959400,3.31409900,0.79882700,4.86286000,4.92986000,0.00256410, 2, 255, 7, 24,0x50000,No,No,No,No,No,Yes,No,Yes
2026-04-13 20:25:18,0.5,2400,910,,910,960,44,,200,,,648,,63.7,0.8995,0.6000,0.6000,1.1000,0.00000000,0.13370240,0.16590810,0.01854267,0.00000000,0.35133480,0.48698910,2.69686000,0.00012210,0.00042735,0.00366300,0.01013430,3.56151000,3.31188900,1.80415000,1.11318600,0.60219720,1.10476100,0.79999920,0.90283180,3.32050900,3.31318300,0.79853400,4.92718000,4.94594000,0.00341880, 2, 255, 7, 24,0x50000,No,No,No,No,No,Yes,No,Yes
2026-04-13 20:25:20,0.3,2400,910,,910,960,44,,200,,,648,,63.1,0.8995,0.6000,0.6000,1.1000,0.00000000,0.13077460,0.16688400,0.00975930,0.00000000,0.35426260,0.48308540,1.58954000,0.00000000,0.00048840,0.00390720,0.01001220,3.57728600,3.32766400,1.80463800,1.11062200,0.60439500,1.10622600,0.79963290,0.90202590,3.31867800,3.31226800,0.79941320,4.96202000,4.97810000,0.00341880, 2, 255, 7, 24,0x50000,No,No,No,No,No,Yes,No,Yes
2026-04-13 20:25:22,1.3,2400,910,,910,960,43,,200,,,648,,63.7,0.8995,0.6000,0.6000,1.1000,0.00000000,0.13175060,0.16786000,0.00780744,0.00000000,0.35133480,0.48308540,1.58954000,0.00012210,0.00042735,0.00390720,0.01037850,3.58192500,3.31374500,1.80463800,1.11208700,0.60842430,1.10476100,0.79999920,0.90175740,3.31959400,3.31409900,0.79794790,4.97274000,4.98480000,0.00256410, 2, 255, 7, 24,0x50000,No,No,No,No,No,Yes,No,Yes
2026-04-13 20:25:25,1.7,1500,500,,500,500,44,,200,,,648,,61.5,0.7200,0.6000,0.6000,1.1000,0.00000000,0.13175060,0.16298030,0.01073523,0.00000000,0.35328660,0.48503720,1.01802000,0.00012210,0.00048840,0.00360195,0.01001220,3.59862900,3.31188900,1.80512600,1.10805800,0.60952320,1.10439400,0.79999920,0.72231920,3.32142500,3.31409900,0.79882700,5.01160000,5.01964000,0.00341880, 2, 255, 7, 24,0x50000,No,No,No,No,No,Yes,No,Yes
2026-04-13 20:25:27,3.3,2400,910,,910,960,44,,200,,,648,,62.6,0.8995,0.6000,0.6000,1.1000,0.00000000,0.13955800,0.16590810,0.00975930,0.00000000,0.36207000,0.56213570,1.59847000,0.00000000,0.00048840,0.00360195,0.01001220,3.57914200,3.30724900,1.81294100,1.10732500,0.60329610,1.10219700,0.79999920,0.90229460,3.31776200,3.31409900,0.79882700,4.97006000,4.97140000,0.00256410, 2, 255, 7, 24,0x50000,No,No,No,No,No,Yes,No,Yes
2026-04-13 20:25:29,11.8,2400,910,,910,960,43,,200,,,648,,62.6,0.8995,0.6000,0.6000,1.1000,0.00000000,0.12979870,0.16688400,0.01951860,0.00539220,0.35133480,0.48406130,1.60740000,0.00006105,0.00036630,0.00390720,0.01050060,3.58285400,3.30168200,1.81294100,1.10695900,0.60732540,1.10512700,0.80036550,0.90256320,3.31776200,3.31409900,0.79882700,4.97542000,4.98480000,0.00256410, 2, 255, 7, 24,0x50000,No,No,No,No,No,Yes,No,Yes
2026-04-13 20:25:31,27.3,1600,910,,910,960,44,,200,,,648,,63.1,0.8995,0.6000,0.6000,1.1000,0.00000000,0.13272650,0.16493220,0.00683151,0.00000000,0.35231080,0.48503720,1.59847000,0.00012210,0.00042735,0.00360195,0.01025640,3.58099800,3.31188900,1.80415000,1.11208700,0.60219720,1.10476100,0.79963290,0.90202590,3.31867800,3.31226800,0.79941320,4.97274000,4.97542000,0.00341880, 2, 255, 7, 24,0x50000,No,No,No,No,No,Yes,No,Yes
2026-04-13 20:25:33,24.9,2400,910,,910,960,44,,200,,,648,,63.7,0.8995,0.6000,0.6000,1.1000,0.00000000,0.12784680,0.16786000,0.06441138,0.00098040,0.35133480,0.48991690,4.07208000,0.00006105,0.00042735,0.00390720,0.01025640,3.53088800,3.30168200,1.80512600,1.11172000,0.60256350,1.10622600,0.79963290,0.90175740,3.31959400,3.31226800,0.79794790,4.86420000,4.86286000,0.00341880, 2, 255, 7, 24,0x50000,No,No,No,No,No,Yes,No,Yes
2026-04-13 20:25:35,26.8,2400,910,,910,960,44,,200,,,648,,65.3,0.8995,0.6000,0.6000,1.1000,0.00000000,0.13272650,0.16395620,0.00975930,0.00000000,0.35328660,0.48308540,1.64312000,0.00006105,0.00048840,0.00390720,0.00964590,3.58192500,3.32766400,1.80805700,1.10805800,0.60366240,1.10219700,0.79963290,0.90256320,3.31867800,3.31409900,0.79941320,4.98212000,4.97542000,0.00256410, 2, 255, 7, 24,0x50000,No,No,No,No,No,Yes,No,Yes
2026-04-13 20:25:37,21.5,2400,910,,910,960,44,,200,,,648,,65.9,0.8995,0.6000,0.6000,1.1000,0.00000000,0.12979870,0.16493220,0.08588185,0.00000000,0.35328660,0.48503720,1.64312000,0.00006105,0.00036630,0.00360195,0.00964590,3.54295100,3.30724900,1.80561500,1.11355200,0.60329610,1.10695900,0.80036550,0.90229460,3.32142500,3.31409900,0.79882700,4.90440000,4.89770000,0.00341880, 2, 255, 7, 24,0x50000,No,No,No,No,No,Yes,No,Yes
2026-04-13 20:25:39,5.2,2400,910,,910,960,44,,200,,,648,,64.2,0.8995,0.6000,0.6000,1.1000,0.00000000,0.13077460,0.18249890,0.18152300,0.01813740,0.35133480,0.55237640,4.95615000,0.00006105,0.00042735,0.00366300,0.00989010,3.50397700,3.32952100,1.80366100,1.11355200,0.60329610,1.10476100,0.79963290,0.90014570,3.31867800,3.31409900,0.79794790,4.84276000,4.80122000,0.00341880, 2, 255, 7, 24,0x50000,No,No,No,No,No,Yes,No,Yes
2026-04-13 20:25:42,0.0,2400,910,,910,960,44,,200,,,648,,63.1,0.8995,0.6000,0.6000,1.1000,0.00000000,0.12979870,0.16688400,0.00975930,0.00000000,0.35328660,0.48601320,1.61633000,0.00012210,0.00042735,0.00341880,0.01001220,3.57914200,3.30168200,1.80415000,1.10769100,0.60256350,1.10439400,0.79999920,0.90229460,3.32050900,3.31409900,0.79882700,4.97408000,4.97810000,0.00256410, 2, 255, 7, 24,0x50000,No,No,No,No,No,Yes,No,Yes
2026-04-13 20:25:44,0.5,2400,910,,910,960,43,,200,,,648,,64.2,0.8995,0.6000,0.6000,1.1000,0.00000000,0.13077460,0.16298030,0.01073523,0.00000000,0.35328660,0.48210940,1.62526000,0.00006105,0.00036630,0.00360195,0.01025640,3.57728600,3.30724900,1.80903400,1.11355200,0.60219720,1.10219700,0.79999920,0.90229460,3.31959400,3.31043600,0.79794790,4.97944000,4.98480000,0.00256410, 2, 255, 7, 24,0x50000,No,No,No,No,No,Yes,No,Yes
2026-04-13 20:25:46,1.5,2400,910,,910,960,43,,200,,,648,,63.7,0.8995,0.6000,0.6000,1.1000,0.00000000,0.13272650,0.16493220,0.02439825,0.00000000,0.35133480,0.48406130,1.63419000,0.00012210,0.00042735,0.00347985,0.01025640,3.57543000,3.32766400,1.80463800,1.10732500,0.60805800,1.10695900,0.80036550,0.90256320,3.32050900,3.31318300,0.79882700,4.97542000,4.97140000,0.00256410, 2, 255, 7, 24,0x50000,No,No,No,No,No,Yes,No,Yes
2026-04-13 20:25:48,3.3,2400,910,,910,960,44,,200,,,648,,64.8,0.8995,0.6000,0.6000,1.1000,0.00000000,0.12979870,0.16786000,0.00878337,0.00000000,0.35328660,0.48406130,1.64312000,0.00006105,0.00042735,0.00390720,0.01013430,3.57914200,3.30168200,1.80317300,1.11391800,0.60366240,1.10476100,0.79963290,0.90229460,3.32050900,3.31318300,0.79824100,4.96738000,4.98078000,0.00256410, 2, 255, 7, 24,0x50000,No,No,No,No,No,Yes,No,Yes
2026-04-13 20:25:50,8.0,2400,910,,910,960,43,,200,,,648,,65.9,0.8995,0.6000,0.6000,1.1000,0.00000000,0.13565430,0.16493220,0.00878337,0.00000000,0.35133480,0.48503720,1.65205000,0.00006105,0.00042735,0.00415140,0.01001220,3.57635800,3.32766400,1.80366100,1.11391800,0.60292980,1.10695900,0.79963290,0.90256320,3.31959400,3.31226800,0.79794790,4.97944000,4.97274000,0.00256410, 2, 255, 7, 24,0x50000,No,No,No,No,No,Yes,No,Yes
2026-04-13 20:25:52,22.8,2400,910,,910,960,43,,200,,,648,,64.2,0.8995,0.6000,0.6000,1.1000,0.00000000,0.13760610,0.16298030,0.01268709,0.00000000,0.35328660,0.48601320,1.65205000,0.00024420,0.00042735,0.00347985,0.01001220,3.57914200,3.30724900,1.80463800,1.10769100,0.60769170,1.10659200,0.80036550,0.90229460,3.31776200,3.31318300,0.79882700,4.97408000,4.97408000,0.00256410, 2, 255, 7, 24,0x50000,No,No,No,No,No,Yes,No,Yes
2026-04-13 20:25:54,26.5,2400,910,,910,960,44,,200,,,648,,64.8,0.8995,0.6000,0.6000,1.1000,0.00000000,0.14053390,0.16688400,0.01366302,0.00000000,0.36304600,0.48406130,2.75044000,0.00000000,0.00036630,0.00360195,0.00964590,3.55408700,3.31188900,1.80415000,1.11062200,0.60402870,1.10292900,0.79999920,0.90256320,3.31959400,3.31409900,0.79853400,4.92584000,4.92450000,0.00341880, 2, 255, 7, 24,0x50000,No,No,No,No,No,Yes,No,Yes
2026-04-13 20:25:57,24.1,2400,910,,910,960,44,,200,,,648,,65.3,0.8995,0.6000,0.6000,1.1000,0.00000000,0.12687090,0.16786000,0.00975930,0.00000000,0.35231080,0.48796500,2.80402000,0.00006105,0.00042735,0.00347985,0.01025640,3.57914200,3.30724900,1.80561500,1.11575000,0.60366240,1.10219700,0.79999920,0.90256320,3.31867800,3.31501500,0.79824100,4.97274000,4.97676000,0.00256410, 2, 255, 7, 24,0x50000,No,No,No,No,No,Yes,No,Yes
2026-04-13 20:25:59,22.2,2400,591,,591,602,44,,200,,,648,,66.4,0.8033,0.6000,0.6000,1.1000,0.00000000,0.15029320,0.16298030,0.00878337,0.00000000,0.35328660,0.48308540,1.40201000,0.00012210,0.00042735,0.00390720,0.01025640,3.57079000,3.32952100,1.80415000,1.11428500,0.60146460,1.10476100,0.79999920,0.80666590,3.32050900,3.31318300,0.79882700,4.96470000,4.95666000,0.00256410, 2, 255, 7, 24,0x50000,No,No,No,No,No,Yes,No,Yes
2026-04-13 20:26:01,22.9,2400,910,,910,960,44,,200,,,648,,67.0,0.8995,0.6000,0.6000,1.1000,0.00000000,0.12882280,0.18152300,0.17176370,0.02401980,0.35133480,0.54847260,4.85792000,0.00006105,0.00036630,0.00390720,0.01001220,3.48449000,3.30724900,1.80463800,1.10586000,0.60586020,1.10476100,0.79963290,0.90336900,3.31959400,3.31226800,0.79853400,4.82132000,4.81864000,0.00256410, 2, 255, 7, 24,0x50000,No,No,No,No,No,Yes,No,Yes
2026-04-13 20:26:03,6.0,2400,910,,910,960,44,,200,,,648,,66.4,0.8995,0.6000,0.6000,1.1000,0.00000000,0.12979870,0.17957110,0.13760610,0.00931380,0.35426260,0.53285780,2.88439000,0.00000000,0.00036630,0.00347985,0.01025640,3.50304900,3.30724900,1.80268400,1.10439400,0.60329610,1.10622600,0.80109810,0.90202590,3.31776200,3.31318300,0.79882700,4.82400000,4.79720000,0.00256410, 2, 255, 7, 24,0x50000,No,No,No,No,No,Yes,No,Yes
2026-04-13 20:26:05,0.3,1500,500,,500,500,43,,200,,,648,,64.8,0.8995,0.6000,0.6000,1.1000,0.00000000,0.13467840,0.17078780,0.05562801,0.00000000,0.35035890,0.51138740,2.77723000,0.00012210,0.00042735,0.00360195,0.00989010,3.55408700,3.35735900,1.80415000,1.10952300,0.60695910,1.10292900,0.79999920,0.90229460,3.32050900,3.31409900,0.79912020,4.92048000,4.92316000,0.00256410, 2, 255, 7, 24,0x50000,No,No,No,No,No,Yes,No,Yes
2026-04-13 20:26:07,4.3,2400,910,,910,960,43,,200,,,648,,65.3,0.8995,0.6000,0.6000,1.1000,0.06148359,0.13370240,0.16590810,0.00975930,0.00000000,0.36304600,0.48503720,1.66991000,0.00012210,0.00042735,0.00378510,0.01013430,3.56151000,3.31188900,1.80415000,1.11208700,0.60732540,1.10476100,0.79999920,0.90175740,3.32234100,3.31226800,0.79853400,4.96202000,4.96738000,0.00341880, 2, 255, 7, 24,0x50000,No,No,No,No,No,Yes,No,Yes
2026-04-13 20:26:09,1.8,2400,910,,910,960,44,,200,,,648,,67.5,0.8995,0.6000,0.6000,1.1000,0.04879650,0.13175060,0.16493220,0.01073523,0.00000000,0.35133480,0.48601320,1.66098000,0.00012210,0.00042735,0.00372405,0.01050060,3.56522200,3.31374500,1.80903400,1.11025500,0.60659280,1.10292900,0.80036550,0.90202590,3.31776200,3.31501500,0.79824100,4.96738000,4.96202000,0.00256410, 2, 255, 7, 24,0x50000,No,No,No,No,No,Yes,No,Yes
2026-04-13 20:26:12,5.2,2400,910,,910,960,44,,200,,,648,,65.9,0.8995,0.6000,0.6000,1.1000,0.06929103,0.12979870,0.16590810,0.01073523,0.00000000,0.35231080,0.47820570,1.66991000,0.00012210,0.00042735,0.00347985,0.00976800,3.56429400,3.30724900,1.80073100,1.10292900,0.60769170,1.10476100,0.79999920,0.90229460,3.31959400,3.31409900,0.79882700,4.96336000,4.96470000,0.00256410, 2, 255, 7, 24,0x50000,No,No,No,No,No,Yes,No,Yes
2026-04-13 20:26:14,18.3,2400,910,,910,960,43,,200,,,648,,66.4,0.8995,0.6000,0.6000,1.1000,0.00000000,0.13272650,0.16590810,0.01073523,0.00000000,0.35035890,0.48698910,1.66991000,0.00000000,0.00042735,0.00390720,0.00964590,3.57635800,3.31374500,1.80463800,1.10732500,0.60879060,1.10146400,0.79999920,0.90175740,3.31776200,3.31043600,0.79794790,4.97408000,4.96738000,0.00341880, 2, 255, 7, 24,0x50000,No,No,No,No,No,Yes,No,Yes
2026-04-13 20:26:16,25.4,1800,636,,636,653,43,,200,,,648,,65.9,0.8170,0.6000,0.6000,1.1000,0.00000000,0.12784680,0.16298030,0.01073523,0.00000000,0.35426260,0.48601320,1.33057000,0.00012210,0.00042735,0.00390720,0.00976800,3.58656500,3.30168200,1.79877700,1.10695900,0.60769170,1.10476100,0.80036550,0.82251450,3.31867800,3.31409900,0.79882700,4.98882000,4.93522000,0.00256410, 2, 255, 7, 24,0x50000,No,No,No,No,No,Yes,No,Yes
2026-04-13 20:26:18,25.1,2400,910,,910,960,44,,200,,,648,,67.5,0.8995,0.6000,0.6000,1.1000,0.00000000,0.15810070,0.16883590,0.01171116,0.00000000,0.35426260,0.48406130,1.66098000,0.00006105,0.00061050,0.00402930,0.00964590,3.57635800,3.31188900,1.80512600,1.10695900,0.60769170,1.10622600,0.79999920,0.90229460,3.31959400,3.31318300,0.79794790,4.98480000,4.98480000,0.00256410, 2, 255, 7, 24,0x50000,No,No,No,No,No,Yes,No,Yes
2026-04-13 20:26:20,22.6,2400,910,,910,960,44,,200,,,648,,67.0,0.8995,0.6000,0.6000,1.1000,0.00000000,0.13175060,0.16395620,0.00878337,0.00000000,0.35231080,0.48796500,1.68777000,0.00006105,0.00036630,0.00390720,0.01001220,3.54016700,3.31931300,1.80512600,1.10695900,0.60366240,1.10292900,0.80073180,0.90229460,3.31867800,3.31318300,0.79794790,4.91378000,4.92048000,0.00256410, 2, 255, 7, 24,0x50000,No,No,No,No,No,Yes,No,Yes
2026-04-13 20:26:22,15.3,2400,910,,910,960,44,,200,,,648,,68.1,0.8995,0.6000,0.6000,1.1000,0.00000000,0.13467840,0.16688400,0.01463895,0.00000000,0.35133480,0.48796500,2.83974000,0.00000000,0.00036630,0.00360195,0.00964590,3.55408700,3.31931300,1.80415000,1.10695900,0.60659280,1.10622600,0.79999920,0.90148870,3.31959400,3.31409900,0.79794790,4.85884000,4.92718000,0.00256410, 2, 255, 7, 24,0x50000,No,No,No,No,No,Yes,No,Yes
2026-04-13 20:26:24,0.5,2400,910,,910,960,44,,200,,,648,,67.0,0.8995,0.6000,0.6000,1.1000,0.00000000,0.12979870,0.16590810,0.01366302,0.00000000,0.35035890,0.48406130,2.87546000,0.00018315,0.00042735,0.00354090,0.00976800,3.56243800,3.31188900,1.80415000,1.11355200,0.60329610,1.10695900,0.79963290,0.90283180,3.31776200,3.31318300,0.79824100,4.94594000,4.93924000,0.00341880, 2, 255, 7, 24,0x50000,No,No,No,No,No,Yes,No,Yes
2026-04-13 20:26:26,0.3,2400,910,,910,960,43,,200,,,648,,66.4,0.8995,0.6000,0.6000,1.1000,0.00000000,0.13077460,0.16786000,0.00780744,0.00000000,0.35523850,0.48503720,1.66991000,0.00012210,0.00042735,0.00360195,0.00989010,3.57821400,3.30724900,1.80463800,1.11098800,0.60732540,1.10219700,0.80036550,0.90256320,3.32050900,3.31318300,0.79882700,4.97542000,4.97810000,0.00341880, 2, 255, 7, 24,0x50000,No,No,No,No,No,Yes,No,Yes
2026-04-13 20:26:29,1.2,1500,500,,500,500,44,,200,,,648,,65.3,0.7200,0.6000,0.6000,1.1000,0.00000000,0.13077460,0.15810070,0.00878337,0.00000000,0.35231080,0.48601320,1.08946000,0.00012210,0.00036630,0.00360195,0.01025640,3.58471000,3.31188900,1.80512600,1.10695900,0.60329610,1.10439400,0.79963290,0.72178200,3.31867800,3.31501500,0.79824100,5.00892000,5.01160000,0.00256410, 2, 255, 7, 24,0x50000,No,No,No,No,No,Yes,No,Yes
2026-04-13 20:26:31,1.5,2400,910,,910,960,43,,200,,,648,,66.4,0.8995,0.6000,0.6000,1.1000,0.00000000,0.13077460,0.16493220,0.00878337,0.00000000,0.35328660,0.48796500,1.66991000,0.00012210,0.00042735,0.00390720,0.00964590,3.57171800,3.30260900,1.80512600,1.10879000,0.60622650,1.10586000,0.80036550,0.90229460,3.31776200,3.31409900,0.79882700,4.97542000,4.97542000,0.00341880, 2, 255, 7, 24,0x50000,No,No,No,No,No,Yes,No,Yes
2026-04-13 20:26:33,3.0,2400,910,,910,960,43,,200,,,648,,66.4,0.8995,0.6000,0.6000,1.1000,0.00000000,0.13272650,0.16493220,0.01073523,0.00000000,0.35328660,0.48991690,1.67884000,0.00000000,0.00042735,0.00390720,0.01025640,3.56986200,3.31188900,1.80415000,1.11282000,0.60439500,1.10256300,0.80073180,0.90256320,3.31867800,3.31501500,0.79853400,4.97274000,4.97408000,0.00256410, 2, 255, 7, 24,0x50000,No,No,No,No,No,Yes,No,Yes
2026-04-13 20:26:35,12.7,2400,910,,910,960,44,,200,,,648,,67.0,0.8995,0.6000,0.6000,1.1000,0.00000000,0.13272650,0.16590810,0.01073523,0.00000000,0.35328660,0.48698910,1.69670000,0.00012210,0.00042735,0.00360195,0.00952380,3.57171800,3.30353800,1.80463800,1.10879000,0.60292980,1.10476100,0.79963290,0.90256320,3.31867800,3.31684600,0.79824100,4.97274000,4.96738000,0.00341880, 2, 255, 7, 24,0x50000,No,No,No,No,No,Yes,No,Yes
2026-04-13 20:26:37,27.3,2400,910,,910,960,44,,200,,,648,,70.8,0.8995,0.6000,0.6000,1.1000,0.00000000,0.14248580,0.16395620,0.02732604,0.00000000,0.36109410,0.49186870,2.87546000,0.00012210,0.00042735,0.00390720,0.00989010,3.55223100,3.32766400,1.80415000,1.11062200,0.60879060,1.10439400,0.79999920,0.90256320,3.31867800,3.31318300,0.79824100,4.99686000,4.99150000,0.00341880, 2, 255, 7, 24,0x50000,No,No,No,No,No,Yes,No,Yes
2026-04-13 20:26:39,27.5,2400,910,,910,960,44,,200,,,648,,67.5,0.8033,0.6000,0.6000,1.1000,0.00000000,0.13077460,0.16395620,0.01756674,0.00000000,0.35328660,0.48601320,1.98246000,0.00012210,0.00042735,0.00390720,0.00952380,3.56151000,3.32766400,1.79877700,1.11208700,0.60805800,1.10695900,0.79926660,0.80720310,3.31776200,3.31226800,0.79794790,4.92584000,4.96738000,0.00341880, 2, 255, 7, 24,0x50000,No,No,No,No,No,Yes,No,Yes
2026-04-13 20:26:41,23.9,2400,910,,910,960,44,,200,,,648,,67.5,0.8995,0.6000,0.6000,1.1000,0.00000000,0.13077460,0.16395620,0.01171116,0.00000000,0.35231080,0.48406130,1.70563000,0.00006105,0.00036630,0.00390720,0.01001220,3.57357400,3.30168200,1.79682400,1.10805800,0.60439500,1.10732500,0.79963290,0.90202590,3.31959400,3.31226800,0.79794790,4.97408000,4.98212000,0.00256410, 2, 255, 7, 24,0x50000,No,No,No,No,No,Yes,No,Yes
2026-04-13 20:26:44,19.6,2400,910,,910,960,44,,200,,,648,,69.2,0.8995,0.6000,0.6000,1.1000,0.00000000,0.14248580,0.16493220,0.00585558,0.00000000,0.35231080,0.48601320,1.73242000,0.00012210,0.00042735,0.00390720,0.01013430,3.56893400,3.35735900,1.80708000,1.10879000,0.60512760,1.10476100,0.79999920,0.90256320,3.31959400,3.31409900,0.79794790,4.97944000,4.89770000,0.00341880, 2, 255, 7, 24,0x50000,No,No,No,No,No,Yes,No,Yes
2026-04-13 20:26:46,4.7,2400,910,,910,960,44,,200,,,648,,70.3,0.8995,0.6000,0.6000,1.1000,0.00000000,0.12979870,0.18249890,0.18152300,0.02647080,0.35133480,0.56799120,4.91150000,0.00012210,0.00042735,0.00366300,0.00976800,3.49655300,3.32952100,1.80366100,1.10329600,0.60512760,1.10366200,0.80146440,0.90256320,3.31959400,3.31226800,0.79794790,4.79184000,4.81596000,0.00256410, 2, 255, 7, 24,0x50000,No,No,No,No,No,Yes,No,Yes
2026-04-13 20:26:48,0.3,1500,500,,500,500,44,,200,,,648,,66.4,0.7200,0.6000,0.6000,1.1000,0.00000000,0.13175060,0.15810070,0.01073523,0.00000000,0.35328660,0.48601320,1.08053000,0.00024420,0.00042735,0.00360195,0.00964590,3.58099800,3.31838500,1.80903400,1.11355200,0.60476130,1.10292900,0.79963290,0.72178200,3.31867800,3.31501500,0.79853400,4.97274000,5.01026000,0.00341880, 2, 255, 7, 24,0x50000,No,No,No,No,No,Yes,No,Yes
2026-04-13 20:26:50,0.7,2400,910,,910,960,44,,200,,,648,,67.0,0.8995,0.6000,0.6000,1.1000,0.00000000,0.13077460,0.16590810,0.01171116,0.00000000,0.35231080,0.48406130,1.68777000,0.00006105,0.00042735,0.00390720,0.00964590,3.57171800,3.32766400,1.80463800,1.11208700,0.60476130,1.10439400,0.80036550,0.90229460,3.31776200,3.31318300,0.79794790,4.97408000,4.97542000,0.00341880, 2, 255, 7, 24,0x50000,No,No,No,No,No,Yes,No,Yes
2026-04-13 20:26:52,1.8,2400,910,,910,960,43,,200,,,648,,67.5,0.8995,0.6000,0.6000,1.1000,0.00000000,0.13370240,0.16786000,0.00585558,0.00000000,0.35328660,0.48503720,1.70563000,0.00012210,0.00036630,0.00366300,0.01013430,3.57450200,3.32766400,1.80512600,1.10439400,0.60732540,1.10439400,0.79963290,0.90256320,3.31867800,3.31226800,0.79794790,4.97274000,4.97408000,0.00256410, 2, 255, 7, 24,0x50000,No,No,No,No,No,Yes,No,Yes
2026-04-13 20:26:54,3.5,2400,910,,910,960,44,,200,,,648,,68.1,0.8995,0.6000,0.6000,1.1000,0.00000000,0.12979870,0.16590810,0.01073523,0.00000000,0.35426260,0.48503720,1.69670000,0.00006105,0.00036630,0.00372405,0.00976800,3.56986200,3.30724900,1.80561500,1.11098800,0.60366240,1.10586000,0.79999920,0.90229460,3.31776200,3.31409900,0.79853400,4.97408000,4.97140000,0.00341880, 2, 255, 7, 24,0x50000,No,No,No,No,No,Yes,No,Yes
2026-04-13 20:26:56,8.3,2400,910,,910,960,43,,200,,,648,,69.2,0.8995,0.6000,0.6000,1.1000,0.00000000,0.13077460,0.16590810,0.12101530,0.00000000,0.35328660,0.48601320,1.69670000,0.00006105,0.00036630,0.00384615,0.01025640,3.57821400,3.30724900,1.80073100,1.10805800,0.60586020,1.10732500,0.79963290,0.90202590,3.31959400,3.31226800,0.79794790,4.96872000,4.97944000,0.00341880, 2, 255, 7, 24,0x50000,No,No,No,No,No,Yes,No,Yes
2026-04-13 20:26:59,24.3,2400,910,,910,960,43,,200,,,648,,68.1,0.8995,0.6000,0.6000,1.1000,0.00000000,0.13760610,0.16590810,0.00975930,0.00000000,0.35523850,0.48796500,1.70563000,0.00024420,0.00042735,0.00384615,0.01025640,3.56893400,3.31188900,1.80512600,1.10695900,0.60952320,1.10219700,0.80036550,0.90229460,3.31776200,3.31409900,0.79882700,4.97408000,4.96872000,0.00341880, 2, 255, 7, 24,0x50000,No,No,No,No,No,Yes,No,Yes
2026-04-13 20:27:01,26.4,2400,910,,910,960,43,,200,,,648,,69.2,0.8995,0.6000,0.6000,1.1000,0.00000000,0.12979870,0.16590810,0.00975930,0.00000000,0.34938290,0.48601320,1.74135000,0.00006105,0.00042735,0.00390720,0.01001220,3.57079000,3.30168200,1.80317300,1.10805800,0.60586020,1.10586000,0.80036550,0.90202590,3.32050900,3.31409900,0.79882700,4.90976000,4.90842000,0.00256410, 2, 255, 7, 24,0x50000,No,No,No,No,No,Yes,No,Yes
2026-04-13 20:27:03,24.2,2400,910,,910,960,44,,200,,,648,,69.7,0.8995,0.6000,0.6000,1.1000,0.00000000,0.13467840,0.16395620,0.01073523,0.00000000,0.36207000,0.48796500,1.75028000,0.00000000,0.00036630,0.00378510,0.00964590,3.56986200,3.31838500,1.80903400,1.11062200,0.60292980,1.10219700,0.80036550,0.90256320,3.32050900,3.31318300,0.79882700,4.97542000,4.97274000,0.00341880, 2, 255, 7, 24,0x50000,No,No,No,No,No,Yes,No,Yes
2026-04-13 20:27:05,21.6,2400,910,,910,960,44,,200,,,648,,69.2,0.8033,0.6000,0.6000,1.1000,0.00000000,0.16786000,0.16200440,0.00975930,0.00000000,0.35426260,0.48698910,1.35736000,0.00012210,0.00042735,0.00372405,0.00976800,3.55594200,3.30260900,1.80610300,1.11355200,0.60879060,1.10439400,0.79963290,0.80800900,3.31867800,3.31226800,0.79941320,4.99418000,4.95800000,0.00256410, 2, 255, 7, 24,0x50000,No,No,No,No,No,Yes,No,Yes
2026-04-13 20:27:07,8.5,2400,910,,910,960,43,,200,,,648,,70.3,0.8995,0.6000,0.6000,1.1000,0.00000000,0.13370240,0.17957110,0.13858210,0.01029420,0.35133480,0.54261710,4.67039000,0.00006105,0.00036630,0.00360195,0.00976800,3.50304900,3.30724900,1.80366100,1.11135400,0.60329610,1.10476100,0.79963290,0.90175740,3.31684600,3.31226800,0.79736190,4.80256000,4.81194000,0.00341880, 2, 255, 7, 24,0x50000,No,No,No,No,No,Yes,No,Yes
2026-04-13 20:27:09,2.0,2400,910,,910,960,43,,200,,,648,,71.4,0.8995,0.6000,0.6000,1.1000,0.00000000,0.13760610,0.17371550,0.07026696,0.00000000,0.35328660,0.51626700,3.03620000,0.00012210,0.00042735,0.00354090,0.01025640,3.54480700,3.32766400,1.80463800,1.10915600,0.60402870,1.10366200,0.79963290,0.90014570,3.31867800,3.31226800,0.79853400,4.81596000,4.73020000,0.00256410, 2, 255, 7, 24,0x50000,No,No,No,No,No,Yes,No,Yes
2026-04-13 20:27:11,2.8,1500,500,,500,500,44,,200,,,648,,67.0,0.7200,0.6000,0.6000,1.1000,0.00000000,0.12882280,0.16005250,0.00878337,0.00000000,0.35231080,0.48503720,1.10732000,0.00012210,0.00042735,0.00347985,0.00989010,3.58099800,3.30724900,1.80463800,1.11355200,0.60256350,1.10732500,0.80036550,0.72178200,3.31776200,3.31226800,0.79824100,5.00892000,5.01160000,0.00256410, 2, 255, 7, 24,0x50000,No,No,No,No,No,Yes,No,Yes
2026-04-13 20:27:13,1.3,2400,910,,910,960,44,,200,,,648,,68.6,0.8995,0.6000,0.6000,1.1000,0.00000000,0.13175060,0.16590810,0.00780744,0.00000000,0.35328660,0.48406130,1.70563000,0.00006105,0.00036630,0.00390720,0.00964590,3.56151000,3.32766400,1.80512600,1.10879000,0.60659280,1.10476100,0.80036550,0.90175740,3.31776200,3.31409900,0.79882700,4.97542000,4.97542000,0.00341880, 2, 255, 7, 24,0x50000,No,No,No,No,No,Yes,No,Yes
2026-04-13 20:27:16,2.3,2400,910,,910,960,43,,200,,,648,,69.7,0.8995,0.6000,0.6000,1.1000,0.00000000,0.13077460,0.16786000,0.00780744,0.00000000,0.35328660,0.47722980,1.72349000,0.00006105,0.00036630,0.00402930,0.00989010,3.56893400,3.31188900,1.80463800,1.11282000,0.60329610,1.10329600,0.79999920,0.90175740,3.31867800,3.31318300,0.79794790,4.97140000,4.97274000,0.00341880, 2, 255, 7, 24,0x50000,No,No,No,No,No,Yes,No,Yes
2026-04-13 20:27:18,5.2,2400,910,,910,960,44,,200,,,648,,68.6,0.8995,0.6000,0.6000,1.1000,0.00000000,0.13175060,0.16493220,0.00780744,0.00000000,0.35231080,0.48796500,1.73242000,0.00012210,0.00042735,0.00390720,0.00964590,3.56522200,3.30724900,1.80903400,1.10732500,0.60805800,1.10219700,0.79999920,0.90175740,3.31959400,3.31226800,0.79794790,4.97408000,4.97408000,0.00256410, 2, 255, 7, 24,0x50000,No,No,No,No,No,Yes,No,Yes
2026-04-13 20:27:20,17.6,2400,910,,910,960,44,,200,,,648,,69.2,0.8995,0.6000,0.6000,1.1000,0.00000000,0.13077460,0.16688400,0.00878337,0.00000000,0.35133480,0.48796500,1.71456000,0.00012210,0.00042735,0.00390720,0.00964590,3.56893400,3.32766400,1.80317300,1.10879000,0.60219720,1.10476100,0.79999920,0.90175740,3.32050900,3.31409900,0.79853400,4.96872000,4.97408000,0.00341880, 2, 255, 7, 24,0x50000,No,No,No,No,No,Yes,No,Yes
2026-04-13 20:27:22,26.3,1700,591,,591,602,43,,200,,,648,,68.6,0.8995,0.6000,0.6000,1.1000,0.00097593,0.13077460,0.16688400,0.00683151,0.00000000,0.36109410,0.48796500,1.72349000,0.00006105,0.00042735,0.00360195,0.00976800,3.56615000,3.30724900,1.80073100,1.10879000,0.60146460,1.10256300,0.79963290,0.90202590,3.31867800,3.31226800,0.79824100,4.96872000,4.95666000,0.00256410, 2, 255, 7, 24,0x50000,No,No,No,No,No,Yes,No,Yes
2026-04-13 20:27:24,25.0,2400,910,,910,960,44,,200,,,648,,69.2,0.8995,0.6000,0.6000,1.1000,0.00000000,0.12784680,0.16590810,0.01659081,0.00000000,0.35426260,0.48698910,1.75028000,0.00012210,0.00042735,0.00390720,0.00976800,3.53274400,3.31374500,1.80073100,1.10695900,0.60402870,1.10292900,0.80036550,0.90283180,3.31776200,3.31318300,0.79824100,4.96738000,4.96738000,0.00256410, 2, 255, 7, 24,0x50000,No,No,No,No,No,Yes,No,Yes
2026-04-13 20:27:26,23.3,2400,910,,910,960,44,,200,,,648,,69.2,0.8995,0.6000,0.6000,1.1000,0.00000000,0.12882280,0.16493220,0.00585558,0.00000000,0.35231080,0.48601320,1.75921000,0.00012210,0.00042735,0.00360195,0.00964590,3.56615000,3.31838500,1.80415000,1.10622600,0.60219720,1.10476100,0.79999920,0.90256320,3.31776200,3.31409900,0.79882700,4.90440000,4.97542000,0.00256410, 2, 255, 7, 24,0x50000,No,No,No,No,No,Yes,No,Yes
2026-04-13 20:27:28,13.3,2400,910,,910,960,44,,200,,,648,,71.4,0.8995,0.6000,0.6000,1.1000,0.00000000,0.13760610,0.17957110,0.01073523,0.00000000,0.35328660,0.48991690,2.89332000,0.00012210,0.00042735,0.00390720,0.00989010,3.55965400,3.31188900,1.80463800,1.10732500,0.60512760,1.10476100,0.79963290,0.90256320,3.31959400,3.31226800,0.79794790,4.94728000,4.94728000,0.00341880, 2, 255, 7, 24,0x50000,No,No,No,No,No,Yes,No,Yes
2026-04-13 20:27:31,0.2,2400,910,,910,960,43,,200,,,648,,70.3,0.8995,0.6000,0.6000,1.1000,0.00000000,0.13077460,0.17957110,0.15614880,0.01225500,0.35231080,0.56115970,4.81327000,0.00006105,0.00042735,0.00378510,0.00976800,3.49469700,3.31188900,1.80610300,1.11135400,0.60329610,1.10476100,0.79963290,0.90095150,3.31959400,3.31226800,0.79794790,4.80256000,4.82400000,0.00341880, 2, 255, 7, 24,0x50000,No,No,No,No,No,Yes,No,Yes
2026-04-13 20:27:33,0.3,2400,910,,910,960,44,,200,,,648,,69.2,0.8995,0.6000,0.6000,1.1000,0.00000000,0.13565430,0.16395620,0.00780744,0.00000000,0.36207000,0.48698910,1.72349000,0.00006105,0.00036630,0.00378510,0.00989010,3.56893400,3.31188900,1.80415000,1.11172000,0.60952320,1.10256300,0.79963290,0.90202590,3.31959400,3.31409900,0.79794790,4.96872000,4.96872000,0.00256410, 2, 255, 7, 24,0x50000,No,No,No,No,No,Yes,No,Yes
2026-04-13 20:27:35,1.5,2400,910,,910,960,44,,200,,,648,,69.2,0.8995,0.6000,0.6000,1.1000,0.00000000,0.13858210,0.16493220,0.01366302,0.00000000,0.36402190,0.48503720,1.74135000,0.00000000,0.00042735,0.00360195,0.00989010,3.56522200,3.30724900,1.80512600,1.11318600,0.60366240,1.10622600,0.79963290,0.90175740,3.31776200,3.31409900,0.79853400,4.97408000,4.97408000,0.00256410, 2, 255, 7, 24,0x50000,No,No,No,No,No,Yes,No,Yes
2026-04-13 20:27:37,1.5,2400,910,,910,960,44,,200,,,648,,69.7,0.8995,0.6000,0.6000,1.1000,0.00000000,0.13663020,0.16590810,0.00975930,0.00000000,0.36402190,0.56506350,1.73242000,0.00006105,0.00036630,0.00402930,0.01062270,3.56893400,3.31188900,1.80512600,1.11391800,0.60402870,1.10476100,0.79963290,0.90202590,3.31959400,3.31409900,0.79794790,4.97408000,4.97408000,0.00256410, 2, 255, 7, 24,0x50000,No,No,No,No,No,Yes,No,Yes
2026-04-13 20:27:39,4.7,2400,910,,910,960,44,,200,,,648,,69.2,0.8995,0.6000,0.6000,1.1000,0.00000000,0.13077460,0.16688400,0.01268709,0.00000000,0.35426260,0.48796500,1.74135000,0.00006105,0.00036630,0.00378510,0.00989010,3.56707800,3.31188900,1.80415000,1.11355200,0.60292980,1.10183000,0.79999920,0.90229460,3.31959400,3.31409900,0.79882700,4.96872000,4.96738000,0.00256410, 2, 255, 7, 24,0x50000,No,No,No,No,No,Yes,No,Yes
2026-04-13 20:27:41,16.0,2400,910,,910,960,44,,200,,,648,,70.3,0.8995,0.6000,0.6000,1.1000,0.00000000,0.13077460,0.16786000,0.00585558,0.00000000,0.35231080,0.48894090,1.81279000,0.00012210,0.00042735,0.00390720,0.00989010,3.56151000,3.35550300,1.80463800,1.11355200,0.60219720,1.10366200,0.79963290,0.90229460,3.31867800,3.31226800,0.79794790,4.97140000,4.97944000,0.00256410, 2, 255, 7, 24,0x50000,No,No,No,No,No,Yes,No,Yes
2026-04-13 20:27:43,34.2,2400,910,,910,960,44,,200,,,648,,70.3,0.8995,0.6000,0.6000,1.1000,0.00000000,0.12979870,0.16590810,0.00878337,0.00000000,0.35328660,0.48894090,1.75028000,0.00006105,0.00042735,0.00390720,0.01025640,3.56429400,3.30168200,1.80463800,1.11355200,0.60915690,1.10439400,0.80036550,0.90202590,3.31684600,3.31409900,0.79824100,4.95800000,4.97408000,0.00256410, 2, 255, 7, 24,0x50000,No,No,No,No,No,Yes,No,Yes
2026-04-13 20:27:45,25.9,2400,910,,910,960,44,,200,,,648,,70.3,0.8995,0.6000,0.6000,1.1000,0.00000000,0.12784680,0.16688400,0.00878337,0.00000000,0.35328660,0.48796500,1.74135000,0.00000000,0.00042735,0.00360195,0.00989010,3.56522200,3.31188900,1.80512600,1.10732500,0.60402870,1.10659200,0.79999920,0.90202590,3.31867800,3.31409900,0.79794790,4.96336000,4.96336000,0.00341880, 2, 255, 7, 24,0x50000,No,No,No,No,No,Yes,No,Yes
2026-04-13 20:27:48,23.3,2400,910,,910,960,44,,200,,,648,,70.8,0.8995,0.6000,0.6000,1.1000,0.00000000,0.12784680,0.16493220,0.01268709,0.00000000,0.35231080,0.48894090,1.76814000,0.00012210,0.00042735,0.00390720,0.00940170,3.56429400,3.30168200,1.80073100,1.10879000,0.60879060,1.10183000,0.80073180,0.90229460,3.31867800,3.31318300,0.79794790,4.97408000,4.97274000,0.00341880, 2, 255, 7, 24,0x50000,No,No,No,No,No,Yes,No,Yes
2026-04-13 20:27:50,13.9,2400,910,,910,960,43,,200,,,648,,73.0,0.8995,0.6000,0.6000,1.1000,0.00000000,0.13760610,0.17761930,0.17078780,0.02500020,0.36402190,0.57482280,4.88471000,0.00006105,0.00042735,0.00390720,0.00976800,3.53274400,3.32580900,1.80463800,1.10769100,0.60512760,1.10439400,0.80036550,0.90229460,3.31959400,3.31226800,0.79794790,4.94996000,4.94996000,0.00341880, 2, 255, 7, 24,0x50000,No,No,No,No,No,Yes,No,Yes
2026-04-13 20:27:52,0.3,2400,910,,910,960,44,,200,,,648,,70.8,0.8995,0.6000,0.6000,1.1000,0.00000000,0.13077460,0.17566740,0.12491900,0.01078440,0.35328660,0.54749670,4.65253000,0.00006105,0.00018315,0.00390720,0.00989010,3.48263400,3.32766400,1.80415000,1.10512700,0.60329610,1.10476100,0.79999920,0.90229460,3.31867800,3.31409900,0.79794790,4.81864000,4.84812000,0.00341880, 2, 255, 7, 24,0x50000,No,No,No,No,No,Yes,No,Yes
2026-04-13 20:27:54,0.5,2400,910,,910,960,43,,200,,,648,,69.2,0.8995,0.6000,0.6000,1.1000,0.00000000,0.14346170,0.16590810,0.00683151,0.00000000,0.35426260,0.48503720,1.75028000,0.00000000,0.00042735,0.00390720,0.00964590,3.56151000,3.31374500,1.80366100,1.10769100,0.60292980,1.10366200,0.79963290,0.90256320,3.31684600,3.31226800,0.79794790,4.90976000,4.97140000,0.00256410, 2, 255, 7, 24,0x50000,No,No,No,No,No,Yes,No,Yes
2026-04-13 20:27:56,1.5,2400,910,,910,960,44,,200,,,648,,70.8,0.8995,0.6000,0.6000,1.1000,0.00000000,0.14248580,0.16883590,0.00780744,0.00000000,0.36499780,0.48698910,1.76814000,0.00012210,0.00042735,0.00390720,0.00964590,3.56151000,3.31374500,1.80415000,1.11391800,0.60219720,1.10659200,0.79999920,0.90202590,3.31959400,3.31409900,0.79794790,4.96336000,4.97408000,0.00256410, 2, 255, 7, 24,0x50000,No,No,No,No,No,Yes,No,Yes
2026-04-13 20:27:58,1.8,2400,910,,910,960,43,,200,,,648,,70.8,0.8995,0.6000,0.6000,1.1000,0.00000000,0.12979870,0.16590810,0.00780744,0.00000000,0.35426260,0.48698910,1.75028000,0.00006105,0.00042735,0.00378510,0.00976800,3.56615000,3.31931300,1.80463800,1.10439400,0.60366240,1.10292900,0.80036550,0.90229460,3.32050900,3.31318300,0.79824100,4.96738000,4.97944000,0.00341880, 2, 255, 7, 24,0x50000,No,No,No,No,No,Yes,No,Yes
2026-04-13 20:28:00,3.8,1500,500,,500,500,44,,200,,,648,,69.2,0.7200,0.6000,0.6000,1.1000,0.00000000,0.12784680,0.16883590,0.04586871,0.00000000,0.35426260,0.52407440,2.29501000,0.00012210,0.00042735,0.00360195,0.00964590,3.55594200,3.30260900,1.80463800,1.10402800,0.60402870,1.10512700,0.79999920,0.83755720,3.31959400,3.31409900,0.79882700,4.94728000,4.95532000,0.00256410, 2, 255, 7, 24,0x50000,No,No,No,No,No,Yes,No,Yes
2026-04-13 20:28:03,15.2,2400,910,,910,960,44,,200,,,648,,70.8,0.8995,0.6000,0.6000,1.1000,0.00000000,0.14248580,0.16590810,0.12003940,0.00000000,0.35231080,0.48503720,1.75921000,0.00006105,0.00042735,0.00390720,0.00976800,3.56707800,3.32766400,1.80366100,1.10512700,0.60805800,1.10549400,0.79963290,0.90202590,3.31867800,3.31226800,0.79794790,4.97140000,4.97140000,0.00256410, 2, 255, 7, 24,0x50000,No,No,No,No,No,Yes,No,Yes
2026-04-13 20:28:05,25.9,2400,910,,910,960,44,,200,,,648,,70.3,0.8995,0.6000,0.6000,1.1000,0.00000000,0.13955800,0.16688400,0.01366302,0.00000000,0.35231080,0.48601320,1.75921000,0.00006105,0.00036630,0.00390720,0.00952380,3.56336600,3.30724900,1.80512600,1.11025500,0.60879060,1.10622600,0.79963290,0.90256320,3.31867800,3.31318300,0.79824100,4.97676000,4.97542000,0.00256410, 2, 255, 7, 24,0x50000,No,No,No,No,No,Yes,No,Yes
2026-04-13 20:28:07,26.4,2400,910,,910,960,44,,200,,,648,,70.3,0.8995,0.6000,0.6000,1.1000,0.06245952,0.15029320,0.16493220,0.00878337,0.00000000,0.35426260,0.48796500,1.76814000,0.00012210,0.00018315,0.00396825,0.01001220,3.54944700,3.30724900,1.80463800,1.11062200,0.60476130,1.10549400,0.79963290,0.90229460,3.31776200,3.31501500,0.79824100,4.96336000,4.96470000,0.00256410, 2, 255, 7, 24,0x50000,No,No,No,No,No,Yes,No,Yes
2026-04-13 20:28:09,23.8,2400,910,,910,960,44,,200,,,648,,71.4,0.8995,0.6000,0.6000,1.1000,0.04586871,0.12979870,0.16590810,0.02342232,0.00000000,0.36597380,0.49089280,2.89332000,0.00012210,0.00042735,0.00372405,0.00989010,3.51975200,3.30724900,1.80415000,1.11208700,0.60219720,1.10402800,0.79963290,0.90256320,3.31867800,3.31501500,0.79824100,4.90306000,4.90976000,0.00256410, 2, 255, 7, 24,0x50000,No,No,No,No,No,Yes,No,Yes
2026-04-13 20:28:11,16.5,2400,910,,910,960,44,,200,,,648,,71.9,0.8995,0.6000,0.6000,1.1000,0.06245952,0.13175060,0.16688400,0.01659081,0.00000000,0.35231080,0.48991690,2.92011000,0.00012210,0.00018315,0.00347985,0.00952380,3.52160800,3.30724900,1.80463800,1.10842400,0.60219720,1.10622600,0.79999920,0.90229460,3.31867800,3.31501500,0.79853400,4.91512000,4.97810000,0.00341880, 2, 255, 7, 24,0x50000,No,No,No,No,No,Yes,No,Yes
2026-04-13 20:28:13,4.3,2400,910,,910,960,44,,200,,,648,,72.5,0.8995,0.6000,0.6000,1.1000,0.00000000,0.12979870,0.16981180,0.06245952,0.00000000,0.36207000,0.50357990,3.98278000,0.00012210,0.00042735,0.00396825,0.00964590,3.52532000,3.31188900,1.80512600,1.11355200,0.60219720,1.10512700,0.79999920,0.90283180,3.31959400,3.31226800,0.79794790,4.87760000,4.88296000,0.00256410, 2, 255, 7, 24,0x50000,No,No,No,No,No,Yes,No,Yes
2026-04-13 20:28:15,3.0,2400,910,,910,960,43,,200,,,648,,70.8,0.8995,0.6000,0.6000,1.1000,0.00000000,0.13272650,0.16493220,0.00878337,0.00000000,0.35328660,0.48796500,1.75921000,0.00012210,0.00042735,0.00360195,0.00976800,3.56243800,3.31188900,1.80415000,1.11025500,0.60439500,1.10476100,0.79963290,0.90202590,3.31959400,3.31501500,0.79824100,4.97408000,4.97408000,0.00256410, 2, 255, 7, 24,0x50000,No,No,No,No,No,Yes,No,Yes
2026-04-13 20:28:18,1.5,2400,910,,910,960,44,,200,,,648,,70.3,0.8995,0.6000,0.6000,1.1000,0.00000000,0.13955800,0.16493220,0.00683151,0.00000000,0.36207000,0.48601320,1.75921000,0.00006105,0.00042735,0.00360195,0.00976800,3.56522200,3.31188900,1.80415000,1.11025500,0.60366240,1.10512700,0.79999920,0.90256320,3.31776200,3.31043600,0.79882700,4.97944000,4.96738000,0.00256410, 2, 255, 7, 24,0x50000,No,No,No,No,No,Yes,No,Yes
2026-04-13 20:28:20,1.5,2400,910,,910,960,44,,200,,,648,,70.8,0.8995,0.6000,0.6000,1.1000,0.00000000,0.13175060,0.16883590,0.01268709,0.00000000,0.36402190,0.48503720,1.78600000,0.00012210,0.00042735,0.00390720,0.00915750,3.56429400,3.30168200,1.81098700,1.10439400,0.60366240,1.10549400,0.79999920,0.90256320,3.31776200,3.31318300,0.79882700,4.95398000,4.96336000,0.00341880, 2, 255, 7, 24,0x50000,No,No,No,No,No,Yes,No,Yes
2026-04-13 20:28:22,2.5,2400,910,,910,960,44,,200,,,648,,70.8,0.8995,0.6000,0.6000,1.1000,0.00000000,0.15614880,0.16883590,0.00878337,0.00000000,0.35035890,0.48796500,1.77707000,0.00024420,0.00018315,0.00360195,0.00989010,3.56522200,3.30724900,1.80610300,1.10879000,0.60549390,1.10439400,0.79926660,0.90202590,3.31867800,3.31409900,0.79794790,4.96872000,4.96738000,0.00341880, 2, 255, 7, 24,0x50000,No,No,No,No,No,Yes,No,Yes
2026-04-13 20:28:24,17.0,2400,910,,910,960,44,,200,,,648,,70.8,0.8995,0.6000,0.6000,1.1000,0.00000000,0.13077460,0.16883590,0.00975930,0.00000000,0.35328660,0.48698910,1.77707000,0.00006105,0.00042735,0.00360195,0.01001220,3.56615000,3.31188900,1.80415000,1.11062200,0.60915690,1.10695900,0.79963290,0.90229460,3.31867800,3.31226800,0.79794790,4.97140000,4.97274000,0.00341880, 2, 255, 7, 24,0x50000,No,No,No,No,No,Yes,No,Yes
2026-04-13 20:28:26,25.9,2400,910,,910,960,43,,200,,,648,,71.4,0.8995,0.6000,0.6000,1.1000,0.00000000,0.12882280,0.16590810,0.01073523,0.00000000,0.35328660,0.48796500,1.77707000,0.00006105,0.00042735,0.00390720,0.00989010,3.56429400,3.32952100,1.80463800,1.11208700,0.60146460,1.10292900,0.79999920,0.90256320,3.31867800,3.31501500,0.79824100,4.96202000,4.96738000,0.00341880, 2, 255, 7, 24,0x50000,No,No,No,No,No,Yes,No,Yes
2026-04-13 20:28:28,25.1,2400,910,,910,960,43,,200,,,648,,71.4,0.8995,0.6000,0.6000,1.1000,0.00000000,0.13663020,0.16688400,0.01366302,0.00000000,0.35231080,0.48601320,1.79493000,0.00006105,0.00036630,0.00390720,0.00952380,3.56151000,3.32766400,1.80512600,1.10915600,0.60622650,1.10146400,0.79963290,0.90310040,3.32050900,3.31318300,0.79824100,4.96738000,4.97006000,0.00341880, 2, 255, 7, 24,0x50000,No,No,No,No,No,Yes,No,Yes
2026-04-13 20:28:30,23.8,2400,910,,910,960,44,,200,,,648,,71.4,0.8995,0.6000,0.6000,1.1000,0.00000000,0.13272650,0.16688400,0.01463895,0.00000000,0.35426260,0.48698910,2.92904000,0.00006105,0.00036630,0.00402930,0.01001220,3.56151000,3.32766400,1.80512600,1.11391800,0.60805800,1.10146400,0.79963290,0.90256320,3.31867800,3.31226800,0.79794790,4.97274000,4.97274000,0.00341880, 2, 255, 7, 24,0x50000,No,No,No,No,No,Yes,No,Yes
2026-04-13 20:28:32,14.8,2400,910,,910,960,44,,200,,,648,,74.1,0.8995,0.6000,0.6000,1.1000,0.00000000,0.13077460,0.16688400,0.01561488,0.00000000,0.35231080,0.46942240,2.92904000,0.00012210,0.00042735,0.00390720,0.01001220,3.54109500,3.32766400,1.80512600,1.11428500,0.60586020,1.10292900,0.79999920,0.90256320,3.31776200,3.31318300,0.79824100,4.93120000,4.93522000,0.00341880, 2, 255, 7, 24,0x50000,No,No,No,No,No,Yes,No,Yes
2026-04-13 20:28:35,0.3,2400,910,,910,960,44,,200,,,648,,72.5,0.8995,0.6000,0.6000,1.1000,0.00000000,0.12979870,0.16688400,0.02342232,0.00000000,0.35426260,0.49382060,3.95599000,0.00012210,0.00042735,0.00384615,0.00940170,3.55130300,3.30724900,1.80463800,1.10695900,0.60476130,1.10695900,0.79999920,0.90175740,3.31867800,3.31318300,0.79794790,4.94192000,4.94058000,0.00256410, 2, 255, 7, 24,0x50000,No,No,No,No,No,Yes,No,Yes
2026-04-13 20:28:37,0.3,2400,910,,910,960,44,,200,,,648,,72.5,0.8995,0.6000,0.6000,1.1000,0.00000000,0.13077460,0.16786000,0.00683151,0.00000000,0.35328660,0.48894090,1.77707000,0.00006105,0.00042735,0.00390720,0.00964590,3.56151000,3.35735900,1.80317300,1.11355200,0.60915690,1.10146400,0.80036550,0.90256320,3.31776200,3.31318300,0.79882700,4.97408000,4.97274000,0.00256410, 2, 255, 7, 24,0x50000,No,No,No,No,No,Yes,No,Yes
2026-04-13 20:28:39,0.7,2400,910,,910,960,43,,200,,,648,,71.4,0.8995,0.6000,0.6000,1.1000,0.00000000,0.13175060,0.16590810,0.00878337,0.00000000,0.35328660,0.48796500,1.77707000,0.00006105,0.00042735,0.00402930,0.00989010,3.56429400,3.30724900,1.79877700,1.11391800,0.60732540,1.10695900,0.80073180,0.90256320,3.31776200,3.31226800,0.79794790,4.97274000,4.97006000,0.00341880, 2, 255, 7, 24,0x50000,No,No,No,No,No,Yes,No,Yes
2026-04-13 20:28:41,1.8,1500,500,,500,500,44,,200,,,648,,70.3,0.7200,0.6000,0.6000,1.1000,0.00000000,0.13175060,0.15907660,0.02635011,0.00000000,0.36499780,0.48698910,1.16090000,0.00000000,0.00042735,0.00360195,0.01001220,3.57821400,3.30724900,1.81294100,1.11098800,0.60622650,1.10146400,0.80036550,0.72178200,3.31684600,3.31501500,0.79765500,5.00088000,5.00490000,0.00256410, 2, 255, 7, 24,0x50000,No,No,No,No,No,Yes,No,Yes
2026-04-13 20:28:43,3.0,2400,910,,910,960,43,,200,,,648,,70.8,0.8995,0.6000,0.6000,1.1000,0.00000000,0.13175060,0.16590810,0.00780744,0.00000000,0.35035890,0.48698910,1.75921000,0.00012210,0.00042735,0.00360195,0.00976800,3.56429400,3.30168200,1.80317300,1.10439400,0.60292980,1.10476100,0.79963290,0.90229460,3.31867800,3.31135200,0.79736190,4.97140000,4.97006000,0.00256410, 2, 255, 7, 24,0x50000,No,No,No,No,No,Yes,No,Yes
2026-04-13 20:28:45,17.1,2400,910,,910,960,44,,200,,,648,,71.9,0.8995,0.6000,0.6000,1.1000,0.00000000,0.13370240,0.16786000,0.00780744,0.00000000,0.35426260,0.48601320,1.79493000,0.00006105,0.00042735,0.00402930,0.00964590,3.55965400,3.32766400,1.80512600,1.11575000,0.60732540,1.10586000,0.79999920,0.90256320,3.31959400,3.31409900,0.79794790,4.97408000,4.97006000,0.00256410, 2, 255, 7, 24,0x50000,No,No,No,No,No,Yes,No,Yes
2026-04-13 20:28:47,34.8,2400,910,,910,960,44,,200,,,648,,73.0,0.8995,0.6000,0.6000,1.1000,0.00000000,0.14053390,0.16883590,0.01073523,0.00000000,0.35035890,0.48698910,1.79493000,0.00006105,0.00018315,0.00390720,0.00940170,3.56058200,3.32766400,1.80317300,1.10439400,0.60256350,1.10659200,0.80036550,0.90229460,3.31776200,3.31226800,0.79794790,4.96336000,4.96738000,0.00256410, 2, 255, 7, 24,0x50000,No,No,No,No,No,Yes,No,Yes
2026-04-13 20:28:50,25.2,2400,910,,910,960,43,,200,,,648,,71.9,0.8995,0.6000,0.6000,1.1000,0.00000000,0.12979870,0.16493220,0.00487965,0.00000000,0.35523850,0.48601320,1.80386000,0.00012210,0.00042735,0.00378510,0.00989010,3.56522200,3.30353800,1.80463800,1.11025500,0.60439500,1.10622600,0.79963290,0.90202590,3.31959400,3.31409900,0.79794790,4.96202000,4.97006000,0.00256410, 2, 255, 7, 24,0x50000,No,No,No,No,No,Yes,No,Yes
2026-04-13 20:28:52,23.1,2400,910,,910,960,44,,200,,,648,,71.9,0.8995,0.6000,0.6000,1.1000,0.00000000,0.13272650,0.16786000,0.01463895,0.00000000,0.35523850,0.49284470,2.94690000,0.00006105,0.00042735,0.00390720,0.00964590,3.53738300,3.35550300,1.80366100,1.10732500,0.60439500,1.10329600,0.79999920,0.90256320,3.32050900,3.31318300,0.79882700,4.92048000,4.92048000,0.00256410, 2, 255, 7, 24,0x50000,No,No,No,No,No,Yes,No,Yes
