timestamp,cpu_percent,arm_mhz,core_mhz,h264_mhz,isp_mhz,v3d_mhz,uart_mhz,pwm_mhz,emmc_mhz,pixel_mhz,vec_mhz,hdmi_mhz,dpi_mhz,arm_temp,core_volt,sdram_c_volt,sdram_i_volt,sdram_p_volt,3V7_WL_SW_A,3V3_SYS_A,1V8_SYS_A,DDR_VDD2_A,DDR_VDDQ_A,1V1_SYS_A,0V8_SW_A,VDD_CORE_A,3V3_DAC_A,3V3_ADC_A,0V8_AON_A,HDMI_A,3V7_WL_SW_V,3V3_SYS_V,1V8_SYS_V,DDR_VDD2_V,DDR_VDDQ_V,1V1_SYS_V,0V8_SW_V,VDD_CORE_V,3V3_DAC_V,3V3_ADC_V,0V8_AON_V,HDMI_V,EXT5V_V,BATT_V,readmr_4,readmr_5,readmr_6,readmr_8,throttle_hex,UV,ArmFreqCap,CurThrottle,SoftTempLimit,UV_occured,ArmFreqCap_occured,Throttle_occured,SoftTempLimit_occured
2026-04-11 15:24:02,0.0,1500,500,,500,500,44,,200,,,648,,51.0,0.7200,0.6000,0.6000,1.1000,0.04977243,0.07124290,0.12784680,0.00487965,0.00000000,0.21080090,0.33279210,1.20555000,0.00048840,0.00054945,0.00488400,0.02735040,3.69977600,3.30910500,1.79926600,1.10695900,0.61501770,1.09780100,0.79890030,0.72043880,3.30219400,3.30311000,0.79882700,4.91512000,4.92852000,0.00769230, 2, 255, 7, 24,0x50000,No,No,No,No,No,Yes,No,Yes
2026-04-11 15:24:04,0.0,1500,500,,500,500,44,,200,,,648,,50.5,0.7200,0.6000,0.6000,1.1000,0.05562801,0.07124290,0.12491900,0.00195186,0.00000000,0.20982490,0.33084030,1.18769000,0.00054945,0.00079365,0.00409035,0.02710620,3.69792000,3.31096100,1.80024200,1.10439400,0.61465140,1.10366200,0.79926660,0.72070740,3.29944700,3.30311000,0.79794790,4.93120000,4.93254000,0.00854700, 2, 255, 7, 24,0x50000,No,No,No,No,No,Yes,No,Yes
2026-04-11 15:24:06,0.0,1500,500,,500,500,44,,200,,,648,,50.5,0.7200,0.6000,0.6000,1.1000,0.04879650,0.07026696,0.12491900,0.00585558,0.00000000,0.21275270,0.32791250,1.20555000,0.00054945,0.00085470,0.00384615,0.02735040,3.69884800,3.31374500,1.79828900,1.10805800,0.61611660,1.10476100,0.79963290,0.72017020,3.30311000,3.30402600,0.79912020,4.92584000,4.91914000,0.00854700, 2, 255, 7, 24,0x50000,No,No,No,No,No,Yes,No,Yes
2026-04-11 15:24:08,0.0,1500,500,,500,500,44,,200,,,648,,50.5,0.7200,0.6000,0.6000,1.1000,0.05074836,0.07514661,0.12687090,0.00292779,0.00000000,0.22056020,0.33084030,1.20555000,0.00042735,0.00067155,0.00384615,0.02747250,3.69977600,3.35550300,1.80610300,1.10769100,0.61575030,1.10256300,0.79963290,0.72017020,3.30311000,3.30402600,0.79970620,4.92450000,4.92450000,0.00854700, 2, 255, 7, 24,0x50000,No,No,No,No,No,Yes,No,Yes
2026-04-11 15:24:10,0.0,1500,500,,500,500,44,,200,,,648,,51.0,0.7200,0.6000,0.6000,1.1000,0.04977243,0.08392998,0.12687090,0.00780744,0.00000000,0.20884900,0.33181620,1.21448000,0.00036630,0.00079365,0.00409035,0.02673990,3.69792000,3.30168200,1.80024200,1.10219700,0.61684920,1.10476100,0.79999920,0.72043880,3.30219400,3.30311000,0.79912020,4.93120000,4.91914000,0.00854700, 2, 255, 7, 24,0x50000,No,No,No,No,No,Yes,No,Yes
2026-04-11 15:24:12,0.0,1500,500,,500,500,44,,200,,,648,,50.5,0.7200,0.6000,0.6000,1.1000,0.05562801,0.07026696,0.12882280,0.00292779,0.00000000,0.20982490,0.33084030,1.18769000,0.00054945,0.00067155,0.00421245,0.02673990,3.69884800,3.31374500,1.78852100,1.10769100,0.61391880,1.10476100,0.79890030,0.72043880,3.30219400,3.30311000,0.79882700,4.92584000,4.92584000,0.00854700, 2, 255, 7, 24,0x50000,No,No,No,No,No,Yes,No,Yes
2026-04-11 15:24:14,1.2,1500,500,,500,500,43,,200,,,648,,50.5,0.7200,0.6000,0.6000,1.1000,0.04977243,0.07319475,0.12491900,0.00390372,0.00000000,0.20982490,0.33084030,1.21448000,0.00054945,0.00067155,0.00427350,0.02698410,3.69977600,3.31467300,1.79926600,1.10439400,0.61611660,1.10256300,0.80036550,0.72043880,3.30219400,3.30585700,0.79882700,4.92316000,4.91914000,0.00854700, 2, 255, 7, 24,0x50000,No,No,No,No,No,Yes,No,Yes
2026-04-11 15:24:17,0.0,1500,500,,500,500,44,,200,,,648,,51.0,0.7200,0.6000,0.6000,1.1000,0.05172429,0.07026696,0.12589500,0.00683151,0.00000000,0.21958430,0.33181620,1.18769000,0.00036630,0.00079365,0.00396825,0.02710620,3.69884800,3.31838500,1.80024200,1.10439400,0.61428510,1.10256300,0.80036550,0.72070740,3.30219400,3.30311000,0.79912020,4.93120000,4.93120000,0.00854700, 2, 255, 7, 24,0x50000,No,No,No,No,No,Yes,No,Yes
2026-04-11 15:24:19,0.8,1600,545,,545,551,44,,200,,,648,,52.1,0.7200,0.6000,0.6000,1.1000,0.04879650,0.07124290,0.12589500,0.00780744,0.00000000,0.21080090,0.33376810,1.20555000,0.00054945,0.00091575,0.00439560,0.02735040,3.70070400,3.35735900,1.80659200,1.10769100,0.61501770,1.10476100,0.79999920,0.72097620,3.30402600,3.30402600,0.79882700,4.92048000,4.92182000,0.00854700, 2, 255, 7, 24,0x50000,No,No,No,No,No,Yes,No,Yes
2026-04-11 15:24:21,0.0,1500,500,,500,500,44,,200,,,648,,51.6,0.7200,0.6000,0.6000,1.1000,0.00000000,0.07417068,0.12589500,0.00585558,0.00000000,0.21080090,0.33181620,1.21448000,0.00036630,0.00042735,0.00488400,0.02710620,3.70070400,3.32766400,1.79828900,1.10439400,0.61538400,1.10476100,0.79963290,0.72070740,3.29944700,3.30311000,0.79999920,4.93924000,4.93924000,0.00854700, 2, 255, 7, 24,0x50000,No,No,No,No,No,Yes,No,Yes
2026-04-11 15:24:23,0.2,1500,500,,500,500,44,,200,,,648,,50.5,0.7200,0.6000,0.6000,1.1000,0.02439825,0.06733918,0.12784680,0.00585558,0.00000000,0.20982490,0.33474400,1.21448000,0.00054945,0.00067155,0.00427350,0.02735040,3.69884800,3.31838500,1.78852100,1.10695900,0.61611660,1.10402800,0.79926660,0.72070740,3.30219400,3.30311000,0.79912020,4.93924000,4.94058000,0.00854700, 2, 255, 7, 24,0x50000,No,No,No,No,No,Yes,No,Yes
2026-04-11 15:24:25,0.0,1500,500,,500,500,44,,200,,,648,,51.6,0.7200,0.6000,0.6000,1.1000,0.00097593,0.07026696,0.12979870,0.00683151,0.00000000,0.20787310,0.33279210,1.20555000,0.00054945,0.00091575,0.00433455,0.02686200,3.70070400,3.30168200,1.80024200,1.10769100,0.61611660,1.09999900,0.79963290,0.72017020,3.30219400,3.30494200,0.79941320,4.94058000,4.91646000,0.00854700, 2, 255, 7, 24,0x50000,No,No,No,No,No,Yes,No,Yes
2026-04-11 15:24:27,0.0,1500,500,,500,500,44,,200,,,648,,52.1,0.7200,0.6000,0.6000,1.1000,0.00000000,0.07417068,0.12687090,0.00585558,0.00000000,0.21177680,0.33084030,1.20555000,0.00048840,0.00091575,0.00433455,0.02710620,3.70070400,3.30168200,1.80024200,1.10769100,0.61611660,1.10256300,0.79890030,0.72070740,3.29944700,3.30494200,0.79970620,4.93522000,4.94192000,0.00854700, 2, 255, 7, 24,0x50000,No,No,No,No,No,Yes,No,Yes
2026-04-11 15:24:29,0.0,1500,500,,500,500,44,,200,,,648,,51.6,0.7200,0.6000,0.6000,1.1000,0.00097593,0.07319475,0.12589500,0.00585558,0.00000000,0.20787310,0.33279210,1.21448000,0.00054945,0.00067155,0.00384615,0.02686200,3.69884800,3.30724900,1.79926600,1.10512700,0.61501770,1.10292900,0.79999920,0.72043880,3.30219400,3.30311000,0.79912020,4.94728000,4.94594000,0.00854700, 2, 255, 7, 24,0x50000,No,No,No,No,No,Yes,No,Yes
2026-04-11 15:24:31,0.0,1500,500,,500,500,44,,200,,,648,,50.5,0.7200,0.6000,0.6000,1.1000,0.00097593,0.07319475,0.12589500,0.00683151,0.00000000,0.20982490,0.33084030,1.19662000,0.00054945,0.00091575,0.00409035,0.02698410,3.69792000,3.31003300,1.80024200,1.10292900,0.61648290,1.10292900,0.79926660,0.72070740,3.30127900,3.30311000,0.79912020,4.89770000,4.88162000,0.00854700, 2, 255, 7, 24,0x50000,No,No,No,No,No,Yes,No,Yes
2026-04-11 15:24:34,0.0,1500,500,,500,500,44,,200,,,648,,52.1,0.7200,0.6000,0.6000,1.1000,0.00292779,0.06929103,0.12882280,0.00487965,0.00000000,0.23031950,0.33181620,1.21448000,0.00054945,0.00079365,0.00445665,0.02735040,3.69977600,3.31003300,1.79926600,1.10769100,0.61428510,1.10329600,0.79963290,0.72070740,3.30219400,3.30311000,0.79912020,4.94192000,4.93924000,0.00854700, 2, 255, 7, 24,0x50000,No,No,No,No,No,Yes,No,Yes
2026-04-11 15:24:36,0.0,1500,500,,500,500,43,,200,,,648,,52.1,0.7200,0.6000,0.6000,1.1000,0.00390372,0.06929103,0.12491900,0.00585558,0.00000000,0.22739170,0.33279210,1.19662000,0.00054945,0.00091575,0.00384615,0.02710620,3.70070400,3.31838500,1.79828900,1.10146400,0.61721550,1.10073200,0.79999920,0.72070740,3.30219400,3.30494200,0.79912020,4.94058000,4.94594000,0.00854700, 2, 255, 7, 24,0x50000,No,No,No,No,No,Yes,No,Yes
2026-04-11 15:24:38,0.0,1500,500,,500,500,44,,200,,,648,,52.1,0.7200,0.6000,0.6000,1.1000,0.00195186,0.07124290,0.12589500,0.00585558,0.00000000,0.20982490,0.33084030,1.21448000,0.00036630,0.00067155,0.00409035,0.02661780,3.69884800,3.30724900,1.78900900,1.10622600,0.61648290,1.10146400,0.79890030,0.72097620,3.30036300,3.30402600,0.79882700,4.88832000,4.91512000,0.00940170, 2, 255, 7, 24,0x50000,No,No,No,No,No,Yes,No,Yes
2026-04-11 15:24:40,0.0,1500,500,,500,500,44,,200,,,648,,51.6,0.7200,0.6000,0.6000,1.1000,0.00000000,0.06831510,0.12589500,0.00487965,0.00000000,0.20884900,0.33084030,1.21448000,0.00036630,0.00042735,0.00445665,0.02735040,3.69977600,3.31838500,1.79828900,1.10292900,0.61721550,1.10073200,0.79926660,0.72070740,3.30219400,3.30402600,0.79912020,4.93924000,4.93924000,0.00854700, 2, 255, 7, 24,0x50000,No,No,No,No,No,Yes,No,Yes
2026-04-11 15:24:42,0.0,1500,500,,500,500,44,,200,,,648,,52.1,0.7200,0.6000,0.6000,1.1000,0.05172429,0.06929103,0.12784680,0.00097593,0.00000000,0.20884900,0.33279210,1.18769000,0.00054945,0.00091575,0.00421245,0.02735040,3.70070400,3.30910500,1.79828900,1.10146400,0.61575030,1.10476100,0.79926660,0.72043880,3.30311000,3.30402600,0.79882700,4.92584000,4.93388000,0.00940170, 2, 255, 7, 24,0x50000,No,No,No,No,No,Yes,No,Yes
2026-04-11 15:24:44,0.0,1500,500,,500,500,44,,200,,,648,,52.1,0.7200,0.6000,0.6000,1.1000,0.00097593,0.07124290,0.12491900,0.00780744,0.00000000,0.21080090,0.33084030,1.20555000,0.00036630,0.00067155,0.00409035,0.02698410,3.69977600,3.31003300,1.78900900,1.10586000,0.61648290,1.10329600,0.79890030,0.72097620,3.30219400,3.30585700,0.79912020,4.93656000,4.92852000,0.00854700, 2, 255, 7, 24,0x50000,No,No,No,No,No,Yes,No,Yes
2026-04-11 15:24:46,0.0,1500,500,,500,500,44,,200,,,648,,50.5,0.7200,0.6000,0.6000,1.1000,0.00195186,0.06929103,0.12784680,0.00487965,0.00000000,0.21080090,0.33084030,1.21448000,0.00048840,0.00067155,0.00409035,0.02710620,3.69884800,3.31003300,1.80024200,1.10439400,0.61758180,1.10219700,0.80073180,0.72070740,3.30219400,3.30311000,0.79941320,4.93924000,4.94326000,0.00854700, 2, 255, 7, 24,0x50000,No,No,No,No,No,Yes,No,Yes
2026-04-11 15:24:49,0.0,1500,500,,500,500,44,,200,,,648,,52.7,0.7200,0.6000,0.6000,1.1000,0.05074836,0.07026696,0.12687090,0.00683151,0.00000000,0.22153610,0.33181620,1.22341000,0.00048840,0.00079365,0.00439560,0.02698410,3.70070400,3.32580900,1.79828900,1.10256300,0.61281990,1.10256300,0.79890030,0.72070740,3.30219400,3.30402600,0.79941320,4.91914000,4.93254000,0.00854700, 2, 255, 7, 24,0x50000,No,No,No,No,No,Yes,No,Yes
2026-04-11 15:24:51,0.0,1500,500,,500,500,44,,200,,,648,,52.1,0.7200,0.6000,0.6000,1.1000,0.05562801,0.07026696,0.12784680,0.00390372,0.00000000,0.21860830,0.33084030,1.21448000,0.00054945,0.00091575,0.00409035,0.02686200,3.69792000,3.31838500,1.80024200,1.10695900,0.61648290,1.10366200,0.79963290,0.72017020,3.30311000,3.30402600,0.79853400,4.89770000,4.92316000,0.00854700, 2, 255, 7, 24,0x50000,No,No,No,No,No,Yes,No,Yes
2026-04-11 15:24:53,0.0,1500,500,,500,500,44,,200,,,648,,51.6,0.7200,0.6000,0.6000,1.1000,0.05074836,0.06733918,0.12687090,0.00487965,0.00000000,0.23129540,0.33376810,1.21448000,0.00048840,0.00067155,0.00421245,0.02735040,3.69977600,3.29889800,1.78852100,1.10183000,0.61501770,1.10073200,0.79926660,0.72097620,3.30036300,3.30402600,0.79882700,4.92986000,4.92852000,0.00854700, 2, 255, 7, 24,0x50000,No,No,No,No,No,Yes,No,Yes
2026-04-11 15:24:55,1.0,1500,500,,500,500,44,,200,,,648,,52.7,0.7200,0.6000,0.6000,1.1000,0.04977243,0.10735230,0.15614880,0.00780744,0.00000000,0.21080090,0.33279210,1.20555000,0.00054945,0.00067155,0.00445665,0.02673990,3.70256000,3.31188900,1.79389300,1.10769100,0.61611660,1.10073200,0.79999920,0.72043880,3.30036300,3.30311000,0.79941320,4.91110000,4.91378000,0.00854700, 2, 255, 7, 24,0x50000,No,No,No,No,No,Yes,No,Yes
2026-04-11 15:24:57,0.0,1500,500,,500,500,44,,200,,,648,,52.1,0.7200,0.6000,0.6000,1.1000,0.04879650,0.07124290,0.12687090,0.00487965,0.00000000,0.21080090,0.33084030,1.20555000,0.00048840,0.00079365,0.00488400,0.02735040,3.69792000,3.31838500,1.80024200,1.10439400,0.61611660,1.09999900,0.80073180,0.72070740,3.30219400,3.30494200,0.79912020,4.91780000,4.92450000,0.00854700, 2, 255, 7, 24,0x50000,No,No,No,No,No,Yes,No,Yes
2026-04-11 15:24:59,0.2,1500,500,,500,500,44,,200,,,648,,51.6,0.7200,0.6000,0.6000,1.1000,0.05660394,0.07124290,0.12687090,0.00487965,0.00000000,0.20884900,0.33571990,1.21448000,0.00054945,0.00091575,0.00409035,0.02673990,3.70070400,3.31838500,1.80024200,1.10512700,0.61355250,1.10512700,0.79890030,0.72017020,3.29944700,3.30494200,0.79941320,4.93120000,4.92718000,0.00854700, 2, 255, 7, 24,0x50000,No,No,No,No,No,Yes,No,Yes
2026-04-11 15:25:01,0.0,1500,500,,500,500,44,,200,,,648,,51.0,0.7200,0.6000,0.6000,1.1000,0.05172429,0.07124290,0.12687090,0.00878337,0.00000000,0.21177680,0.33181620,1.20555000,0.00054945,0.00091575,0.00409035,0.02747250,3.70070400,3.32952100,1.79828900,1.10219700,0.61611660,1.10146400,0.80073180,0.72070740,3.30127900,3.30494200,0.79941320,4.92450000,4.93522000,0.00854700, 2, 255, 7, 24,0x50000,No,No,No,No,No,Yes,No,Yes
2026-04-11 15:25:04,0.0,1500,500,,500,500,44,,200,,,648,,52.1,0.7200,0.6000,0.6000,1.1000,0.04977243,0.07221882,0.12687090,0.00585558,0.00000000,0.20787310,0.33376810,1.20555000,0.00036630,0.00042735,0.00439560,0.02698410,3.69420800,3.31188900,1.79828900,1.10769100,0.61648290,1.10292900,0.80073180,0.72070740,3.30311000,3.30402600,0.79941320,4.87626000,4.89100000,0.00854700, 2, 255, 7, 24,0x50000,No,No,No,No,No,Yes,No,Yes
2026-04-11 15:25:06,0.2,1500,500,,500,500,44,,200,,,648,,51.6,0.7200,0.6000,0.6000,1.1000,0.04879650,0.07417068,0.12589500,0.00780744,0.00000000,0.20884900,0.33084030,1.22341000,0.00048840,0.00079365,0.00488400,0.02735040,3.69977600,3.31188900,1.79828900,1.10146400,0.61575030,1.10146400,0.79963290,0.72070740,3.30219400,3.30585700,0.79912020,4.93120000,4.93388000,0.00854700, 2, 255, 7, 24,0x50000,No,No,No,No,No,Yes,No,Yes
2026-04-11 15:25:08,0.0,1500,500,,500,500,44,,200,,,648,,51.6,0.7200,0.6000,0.6000,1.1000,0.00000000,0.06929103,0.12784680,0.00390372,0.00000000,0.22056020,0.33279210,1.20555000,0.00054945,0.00091575,0.00384615,0.02759460,3.70163200,3.30168200,1.80024200,1.10476100,0.61648290,1.10292900,0.79890030,0.72017020,3.30219400,3.30311000,0.79941320,4.94058000,4.94728000,0.00854700, 2, 255, 7, 24,0x50000,No,No,No,No,No,Yes,No,Yes
2026-04-11 15:25:10,0.0,1500,500,,500,500,44,,200,,,648,,51.0,0.7200,0.6000,0.6000,1.1000,0.00000000,0.07612254,0.12882280,0.00683151,0.00000000,0.20787310,0.33279210,1.21448000,0.00048840,0.00079365,0.00439560,0.02722830,3.69977600,3.31560100,1.80610300,1.10695900,0.61611660,1.10476100,0.80073180,0.72070740,3.29944700,3.30494200,0.79941320,4.93522000,4.94326000,0.00854700, 2, 255, 7, 24,0x50000,No,No,No,No,No,Yes,No,Yes
2026-04-11 15:25:12,0.0,1500,500,,500,500,44,,200,,,648,,52.7,0.7200,0.6000,0.6000,1.1000,0.00000000,0.07807440,0.12784680,0.00292779,0.00000000,0.21080090,0.33279210,1.20555000,0.00054945,0.00091575,0.00384615,0.02722830,3.69884800,3.30260900,1.80610300,1.10695900,0.61575030,1.10402800,0.79926660,0.72043880,3.30402600,3.30402600,0.79853400,4.94192000,4.92986000,0.00854700, 2, 255, 7, 24,0x50000,No,No,No,No,No,Yes,No,Yes
2026-04-11 15:25:14,0.0,1500,500,,500,500,44,,200,,,648,,52.1,0.7200,0.6000,0.6000,1.1000,0.03806127,0.06929103,0.12687090,0.00585558,0.00000000,0.21080090,0.33181620,1.20555000,0.00036630,0.00042735,0.00445665,0.02698410,3.69792000,3.32766400,1.79828900,1.10769100,0.61575030,1.10476100,0.79963290,0.72043880,3.30219400,3.30402600,0.79941320,4.94460000,4.94058000,0.00854700, 2, 255, 7, 24,0x50000,No,No,No,No,No,Yes,No,Yes
2026-04-11 15:25:16,0.0,1500,500,,500,500,44,,200,,,648,,51.6,0.7200,0.6000,0.6000,1.1000,0.00000000,0.07124290,0.12784680,0.00585558,0.00000000,0.20982490,0.33084030,1.20555000,0.00036630,0.00042735,0.00494505,0.02698410,3.70070400,3.32580900,1.79828900,1.10695900,0.61611660,1.10329600,0.79890030,0.72070740,3.30219400,3.30494200,0.79794790,4.93924000,4.93388000,0.00854700, 2, 255, 7, 24,0x50000,No,No,No,No,No,Yes,No,Yes
2026-04-11 15:25:19,0.0,1500,500,,500,500,44,,200,,,648,,51.6,0.7200,0.6000,0.6000,1.1000,0.00000000,0.07221882,0.12784680,0.00292779,0.00000000,0.20884900,0.33084030,1.20555000,0.00036630,0.00067155,0.00427350,0.02673990,3.69977600,3.30168200,1.78900900,1.10769100,0.61501770,1.10402800,0.80073180,0.72097620,3.30036300,3.30402600,0.79882700,4.94192000,4.94728000,0.00854700, 2, 255, 7, 24,0x50000,No,No,No,No,No,Yes,No,Yes
2026-04-11 15:25:21,0.0,1500,500,,500,500,44,,200,,,648,,51.6,0.7200,0.6000,0.6000,1.1000,0.04782057,0.07124290,0.12589500,0.00683151,0.00000000,0.20982490,0.33084030,1.21448000,0.00054945,0.00091575,0.00488400,0.02722830,3.70070400,3.32580900,1.79828900,1.10146400,0.61465140,1.10329600,0.80036550,0.72017020,3.30311000,3.30494200,0.79941320,4.93388000,4.94058000,0.00854700, 2, 255, 7, 24,0x50000,No,No,No,No,No,Yes,No,Yes
2026-04-11 15:25:23,0.0,1500,500,,500,500,44,,200,,,648,,51.6,0.7200,0.6000,0.6000,1.1000,0.00195186,0.07026696,0.12199130,0.00585558,0.00000000,0.20884900,0.33474400,1.20555000,0.00036630,0.00079365,0.00488400,0.02735040,3.69792000,3.30260900,1.79828900,1.10732500,0.61575030,1.10402800,0.79926660,0.72070740,3.30127900,3.30494200,0.79941320,4.93924000,4.93522000,0.00854700, 2, 255, 7, 24,0x50000,No,No,No,No,No,Yes,No,Yes
2026-04-11 15:25:25,0.0,1500,500,,500,500,44,,200,,,648,,50.5,0.7200,0.6000,0.6000,1.1000,0.00195186,0.07221882,0.12784680,0.00487965,0.00000000,0.20884900,0.32888840,1.21448000,0.00048840,0.00079365,0.00409035,0.02673990,3.70163200,3.31003300,1.80024200,1.10402800,0.61648290,1.10366200,0.79890030,0.72043880,3.30219400,3.30311000,0.79970620,4.94192000,4.93924000,0.00854700, 2, 255, 7, 24,0x50000,No,No,No,No,No,Yes,No,Yes
2026-04-11 15:25:27,0.0,1500,500,,500,500,44,,200,,,648,,51.0,0.7200,0.6000,0.6000,1.1000,0.00000000,0.06929103,0.12589500,0.00390372,0.00000000,0.21080090,0.32888840,1.20555000,0.00054945,0.00067155,0.00427350,0.02673990,3.69977600,3.30168200,1.78852100,1.10439400,0.61648290,1.10402800,0.79963290,0.72043880,3.30219400,3.30311000,0.79882700,4.93656000,4.93924000,0.00854700, 2, 255, 7, 24,0x50000,No,No,No,No,No,Yes,No,Yes
2026-04-11 15:25:29,0.0,1500,500,,500,500,44,,200,,,648,,53.2,0.7200,0.6000,0.6000,1.1000,0.00097593,0.07417068,0.12687090,0.00487965,0.00000000,0.21275270,0.32986440,1.20555000,0.00036630,0.00067155,0.00445665,0.02710620,3.69977600,3.31003300,1.80024200,1.10769100,0.61721550,1.10292900,0.79999920,0.72097620,3.30219400,3.30585700,0.79882700,4.92584000,4.93924000,0.00854700, 2, 255, 7, 24,0x50000,No,No,No,No,No,Yes,No,Yes
2026-04-11 15:25:31,0.0,1500,500,,500,500,43,,200,,,648,,51.0,0.7200,0.6000,0.6000,1.1000,0.00000000,0.07417068,0.12394310,0.00683151,0.00000000,0.21080090,0.33181620,1.21448000,0.00036630,0.00079365,0.00488400,0.02710620,3.69977600,3.31467300,1.79926600,1.10769100,0.61575030,1.10109800,0.79926660,0.72043880,3.30219400,3.30585700,0.79882700,4.94192000,4.94192000,0.00854700, 2, 255, 7, 24,0x50000,No,No,No,No,No,Yes,No,Yes
2026-04-11 15:25:33,0.0,1500,500,,500,500,44,,200,,,648,,52.1,0.7200,0.6000,0.6000,1.1000,0.00000000,0.07221882,0.12589500,0.00487965,0.00000000,0.20982490,0.33279210,1.20555000,0.00036630,0.00042735,0.00445665,0.02735040,3.70070400,3.32209700,1.79828900,1.10439400,0.61465140,1.10402800,0.79926660,0.72043880,3.30219400,3.30585700,0.79912020,4.93924000,4.93388000,0.00854700, 2, 255, 7, 24,0x50000,No,No,No,No,No,Yes,No,Yes
2026-04-11 15:25:36,0.0,1500,500,,500,500,44,,200,,,648,,51.6,0.7200,0.6000,0.6000,1.1000,0.00000000,0.07026696,0.12589500,0.00780744,0.00000000,0.20982490,0.33279210,1.20555000,0.00054945,0.00067155,0.00384615,0.02698410,3.69884800,3.29889800,1.79926600,1.10695900,0.61684920,1.10476100,0.79890030,0.72097620,3.30219400,3.30311000,0.79941320,4.93924000,4.93656000,0.00940170, 2, 255, 7, 24,0x50000,No,No,No,No,No,Yes,No,Yes
2026-04-11 15:25:38,0.0,1500,500,,500,500,44,,200,,,648,,52.1,0.7200,0.6000,0.6000,1.1000,0.00000000,0.07124290,0.12589500,0.00683151,0.00000000,0.21080090,0.33474400,1.22341000,0.00048840,0.00042735,0.00488400,0.02710620,3.69977600,3.29889800,1.79828900,1.10439400,0.61721550,1.10146400,0.80036550,0.72070740,3.30219400,3.30494200,0.79794790,4.93656000,4.94058000,0.00854700, 2, 255, 7, 24,0x50000,No,No,No,No,No,Yes,No,Yes
2026-04-11 15:25:40,0.0,1500,500,,500,500,43,,200,,,648,,51.6,0.7200,0.6000,0.6000,1.1000,0.02732604,0.06929103,0.12687090,0.00585558,0.00000000,0.22153610,0.33181620,1.20555000,0.00042735,0.00091575,0.00445665,0.02673990,3.70070400,3.35550300,1.80610300,1.10695900,0.61648290,1.10219700,0.80073180,0.72017020,3.29944700,3.30402600,0.79853400,4.94058000,4.94594000,0.00854700, 2, 255, 7, 24,0x50000,No,No,No,No,No,Yes,No,Yes
2026-04-11 15:25:42,0.0,1500,500,,500,500,43,,200,,,648,,52.1,0.7200,0.6000,0.6000,1.1000,0.05074836,0.11028010,0.15810070,0.00683151,0.00000000,0.21958430,0.33279210,1.20555000,0.00048840,0.00091575,0.00409035,0.02661780,3.69977600,3.30168200,1.80024200,1.10695900,0.61684920,1.10146400,0.79890030,0.71963300,3.30311000,3.30585700,0.79794790,4.90708000,4.91244000,0.00854700, 2, 255, 7, 24,0x50000,No,No,No,No,No,Yes,No,Yes
2026-04-11 15:25:44,0.0,1500,500,,500,500,44,,200,,,648,,52.1,0.7200,0.6000,0.6000,1.1000,0.00292779,0.06929103,0.13077460,0.00780744,0.00000000,0.20884900,0.33181620,1.20555000,0.00054945,0.00091575,0.00488400,0.02686200,3.69977600,3.30168200,1.79926600,1.10622600,0.61538400,1.10476100,0.80109810,0.72070740,3.30219400,3.30311000,0.79912020,4.93656000,4.94192000,0.00854700, 2, 255, 7, 24,0x50000,No,No,No,No,No,Yes,No,Yes
2026-04-11 15:25:46,0.0,1500,500,,500,500,44,,200,,,648,,50.5,0.7200,0.6000,0.6000,1.1000,0.00097593,0.07124290,0.12687090,0.00683151,0.00000000,0.21080090,0.33181620,1.20555000,0.00054945,0.00091575,0.00451770,0.02710620,3.69977600,3.31003300,1.80024200,1.11062200,0.61648290,1.10329600,0.79963290,0.72070740,3.29944700,3.30494200,0.79912020,4.93924000,4.93924000,0.00854700, 2, 255, 7, 24,0x50000,No,No,No,No,No,Yes,No,Yes
2026-04-11 15:25:48,0.0,1500,500,,500,500,44,,200,,,648,,52.1,0.7200,0.6000,0.6000,1.1000,0.00000000,0.06929103,0.12687090,0.00390372,0.00000000,0.21080090,0.33084030,1.20555000,0.00048840,0.00079365,0.00445665,0.02710620,3.70070400,3.32580900,1.79828900,1.10219700,0.61611660,1.10292900,0.79963290,0.72043880,3.30219400,3.30311000,0.79794790,4.93924000,4.94058000,0.00854700, 2, 255, 7, 24,0x50000,No,No,No,No,No,Yes,No,Yes
2026-04-11 15:25:51,0.0,1500,500,,500,500,44,,200,,,648,,50.5,0.7200,0.6000,0.6000,1.1000,0.00097593,0.07124290,0.12491900,0.00487965,0.00000000,0.21080090,0.32888840,1.21448000,0.00048840,0.00067155,0.00445665,0.02710620,3.69977600,3.30724900,1.78852100,1.10695900,0.61501770,1.10146400,0.79999920,0.72097620,3.30219400,3.30585700,0.79882700,4.94728000,4.94460000,0.00854700, 2, 255, 7, 24,0x50000,No,No,No,No,No,Yes,No,Yes
2026-04-11 15:25:53,0.0,1500,500,,500,500,43,,200,,,648,,50.5,0.7200,0.6000,0.6000,1.1000,0.05757987,0.07124290,0.12784680,0.00585558,0.00000000,0.21177680,0.33084030,1.21448000,0.00048840,0.00067155,0.00445665,0.02673990,3.69977600,3.30724900,1.79926600,1.10292900,0.61575030,1.10219700,0.79890030,0.72043880,3.30219400,3.30311000,0.79882700,4.92584000,4.92584000,0.00854700, 2, 255, 7, 24,0x50000,No,No,No,No,No,Yes,No,Yes
2026-04-11 15:25:55,0.0,1500,500,,500,500,44,,200,,,648,,52.1,0.7200,0.6000,0.6000,1.1000,0.00000000,0.06929103,0.12687090,0.00585558,0.00000000,0.21080090,0.33279210,1.21448000,0.00036630,0.00079365,0.00488400,0.02759460,3.69792000,3.30910500,1.80024200,1.10292900,0.61575030,1.10109800,0.80073180,0.72097620,3.30219400,3.30402600,0.79912020,4.94192000,4.94728000,0.00854700, 2, 255, 7, 24,0x50000,No,No,No,No,No,Yes,No,Yes
2026-04-11 15:25:57,0.0,1500,500,,500,500,44,,200,,,648,,51.0,0.7200,0.6000,0.6000,1.1000,0.00390372,0.07026696,0.12589500,0.00390372,0.00000000,0.22251200,0.33181620,1.20555000,0.00048840,0.00091575,0.00409035,0.02698410,3.69792000,3.30168200,1.80024200,1.10622600,0.61501770,1.10109800,0.79963290,0.72043880,3.30311000,3.30585700,0.79912020,4.94460000,4.94728000,0.00854700, 2, 255, 7, 24,0x50000,No,No,No,No,No,Yes,No,Yes
2026-04-11 15:25:59,0.0,1500,500,,500,500,44,,200,,,648,,52.1,0.7200,0.6000,0.6000,1.1000,0.00000000,0.07709848,0.12687090,0.00487965,0.00000000,0.20982490,0.33181620,1.20555000,0.00054945,0.00067155,0.00384615,0.02735040,3.70070400,3.30260900,1.79926600,1.10439400,0.61684920,1.10402800,0.79890030,0.72070740,3.30219400,3.30585700,0.79912020,4.93656000,4.94192000,0.00854700, 2, 255, 7, 24,0x50000,No,No,No,No,No,Yes,No,Yes
2026-04-11 15:26:01,0.0,1500,500,,500,500,44,,200,,,648,,51.0,0.7200,0.6000,0.6000,1.1000,0.00000000,0.07709848,0.12687090,0.00683151,0.00000000,0.21080090,0.33279210,1.21448000,0.00054945,0.00067155,0.00421245,0.02710620,3.69977600,3.31838500,1.78900900,1.10219700,0.61648290,1.10109800,0.80073180,0.72097620,3.30036300,3.30311000,0.79882700,4.93790000,4.94460000,0.00854700, 2, 255, 7, 24,0x50000,No,No,No,No,No,Yes,No,Yes
2026-04-11 15:26:03,0.0,1500,500,,500,500,44,,200,,,648,,51.6,0.7200,0.6000,0.6000,1.1000,0.02830197,0.07709848,0.12687090,0.00195186,0.00000000,0.20982490,0.33181620,1.20555000,0.00054945,0.00042735,0.00384615,0.02710620,3.69792000,3.30168200,1.79828900,1.10769100,0.61465140,1.10366200,0.80073180,0.72070740,3.29944700,3.30494200,0.79853400,4.94058000,4.94058000,0.00854700, 2, 255, 7, 24,0x50000,No,No,No,No,No,Yes,No,Yes
2026-04-11 15:26:06,0.0,1500,500,,500,500,44,,200,,,648,,51.6,0.7200,0.6000,0.6000,1.1000,0.00000000,0.07807440,0.12687090,0.00683151,0.00000000,0.20884900,0.33376810,1.21448000,0.00036630,0.00079365,0.00488400,0.02710620,3.70070400,3.32766400,1.79828900,1.10769100,0.61684920,1.10402800,0.79926660,0.72043880,3.30311000,3.30585700,0.79912020,4.94192000,4.94058000,0.00854700, 2, 255, 7, 24,0x50000,No,No,No,No,No,Yes,No,Yes
2026-04-11 15:26:08,0.0,1500,500,,500,500,44,,200,,,648,,52.7,0.7200,0.6000,0.6000,1.1000,0.00097593,0.07319475,0.12784680,0.00780744,0.00000000,0.20884900,0.33279210,1.20555000,0.00036630,0.00067155,0.00445665,0.02710620,3.69977600,3.30353800,1.78852100,1.10805800,0.61501770,1.10146400,0.79999920,0.72097620,3.30036300,3.30311000,0.79882700,4.92718000,4.94192000,0.00940170, 2, 255, 7, 24,0x50000,No,No,No,No,No,Yes,No,Yes
2026-04-11 15:26:10,0.0,1500,500,,500,500,44,,200,,,648,,52.1,0.7200,0.6000,0.6000,1.1000,0.00000000,0.07612254,0.12687090,0.00585558,0.00000000,0.21177680,0.33279210,1.21448000,0.00036630,0.00042735,0.00445665,0.02735040,3.70070400,3.31003300,1.79828900,1.10769100,0.61575030,1.10476100,0.79926660,0.72097620,3.30219400,3.30311000,0.79912020,4.93924000,4.94728000,0.00940170, 2, 255, 7, 24,0x50000,No,No,No,No,No,Yes,No,Yes
2026-04-11 15:26:12,0.0,1500,500,,500,500,44,,200,,,648,,51.6,0.7200,0.6000,0.6000,1.1000,0.04977243,0.06929103,0.12687090,0.00487965,0.00000000,0.21177680,0.33084030,1.20555000,0.00054945,0.00091575,0.00445665,0.02722830,3.70070400,3.32580900,1.79828900,1.10695900,0.61648290,1.10366200,0.79963290,0.72017020,3.29944700,3.30494200,0.79941320,4.92450000,4.91914000,0.00854700, 2, 255, 7, 24,0x50000,No,No,No,No,No,Yes,No,Yes
2026-04-11 15:26:14,0.0,1500,500,,500,500,44,,200,,,648,,50.5,0.7200,0.6000,0.6000,1.1000,0.00195186,0.07514661,0.12394310,0.00683151,0.00000000,0.22251200,0.33181620,1.19662000,0.00036630,0.00103785,0.00451770,0.02661780,3.70163200,3.31931300,1.81684800,1.10146400,0.61501770,1.10146400,0.79963290,0.72097620,3.30402600,3.30402600,0.79941320,4.94326000,4.94192000,0.00854700, 2, 255, 7, 24,0x50000,No,No,No,No,No,Yes,No,Yes
2026-04-11 15:26:16,0.0,1500,500,,500,500,43,,200,,,648,,52.1,0.7200,0.6000,0.6000,1.1000,0.05172429,0.06929103,0.12784680,0.00585558,0.00000000,0.21275270,0.33084030,1.20555000,0.00048840,0.00067155,0.00427350,0.02673990,3.69977600,3.31003300,1.79926600,1.10146400,0.61575030,1.10292900,0.80073180,0.72097620,3.30036300,3.30402600,0.79882700,4.92718000,4.92852000,0.00854700, 2, 255, 7, 24,0x50000,No,No,No,No,No,Yes,No,Yes
2026-04-11 15:26:18,0.0,1500,500,,500,500,44,,200,,,648,,51.0,0.7200,0.6000,0.6000,1.1000,0.00292779,0.06929103,0.12589500,0.00585558,0.00000000,0.21275270,0.33279210,1.21448000,0.00054945,0.00091575,0.00409035,0.02747250,3.70070400,3.30817700,1.79926600,1.10695900,0.61684920,1.10402800,0.79926660,0.72070740,3.29944700,3.30494200,0.79912020,4.93924000,4.93924000,0.00854700, 2, 255, 7, 24,0x50000,No,No,No,No,No,Yes,No,Yes
2026-04-11 15:26:21,0.0,1500,500,,500,500,44,,200,,,648,,51.0,0.7200,0.6000,0.6000,1.1000,0.00000000,0.07319475,0.12882280,0.00780744,0.00000000,0.21080090,0.33181620,1.20555000,0.00048840,0.00042735,0.00439560,0.02710620,3.70163200,3.30168200,1.79828900,1.10146400,0.61684920,1.10329600,0.79963290,0.72043880,3.30219400,3.30585700,0.79912020,4.93924000,4.94996000,0.00854700, 2, 255, 7, 24,0x50000,No,No,No,No,No,Yes,No,Yes
2026-04-11 15:26:23,0.0,1500,500,,500,500,44,,200,,,648,,51.6,0.7200,0.6000,0.6000,1.1000,0.04977243,0.06929103,0.12784680,0.00683151,0.00000000,0.21177680,0.33279210,1.21448000,0.00054945,0.00067155,0.00457875,0.02673990,3.69977600,3.31838500,1.79926600,1.10146400,0.61575030,1.10146400,0.80036550,0.72017020,3.30219400,3.30311000,0.79912020,4.90708000,4.91914000,0.00854700, 2, 255, 7, 24,0x50000,No,No,No,No,No,Yes,No,Yes
2026-04-11 15:26:25,0.0,1500,500,,500,500,44,,200,,,648,,52.1,0.7200,0.6000,0.6000,1.1000,0.00097593,0.06929103,0.12589500,0.00292779,0.00000000,0.22251200,0.32986440,1.19662000,0.00036630,0.00091575,0.00409035,0.02673990,3.70070400,3.31003300,1.80024200,1.10439400,0.61501770,1.10402800,0.80036550,0.72043880,3.30219400,3.30311000,0.79912020,4.93388000,4.93924000,0.00854700, 2, 255, 7, 24,0x50000,No,No,No,No,No,Yes,No,Yes
2026-04-11 15:26:27,0.0,1500,500,,500,500,44,,200,,,648,,52.1,0.7200,0.6000,0.6000,1.1000,0.00097593,0.07514661,0.12589500,0.00683151,0.00000000,0.22153610,0.33376810,1.20555000,0.00036630,0.00067155,0.00439560,0.02673990,3.69977600,3.30353800,1.81684800,1.10292900,0.61575030,1.10256300,0.79890030,0.72097620,3.30127900,3.30402600,0.79882700,4.94192000,4.94594000,0.00854700, 2, 255, 7, 24,0x50000,No,No,No,No,No,Yes,No,Yes
2026-04-11 15:26:29,0.0,1500,500,,500,500,43,,200,,,648,,52.1,0.7200,0.6000,0.6000,1.1000,0.04977243,0.11515970,0.15614880,0.00780744,0.00000000,0.21080090,0.33376810,1.21448000,0.00042735,0.00054945,0.00433455,0.02722830,3.69977600,3.29240200,1.78852100,1.10695900,0.61501770,1.10073200,0.79963290,0.72097620,3.30219400,3.30311000,0.79882700,4.92048000,4.90842000,0.00854700, 2, 255, 7, 24,0x50000,No,No,No,No,No,Yes,No,Yes
2026-04-11 15:26:31,0.0,1500,500,,500,500,43,,200,,,648,,51.6,0.7200,0.6000,0.6000,1.1000,0.00390372,0.07026696,0.12687090,0.00585558,0.00000000,0.21177680,0.33279210,1.19662000,0.00036630,0.00079365,0.00488400,0.02735040,3.69977600,3.29889800,1.79926600,1.11062200,0.61501770,1.10329600,0.79890030,0.72097620,3.30127900,3.30585700,0.79941320,4.92718000,4.93388000,0.00854700, 2, 255, 7, 24,0x50000,No,No,No,No,No,Yes,No,Yes
2026-04-11 15:26:33,0.0,1500,500,,500,500,43,,200,,,648,,52.7,0.7200,0.6000,0.6000,1.1000,0.00000000,0.07514661,0.12784680,0.00487965,0.00000000,0.22153610,0.32888840,1.20555000,0.00054945,0.00067155,0.00488400,0.02722830,3.69977600,3.31838500,1.81684800,1.10292900,0.61575030,1.10476100,0.79926660,0.72097620,3.30219400,3.30219400,0.79882700,4.92986000,4.93924000,0.00940170, 2, 255, 7, 24,0x50000,No,No,No,No,No,Yes,No,Yes
2026-04-11 15:26:35,0.0,1500,500,,500,500,44,,200,,,648,,51.6,0.7200,0.6000,0.6000,1.1000,0.00195186,0.07417068,0.12784680,0.00780744,0.00000000,0.22153610,0.33376810,1.20555000,0.00036630,0.00067155,0.00488400,0.02686200,3.69792000,3.29889800,1.79926600,1.10146400,0.61575030,1.10476100,0.79926660,0.72017020,3.30219400,3.30402600,0.79882700,4.93790000,4.94326000,0.00854700, 2, 255, 7, 24,0x50000,No,No,No,No,No,Yes,No,Yes
2026-04-11 15:26:38,0.0,1500,500,,500,500,44,,200,,,648,,52.1,0.7200,0.6000,0.6000,1.1000,0.00195186,0.08002626,0.12882280,0.00878337,0.00000000,0.21080090,0.33279210,1.21448000,0.00036630,0.00103785,0.00433455,0.02735040,3.69977600,3.31838500,1.81684800,1.10622600,0.61538400,1.10366200,0.79890030,0.72043880,3.30127900,3.30311000,0.79882700,4.94192000,4.94326000,0.00854700, 2, 255, 7, 24,0x50000,No,No,No,No,No,Yes,No,Yes
2026-04-11 15:26:40,0.0,1500,500,,500,500,44,,200,,,648,,51.0,0.7200,0.6000,0.6000,1.1000,0.05074836,0.07807440,0.12784680,0.00683151,0.00000000,0.20982490,0.33181620,1.21448000,0.00054945,0.00067155,0.00384615,0.02747250,3.69884800,3.31096100,1.78852100,1.10586000,0.61648290,1.10073200,0.80036550,0.72097620,3.30127900,3.30402600,0.79853400,4.92986000,4.93790000,0.00940170, 2, 255, 7, 24,0x50000,No,No,No,No,No,Yes,No,Yes
2026-04-11 15:26:42,0.0,1500,500,,500,500,44,,200,,,648,,51.6,0.7200,0.6000,0.6000,1.1000,0.00000000,0.06929103,0.12589500,0.00390372,0.00000000,0.21080090,0.33279210,1.21448000,0.00036630,0.00067155,0.00439560,0.02710620,3.69977600,3.31003300,1.79926600,1.10292900,0.61538400,1.10476100,0.79890030,0.72043880,3.30219400,3.30311000,0.79912020,4.93656000,4.93924000,0.00854700, 2, 255, 7, 24,0x50000,No,No,No,No,No,Yes,No,Yes
2026-04-11 15:26:44,0.0,1500,500,,500,500,44,,200,,,648,,52.1,0.7200,0.6000,0.6000,1.1000,0.06245952,0.07124290,0.12784680,0.00683151,0.00000000,0.20884900,0.33376810,1.21448000,0.00048840,0.00067155,0.00433455,0.02698410,3.69977600,3.30260900,1.79926600,1.10695900,0.61648290,1.10366200,0.79926660,0.72043880,3.30219400,3.30311000,0.79882700,4.92584000,4.92584000,0.00854700, 2, 255, 7, 24,0x50000,No,No,No,No,No,Yes,No,Yes
2026-04-11 15:26:46,0.0,1500,500,,500,500,44,,200,,,648,,51.6,0.7200,0.6000,0.6000,1.1000,0.04879650,0.06929103,0.12784680,0.01073523,0.00000000,0.20982490,0.33376810,1.20555000,0.00036630,0.00067155,0.00415140,0.02710620,3.69977600,3.31374500,1.78852100,1.10329600,0.61648290,1.10476100,0.79890030,0.72097620,3.30036300,3.30402600,0.79941320,4.92584000,4.92718000,0.00854700, 2, 255, 7, 24,0x50000,No,No,No,No,No,Yes,No,Yes
2026-04-11 15:26:48,0.0,1500,500,,500,500,44,,200,,,648,,51.0,0.7200,0.6000,0.6000,1.1000,0.06441138,0.06929103,0.12687090,0.00487965,0.00000000,0.20884900,0.33376810,1.20555000,0.00048840,0.00067155,0.00427350,0.02735040,3.69977600,3.29333000,1.81684800,1.10879000,0.61575030,1.10256300,0.79926660,0.72017020,3.30036300,3.30402600,0.79824100,4.92048000,4.92182000,0.00940170, 2, 255, 7, 24,0x50000,No,No,No,No,No,Yes,No,Yes
2026-04-11 15:26:51,0.0,1500,500,,500,500,44,,200,,,648,,52.7,0.7200,0.6000,0.6000,1.1000,0.00000000,0.06831510,0.12687090,0.00683151,0.00000000,0.23031950,0.33181620,1.21448000,0.00054945,0.00091575,0.00421245,0.02710620,3.70070400,3.31374500,1.79828900,1.10512700,0.61611660,1.10073200,0.80073180,0.72070740,3.30127900,3.30311000,0.79941320,4.92852000,4.93924000,0.00854700, 2, 255, 7, 24,0x50000,No,No,No,No,No,Yes,No,Yes
2026-04-11 15:26:53,0.0,1500,500,,500,500,44,,200,,,648,,51.0,0.7200,0.6000,0.6000,1.1000,0.04879650,0.06929103,0.12784680,0.00487965,0.00000000,0.20982490,0.33376810,1.20555000,0.00054945,0.00091575,0.00415140,0.02673990,3.70070400,3.31003300,1.79828900,1.10695900,0.61391880,1.10329600,0.79926660,0.72070740,3.29944700,3.30494200,0.79970620,4.93656000,4.93388000,0.00854700, 2, 255, 7, 24,0x50000,No,No,No,No,No,Yes,No,Yes
2026-04-11 15:26:55,0.0,1500,500,,500,500,44,,200,,,648,,50.5,0.7200,0.6000,0.6000,1.1000,0.00195186,0.06929103,0.12491900,0.00683151,0.00000000,0.20982490,0.33181620,1.21448000,0.00036630,0.00079365,0.00445665,0.02722830,3.69977600,3.32209700,1.79828900,1.10769100,0.61611660,1.10512700,0.80036550,0.72043880,3.29944700,3.30494200,0.79794790,4.93656000,4.93924000,0.00854700, 2, 255, 7, 24,0x50000,No,No,No,No,No,Yes,No,Yes
2026-04-11 15:26:57,0.2,1500,500,,500,500,44,,200,,,648,,52.7,0.7200,0.6000,0.6000,1.1000,0.04977243,0.07124290,0.12687090,0.00780744,0.00000000,0.21080090,0.33376810,1.22341000,0.00048840,0.00091575,0.00500610,0.02722830,3.69884800,3.31374500,1.79926600,1.10146400,0.61611660,1.10366200,0.79963290,0.72043880,3.30219400,3.30585700,0.79912020,4.92852000,4.93656000,0.00854700, 2, 255, 7, 24,0x50000,No,No,No,No,No,Yes,No,Yes
2026-04-11 15:26:59,0.0,1500,500,,500,500,44,,200,,,648,,51.6,0.7200,0.6000,0.6000,1.1000,0.00097593,0.07124290,0.12784680,0.00487965,0.00000000,0.20982490,0.33279210,1.19662000,0.00054945,0.00091575,0.00384615,0.02673990,3.69792000,3.31838500,1.80024200,1.10695900,0.61611660,1.10476100,0.79890030,0.72043880,3.30311000,3.30402600,0.79882700,4.94058000,4.93924000,0.00854700, 2, 255, 7, 24,0x50000,No,No,No,No,No,Yes,No,Yes
2026-04-11 15:27:01,0.0,1500,500,,500,500,44,,200,,,648,,51.6,0.7200,0.6000,0.6000,1.1000,0.00000000,0.07124290,0.12687090,0.01073523,0.00000000,0.20982490,0.33181620,1.20555000,0.00054945,0.00091575,0.00409035,0.02710620,3.69977600,3.31838500,1.80024200,1.10732500,0.61611660,1.10402800,0.79963290,0.72070740,3.29944700,3.30402600,0.79853400,4.93388000,4.93522000,0.00854700, 2, 255, 7, 24,0x50000,No,No,No,No,No,Yes,No,Yes
2026-04-11 15:27:03,0.0,1500,500,,500,500,44,,200,,,648,,52.1,0.7200,0.6000,0.6000,1.1000,0.05074836,0.08978556,0.12687090,0.00780744,0.00000000,0.22153610,0.33376810,1.20555000,0.00048840,0.00067155,0.00409035,0.02698410,3.69792000,3.32952100,1.80024200,1.11062200,0.61684920,1.10366200,0.80073180,0.72043880,3.30219400,3.30494200,0.79794790,4.92852000,4.93120000,0.00854700, 2, 255, 7, 24,0x50000,No,No,No,No,No,Yes,No,Yes
2026-04-11 15:27:06,0.0,1500,500,,500,500,44,,200,,,648,,52.1,0.7200,0.6000,0.6000,1.1000,0.04879650,0.07905034,0.12784680,0.00683151,0.00000000,0.21080090,0.33084030,1.20555000,0.00054945,0.00067155,0.00409035,0.02686200,3.69977600,3.31003300,1.78852100,1.10695900,0.61684920,1.10292900,0.79890030,0.72097620,3.30219400,3.30311000,0.79882700,4.92316000,4.91914000,0.00854700, 2, 255, 7, 24,0x50000,No,No,No,No,No,Yes,No,Yes
2026-04-11 15:27:08,0.0,1500,500,,500,500,44,,200,,,648,,50.5,0.7200,0.6000,0.6000,1.1000,0.00097593,0.07124290,0.12589500,0.00292779,0.00000000,0.20982490,0.33376810,1.21448000,0.00054945,0.00067155,0.00433455,0.02673990,3.69977600,3.30632200,1.80024200,1.10439400,0.61538400,1.10146400,0.79926660,0.72043880,3.30219400,3.30585700,0.79912020,4.92048000,4.90708000,0.00940170, 2, 255, 7, 24,0x50000,No,No,No,No,No,Yes,No,Yes
2026-04-11 15:27:10,0.0,1500,500,,500,500,44,,200,,,648,,52.1,0.7200,0.6000,0.6000,1.1000,0.00097593,0.07026696,0.12589500,0.00487965,0.00000000,0.20982490,0.33181620,1.21448000,0.00048840,0.00079365,0.00451770,0.02673990,3.70070400,3.31374500,1.79828900,1.10439400,0.61684920,1.10476100,0.79926660,0.72043880,3.30219400,3.30311000,0.79941320,4.93924000,4.94058000,0.00940170, 2, 255, 7, 24,0x50000,No,No,No,No,No,Yes,No,Yes
2026-04-11 15:27:12,0.2,1500,500,,500,500,44,,200,,,648,,51.0,0.7200,0.6000,0.6000,1.1000,0.00195186,0.06929103,0.12589500,0.00487965,0.00000000,0.21958430,0.33279210,1.21448000,0.00054945,0.00091575,0.00409035,0.02710620,3.69977600,3.30539300,1.80024200,1.10512700,0.61684920,1.10329600,0.79926660,0.72070740,3.30219400,3.30311000,0.79941320,4.93924000,4.93924000,0.00854700, 2, 255, 7, 24,0x50000,No,No,No,No,No,Yes,No,Yes
2026-04-11 15:27:14,0.0,1500,500,,500,500,44,,200,,,648,,51.0,0.7200,0.6000,0.6000,1.1000,0.00097593,0.07124290,0.12589500,0.00683151,0.00000000,0.20884900,0.33376810,1.20555000,0.00048840,0.00091575,0.00445665,0.02735040,3.70163200,3.31281700,1.79828900,1.10805800,0.61611660,1.10219700,0.79890030,0.72043880,3.29944700,3.30311000,0.79912020,4.90708000,4.89770000,0.00854700, 2, 255, 7, 24,0x50000,No,No,No,No,No,Yes,No,Yes
2026-04-11 15:27:16,0.0,1500,500,,500,500,44,,200,,,648,,52.7,0.7200,0.6000,0.6000,1.1000,0.05562801,0.10832820,0.15907660,0.00683151,0.00000000,0.21080090,0.33279210,1.21448000,0.00054945,0.00079365,0.00494505,0.02710620,3.70163200,3.32580900,1.79828900,1.10439400,0.61648290,1.10329600,0.79963290,0.72070740,3.30311000,3.30494200,0.79970620,4.90440000,4.91110000,0.00854700, 2, 255, 7, 24,0x50000,No,No,No,No,No,Yes,No,Yes
2026-04-11 15:27:18,0.0,1500,500,,500,500,44,,200,,,648,,52.1,0.7200,0.6000,0.6000,1.1000,0.04879650,0.06929103,0.12687090,0.00585558,0.00000000,0.20884900,0.33084030,1.21448000,0.00036630,0.00091575,0.00427350,0.02698410,3.69977600,3.30168200,1.80024200,1.10366200,0.61501770,1.10476100,0.79999920,0.72097620,3.30219400,3.30402600,0.79882700,4.92182000,4.92316000,0.00940170, 2, 255, 7, 24,0x50000,No,No,No,No,No,Yes,No,Yes
2026-04-11 15:27:20,0.0,1500,500,,500,500,43,,200,,,648,,51.0,0.7200,0.6000,0.6000,1.1000,0.05465208,0.07026696,0.12784680,0.00585558,0.00000000,0.20982490,0.33279210,1.22341000,0.00036630,0.00079365,0.00451770,0.02673990,3.70070400,3.31838500,1.80024200,1.10439400,0.61684920,1.10476100,0.80036550,0.72043880,3.30219400,3.30402600,0.79882700,4.92852000,4.90842000,0.00854700, 2, 255, 7, 24,0x50000,No,No,No,No,No,Yes,No,Yes
2026-04-11 15:27:23,0.0,1500,500,,500,500,44,,200,,,648,,52.1,0.7200,0.6000,0.6000,1.1000,0.05172429,0.07612254,0.12589500,0.00585558,0.00000000,0.22056020,0.33181620,1.20555000,0.00054945,0.00067155,0.00439560,0.02673990,3.69977600,3.30168200,1.78852100,1.10439400,0.61648290,1.10292900,0.79999920,0.72043880,3.30219400,3.30311000,0.79882700,4.92852000,4.93388000,0.00854700, 2, 255, 7, 24,0x50000,No,No,No,No,No,Yes,No,Yes
2026-04-11 15:27:25,0.0,1500,500,,500,500,43,,200,,,648,,50.5,0.7200,0.6000,0.6000,1.1000,0.04977243,0.07221882,0.12882280,0.00487965,0.00000000,0.23422320,0.33279210,1.21448000,0.00054945,0.00091575,0.00384615,0.02735040,3.69884800,3.31374500,1.80610300,1.10879000,0.61648290,1.10329600,0.79999920,0.72043880,3.30127900,3.30402600,0.79941320,4.92450000,4.92718000,0.00854700, 2, 255, 7, 24,0x50000,No,No,No,No,No,Yes,No,Yes
2026-04-11 15:27:27,0.0,1500,500,,500,500,44,,200,,,648,,51.0,0.7200,0.6000,0.6000,1.1000,0.00097593,0.08002626,0.12589500,0.00487965,0.00000000,0.20982490,0.32986440,1.20555000,0.00054945,0.00079365,0.00421245,0.02710620,3.69699300,3.35550300,1.80610300,1.10769100,0.61538400,1.10109800,0.80073180,0.72070740,3.30127900,3.30219400,0.79882700,4.88698000,4.91110000,0.00854700, 2, 255, 7, 24,0x50000,No,No,No,No,No,Yes,No,Yes
2026-04-11 15:27:29,0.0,1500,500,,500,500,43,,200,,,648,,51.0,0.7200,0.6000,0.6000,1.1000,0.00292779,0.07124290,0.12784680,0.00292779,0.00000000,0.20982490,0.32986440,1.20555000,0.00054945,0.00091575,0.00409035,0.02710620,3.70070400,3.31374500,1.79828900,1.10769100,0.61611660,1.10146400,0.80036550,0.72070740,3.30219400,3.30494200,0.79912020,4.94058000,4.93924000,0.00854700, 2, 255, 7, 24,0x50000,No,No,No,No,No,Yes,No,Yes
2026-04-11 15:27:31,0.0,1500,500,,500,500,44,,200,,,648,,52.1,0.7200,0.6000,0.6000,1.1000,0.04879650,0.06929103,0.12687090,0.00780744,0.00000000,0.21080090,0.33376810,1.21448000,0.00036630,0.00079365,0.00439560,0.02747250,3.69977600,3.31467300,1.79828900,1.10476100,0.61575030,1.10366200,0.79999920,0.72070740,3.29944700,3.30494200,0.79912020,4.91914000,4.93120000,0.00940170, 2, 255, 7, 24,0x50000,No,No,No,No,No,Yes,No,Yes
2026-04-11 15:27:33,0.0,1500,500,,500,500,43,,200,,,648,,50.5,0.7200,0.6000,0.6000,1.1000,0.00292779,0.06929103,0.12784680,0.00780744,0.00000000,0.21080090,0.33279210,1.21448000,0.00054945,0.00091575,0.00433455,0.02735040,3.70070400,3.31096100,1.79828900,1.10769100,0.61721550,1.10146400,0.79999920,0.72070740,3.29944700,3.30494200,0.79941320,4.93522000,4.94996000,0.00854700, 2, 255, 7, 24,0x50000,No,No,No,No,No,Yes,No,Yes
2026-04-11 15:27:35,0.0,1500,500,,500,500,44,,200,,,648,,52.1,0.7200,0.6000,0.6000,1.1000,0.04782057,0.06929103,0.12589500,0.00585558,0.00000000,0.20884900,0.33376810,1.21448000,0.00054945,0.00091575,0.00494505,0.02710620,3.69977600,3.32952100,1.79828900,1.10769100,0.61648290,1.10073200,0.79890030,0.72070740,3.30219400,3.30494200,0.79941320,4.94460000,4.94594000,0.00854700, 2, 255, 7, 24,0x50000,No,No,No,No,No,Yes,No,Yes
2026-04-11 15:27:38,0.0,1500,500,,500,500,44,,200,,,648,,50.5,0.7200,0.6000,0.6000,1.1000,0.00000000,0.07026696,0.12687090,0.00487965,0.00000000,0.20884900,0.33376810,1.20555000,0.00036630,0.00042735,0.00488400,0.02673990,3.70070400,3.32952100,1.79828900,1.10769100,0.61611660,1.10329600,0.79926660,0.72070740,3.30219400,3.30494200,0.79912020,4.93924000,4.94058000,0.00854700, 2, 255, 7, 24,0x50000,No,No,No,No,No,Yes,No,Yes
2026-04-11 15:27:40,0.0,1500,500,,500,500,44,,200,,,648,,52.1,0.7200,0.6000,0.6000,1.1000,0.00195186,0.06929103,0.12882280,0.00292779,0.00000000,0.20982490,0.33376810,1.20555000,0.00054945,0.00091575,0.00409035,0.02710620,3.69884800,3.31838500,1.80024200,1.10695900,0.61648290,1.10146400,0.79963290,0.72070740,3.30311000,3.30494200,0.79941320,4.93522000,4.94326000,0.00854700, 2, 255, 7, 24,0x50000,No,No,No,No,No,Yes,No,Yes
2026-04-11 15:27:42,0.0,1500,500,,500,500,44,,200,,,648,,52.1,0.7200,0.6000,0.6000,1.1000,0.00097593,0.07417068,0.12784680,0.02049453,0.00000000,0.22056020,0.33571990,1.21448000,0.00054945,0.00067155,0.00427350,0.02673990,3.69977600,3.29982600,1.78852100,1.10769100,0.61648290,1.10146400,0.79890030,0.72097620,3.30219400,3.30311000,0.79882700,4.94728000,4.92852000,0.00854700, 2, 255, 7, 24,0x50000,No,No,No,No,No,Yes,No,Yes
2026-04-11 15:27:44,0.0,1500,500,,500,500,44,,200,,,648,,52.1,0.7200,0.6000,0.6000,1.1000,0.06636324,0.07124290,0.12687090,0.00585558,0.00000000,0.21665650,0.44697600,1.20555000,0.00048840,0.00091575,0.00384615,0.02735040,3.69977600,3.31931300,1.80024200,1.10769100,0.61648290,1.10292900,0.80073180,0.72070740,3.30219400,3.30311000,0.79970620,4.93924000,4.93924000,0.00854700, 2, 255, 7, 24,0x50000,No,No,No,No,No,Yes,No,Yes
2026-04-11 15:27:46,0.0,1500,500,,500,500,44,,200,,,648,,51.6,0.7200,0.6000,0.6000,1.1000,0.00000000,0.07026696,0.12687090,0.00683151,0.00000000,0.22934360,0.33084030,1.21448000,0.00048840,0.00042735,0.00445665,0.02698410,3.69977600,3.31838500,1.79828900,1.10476100,0.61648290,1.10549400,0.79999920,0.72043880,3.30219400,3.30311000,0.79912020,4.94728000,4.94058000,0.00854700, 2, 255, 7, 24,0x50000,No,No,No,No,No,Yes,No,Yes
2026-04-11 15:27:48,0.0,1500,500,,500,500,43,,200,,,648,,51.6,0.7200,0.6000,0.6000,1.1000,0.00000000,0.07319475,0.12589500,0.00780744,0.00000000,0.20982490,0.33376810,1.20555000,0.00036630,0.00079365,0.00409035,0.02735040,3.70070400,3.31467300,1.80024200,1.10476100,0.61684920,1.10146400,0.79743510,0.71963300,3.29944700,3.30402600,0.79912020,4.93120000,4.93924000,0.00854700, 2, 255, 7, 24,0x50000,No,No,No,No,No,Yes,No,Yes
2026-04-11 15:27:50,0.0,1500,500,,500,500,44,,200,,,648,,51.0,0.7200,0.6000,0.6000,1.1000,0.00292779,0.06929103,0.12882280,0.00390372,0.00000000,0.21080090,0.33279210,1.21448000,0.00054945,0.00091575,0.00433455,0.02747250,3.69977600,3.32952100,1.80024200,1.10695900,0.61538400,1.10219700,0.79926660,0.72043880,3.30219400,3.30585700,0.79941320,4.94192000,4.93924000,0.00940170, 2, 255, 7, 24,0x50000,No,No,No,No,No,Yes,No,Yes
2026-04-11 15:27:53,0.0,1500,500,,500,500,44,,200,,,648,,50.5,0.7200,0.6000,0.6000,1.1000,0.00097593,0.07124290,0.12589500,0.00487965,0.00000000,0.20884900,0.33279210,1.21448000,0.00054945,0.00067155,0.00384615,0.02759460,3.69977600,3.30168200,1.79926600,1.10219700,0.61391880,1.10292900,0.79890030,0.72097620,3.30219400,3.30311000,0.79912020,4.93388000,4.93924000,0.00854700, 2, 255, 7, 24,0x50000,No,No,No,No,No,Yes,No,Yes
2026-04-11 15:27:55,0.0,1500,500,,500,500,44,,200,,,648,,52.7,0.7200,0.6000,0.6000,1.1000,0.00195186,0.06831510,0.12589500,0.00487965,0.00000000,0.20884900,0.33474400,1.22341000,0.00036630,0.00042735,0.00409035,0.02710620,3.70070400,3.32580900,1.79828900,1.10439400,0.61465140,1.10549400,0.79890030,0.72043880,3.30219400,3.30311000,0.79912020,4.93388000,4.94058000,0.00854700, 2, 255, 7, 24,0x50000,No,No,No,No,No,Yes,No,Yes
2026-04-11 15:27:57,0.0,1500,500,,500,500,44,,200,,,648,,52.1,0.7200,0.6000,0.6000,1.1000,0.00000000,0.06929103,0.12589500,0.00683151,0.00000000,0.20982490,0.33279210,1.21448000,0.00054945,0.00091575,0.00384615,0.02722830,3.70070400,3.31374500,1.80024200,1.10769100,0.61648290,1.10292900,0.79963290,0.72043880,3.30219400,3.30494200,0.79941320,4.93924000,4.93924000,0.00854700, 2, 255, 7, 24,0x50000,No,No,No,No,No,Yes,No,Yes
2026-04-11 15:27:59,0.0,1500,500,,500,500,43,,200,,,648,,51.0,0.7200,0.6000,0.6000,1.1000,0.00097593,0.07319475,0.12491900,0.00487965,0.00000000,0.21177680,0.33181620,1.21448000,0.00054945,0.00067155,0.00384615,0.02673990,3.69792000,3.30724900,1.79926600,1.10695900,0.61538400,1.10476100,0.79926660,0.72070740,3.30219400,3.30311000,0.79941320,4.94460000,4.94192000,0.00854700, 2, 255, 7, 24,0x50000,No,No,No,No,No,Yes,No,Yes
2026-04-11 15:28:01,0.0,1500,500,,500,500,44,,200,,,648,,51.0,0.7200,0.6000,0.6000,1.1000,0.00195186,0.06929103,0.12784680,0.00390372,0.00000000,0.21080090,0.33279210,1.21448000,0.00054945,0.00091575,0.00445665,0.02735040,3.70070400,3.30910500,1.80024200,1.10219700,0.61501770,1.10476100,0.79926660,0.72043880,3.30311000,3.30402600,0.79794790,4.93924000,4.93924000,0.00854700, 2, 255, 7, 24,0x50000,No,No,No,No,No,Yes,No,Yes
2026-04-11 15:28:03,0.0,1500,500,,500,500,44,,200,,,648,,51.0,0.7200,0.6000,0.6000,1.1000,0.00097593,0.10832820,0.15907660,0.00683151,0.00000000,0.20884900,0.33474400,1.20555000,0.00036630,0.00042735,0.00445665,0.02710620,3.69977600,3.31096100,1.80610300,1.10439400,0.61611660,1.10476100,0.79926660,0.72070740,3.30219400,3.30311000,0.79794790,4.91780000,4.91378000,0.00940170, 2, 255, 7, 24,0x50000,No,No,No,No,No,Yes,No,Yes
2026-04-11 15:28:05,0.0,1500,500,,500,500,43,,200,,,648,,52.1,0.7200,0.6000,0.6000,1.1000,0.00097593,0.07514661,0.12687090,0.00585558,0.00000000,0.23129540,0.33279210,1.21448000,0.00054945,0.00067155,0.00445665,0.02698410,3.70070400,3.31374500,1.79926600,1.10695900,0.61684920,1.10146400,0.79926660,0.72043880,3.30219400,3.30311000,0.79912020,4.94728000,4.94058000,0.00854700, 2, 255, 7, 24,0x50000,No,No,No,No,No,Yes,No,Yes
2026-04-11 15:28:08,0.0,1500,500,,500,500,43,,200,,,648,,51.0,0.7200,0.6000,0.6000,1.1000,0.00195186,0.07319475,0.12784680,0.00683151,0.00000000,0.21275270,0.33376810,1.20555000,0.00048840,0.00091575,0.00384615,0.02710620,3.69977600,3.29982600,1.78852100,1.10622600,0.61721550,1.10329600,0.79963290,0.72043880,3.30219400,3.30311000,0.79882700,4.92718000,4.94192000,0.00940170, 2, 255, 7, 24,0x50000,No,No,No,No,No,Yes,No,Yes
2026-04-11 15:28:10,0.0,1500,500,,500,500,44,,200,,,648,,52.1,0.7200,0.6000,0.6000,1.1000,0.00000000,0.07124290,0.12687090,0.00683151,0.00000000,0.20787310,0.33279210,1.21448000,0.00048840,0.00079365,0.00445665,0.02686200,3.70070400,3.31931300,1.79828900,1.10549400,0.61575030,1.10512700,0.79890030,0.72070740,3.30219400,3.30402600,0.79912020,4.93924000,4.93924000,0.00854700, 2, 255, 7, 24,0x50000,No,No,No,No,No,Yes,No,Yes
2026-04-11 15:28:12,0.0,1500,500,,500,500,44,,200,,,648,,52.7,0.7200,0.6000,0.6000,1.1000,0.00000000,0.07221882,0.12687090,0.01073523,0.00000000,0.21275270,0.33084030,1.21448000,0.00036630,0.00067155,0.00427350,0.02698410,3.69977600,3.30724900,1.81684800,1.10769100,0.61611660,1.10073200,0.80036550,0.72097620,3.30127900,3.30402600,0.79882700,4.92986000,4.92718000,0.00940170, 2, 255, 7, 24,0x50000,No,No,No,No,No,Yes,No,Yes
2026-04-11 15:28:14,0.0,1500,500,,500,500,44,,200,,,648,,51.6,0.7200,0.6000,0.6000,1.1000,0.00292779,0.07417068,0.12784680,0.00292779,0.00000000,0.21177680,0.32888840,1.22341000,0.00054945,0.00091575,0.00409035,0.02673990,3.69977600,3.31838500,1.80024200,1.10292900,0.61391880,1.10512700,0.80073180,0.72017020,3.30311000,3.30402600,0.79912020,4.93388000,4.94058000,0.00940170, 2, 255, 7, 24,0x50000,No,No,No,No,No,Yes,No,Yes
2026-04-11 15:28:16,0.0,1500,500,,500,500,44,,200,,,648,,52.7,0.7200,0.6000,0.6000,1.1000,0.00000000,0.07319475,0.12687090,0.00487965,0.00000000,0.20884900,0.43916850,1.22341000,0.00036630,0.00079365,0.00445665,0.02698410,3.70070400,3.30632200,1.80024200,1.10769100,0.61465140,1.10292900,0.79890030,0.72043880,3.30311000,3.30494200,0.79912020,4.94728000,4.94460000,0.00854700, 2, 255, 7, 24,0x50000,No,No,No,No,No,Yes,No,Yes
2026-04-11 15:28:18,0.0,1500,500,,500,500,44,,200,,,648,,52.1,0.7200,0.6000,0.6000,1.1000,0.00000000,0.07514661,0.12687090,0.00487965,0.00000000,0.21177680,0.33279210,1.22341000,0.00048840,0.00091575,0.00409035,0.02747250,3.69977600,3.30724900,1.79926600,1.10366200,0.61648290,1.10146400,0.79926660,0.72070740,3.30219400,3.30402600,0.79882700,4.92986000,4.93656000,0.00854700, 2, 255, 7, 24,0x50000,No,No,No,No,No,Yes,No,Yes
2026-04-11 15:28:20,0.0,1500,500,,500,500,44,,200,,,648,,53.2,0.7200,0.6000,0.6000,1.1000,0.06538731,0.07514661,0.12687090,0.00487965,0.00000000,0.22056020,0.33376810,1.22341000,0.00054945,0.00067155,0.00427350,0.02710620,3.69977600,3.31003300,1.78852100,1.10732500,0.61575030,1.10366200,0.79926660,0.72097620,3.30219400,3.30402600,0.79882700,4.93656000,4.94460000,0.00854700, 2, 255, 7, 24,0x50000,No,No,No,No,No,Yes,No,Yes
2026-04-11 15:28:22,0.0,1500,500,,500,500,44,,200,,,648,,52.1,0.7200,0.6000,0.6000,1.1000,0.00097593,0.07514661,0.12882280,0.00780744,0.00000000,0.20884900,0.33279210,1.21448000,0.00054945,0.00091575,0.00488400,0.02710620,3.69977600,3.31838500,1.80024200,1.10732500,0.61611660,1.10073200,0.80073180,0.72043880,3.30219400,3.30494200,0.79912020,4.93924000,4.93924000,0.00854700, 2, 255, 7, 24,0x50000,No,No,No,No,No,Yes,No,Yes
2026-04-11 15:28:25,0.0,1500,500,,500,500,43,,200,,,648,,52.7,0.7200,0.6000,0.6000,1.1000,0.00097593,0.06929103,0.12687090,0.00683151,0.00000000,0.21080090,0.33376810,1.22341000,0.00054945,0.00067155,0.00427350,0.02710620,3.69884800,3.31467300,1.78852100,1.10805800,0.61648290,1.10292900,0.79963290,0.72097620,3.30219400,3.30402600,0.79912020,4.92718000,4.94460000,0.00940170, 2, 255, 7, 24,0x50000,No,No,No,No,No,Yes,No,Yes
2026-04-11 15:28:27,0.0,1500,500,,500,500,44,,200,,,648,,51.6,0.7200,0.6000,0.6000,1.1000,0.00000000,0.07221882,0.12784680,0.00780744,0.00000000,0.21080090,0.33084030,1.20555000,0.00048840,0.00067155,0.00427350,0.02710620,3.69977600,3.30724900,1.78900900,1.10622600,0.61575030,1.10476100,0.79963290,0.72097620,3.30036300,3.30402600,0.79882700,4.92718000,4.92718000,0.00940170, 2, 255, 7, 24,0x50000,No,No,No,No,No,Yes,No,Yes
2026-04-11 15:28:29,0.0,1500,500,,500,500,44,,200,,,648,,51.0,0.7200,0.6000,0.6000,1.1000,0.00000000,0.07026696,0.12491900,0.00683151,0.00000000,0.20884900,0.33084030,1.20555000,0.00048840,0.00091575,0.00488400,0.02735040,3.69977600,3.30910500,1.80024200,1.10915600,0.61684920,1.10366200,0.79890030,0.72043880,3.30219400,3.30402600,0.79882700,4.94460000,4.94996000,0.00854700, 2, 255, 7, 24,0x50000,No,No,No,No,No,Yes,No,Yes
2026-04-11 15:28:31,0.0,1500,500,,500,500,43,,200,,,648,,52.1,0.7200,0.6000,0.6000,1.1000,0.02342232,0.08002626,0.12687090,0.00487965,0.00000000,0.20982490,0.33474400,1.22341000,0.00048840,0.00091575,0.00439560,0.02710620,3.69792000,3.30168200,1.80024200,1.10512700,0.61611660,1.10219700,0.79963290,0.72043880,3.30219400,3.30585700,0.79912020,4.93924000,4.93924000,0.00854700, 2, 255, 7, 24,0x50000,No,No,No,No,No,Yes,No,Yes
2026-04-11 15:28:33,0.0,1500,500,,500,500,44,,200,,,648,,51.0,0.7200,0.6000,0.6000,1.1000,0.00000000,0.07124290,0.12882280,0.00585558,0.00000000,0.20982490,0.32986440,1.22341000,0.00048840,0.00091575,0.00384615,0.02722830,3.69977600,3.30539300,1.80024200,1.11062200,0.61684920,1.10366200,0.79963290,0.72043880,3.30311000,3.30494200,0.79941320,4.91914000,4.93924000,0.00940170, 2, 255, 7, 24,0x50000,No,No,No,No,No,Yes,No,Yes
2026-04-11 15:28:35,0.0,1500,500,,500,500,44,,200,,,648,,52.1,0.7200,0.6000,0.6000,1.1000,0.00195186,0.06929103,0.12491900,0.00683151,0.00000000,0.21080090,0.33181620,1.21448000,0.00054945,0.00091575,0.00409035,0.02735040,3.70070400,3.32580900,1.80024200,1.10292900,0.61648290,1.10292900,0.80073180,0.72070740,3.29944700,3.30494200,0.79941320,4.94996000,4.94326000,0.00854700, 2, 255, 7, 24,0x50000,No,No,No,No,No,Yes,No,Yes
2026-04-11 15:28:37,0.0,1500,500,,500,500,44,,200,,,648,,52.7,0.7200,0.6000,0.6000,1.1000,0.00000000,0.07221882,0.12589500,0.00487965,0.00000000,0.20787310,0.33084030,1.21448000,0.00048840,0.00079365,0.00494505,0.02710620,3.70070400,3.32580900,1.80024200,1.10476100,0.61648290,1.10183000,0.80036550,0.72043880,3.30219400,3.30585700,0.79794790,4.93924000,4.94058000,0.00854700, 2, 255, 7, 24,0x50000,No,No,No,No,No,Yes,No,Yes
2026-04-11 15:28:40,0.0,1500,500,,500,500,44,,200,,,648,,52.7,0.7200,0.6000,0.6000,1.1000,0.00097593,0.07026696,0.12882280,0.00487965,0.00000000,0.22934360,0.33279210,1.21448000,0.00061050,0.00067155,0.00439560,0.02710620,3.69977600,3.29982600,1.78852100,1.10622600,0.61538400,1.10476100,0.80073180,0.72043880,3.30219400,3.30311000,0.79882700,4.93790000,4.94326000,0.00940170, 2, 255, 7, 24,0x50000,No,No,No,No,No,Yes,No,Yes
2026-04-11 15:28:42,0.0,1500,500,,500,500,44,,200,,,648,,51.0,0.7200,0.6000,0.6000,1.1000,0.00097593,0.07026696,0.12882280,0.00487965,0.00000000,0.23519910,0.33181620,1.21448000,0.00036630,0.00042735,0.00445665,0.02686200,3.70163200,3.31188900,1.79828900,1.10805800,0.61501770,1.10073200,0.79926660,0.72070740,3.30311000,3.30494200,0.79941320,4.93924000,4.94996000,0.00940170, 2, 255, 7, 24,0x50000,No,No,No,No,No,Yes,No,Yes
2026-04-11 15:28:44,0.0,1500,500,,500,500,43,,200,,,648,,52.7,0.7200,0.6000,0.6000,1.1000,0.00195186,0.08295405,0.12784680,0.00780744,0.00000000,0.20982490,0.33181620,1.20555000,0.00036630,0.00079365,0.00488400,0.02710620,3.69977600,3.30168200,1.80024200,1.10732500,0.61465140,1.10146400,0.80036550,0.72097620,3.30219400,3.30494200,0.79970620,4.93924000,4.93924000,0.00940170, 2, 255, 7, 24,0x50000,No,No,No,No,No,Yes,No,Yes
2026-04-11 15:28:46,0.0,1500,500,,500,500,44,,200,,,648,,51.0,0.7200,0.6000,0.6000,1.1000,0.04977243,0.08490592,0.12589500,0.01073523,0.00000000,0.21177680,0.33376810,1.21448000,0.00036630,0.00079365,0.00409035,0.02686200,3.68121700,3.29982600,1.80024200,1.10439400,0.61428510,1.10256300,0.79890030,0.72097620,3.30219400,3.30585700,0.79912020,4.93924000,4.93924000,0.00854700, 2, 255, 7, 24,0x50000,No,No,No,No,No,Yes,No,Yes
2026-04-11 15:28:48,0.0,1500,500,,500,500,44,,200,,,648,,52.1,0.7200,0.6000,0.6000,1.1000,0.00292779,0.06929103,0.12687090,0.00683151,0.00000000,0.21177680,0.33571990,1.21448000,0.00036630,0.00067155,0.00488400,0.02747250,3.69977600,3.31838500,1.78852100,1.10292900,0.61501770,1.10512700,0.80073180,0.72017020,3.30219400,3.30402600,0.79882700,4.94728000,4.94728000,0.00940170, 2, 255, 7, 24,0x50000,No,No,No,No,No,Yes,No,Yes
2026-04-11 15:28:50,0.0,1500,500,,500,500,43,,200,,,648,,51.0,0.7200,0.6000,0.6000,1.1000,0.00097593,0.10832820,0.15712470,0.00780744,0.00000000,0.20884900,0.33279210,1.22341000,0.00054945,0.00091575,0.00421245,0.02686200,3.69884800,3.32580900,1.79828900,1.10366200,0.61465140,1.10146400,0.80073180,0.72043880,3.30127900,3.30402600,0.79941320,4.91378000,4.91914000,0.00854700, 2, 255, 7, 24,0x50000,No,No,No,No,No,Yes,No,Yes
2026-04-11 15:28:52,0.0,1500,500,,500,500,44,,200,,,648,,51.6,0.7200,0.6000,0.6000,1.1000,0.00097593,0.07417068,0.12687090,0.00487965,0.00000000,0.21080090,0.33181620,1.22341000,0.00036630,0.00042735,0.00445665,0.02673990,3.69977600,3.32766400,1.79828900,1.10769100,0.61611660,1.10146400,0.79963290,0.72070740,3.30219400,3.30494200,0.79912020,4.93388000,4.93522000,0.00854700, 2, 255, 7, 24,0x50000,No,No,No,No,No,Yes,No,Yes
2026-04-11 15:28:55,0.0,1500,500,,500,500,43,,200,,,648,,52.7,0.7200,0.6000,0.6000,1.1000,0.00097593,0.07221882,0.12784680,0.00683151,0.00000000,0.22251200,0.33376810,1.21448000,0.00054945,0.00067155,0.00488400,0.02698410,3.70163200,3.31003300,1.79926600,1.10695900,0.61611660,1.10329600,0.79999920,0.72097620,3.30219400,3.30311000,0.79882700,4.94192000,4.94728000,0.00854700, 2, 255, 7, 24,0x50000,No,No,No,No,No,Yes,No,Yes
2026-04-11 15:28:57,0.0,1500,500,,500,500,43,,200,,,648,,51.0,0.7200,0.6000,0.6000,1.1000,0.00097593,0.07514661,0.12687090,0.00683151,0.00000000,0.22153610,0.33279210,1.20555000,0.00054945,0.00067155,0.00409035,0.02735040,3.69884800,3.30910500,1.78900900,1.10622600,0.61721550,1.10146400,0.80036550,0.72097620,3.30219400,3.30768900,0.79912020,4.93656000,4.93656000,0.00854700, 2, 255, 7, 24,0x50000,No,No,No,No,No,Yes,No,Yes
2026-04-11 15:28:59,0.0,1500,500,,500,500,44,,200,,,648,,52.7,0.7200,0.6000,0.6000,1.1000,0.04879650,0.07807440,0.12589500,0.00683151,0.00000000,0.21177680,0.33376810,1.21448000,0.00036630,0.00042735,0.00409035,0.02698410,3.71926400,3.31374500,1.79828900,1.10219700,0.61501770,1.10109800,0.80036550,0.72043880,3.30219400,3.30402600,0.79912020,4.94728000,4.94460000,0.00854700, 2, 255, 7, 24,0x50000,No,No,No,No,No,Yes,No,Yes
2026-04-11 15:29:01,0.0,1500,500,,500,500,44,,200,,,648,,50.5,0.7200,0.6000,0.6000,1.1000,0.00097593,0.06929103,0.12687090,0.00292779,0.00000000,0.20982490,0.33279210,1.21448000,0.00054945,0.00067155,0.00409035,0.02673990,3.69977600,3.30168200,1.79926600,1.10439400,0.61575030,1.10476100,0.79890030,0.72043880,3.30219400,3.30402600,0.79912020,4.93924000,4.93924000,0.00854700, 2, 255, 7, 24,0x50000,No,No,No,No,No,Yes,No,Yes
2026-04-11 15:29:03,0.0,1500,500,,500,500,44,,200,,,648,,52.1,0.7200,0.6000,0.6000,1.1000,0.00000000,0.07417068,0.12687090,0.00780744,0.00000000,0.20982490,0.33181620,1.22341000,0.00036630,0.00067155,0.00427350,0.02673990,3.69977600,3.30724900,1.79535800,1.10695900,0.61648290,1.10256300,0.79890030,0.72043880,3.30036300,3.30402600,0.79882700,4.93790000,4.92718000,0.00940170, 2, 255, 7, 24,0x50000,No,No,No,No,No,Yes,No,Yes
2026-04-11 15:29:05,0.0,1500,500,,500,500,44,,200,,,648,,52.1,0.7200,0.6000,0.6000,1.1000,0.00195186,0.07417068,0.12687090,0.00487965,0.00000000,0.22153610,0.33279210,1.20555000,0.00042735,0.00079365,0.00445665,0.02722830,3.69884800,3.29889800,1.80610300,1.10695900,0.61648290,1.10549400,0.79999920,0.72017020,3.30127900,3.30402600,0.79941320,4.93522000,4.92450000,0.00854700, 2, 255, 7, 24,0x50000,No,No,No,No,No,Yes,No,Yes
2026-04-11 15:29:07,0.0,1500,500,,500,500,44,,200,,,648,,52.1,0.7200,0.6000,0.6000,1.1000,0.00195186,0.07319475,0.12687090,0.00585558,0.00000000,0.21958430,0.33181620,1.21448000,0.00054945,0.00067155,0.00421245,0.02710620,3.69977600,3.30724900,1.80024200,1.10439400,0.61501770,1.10292900,0.79963290,0.72070740,3.30219400,3.30585700,0.79970620,4.93924000,4.94996000,0.00854700, 2, 255, 7, 24,0x50000,No,No,No,No,No,Yes,No,Yes
2026-04-11 15:29:10,0.0,1500,500,,500,500,44,,200,,,648,,51.6,0.7200,0.6000,0.6000,1.1000,0.05074836,0.07319475,0.13077460,0.00585558,0.00000000,0.21958430,0.33474400,1.21448000,0.00054945,0.00091575,0.00409035,0.02698410,3.69977600,3.32952100,1.80024200,1.10439400,0.61575030,1.10146400,0.79926660,0.72070740,3.30311000,3.30402600,0.79882700,4.92450000,4.92718000,0.00940170, 2, 255, 7, 24,0x50000,No,No,No,No,No,Yes,No,Yes
2026-04-11 15:29:12,0.0,1500,500,,500,500,44,,200,,,648,,52.1,0.7200,0.6000,0.6000,1.1000,0.00097593,0.08490592,0.12784680,0.00390372,0.00000000,0.21080090,0.33084030,1.21448000,0.00054945,0.00091575,0.00421245,0.02673990,3.70070400,3.31374500,1.80024200,1.10146400,0.61758180,1.10366200,0.79890030,0.72070740,3.29944700,3.30494200,0.79941320,4.94058000,4.93522000,0.00854700, 2, 255, 7, 24,0x50000,No,No,No,No,No,Yes,No,Yes
2026-04-11 15:29:14,0.0,1500,500,,500,500,44,,200,,,648,,51.0,0.7200,0.6000,0.6000,1.1000,0.00097593,0.07612254,0.12589500,0.00683151,0.00000000,0.20982490,0.33084030,1.21448000,0.00054945,0.00091575,0.00402930,0.02710620,3.70070400,3.31838500,1.80024200,1.10586000,0.61501770,1.10366200,0.79963290,0.72043880,3.29944700,3.30494200,0.79912020,4.94058000,4.93924000,0.00940170, 2, 255, 7, 24,0x50000,No,No,No,No,No,Yes,No,Yes
2026-04-11 15:29:16,0.0,1500,500,,500,500,44,,200,,,648,,52.1,0.7200,0.6000,0.6000,1.1000,0.00097593,0.07319475,0.12589500,0.00585558,0.00000000,0.20787310,0.33181620,1.20555000,0.00054945,0.00091575,0.00488400,0.02735040,3.69884800,3.31003300,1.79828900,1.10769100,0.61575030,1.10292900,0.80036550,0.72017020,3.30311000,3.30494200,0.79882700,4.93522000,4.93522000,0.00940170, 2, 255, 7, 24,0x50000,No,No,No,No,No,Yes,No,Yes
2026-04-11 15:29:18,0.0,1500,500,,500,500,44,,200,,,648,,51.6,0.7200,0.6000,0.6000,1.1000,0.00000000,0.07514661,0.12687090,0.00487965,0.00000000,0.20884900,0.33084030,1.22341000,0.00048840,0.00079365,0.00445665,0.02710620,3.69977600,3.31003300,1.79828900,1.10476100,0.61575030,1.10146400,0.80073180,0.72070740,3.30219400,3.30494200,0.79912020,4.93924000,4.94058000,0.00854700, 2, 255, 7, 24,0x50000,No,No,No,No,No,Yes,No,Yes
2026-04-11 15:29:20,0.0,1500,500,,500,500,43,,200,,,648,,51.6,0.7200,0.6000,0.6000,1.1000,0.00097593,0.07514661,0.12882280,0.00487965,0.00000000,0.20982490,0.33084030,1.21448000,0.00036630,0.00079365,0.00427350,0.02710620,3.70070400,3.31838500,1.80024200,1.10805800,0.61501770,1.10109800,0.79963290,0.72043880,3.30219400,3.30311000,0.79912020,4.93924000,4.94460000,0.00854700, 2, 255, 7, 24,0x50000,No,No,No,No,No,Yes,No,Yes
2026-04-11 15:29:22,0.0,1500,500,,500,500,44,,200,,,648,,50.5,0.7200,0.6000,0.6000,1.1000,0.04977243,0.07221882,0.12687090,0.00780744,0.00000000,0.20982490,0.33181620,1.20555000,0.00054945,0.00067155,0.00445665,0.02698410,3.70163200,3.31003300,1.80024200,1.10366200,0.61611660,1.10292900,0.79926660,0.72070740,3.30311000,3.30311000,0.79912020,4.92852000,4.92450000,0.00940170, 2, 255, 7, 24,0x50000,No,No,No,No,No,Yes,No,Yes
2026-04-11 15:29:24,0.0,1500,500,,500,500,44,,200,,,648,,52.7,0.7200,0.6000,0.6000,1.1000,0.00195186,0.07514661,0.12687090,0.00683151,0.00000000,0.22153610,0.33279210,1.21448000,0.00054945,0.00079365,0.00445665,0.02698410,3.69792000,3.32952100,1.79828900,1.10769100,0.61648290,1.10256300,0.80036550,0.72070740,3.29944700,3.30494200,0.79941320,4.93522000,4.94594000,0.00854700, 2, 255, 7, 24,0x50000,No,No,No,No,No,Yes,No,Yes
2026-04-11 15:29:27,0.0,1500,500,,500,500,44,,200,,,648,,53.2,0.7200,0.6000,0.6000,1.1000,0.00195186,0.07319475,0.12784680,0.00683151,0.00000000,0.20982490,0.33084030,1.21448000,0.00054945,0.00067155,0.00409035,0.02710620,3.69977600,3.30724900,1.78852100,1.10146400,0.61684920,1.09999900,0.79670250,0.72070740,3.30219400,3.30311000,0.79882700,4.93656000,4.94728000,0.00854700, 2, 255, 7, 24,0x50000,No,No,No,No,No,Yes,No,Yes
2026-04-11 15:29:29,0.0,1500,500,,500,500,43,,200,,,648,,52.7,0.7200,0.6000,0.6000,1.1000,0.01366302,0.06929103,0.12687090,0.00683151,0.00000000,0.20982490,0.32986440,1.20555000,0.00054945,0.00067155,0.00421245,0.02698410,3.69977600,3.30724900,1.78852100,1.10219700,0.61648290,1.10366200,0.79926660,0.72097620,3.30219400,3.30311000,0.79912020,4.92718000,4.93790000,0.00854700, 2, 255, 7, 24,0x50000,No,No,No,No,No,Yes,No,Yes
2026-04-11 15:29:31,0.0,1500,500,,500,500,44,,200,,,648,,50.5,0.7200,0.6000,0.6000,1.1000,0.00000000,0.07319475,0.12784680,0.00292779,0.00000000,0.20884900,0.33376810,1.20555000,0.00054945,0.00091575,0.00433455,0.02722830,3.70070400,3.32952100,1.80024200,1.10146400,0.61611660,1.10512700,0.80036550,0.72070740,3.30036300,3.30311000,0.79941320,4.94058000,4.94594000,0.00854700, 2, 255, 7, 24,0x50000,No,No,No,No,No,Yes,No,Yes
2026-04-11 15:29:33,0.0,1500,500,,500,500,44,,200,,,648,,51.6,0.7200,0.6000,0.6000,1.1000,0.00097593,0.07124290,0.12882280,0.00585558,0.00000000,0.21177680,0.33376810,1.21448000,0.00048840,0.00067155,0.00427350,0.02722830,3.69977600,3.31931300,1.78852100,1.10292900,0.61648290,1.10146400,0.79890030,0.72097620,3.30036300,3.30402600,0.79882700,4.92986000,4.94728000,0.00854700, 2, 255, 7, 24,0x50000,No,No,No,No,No,Yes,No,Yes
2026-04-11 15:29:35,0.0,1500,500,,500,500,44,,200,,,648,,51.0,0.7200,0.6000,0.6000,1.1000,0.01756674,0.07124290,0.12687090,0.00585558,0.00000000,0.21080090,0.33181620,1.21448000,0.00054945,0.00091575,0.00409035,0.02698410,3.69884800,3.31003300,1.79926600,1.10622600,0.61575030,1.10402800,0.80073180,0.72043880,3.30219400,3.30494200,0.79941320,4.93924000,4.94058000,0.00854700, 2, 255, 7, 24,0x50000,No,No,No,No,No,Yes,No,Yes
2026-04-11 15:29:37,0.0,1500,500,,500,500,43,,200,,,648,,51.0,0.7200,0.6000,0.6000,1.1000,0.00000000,0.07417068,0.12687090,0.00780744,0.00000000,0.21958430,0.33376810,1.22341000,0.00048840,0.00067155,0.00427350,0.02710620,3.69977600,3.29889800,1.78852100,1.10915600,0.61501770,1.10292900,0.79999920,0.72097620,3.30219400,3.30311000,0.79882700,4.93656000,4.93120000,0.00854700, 2, 255, 7, 24,0x50000,No,No,No,No,No,Yes,No,Yes
2026-04-11 15:29:39,0.0,1500,500,,500,500,44,,200,,,648,,51.0,0.7200,0.6000,0.6000,1.1000,0.00195186,0.08685777,0.12589500,0.00487965,0.00000000,0.21080090,0.33279210,1.20555000,0.00036630,0.00103785,0.00439560,0.02735040,3.69977600,3.30910500,1.81684800,1.10915600,0.61575030,1.10476100,0.79890030,0.72097620,3.30036300,3.30402600,0.79824100,4.94326000,4.92986000,0.00854700, 2, 255, 7, 24,0x50000,No,No,No,No,No,Yes,No,Yes
2026-04-11 15:29:42,0.0,1500,500,,500,500,44,,200,,,648,,51.6,0.7200,0.6000,0.6000,1.1000,0.00000000,0.07417068,0.12882280,0.00585558,0.00000000,0.20884900,0.33376810,1.20555000,0.00048840,0.00091575,0.00409035,0.02698410,3.69977600,3.30168200,1.80024200,1.10512700,0.61684920,1.10366200,0.80036550,0.72043880,3.30311000,3.30494200,0.79941320,4.93924000,4.93656000,0.00854700, 2, 255, 7, 24,0x50000,No,No,No,No,No,Yes,No,Yes
2026-04-11 15:29:44,0.0,1500,500,,500,500,44,,200,,,648,,52.7,0.7200,0.6000,0.6000,1.1000,0.05074836,0.13175060,0.12687090,0.00683151,0.00000000,0.20982490,0.33181620,1.20555000,0.00048840,0.00067155,0.00427350,0.02698410,3.70348800,3.30446500,1.81684800,1.10622600,0.61501770,1.10256300,0.80036550,0.72043880,3.30219400,3.30402600,0.79941320,4.91110000,4.92048000,0.00854700, 2, 255, 7, 24,0x50000,No,No,No,No,No,Yes,No,Yes
2026-04-11 15:29:46,0.0,1500,500,,500,500,43,,200,,,648,,53.8,0.7200,0.6000,0.6000,1.1000,0.05172429,0.07124290,0.12491900,0.00585558,0.00000000,0.20982490,0.33376810,1.20555000,0.00048840,0.00079365,0.00445665,0.02686200,3.69977600,3.31374500,1.80024200,1.10769100,0.61575030,1.10292900,0.79926660,0.72097620,3.30219400,3.30402600,0.79882700,4.92048000,4.91512000,0.00854700, 2, 255, 7, 24,0x50000,No,No,No,No,No,Yes,No,Yes
2026-04-11 15:29:48,0.0,1500,500,,500,500,44,,200,,,648,,51.6,0.7200,0.6000,0.6000,1.1000,0.04977243,0.07319475,0.12589500,0.00585558,0.00000000,0.21080090,0.33376810,1.21448000,0.00054945,0.00091575,0.00427350,0.02735040,3.70163200,3.30632200,1.80024200,1.10219700,0.61648290,1.10366200,0.79963290,0.72043880,3.29944700,3.30494200,0.79941320,4.91914000,4.92450000,0.00854700, 2, 255, 7, 24,0x50000,No,No,No,No,No,Yes,No,Yes
2026-04-11 15:29:50,0.0,1500,500,,500,500,43,,200,,,648,,49.9,0.7200,0.6000,0.6000,1.1000,0.00097593,0.06929103,0.12589500,0.00585558,0.00000000,0.22153610,0.33279210,1.21448000,0.00036630,0.00067155,0.00402930,0.02710620,3.69977600,3.30724900,1.78852100,1.10622600,0.61648290,1.10476100,0.79963290,0.72097620,3.30036300,3.30402600,0.79882700,4.92986000,4.93120000,0.00854700, 2, 255, 7, 24,0x50000,No,No,No,No,No,Yes,No,Yes
2026-04-11 15:29:52,0.0,1500,500,,500,500,44,,200,,,648,,52.7,0.7200,0.6000,0.6000,1.1000,0.00195186,0.07319475,0.12589500,0.00585558,0.00000000,0.21080090,0.33376810,1.21448000,0.00048840,0.00091575,0.00421245,0.02735040,3.70070400,3.31003300,1.80024200,1.10292900,0.61575030,1.10402800,0.79963290,0.72097620,3.30219400,3.30402600,0.79912020,4.92584000,4.92852000,0.00854700, 2, 255, 7, 24,0x50000,No,No,No,No,No,Yes,No,Yes
2026-04-11 15:29:54,0.0,1500,500,,500,500,44,,200,,,648,,51.6,0.7200,0.6000,0.6000,1.1000,0.00292779,0.06929103,0.12784680,0.00683151,0.00000000,0.20787310,0.33279210,1.21448000,0.00054945,0.00091575,0.00433455,0.02698410,3.70070400,3.31003300,1.79926600,1.10769100,0.61575030,1.10256300,0.79926660,0.72070740,3.30219400,3.30311000,0.79941320,4.93120000,4.91914000,0.00940170, 2, 255, 7, 24,0x50000,No,No,No,No,No,Yes,No,Yes
2026-04-11 15:29:57,0.0,1500,500,,500,500,44,,200,,,648,,51.6,0.7200,0.6000,0.6000,1.1000,0.00097593,0.07124290,0.12589500,0.00683151,0.00000000,0.21080090,0.33279210,1.20555000,0.00054945,0.00079365,0.00409035,0.02735040,3.69977600,3.31374500,1.80024200,1.10769100,0.61501770,1.10146400,0.79926660,0.72070740,3.30127900,3.30402600,0.79941320,4.93388000,4.92986000,0.00940170, 2, 255, 7, 24,0x50000,No,No,No,No,No,Yes,No,Yes
2026-04-11 15:29:59,0.0,1500,500,,500,500,43,,200,,,648,,52.1,0.7200,0.6000,0.6000,1.1000,0.00000000,0.07124290,0.12687090,0.00390372,0.00000000,0.22251200,0.33279210,1.22341000,0.00054945,0.00067155,0.00409035,0.02673990,3.69977600,3.32024100,1.78852100,1.10695900,0.61575030,1.10476100,0.79523730,0.72043880,3.30219400,3.30311000,0.79912020,4.93120000,4.93120000,0.00854700, 2, 255, 7, 24,0x50000,No,No,No,No,No,Yes,No,Yes
2026-04-11 15:30:01,0.0,1500,500,,500,500,44,,200,,,648,,51.0,0.7200,0.6000,0.6000,1.1000,0.00000000,0.07709848,0.12784680,0.00487965,0.00000000,0.21275270,0.33084030,1.21448000,0.00048840,0.00067155,0.00384615,0.02710620,3.69792000,3.30168200,1.80024200,1.10146400,0.61538400,1.10146400,0.79890030,0.72043880,3.30127900,3.30402600,0.79882700,4.93120000,4.92852000,0.00854700, 2, 255, 7, 24,0x50000,No,No,No,No,No,Yes,No,Yes
2026-04-11 15:30:03,0.0,1500,500,,500,500,44,,200,,,648,,52.1,0.7200,0.6000,0.6000,1.1000,0.05172429,0.07709848,0.12491900,0.00292779,0.00000000,0.21470460,0.33474400,1.21448000,0.00054945,0.00091575,0.00409035,0.02673990,3.70070400,3.31374500,1.80024200,1.11062200,0.61611660,1.10366200,0.80109810,0.72070740,3.30219400,3.30402600,0.79970620,4.91914000,4.92048000,0.00940170, 2, 255, 7, 24,0x50000,No,No,No,No,No,Yes,No,Yes
2026-04-11 15:30:05,0.0,1500,500,,500,500,44,,200,,,648,,51.6,0.7200,0.6000,0.6000,1.1000,0.00000000,0.07807440,0.12784680,0.00487965,0.00000000,0.20982490,0.33279210,1.21448000,0.00054945,0.00091575,0.00409035,0.02710620,3.70070400,3.31838500,1.80024200,1.10586000,0.61684920,1.10402800,0.79963290,0.72043880,3.30311000,3.30311000,0.79912020,4.93120000,4.93120000,0.00854700, 2, 255, 7, 24,0x50000,No,No,No,No,No,Yes,No,Yes
2026-04-11 15:30:07,0.0,1500,500,,500,500,44,,200,,,648,,52.7,0.7200,0.6000,0.6000,1.1000,0.00292779,0.07514661,0.12491900,0.00585558,0.00000000,0.20787310,0.33279210,1.20555000,0.00054945,0.00067155,0.00433455,0.02710620,3.69977600,3.30724900,1.78852100,1.10292900,0.61428510,1.10219700,0.79999920,0.72097620,3.30219400,3.30311000,0.79882700,4.92584000,4.92852000,0.00854700, 2, 255, 7, 24,0x50000,No,No,No,No,No,Yes,No,Yes
2026-04-11 15:30:09,0.0,1500,500,,500,500,44,,200,,,648,,51.6,0.7200,0.6000,0.6000,1.1000,0.00000000,0.06929103,0.12687090,0.00487965,0.00000000,0.20787310,0.33376810,1.22341000,0.00036630,0.00079365,0.00402930,0.02698410,3.69977600,3.32209700,1.78852100,1.10292900,0.61648290,1.10146400,0.80036550,0.72097620,3.30036300,3.30311000,0.79882700,4.92986000,4.93120000,0.00940170, 2, 255, 7, 24,0x50000,No,No,No,No,No,Yes,No,Yes
2026-04-11 15:30:11,0.0,1500,500,,500,500,44,,200,,,648,,51.6,0.7200,0.6000,0.6000,1.1000,0.04879650,0.07124290,0.12687090,0.00195186,0.00000000,0.21177680,0.33376810,1.21448000,0.00042735,0.00067155,0.00433455,0.02710620,3.69977600,3.30910500,1.79926600,1.10695900,0.61501770,1.10366200,0.79963290,0.72097620,3.30219400,3.30311000,0.79882700,4.91646000,4.92584000,0.00940170, 2, 255, 7, 24,0x50000,No,No,No,No,No,Yes,No,Yes
2026-04-11 15:30:14,0.0,1500,500,,500,500,44,,200,,,648,,51.6,0.7200,0.6000,0.6000,1.1000,0.00097593,0.07026696,0.12784680,0.00487965,0.00000000,0.20884900,0.33084030,1.21448000,0.00036630,0.00103785,0.00427350,0.02673990,3.69977600,3.31838500,1.81684800,1.10695900,0.61575030,1.10256300,0.80073180,0.72043880,3.30402600,3.30311000,0.79882700,4.92182000,4.92718000,0.00854700, 2, 255, 7, 24,0x50000,No,No,No,No,No,Yes,No,Yes
2026-04-11 15:30:16,0.0,1500,500,,500,500,43,,200,,,648,,52.1,0.7200,0.6000,0.6000,1.1000,0.04977243,0.07124290,0.12784680,0.00487965,0.00000000,0.22251200,0.33084030,1.21448000,0.00054945,0.00067155,0.00421245,0.02710620,3.69977600,3.29425800,1.78852100,1.10476100,0.61501770,1.10256300,0.80073180,0.72043880,3.30219400,3.30402600,0.79882700,4.90708000,4.91780000,0.00854700, 2, 255, 7, 24,0x50000,No,No,No,No,No,Yes,No,Yes
2026-04-11 15:30:18,0.0,1500,500,,500,500,44,,200,,,648,,51.0,0.7200,0.6000,0.6000,1.1000,0.04977243,0.07026696,0.12589500,0.00585558,0.00000000,0.20982490,0.33279210,1.21448000,0.00054945,0.00091575,0.00384615,0.02722830,3.69977600,3.35550300,1.80024200,1.10915600,0.61391880,1.10109800,0.79926660,0.72043880,3.30219400,3.30494200,0.79970620,4.91780000,4.92048000,0.00940170, 2, 255, 7, 24,0x50000,No,No,No,No,No,Yes,No,Yes
2026-04-11 15:30:20,0.0,1500,500,,500,500,44,,200,,,648,,51.6,0.7200,0.6000,0.6000,1.1000,0.04977243,0.07807440,0.12784680,0.00487965,0.00000000,0.21080090,0.32888840,1.20555000,0.00036630,0.00079365,0.00409035,0.02710620,3.70070400,3.30817700,1.80024200,1.10439400,0.61611660,1.10476100,0.79890030,0.72043880,3.30219400,3.30494200,0.79912020,4.90708000,4.90708000,0.00940170, 2, 255, 7, 24,0x50000,No,No,No,No,No,Yes,No,Yes
2026-04-11 15:30:22,0.0,1500,500,,500,500,44,,200,,,648,,50.5,0.7200,0.6000,0.6000,1.1000,0.00097593,0.07417068,0.12687090,0.00780744,0.00000000,0.20884900,0.33084030,1.20555000,0.00048840,0.00067155,0.00427350,0.02710620,3.69884800,3.30260900,1.81733600,1.10586000,0.61648290,1.10256300,0.79999920,0.72097620,3.30219400,3.30402600,0.79882700,4.92986000,4.93120000,0.00854700, 2, 255, 7, 24,0x50000,No,No,No,No,No,Yes,No,Yes
2026-04-11 15:30:24,0.0,1500,500,,500,500,44,,200,,,648,,51.6,0.7200,0.6000,0.6000,1.1000,0.00097593,0.07514661,0.12784680,0.00390372,0.00000000,0.20982490,0.33279210,1.21448000,0.00054945,0.00067155,0.00433455,0.02698410,3.69977600,3.31374500,1.78900900,1.10769100,0.61501770,1.10146400,0.80073180,0.72043880,3.30036300,3.30311000,0.79912020,4.93120000,4.93388000,0.00854700, 2, 255, 7, 24,0x50000,No,No,No,No,No,Yes,No,Yes
2026-04-11 15:30:26,0.0,1500,500,,500,500,43,,200,,,648,,52.1,0.7200,0.6000,0.6000,1.1000,0.00097593,0.07124290,0.12784680,0.00780744,0.00000000,0.20982490,0.33376810,1.21448000,0.00054945,0.00091575,0.00384615,0.02698410,3.70070400,3.31188900,1.79828900,1.10622600,0.61501770,1.10256300,0.79999920,0.72043880,3.30402600,3.30402600,0.79853400,4.93522000,4.93522000,0.00854700, 2, 255, 7, 24,0x50000,No,No,No,No,No,Yes,No,Yes
2026-04-11 15:30:29,0.0,1500,500,,500,500,44,,200,,,648,,52.7,0.7200,0.6000,0.6000,1.1000,0.00000000,0.07026696,0.12687090,0.00780744,0.00000000,0.20884900,0.33084030,1.22341000,0.00054945,0.00067155,0.00433455,0.02698410,3.69977600,3.29240200,1.78900900,1.10915600,0.61648290,1.10366200,0.80146440,0.72043880,3.30036300,3.30219400,0.79882700,4.93254000,4.93388000,0.00854700, 2, 255, 7, 24,0x50000,No,No,No,No,No,Yes,No,Yes
2026-04-11 15:30:31,0.0,1500,500,,500,500,44,,200,,,648,,51.0,0.7200,0.6000,0.6000,1.1000,0.00097593,0.07026696,0.12589500,0.00780744,0.00000000,0.21177680,0.33571990,1.21448000,0.00048840,0.00067155,0.00421245,0.02710620,3.69977600,3.29982600,1.78852100,1.10695900,0.61538400,1.10402800,0.80073180,0.72097620,3.30036300,3.30311000,0.79882700,4.93254000,4.92584000,0.00854700, 2, 255, 7, 24,0x50000,No,No,No,No,No,Yes,No,Yes
2026-04-11 15:30:33,0.0,1500,500,,500,500,44,,200,,,648,,52.7,0.7200,0.6000,0.6000,1.1000,0.00195186,0.07514661,0.12784680,0.00585558,0.00000000,0.22056020,0.33084030,1.21448000,0.00042735,0.00042735,0.00409035,0.02673990,3.69792000,3.32766400,1.79828900,1.10988900,0.61428510,1.10073200,0.80073180,0.72043880,3.30219400,3.30311000,0.79882700,4.93656000,4.92584000,0.00940170, 2, 255, 7, 24,0x50000,No,No,No,No,No,Yes,No,Yes
2026-04-11 15:30:35,0.0,1500,500,,500,500,44,,200,,,648,,52.1,0.7200,0.6000,0.6000,1.1000,0.00292779,0.06929103,0.12687090,0.00390372,0.00000000,0.22251200,0.33181620,1.21448000,0.00054945,0.00091575,0.00384615,0.02673990,3.69977600,3.31374500,1.80024200,1.10769100,0.61611660,1.10146400,0.79963290,0.72070740,3.30311000,3.30402600,0.79941320,4.88698000,4.89770000,0.00854700, 2, 255, 7, 24,0x50000,No,No,No,No,No,Yes,No,Yes
2026-04-11 15:30:37,0.0,1500,500,,500,500,44,,200,,,648,,52.1,0.7200,0.6000,0.6000,1.1000,0.05074836,0.07026696,0.12687090,0.02049453,0.00000000,0.22348800,0.33376810,1.21448000,0.00054945,0.00067155,0.00427350,0.02686200,3.69977600,3.30353800,1.81684800,1.10219700,0.61648290,1.10476100,0.79890030,0.72097620,3.30219400,3.30311000,0.79882700,4.91512000,4.91780000,0.00854700, 2, 255, 7, 24,0x50000,No,No,No,No,No,Yes,No,Yes
2026-04-11 15:30:39,0.0,1500,500,,500,500,44,,200,,,648,,53.2,0.7200,0.6000,0.6000,1.1000,0.00195186,0.07905034,0.12491900,0.00292779,0.00000000,0.21177680,0.33084030,1.22341000,0.00048840,0.00067155,0.00427350,0.02710620,3.69977600,3.30353800,1.78900900,1.10439400,0.61721550,1.10109800,0.79999920,0.72043880,3.30219400,3.30494200,0.79882700,4.93254000,4.93656000,0.00854700, 2, 255, 7, 24,0x50000,No,No,No,No,No,Yes,No,Yes
2026-04-11 15:30:41,0.0,1500,500,,500,500,44,,200,,,648,,51.6,0.7200,0.6000,0.6000,1.1000,0.00000000,0.07221882,0.12882280,0.00487965,0.00000000,0.21080090,0.33279210,1.21448000,0.00054945,0.00085470,0.00409035,0.02698410,3.69792000,3.30260900,1.80024200,1.10439400,0.61611660,1.10073200,0.79926660,0.72070740,3.29944700,3.30768900,0.79912020,4.89100000,4.90708000,0.00854700, 2, 255, 7, 24,0x50000,No,No,No,No,No,Yes,No,Yes
2026-04-11 15:30:44,0.0,1500,500,,500,500,44,,200,,,648,,51.6,0.7200,0.6000,0.6000,1.1000,0.00195186,0.07124290,0.12784680,0.00683151,0.00000000,0.20982490,0.33279210,1.20555000,0.00048840,0.00091575,0.00409035,0.02698410,3.69977600,3.29425800,1.78852100,1.10146400,0.61684920,1.10329600,0.79963290,0.72097620,3.30219400,3.30311000,0.79882700,4.93120000,4.93120000,0.00854700, 2, 255, 7, 24,0x50000,No,No,No,No,No,Yes,No,Yes
2026-04-11 15:30:46,0.0,1500,500,,500,500,43,,200,,,648,,52.7,0.7200,0.6000,0.6000,1.1000,0.00000000,0.07026696,0.12784680,0.00683151,0.00000000,0.20787310,0.33279210,1.21448000,0.00036630,0.00042735,0.00445665,0.02661780,3.70070400,3.31838500,1.79828900,1.10146400,0.61648290,1.10146400,0.79890030,0.72070740,3.29944700,3.30494200,0.79794790,4.93120000,4.93388000,0.00854700, 2, 255, 7, 24,0x50000,No,No,No,No,No,Yes,No,Yes
2026-04-11 15:30:48,0.0,1500,500,,500,500,44,,200,,,648,,51.6,0.7200,0.6000,0.6000,1.1000,0.00097593,0.07221882,0.12687090,0.00487965,0.00000000,0.20982490,0.33376810,1.21448000,0.00036630,0.00067155,0.00421245,0.02735040,3.69977600,3.31838500,1.78852100,1.10622600,0.61648290,1.10476100,0.79963290,0.72097620,3.30219400,3.30311000,0.79882700,4.92048000,4.92986000,0.00940170, 2, 255, 7, 24,0x50000,No,No,No,No,No,Yes,No,Yes
2026-04-11 15:30:50,0.0,1500,500,,500,500,44,,200,,,648,,52.1,0.7200,0.6000,0.6000,1.1000,0.00000000,0.06929103,0.12784680,0.00487965,0.00000000,0.21958430,0.33084030,1.21448000,0.00054945,0.00067155,0.00427350,0.02625150,3.69977600,3.29240200,1.78803200,1.10915600,0.61428510,1.10329600,0.79999920,0.72043880,3.30036300,3.30311000,0.79882700,4.92718000,4.92852000,0.00854700, 2, 255, 7, 24,0x50000,No,No,No,No,No,Yes,No,Yes
2026-04-11 15:30:52,0.0,1500,500,,500,500,44,,200,,,648,,51.6,0.7200,0.6000,0.6000,1.1000,0.00292779,0.11028010,0.15322100,0.00878337,0.00000000,0.21080090,0.32986440,1.21448000,0.00036630,0.00079365,0.00409035,0.02661780,3.69977600,3.30353800,1.80024200,1.10915600,0.61611660,1.10366200,0.80073180,0.72070740,3.30127900,3.30311000,0.79853400,4.91780000,4.91780000,0.00854700, 2, 255, 7, 24,0x50000,No,No,No,No,No,Yes,No,Yes
2026-04-11 15:30:54,0.0,1500,500,,500,500,44,,200,,,648,,50.5,0.7200,0.6000,0.6000,1.1000,0.00195186,0.06929103,0.12589500,0.00683151,0.00000000,0.20982490,0.32986440,1.19662000,0.00048840,0.00091575,0.00445665,0.02686200,3.70070400,3.30260900,1.79828900,1.10769100,0.61575030,1.10109800,0.79890030,0.72043880,3.30219400,3.30585700,0.79912020,4.93120000,4.93656000,0.00940170, 2, 255, 7, 24,0x50000,No,No,No,No,No,Yes,No,Yes
2026-04-11 15:30:56,0.0,1500,500,,500,500,44,,200,,,648,,52.1,0.7200,0.6000,0.6000,1.1000,0.05172429,0.06929103,0.12687090,0.00683151,0.00000000,0.20592120,0.33181620,1.20555000,0.00054945,0.00067155,0.00445665,0.02710620,3.69977600,3.30260900,1.79926600,1.10292900,0.61501770,1.10292900,0.79999920,0.72043880,3.30219400,3.30311000,0.79912020,4.90842000,4.90708000,0.00940170, 2, 255, 7, 24,0x50000,No,No,No,No,No,Yes,No,Yes
2026-04-11 15:30:59,0.0,1500,500,,500,500,44,,200,,,648,,52.1,0.7200,0.6000,0.6000,1.1000,0.04879650,0.07124290,0.12589500,0.00487965,0.00000000,0.21372870,0.33279210,1.20555000,0.00048840,0.00091575,0.00488400,0.02686200,3.70070400,3.31931300,1.80024200,1.10146400,0.61684920,1.10146400,0.79926660,0.72043880,3.30219400,3.30494200,0.79912020,4.90708000,4.92316000,0.00854700, 2, 255, 7, 24,0x50000,No,No,No,No,No,Yes,No,Yes
2026-04-11 15:31:01,0.0,1500,500,,500,500,44,,200,,,648,,53.2,0.7200,0.6000,0.6000,1.1000,0.05074836,0.07026696,0.12491900,0.00878337,0.00000000,0.22056020,0.33084030,1.21448000,0.00054945,0.00091575,0.00427350,0.02735040,3.69699300,3.31838500,1.79926600,1.10219700,0.61684920,1.10146400,0.80073180,0.72043880,3.30219400,3.30585700,0.79912020,4.91780000,4.90842000,0.00854700, 2, 255, 7, 24,0x50000,No,No,No,No,No,Yes,No,Yes
2026-04-11 15:31:03,1.0,1500,500,,500,500,44,,200,,,648,,51.6,0.7200,0.6000,0.6000,1.1000,0.05172429,0.18054710,0.12394310,0.00780744,0.00000000,0.20884900,0.33376810,1.21448000,0.00054945,0.00103785,0.00427350,0.02710620,3.69977600,3.30353800,1.81684800,1.10292900,0.60549390,1.10146400,0.79890030,0.72097620,3.30219400,3.30311000,0.79882700,4.88296000,4.89368000,0.00854700, 2, 255, 7, 24,0x50000,No,No,No,No,No,Yes,No,Yes
2026-04-11 15:31:05,11.2,2400,910,,910,960,44,,200,,,648,,54.9,0.8993,0.6000,0.6000,1.1000,0.05074836,0.07124290,0.13370240,0.00487965,0.00000000,0.21177680,0.32986440,1.89316000,0.00061050,0.00067155,0.00421245,0.02698410,3.70256000,3.31374500,1.81733600,1.10146400,0.61648290,1.10146400,0.79926660,0.89960840,3.30219400,3.30311000,0.79941320,4.85214000,4.85348000,0.00940170, 2, 255, 7, 24,0x50000,No,No,No,No,No,Yes,No,Yes
2026-04-11 15:31:07,0.3,2400,910,,910,960,44,,200,,,648,,54.9,0.8993,0.6000,0.6000,1.1000,0.05172429,0.07221882,0.13175060,0.00878337,0.00000000,0.21177680,0.33279210,1.89316000,0.00067155,0.00103785,0.00427350,0.02661780,3.69977600,3.31374500,1.81684800,1.10695900,0.61538400,1.10366200,0.79963290,0.90014570,3.30219400,3.30585700,0.79912020,4.81596000,4.80658000,0.00854700, 2, 255, 7, 24,0x50000,No,No,No,No,No,Yes,No,Yes
2026-04-11 15:31:09,0.0,1500,500,,500,500,44,,200,,,648,,53.2,0.7200,0.6000,0.6000,1.1000,0.05172429,0.07026696,0.12687090,0.00487965,0.00000000,0.22251200,0.33279210,1.25913000,0.00054945,0.00067155,0.00445665,0.02673990,3.69977600,3.30168200,1.79926600,1.10439400,0.61575030,1.10366200,0.79926660,0.72097620,3.30219400,3.30402600,0.79912020,4.91512000,4.92048000,0.00854700, 2, 255, 7, 24,0x50000,No,No,No,No,No,Yes,No,Yes
2026-04-11 15:31:11,0.0,1500,500,,500,500,44,,200,,,648,,53.2,0.7200,0.6000,0.6000,1.1000,0.05074836,0.07124290,0.12882280,0.00487965,0.00000000,0.22056020,0.33279210,1.24127000,0.00054945,0.00067155,0.00421245,0.02673990,3.69977600,3.29889800,1.78852100,1.10622600,0.61575030,1.10292900,0.80073180,0.72043880,3.30219400,3.30311000,0.79912020,4.90708000,4.91780000,0.00854700, 2, 255, 7, 24,0x50000,No,No,No,No,No,Yes,No,Yes
2026-04-11 15:31:13,0.0,1500,500,,500,500,43,,200,,,648,,52.7,0.7200,0.6000,0.6000,1.1000,0.04977243,0.07124290,0.12589500,0.00683151,0.00000000,0.20884900,0.33181620,1.23234000,0.00054945,0.00067155,0.00451770,0.02673990,3.69977600,3.31281700,1.78852100,1.10219700,0.61501770,1.10292900,0.79999920,0.72097620,3.30219400,3.30219400,0.79882700,4.90440000,4.89368000,0.00854700, 2, 255, 7, 24,0x50000,No,No,No,No,No,Yes,No,Yes
2026-04-11 15:31:16,0.2,1500,500,,500,500,43,,200,,,648,,53.2,0.7200,0.6000,0.6000,1.1000,0.04977243,0.07124290,0.12687090,0.00390372,0.00000000,0.20884900,0.32986440,1.22341000,0.00036630,0.00067155,0.00445665,0.02698410,3.69977600,3.29425800,1.79535800,1.10439400,0.61575030,1.10512700,0.79999920,0.72097620,3.30036300,3.30311000,0.79912020,4.91512000,4.92048000,0.00854700, 2, 255, 7, 24,0x50000,No,No,No,No,No,Yes,No,Yes
2026-04-11 15:31:18,0.0,1500,500,,500,500,44,,200,,,648,,52.7,0.7200,0.6000,0.6000,1.1000,0.05660394,0.07612254,0.12784680,0.00487965,0.00000000,0.20884900,0.33376810,1.22341000,0.00054945,0.00079365,0.00488400,0.02698410,3.69792000,3.31003300,1.80024200,1.10586000,0.60988950,1.10366200,0.79999920,0.72070740,3.30219400,3.30311000,0.79912020,4.91780000,4.91914000,0.00940170, 2, 255, 7, 24,0x50000,No,No,No,No,No,Yes,No,Yes
2026-04-11 15:31:20,0.0,1500,500,,500,500,44,,200,,,648,,52.7,0.7200,0.6000,0.6000,1.1000,0.05172429,0.06929103,0.12589500,0.00780744,0.00000000,0.21080090,0.33181620,1.23234000,0.00036630,0.00079365,0.00451770,0.02698410,3.69977600,3.29982600,1.79926600,1.10695900,0.61428510,1.10036500,0.79670250,0.72097620,3.30219400,3.30585700,0.79912020,4.91512000,4.91780000,0.00854700, 2, 255, 7, 24,0x50000,No,No,No,No,No,Yes,No,Yes
2026-04-11 15:31:22,0.0,1500,500,,500,500,44,,200,,,648,,54.3,0.7200,0.6000,0.6000,1.1000,0.05465208,0.07124290,0.12589500,0.00487965,0.00000000,0.20982490,0.33376810,1.21448000,0.00054945,0.00091575,0.00409035,0.02698410,3.69977600,3.32580900,1.80024200,1.10805800,0.61575030,1.10256300,0.79999920,0.72070740,3.29944700,3.30494200,0.79794790,4.91244000,4.90708000,0.00854700, 2, 255, 7, 24,0x50000,No,No,No,No,No,Yes,No,Yes
2026-04-11 15:31:24,0.0,1500,500,,500,500,44,,200,,,648,,52.1,0.7200,0.6000,0.6000,1.1000,0.04977243,0.07026696,0.12394310,0.00487965,0.00000000,0.20884900,0.32888840,1.22341000,0.00048840,0.00067155,0.00445665,0.02735040,3.69977600,3.31096100,1.78852100,1.10292900,0.61575030,1.10256300,0.79999920,0.72043880,3.30036300,3.30402600,0.79882700,4.92048000,4.90842000,0.00854700, 2, 255, 7, 24,0x50000,No,No,No,No,No,Yes,No,Yes
2026-04-11 15:31:26,0.0,1500,500,,500,500,44,,200,,,648,,52.7,0.7200,0.6000,0.6000,1.1000,0.05074836,0.07026696,0.12687090,0.00195186,0.00000000,0.21275270,0.33084030,1.22341000,0.00048840,0.00091575,0.00488400,0.02710620,3.69792000,3.31931300,1.80024200,1.10146400,0.61501770,1.10183000,0.79963290,0.72097620,3.30219400,3.30402600,0.79794790,4.90708000,4.91244000,0.00854700, 2, 255, 7, 24,0x50000,No,No,No,No,No,Yes,No,Yes
2026-04-11 15:31:28,0.0,1500,500,,500,500,44,,200,,,648,,53.2,0.7200,0.6000,0.6000,1.1000,0.04879650,0.07026696,0.12491900,0.00683151,0.00000000,0.23324730,0.33084030,1.22341000,0.00036630,0.00067155,0.00445665,0.02735040,3.69977600,3.30724900,1.78852100,1.10805800,0.61721550,1.10476100,0.79926660,0.72043880,3.30219400,3.30311000,0.79912020,4.91512000,4.90842000,0.00854700, 2, 255, 7, 24,0x50000,No,No,No,No,No,Yes,No,Yes
2026-04-11 15:31:31,0.0,1500,500,,500,500,44,,200,,,648,,51.6,0.7200,0.6000,0.6000,1.1000,0.04977243,0.07221882,0.12687090,0.00585558,0.00000000,0.21177680,0.33181620,1.20555000,0.00054945,0.00067155,0.00427350,0.02710620,3.69977600,3.30353800,1.78900900,1.10439400,0.61575030,1.10476100,0.79999920,0.72043880,3.30402600,3.30402600,0.79941320,4.90306000,4.92048000,0.00940170, 2, 255, 7, 24,0x50000,No,No,No,No,No,Yes,No,Yes
2026-04-11 15:31:33,0.0,1500,500,,500,500,44,,200,,,648,,51.0,0.7200,0.6000,0.6000,1.1000,0.04879650,0.07221882,0.12784680,0.00585558,0.00000000,0.23324730,0.33279210,1.21448000,0.00048840,0.00079365,0.00445665,0.02673990,3.70163200,3.30168200,1.79828900,1.10988900,0.61501770,1.10549400,0.79926660,0.72043880,3.30219400,3.30585700,0.79912020,4.90708000,4.91914000,0.00854700, 2, 255, 7, 24,0x50000,No,No,No,No,No,Yes,No,Yes
2026-04-11 15:31:35,0.0,1500,500,,500,500,44,,200,,,648,,52.7,0.7200,0.6000,0.6000,1.1000,0.05757987,0.07026696,0.12784680,0.00683151,0.00000000,0.20982490,0.33376810,1.23234000,0.00048840,0.00091575,0.00409035,0.02710620,3.69884800,3.31931300,1.80024200,1.10769100,0.61465140,1.10366200,0.79963290,0.72043880,3.30219400,3.30585700,0.79912020,4.90440000,4.92316000,0.00940170, 2, 255, 7, 24,0x50000,No,No,No,No,No,Yes,No,Yes
2026-04-11 15:31:37,0.0,1500,500,,500,500,44,,200,,,648,,52.7,0.7200,0.6000,0.6000,1.1000,0.05172429,0.07124290,0.12882280,0.00585558,0.00000000,0.21177680,0.33084030,1.22341000,0.00054945,0.00091575,0.00409035,0.02673990,3.69884800,3.31374500,1.80024200,1.10476100,0.61684920,1.10476100,0.80073180,0.72070740,3.30219400,3.30402600,0.79912020,4.92584000,4.92048000,0.00940170, 2, 255, 7, 24,0x50000,No,No,No,No,No,Yes,No,Yes
2026-04-11 15:31:39,0.0,1500,500,,500,500,44,,200,,,648,,53.2,0.7200,0.6000,0.6000,1.1000,0.04977243,0.11028010,0.15907660,0.00292779,0.00000000,0.22153610,0.33084030,1.22341000,0.00036630,0.00067155,0.00451770,0.02710620,3.69977600,3.30168200,1.80024200,1.11062200,0.61575030,1.10329600,0.79999920,0.72097620,3.30219400,3.30402600,0.79882700,4.89368000,4.89368000,0.00854700, 2, 255, 7, 24,0x50000,No,No,No,No,No,Yes,No,Yes
2026-04-11 15:31:41,0.0,1500,500,,500,500,44,,200,,,648,,51.6,0.7200,0.6000,0.6000,1.1000,0.05172429,0.07612254,0.12784680,0.00487965,0.00000000,0.20884900,0.33084030,1.21448000,0.00036630,0.00091575,0.00421245,0.02698410,3.70163200,3.31374500,1.80024200,1.10732500,0.60695910,1.10146400,0.80073180,0.72070740,3.30219400,3.30311000,0.79912020,4.87224000,4.91780000,0.00854700, 2, 255, 7, 24,0x50000,No,No,No,No,No,Yes,No,Yes
2026-04-11 15:31:43,0.0,1500,500,,500,500,44,,200,,,648,,51.6,0.7200,0.6000,0.6000,1.1000,0.05074836,0.08002626,0.12687090,0.00390372,0.00000000,0.21080090,0.33181620,1.22341000,0.00054945,0.00091575,0.00409035,0.02673990,3.70070400,3.31003300,1.80024200,1.10219700,0.61501770,1.10292900,0.79926660,0.72070740,3.30311000,3.30311000,0.79912020,4.91914000,4.91244000,0.00854700, 2, 255, 7, 24,0x50000,No,No,No,No,No,Yes,No,Yes
2026-04-11 15:31:46,0.0,1500,500,,500,500,43,,200,,,648,,52.7,0.7200,0.6000,0.6000,1.1000,0.04879650,0.06929103,0.12687090,0.00683151,0.00000000,0.20982490,0.33181620,1.22341000,0.00048840,0.00079365,0.00445665,0.02686200,3.69792000,3.32580900,1.79828900,1.10769100,0.61575030,1.10146400,0.79963290,0.72043880,3.30219400,3.30585700,0.79912020,4.91244000,4.91780000,0.00854700, 2, 255, 7, 24,0x50000,No,No,No,No,No,Yes,No,Yes
2026-04-11 15:31:48,0.0,1500,500,,500,500,44,,200,,,648,,52.7,0.7200,0.6000,0.6000,1.1000,0.05172429,0.07124290,0.12784680,0.00585558,0.00000000,0.20982490,0.43819260,1.22341000,0.00054945,0.00091575,0.00421245,0.02686200,3.70070400,3.29889800,1.79828900,1.10512700,0.61611660,1.10292900,0.79890030,0.72070740,3.30219400,3.30494200,0.79970620,4.84410000,4.91914000,0.00854700, 2, 255, 7, 24,0x50000,No,No,No,No,No,Yes,No,Yes
2026-04-11 15:31:50,0.0,1500,500,,500,500,44,,200,,,648,,51.0,0.7200,0.6000,0.6000,1.1000,0.05562801,0.07417068,0.12882280,0.00683151,0.00000000,0.22056020,0.33181620,1.22341000,0.00054945,0.00091575,0.00384615,0.02686200,3.69977600,3.29982600,1.79926600,1.10476100,0.61611660,1.10402800,0.80036550,0.72070740,3.30219400,3.30311000,0.79912020,4.91512000,4.92048000,0.00940170, 2, 255, 7, 24,0x50000,No,No,No,No,No,Yes,No,Yes
2026-04-11 15:31:52,0.2,1500,500,,500,500,44,,200,,,648,,52.1,0.7200,0.6000,0.6000,1.1000,0.04977243,0.07807440,0.12687090,0.00780744,0.00000000,0.21080090,0.33279210,1.22341000,0.00036630,0.00079365,0.00451770,0.02673990,3.70070400,3.31931300,1.79828900,1.10769100,0.61758180,1.10146400,0.79926660,0.72070740,3.30219400,3.30494200,0.79941320,4.90708000,4.91512000,0.00854700, 2, 255, 7, 24,0x50000,No,No,No,No,No,Yes,No,Yes
2026-04-11 15:31:54,0.0,1500,500,,500,500,44,,200,,,648,,52.7,0.7200,0.6000,0.6000,1.1000,0.05172429,0.07124290,0.12687090,0.00683151,0.00000000,0.20787310,0.33279210,1.21448000,0.00054945,0.00067155,0.00384615,0.02710620,3.69792000,3.31374500,1.80024200,1.10219700,0.61611660,1.10476100,0.80036550,0.72043880,3.30311000,3.30311000,0.79912020,4.91780000,4.89770000,0.00854700, 2, 255, 7, 24,0x50000,No,No,No,No,No,Yes,No,Yes
2026-04-11 15:31:56,0.0,1500,500,,500,500,44,,200,,,648,,51.6,0.7200,0.6000,0.6000,1.1000,0.04977243,0.07026696,0.12784680,0.00780744,0.00000000,0.20689720,0.33084030,1.22341000,0.00048840,0.00067155,0.00427350,0.02673990,3.69977600,3.31003300,1.79926600,1.10988900,0.61684920,1.10366200,0.79999920,0.72097620,3.30219400,3.30585700,0.79912020,4.90440000,4.91512000,0.00854700, 2, 255, 7, 24,0x50000,No,No,No,No,No,Yes,No,Yes
2026-04-11 15:31:58,0.0,1500,500,,500,500,44,,200,,,648,,52.7,0.7200,0.6000,0.6000,1.1000,0.05660394,0.07221882,0.12589500,0.00683151,0.00000000,0.20884900,0.33181620,1.21448000,0.00054945,0.00067155,0.00384615,0.02661780,3.69792000,3.31838500,1.79926600,1.10439400,0.61501770,1.10256300,0.80073180,0.72043880,3.30219400,3.30311000,0.79882700,4.91512000,4.91512000,0.00854700, 2, 255, 7, 24,0x50000,No,No,No,No,No,Yes,No,Yes
2026-04-11 15:32:00,0.0,1500,500,,500,500,44,,200,,,648,,52.7,0.7200,0.6000,0.6000,1.1000,0.05074836,0.07026696,0.12687090,0.00780744,0.00000000,0.21958430,0.33279210,1.21448000,0.00054945,0.00091575,0.00421245,0.02698410,3.69977600,3.31838500,1.80024200,1.10292900,0.61501770,1.10366200,0.79926660,0.72070740,3.29944700,3.30402600,0.79970620,4.91914000,4.92048000,0.00940170, 2, 255, 7, 24,0x50000,No,No,No,No,No,Yes,No,Yes
2026-04-11 15:32:03,0.0,1500,500,,500,500,44,,200,,,648,,53.2,0.7200,0.6000,0.6000,1.1000,0.05074836,0.07612254,0.12589500,0.00292779,0.00000000,0.20982490,0.32888840,1.21448000,0.00054945,0.00067155,0.00433455,0.02649570,3.69977600,3.30724900,1.78754400,1.10695900,0.61684920,1.10256300,0.79963290,0.72043880,3.30036300,3.30311000,0.79882700,4.92048000,4.91780000,0.00854700, 2, 255, 7, 24,0x50000,No,No,No,No,No,Yes,No,Yes
2026-04-11 15:32:05,0.0,1500,500,,500,500,44,,200,,,648,,52.7,0.7200,0.6000,0.6000,1.1000,0.04879650,0.07709848,0.12589500,0.00487965,0.00000000,0.23031950,0.33279210,1.22341000,0.00054945,0.00091575,0.00445665,0.02686200,3.69884800,3.31003300,1.79926600,1.10439400,0.61611660,1.10292900,0.79963290,0.72070740,3.30219400,3.30311000,0.79912020,4.91780000,4.91378000,0.00854700, 2, 255, 7, 24,0x50000,No,No,No,No,No,Yes,No,Yes
2026-04-11 15:32:07,0.0,1500,500,,500,500,44,,200,,,648,,53.2,0.7200,0.6000,0.6000,1.1000,0.04879650,0.07709848,0.12491900,0.00878337,0.00000000,0.20982490,0.33376810,1.21448000,0.00054945,0.00079365,0.00409035,0.02661780,3.69977600,3.31096100,1.80024200,1.10549400,0.61648290,1.10256300,0.79890030,0.72017020,3.30219400,3.30494200,0.79853400,4.91780000,4.91780000,0.00940170, 2, 255, 7, 24,0x50000,No,No,No,No,No,Yes,No,Yes
2026-04-11 15:32:09,0.0,1500,500,,500,500,44,,200,,,648,,52.7,0.7200,0.6000,0.6000,1.1000,0.04879650,0.07709848,0.12882280,0.00683151,0.00000000,0.21080090,0.33279210,1.21448000,0.00054945,0.00091575,0.00433455,0.02710620,3.70070400,3.31374500,1.80024200,1.10695900,0.61611660,1.10292900,0.79963290,0.72070740,3.30219400,3.30311000,0.79941320,4.91378000,4.89770000,0.00854700, 2, 255, 7, 24,0x50000,No,No,No,No,No,Yes,No,Yes
2026-04-11 15:32:11,0.0,1500,500,,500,500,44,,200,,,648,,51.6,0.7200,0.6000,0.6000,1.1000,0.05172429,0.06929103,0.12394310,0.00878337,0.00000000,0.20884900,0.33084030,1.20555000,0.00036630,0.00042735,0.00494505,0.02686200,3.69977600,3.32766400,1.80610300,1.10439400,0.61611660,1.10146400,0.79999920,0.72043880,3.30311000,3.30494200,0.79941320,4.91780000,4.91110000,0.00854700, 2, 255, 7, 24,0x50000,No,No,No,No,No,Yes,No,Yes
2026-04-11 15:32:13,0.0,1500,500,,500,500,44,,200,,,648,,53.2,0.7200,0.6000,0.6000,1.1000,0.05660394,0.06929103,0.12687090,0.00780744,0.00000000,0.21080090,0.33181620,1.20555000,0.00054945,0.00067155,0.00409035,0.02686200,3.69977600,3.30910500,1.80024200,1.10512700,0.61611660,1.10292900,0.79963290,0.72070740,3.30311000,3.30402600,0.79882700,4.91378000,4.92450000,0.00854700, 2, 255, 7, 24,0x50000,No,No,No,No,No,Yes,No,Yes
2026-04-11 15:32:15,0.3,1500,500,,500,500,44,,200,,,648,,51.6,0.7200,0.6000,0.6000,1.1000,0.05074836,0.07612254,0.12687090,0.00683151,0.00000000,0.20982490,0.33181620,1.21448000,0.00048840,0.00067155,0.00409035,0.02710620,3.70441600,3.29982600,1.79926600,1.10695900,0.61538400,1.10219700,0.79999920,0.72043880,3.30219400,3.30494200,0.79970620,4.92048000,4.91914000,0.00854700, 2, 255, 7, 24,0x50000,No,No,No,No,No,Yes,No,Yes
2026-04-11 15:32:18,0.0,1500,500,,500,500,44,,200,,,648,,52.7,0.7200,0.6000,0.6000,1.1000,0.05367615,0.07221882,0.12589500,0.00390372,0.00000000,0.20884900,0.33279210,1.22341000,0.00054945,0.00067155,0.00445665,0.02686200,3.69977600,3.30168200,1.80024200,1.10439400,0.61501770,1.10402800,0.79926660,0.72070740,3.30219400,3.30494200,0.79970620,4.90440000,4.91378000,0.00854700, 2, 255, 7, 24,0x50000,No,No,No,No,No,Yes,No,Yes
2026-04-11 15:32:20,0.0,1500,500,,500,500,44,,200,,,648,,51.6,0.7200,0.6000,0.6000,1.1000,0.05074836,0.07221882,0.12784680,0.00878337,0.00000000,0.20982490,0.33669580,1.21448000,0.00054945,0.00067155,0.00433455,0.02673990,3.69884800,3.30910500,1.79926600,1.10476100,0.61684920,1.10146400,0.79963290,0.72070740,3.30311000,3.30494200,0.79912020,4.91780000,4.91914000,0.00854700, 2, 255, 7, 24,0x50000,No,No,No,No,No,Yes,No,Yes
2026-04-11 15:32:22,0.0,1500,500,,500,500,43,,200,,,648,,52.7,0.7200,0.6000,0.6000,1.1000,0.04977243,0.07124290,0.12589500,0.00585558,0.00000000,0.20982490,0.33181620,1.23234000,0.00054945,0.00067155,0.00427350,0.02698410,3.69977600,3.30724900,1.78852100,1.10219700,0.61575030,1.10476100,0.79926660,0.72043880,3.30219400,3.30311000,0.79882700,4.91512000,4.90708000,0.00854700, 2, 255, 7, 24,0x50000,No,No,No,No,No,Yes,No,Yes
2026-04-11 15:32:24,0.2,1500,500,,500,500,44,,200,,,648,,52.7,0.7200,0.6000,0.6000,1.1000,0.04977243,0.07026696,0.12687090,0.00487965,0.00000000,0.21080090,0.32888840,1.21448000,0.00054945,0.00067155,0.00470085,0.02735040,3.69977600,3.30168200,1.80024200,1.10769100,0.61758180,1.10292900,0.79890030,0.72070740,3.30311000,3.30494200,0.79794790,4.90440000,4.91378000,0.00854700, 2, 255, 7, 24,0x50000,No,No,No,No,No,Yes,No,Yes
2026-04-11 15:32:26,0.0,1500,500,,500,500,44,,200,,,648,,52.1,0.7200,0.6000,0.6000,1.1000,0.05757987,0.07221882,0.12491900,0.01073523,0.00000000,0.21080090,0.33279210,1.21448000,0.00036630,0.00079365,0.00433455,0.02735040,3.70163200,3.30817700,1.80024200,1.10732500,0.61575030,1.10476100,0.79890030,0.72043880,3.30219400,3.30585700,0.79912020,4.92048000,4.92048000,0.00940170, 2, 255, 7, 24,0x50000,No,No,No,No,No,Yes,No,Yes
2026-04-11 15:32:28,0.0,1500,500,,500,500,44,,200,,,648,,51.6,0.7200,0.6000,0.6000,1.1000,0.04782057,0.06929103,0.12589500,0.00585558,0.00000000,0.27716410,0.33571990,1.21448000,0.00054945,0.00091575,0.00433455,0.02710620,3.70163200,3.32580900,1.80024200,1.10695900,0.61465140,1.10256300,0.79963290,0.72017020,3.30219400,3.30494200,0.79941320,4.91244000,4.91780000,0.00854700, 2, 255, 7, 24,0x50000,No,No,No,No,No,Yes,No,Yes
2026-04-11 15:32:30,0.0,1500,500,,500,500,44,,200,,,648,,52.1,0.7200,0.6000,0.6000,1.1000,0.05074836,0.08588185,0.12491900,0.00683151,0.00000000,0.20884900,0.33376810,1.21448000,0.00036630,0.00103785,0.00427350,0.02686200,3.69977600,3.30353800,1.78852100,1.11062200,0.61355250,1.10329600,0.79999920,0.72097620,3.30036300,3.30402600,0.79882700,4.91110000,4.91110000,0.00940170, 2, 255, 7, 24,0x50000,No,No,No,No,No,Yes,No,Yes
2026-04-11 15:32:33,0.2,1500,500,,500,500,44,,200,,,648,,52.7,0.7200,0.6000,0.6000,1.1000,0.05172429,0.06831510,0.12882280,0.00585558,0.00000000,0.21080090,0.32986440,1.21448000,0.00048840,0.00067155,0.00451770,0.02698410,3.70070400,3.31838500,1.80024200,1.10769100,0.61684920,1.10073200,0.79743510,0.72070740,3.30219400,3.30402600,0.79912020,4.90708000,4.91914000,0.00854700, 2, 255, 7, 24,0x50000,No,No,No,No,No,Yes,No,Yes
2026-04-11 15:32:35,0.0,1500,500,,500,500,44,,200,,,648,,51.6,0.7200,0.6000,0.6000,1.1000,0.04977243,0.07124290,0.12882280,0.00585558,0.00000000,0.20982490,0.33279210,1.21448000,0.00054945,0.00067155,0.00433455,0.02698410,3.69977600,3.31838500,1.79926600,1.10695900,0.60695910,1.10329600,0.79890030,0.72070740,3.29944700,3.30311000,0.79912020,4.87224000,4.89770000,0.00854700, 2, 255, 7, 24,0x50000,No,No,No,No,No,Yes,No,Yes
2026-04-11 15:32:37,0.0,1500,500,,500,500,44,,200,,,648,,51.6,0.7200,0.6000,0.6000,1.1000,0.05562801,0.08100219,0.12589500,0.00683151,0.00000000,0.21080090,0.33279210,1.21448000,0.00048840,0.00091575,0.00433455,0.02673990,3.69977600,3.31374500,1.79828900,1.10439400,0.61684920,1.10402800,0.79963290,0.72043880,3.30219400,3.30585700,0.79882700,4.90708000,4.91512000,0.00940170, 2, 255, 7, 24,0x50000,No,No,No,No,No,Yes,No,Yes
2026-04-11 15:32:39,0.0,1500,500,,500,500,44,,200,,,648,,51.0,0.7200,0.6000,0.6000,1.1000,0.04879650,0.07026696,0.12687090,0.00487965,0.00000000,0.20787310,0.32888840,1.22341000,0.00036630,0.00067155,0.00488400,0.02686200,3.69977600,3.31003300,1.78900900,1.10622600,0.61721550,1.10256300,0.79999920,0.72097620,3.30219400,3.30402600,0.79882700,4.91646000,4.92182000,0.00854700, 2, 255, 7, 24,0x50000,No,No,No,No,No,Yes,No,Yes
2026-04-11 15:32:41,0.0,1500,500,,500,500,44,,200,,,648,,51.6,0.7200,0.6000,0.6000,1.1000,0.04684464,0.07905034,0.12491900,0.00390372,0.00000000,0.20982490,0.33571990,1.22341000,0.00054945,0.00079365,0.00500610,0.02673990,3.69977600,3.31838500,1.80024200,1.10732500,0.61501770,1.10146400,0.79926660,0.72043880,3.30219400,3.30311000,0.79912020,4.90708000,4.90976000,0.00854700, 2, 255, 7, 24,0x50000,No,No,No,No,No,Yes,No,Yes
2026-04-11 15:32:43,0.0,1500,500,,500,500,44,,200,,,648,,51.0,0.7200,0.6000,0.6000,1.1000,0.04879650,0.08392998,0.12687090,0.00585558,0.00000000,0.20884900,0.33084030,1.22341000,0.00054945,0.00091575,0.00488400,0.02673990,3.69699300,3.32580900,1.79828900,1.10146400,0.61465140,1.10146400,0.79963290,0.72070740,3.30127900,3.30311000,0.79941320,4.91914000,4.91780000,0.00854700, 2, 255, 7, 24,0x50000,No,No,No,No,No,Yes,No,Yes
2026-04-11 15:32:45,0.0,1500,500,,500,500,44,,200,,,648,,52.7,0.7200,0.6000,0.6000,1.1000,0.05465208,0.06929103,0.12687090,0.00585558,0.00000000,0.20982490,0.33376810,1.21448000,0.00054945,0.00091575,0.00409035,0.02710620,3.70070400,3.31374500,1.79828900,1.10695900,0.61501770,1.10109800,0.79963290,0.72043880,3.29944700,3.30494200,0.79970620,4.91780000,4.91780000,0.00854700, 2, 255, 7, 24,0x50000,No,No,No,No,No,Yes,No,Yes
2026-04-11 15:32:48,0.0,1500,500,,500,500,44,,200,,,648,,52.1,0.7200,0.6000,0.6000,1.1000,0.04977243,0.07319475,0.12589500,0.00683151,0.00000000,0.21275270,0.33279210,1.20555000,0.00036630,0.00042735,0.00409035,0.02735040,3.70070400,3.29889800,1.79828900,1.10146400,0.61465140,1.10109800,0.79890030,0.72043880,3.30219400,3.30402600,0.79941320,4.90976000,4.91780000,0.00854700, 2, 255, 7, 24,0x50000,No,No,No,No,No,Yes,No,Yes
2026-04-11 15:32:50,0.0,1500,500,,500,500,44,,200,,,648,,52.1,0.7200,0.6000,0.6000,1.1000,0.05172429,0.07026696,0.12784680,0.00683151,0.00000000,0.20884900,0.33181620,1.22341000,0.00054945,0.00067155,0.00427350,0.02673990,3.69977600,3.31003300,1.78852100,1.10695900,0.61355250,1.10329600,0.79999920,0.72097620,3.30219400,3.30311000,0.79882700,4.90440000,4.91780000,0.00854700, 2, 255, 7, 24,0x50000,No,No,No,No,No,Yes,No,Yes
2026-04-11 15:32:52,0.0,1500,500,,500,500,44,,200,,,648,,51.6,0.7200,0.6000,0.6000,1.1000,0.04977243,0.06929103,0.12687090,0.00683151,0.00000000,0.23324730,0.32986440,1.22341000,0.00036630,0.00079365,0.00409035,0.02686200,3.70070400,3.32766400,1.79828900,1.10695900,0.61355250,1.10109800,0.79999920,0.72070740,3.29944700,3.30494200,0.79970620,4.91780000,4.92450000,0.00854700, 2, 255, 7, 24,0x50000,No,No,No,No,No,Yes,No,Yes
2026-04-11 15:32:54,0.0,1500,500,,500,500,44,,200,,,648,,51.0,0.7200,0.6000,0.6000,1.1000,0.04879650,0.07026696,0.12784680,0.01073523,0.00000000,0.21080090,0.33181620,1.21448000,0.00048840,0.00091575,0.00384615,0.02710620,3.69977600,3.29889800,1.80024200,1.10732500,0.61428510,1.10476100,0.80073180,0.72043880,3.30219400,3.30402600,0.79912020,4.91512000,4.92048000,0.00854700, 2, 255, 7, 24,0x50000,No,No,No,No,No,Yes,No,Yes
2026-04-11 15:32:56,0.0,1500,500,,500,500,43,,200,,,648,,52.7,0.7200,0.6000,0.6000,1.1000,0.04879650,0.07124290,0.12589500,0.00683151,0.00000000,0.21275270,0.33084030,1.21448000,0.00054945,0.00091575,0.00445665,0.02735040,3.69977600,3.30910500,1.80024200,1.10769100,0.61391880,1.10476100,0.79963290,0.72070740,3.30311000,3.30494200,0.79912020,4.91914000,4.91780000,0.00940170, 2, 255, 7, 24,0x50000,No,No,No,No,No,Yes,No,Yes
2026-04-11 15:32:58,0.0,1500,500,,500,500,44,,200,,,648,,51.6,0.7200,0.6000,0.6000,1.1000,0.04879650,0.07124290,0.12687090,0.00585558,0.00000000,0.20982490,0.33181620,1.20555000,0.00048840,0.00091575,0.00451770,0.02673990,3.70163200,3.29889800,1.79828900,1.10695900,0.61428510,1.10292900,0.79890030,0.72043880,3.30219400,3.30494200,0.79912020,4.91780000,4.91914000,0.00854700, 2, 255, 7, 24,0x50000,No,No,No,No,No,Yes,No,Yes
2026-04-11 15:33:00,0.0,1500,500,,500,500,44,,200,,,648,,53.2,0.7200,0.6000,0.6000,1.1000,0.05855580,0.06929103,0.12589500,0.00683151,0.00000000,0.20884900,0.33376810,1.21448000,0.00054945,0.00091575,0.00421245,0.02673990,3.70070400,3.30910500,1.80024200,1.10732500,0.61648290,1.10109800,0.79963290,0.72070740,3.30127900,3.30494200,0.79941320,4.91110000,4.91378000,0.00854700, 2, 255, 7, 24,0x50000,No,No,No,No,No,Yes,No,Yes
2026-04-11 15:33:02,0.0,1500,500,,500,500,43,,200,,,648,,53.2,0.7200,0.6000,0.6000,1.1000,0.04782057,0.07124290,0.12589500,0.00683151,0.00000000,0.21080090,0.32888840,1.22341000,0.00054945,0.00079365,0.00488400,0.02673990,3.70070400,3.31003300,1.80024200,1.11062200,0.61575030,1.10329600,0.79890030,0.72043880,3.30219400,3.30311000,0.79912020,4.91780000,4.91914000,0.00854700, 2, 255, 7, 24,0x50000,No,No,No,No,No,Yes,No,Yes
2026-04-11 15:33:05,0.5,1500,500,,500,500,43,,200,,,648,,51.6,0.7200,0.6000,0.6000,1.1000,0.04879650,0.06929103,0.12687090,0.00683151,0.00000000,0.20884900,0.33474400,1.21448000,0.00048840,0.00079365,0.00445665,0.02698410,3.69884800,3.30260900,1.79828900,1.10769100,0.61575030,1.10366200,0.79890030,0.72070740,3.30219400,3.30585700,0.79912020,4.91780000,4.91914000,0.00854700, 2, 255, 7, 24,0x50000,No,No,No,No,No,Yes,No,Yes
2026-04-11 15:33:07,0.0,1500,500,,500,500,44,,200,,,648,,52.7,0.7200,0.6000,0.6000,1.1000,0.05074836,0.07026696,0.12687090,0.00097593,0.00000000,0.21080090,0.33279210,1.22341000,0.00054945,0.00091575,0.00384615,0.02710620,3.69884800,3.32209700,1.80024200,1.10805800,0.61281990,1.10292900,0.79926660,0.72043880,3.30219400,3.30585700,0.79912020,4.90708000,4.91780000,0.00854700, 2, 255, 7, 24,0x50000,No,No,No,No,No,Yes,No,Yes
2026-04-11 15:33:09,0.0,1500,500,,500,500,44,,200,,,648,,51.6,0.7200,0.6000,0.6000,1.1000,0.04977243,0.07514661,0.12687090,0.00390372,0.00000000,0.20982490,0.33181620,1.22341000,0.00054945,0.00067155,0.00402930,0.02673990,3.69977600,3.31188900,1.78852100,1.10439400,0.61575030,1.10366200,0.79963290,0.72070740,3.30036300,3.30311000,0.79882700,4.92048000,4.90708000,0.00854700, 2, 255, 7, 24,0x50000,No,No,No,No,No,Yes,No,Yes
2026-04-11 15:33:11,0.0,1500,500,,500,500,44,,200,,,648,,52.7,0.7200,0.6000,0.6000,1.1000,0.05074836,0.06929103,0.12687090,0.00683151,0.00000000,0.21080090,0.33181620,1.22341000,0.00048840,0.00079365,0.00427350,0.02698410,3.69792000,3.31838500,1.79828900,1.10805800,0.61684920,1.10146400,0.80073180,0.72070740,3.30219400,3.30585700,0.79912020,4.90708000,4.91914000,0.00940170, 2, 255, 7, 24,0x50000,No,No,No,No,No,Yes,No,Yes
2026-04-11 15:33:13,0.0,1500,500,,500,500,44,,200,,,648,,52.7,0.7200,0.6000,0.6000,1.1000,0.05074836,0.10832820,0.15614880,0.00585558,0.00000000,0.21177680,0.33279210,1.22341000,0.00036630,0.00079365,0.00409035,0.02673990,3.70163200,3.30168200,1.80024200,1.10769100,0.61575030,1.10476100,0.79963290,0.72043880,3.30219400,3.30311000,0.79912020,4.90172000,4.90306000,0.00854700, 2, 255, 7, 24,0x50000,No,No,No,No,No,Yes,No,Yes
2026-04-11 15:33:15,0.0,1500,500,,500,500,44,,200,,,648,,51.0,0.7200,0.6000,0.6000,1.1000,0.05855580,0.06929103,0.12784680,0.00780744,0.00000000,0.21080090,0.33181620,1.21448000,0.00054945,0.00067155,0.00421245,0.02710620,3.69977600,3.29982600,1.78852100,1.10805800,0.61501770,1.10366200,0.79890030,0.72097620,3.30219400,3.30585700,0.79882700,4.92048000,4.92182000,0.00940170, 2, 255, 7, 24,0x50000,No,No,No,No,No,Yes,No,Yes
2026-04-11 15:33:18,0.0,1500,500,,500,500,44,,200,,,648,,53.2,0.7200,0.6000,0.6000,1.1000,0.05074836,0.07026696,0.12784680,0.00878337,0.00000000,0.20884900,0.33181620,1.21448000,0.00036630,0.00054945,0.00409035,0.02673990,3.69977600,3.30724900,1.78900900,1.10805800,0.61684920,1.10476100,0.79963290,0.72043880,3.30219400,3.30311000,0.79912020,4.90708000,4.88296000,0.00940170, 2, 255, 7, 24,0x50000,No,No,No,No,No,Yes,No,Yes
2026-04-11 15:33:20,0.2,1500,500,,500,500,44,,200,,,648,,52.1,0.7200,0.6000,0.6000,1.1000,0.04977243,0.07905034,0.12687090,0.00487965,0.00000000,0.21080090,0.33279210,1.21448000,0.00054945,0.00085470,0.00451770,0.02710620,3.69977600,3.30168200,1.79926600,1.10292900,0.61575030,1.10219700,0.79963290,0.72070740,3.30311000,3.30311000,0.79912020,4.91780000,4.90306000,0.00940170, 2, 255, 7, 24,0x50000,No,No,No,No,No,Yes,No,Yes
2026-04-11 15:33:22,0.0,1500,500,,500,500,44,,200,,,648,,51.0,0.7200,0.6000,0.6000,1.1000,0.04879650,0.07026696,0.12589500,0.00878337,0.00000000,0.21275270,0.33181620,1.22341000,0.00054945,0.00091575,0.00384615,0.02673990,3.70070400,3.31931300,1.79828900,1.10695900,0.61684920,1.10476100,0.80036550,0.72070740,3.30127900,3.30402600,0.79941320,4.91378000,4.91378000,0.00854700, 2, 255, 7, 24,0x50000,No,No,No,No,No,Yes,No,Yes
2026-04-11 15:33:24,0.0,1500,500,,500,500,44,,200,,,648,,52.7,0.7200,0.6000,0.6000,1.1000,0.04977243,0.06929103,0.12687090,0.00878337,0.00000000,0.20982490,0.36109410,1.21448000,0.00054945,0.00091575,0.00409035,0.02661780,3.70070400,3.31003300,1.79828900,1.10695900,0.61501770,1.10292900,0.80073180,0.72070740,3.29944700,3.30494200,0.79941320,4.87626000,4.86018000,0.00854700, 2, 255, 7, 24,0x50000,No,No,No,No,No,Yes,No,Yes
2026-04-11 15:33:26,0.0,1500,500,,500,500,44,,200,,,648,,52.1,0.7200,0.6000,0.6000,1.1000,0.04977243,0.06929103,0.12882280,0.01951860,0.00000000,0.20884900,0.33181620,1.22341000,0.00054945,0.00091575,0.00500610,0.02735040,3.70070400,3.32952100,1.80024200,1.10769100,0.61465140,1.10036500,0.80073180,0.72070740,3.30219400,3.30494200,0.79912020,4.91914000,4.92584000,0.00940170, 2, 255, 7, 24,0x50000,No,No,No,No,No,Yes,No,Yes
2026-04-11 15:33:28,0.0,1500,500,,500,500,44,,200,,,648,,52.7,0.7200,0.6000,0.6000,1.1000,0.04977243,0.07417068,0.12394310,0.00780744,0.00000000,0.21177680,0.32888840,1.21448000,0.00054945,0.00091575,0.00421245,0.02710620,3.70163200,3.31003300,1.80024200,1.10146400,0.61465140,1.10476100,0.79999920,0.72043880,3.30311000,3.30494200,0.79941320,4.91512000,4.91914000,0.00854700, 2, 255, 7, 24,0x50000,No,No,No,No,No,Yes,No,Yes
2026-04-11 15:33:30,0.0,1500,500,,500,500,44,,200,,,648,,51.6,0.7200,0.6000,0.6000,1.1000,0.05074836,0.08588185,0.12589500,0.00487965,0.00000000,0.21080090,0.33084030,1.22341000,0.00048840,0.00091575,0.00451770,0.02673990,3.70070400,3.30910500,1.80610300,1.10695900,0.61648290,1.10549400,0.80073180,0.72070740,3.30219400,3.30494200,0.79941320,4.91780000,4.91378000,0.00940170, 2, 255, 7, 24,0x50000,No,No,No,No,No,Yes,No,Yes
2026-04-11 15:33:33,0.0,1500,500,,500,500,43,,200,,,648,,52.7,0.7200,0.6000,0.6000,1.1000,0.04977243,0.10930420,0.15907660,0.00487965,0.00000000,0.20982490,0.33181620,1.21448000,0.00042735,0.00091575,0.00445665,0.02661780,3.70070400,3.32766400,1.79828900,1.10732500,0.61355250,1.10366200,0.79999920,0.72097620,3.30402600,3.30402600,0.79882700,4.90038000,4.90440000,0.00940170, 2, 255, 7, 24,0x50000,No,No,No,No,No,Yes,No,Yes
2026-04-11 15:33:35,0.0,1500,500,,500,500,44,,200,,,648,,51.6,0.7200,0.6000,0.6000,1.1000,0.04879650,0.07026696,0.12589500,0.00487965,0.00000000,0.21080090,0.33181620,1.22341000,0.00054945,0.00085470,0.00445665,0.02686200,3.69977600,3.30910500,1.79828900,1.10512700,0.61501770,1.10146400,0.79963290,0.72070740,3.30219400,3.30402600,0.79941320,4.91244000,4.91244000,0.00940170, 2, 255, 7, 24,0x50000,No,No,No,No,No,Yes,No,Yes
2026-04-11 15:33:37,0.0,1500,500,,500,500,44,,200,,,648,,51.0,0.7200,0.6000,0.6000,1.1000,0.05660394,0.07514661,0.12687090,0.00585558,0.00000000,0.20884900,0.33669580,1.22341000,0.00054945,0.00067155,0.00439560,0.02661780,3.69977600,3.31838500,1.78852100,1.10915600,0.61648290,1.10366200,0.79999920,0.72017020,3.30219400,3.30311000,0.79882700,4.90842000,4.92048000,0.00854700, 2, 255, 7, 24,0x50000,No,No,No,No,No,Yes,No,Yes
2026-04-11 15:33:39,0.0,1500,500,,500,500,44,,200,,,648,,51.0,0.7200,0.6000,0.6000,1.1000,0.04977243,0.06929103,0.12394310,0.00780744,0.00000000,0.21080090,0.33376810,1.21448000,0.00048840,0.00067155,0.00427350,0.02661780,3.69977600,3.31838500,1.78852100,1.10439400,0.61575030,1.10146400,0.79890030,0.72097620,3.30036300,3.30402600,0.79882700,4.91646000,4.92048000,0.00940170, 2, 255, 7, 24,0x50000,No,No,No,No,No,Yes,No,Yes
2026-04-11 15:33:41,0.0,1500,500,,500,500,44,,200,,,648,,52.1,0.7200,0.6000,0.6000,1.1000,0.05367615,0.06929103,0.12491900,0.00780744,0.00000000,0.20787310,0.33474400,1.22341000,0.00042735,0.00067155,0.00439560,0.02722830,3.69977600,3.31003300,1.78852100,1.10769100,0.61684920,1.10073200,0.79999920,0.72043880,3.30219400,3.30311000,0.79882700,4.91512000,4.90574000,0.00940170, 2, 255, 7, 24,0x50000,No,No,No,No,No,Yes,No,Yes
2026-04-11 15:33:43,0.0,1500,500,,500,500,44,,200,,,648,,51.0,0.7200,0.6000,0.6000,1.1000,0.05074836,0.07026696,0.12491900,0.00585558,0.00000000,0.22153610,0.33181620,1.22341000,0.00048840,0.00091575,0.00421245,0.02686200,3.69792000,3.31838500,1.80024200,1.10219700,0.61684920,1.10476100,0.79963290,0.72043880,3.30219400,3.30494200,0.79912020,4.91512000,4.91914000,0.00940170, 2, 255, 7, 24,0x50000,No,No,No,No,No,Yes,No,Yes
2026-04-11 15:33:45,0.0,1500,500,,500,500,44,,200,,,648,,51.6,0.7200,0.6000,0.6000,1.1000,0.05074836,0.07514661,0.12784680,0.00585558,0.00000000,0.20787310,0.33181620,1.22341000,0.00054945,0.00091575,0.00409035,0.02710620,3.69977600,3.30168200,1.80024200,1.10769100,0.61611660,1.10366200,0.79963290,0.72043880,3.30127900,3.30402600,0.79912020,4.90842000,4.90842000,0.00854700, 2, 255, 7, 24,0x50000,No,No,No,No,No,Yes,No,Yes
2026-04-11 15:33:48,0.0,1500,500,,500,500,43,,200,,,648,,52.7,0.7200,0.6000,0.6000,1.1000,0.04879650,0.06929103,0.12687090,0.00683151,0.00000000,0.21372870,0.33376810,1.22341000,0.00054945,0.00067155,0.00384615,0.02710620,3.69977600,3.30168200,1.80024200,1.10805800,0.61684920,1.10146400,0.80073180,0.72070740,3.30219400,3.30585700,0.79912020,4.91780000,4.92048000,0.00940170, 2, 255, 7, 24,0x50000,No,No,No,No,No,Yes,No,Yes
2026-04-11 15:33:50,0.0,1500,500,,500,500,44,,200,,,648,,52.7,0.7200,0.6000,0.6000,1.1000,0.05172429,0.06929103,0.12394310,0.00487965,0.00000000,0.20884900,0.34450330,1.22341000,0.00036630,0.00067155,0.00427350,0.02698410,3.69977600,3.30910500,1.78852100,1.10695900,0.61428510,1.10402800,0.79926660,0.72097620,3.30127900,3.30402600,0.79912020,4.91512000,4.90842000,0.00940170, 2, 255, 7, 24,0x50000,No,No,No,No,No,Yes,No,Yes
2026-04-11 15:33:52,0.0,1500,500,,500,500,44,,200,,,648,,53.2,0.7200,0.6000,0.6000,1.1000,0.04879650,0.07124290,0.12784680,0.00780744,0.00000000,0.22056020,0.33181620,1.22341000,0.00054945,0.00079365,0.00488400,0.02673990,3.69792000,3.31838500,1.79828900,1.10439400,0.61648290,1.10292900,0.79890030,0.72043880,3.30036300,3.30494200,0.79970620,4.89770000,4.91378000,0.00854700, 2, 255, 7, 24,0x50000,No,No,No,No,No,Yes,No,Yes
2026-04-11 15:33:54,0.0,1500,500,,500,500,44,,200,,,648,,52.7,0.7200,0.6000,0.6000,1.1000,0.04879650,0.07319475,0.12491900,0.00780744,0.00000000,0.23324730,0.33181620,1.22341000,0.00048840,0.00079365,0.00488400,0.02673990,3.70070400,3.30168200,1.80024200,1.10439400,0.61538400,1.10109800,0.79999920,0.72097620,3.30219400,3.30402600,0.79912020,4.90708000,4.91780000,0.00854700, 2, 255, 7, 24,0x50000,No,No,No,No,No,Yes,No,Yes
2026-04-11 15:33:56,0.0,1500,500,,500,500,44,,200,,,648,,51.6,0.7200,0.6000,0.6000,1.1000,0.04879650,0.07709848,0.12784680,0.00975930,0.00000000,0.21080090,0.33279210,1.21448000,0.00054945,0.00091575,0.00451770,0.02710620,3.69977600,3.29982600,1.80024200,1.10732500,0.61648290,1.10512700,0.80036550,0.72070740,3.30311000,3.30494200,0.79941320,4.91914000,4.92450000,0.00854700, 2, 255, 7, 24,0x50000,No,No,No,No,No,Yes,No,Yes
2026-04-11 15:33:58,0.0,1500,500,,500,500,44,,200,,,648,,52.7,0.7200,0.6000,0.6000,1.1000,0.04977243,0.07709848,0.12589500,0.00487965,0.00000000,0.20982490,0.33084030,1.22341000,0.00036630,0.00067155,0.00409035,0.02673990,3.69977600,3.31003300,1.78852100,1.10695900,0.61428510,1.10402800,0.80073180,0.72097620,3.30219400,3.30311000,0.79882700,4.91512000,4.90842000,0.00854700, 2, 255, 7, 24,0x50000,No,No,No,No,No,Yes,No,Yes
2026-04-11 15:34:00,0.0,1500,500,,500,500,44,,200,,,648,,53.2,0.7200,0.6000,0.6000,1.1000,0.05757987,0.07124290,0.12882280,0.00390372,0.00000000,0.20884900,0.33279210,1.21448000,0.00054945,0.00091575,0.00427350,0.02698410,3.70163200,3.29982600,1.80024200,1.10292900,0.61611660,1.10073200,0.79963290,0.72070740,3.30219400,3.30311000,0.79912020,4.91244000,4.91244000,0.00854700, 2, 255, 7, 24,0x50000,No,No,No,No,No,Yes,No,Yes
2026-04-11 15:34:03,0.0,1500,500,,500,500,44,,200,,,648,,52.1,0.7200,0.6000,0.6000,1.1000,0.05367615,0.07514661,0.12589500,0.00390372,0.00000000,0.20884900,0.33279210,1.22341000,0.00054945,0.00067155,0.00433455,0.02698410,3.70441600,3.31003300,1.79926600,1.10146400,0.61611660,1.10476100,0.80036550,0.72043880,3.30219400,3.30402600,0.79912020,4.92584000,4.91378000,0.00854700, 2, 255, 7, 24,0x50000,No,No,No,No,No,Yes,No,Yes
2026-04-11 15:34:05,0.2,1500,500,,500,500,44,,200,,,648,,51.6,0.7200,0.6000,0.6000,1.1000,0.04879650,0.06929103,0.12784680,0.00683151,0.00000000,0.21080090,0.33571990,1.22341000,0.00054945,0.00091575,0.00409035,0.02673990,3.70070400,3.29982600,1.80024200,1.10769100,0.60586020,1.10109800,0.79963290,0.72070740,3.30219400,3.30402600,0.79941320,4.91378000,4.91110000,0.00854700, 2, 255, 7, 24,0x50000,No,No,No,No,No,Yes,No,Yes
2026-04-11 15:34:07,0.0,1500,500,,500,500,44,,200,,,648,,54.3,0.7200,0.6000,0.6000,1.1000,0.04977243,0.07026696,0.12491900,0.00585558,0.00000000,0.21275270,0.33376810,1.22341000,0.00036630,0.00042735,0.00409035,0.02698410,3.70070400,3.32580900,1.79828900,1.10439400,0.61575030,1.10109800,0.79963290,0.72043880,3.29944700,3.30402600,0.79941320,4.90976000,4.91780000,0.00854700, 2, 255, 7, 24,0x50000,No,No,No,No,No,Yes,No,Yes
2026-04-11 15:34:09,0.0,1500,500,,500,500,43,,200,,,648,,51.6,0.7200,0.6000,0.6000,1.1000,0.04977243,0.06929103,0.12491900,0.00683151,0.00000000,0.21080090,0.33084030,1.22341000,0.00054945,0.00079365,0.00445665,0.02686200,3.70070400,3.31374500,1.79828900,1.10695900,0.61648290,1.10402800,0.79963290,0.72070740,3.30127900,3.30494200,0.79941320,4.91378000,4.92182000,0.00940170, 2, 255, 7, 24,0x50000,No,No,No,No,No,Yes,No,Yes
2026-04-11 15:34:11,0.0,1500,500,,500,500,44,,200,,,648,,51.6,0.7200,0.6000,0.6000,1.1000,0.04782057,0.07417068,0.12687090,0.00878337,0.00000000,0.20982490,0.33279210,1.22341000,0.00054945,0.00091575,0.00384615,0.02673990,3.69884800,3.31188900,1.79828900,1.10476100,0.61648290,1.09999900,0.79999920,0.72017020,3.30127900,3.30402600,0.79941320,4.91378000,4.91914000,0.00940170, 2, 255, 7, 24,0x50000,No,No,No,No,No,Yes,No,Yes
2026-04-11 15:34:13,0.0,1500,500,,500,500,43,,200,,,648,,52.1,0.7200,0.6000,0.6000,1.1000,0.04977243,0.07026696,0.12589500,0.00683151,0.00000000,0.20982490,0.33376810,1.22341000,0.00054945,0.00091575,0.00409035,0.02710620,3.69977600,3.32766400,1.80610300,1.10695900,0.61648290,1.10292900,0.79963290,0.72017020,3.30127900,3.30402600,0.79882700,4.91378000,4.92048000,0.00940170, 2, 255, 7, 24,0x50000,No,No,No,No,No,Yes,No,Yes
2026-04-11 15:34:15,0.0,1500,500,,500,500,44,,200,,,648,,51.0,0.7200,0.6000,0.6000,1.1000,0.05172429,0.07221882,0.12687090,0.02049453,0.00000000,0.22056020,0.33181620,1.22341000,0.00048840,0.00079365,0.00451770,0.02673990,3.70070400,3.31003300,1.80024200,1.10769100,0.61575030,1.10292900,0.79926660,0.72043880,3.30219400,3.30402600,0.79912020,4.90842000,4.92584000,0.00854700, 2, 255, 7, 24,0x50000,No,No,No,No,No,Yes,No,Yes
2026-04-11 15:34:18,0.0,1500,500,,500,500,44,,200,,,648,,53.2,0.7200,0.6000,0.6000,1.1000,0.04977243,0.07124290,0.12589500,0.00097593,0.00000000,0.22153610,0.33571990,1.20555000,0.00054945,0.00067155,0.00384615,0.02710620,3.69977600,3.30724900,1.79926600,1.10439400,0.61391880,1.10146400,0.80073180,0.72043880,3.30219400,3.30311000,0.79882700,4.91780000,4.90842000,0.00940170, 2, 255, 7, 24,0x50000,No,No,No,No,No,Yes,No,Yes
2026-04-11 15:34:20,0.0,1500,500,,500,500,44,,200,,,648,,52.7,0.7200,0.6000,0.6000,1.1000,0.04977243,0.08002626,0.12687090,0.00585558,0.00000000,0.21275270,0.33181620,1.22341000,0.00048840,0.00079365,0.00433455,0.02686200,3.70070400,3.31374500,1.79828900,1.10476100,0.60036570,1.10146400,0.80073180,0.72070740,3.30127900,3.30311000,0.79912020,4.87626000,4.87626000,0.00940170, 2, 255, 7, 24,0x50000,No,No,No,No,No,Yes,No,Yes
2026-04-11 15:34:22,0.0,1500,500,,500,500,44,,200,,,648,,51.6,0.7200,0.6000,0.6000,1.1000,0.04879650,0.07026696,0.12687090,0.00585558,0.00000000,0.20982490,0.33279210,1.22341000,0.00048840,0.00067155,0.00433455,0.02673990,3.69792000,3.30724900,1.79926600,1.10769100,0.61758180,1.10146400,0.79926660,0.72043880,3.30219400,3.30311000,0.79882700,4.92048000,4.91780000,0.00940170, 2, 255, 7, 24,0x50000,No,No,No,No,No,Yes,No,Yes
2026-04-11 15:34:24,0.0,1500,500,,500,500,44,,200,,,648,,52.7,0.7200,0.6000,0.6000,1.1000,0.04977243,0.07124290,0.12979870,0.00390372,0.00000000,0.24495840,0.32791250,1.22341000,0.00048840,0.00091575,0.00409035,0.02735040,3.69977600,3.32580900,1.80024200,1.10915600,0.61684920,1.10292900,0.80073180,0.72043880,3.30219400,3.30494200,0.79912020,4.91244000,4.91244000,0.00854700, 2, 255, 7, 24,0x50000,No,No,No,No,No,Yes,No,Yes
2026-04-11 15:34:26,0.0,1500,500,,500,500,44,,200,,,648,,52.7,0.7200,0.6000,0.6000,1.1000,0.05172429,0.06929103,0.12687090,0.00292779,0.00000000,0.21080090,0.32693650,1.20555000,0.00054945,0.00067155,0.00427350,0.02710620,3.69977600,3.31838500,1.81684800,1.10439400,0.61648290,1.10146400,0.79926660,0.72097620,3.30219400,3.30585700,0.79882700,4.91512000,4.92048000,0.00854700, 2, 255, 7, 24,0x50000,No,No,No,No,No,Yes,No,Yes
2026-04-11 15:34:28,0.2,1500,500,,500,500,44,,200,,,648,,51.6,0.7200,0.6000,0.6000,1.1000,0.04977243,0.06733918,0.12784680,0.00683151,0.00000000,0.21470460,0.33181620,1.20555000,0.00054945,0.00085470,0.00488400,0.02710620,3.70070400,3.31374500,1.80024200,1.10439400,0.61684920,1.10329600,0.80073180,0.72070740,3.30311000,3.30494200,0.79970620,4.92316000,4.91378000,0.00854700, 2, 255, 7, 24,0x50000,No,No,No,No,No,Yes,No,Yes
2026-04-11 15:34:30,0.0,1500,500,,500,500,44,,200,,,648,,51.6,0.7200,0.6000,0.6000,1.1000,0.04977243,0.06929103,0.12784680,0.00390372,0.00000000,0.20982490,0.33474400,1.21448000,0.00048840,0.00067155,0.00445665,0.02698410,3.69977600,3.31374500,1.78852100,1.10915600,0.61575030,1.10512700,0.80036550,0.72070740,3.30219400,3.30585700,0.79912020,4.91110000,4.90708000,0.00940170, 2, 255, 7, 24,0x50000,No,No,No,No,No,Yes,No,Yes
2026-04-11 15:34:32,0.0,1500,500,,500,500,44,,200,,,648,,53.2,0.7200,0.6000,0.6000,1.1000,0.05074836,0.07221882,0.12687090,0.00683151,0.00000000,0.21080090,0.33084030,1.22341000,0.00048840,0.00091575,0.00445665,0.02698410,3.70163200,3.32952100,1.79828900,1.10769100,0.61501770,1.09999900,0.80036550,0.72070740,3.30219400,3.30494200,0.79941320,4.91780000,4.91914000,0.00854700, 2, 255, 7, 24,0x50000,No,No,No,No,No,Yes,No,Yes
2026-04-11 15:34:35,0.0,1500,500,,500,500,43,,200,,,648,,51.6,0.7200,0.6000,0.6000,1.1000,0.04879650,0.07026696,0.12784680,0.00487965,0.00000000,0.21177680,0.33474400,1.22341000,0.00036630,0.00079365,0.00421245,0.02735040,3.69977600,3.31931300,1.80024200,1.10915600,0.61575030,1.10292900,0.79963290,0.72070740,3.30311000,3.30494200,0.79912020,4.91914000,4.91780000,0.00854700, 2, 255, 7, 24,0x50000,No,No,No,No,No,Yes,No,Yes
2026-04-11 15:34:37,0.0,1500,500,,500,500,44,,200,,,648,,52.7,0.7200,0.6000,0.6000,1.1000,0.05172429,0.07905034,0.12784680,0.00487965,0.00000000,0.21080090,0.33279210,1.20555000,0.00054945,0.00091575,0.00421245,0.02686200,3.69977600,3.31838500,1.79828900,1.10292900,0.61611660,1.10366200,0.79926660,0.72017020,3.29944700,3.30494200,0.79941320,4.91244000,4.91914000,0.00854700, 2, 255, 7, 24,0x50000,No,No,No,No,No,Yes,No,Yes
2026-04-11 15:34:39,0.0,1500,500,,500,500,44,,200,,,648,,52.1,0.7200,0.6000,0.6000,1.1000,0.04977243,0.07124290,0.12687090,0.00683151,0.00000000,0.21177680,0.33279210,1.22341000,0.00036630,0.00079365,0.00433455,0.02735040,3.69977600,3.29889800,1.80024200,1.10769100,0.61428510,1.10366200,0.79999920,0.72070740,3.30219400,3.30311000,0.79882700,4.92316000,4.89770000,0.00940170, 2, 255, 7, 24,0x50000,No,No,No,No,No,Yes,No,Yes
2026-04-11 15:34:41,0.0,1500,500,,500,500,44,,200,,,648,,52.7,0.7200,0.6000,0.6000,1.1000,0.04977243,0.07612254,0.12491900,0.00683151,0.00000000,0.21080090,0.33279210,1.22341000,0.00036630,0.00042735,0.00445665,0.02735040,3.69977600,3.31838500,1.79828900,1.10146400,0.61465140,1.10292900,0.79926660,0.72043880,3.30311000,3.30402600,0.79941320,4.91780000,4.91780000,0.00940170, 2, 255, 7, 24,0x50000,No,No,No,No,No,Yes,No,Yes
2026-04-11 15:34:43,0.0,1500,500,,500,500,44,,200,,,648,,51.6,0.7200,0.6000,0.6000,1.1000,0.00097593,0.07514661,0.12491900,0.00487965,0.00000000,0.21080090,0.33376810,1.22341000,0.00054945,0.00067155,0.00463980,0.02747250,3.69977600,3.31281700,1.78852100,1.10292900,0.61575030,1.10146400,0.79890030,0.72043880,3.30219400,3.30311000,0.79941320,4.92584000,4.93120000,0.00854700, 2, 255, 7, 24,0x50000,No,No,No,No,No,Yes,No,Yes
2026-04-11 15:34:45,0.0,1500,500,,500,500,44,,200,,,648,,52.1,0.7200,0.6000,0.6000,1.1000,0.00195186,0.06929103,0.12589500,0.00585558,0.00000000,0.20689720,0.33279210,1.22341000,0.00054945,0.00079365,0.00506715,0.02710620,3.69977600,3.31560100,1.80024200,1.10109800,0.61465140,1.10402800,0.79890030,0.72043880,3.29944700,3.30402600,0.79970620,4.93924000,4.93522000,0.00854700, 2, 255, 7, 24,0x50000,No,No,No,No,No,Yes,No,Yes
2026-04-11 15:34:47,0.2,1500,500,,500,500,44,,200,,,648,,52.1,0.7200,0.6000,0.6000,1.1000,0.04977243,0.07709848,0.12589500,0.00390372,0.00000000,0.21080090,0.33181620,1.21448000,0.00054945,0.00091575,0.00445665,0.02710620,3.70070400,3.31838500,1.79828900,1.10805800,0.61501770,1.10146400,0.79963290,0.72070740,3.30127900,3.30402600,0.79941320,4.91378000,4.91110000,0.00940170, 2, 255, 7, 24,0x50000,No,No,No,No,No,Yes,No,Yes
2026-04-11 15:34:50,0.0,1500,500,,500,500,44,,200,,,648,,52.1,0.7200,0.6000,0.6000,1.1000,0.00000000,0.06929103,0.12394310,0.00487965,0.00000000,0.20884900,0.33084030,1.22341000,0.00048840,0.00067155,0.00409035,0.02735040,3.69977600,3.30168200,1.80024200,1.10439400,0.61501770,1.10256300,0.80073180,0.72043880,3.30219400,3.30402600,0.79912020,4.93120000,4.93656000,0.00854700, 2, 255, 7, 24,0x50000,No,No,No,No,No,Yes,No,Yes
2026-04-11 15:34:52,0.0,1500,500,,500,500,44,,200,,,648,,53.2,0.7200,0.6000,0.6000,1.1000,0.04977243,0.07514661,0.12589500,0.00585558,0.00000000,0.21080090,0.33279210,1.21448000,0.00054945,0.00091575,0.00409035,0.02686200,3.70070400,3.30260900,1.80024200,1.10439400,0.61611660,1.10476100,0.79926660,0.72017020,3.29944700,3.30494200,0.79970620,4.91914000,4.92048000,0.00940170, 2, 255, 7, 24,0x50000,No,No,No,No,No,Yes,No,Yes
2026-04-11 15:34:54,0.0,1500,500,,500,500,44,,200,,,648,,52.7,0.7200,0.6000,0.6000,1.1000,0.00097593,0.07417068,0.12784680,0.00780744,0.00000000,0.21080090,0.33181620,1.22341000,0.00054945,0.00091575,0.00433455,0.02686200,3.69884800,3.31931300,1.80024200,1.10109800,0.61611660,1.10366200,0.79963290,0.72043880,3.30219400,3.30494200,0.79853400,4.91914000,4.92852000,0.00854700, 2, 255, 7, 24,0x50000,No,No,No,No,No,Yes,No,Yes
2026-04-11 15:34:56,0.0,1500,500,,500,500,44,,200,,,648,,51.0,0.7200,0.6000,0.6000,1.1000,0.05660394,0.07417068,0.12687090,0.00390372,0.00000000,0.21177680,0.33376810,1.22341000,0.00054945,0.00067155,0.00433455,0.02698410,3.69977600,3.31374500,1.78852100,1.10476100,0.61501770,1.10402800,0.80073180,0.72043880,3.30219400,3.30219400,0.79882700,4.90708000,4.91780000,0.00854700, 2, 255, 7, 24,0x50000,No,No,No,No,No,Yes,No,Yes
2026-04-11 15:34:58,0.0,1500,500,,500,500,44,,200,,,648,,53.8,0.7200,0.6000,0.6000,1.1000,0.04977243,0.07709848,0.12589500,0.00683151,0.00000000,0.20884900,0.33279210,1.21448000,0.00042735,0.00067155,0.00409035,0.02673990,3.69977600,3.31003300,1.78852100,1.10439400,0.61648290,1.10256300,0.79890030,0.72097620,3.30127900,3.30402600,0.79824100,4.92048000,4.92048000,0.00940170, 2, 255, 7, 24,0x50000,No,No,No,No,No,Yes,No,Yes
2026-04-11 15:35:00,0.0,1500,500,,500,500,44,,200,,,648,,51.6,0.7200,0.6000,0.6000,1.1000,0.04782057,0.07026696,0.12589500,0.00683151,0.00000000,0.20982490,0.33181620,1.22341000,0.00042735,0.00091575,0.00409035,0.02673990,3.69884800,3.31374500,1.80610300,1.10695900,0.61648290,1.10146400,0.80073180,0.72017020,3.30402600,3.30402600,0.79882700,4.90306000,4.91378000,0.00940170, 2, 255, 7, 24,0x50000,No,No,No,No,No,Yes,No,Yes
2026-04-11 15:35:03,0.0,1500,500,,500,500,44,,200,,,648,,52.7,0.7200,0.6000,0.6000,1.1000,0.00000000,0.07026696,0.12491900,0.00683151,0.00000000,0.22056020,0.33279210,1.22341000,0.00054945,0.00091575,0.00409035,0.02710620,3.69792000,3.31096100,1.79828900,1.10439400,0.61391880,1.10476100,0.80073180,0.72043880,3.29944700,3.30494200,0.79941320,4.93120000,4.93522000,0.00854700, 2, 255, 7, 24,0x50000,No,No,No,No,No,Yes,No,Yes
2026-04-11 15:35:05,0.0,1500,500,,500,500,44,,200,,,648,,52.7,0.7200,0.6000,0.6000,1.1000,0.00292779,0.07124290,0.12784680,0.00487965,0.00000000,0.20884900,0.33376810,1.21448000,0.00054945,0.00091575,0.00384615,0.02710620,3.69884800,3.30910500,1.80610300,1.10769100,0.61575030,1.10476100,0.79926660,0.72017020,3.30402600,3.30311000,0.79941320,4.92986000,4.92986000,0.00940170, 2, 255, 7, 24,0x50000,No,No,No,No,No,Yes,No,Yes
2026-04-11 15:35:07,0.0,1500,500,,500,500,44,,200,,,648,,51.6,0.7200,0.6000,0.6000,1.1000,0.00000000,0.10930420,0.15810070,0.00780744,0.00000000,0.20787310,0.33181620,1.22341000,0.00054945,0.00079365,0.00445665,0.02710620,3.70163200,3.32952100,1.79828900,1.10769100,0.61611660,1.10366200,0.79999920,0.72070740,3.30127900,3.30494200,0.79941320,4.91244000,4.91110000,0.00940170, 2, 255, 7, 24,0x50000,No,No,No,No,No,Yes,No,Yes
2026-04-11 15:35:09,0.0,1500,500,,500,500,43,,200,,,648,,51.0,0.7200,0.6000,0.6000,1.1000,0.00000000,0.07026696,0.12687090,0.00195186,0.00000000,0.21080090,0.33181620,1.21448000,0.00048840,0.00067155,0.00433455,0.02686200,3.69977600,3.29982600,1.79926600,1.10695900,0.61648290,1.10476100,0.79926660,0.72043880,3.30219400,3.30585700,0.79941320,4.92584000,4.90440000,0.00854700, 2, 255, 7, 24,0x50000,No,No,No,No,No,Yes,No,Yes
2026-04-11 15:35:11,0.0,1500,500,,500,500,44,,200,,,648,,52.1,0.7200,0.6000,0.6000,1.1000,0.00097593,0.07319475,0.12784680,0.00292779,0.00000000,0.20787310,0.33181620,1.23234000,0.00054945,0.00091575,0.00409035,0.02747250,3.70070400,3.30910500,1.79828900,1.10988900,0.61575030,1.10476100,0.80036550,0.72097620,3.30127900,3.30402600,0.79853400,4.92450000,4.92450000,0.00854700, 2, 255, 7, 24,0x50000,No,No,No,No,No,Yes,No,Yes
2026-04-11 15:35:13,0.0,1500,500,,500,500,44,,200,,,648,,51.0,0.7200,0.6000,0.6000,1.1000,0.07221882,0.07124290,0.12687090,0.00683151,0.00000000,0.21275270,0.33279210,1.21448000,0.00054945,0.00085470,0.00488400,0.02673990,3.69977600,3.31003300,1.79926600,1.10146400,0.61575030,1.10329600,0.79926660,0.72043880,3.30219400,3.30311000,0.79912020,4.92584000,4.93120000,0.00854700, 2, 255, 7, 24,0x50000,No,No,No,No,No,Yes,No,Yes
2026-04-11 15:35:15,0.0,1500,500,,500,500,44,,200,,,648,,51.0,0.7200,0.6000,0.6000,1.1000,0.00097593,0.07417068,0.12784680,0.00683151,0.00000000,0.20884900,0.33279210,1.21448000,0.00054945,0.00091575,0.00488400,0.02673990,3.70070400,3.31838500,1.79828900,1.10439400,0.61611660,1.10256300,0.79963290,0.72070740,3.30311000,3.30402600,0.79853400,4.88832000,4.87090000,0.00940170, 2, 255, 7, 24,0x50000,No,No,No,No,No,Yes,No,Yes
2026-04-11 15:35:17,0.0,1500,500,,500,500,44,,200,,,648,,52.7,0.7200,0.6000,0.6000,1.1000,0.00195186,0.07417068,0.12687090,0.00487965,0.00000000,0.20884900,0.33181620,1.22341000,0.00054945,0.00091575,0.00384615,0.02673990,3.69884800,3.31467300,1.79926600,1.10439400,0.61538400,1.10292900,0.79999920,0.72043880,3.30219400,3.30402600,0.79941320,4.92584000,4.93120000,0.00940170, 2, 255, 7, 24,0x50000,No,No,No,No,No,Yes,No,Yes
2026-04-11 15:35:20,0.0,1500,500,,500,500,43,,200,,,648,,51.6,0.7200,0.6000,0.6000,1.1000,0.00195186,0.07221882,0.12687090,0.00780744,0.00000000,0.20787310,0.33474400,1.22341000,0.00048840,0.00079365,0.00409035,0.02710620,3.70256000,3.32580900,1.79828900,1.10695900,0.61684920,1.10476100,0.79963290,0.72043880,3.30219400,3.30311000,0.79970620,4.93120000,4.91914000,0.00854700, 2, 255, 7, 24,0x50000,No,No,No,No,No,Yes,No,Yes
2026-04-11 15:35:22,0.0,1500,500,,500,500,44,,200,,,648,,51.6,0.7200,0.6000,0.6000,1.1000,0.00195186,0.07124290,0.12784680,0.00683151,0.00000000,0.20982490,0.33084030,1.22341000,0.00036630,0.00103785,0.00427350,0.02722830,3.69977600,3.31467300,1.81684800,1.10915600,0.61575030,1.09999900,0.79670250,0.72043880,3.30311000,3.30402600,0.79882700,4.90976000,4.92182000,0.00940170, 2, 255, 7, 24,0x50000,No,No,No,No,No,Yes,No,Yes
2026-04-11 15:35:24,0.0,1500,500,,500,500,44,,200,,,648,,52.7,0.7200,0.6000,0.6000,1.1000,0.05172429,0.06929103,0.12882280,0.00683151,0.00000000,0.21177680,0.33376810,1.21448000,0.00054945,0.00091575,0.00409035,0.02673990,3.70070400,3.30168200,1.79828900,1.10439400,0.61575030,1.10109800,0.80073180,0.72043880,3.30311000,3.30402600,0.79941320,4.91914000,4.92852000,0.00854700, 2, 255, 7, 24,0x50000,No,No,No,No,No,Yes,No,Yes
2026-04-11 15:35:26,0.0,1500,500,,500,500,44,,200,,,648,,52.7,0.7200,0.6000,0.6000,1.1000,0.05074836,0.07026696,0.12589500,0.00390372,0.00000000,0.20884900,0.33571990,1.22341000,0.00054945,0.00091575,0.00494505,0.02686200,3.70070400,3.31931300,1.79828900,1.10292900,0.61575030,1.10329600,0.79890030,0.72070740,3.29944700,3.30494200,0.79941320,4.91244000,4.91378000,0.00854700, 2, 255, 7, 24,0x50000,No,No,No,No,No,Yes,No,Yes
2026-04-11 15:35:28,0.0,1500,500,,500,500,44,,200,,,648,,52.7,0.7200,0.6000,0.6000,1.1000,0.00000000,0.07709848,0.12589500,0.00683151,0.00000000,0.21080090,0.33376810,1.22341000,0.00054945,0.00091575,0.00488400,0.02735040,3.69792000,3.32580900,1.80024200,1.10915600,0.61684920,1.10146400,0.79890030,0.72070740,3.30127900,3.30402600,0.79941320,4.93254000,4.93120000,0.00854700, 2, 255, 7, 24,0x50000,No,No,No,No,No,Yes,No,Yes
2026-04-11 15:35:30,0.0,1500,500,,500,500,43,,200,,,648,,51.0,0.7200,0.6000,0.6000,1.1000,0.04977243,0.06929103,0.12882280,0.00683151,0.00000000,0.20689720,0.33181620,1.21448000,0.00054945,0.00091575,0.00433455,0.02686200,3.69977600,3.32580900,1.79828900,1.10439400,0.61575030,1.10366200,0.80036550,0.72043880,3.29944700,3.30402600,0.79941320,4.91378000,4.92048000,0.00940170, 2, 255, 7, 24,0x50000,No,No,No,No,No,Yes,No,Yes
2026-04-11 15:35:32,0.0,1500,500,,500,500,44,,200,,,648,,51.6,0.7200,0.6000,0.6000,1.1000,0.00097593,0.06929103,0.12687090,0.00585558,0.00000000,0.21275270,0.33376810,1.21448000,0.00054945,0.00079365,0.00409035,0.02673990,3.70163200,3.32580900,1.79828900,1.10732500,0.61501770,1.10073200,0.79963290,0.72070740,3.30311000,3.30494200,0.79912020,4.93120000,4.92450000,0.00854700, 2, 255, 7, 24,0x50000,No,No,No,No,No,Yes,No,Yes
2026-04-11 15:35:35,0.0,1500,500,,500,500,44,,200,,,648,,51.6,0.7200,0.6000,0.6000,1.1000,0.04879650,0.07221882,0.12784680,0.00487965,0.00000000,0.21080090,0.33181620,1.21448000,0.00054945,0.00091575,0.00488400,0.02673990,3.70256000,3.32580900,1.79828900,1.10292900,0.61648290,1.10366200,0.79999920,0.72017020,3.29944700,3.30402600,0.79941320,4.88162000,4.88162000,0.00854700, 2, 255, 7, 24,0x50000,No,No,No,No,No,Yes,No,Yes
2026-04-11 15:35:37,0.0,1500,500,,500,500,44,,200,,,648,,51.6,0.7200,0.6000,0.6000,1.1000,0.05367615,0.07124290,0.12784680,0.00780744,0.00000000,0.21080090,0.33376810,1.20555000,0.00054945,0.00079365,0.00384615,0.02673990,3.69977600,3.31281700,1.80024200,1.10292900,0.60476130,1.10256300,0.79963290,0.72070740,3.29944700,3.30494200,0.79912020,4.88698000,4.89234000,0.00854700, 2, 255, 7, 24,0x50000,No,No,No,No,No,Yes,No,Yes
2026-04-11 15:35:39,0.0,1500,500,,500,500,44,,200,,,648,,53.2,0.7200,0.6000,0.6000,1.1000,0.04879650,0.06929103,0.12979870,0.00683151,0.00000000,0.21080090,0.33084030,1.21448000,0.00042735,0.00067155,0.00488400,0.02673990,3.69977600,3.30724900,1.79926600,1.10219700,0.61648290,1.10146400,0.79963290,0.72097620,3.30127900,3.30402600,0.79882700,4.91512000,4.92316000,0.00854700, 2, 255, 7, 24,0x50000,No,No,No,No,No,Yes,No,Yes
2026-04-11 15:35:41,0.0,1500,500,,500,500,44,,200,,,648,,51.6,0.7200,0.6000,0.6000,1.1000,0.00000000,0.06831510,0.12784680,0.00683151,0.00000000,0.21080090,0.32888840,1.22341000,0.00054945,0.00067155,0.00445665,0.02698410,3.69977600,3.30724900,1.79926600,1.11062200,0.61501770,1.10109800,0.80073180,0.72070740,3.30219400,3.30311000,0.79912020,4.93120000,4.93656000,0.00854700, 2, 255, 7, 24,0x50000,No,No,No,No,No,Yes,No,Yes
2026-04-11 15:35:43,0.0,1500,500,,500,500,44,,200,,,648,,51.0,0.7200,0.6000,0.6000,1.1000,0.00097593,0.07124290,0.12589500,0.00585558,0.00000000,0.21080090,0.33279210,1.21448000,0.00036630,0.00042735,0.00488400,0.02698410,3.70163200,3.31003300,1.79828900,1.10805800,0.61684920,1.10329600,0.80036550,0.72043880,3.30219400,3.30585700,0.79882700,4.92316000,4.93388000,0.00940170, 2, 255, 7, 24,0x50000,No,No,No,No,No,Yes,No,Yes
2026-04-11 15:35:45,0.0,1500,500,,500,500,44,,200,,,648,,51.0,0.7200,0.6000,0.6000,1.1000,0.00000000,0.07514661,0.12687090,0.00780744,0.00000000,0.20689720,0.33376810,1.21448000,0.00054945,0.00091575,0.00384615,0.02710620,3.69977600,3.30539300,1.79828900,1.10439400,0.61538400,1.10146400,0.80036550,0.72017020,3.30311000,3.30402600,0.79941320,4.93522000,4.92450000,0.00940170, 2, 255, 7, 24,0x50000,No,No,No,No,No,Yes,No,Yes
2026-04-11 15:35:47,0.0,1500,500,,500,500,44,,200,,,648,,52.7,0.7200,0.6000,0.6000,1.1000,0.00097593,0.06929103,0.12687090,0.00195186,0.00000000,0.20982490,0.33474400,1.22341000,0.00054945,0.00067155,0.00409035,0.02710620,3.69792000,3.29889800,1.79926600,1.10915600,0.61575030,1.10329600,0.79926660,0.72043880,3.30219400,3.30311000,0.79912020,4.92316000,4.92986000,0.00854700, 2, 255, 7, 24,0x50000,No,No,No,No,No,Yes,No,Yes
2026-04-11 15:35:50,0.0,1500,500,,500,500,43,,200,,,648,,52.1,0.7200,0.6000,0.6000,1.1000,0.04879650,0.06929103,0.12784680,0.00585558,0.00000000,0.22153610,0.33376810,1.22341000,0.00054945,0.00067155,0.00488400,0.02686200,3.69977600,3.30724900,1.80024200,1.10292900,0.61648290,1.10256300,0.80036550,0.72070740,3.30219400,3.30402600,0.79941320,4.92852000,4.93388000,0.00854700, 2, 255, 7, 24,0x50000,No,No,No,No,No,Yes,No,Yes
2026-04-11 15:35:52,0.0,1500,500,,500,500,44,,200,,,648,,52.7,0.7200,0.6000,0.6000,1.1000,0.00097593,0.07417068,0.12491900,0.00195186,0.00000000,0.21470460,0.33084030,1.22341000,0.00054945,0.00067155,0.00488400,0.02722830,3.69792000,3.30168200,1.79926600,1.10292900,0.61538400,1.10476100,0.79926660,0.72043880,3.29944700,3.30585700,0.79912020,4.93656000,4.93120000,0.00854700, 2, 255, 7, 24,0x50000,No,No,No,No,No,Yes,No,Yes
2026-04-11 15:35:54,0.0,1500,500,,500,500,44,,200,,,648,,52.7,0.7200,0.6000,0.6000,1.1000,0.00097593,0.10832820,0.16005250,0.00585558,0.00000000,0.21080090,0.33376810,1.23234000,0.00054945,0.00079365,0.00439560,0.02686200,3.69792000,3.32952100,1.79828900,1.10292900,0.61684920,1.10146400,0.79999920,0.72070740,3.30127900,3.30311000,0.79941320,4.91378000,4.92048000,0.00854700, 2, 255, 7, 24,0x50000,No,No,No,No,No,Yes,No,Yes
2026-04-11 15:35:56,0.0,1500,500,,500,500,43,,200,,,648,,53.2,0.7200,0.6000,0.6000,1.1000,0.00195186,0.07417068,0.12589500,0.00292779,0.00000000,0.20982490,0.33181620,1.22341000,0.00054945,0.00091575,0.00451770,0.02661780,3.69977600,3.30168200,1.80024200,1.10805800,0.61465140,1.10109800,0.79926660,0.72070740,3.30219400,3.30402600,0.79941320,4.93120000,4.93388000,0.00854700, 2, 255, 7, 24,0x50000,No,No,No,No,No,Yes,No,Yes
2026-04-11 15:35:58,0.0,1500,500,,500,500,44,,200,,,648,,52.7,0.7200,0.6000,0.6000,1.1000,0.00000000,0.08588185,0.12882280,0.00585558,0.00000000,0.20884900,0.32888840,1.22341000,0.00054945,0.00091575,0.00488400,0.02735040,3.69977600,3.31374500,1.79828900,1.10549400,0.61758180,1.10476100,0.79890030,0.72070740,3.30127900,3.30402600,0.79941320,4.93120000,4.91914000,0.00854700, 2, 255, 7, 24,0x50000,No,No,No,No,No,Yes,No,Yes
2026-04-11 15:36:00,0.0,1500,500,,500,500,44,,200,,,648,,52.1,0.7200,0.6000,0.6000,1.1000,0.00097593,0.07709848,0.12784680,0.00292779,0.00000000,0.20787310,0.33376810,1.21448000,0.00054945,0.00085470,0.00384615,0.02698410,3.70163200,3.31931300,1.79926600,1.10439400,0.61465140,1.10476100,0.79926660,0.72151340,3.30219400,3.30585700,0.79912020,4.93656000,4.92584000,0.00940170, 2, 255, 7, 24,0x50000,No,No,No,No,No,Yes,No,Yes
2026-04-11 15:36:02,0.0,1500,500,,500,500,44,,200,,,648,,51.6,0.7200,0.6000,0.6000,1.1000,0.04977243,0.07905034,0.12784680,0.00585558,0.00000000,0.20982490,0.33376810,1.22341000,0.00036630,0.00079365,0.00451770,0.02710620,3.69977600,3.30260900,1.80024200,1.10439400,0.61684920,1.10476100,0.80146440,0.72043880,3.30219400,3.30402600,0.79882700,4.90708000,4.92852000,0.00854700, 2, 255, 7, 24,0x50000,No,No,No,No,No,Yes,No,Yes
2026-04-11 15:36:05,0.0,1500,500,,500,500,44,,200,,,648,,52.1,0.7200,0.6000,0.6000,1.1000,0.00000000,0.07514661,0.12394310,0.00878337,0.00000000,0.20982490,0.33084030,1.22341000,0.00048840,0.00079365,0.00494505,0.02735040,3.70070400,3.29889800,1.79828900,1.10439400,0.61648290,1.10109800,0.79963290,0.72070740,3.30219400,3.30494200,0.79794790,4.92852000,4.92986000,0.00854700, 2, 255, 7, 24,0x50000,No,No,No,No,No,Yes,No,Yes
2026-04-11 15:36:07,0.0,1500,500,,500,500,44,,200,,,648,,51.6,0.7200,0.6000,0.6000,1.1000,0.05074836,0.07124290,0.12784680,0.00585558,0.00000000,0.20884900,0.33376810,1.21448000,0.00054945,0.00091575,0.00421245,0.02698410,3.69977600,3.31652900,1.80024200,1.10146400,0.61611660,1.10476100,0.79890030,0.72070740,3.29944700,3.30402600,0.79941320,4.91780000,4.90842000,0.00940170, 2, 255, 7, 24,0x50000,No,No,No,No,No,Yes,No,Yes
2026-04-11 15:36:09,0.0,1500,500,,500,500,44,,200,,,648,,53.8,0.7200,0.6000,0.6000,1.1000,0.05465208,0.06929103,0.12491900,0.00683151,0.00000000,0.21275270,0.33181620,1.22341000,0.00048840,0.00067155,0.00409035,0.02661780,3.69977600,3.31838500,1.80024200,1.10695900,0.61684920,1.10476100,0.79926660,0.72043880,3.30219400,3.30402600,0.79912020,4.91780000,4.91244000,0.00854700, 2, 255, 7, 24,0x50000,No,No,No,No,No,Yes,No,Yes
2026-04-11 15:36:11,1.5,1500,500,,500,500,44,,200,,,648,,51.6,0.7200,0.6000,0.6000,1.1000,0.04977243,0.06929103,0.12784680,0.00487965,0.00000000,0.21080090,0.33376810,1.23234000,0.00036630,0.00067155,0.00439560,0.02686200,3.70256000,3.29518600,1.79096300,1.10586000,0.61575030,1.09999900,0.80073180,0.72070740,3.30219400,3.30402600,0.79941320,4.91378000,4.92182000,0.00854700, 2, 255, 7, 24,0x50000,No,No,No,No,No,Yes,No,Yes
2026-04-11 15:36:13,0.0,1500,500,,500,500,44,,200,,,648,,52.1,0.7200,0.6000,0.6000,1.1000,0.04879650,0.07124290,0.12589500,0.00585558,0.00000000,0.22056020,0.33279210,1.24127000,0.00036630,0.00079365,0.00445665,0.02673990,3.70070400,3.31838500,1.79828900,1.10769100,0.61684920,1.10109800,0.79890030,0.72070740,3.30219400,3.30311000,0.79912020,4.91244000,4.91244000,0.00854700, 2, 255, 7, 24,0x50000,No,No,No,No,No,Yes,No,Yes
2026-04-11 15:36:15,0.0,1500,500,,500,500,44,,200,,,648,,52.7,0.7200,0.6000,0.6000,1.1000,0.05172429,0.06929103,0.12491900,0.00683151,0.00000000,0.21080090,0.33181620,1.20555000,0.00054945,0.00091575,0.00384615,0.02673990,3.70163200,3.29982600,1.80024200,1.10769100,0.61465140,1.10476100,0.79963290,0.72043880,3.30219400,3.30311000,0.79912020,4.90708000,4.90708000,0.00854700, 2, 255, 7, 24,0x50000,No,No,No,No,No,Yes,No,Yes
2026-04-11 15:36:17,0.0,1500,500,,500,500,44,,200,,,648,,51.6,0.7200,0.6000,0.6000,1.1000,0.04782057,0.07124290,0.12687090,0.00585558,0.00000000,0.20982490,0.33279210,1.24127000,0.00036630,0.00042735,0.00439560,0.02673990,3.70070400,3.31838500,1.79828900,1.10439400,0.61648290,1.10146400,0.79890030,0.72070740,3.30219400,3.30494200,0.79970620,4.91914000,4.91244000,0.00854700, 2, 255, 7, 24,0x50000,No,No,No,No,No,Yes,No,Yes
2026-04-11 15:36:19,0.0,1500,500,,500,500,43,,200,,,648,,51.6,0.7200,0.6000,0.6000,1.1000,0.04977243,0.06929103,0.12589500,0.00780744,0.00000000,0.21275270,0.33084030,1.21448000,0.00036630,0.00067155,0.00488400,0.02686200,3.69977600,3.31652900,1.79389300,1.10769100,0.61648290,1.10146400,0.79890030,0.72070740,3.29944700,3.30494200,0.79941320,4.87626000,4.91378000,0.00854700, 2, 255, 7, 24,0x50000,No,No,No,No,No,Yes,No,Yes
2026-04-11 15:36:22,0.0,1500,500,,500,500,44,,200,,,648,,52.7,0.7200,0.6000,0.6000,1.1000,0.04879650,0.06929103,0.12687090,0.00780744,0.00000000,0.21177680,0.33279210,1.24127000,0.00036630,0.00079365,0.00445665,0.02673990,3.70163200,3.30539300,1.79828900,1.10769100,0.61538400,1.10329600,0.80073180,0.72043880,3.30219400,3.30311000,0.79912020,4.90440000,4.90842000,0.00854700, 2, 255, 7, 24,0x50000,No,No,No,No,No,Yes,No,Yes
2026-04-11 15:36:24,5.5,2400,910,,910,960,44,,200,,,648,,54.3,0.8993,0.6000,0.6000,1.1000,0.05270022,0.07905034,0.13858210,0.05465208,0.00147060,0.21080090,0.34743110,2.64328000,0.00048840,0.00079365,0.00488400,0.02661780,3.69606400,3.30817700,1.80024200,1.10476100,0.60659280,1.10402800,0.79999920,0.90148870,3.30219400,3.30402600,0.79882700,4.79184000,4.78514000,0.00940170, 2, 255, 7, 24,0x50000,No,No,No,No,No,Yes,No,Yes
2026-04-11 15:36:26,0.0,2400,910,,910,960,44,,200,,,648,,54.3,0.8993,0.6000,0.6000,1.1000,0.05074836,0.07807440,0.13175060,0.00292779,0.00000000,0.21080090,0.33181620,1.91102000,0.00067155,0.00109890,0.00433455,0.02673990,3.70070400,3.31374500,1.82124300,1.10146400,0.61391880,1.10402800,0.80073180,0.90041420,3.30219400,3.30311000,0.79882700,4.85080000,4.84142000,0.00940170, 2, 255, 7, 24,0x50000,No,No,No,No,No,Yes,No,Yes
2026-04-11 15:36:28,1.3,2400,910,,910,960,44,,200,,,648,,56.0,0.8993,0.6000,0.6000,1.1000,0.06636324,0.07905034,0.13370240,0.00585558,0.00000000,0.20982490,0.33767180,2.13427000,0.00042735,0.00067155,0.00488400,0.02686200,3.70256000,3.31188900,1.79389300,1.10769100,0.60292980,1.10366200,0.79963290,0.89987700,3.30219400,3.30402600,0.79912020,4.85080000,4.84946000,0.00940170, 2, 255, 7, 24,0x50000,No,No,No,No,No,Yes,No,Yes
2026-04-11 15:36:30,9.5,2400,910,,910,960,44,,200,,,648,,55.4,0.8993,0.6000,0.6000,1.1000,0.04684464,0.12979870,0.13760610,0.03513348,0.00000000,0.22251200,0.33279210,1.93781000,0.00042735,0.00079365,0.00494505,0.02673990,3.70163200,3.32766400,1.79828900,1.10439400,0.60805800,1.10292900,0.79963290,0.89987700,3.30219400,3.30311000,0.79912020,4.75432000,4.82266000,0.00854700, 2, 255, 7, 24,0x50000,No,No,No,No,No,Yes,No,Yes
2026-04-11 15:36:32,8.0,2400,910,,910,960,44,,200,,,648,,56.5,0.8993,0.6000,0.6000,1.1000,0.05367615,0.17273960,0.13370240,0.01073523,0.00000000,0.20982490,0.33279210,1.92888000,0.00042735,0.00079365,0.00409035,0.02661780,3.70163200,3.30168200,1.80024200,1.10769100,0.60695910,1.10476100,0.79999920,0.90041420,3.30402600,3.30402600,0.79853400,4.79586000,4.81730000,0.00940170, 2, 255, 7, 24,0x50000,No,No,No,No,No,Yes,No,Yes
2026-04-11 15:36:34,0.0,2400,910,,910,960,44,,200,,,648,,54.9,0.8993,0.6000,0.6000,1.1000,0.05172429,0.07514661,0.13272650,0.00585558,0.00000000,0.21080090,0.33376810,1.92888000,0.00061050,0.00091575,0.00433455,0.02686200,3.69792000,3.30910500,1.80024200,1.10769100,0.61465140,1.10329600,0.79963290,0.89987700,3.30219400,3.30494200,0.79941320,4.85080000,4.84946000,0.00854700, 2, 255, 7, 24,0x50000,No,No,No,No,No,Yes,No,Yes
2026-04-11 15:36:37,0.0,1500,500,,500,500,44,,200,,,648,,54.3,0.7200,0.6000,0.6000,1.1000,0.06343545,0.07026696,0.12687090,0.00390372,0.00000000,0.21080090,0.33474400,1.26806000,0.00054945,0.00079365,0.00445665,0.02661780,3.69977600,3.29797000,1.79877700,1.10915600,0.61611660,1.10146400,0.79926660,0.72070740,3.29944700,3.30402600,0.79941320,4.91378000,4.92048000,0.00854700, 2, 255, 7, 24,0x50000,No,No,No,No,No,Yes,No,Yes
2026-04-11 15:36:39,0.2,1500,500,,500,500,44,,200,,,648,,53.2,0.7200,0.6000,0.6000,1.1000,0.04782057,0.07026696,0.12784680,0.00683151,0.00000000,0.21275270,0.33376810,1.27699000,0.00054945,0.00067155,0.00421245,0.02710620,3.69606400,3.35550300,1.79096300,1.10769100,0.61538400,1.10256300,0.79926660,0.72017020,3.30127900,3.30402600,0.79941320,4.90976000,4.91110000,0.00854700, 2, 255, 7, 24,0x50000,No,No,No,No,No,Yes,No,Yes
2026-04-11 15:36:41,0.7,1600,545,,545,551,44,,200,,,648,,53.8,0.7200,0.6000,0.6000,1.1000,0.05172429,0.10735230,0.15517290,0.00585558,0.00000000,0.21372870,0.33474400,1.25020000,0.00054945,0.00079365,0.00488400,0.02686200,3.69977600,3.32580900,1.79828900,1.10769100,0.61465140,1.10329600,0.79999920,0.72017020,3.30311000,3.30494200,0.79941320,4.89770000,4.90038000,0.00940170, 2, 255, 7, 24,0x50000,No,No,No,No,No,Yes,No,Yes
2026-04-11 15:36:43,0.2,1500,500,,500,500,44,,200,,,648,,52.7,0.7200,0.6000,0.6000,1.1000,0.04977243,0.07319475,0.12589500,0.00487965,0.00000000,0.21275270,0.32986440,1.23234000,0.00054945,0.00067155,0.00384615,0.02673990,3.69884800,3.31931300,1.79926600,1.10439400,0.61684920,1.10146400,0.79999920,0.72043880,3.30219400,3.30402600,0.79912020,4.92048000,4.90708000,0.00854700, 2, 255, 7, 24,0x50000,No,No,No,No,No,Yes,No,Yes
2026-04-11 15:36:45,0.0,1500,500,,500,500,44,,200,,,648,,52.7,0.7200,0.6000,0.6000,1.1000,0.05660394,0.07221882,0.12394310,0.00487965,0.00000000,0.21080090,0.33279210,1.24127000,0.00036630,0.00067155,0.00409035,0.02735040,3.70534400,3.32952100,1.79926600,1.10769100,0.61281990,1.10146400,0.79890030,0.72097620,3.30219400,3.30311000,0.79882700,4.90440000,4.90708000,0.00854700, 2, 255, 7, 24,0x50000,No,No,No,No,No,Yes,No,Yes
2026-04-11 15:36:47,0.0,1500,500,,500,500,44,,200,,,648,,52.1,0.7200,0.6000,0.6000,1.1000,0.04977243,0.08490592,0.12687090,0.00585558,0.00000000,0.21080090,0.33279210,1.25020000,0.00054945,0.00067155,0.00488400,0.02673990,3.70163200,3.31374500,1.80024200,1.10695900,0.61611660,1.10329600,0.79890030,0.72043880,3.30127900,3.30402600,0.79941320,4.91914000,4.91378000,0.00854700, 2, 255, 7, 24,0x50000,No,No,No,No,No,Yes,No,Yes
2026-04-11 15:36:49,1.0,1600,545,,545,551,43,,200,,,648,,52.1,0.7200,0.6000,0.6000,1.1000,0.04977243,0.06831510,0.12687090,0.00487965,0.00000000,0.20982490,0.33279210,1.25020000,0.00054945,0.00091575,0.00445665,0.02661780,3.70070400,3.31838500,1.79828900,1.10292900,0.61575030,1.10329600,0.79999920,0.72017020,3.30402600,3.30402600,0.79853400,4.90976000,4.90574000,0.00940170, 2, 255, 7, 24,0x50000,No,No,No,No,No,Yes,No,Yes
2026-04-11 15:36:52,0.0,1500,500,,500,500,44,,200,,,648,,52.1,0.7200,0.6000,0.6000,1.1000,0.05562801,0.07026696,0.12589500,0.00683151,0.00000000,0.23129540,0.33279210,1.24127000,0.00054945,0.00091575,0.00384615,0.02698410,3.70070400,3.32952100,1.79828900,1.10439400,0.60952320,1.10366200,0.79963290,0.72017020,3.30311000,3.30494200,0.79941320,4.90306000,4.91244000,0.00854700, 2, 255, 7, 24,0x50000,No,No,No,No,No,Yes,No,Yes
2026-04-11 15:36:54,0.0,1500,500,,500,500,44,,200,,,648,,52.1,0.7200,0.6000,0.6000,1.1000,0.05562801,0.07514661,0.12687090,0.00585558,0.00000000,0.22056020,0.33181620,1.28592000,0.00054945,0.00091575,0.00494505,0.02673990,3.70070400,3.30168200,1.79828900,1.10366200,0.61281990,1.10146400,0.79999920,0.72017020,3.30219400,3.30402600,0.79882700,4.90306000,4.91378000,0.00854700, 2, 255, 7, 24,0x50000,No,No,No,No,No,Yes,No,Yes
2026-04-11 15:36:56,0.0,1500,500,,500,500,44,,200,,,648,,51.6,0.7200,0.6000,0.6000,1.1000,0.05074836,0.07514661,0.12882280,0.00585558,0.00000000,0.21080090,0.33181620,1.24127000,0.00054945,0.00091575,0.00421245,0.02686200,3.69792000,3.31838500,1.80610300,1.10695900,0.61501770,1.10476100,0.79890030,0.72017020,3.30036300,3.30402600,0.79941320,4.90306000,4.90976000,0.00854700, 2, 255, 7, 24,0x50000,No,No,No,No,No,Yes,No,Yes
2026-04-11 15:36:58,0.0,1500,500,,500,500,44,,200,,,648,,53.2,0.7200,0.6000,0.6000,1.1000,0.00000000,0.08197812,0.12491900,0.00292779,0.00000000,0.20982490,0.33376810,1.23234000,0.00054945,0.00079365,0.00433455,0.02673990,3.70070400,3.31003300,1.79828900,1.10439400,0.61721550,1.10073200,0.79963290,0.72017020,3.30036300,3.30402600,0.79941320,4.92450000,4.90976000,0.00854700, 2, 255, 7, 24,0x50000,No,No,No,No,No,Yes,No,Yes
2026-04-11 15:37:00,0.0,1500,500,,500,500,43,,200,,,648,,51.6,0.7200,0.6000,0.6000,1.1000,0.00000000,0.07124290,0.12589500,0.01854267,0.00000000,0.20982490,0.33376810,1.24127000,0.00054945,0.00085470,0.00421245,0.02673990,3.69792000,3.32766400,1.79828900,1.10439400,0.61538400,1.09999900,0.80073180,0.72043880,3.30127900,3.30402600,0.79941320,4.92450000,4.93522000,0.00854700, 2, 255, 7, 24,0x50000,No,No,No,No,No,Yes,No,Yes
2026-04-11 15:37:02,0.0,1500,500,,500,500,44,,200,,,648,,51.6,0.7200,0.6000,0.6000,1.1000,0.00097593,0.06733918,0.12687090,0.00780744,0.00000000,0.20982490,0.33376810,1.24127000,0.00054945,0.00067155,0.00451770,0.02686200,3.69977600,3.30168200,1.79926600,1.10292900,0.61428510,1.10292900,0.79963290,0.72070740,3.30219400,3.30311000,0.79853400,4.92584000,4.92450000,0.00854700, 2, 255, 7, 24,0x50000,No,No,No,No,No,Yes,No,Yes
2026-04-11 15:37:04,0.0,1500,500,,500,500,44,,200,,,648,,53.2,0.7200,0.6000,0.6000,1.1000,0.04879650,0.06929103,0.12589500,0.00585558,0.00000000,0.21080090,0.33376810,1.22341000,0.00036630,0.00079365,0.00409035,0.02673990,3.70070400,3.31374500,1.80024200,1.10769100,0.61501770,1.10366200,0.79963290,0.72043880,3.30219400,3.30402600,0.79912020,4.90708000,4.89636000,0.00854700, 2, 255, 7, 24,0x50000,No,No,No,No,No,Yes,No,Yes
2026-04-11 15:37:07,0.0,1500,500,,500,500,43,,200,,,648,,52.1,0.7200,0.6000,0.6000,1.1000,0.00000000,0.07417068,0.12784680,0.00585558,0.00000000,0.22251200,0.33474400,1.24127000,0.00054945,0.00091575,0.00384615,0.02686200,3.70070400,3.31374500,1.79096300,1.10769100,0.61648290,1.10073200,0.79963290,0.72043880,3.30402600,3.30402600,0.79853400,4.92450000,4.92986000,0.00854700, 2, 255, 7, 24,0x50000,No,No,No,No,No,Yes,No,Yes
2026-04-11 15:37:09,0.0,1500,500,,500,500,44,,200,,,648,,52.1,0.7200,0.6000,0.6000,1.1000,0.00000000,0.07221882,0.12589500,0.00390372,0.00000000,0.20689720,0.33474400,1.23234000,0.00036630,0.00079365,0.00488400,0.02686200,3.69792000,3.32952100,1.80024200,1.10695900,0.61501770,1.10256300,0.79816780,0.72070740,3.30219400,3.30494200,0.79941320,4.91914000,4.92450000,0.00854700, 2, 255, 7, 24,0x50000,No,No,No,No,No,Yes,No,Yes
2026-04-11 15:37:11,0.0,1500,500,,500,500,44,,200,,,648,,52.1,0.7200,0.6000,0.6000,1.1000,0.00097593,0.07221882,0.12687090,0.00683151,0.00000000,0.21080090,0.33279210,1.23234000,0.00054945,0.00091575,0.00470085,0.02698410,3.69884800,3.29889800,1.80659200,1.10439400,0.61611660,1.10146400,0.79926660,0.72070740,3.30311000,3.30402600,0.79941320,4.91914000,4.91378000,0.00854700, 2, 255, 7, 24,0x50000,No,No,No,No,No,Yes,No,Yes
2026-04-11 15:37:13,0.0,1500,500,,500,500,44,,200,,,648,,52.1,0.7200,0.6000,0.6000,1.1000,0.00195186,0.07319475,0.12784680,0.00683151,0.00000000,0.20689720,0.33376810,1.22341000,0.00036630,0.00079365,0.00396825,0.02661780,3.69977600,3.31374500,1.80610300,1.10879000,0.61611660,1.10476100,0.80036550,0.72070740,3.29944700,3.30494200,0.79970620,4.91914000,4.92450000,0.00940170, 2, 255, 7, 24,0x50000,No,No,No,No,No,Yes,No,Yes
2026-04-11 15:37:15,0.0,1500,500,,500,500,44,,200,,,648,,52.7,0.7200,0.6000,0.6000,1.1000,0.00195186,0.06733918,0.12687090,0.00390372,0.00000000,0.20982490,0.32888840,1.24127000,0.00048840,0.00067155,0.00470085,0.02686200,3.69792000,3.30910500,1.80024200,1.10695900,0.61501770,1.10402800,0.79999920,0.72070740,3.29944700,3.30585700,0.79912020,4.90708000,4.92852000,0.00854700, 2, 255, 7, 24,0x50000,No,No,No,No,No,Yes,No,Yes
2026-04-11 15:37:17,0.0,1500,500,,500,500,44,,200,,,648,,53.2,0.7200,0.6000,0.6000,1.1000,0.04879650,0.07319475,0.12687090,0.00780744,0.00000000,0.20982490,0.33279210,1.24127000,0.00036630,0.00067155,0.00445665,0.02698410,3.69977600,3.30632200,1.78998600,1.10439400,0.61648290,1.10146400,0.80073180,0.72097620,3.30127900,3.30402600,0.79824100,4.90306000,4.90842000,0.00940170, 2, 255, 7, 24,0x50000,No,No,No,No,No,Yes,No,Yes
2026-04-11 15:37:19,0.0,1500,500,,500,500,44,,200,,,648,,51.6,0.7200,0.6000,0.6000,1.1000,0.00097593,0.06733918,0.12394310,0.00487965,0.00000000,0.22153610,0.33474400,1.23234000,0.00054945,0.00067155,0.00445665,0.02673990,3.69977600,3.31374500,1.80024200,1.10622600,0.61501770,1.10146400,0.79963290,0.72070740,3.30311000,3.30311000,0.79794790,4.91914000,4.92450000,0.00854700, 2, 255, 7, 24,0x50000,No,No,No,No,No,Yes,No,Yes
2026-04-11 15:37:22,0.0,1500,500,,500,500,44,,200,,,648,,52.1,0.7200,0.6000,0.6000,1.1000,0.00195186,0.07319475,0.12589500,0.00487965,0.00000000,0.21177680,0.33376810,1.23234000,0.00054945,0.00067155,0.00433455,0.02735040,3.70070400,3.31188900,1.79389300,1.10146400,0.61428510,1.10109800,0.79890030,0.72043880,3.30219400,3.30311000,0.79882700,4.92048000,4.92852000,0.00854700, 2, 255, 7, 24,0x50000,No,No,No,No,No,Yes,No,Yes
2026-04-11 15:37:24,0.0,1500,500,,500,500,43,,200,,,648,,52.7,0.7200,0.6000,0.6000,1.1000,0.00097593,0.07124290,0.12589500,0.00292779,0.00000000,0.20884900,0.33376810,1.21448000,0.00054945,0.00091575,0.00427350,0.02698410,3.69884800,3.31838500,1.79096300,1.10695900,0.61575030,1.10366200,0.80036550,0.72017020,3.30036300,3.30494200,0.79882700,4.92182000,4.91512000,0.00940170, 2, 255, 7, 24,0x50000,No,No,No,No,No,Yes,No,Yes
2026-04-11 15:37:26,0.0,1500,500,,500,500,43,,200,,,648,,53.8,0.7200,0.6000,0.6000,1.1000,0.00292779,0.07709848,0.12491900,0.00585558,0.00000000,0.20884900,0.33767180,1.23234000,0.00036630,0.00079365,0.00445665,0.02710620,3.69977600,3.32952100,1.80024200,1.10292900,0.61575030,1.10073200,0.80073180,0.72070740,3.30219400,3.30311000,0.79912020,4.92852000,4.92852000,0.00854700, 2, 255, 7, 24,0x50000,No,No,No,No,No,Yes,No,Yes
2026-04-11 15:37:28,0.0,1500,500,,500,500,44,,200,,,648,,53.2,0.7200,0.6000,0.6000,1.1000,0.00097593,0.11125600,0.16005250,0.00390372,0.00000000,0.21177680,0.33376810,1.24127000,0.00036630,0.00079365,0.00445665,0.02673990,3.70070400,3.32580900,1.80610300,1.10659200,0.61648290,1.10256300,0.79890030,0.72017020,3.29944700,3.30494200,0.79970620,4.89770000,4.90306000,0.00854700, 2, 255, 7, 24,0x50000,No,No,No,No,No,Yes,No,Yes
2026-04-11 15:37:30,0.0,1500,500,,500,500,44,,200,,,648,,53.2,0.7200,0.6000,0.6000,1.1000,0.00195186,0.07026696,0.12491900,0.00683151,0.00000000,0.22056020,0.33474400,1.24127000,0.00036630,0.00079365,0.00537240,0.02686200,3.69792000,3.31188900,1.79828900,1.10439400,0.61611660,1.10366200,0.80073180,0.72070740,3.30219400,3.30402600,0.79970620,4.93120000,4.91914000,0.00854700, 2, 255, 7, 24,0x50000,No,No,No,No,No,Yes,No,Yes
2026-04-11 15:37:32,0.0,1500,500,,500,500,44,,200,,,648,,52.1,0.7200,0.6000,0.6000,1.1000,0.00097593,0.07124290,0.12784680,0.00585558,0.00000000,0.21080090,0.33571990,1.21448000,0.00048840,0.00091575,0.00445665,0.02661780,3.69977600,3.32580900,1.79828900,1.10512700,0.61648290,1.10146400,0.80073180,0.72070740,3.30219400,3.30311000,0.79794790,4.91780000,4.91914000,0.00854700, 2, 255, 7, 24,0x50000,No,No,No,No,No,Yes,No,Yes
2026-04-11 15:37:34,0.0,1500,500,,500,500,43,,200,,,648,,53.2,0.7200,0.6000,0.6000,1.1000,0.00097593,0.06929103,0.12687090,0.00585558,0.00000000,0.20884900,0.33181620,1.20555000,0.00036630,0.00042735,0.00409035,0.02686200,3.69977600,3.31003300,1.79828900,1.10219700,0.61575030,1.10512700,0.79999920,0.72043880,3.30219400,3.30585700,0.79912020,4.92584000,4.92852000,0.00940170, 2, 255, 7, 24,0x50000,No,No,No,No,No,Yes,No,Yes
2026-04-11 15:37:36,0.0,1500,500,,500,500,44,,200,,,648,,52.7,0.7200,0.6000,0.6000,1.1000,0.00000000,0.07124290,0.12784680,0.00195186,0.00000000,0.20982490,0.33084030,1.24127000,0.00036630,0.00067155,0.00439560,0.02673990,3.69977600,3.31188900,1.78852100,1.10146400,0.61575030,1.10549400,0.79963290,0.72097620,3.30219400,3.30402600,0.79912020,4.92584000,4.93388000,0.00854700, 2, 255, 7, 24,0x50000,No,No,No,No,No,Yes,No,Yes
2026-04-11 15:37:39,0.0,1500,500,,500,500,44,,200,,,648,,52.7,0.7200,0.6000,0.6000,1.1000,0.00097593,0.08588185,0.12491900,0.00780744,0.00000000,0.21080090,0.33181620,1.22341000,0.00036630,0.00079365,0.00409035,0.02649570,3.70163200,3.30168200,1.80024200,1.10695900,0.61575030,1.10329600,0.79963290,0.72043880,3.30311000,3.30311000,0.79912020,4.88832000,4.87492000,0.00854700, 2, 255, 7, 24,0x50000,No,No,No,No,No,Yes,No,Yes
2026-04-11 15:37:41,0.0,1500,500,,500,500,44,,200,,,648,,51.6,0.7200,0.6000,0.6000,1.1000,0.00195186,0.07417068,0.12784680,0.00683151,0.00000000,0.20982490,0.33376810,1.24127000,0.00054945,0.00091575,0.00451770,0.02710620,3.69977600,3.30910500,1.80024200,1.10439400,0.61465140,1.10256300,0.79963290,0.72070740,3.30311000,3.30494200,0.79912020,4.92852000,4.93120000,0.00854700, 2, 255, 7, 24,0x50000,No,No,No,No,No,Yes,No,Yes
2026-04-11 15:37:43,0.0,1500,500,,500,500,44,,200,,,648,,52.7,0.7200,0.6000,0.6000,1.1000,0.00195186,0.06929103,0.12784680,0.00585558,0.00000000,0.21275270,0.32888840,1.24127000,0.00048840,0.00079365,0.00439560,0.02673990,3.70163200,3.31374500,1.80024200,1.10622600,0.61648290,1.10366200,0.79816780,0.72017020,3.30219400,3.30494200,0.79941320,4.91914000,4.93388000,0.00854700, 2, 255, 7, 24,0x50000,No,No,No,No,No,Yes,No,Yes
2026-04-11 15:37:45,0.0,1500,500,,500,500,44,,200,,,648,,51.6,0.7200,0.6000,0.6000,1.1000,0.00000000,0.07417068,0.12687090,0.00487965,0.00000000,0.23324730,0.33181620,1.23234000,0.00048840,0.00079365,0.00421245,0.02686200,3.69977600,3.31281700,1.79487000,1.10769100,0.61538400,1.10073200,0.80183080,0.72070740,3.30219400,3.30494200,0.79941320,4.91914000,4.92182000,0.00854700, 2, 255, 7, 24,0x50000,No,No,No,No,No,Yes,No,Yes
2026-04-11 15:37:47,0.0,1500,500,,500,500,44,,200,,,648,,51.6,0.7200,0.6000,0.6000,1.1000,0.00195186,0.07319475,0.12687090,0.00390372,0.00000000,0.21080090,0.33474400,1.23234000,0.00054945,0.00067155,0.00463980,0.02673990,3.69977600,3.30910500,1.79926600,1.10439400,0.61575030,1.10366200,0.79926660,0.72043880,3.30219400,3.30311000,0.79882700,4.92048000,4.92048000,0.00940170, 2, 255, 7, 24,0x50000,No,No,No,No,No,Yes,No,Yes
2026-04-11 15:37:49,0.0,1500,500,,500,500,43,,200,,,648,,52.7,0.7200,0.6000,0.6000,1.1000,0.00000000,0.07221882,0.12589500,0.00390372,0.00000000,0.21177680,0.33669580,1.22341000,0.00036630,0.00067155,0.00457875,0.02698410,3.69977600,3.31374500,1.78852100,1.10586000,0.61501770,1.10109800,0.79890030,0.72097620,3.30036300,3.30402600,0.79912020,4.92182000,4.92584000,0.00854700, 2, 255, 7, 24,0x50000,No,No,No,No,No,Yes,No,Yes
2026-04-11 15:37:52,0.0,1500,500,,500,500,44,,200,,,648,,52.1,0.7200,0.6000,0.6000,1.1000,0.00097593,0.06831510,0.12687090,0.00292779,0.00000000,0.20982490,0.33181620,1.22341000,0.00054945,0.00042735,0.00421245,0.02710620,3.69977600,3.31838500,1.79828900,1.10512700,0.61538400,1.10219700,0.79890030,0.72043880,3.30311000,3.30494200,0.79941320,4.91244000,4.87894000,0.00854700, 2, 255, 7, 24,0x50000,No,No,No,No,No,Yes,No,Yes
2026-04-11 15:37:54,0.0,1500,500,,500,500,44,,200,,,648,,52.1,0.7200,0.6000,0.6000,1.1000,0.00000000,0.07221882,0.12687090,0.00780744,0.00000000,0.21275270,0.33376810,1.24127000,0.00036630,0.00079365,0.00445665,0.02698410,3.69977600,3.30168200,1.80024200,1.10695900,0.61648290,1.10476100,0.79999920,0.72097620,3.30036300,3.30311000,0.79882700,4.93120000,4.92852000,0.00854700, 2, 255, 7, 24,0x50000,No,No,No,No,No,Yes,No,Yes
2026-04-11 15:37:56,0.0,1500,500,,500,500,44,,200,,,648,,52.1,0.7200,0.6000,0.6000,1.1000,0.04977243,0.07221882,0.12589500,0.00683151,0.00000000,0.23227130,0.33279210,1.23234000,0.00048840,0.00091575,0.00409035,0.02649570,3.69792000,3.31096100,1.80024200,1.10695900,0.61611660,1.10292900,0.79999920,0.72043880,3.30219400,3.30311000,0.79882700,4.92584000,4.92584000,0.00854700, 2, 255, 7, 24,0x50000,No,No,No,No,No,Yes,No,Yes
2026-04-11 15:37:58,0.0,1500,500,,500,500,44,,200,,,648,,52.7,0.7200,0.6000,0.6000,1.1000,0.00097593,0.07221882,0.12784680,0.00487965,0.00000000,0.21080090,0.33181620,1.22341000,0.00036630,0.00091575,0.00494505,0.02722830,3.69792000,3.31374500,1.80024200,1.10439400,0.61501770,1.10476100,0.80073180,0.72043880,3.30219400,3.30585700,0.79912020,4.92316000,4.91914000,0.00854700, 2, 255, 7, 24,0x50000,No,No,No,No,No,Yes,No,Yes
2026-04-11 15:38:00,0.0,1500,500,,500,500,44,,200,,,648,,51.6,0.7200,0.6000,0.6000,1.1000,0.00097593,0.06929103,0.12491900,0.00000000,0.00000000,0.20982490,0.33084030,1.22341000,0.00054945,0.00067155,0.00451770,0.02698410,3.69977600,3.29889800,1.79926600,1.10695900,0.61501770,1.10402800,0.79963290,0.72097620,3.30036300,3.30402600,0.79882700,4.92182000,4.93120000,0.00854700, 2, 255, 7, 24,0x50000,No,No,No,No,No,Yes,No,Yes
2026-04-11 15:38:02,0.0,1500,500,,500,500,44,,200,,,648,,52.1,0.7200,0.6000,0.6000,1.1000,0.00000000,0.07417068,0.12491900,0.00683151,0.00000000,0.20982490,0.33376810,1.22341000,0.00054945,0.00091575,0.00384615,0.02710620,3.70070400,3.31838500,1.80610300,1.10476100,0.60256350,1.10146400,0.79963290,0.72070740,3.30127900,3.30402600,0.79941320,4.93254000,4.92450000,0.00940170, 2, 255, 7, 24,0x50000,No,No,No,No,No,Yes,No,Yes
2026-04-11 15:38:04,0.0,1500,500,,500,500,44,,200,,,648,,51.6,0.7200,0.6000,0.6000,1.1000,0.00390372,0.07514661,0.12589500,0.00683151,0.00000000,0.21080090,0.33376810,1.22341000,0.00054945,0.00067155,0.00427350,0.02673990,3.69977600,3.30353800,1.78852100,1.10146400,0.61648290,1.10329600,0.79963290,0.72017020,3.30036300,3.30311000,0.79882700,4.92048000,4.92852000,0.00854700, 2, 255, 7, 24,0x50000,No,No,No,No,No,Yes,No,Yes
2026-04-11 15:38:06,0.0,1500,500,,500,500,44,,200,,,648,,52.7,0.7200,0.6000,0.6000,1.1000,0.00097593,0.07514661,0.12491900,0.00390372,0.00000000,0.23129540,0.33181620,1.23234000,0.00048840,0.00067155,0.00433455,0.02661780,3.69977600,3.30724900,1.78803200,1.10769100,0.61575030,1.10512700,0.80036550,0.72097620,3.30219400,3.30402600,0.79941320,4.92718000,4.92986000,0.00854700, 2, 255, 7, 24,0x50000,No,No,No,No,No,Yes,No,Yes
2026-04-11 15:38:09,0.0,1500,500,,500,500,44,,200,,,648,,54.3,0.7200,0.6000,0.6000,1.1000,0.00292779,0.06929103,0.12784680,0.00780744,0.00000000,0.22446390,0.33084030,1.23234000,0.00036630,0.00042735,0.00488400,0.02673990,3.69792000,3.30168200,1.79828900,1.10695900,0.61684920,1.10219700,0.79963290,0.72043880,3.30219400,3.30585700,0.79912020,4.93120000,4.92852000,0.00854700, 2, 255, 7, 24,0x50000,No,No,No,No,No,Yes,No,Yes
2026-04-11 15:38:11,0.0,1500,500,,500,500,44,,200,,,648,,52.7,0.7200,0.6000,0.6000,1.1000,0.00000000,0.07709848,0.12589500,0.00780744,0.00000000,0.20884900,0.33279210,1.21448000,0.00048840,0.00091575,0.00409035,0.02661780,3.69977600,3.31467300,1.78852100,1.10695900,0.61611660,1.10366200,0.80036550,0.72097620,3.30127900,3.30311000,0.79912020,4.92584000,4.92584000,0.00940170, 2, 255, 7, 24,0x50000,No,No,No,No,No,Yes,No,Yes
2026-04-11 15:38:13,0.0,1500,500,,500,500,44,,200,,,648,,52.1,0.7200,0.6000,0.6000,1.1000,0.00097593,0.08002626,0.12589500,0.00683151,0.00000000,0.20982490,0.33376810,1.22341000,0.00048840,0.00067155,0.00445665,0.02698410,3.69977600,3.30724900,1.78852100,1.10439400,0.61648290,1.10109800,0.79926660,0.72043880,3.30219400,3.30402600,0.79941320,4.92986000,4.92584000,0.00940170, 2, 255, 7, 24,0x50000,No,No,No,No,No,Yes,No,Yes
2026-04-11 15:38:15,0.0,1500,500,,500,500,44,,200,,,648,,52.7,0.7200,0.6000,0.6000,1.1000,0.00000000,0.11028010,0.15907660,0.00487965,0.00000000,0.21275270,0.33181620,1.24127000,0.00054945,0.00067155,0.00427350,0.02698410,3.69977600,3.30724900,1.79926600,1.10439400,0.61684920,1.10146400,0.80146440,0.72043880,3.30219400,3.30311000,0.79912020,4.93120000,4.92584000,0.00854700, 2, 255, 7, 24,0x50000,No,No,No,No,No,Yes,No,Yes
2026-04-11 15:38:17,0.0,1500,500,,500,500,44,,200,,,648,,53.2,0.7200,0.6000,0.6000,1.1000,0.00195186,0.07026696,0.12589500,0.00780744,0.00000000,0.20982490,0.33279210,1.22341000,0.00036630,0.00079365,0.00439560,0.02673990,3.69977600,3.30260900,1.80024200,1.10805800,0.61501770,1.10292900,0.79890030,0.72043880,3.30219400,3.30402600,0.79882700,4.92584000,4.90842000,0.00854700, 2, 255, 7, 24,0x50000,No,No,No,No,No,Yes,No,Yes
2026-04-11 15:38:19,0.0,1500,500,,500,500,44,,200,,,648,,52.7,0.7200,0.6000,0.6000,1.1000,0.00097593,0.06929103,0.12784680,0.01073523,0.00000000,0.21080090,0.33376810,1.23234000,0.00036630,0.00042735,0.00445665,0.02710620,3.69792000,3.30260900,1.80024200,1.10879000,0.61684920,1.10146400,0.79999920,0.72097620,3.30219400,3.30402600,0.79970620,4.93120000,4.93120000,0.00940170, 2, 255, 7, 24,0x50000,No,No,No,No,No,Yes,No,Yes
2026-04-11 15:38:21,0.0,1500,500,,500,500,43,,200,,,648,,51.6,0.7200,0.6000,0.6000,1.1000,0.00000000,0.07514661,0.12687090,0.00390372,0.00000000,0.21177680,0.33084030,1.23234000,0.00054945,0.00067155,0.00409035,0.02698410,3.69977600,3.31838500,1.79926600,1.10695900,0.61684920,1.10183000,0.79926660,0.72070740,3.30219400,3.30311000,0.79912020,4.92048000,4.93120000,0.00940170, 2, 255, 7, 24,0x50000,No,No,No,No,No,Yes,No,Yes
2026-04-11 15:38:24,0.0,1500,500,,500,500,44,,200,,,648,,52.1,0.7200,0.6000,0.6000,1.1000,0.00000000,0.07221882,0.12687090,0.00683151,0.00000000,0.22153610,0.33376810,1.22341000,0.00036630,0.00079365,0.00409035,0.02710620,3.69792000,3.32580900,1.80024200,1.10439400,0.61611660,1.10073200,0.79853400,0.72070740,3.30311000,3.30402600,0.79941320,4.91244000,4.92852000,0.00854700, 2, 255, 7, 24,0x50000,No,No,No,No,No,Yes,No,Yes
2026-04-11 15:38:26,0.0,1500,500,,500,500,44,,200,,,648,,51.0,0.7200,0.6000,0.6000,1.1000,0.00097593,0.07612254,0.12589500,0.00487965,0.00000000,0.21080090,0.33376810,1.22341000,0.00036630,0.00103785,0.00427350,0.02686200,3.69977600,3.31003300,1.78900900,1.10622600,0.61648290,1.10109800,0.79999920,0.72097620,3.30127900,3.30402600,0.79882700,4.92584000,4.92182000,0.00940170, 2, 255, 7, 24,0x50000,No,No,No,No,No,Yes,No,Yes
2026-04-11 15:38:28,0.0,1500,500,,500,500,44,,200,,,648,,52.7,0.7200,0.6000,0.6000,1.1000,0.00097593,0.07319475,0.12687090,0.00487965,0.00000000,0.21080090,0.33279210,1.22341000,0.00048840,0.00079365,0.00409035,0.02661780,3.69977600,3.30260900,1.80024200,1.10769100,0.61721550,1.10146400,0.79963290,0.72070740,3.30219400,3.30311000,0.79912020,4.92584000,4.92450000,0.00940170, 2, 255, 7, 24,0x50000,No,No,No,No,No,Yes,No,Yes
2026-04-11 15:38:30,0.0,1500,500,,500,500,44,,200,,,648,,52.1,0.7200,0.6000,0.6000,1.1000,0.00292779,0.07221882,0.12687090,0.00585558,0.00000000,0.21080090,0.33474400,1.22341000,0.00048840,0.00067155,0.00488400,0.02686200,3.69977600,3.31374500,1.78852100,1.10439400,0.61648290,1.10256300,0.79890030,0.72097620,3.30036300,3.30311000,0.79912020,4.92584000,4.92852000,0.00854700, 2, 255, 7, 24,0x50000,No,No,No,No,No,Yes,No,Yes
2026-04-11 15:38:32,0.0,1500,500,,500,500,43,,200,,,648,,53.2,0.7200,0.6000,0.6000,1.1000,0.00000000,0.06831510,0.12687090,0.01073523,0.00000000,0.20787310,0.33376810,1.22341000,0.00054945,0.00091575,0.00409035,0.02673990,3.69977600,3.32952100,1.80024200,1.10805800,0.61684920,1.10146400,0.79816780,0.72043880,3.30127900,3.30311000,0.79912020,4.93120000,4.90708000,0.00854700, 2, 255, 7, 24,0x50000,No,No,No,No,No,Yes,No,Yes
2026-04-11 15:38:34,0.0,1500,500,,500,500,44,,200,,,648,,52.7,0.7200,0.6000,0.6000,1.1000,0.00097593,0.06929103,0.12784680,0.00487965,0.00000000,0.20982490,0.33181620,1.22341000,0.00054945,0.00067155,0.00445665,0.02673990,3.69977600,3.30168200,1.79926600,1.11062200,0.61391880,1.10402800,0.79890030,0.72043880,3.30219400,3.30311000,0.79882700,4.91512000,4.92584000,0.00940170, 2, 255, 7, 24,0x50000,No,No,No,No,No,Yes,No,Yes
2026-04-11 15:38:36,0.0,1500,500,,500,500,44,,200,,,648,,52.1,0.7200,0.6000,0.6000,1.1000,0.00000000,0.07124290,0.12687090,0.00683151,0.00000000,0.21080090,0.33279210,1.23234000,0.00036630,0.00079365,0.00409035,0.02686200,3.69792000,3.31003300,1.80024200,1.10915600,0.61684920,1.10366200,0.80036550,0.72043880,3.30219400,3.30311000,0.79912020,4.92584000,4.92852000,0.00854700, 2, 255, 7, 24,0x50000,No,No,No,No,No,Yes,No,Yes
2026-04-11 15:38:39,0.0,1500,500,,500,500,43,,200,,,648,,52.7,0.7200,0.6000,0.6000,1.1000,0.00000000,0.07417068,0.12687090,0.00975930,0.00000000,0.21080090,0.33181620,1.22341000,0.00054945,0.00085470,0.00427350,0.02673990,3.70070400,3.29982600,1.79926600,1.10439400,0.61501770,1.10366200,0.80036550,0.72043880,3.30219400,3.30311000,0.79912020,4.92852000,4.93120000,0.00940170, 2, 255, 7, 24,0x50000,No,No,No,No,No,Yes,No,Yes
2026-04-11 15:38:41,0.0,1500,500,,500,500,44,,200,,,648,,52.7,0.7200,0.6000,0.6000,1.1000,0.00097593,0.07026696,0.12687090,0.00585558,0.00000000,0.21080090,0.33376810,1.23234000,0.00036630,0.00067155,0.00433455,0.02698410,3.69977600,3.31838500,1.79535800,1.10695900,0.60329610,1.10329600,0.79999920,0.72097620,3.30219400,3.30768900,0.79882700,4.91110000,4.92048000,0.00940170, 2, 255, 7, 24,0x50000,No,No,No,No,No,Yes,No,Yes
2026-04-11 15:38:43,0.0,1500,500,,500,500,43,,200,,,648,,51.6,0.7200,0.6000,0.6000,1.1000,0.00097593,0.07319475,0.12882280,0.00585558,0.00000000,0.20884900,0.33181620,1.22341000,0.00054945,0.00091575,0.00421245,0.02673990,3.70070400,3.32766400,1.80610300,1.10769100,0.61611660,1.10073200,0.79963290,0.72017020,3.30402600,3.30402600,0.79941320,4.91378000,4.92450000,0.00940170, 2, 255, 7, 24,0x50000,No,No,No,No,No,Yes,No,Yes
2026-04-11 15:38:45,0.0,1500,500,,500,500,44,,200,,,648,,52.7,0.7200,0.6000,0.6000,1.1000,0.05074836,0.06831510,0.12784680,0.00487965,0.00000000,0.22153610,0.32888840,1.24127000,0.00054945,0.00091575,0.00451770,0.02698410,3.70070400,3.30168200,1.80024200,1.10439400,0.61538400,1.10476100,0.80036550,0.72070740,3.30219400,3.30311000,0.79941320,4.90708000,4.93120000,0.00854700, 2, 255, 7, 24,0x50000,No,No,No,No,No,Yes,No,Yes
2026-04-11 15:38:47,0.0,1500,500,,500,500,44,,200,,,648,,51.6,0.7200,0.6000,0.6000,1.1000,0.00097593,0.07319475,0.12687090,0.00683151,0.00000000,0.21080090,0.33376810,1.23234000,0.00054945,0.00091575,0.00421245,0.02698410,3.69884800,3.31188900,1.80610300,1.10622600,0.61611660,1.10329600,0.79963290,0.72043880,3.30311000,3.30494200,0.79970620,4.91914000,4.91914000,0.00854700, 2, 255, 7, 24,0x50000,No,No,No,No,No,Yes,No,Yes
2026-04-11 15:38:49,0.0,1500,500,,500,500,44,,200,,,648,,53.2,0.7200,0.6000,0.6000,1.1000,0.00000000,0.07319475,0.12394310,0.00780744,0.00000000,0.21177680,0.33084030,1.23234000,0.00048840,0.00079365,0.00488400,0.02673990,3.70070400,3.30168200,1.80024200,1.10769100,0.61758180,1.10292900,0.80036550,0.72070740,3.30219400,3.30494200,0.79912020,4.93120000,4.93254000,0.00940170, 2, 255, 7, 24,0x50000,No,No,No,No,No,Yes,No,Yes
2026-04-11 15:38:51,0.0,1500,500,,500,500,44,,200,,,648,,53.2,0.7200,0.6000,0.6000,1.1000,0.00195186,0.06733918,0.12589500,0.00683151,0.00000000,0.20982490,0.33084030,1.24127000,0.00054945,0.00067155,0.00409035,0.02673990,3.70163200,3.31281700,1.79926600,1.10512700,0.61684920,1.10476100,0.80073180,0.72070740,3.30311000,3.30311000,0.79970620,4.91512000,4.92450000,0.00854700, 2, 255, 7, 24,0x50000,No,No,No,No,No,Yes,No,Yes
2026-04-11 15:38:54,0.0,1500,500,,500,500,44,,200,,,648,,52.7,0.7200,0.6000,0.6000,1.1000,0.00195186,0.07221882,0.12589500,0.00585558,0.00000000,0.20982490,0.33279210,1.22341000,0.00054945,0.00091575,0.00421245,0.02686200,3.69977600,3.31374500,1.80024200,1.10695900,0.61501770,1.10146400,0.79890030,0.72070740,3.29944700,3.30494200,0.79970620,4.91914000,4.92450000,0.00940170, 2, 255, 7, 24,0x50000,No,No,No,No,No,Yes,No,Yes
2026-04-11 15:38:56,0.0,1500,500,,500,500,44,,200,,,648,,52.7,0.7200,0.6000,0.6000,1.1000,0.00097593,0.06929103,0.12882280,0.00683151,0.00000000,0.20982490,0.33084030,1.22341000,0.00054945,0.00079365,0.00409035,0.02710620,3.70070400,3.31467300,1.79828900,1.10915600,0.61465140,1.10073200,0.80073180,0.72070740,3.30219400,3.30311000,0.79912020,4.91780000,4.93254000,0.00854700, 2, 255, 7, 24,0x50000,No,No,No,No,No,Yes,No,Yes
2026-04-11 15:38:58,0.0,1500,500,,500,500,44,,200,,,648,,51.0,0.7200,0.6000,0.6000,1.1000,0.00000000,0.06831510,0.12784680,0.00878337,0.00000000,0.23227130,0.33474400,1.22341000,0.00048840,0.00091575,0.00409035,0.02661780,3.69792000,3.31374500,1.80024200,1.10769100,0.61684920,1.10402800,0.79963290,0.72070740,3.29944700,3.30494200,0.79794790,4.91914000,4.92182000,0.00940170, 2, 255, 7, 24,0x50000,No,No,No,No,No,Yes,No,Yes
2026-04-11 15:39:00,0.0,1500,500,,500,500,44,,200,,,648,,52.7,0.7200,0.6000,0.6000,1.1000,0.00292779,0.07514661,0.12882280,0.00585558,0.00000000,0.20884900,0.33376810,1.22341000,0.00054945,0.00085470,0.00409035,0.02686200,3.70070400,3.31374500,1.80024200,1.10769100,0.61648290,1.10512700,0.79999920,0.72017020,3.30219400,3.30494200,0.79912020,4.92584000,4.91378000,0.00854700, 2, 255, 7, 24,0x50000,No,No,No,No,No,Yes,No,Yes
2026-04-11 15:39:02,0.0,1500,500,,500,500,44,,200,,,648,,53.2,0.7200,0.6000,0.6000,1.1000,0.00000000,0.11028010,0.15810070,0.00585558,0.00000000,0.21177680,0.33279210,1.22341000,0.00067155,0.00091575,0.00445665,0.02673990,3.70070400,3.31374500,1.79096300,1.10439400,0.61648290,1.10329600,0.79926660,0.72097620,3.30219400,3.30402600,0.79882700,4.91110000,4.90574000,0.00940170, 2, 255, 7, 24,0x50000,No,No,No,No,No,Yes,No,Yes
2026-04-11 15:39:04,0.0,1500,500,,500,500,44,,200,,,648,,52.1,0.7200,0.6000,0.6000,1.1000,0.00000000,0.06929103,0.12687090,0.00292779,0.00000000,0.21275270,0.33279210,1.23234000,0.00067155,0.00091575,0.00439560,0.02673990,3.69792000,3.31374500,1.79828900,1.10732500,0.61501770,1.10292900,0.79963290,0.72070740,3.30219400,3.30311000,0.79941320,4.93388000,4.93254000,0.00940170, 2, 255, 7, 24,0x50000,No,No,No,No,No,Yes,No,Yes
2026-04-11 15:39:06,0.0,1500,500,,500,500,44,,200,,,648,,53.8,0.7200,0.6000,0.6000,1.1000,0.00097593,0.07124290,0.12784680,0.00683151,0.00000000,0.21080090,0.33279210,1.24127000,0.00054945,0.00091575,0.00409035,0.02710620,3.70070400,3.30260900,1.80024200,1.10695900,0.61684920,1.10146400,0.79963290,0.72043880,3.30311000,3.30402600,0.79912020,4.92584000,4.92584000,0.00940170, 2, 255, 7, 24,0x50000,No,No,No,No,No,Yes,No,Yes
2026-04-11 15:39:08,0.0,1500,500,,500,500,44,,200,,,648,,51.6,0.7200,0.6000,0.6000,1.1000,0.00000000,0.07124290,0.12589500,0.00487965,0.00000000,0.20884900,0.33376810,1.22341000,0.00061050,0.00067155,0.00433455,0.02673990,3.69977600,3.31096100,1.78852100,1.10439400,0.61648290,1.10402800,0.79999920,0.72097620,3.30036300,3.30494200,0.79882700,4.92584000,4.92584000,0.00854700, 2, 255, 7, 24,0x50000,No,No,No,No,No,Yes,No,Yes
2026-04-11 15:39:11,0.0,1500,500,,500,500,44,,200,,,648,,51.6,0.7200,0.6000,0.6000,1.1000,0.00000000,0.07319475,0.12589500,0.00487965,0.00000000,0.22056020,0.33084030,1.22341000,0.00054945,0.00091575,0.00409035,0.02710620,3.69977600,3.30260900,1.80024200,1.10146400,0.61575030,1.10366200,0.79963290,0.72070740,3.30219400,3.30585700,0.79912020,4.93388000,4.93388000,0.00854700, 2, 255, 7, 24,0x50000,No,No,No,No,No,Yes,No,Yes
2026-04-11 15:39:13,0.0,1500,500,,500,500,44,,200,,,648,,52.1,0.7200,0.6000,0.6000,1.1000,0.00195186,0.06929103,0.12589500,0.00780744,0.00000000,0.20982490,0.33181620,1.22341000,0.00036630,0.00067155,0.00445665,0.02710620,3.69977600,3.29982600,1.79926600,1.10292900,0.61501770,1.10292900,0.79999920,0.72097620,3.30219400,3.30311000,0.79882700,4.90842000,4.92584000,0.00854700, 2, 255, 7, 24,0x50000,No,No,No,No,No,Yes,No,Yes
2026-04-11 15:39:15,0.0,1500,500,,500,500,44,,200,,,648,,51.6,0.7200,0.6000,0.6000,1.1000,0.00195186,0.07319475,0.12491900,0.00683151,0.00000000,0.21372870,0.33279210,1.22341000,0.00054945,0.00085470,0.00384615,0.02673990,3.69977600,3.30168200,1.80024200,1.10695900,0.61611660,1.10512700,0.79963290,0.72043880,3.30219400,3.30402600,0.79912020,4.93120000,4.92584000,0.00854700, 2, 255, 7, 24,0x50000,No,No,No,No,No,Yes,No,Yes
2026-04-11 15:39:17,0.0,1500,500,,500,500,44,,200,,,648,,52.7,0.7200,0.6000,0.6000,1.1000,0.00195186,0.07319475,0.12589500,0.00683151,0.00000000,0.21080090,0.33376810,1.24127000,0.00036630,0.00079365,0.00445665,0.02673990,3.69977600,3.30168200,1.80024200,1.10512700,0.61648290,1.10146400,0.79926660,0.72097620,3.30219400,3.30585700,0.79970620,4.92584000,4.93120000,0.00854700, 2, 255, 7, 24,0x50000,No,No,No,No,No,Yes,No,Yes
2026-04-11 15:39:19,0.0,1500,500,,500,500,44,,200,,,648,,52.7,0.7200,0.6000,0.6000,1.1000,0.00195186,0.06929103,0.12687090,0.00780744,0.00000000,0.21080090,0.33279210,1.22341000,0.00036630,0.00079365,0.00488400,0.02661780,3.69977600,3.31467300,1.80024200,1.10146400,0.61684920,1.10292900,0.79999920,0.72043880,3.30219400,3.30402600,0.79882700,4.92316000,4.90708000,0.00854700, 2, 255, 7, 24,0x50000,No,No,No,No,No,Yes,No,Yes
2026-04-11 15:39:21,0.0,1500,500,,500,500,44,,200,,,648,,53.2,0.7200,0.6000,0.6000,1.1000,0.00292779,0.07417068,0.12687090,0.00878337,0.00000000,0.20787310,0.33279210,1.22341000,0.00054945,0.00067155,0.00427350,0.02710620,3.69977600,3.31188900,1.79926600,1.10292900,0.61611660,1.10292900,0.79963290,0.72070740,3.30219400,3.30311000,0.79794790,4.93120000,4.92450000,0.00940170, 2, 255, 7, 24,0x50000,No,No,No,No,No,Yes,No,Yes
2026-04-11 15:39:23,0.0,1500,500,,500,500,44,,200,,,648,,52.7,0.7200,0.6000,0.6000,1.1000,0.00097593,0.06929103,0.12784680,0.00585558,0.00000000,0.21080090,0.33376810,1.23234000,0.00054945,0.00067155,0.00586080,0.02735040,3.69977600,3.31003300,1.78900900,1.10439400,0.61428510,1.10146400,0.80036550,0.72097620,3.30219400,3.30402600,0.79912020,4.92584000,4.92584000,0.00940170, 2, 255, 7, 24,0x50000,No,No,No,No,No,Yes,No,Yes
2026-04-11 15:39:26,0.0,1500,500,,500,500,43,,200,,,648,,53.2,0.7200,0.6000,0.6000,1.1000,0.00097593,0.12394310,0.12589500,0.00683151,0.00000000,0.21080090,0.33474400,1.23234000,0.00048840,0.00067155,0.00445665,0.02673990,3.69606400,3.31374500,1.79096300,1.10695900,0.60292980,1.10476100,0.79890030,0.72070740,3.29944700,3.30494200,0.79941320,4.89770000,4.92450000,0.00940170, 2, 255, 7, 24,0x50000,No,No,No,No,No,Yes,No,Yes
2026-04-11 15:39:28,0.0,1500,500,,500,500,44,,200,,,648,,52.1,0.7200,0.6000,0.6000,1.1000,0.00000000,0.06831510,0.12882280,0.00390372,0.00000000,0.21080090,0.33376810,1.22341000,0.00054945,0.00067155,0.00488400,0.02661780,3.69977600,3.30168200,1.79926600,1.10622600,0.61501770,1.10476100,0.79926660,0.72043880,3.30219400,3.30402600,0.79912020,4.93388000,4.92450000,0.00940170, 2, 255, 7, 24,0x50000,No,No,No,No,No,Yes,No,Yes
2026-04-11 15:39:30,0.0,1500,500,,500,500,44,,200,,,648,,53.2,0.7200,0.6000,0.6000,1.1000,0.00097593,0.08685777,0.12784680,0.00487965,0.00000000,0.20982490,0.33279210,1.22341000,0.00054945,0.00091575,0.00409035,0.02661780,3.69884800,3.31374500,1.79828900,1.10292900,0.61721550,1.10366200,0.79890030,0.72070740,3.30219400,3.30494200,0.79941320,4.93120000,4.91378000,0.00940170, 2, 255, 7, 24,0x50000,No,No,No,No,No,Yes,No,Yes
2026-04-11 15:39:32,0.0,1500,500,,500,500,44,,200,,,648,,52.7,0.7200,0.6000,0.6000,1.1000,0.00195186,0.06929103,0.12491900,0.00390372,0.00000000,0.21177680,0.33376810,1.22341000,0.00061050,0.00067155,0.00433455,0.02673990,3.69977600,3.31931300,1.79926600,1.10695900,0.61648290,1.10146400,0.79926660,0.72043880,3.30219400,3.30311000,0.79912020,4.92584000,4.93120000,0.00940170, 2, 255, 7, 24,0x50000,No,No,No,No,No,Yes,No,Yes
2026-04-11 15:39:34,0.0,1500,500,,500,500,43,,200,,,648,,52.7,0.7200,0.6000,0.6000,1.1000,0.04977243,0.07417068,0.12687090,0.00585558,0.00000000,0.20884900,0.33279210,1.23234000,0.00054945,0.00079365,0.00433455,0.02698410,3.70070400,3.30910500,1.80024200,1.10695900,0.61501770,1.10146400,0.80073180,0.72070740,3.30311000,3.30311000,0.79912020,4.91378000,4.91378000,0.00940170, 2, 255, 7, 24,0x50000,No,No,No,No,No,Yes,No,Yes
2026-04-11 15:39:36,0.0,1500,500,,500,500,44,,200,,,648,,51.0,0.7200,0.6000,0.6000,1.1000,0.00097593,0.07319475,0.12491900,0.00487965,0.00000000,0.20982490,0.33474400,1.22341000,0.00054945,0.00091575,0.00433455,0.02735040,3.70070400,3.30632200,1.80024200,1.10769100,0.61501770,1.10549400,0.80036550,0.72017020,3.30402600,3.30494200,0.79941320,4.92450000,4.92986000,0.00854700, 2, 255, 7, 24,0x50000,No,No,No,No,No,Yes,No,Yes
2026-04-11 15:39:39,0.0,1500,500,,500,500,44,,200,,,648,,52.7,0.7200,0.6000,0.6000,1.1000,0.00195186,0.07319475,0.12491900,0.00390372,0.00000000,0.21275270,0.32986440,1.22341000,0.00036630,0.00067155,0.00415140,0.02698410,3.69977600,3.30910500,1.78852100,1.10402800,0.61575030,1.10109800,0.79999920,0.72043880,3.30036300,3.30402600,0.79882700,4.92584000,4.92986000,0.00940170, 2, 255, 7, 24,0x50000,No,No,No,No,No,Yes,No,Yes
2026-04-11 15:39:41,0.0,1500,500,,500,500,43,,200,,,648,,51.6,0.7200,0.6000,0.6000,1.1000,0.04977243,0.07221882,0.12784680,0.00585558,0.00000000,0.20884900,0.33181620,1.22341000,0.00054945,0.00091575,0.00445665,0.02710620,3.68307300,3.31838500,1.80610300,1.10732500,0.61575030,1.10146400,0.80036550,0.72070740,3.30311000,3.30402600,0.79941320,4.91914000,4.93522000,0.00940170, 2, 255, 7, 24,0x50000,No,No,No,No,No,Yes,No,Yes
2026-04-11 15:39:43,0.0,1500,500,,500,500,44,,200,,,648,,53.2,0.7200,0.6000,0.6000,1.1000,0.00000000,0.07026696,0.12589500,0.00487965,0.00000000,0.21080090,0.33376810,1.23234000,0.00054945,0.00067155,0.00494505,0.02735040,3.69884800,3.31838500,1.80024200,1.10292900,0.61501770,1.10109800,0.80036550,0.72017020,3.30219400,3.30494200,0.79941320,4.91914000,4.92450000,0.00854700, 2, 255, 7, 24,0x50000,No,No,No,No,No,Yes,No,Yes
2026-04-11 15:39:45,0.0,1500,500,,500,500,44,,200,,,648,,52.7,0.7200,0.6000,0.6000,1.1000,0.04879650,0.07124290,0.12784680,0.00585558,0.00000000,0.20982490,0.33181620,1.22341000,0.00048840,0.00091575,0.00494505,0.02698410,3.70070400,3.32209700,1.79828900,1.10586000,0.61684920,1.10219700,0.79890030,0.72070740,3.30219400,3.30585700,0.79912020,4.91780000,4.91914000,0.00854700, 2, 255, 7, 24,0x50000,No,No,No,No,No,Yes,No,Yes
2026-04-11 15:39:47,0.0,1500,500,,500,500,43,,200,,,648,,51.6,0.7200,0.6000,0.6000,1.1000,0.00097593,0.07417068,0.12589500,0.00780744,0.00000000,0.20982490,0.33084030,1.22341000,0.00054945,0.00067155,0.00421245,0.02661780,3.69977600,3.32952100,1.79926600,1.10769100,0.61538400,1.10146400,0.79890030,0.72070740,3.30219400,3.30311000,0.79912020,4.92852000,4.92852000,0.00854700, 2, 255, 7, 24,0x50000,No,No,No,No,No,Yes,No,Yes
2026-04-11 15:39:49,0.0,1500,500,,500,500,44,,200,,,648,,51.6,0.7200,0.6000,0.6000,1.1000,0.00097593,0.06929103,0.12491900,0.00487965,0.00000000,0.21080090,0.33279210,1.21448000,0.00054945,0.00067155,0.00421245,0.02686200,3.69977600,3.30353800,1.78852100,1.10769100,0.61648290,1.10292900,0.79890030,0.72097620,3.30219400,3.30219400,0.79912020,4.91110000,4.92316000,0.00940170, 2, 255, 7, 24,0x50000,No,No,No,No,No,Yes,No,Yes
2026-04-11 15:39:51,0.0,1500,500,,500,500,44,,200,,,648,,51.0,0.7200,0.6000,0.6000,1.1000,0.00097593,0.07319475,0.12589500,0.00292779,0.00000000,0.20787310,0.33279210,1.23234000,0.00054945,0.00085470,0.00445665,0.02698410,3.69792000,3.31652900,1.79828900,1.10146400,0.61465140,1.10476100,0.79963290,0.72017020,3.29944700,3.30494200,0.79941320,4.93388000,4.92986000,0.00854700, 2, 255, 7, 24,0x50000,No,No,No,No,No,Yes,No,Yes
2026-04-11 15:39:53,0.0,1500,500,,500,500,43,,200,,,648,,52.1,0.7200,0.6000,0.6000,1.1000,0.00000000,0.06929103,0.12687090,0.00780744,0.00000000,0.22153610,0.33376810,1.22341000,0.00054945,0.00091575,0.00427350,0.02673990,3.69884800,3.31188900,1.80024200,1.10439400,0.61391880,1.10366200,0.79963290,0.72043880,3.30219400,3.30311000,0.79882700,4.92584000,4.90842000,0.00854700, 2, 255, 7, 24,0x50000,No,No,No,No,No,Yes,No,Yes
2026-04-11 15:39:56,0.0,1500,500,,500,500,44,,200,,,648,,52.1,0.7200,0.6000,0.6000,1.1000,0.00097593,0.07124290,0.12101530,0.00585558,0.00000000,0.22056020,0.33279210,1.22341000,0.00048840,0.00079365,0.00494505,0.02673990,3.69977600,3.32766400,1.79828900,1.10732500,0.61501770,1.10476100,0.79926660,0.72070740,3.30219400,3.30311000,0.79912020,4.91780000,4.92584000,0.00940170, 2, 255, 7, 24,0x50000,No,No,No,No,No,Yes,No,Yes
2026-04-11 15:39:58,0.0,1500,500,,500,500,44,,200,,,648,,52.7,0.7200,0.6000,0.6000,1.1000,0.00195186,0.07417068,0.12687090,0.00585558,0.00000000,0.20982490,0.33181620,1.22341000,0.00054945,0.00091575,0.00409035,0.02735040,3.70070400,3.32952100,1.79828900,1.10769100,0.61538400,1.10146400,0.80073180,0.72043880,3.30219400,3.30494200,0.79941320,4.93120000,4.91914000,0.00854700, 2, 255, 7, 24,0x50000,No,No,No,No,No,Yes,No,Yes
2026-04-11 15:40:00,0.0,1500,500,,500,500,44,,200,,,648,,51.0,0.7200,0.6000,0.6000,1.1000,0.00097593,0.07612254,0.12882280,0.00292779,0.00000000,0.20982490,0.33376810,1.23234000,0.00036630,0.00042735,0.00445665,0.02698410,3.69977600,3.31188900,1.79828900,1.10695900,0.61501770,1.10256300,0.80073180,0.72043880,3.30036300,3.30402600,0.79941320,4.92852000,4.90708000,0.00854700, 2, 255, 7, 24,0x50000,No,No,No,No,No,Yes,No,Yes
2026-04-11 15:40:02,0.0,1500,500,,500,500,43,,200,,,648,,53.2,0.7200,0.6000,0.6000,1.1000,0.00097593,0.07514661,0.12589500,0.00683151,0.00000000,0.21080090,0.33084030,1.22341000,0.00054945,0.00042735,0.00384615,0.02661780,3.70070400,3.32580900,1.79828900,1.10439400,0.61611660,1.10476100,0.79890030,0.72043880,3.30311000,3.30494200,0.79941320,4.91914000,4.90708000,0.00940170, 2, 255, 7, 24,0x50000,No,No,No,No,No,Yes,No,Yes
2026-04-11 15:40:04,0.0,1500,500,,500,500,44,,200,,,648,,53.2,0.7200,0.6000,0.6000,1.1000,0.00097593,0.07417068,0.12687090,0.00780744,0.00000000,0.21080090,0.33084030,1.22341000,0.00048840,0.00079365,0.00409035,0.02735040,3.70070400,3.31281700,1.79828900,1.10292900,0.61575030,1.10476100,0.80036550,0.72070740,3.29944700,3.30494200,0.79912020,4.93120000,4.93254000,0.00854700, 2, 255, 7, 24,0x50000,No,No,No,No,No,Yes,No,Yes
2026-04-11 15:40:06,0.0,1500,500,,500,500,44,,200,,,648,,53.2,0.7200,0.6000,0.6000,1.1000,0.00097593,0.07514661,0.12491900,0.00780744,0.00000000,0.21080090,0.32986440,1.24127000,0.00048840,0.00091575,0.00433455,0.02673990,3.69792000,3.30168200,1.80024200,1.10769100,0.61575030,1.10402800,0.80073180,0.72043880,3.30219400,3.30311000,0.79882700,4.92584000,4.92584000,0.00854700, 2, 255, 7, 24,0x50000,No,No,No,No,No,Yes,No,Yes
2026-04-11 15:40:08,0.0,1500,500,,500,500,44,,200,,,648,,51.6,0.7200,0.6000,0.6000,1.1000,0.00292779,0.06929103,0.12589500,0.00390372,0.00000000,0.21080090,0.33376810,1.22341000,0.00048840,0.00067155,0.00445665,0.02673990,3.69977600,3.29889800,1.78852100,1.10695900,0.61575030,1.10476100,0.80073180,0.72097620,3.30219400,3.30311000,0.79912020,4.87224000,4.89368000,0.00940170, 2, 255, 7, 24,0x50000,No,No,No,No,No,Yes,No,Yes
2026-04-11 15:40:11,0.0,1500,500,,500,500,44,,200,,,648,,52.1,0.7200,0.6000,0.6000,1.1000,0.00000000,0.07417068,0.12491900,0.00878337,0.00000000,0.21080090,0.33084030,1.22341000,0.00054945,0.00091575,0.00488400,0.02698410,3.70070400,3.32209700,1.80024200,1.10805800,0.61758180,1.10073200,0.79890030,0.72070740,3.29944700,3.30494200,0.79941320,4.91914000,4.93388000,0.00854700, 2, 255, 7, 24,0x50000,No,No,No,No,No,Yes,No,Yes
2026-04-11 15:40:13,0.0,1500,500,,500,500,44,,200,,,648,,51.0,0.7200,0.6000,0.6000,1.1000,0.04977243,0.07417068,0.12491900,0.00780744,0.00000000,0.21958430,0.33181620,1.24127000,0.00036630,0.00079365,0.00488400,0.02673990,3.73318300,3.31931300,1.80024200,1.10512700,0.61501770,1.10146400,0.80073180,0.72043880,3.30219400,3.30585700,0.79912020,4.93388000,4.93656000,0.00854700, 2, 255, 7, 24,0x50000,No,No,No,No,No,Yes,No,Yes
2026-04-11 15:40:15,0.0,1500,500,,500,500,44,,200,,,648,,52.7,0.7200,0.6000,0.6000,1.1000,0.00195186,0.07124290,0.12784680,0.00780744,0.00000000,0.22153610,0.33376810,1.22341000,0.00054945,0.00067155,0.00427350,0.02735040,3.69977600,3.30724900,1.78852100,1.10146400,0.61501770,1.10073200,0.79963290,0.72070740,3.30219400,3.30311000,0.79912020,4.90440000,4.89368000,0.00940170, 2, 255, 7, 24,0x50000,No,No,No,No,No,Yes,No,Yes
2026-04-11 15:40:17,0.0,1500,500,,500,500,44,,200,,,648,,52.7,0.7200,0.6000,0.6000,1.1000,0.00000000,0.07514661,0.12687090,0.00487965,0.00000000,0.21080090,0.33084030,1.24127000,0.00054945,0.00067155,0.00409035,0.02673990,3.70070400,3.30632200,1.80024200,1.10769100,0.61611660,1.10476100,0.79999920,0.72070740,3.30311000,3.30494200,0.79941320,4.92718000,4.92450000,0.00940170, 2, 255, 7, 24,0x50000,No,No,No,No,No,Yes,No,Yes
2026-04-11 15:40:19,0.0,1500,500,,500,500,44,,200,,,648,,53.2,0.7200,0.6000,0.6000,1.1000,0.00195186,0.07612254,0.12491900,0.00683151,0.00000000,0.20884900,0.33084030,1.22341000,0.00054945,0.00091575,0.00409035,0.02686200,3.69977600,3.31838500,1.80024200,1.10439400,0.61648290,1.10146400,0.80036550,0.72043880,3.30219400,3.30311000,0.79912020,4.92852000,4.92450000,0.00854700, 2, 255, 7, 24,0x50000,No,No,No,No,No,Yes,No,Yes
2026-04-11 15:40:21,0.0,1500,500,,500,500,44,,200,,,648,,51.6,0.7200,0.6000,0.6000,1.1000,0.00000000,0.07905034,0.12784680,0.00585558,0.00000000,0.21177680,0.33181620,1.24127000,0.00036630,0.00067155,0.00439560,0.02710620,3.70070400,3.31096100,1.79389300,1.10988900,0.61648290,1.10402800,0.79999920,0.72017020,3.30494200,3.30402600,0.79970620,4.92450000,4.88698000,0.00854700, 2, 255, 7, 24,0x50000,No,No,No,No,No,Yes,No,Yes
2026-04-11 15:40:23,0.0,1500,500,,500,500,44,,200,,,648,,52.7,0.7200,0.6000,0.6000,1.1000,0.04879650,0.06929103,0.12784680,0.00292779,0.00000000,0.21080090,0.33571990,1.24127000,0.00048840,0.00079365,0.00445665,0.02686200,3.69977600,3.31003300,1.79096300,1.10146400,0.61501770,1.10292900,0.79890030,0.72070740,3.30219400,3.30494200,0.79970620,4.93120000,4.92986000,0.00854700, 2, 255, 7, 24,0x50000,No,No,No,No,No,Yes,No,Yes
2026-04-11 15:40:26,0.0,1500,500,,500,500,44,,200,,,648,,52.1,0.7200,0.6000,0.6000,1.1000,0.00195186,0.07221882,0.12784680,0.00585558,0.00000000,0.21275270,0.33084030,1.22341000,0.00048840,0.00091575,0.00409035,0.02735040,3.69884800,3.30910500,1.80024200,1.10732500,0.61281990,1.10329600,0.79890030,0.72070740,3.30219400,3.30311000,0.79912020,4.91780000,4.92316000,0.00854700, 2, 255, 7, 24,0x50000,No,No,No,No,No,Yes,No,Yes
2026-04-11 15:40:28,0.0,1500,500,,500,500,44,,200,,,648,,52.7,0.7200,0.6000,0.6000,1.1000,0.00097593,0.07026696,0.12784680,0.00487965,0.00000000,0.21275270,0.33084030,1.22341000,0.00054945,0.00067155,0.00445665,0.02673990,3.69977600,3.31838500,1.79926600,1.10439400,0.61648290,1.10292900,0.79963290,0.72097620,3.30219400,3.30311000,0.79882700,4.92852000,4.93120000,0.00854700, 2, 255, 7, 24,0x50000,No,No,No,No,No,Yes,No,Yes
2026-04-11 15:40:30,0.0,1500,500,,500,500,44,,200,,,648,,52.7,0.7200,0.6000,0.6000,1.1000,0.00000000,0.07319475,0.12589500,0.00585558,0.00000000,0.21177680,0.33571990,1.22341000,0.00054945,0.00091575,0.00409035,0.02698410,3.70070400,3.30724900,1.80024200,1.10695900,0.61648290,1.10292900,0.80073180,0.72043880,3.30127900,3.30402600,0.79970620,4.91914000,4.92450000,0.00854700, 2, 255, 7, 24,0x50000,No,No,No,No,No,Yes,No,Yes
2026-04-11 15:40:32,0.0,1500,500,,500,500,44,,200,,,648,,52.1,0.7200,0.6000,0.6000,1.1000,0.00000000,0.06929103,0.12687090,0.00292779,0.00000000,0.20982490,0.33084030,1.23234000,0.00054945,0.00091575,0.00409035,0.02710620,3.69884800,3.31838500,1.80024200,1.10695900,0.61465140,1.10476100,0.79999920,0.72043880,3.30311000,3.30402600,0.79941320,4.92450000,4.91378000,0.00854700, 2, 255, 7, 24,0x50000,No,No,No,No,No,Yes,No,Yes
2026-04-11 15:40:34,0.0,1500,500,,500,500,44,,200,,,648,,53.2,0.7200,0.6000,0.6000,1.1000,0.00195186,0.06929103,0.12491900,0.00487965,0.00000000,0.22153610,0.32888840,1.22341000,0.00048840,0.00067155,0.00445665,0.02673990,3.69977600,3.30168200,1.80024200,1.10439400,0.61721550,1.10292900,0.79999920,0.72043880,3.30219400,3.30402600,0.79912020,4.93120000,4.93388000,0.00854700, 2, 255, 7, 24,0x50000,No,No,No,No,No,Yes,No,Yes
2026-04-11 15:40:36,0.0,1500,500,,500,500,44,,200,,,648,,52.1,0.7200,0.6000,0.6000,1.1000,0.00097593,0.07417068,0.12687090,0.00585558,0.00000000,0.20982490,0.33181620,1.24127000,0.00054945,0.00079365,0.00433455,0.02698410,3.69884800,3.31838500,1.80024200,1.11062200,0.61465140,1.10146400,0.80036550,0.72070740,3.29944700,3.30311000,0.79941320,4.92852000,4.92450000,0.00854700, 2, 255, 7, 24,0x50000,No,No,No,No,No,Yes,No,Yes
2026-04-11 15:40:38,0.0,1500,500,,500,500,44,,200,,,648,,52.7,0.7200,0.6000,0.6000,1.1000,0.00097593,0.07026696,0.12687090,0.00292779,0.00000000,0.20884900,0.33279210,1.23234000,0.00054945,0.00079365,0.00500610,0.02710620,3.70070400,3.31003300,1.79828900,1.10695900,0.61648290,1.10366200,0.80036550,0.72043880,3.30127900,3.30402600,0.79941320,4.92450000,4.91512000,0.00940170, 2, 255, 7, 24,0x50000,No,No,No,No,No,Yes,No,Yes
2026-04-11 15:40:41,0.0,1500,500,,500,500,44,,200,,,648,,54.3,0.7200,0.6000,0.6000,1.1000,0.00292779,0.07319475,0.12687090,0.00487965,0.00000000,0.21177680,0.33279210,1.22341000,0.00054945,0.00091575,0.00433455,0.02673990,3.70070400,3.32209700,1.79828900,1.10146400,0.61465140,1.10109800,0.79999920,0.72070740,3.30127900,3.30402600,0.79941320,4.93120000,4.92986000,0.00940170, 2, 255, 7, 24,0x50000,No,No,No,No,No,Yes,No,Yes
2026-04-11 15:40:43,0.0,1500,500,,500,500,44,,200,,,648,,51.6,0.7200,0.6000,0.6000,1.1000,0.00195186,0.13663020,0.12491900,0.00585558,0.00000000,0.21080090,0.33376810,1.22341000,0.00054945,0.00067155,0.00427350,0.02698410,3.69977600,3.31003300,1.78852100,1.10695900,0.61428510,1.10476100,0.80073180,0.72043880,3.30219400,3.30402600,0.79941320,4.92584000,4.92316000,0.00940170, 2, 255, 7, 24,0x50000,No,No,No,No,No,Yes,No,Yes
2026-04-11 15:40:45,0.0,1500,500,,500,500,44,,200,,,648,,52.7,0.7200,0.6000,0.6000,1.1000,0.00195186,0.07319475,0.12882280,0.00487965,0.00000000,0.23422320,0.33571990,1.23234000,0.00061050,0.00079365,0.00488400,0.02710620,3.69977600,3.31003300,1.80659200,1.10769100,0.61648290,1.10146400,0.79963290,0.72043880,3.29944700,3.30494200,0.79941320,4.91378000,4.92584000,0.00940170, 2, 255, 7, 24,0x50000,No,No,No,No,No,Yes,No,Yes
2026-04-11 15:40:47,0.0,1500,500,,500,500,44,,200,,,648,,53.2,0.7200,0.6000,0.6000,1.1000,0.00097593,0.08588185,0.12491900,0.00390372,0.00000000,0.20982490,0.33181620,1.22341000,0.00054945,0.00091575,0.00384615,0.02686200,3.69884800,3.29889800,1.80610300,1.10695900,0.61575030,1.10402800,0.79999920,0.72070740,3.30127900,3.30402600,0.79853400,4.93388000,4.92450000,0.00940170, 2, 255, 7, 24,0x50000,No,No,No,No,No,Yes,No,Yes
2026-04-11 15:40:49,0.0,1500,500,,500,500,44,,200,,,648,,51.6,0.7200,0.6000,0.6000,1.1000,0.05270022,0.07026696,0.12589500,0.00683151,0.00000000,0.21080090,0.33181620,1.20555000,0.00054945,0.00079365,0.00488400,0.02698410,3.70070400,3.29889800,1.79828900,1.10439400,0.61758180,1.10476100,0.79999920,0.72070740,3.30311000,3.30494200,0.79941320,4.91378000,4.91244000,0.00940170, 2, 255, 7, 24,0x50000,No,No,No,No,No,Yes,No,Yes
2026-04-11 15:40:51,0.0,1500,500,,500,500,44,,200,,,648,,52.7,0.7200,0.6000,0.6000,1.1000,0.00097593,0.07319475,0.12687090,0.00585558,0.00000000,0.21080090,0.33279210,1.22341000,0.00054945,0.00067155,0.00433455,0.02686200,3.69977600,3.31838500,1.81684800,1.10622600,0.61721550,1.10402800,0.80073180,0.72097620,3.30219400,3.30402600,0.79882700,4.91512000,4.92584000,0.00854700, 2, 255, 7, 24,0x50000,No,No,No,No,No,Yes,No,Yes
2026-04-11 15:40:53,0.0,1500,500,,500,500,44,,200,,,648,,52.7,0.7200,0.6000,0.6000,1.1000,0.00097593,0.06929103,0.12687090,0.00097593,0.00000000,0.22446390,0.33376810,1.23234000,0.00054945,0.00067155,0.00421245,0.02686200,3.70070400,3.31374500,1.79096300,1.10695900,0.61648290,1.10512700,0.79999920,0.72017020,3.30127900,3.30402600,0.79882700,4.92450000,4.92450000,0.00940170, 2, 255, 7, 24,0x50000,No,No,No,No,No,Yes,No,Yes
2026-04-11 15:40:55,0.0,1500,500,,500,500,44,,200,,,648,,52.7,0.7200,0.6000,0.6000,1.1000,0.00097593,0.07514661,0.12491900,0.00487965,0.00000000,0.20787310,0.33181620,1.23234000,0.00054945,0.00091575,0.00433455,0.02735040,3.69884800,3.31838500,1.79828900,1.10109800,0.61611660,1.10402800,0.79890030,0.72070740,3.30311000,3.30402600,0.79941320,4.91914000,4.91914000,0.00854700, 2, 255, 7, 24,0x50000,No,No,No,No,No,Yes,No,Yes
2026-04-11 15:40:58,0.0,1500,500,,500,500,44,,200,,,648,,52.7,0.7200,0.6000,0.6000,1.1000,0.00097593,0.06831510,0.12491900,0.00780744,0.00000000,0.21080090,0.33279210,1.24127000,0.00042735,0.00091575,0.00433455,0.02710620,3.69977600,3.29889800,1.79828900,1.10769100,0.61501770,1.10256300,0.79926660,0.72070740,3.30127900,3.30494200,0.79941320,4.91914000,4.92852000,0.00854700, 2, 255, 7, 24,0x50000,No,No,No,No,No,Yes,No,Yes
2026-04-11 15:41:00,0.0,1500,500,,500,500,43,,200,,,648,,52.7,0.7200,0.6000,0.6000,1.1000,0.00000000,0.07709848,0.12491900,0.00585558,0.00000000,0.20787310,0.33571990,1.23234000,0.00036630,0.00042735,0.00409035,0.02686200,3.69977600,3.31745700,1.79828900,1.11062200,0.61391880,1.10146400,0.79963290,0.72070740,3.30219400,3.30311000,0.79794790,4.91780000,4.90842000,0.00854700, 2, 255, 7, 24,0x50000,No,No,No,No,No,Yes,No,Yes
2026-04-11 15:41:02,0.0,1500,500,,500,500,44,,200,,,648,,51.6,0.7200,0.6000,0.6000,1.1000,0.04977243,0.06929103,0.12687090,0.00780744,0.00000000,0.21177680,0.32888840,1.23234000,0.00054945,0.00091575,0.00421245,0.02686200,3.69792000,3.31096100,1.80024200,1.10439400,0.61648290,1.10219700,0.79963290,0.72070740,3.30219400,3.30402600,0.79912020,4.91512000,4.90842000,0.00854700, 2, 255, 7, 24,0x50000,No,No,No,No,No,Yes,No,Yes
2026-04-11 15:41:04,0.0,1500,500,,500,500,44,,200,,,648,,52.7,0.7200,0.6000,0.6000,1.1000,0.00097593,0.06929103,0.12589500,0.00585558,0.00000000,0.21177680,0.33084030,1.21448000,0.00036630,0.00067155,0.00409035,0.02698410,3.69977600,3.31838500,1.79926600,1.10695900,0.61648290,1.10402800,0.79963290,0.72043880,3.30311000,3.30494200,0.79941320,4.91780000,4.92584000,0.00854700, 2, 255, 7, 24,0x50000,No,No,No,No,No,Yes,No,Yes
2026-04-11 15:41:06,0.0,1500,500,,500,500,44,,200,,,648,,52.1,0.7200,0.6000,0.6000,1.1000,0.00097593,0.07319475,0.12394310,0.00487965,0.00000000,0.22251200,0.33084030,1.24127000,0.00054945,0.00085470,0.00433455,0.02735040,3.69977600,3.30724900,1.79926600,1.10769100,0.61501770,1.10256300,0.80073180,0.72043880,3.30219400,3.30311000,0.79941320,4.92852000,4.91780000,0.00940170, 2, 255, 7, 24,0x50000,No,No,No,No,No,Yes,No,Yes
2026-04-11 15:41:08,0.0,1500,500,,500,500,44,,200,,,648,,52.7,0.7200,0.6000,0.6000,1.1000,0.00097593,0.07709848,0.12589500,0.00683151,0.00000000,0.21080090,0.33474400,1.22341000,0.00054945,0.00079365,0.00409035,0.02698410,3.70070400,3.30168200,1.80024200,1.10805800,0.61648290,1.10073200,0.80036550,0.72043880,3.30311000,3.30402600,0.79941320,4.91914000,4.92450000,0.00940170, 2, 255, 7, 24,0x50000,No,No,No,No,No,Yes,No,Yes
2026-04-11 15:41:10,0.0,1500,500,,500,500,44,,200,,,648,,53.2,0.7200,0.6000,0.6000,1.1000,0.00292779,0.07417068,0.12589500,0.00683151,0.00000000,0.20884900,0.33084030,1.22341000,0.00054945,0.00067155,0.00439560,0.02698410,3.69977600,3.31467300,1.79926600,1.10439400,0.61684920,1.10146400,0.80073180,0.72043880,3.30219400,3.30585700,0.79912020,4.92584000,4.92852000,0.00854700, 2, 255, 7, 24,0x50000,No,No,No,No,No,Yes,No,Yes
2026-04-11 15:41:13,0.0,1500,500,,500,500,44,,200,,,648,,53.2,0.7200,0.6000,0.6000,1.1000,0.00000000,0.06929103,0.12491900,0.00390372,0.00000000,0.20982490,0.33376810,1.21448000,0.00036630,0.00079365,0.00445665,0.02710620,3.70070400,3.31003300,1.80024200,1.10695900,0.61684920,1.10146400,0.80036550,0.72043880,3.30311000,3.30494200,0.79912020,4.91780000,4.93388000,0.00854700, 2, 255, 7, 24,0x50000,No,No,No,No,No,Yes,No,Yes
2026-04-11 15:41:15,0.0,1500,500,,500,500,43,,200,,,648,,51.6,0.7200,0.6000,0.6000,1.1000,0.00195186,0.07417068,0.12687090,0.00683151,0.00000000,0.22251200,0.33376810,1.22341000,0.00054945,0.00091575,0.00384615,0.02686200,3.70070400,3.31838500,1.80024200,1.10292900,0.61465140,1.10256300,0.79963290,0.72017020,3.29944700,3.30402600,0.79941320,4.92986000,4.91914000,0.00940170, 2, 255, 7, 24,0x50000,No,No,No,No,No,Yes,No,Yes
2026-04-11 15:41:17,0.0,1500,500,,500,500,44,,200,,,648,,52.7,0.7200,0.6000,0.6000,1.1000,0.00000000,0.07124290,0.12784680,0.00585558,0.00000000,0.23227130,0.33376810,1.21448000,0.00054945,0.00067155,0.00427350,0.02686200,3.69977600,3.31188900,1.78852100,1.10695900,0.61575030,1.10402800,0.79963290,0.72043880,3.30219400,3.30311000,0.79882700,4.92584000,4.93120000,0.00854700, 2, 255, 7, 24,0x50000,No,No,No,No,No,Yes,No,Yes
2026-04-11 15:41:19,0.0,1500,500,,500,500,44,,200,,,648,,51.6,0.7200,0.6000,0.6000,1.1000,0.00000000,0.07807440,0.12687090,0.00780744,0.00000000,0.21080090,0.33376810,1.22341000,0.00054945,0.00091575,0.00421245,0.02698410,3.70070400,3.31374500,1.80024200,1.10439400,0.61684920,1.10146400,0.79963290,0.72043880,3.30219400,3.30311000,0.79912020,4.93120000,4.92852000,0.00854700, 2, 255, 7, 24,0x50000,No,No,No,No,No,Yes,No,Yes
2026-04-11 15:41:21,0.0,1500,500,,500,500,44,,200,,,648,,52.7,0.7200,0.6000,0.6000,1.1000,0.00000000,0.08295405,0.12882280,0.00390372,0.00000000,0.20884900,0.33279210,1.23234000,0.00036630,0.00042735,0.00445665,0.02710620,3.69977600,3.31838500,1.79828900,1.10146400,0.61428510,1.10476100,0.79999920,0.72070740,3.30219400,3.30494200,0.79912020,4.92584000,4.91914000,0.00854700, 2, 255, 7, 24,0x50000,No,No,No,No,No,Yes,No,Yes
2026-04-11 15:41:23,0.0,1500,500,,500,500,44,,200,,,648,,53.2,0.7200,0.6000,0.6000,1.1000,0.00097593,0.10832820,0.15419700,0.00585558,0.00000000,0.21080090,0.33279210,1.23234000,0.00054945,0.00091575,0.00421245,0.02698410,3.69884800,3.32766400,1.80610300,1.10769100,0.61648290,1.10366200,0.79963290,0.72097620,3.30402600,3.30402600,0.79882700,4.90976000,4.91646000,0.00940170, 2, 255, 7, 24,0x50000,No,No,No,No,No,Yes,No,Yes
2026-04-11 15:41:25,0.0,1500,500,,500,500,44,,200,,,648,,52.7,0.7200,0.6000,0.6000,1.1000,0.00195186,0.07709848,0.12687090,0.00683151,0.00000000,0.21275270,0.33084030,1.23234000,0.00036630,0.00079365,0.00421245,0.02673990,3.69977600,3.30724900,1.78852100,1.10805800,0.61648290,1.10476100,0.79999920,0.72097620,3.30219400,3.30402600,0.79912020,4.92986000,4.92584000,0.00940170, 2, 255, 7, 24,0x50000,No,No,No,No,No,Yes,No,Yes
2026-04-11 15:41:28,0.0,1500,500,,500,500,44,,200,,,648,,52.7,0.7200,0.6000,0.6000,1.1000,0.04782057,0.08588185,0.12687090,0.00487965,0.00000000,0.21080090,0.33376810,1.21448000,0.00054945,0.00079365,0.00433455,0.02673990,3.70441600,3.31374500,1.80024200,1.10769100,0.61538400,1.10109800,0.80036550,0.72043880,3.30311000,3.30402600,0.79912020,4.92584000,4.91914000,0.00854700, 2, 255, 7, 24,0x50000,No,No,No,No,No,Yes,No,Yes
2026-04-11 15:41:30,0.0,1500,500,,500,500,44,,200,,,648,,51.6,0.7200,0.6000,0.6000,1.1000,0.00000000,0.07514661,0.12589500,0.00780744,0.00000000,0.20884900,0.33084030,1.22341000,0.00042735,0.00067155,0.00445665,0.02698410,3.69977600,3.31188900,1.79389300,1.10476100,0.61721550,1.10476100,0.79999920,0.72070740,3.30311000,3.30402600,0.79941320,4.92852000,4.92450000,0.00854700, 2, 255, 7, 24,0x50000,No,No,No,No,No,Yes,No,Yes
2026-04-11 15:41:32,0.0,1500,500,,500,500,44,,200,,,648,,52.7,0.7200,0.6000,0.6000,1.1000,0.00000000,0.06929103,0.12589500,0.00585558,0.00000000,0.21080090,0.33571990,1.22341000,0.00054945,0.00085470,0.00409035,0.02686200,3.69977600,3.30168200,1.80024200,1.10146400,0.61611660,1.10402800,0.79926660,0.72070740,3.29944700,3.30494200,0.79970620,4.91780000,4.93388000,0.00854700, 2, 255, 7, 24,0x50000,No,No,No,No,No,Yes,No,Yes
2026-04-11 15:41:34,0.0,1500,500,,500,500,44,,200,,,648,,52.1,0.7200,0.6000,0.6000,1.1000,0.00000000,0.07514661,0.12687090,0.00390372,0.00000000,0.20982490,0.33279210,1.24127000,0.00054945,0.00067155,0.00409035,0.02747250,3.69977600,3.31374500,1.79926600,1.10219700,0.61575030,1.10329600,0.79999920,0.72097620,3.30219400,3.30494200,0.79912020,4.92048000,4.92182000,0.00854700, 2, 255, 7, 24,0x50000,No,No,No,No,No,Yes,No,Yes
2026-04-11 15:41:36,0.0,1500,500,,500,500,44,,200,,,648,,53.8,0.7200,0.6000,0.6000,1.1000,0.00000000,0.07417068,0.12589500,0.00097593,0.00000000,0.21080090,0.44697600,1.24127000,0.00036630,0.00042735,0.00409035,0.02735040,3.70163200,3.32580900,1.79828900,1.10256300,0.61611660,1.10549400,0.79963290,0.72043880,3.30311000,3.30402600,0.79912020,4.91914000,4.91914000,0.00854700, 2, 255, 7, 24,0x50000,No,No,No,No,No,Yes,No,Yes
2026-04-11 15:41:38,0.0,1500,500,,500,500,44,,200,,,648,,51.6,0.7200,0.6000,0.6000,1.1000,0.00292779,0.06929103,0.12394310,0.00683151,0.00000000,0.20982490,0.33571990,1.23234000,0.00054945,0.00085470,0.00409035,0.02698410,3.69792000,3.30817700,1.80024200,1.10292900,0.61501770,1.10329600,0.79926660,0.72043880,3.30127900,3.30311000,0.79941320,4.91244000,4.92450000,0.00854700, 2, 255, 7, 24,0x50000,No,No,No,No,No,Yes,No,Yes
2026-04-11 15:41:40,0.0,1500,500,,500,500,43,,200,,,648,,52.7,0.7200,0.6000,0.6000,1.1000,0.00000000,0.07514661,0.12589500,0.00780744,0.00000000,0.20982490,0.33474400,1.23234000,0.00054945,0.00091575,0.00488400,0.02673990,3.69792000,3.31467300,1.80024200,1.10219700,0.61648290,1.10109800,0.80036550,0.72070740,3.30311000,3.30494200,0.79941320,4.91914000,4.92450000,0.00854700, 2, 255, 7, 24,0x50000,No,No,No,No,No,Yes,No,Yes
2026-04-11 15:41:43,0.0,1500,500,,500,500,44,,200,,,648,,52.7,0.7200,0.6000,0.6000,1.1000,0.00000000,0.07417068,0.12784680,0.00487965,0.00000000,0.20982490,0.33084030,1.24127000,0.00054945,0.00091575,0.00409035,0.02698410,3.69792000,3.31188900,1.80024200,1.10695900,0.61501770,1.10476100,0.79926660,0.72017020,3.30127900,3.30494200,0.79941320,4.91914000,4.91914000,0.00940170, 2, 255, 7, 24,0x50000,No,No,No,No,No,Yes,No,Yes
2026-04-11 15:41:45,0.0,1500,500,,500,500,44,,200,,,648,,52.1,0.7200,0.6000,0.6000,1.1000,0.00097593,0.07709848,0.12882280,0.00585558,0.00000000,0.21275270,0.33084030,1.24127000,0.00054945,0.00091575,0.00384615,0.02710620,3.69792000,3.31838500,1.80024200,1.10695900,0.61611660,1.10512700,0.79890030,0.72017020,3.30219400,3.30494200,0.79941320,4.93388000,4.93254000,0.00940170, 2, 255, 7, 24,0x50000,No,No,No,No,No,Yes,No,Yes
2026-04-11 15:41:47,0.0,1500,500,,500,500,43,,200,,,648,,51.0,0.7200,0.6000,0.6000,1.1000,0.01659081,0.07026696,0.12882280,0.00780744,0.00000000,0.20982490,0.32888840,1.23234000,0.00036630,0.00042735,0.00445665,0.02673990,3.69792000,3.30168200,1.79828900,1.10439400,0.61611660,1.10073200,0.79963290,0.72070740,3.30219400,3.30311000,0.79912020,4.92584000,4.92316000,0.00854700, 2, 255, 7, 24,0x50000,No,No,No,No,No,Yes,No,Yes
2026-04-11 15:41:49,0.0,1500,500,,500,500,44,,200,,,648,,52.1,0.7200,0.6000,0.6000,1.1000,0.00000000,0.07319475,0.12491900,0.00683151,0.00000000,0.21080090,0.33474400,1.23234000,0.00048840,0.00067155,0.00427350,0.02686200,3.69977600,3.30724900,1.78852100,1.10915600,0.61575030,1.10549400,0.79926660,0.72097620,3.30127900,3.30402600,0.79882700,4.92584000,4.92584000,0.00940170, 2, 255, 7, 24,0x50000,No,No,No,No,No,Yes,No,Yes
2026-04-11 15:41:51,0.0,1500,500,,500,500,44,,200,,,648,,51.6,0.7200,0.6000,0.6000,1.1000,0.00000000,0.07026696,0.12784680,0.00487965,0.00000000,0.21177680,0.33571990,1.24127000,0.00042735,0.00091575,0.00427350,0.02686200,3.69792000,3.31838500,1.80610300,1.10439400,0.61465140,1.10366200,0.79963290,0.72017020,3.30219400,3.30494200,0.79970620,4.92450000,4.92718000,0.00854700, 2, 255, 7, 24,0x50000,No,No,No,No,No,Yes,No,Yes
2026-04-11 15:41:53,0.0,1500,500,,500,500,44,,200,,,648,,51.6,0.7200,0.6000,0.6000,1.1000,0.00097593,0.07417068,0.12589500,0.00487965,0.00000000,0.20982490,0.32986440,1.24127000,0.00054945,0.00091575,0.00451770,0.02673990,3.70070400,3.31003300,1.80024200,1.10695900,0.61648290,1.10402800,0.80036550,0.72070740,3.30219400,3.30494200,0.79853400,4.91914000,4.92048000,0.00940170, 2, 255, 7, 24,0x50000,No,No,No,No,No,Yes,No,Yes
2026-04-11 15:41:55,0.0,1500,500,,500,500,44,,200,,,648,,52.7,0.7200,0.6000,0.6000,1.1000,0.00097593,0.07417068,0.12687090,0.00195186,0.00000000,0.21080090,0.33279210,1.23234000,0.00036630,0.00079365,0.00409035,0.02710620,3.70163200,3.30260900,1.80024200,1.10109800,0.61611660,1.10292900,0.79926660,0.72097620,3.30219400,3.30311000,0.79941320,4.93120000,4.92852000,0.00854700, 2, 255, 7, 24,0x50000,No,No,No,No,No,Yes,No,Yes
2026-04-11 15:41:57,0.0,1500,500,,500,500,44,,200,,,648,,53.2,0.7200,0.6000,0.6000,1.1000,0.06441138,0.07319475,0.12784680,0.00683151,0.00000000,0.20884900,0.33084030,1.22341000,0.00036630,0.00079365,0.00439560,0.02686200,3.70163200,3.32766400,1.79877700,1.10219700,0.61501770,1.10109800,0.79963290,0.72070740,3.30219400,3.30494200,0.79912020,4.90708000,4.89770000,0.00940170, 2, 255, 7, 24,0x50000,No,No,No,No,No,Yes,No,Yes
2026-04-11 15:42:00,0.0,1500,500,,500,500,44,,200,,,648,,52.7,0.7200,0.6000,0.6000,1.1000,0.05270022,0.08490592,0.12784680,0.00585558,0.00000000,0.21080090,0.33181620,1.24127000,0.00054945,0.00091575,0.00488400,0.02710620,3.69792000,3.31374500,1.79828900,1.10769100,0.61611660,1.10512700,0.79963290,0.72070740,3.30311000,3.30402600,0.79941320,4.91244000,4.89770000,0.00940170, 2, 255, 7, 24,0x50000,No,No,No,No,No,Yes,No,Yes
2026-04-11 15:42:02,0.0,1500,500,,500,500,44,,200,,,648,,51.0,0.7200,0.6000,0.6000,1.1000,0.00195186,0.07514661,0.12589500,0.00683151,0.00000000,0.21177680,0.33279210,1.22341000,0.00048840,0.00079365,0.00488400,0.02735040,3.70070400,3.32952100,1.79828900,1.10476100,0.61538400,1.10256300,0.79706880,0.72070740,3.30219400,3.30402600,0.79941320,4.92852000,4.91914000,0.00940170, 2, 255, 7, 24,0x50000,No,No,No,No,No,Yes,No,Yes
2026-04-11 15:42:04,0.0,1500,500,,500,500,44,,200,,,648,,52.7,0.7200,0.6000,0.6000,1.1000,0.00097593,0.06929103,0.12589500,0.00292779,0.00000000,0.20982490,0.33376810,1.22341000,0.00042735,0.00067155,0.00445665,0.02710620,3.69977600,3.30724900,1.79926600,1.11062200,0.61611660,1.10292900,0.80073180,0.72043880,3.30219400,3.30585700,0.79912020,4.92584000,4.92316000,0.00854700, 2, 255, 7, 24,0x50000,No,No,No,No,No,Yes,No,Yes
2026-04-11 15:42:06,0.0,1500,500,,500,500,44,,200,,,648,,52.7,0.7200,0.6000,0.6000,1.1000,0.04782057,0.07417068,0.12589500,0.00390372,0.00000000,0.22056020,0.33084030,1.22341000,0.00054945,0.00067155,0.00488400,0.02710620,3.69977600,3.29982600,1.79926600,1.10659200,0.61684920,1.10146400,0.79999920,0.72043880,3.30311000,3.30585700,0.79912020,4.91780000,4.90842000,0.00854700, 2, 255, 7, 24,0x50000,No,No,No,No,No,Yes,No,Yes
2026-04-11 15:42:08,0.0,1500,500,,500,500,43,,200,,,648,,52.7,0.7200,0.6000,0.6000,1.1000,0.00195186,0.08392998,0.12687090,0.00780744,0.00000000,0.20982490,0.32986440,1.22341000,0.00054945,0.00067155,0.00409035,0.02673990,3.69977600,3.30724900,1.78852100,1.10292900,0.61684920,1.10366200,0.80036550,0.72043880,3.30219400,3.30311000,0.79912020,4.93120000,4.91378000,0.00940170, 2, 255, 7, 24,0x50000,No,No,No,No,No,Yes,No,Yes
2026-04-11 15:42:10,0.0,1500,500,,500,500,44,,200,,,648,,53.2,0.7200,0.6000,0.6000,1.1000,0.00097593,0.11711160,0.16005250,0.00585558,0.00000000,0.21177680,0.33181620,1.22341000,0.00054945,0.00067155,0.00488400,0.02686200,3.69884800,3.29147400,1.79096300,1.10439400,0.61684920,1.10073200,0.80073180,0.72043880,3.30219400,3.30311000,0.79912020,4.90574000,4.90172000,0.00940170, 2, 255, 7, 24,0x50000,No,No,No,No,No,Yes,No,Yes
2026-04-11 15:42:12,0.0,1500,500,,500,500,44,,200,,,648,,52.7,0.7200,0.6000,0.6000,1.1000,0.00000000,0.06929103,0.12784680,0.00780744,0.00000000,0.21080090,0.33376810,1.22341000,0.00054945,0.00067155,0.00445665,0.02710620,3.69977600,3.30724900,1.78852100,1.10622600,0.61391880,1.10476100,0.80036550,0.72043880,3.30219400,3.30311000,0.79912020,4.92852000,4.91914000,0.00940170, 2, 255, 7, 24,0x50000,No,No,No,No,No,Yes,No,Yes
2026-04-11 15:42:15,0.0,1500,500,,500,500,44,,200,,,648,,52.7,0.7200,0.6000,0.6000,1.1000,0.00000000,0.07417068,0.12687090,0.00585558,0.00000000,0.21080090,0.33279210,1.21448000,0.00054945,0.00091575,0.00445665,0.02661780,3.70070400,3.32580900,1.79828900,1.10439400,0.61575030,1.10512700,0.80036550,0.72043880,3.30311000,3.30402600,0.79941320,4.93388000,4.92450000,0.00940170, 2, 255, 7, 24,0x50000,No,No,No,No,No,Yes,No,Yes
2026-04-11 15:42:17,0.0,1500,500,,500,500,44,,200,,,648,,52.1,0.7200,0.6000,0.6000,1.1000,0.00097593,0.07514661,0.12589500,0.00292779,0.00000000,0.21177680,0.33376810,1.22341000,0.00048840,0.00079365,0.00433455,0.02710620,3.70163200,3.31003300,1.80024200,1.10732500,0.60805800,1.10146400,0.80879040,0.72070740,3.30219400,3.30494200,0.79912020,4.92316000,4.92450000,0.00854700, 2, 255, 7, 24,0x50000,No,No,No,No,No,Yes,No,Yes
2026-04-11 15:42:19,0.0,1500,500,,500,500,44,,200,,,648,,53.2,0.7200,0.6000,0.6000,1.1000,0.00683151,0.08978556,0.12687090,0.00390372,0.00000000,0.21080090,0.33376810,1.22341000,0.00054945,0.00091575,0.00586080,0.02673990,3.69884800,3.31003300,1.79926600,1.10146400,0.61465140,1.10183000,0.79963290,0.72043880,3.30219400,3.30585700,0.79912020,4.92584000,4.92048000,0.00940170, 2, 255, 7, 24,0x50000,No,No,No,No,No,Yes,No,Yes
2026-04-11 15:42:21,0.0,1500,500,,500,500,44,,200,,,648,,51.0,0.7200,0.6000,0.6000,1.1000,0.00195186,0.07319475,0.12394310,0.00390372,0.00000000,0.20689720,0.33181620,1.24127000,0.00048840,0.00091575,0.00445665,0.02673990,3.69977600,3.30817700,1.79828900,1.10439400,0.61648290,1.10109800,0.79963290,0.72070740,3.30219400,3.30494200,0.79912020,4.93120000,4.93120000,0.00940170, 2, 255, 7, 24,0x50000,No,No,No,No,No,Yes,No,Yes
2026-04-11 15:42:23,0.0,1500,500,,500,500,44,,200,,,648,,53.2,0.7200,0.6000,0.6000,1.1000,0.00292779,0.07319475,0.12687090,0.00780744,0.00000000,0.21080090,0.33084030,1.21448000,0.00036630,0.00079365,0.00421245,0.02673990,3.69977600,3.31374500,1.80024200,1.10695900,0.61758180,1.10292900,0.79926660,0.72070740,3.30219400,3.30494200,0.79970620,4.91780000,4.92852000,0.00940170, 2, 255, 7, 24,0x50000,No,No,No,No,No,Yes,No,Yes
2026-04-11 15:42:25,0.0,1500,500,,500,500,44,,200,,,648,,53.2,0.7200,0.6000,0.6000,1.1000,0.00195186,0.07319475,0.12784680,0.00683151,0.00000000,0.20982490,0.33084030,1.22341000,0.00054945,0.00091575,0.00384615,0.02710620,3.69884800,3.29889800,1.80659200,1.10769100,0.61501770,1.10146400,0.79963290,0.72097620,3.30402600,3.30402600,0.79882700,4.92450000,4.91110000,0.00940170, 2, 255, 7, 24,0x50000,No,No,No,No,No,Yes,No,Yes
2026-04-11 15:42:27,0.0,1500,500,,500,500,44,,200,,,648,,51.6,0.7200,0.6000,0.6000,1.1000,0.00000000,0.07319475,0.12687090,0.00195186,0.00000000,0.21275270,0.33084030,1.22341000,0.00042735,0.00079365,0.00439560,0.02686200,3.70256000,3.31003300,1.80610300,1.10439400,0.61648290,1.10256300,0.80073180,0.72043880,3.30219400,3.30402600,0.79853400,4.92048000,4.92450000,0.00940170, 2, 255, 7, 24,0x50000,No,No,No,No,No,Yes,No,Yes
2026-04-11 15:42:30,0.0,1500,500,,500,500,44,,200,,,648,,53.2,0.7200,0.6000,0.6000,1.1000,0.04977243,0.07514661,0.12784680,0.00585558,0.00000000,0.21372870,0.33181620,1.22341000,0.00054945,0.00091575,0.00470085,0.02735040,3.69792000,3.30168200,1.80024200,1.10695900,0.61575030,1.10146400,0.79890030,0.72070740,3.30219400,3.30494200,0.79941320,4.91378000,4.92182000,0.00940170, 2, 255, 7, 24,0x50000,No,No,No,No,No,Yes,No,Yes
2026-04-11 15:42:32,0.0,1500,500,,500,500,44,,200,,,648,,52.1,0.7200,0.6000,0.6000,1.1000,0.00097593,0.06929103,0.12589500,0.00390372,0.00000000,0.20884900,0.33279210,1.24127000,0.00054945,0.00067155,0.00409035,0.02686200,3.69977600,3.31467300,1.78852100,1.10879000,0.61684920,1.10292900,0.79963290,0.72070740,3.30219400,3.30219400,0.79912020,4.92584000,4.93388000,0.00940170, 2, 255, 7, 24,0x50000,No,No,No,No,No,Yes,No,Yes
2026-04-11 15:42:34,0.0,1500,500,,500,500,44,,200,,,648,,53.2,0.7200,0.6000,0.6000,1.1000,0.00292779,0.07124290,0.12784680,0.00780744,0.00000000,0.21177680,0.33181620,1.24127000,0.00036630,0.00079365,0.00445665,0.02686200,3.69977600,3.31096100,1.80024200,1.10769100,0.61538400,1.10366200,0.79963290,0.72043880,3.30219400,3.30585700,0.79912020,4.92584000,4.92852000,0.00940170, 2, 255, 7, 24,0x50000,No,No,No,No,No,Yes,No,Yes
2026-04-11 15:42:36,0.0,1500,500,,500,500,44,,200,,,648,,52.7,0.7200,0.6000,0.6000,1.1000,0.00292779,0.07221882,0.12589500,0.00390372,0.00000000,0.20982490,0.33376810,1.22341000,0.00061050,0.00091575,0.00488400,0.02673990,3.69977600,3.30910500,1.79828900,1.11062200,0.61538400,1.10476100,0.80109810,0.72070740,3.30311000,3.30402600,0.79941320,4.91914000,4.91914000,0.00940170, 2, 255, 7, 24,0x50000,No,No,No,No,No,Yes,No,Yes
2026-04-11 15:42:38,0.0,1500,500,,500,500,44,,200,,,648,,52.1,0.7200,0.6000,0.6000,1.1000,0.00195186,0.07221882,0.12784680,0.00585558,0.00000000,0.20884900,0.32888840,1.23234000,0.00054945,0.00067155,0.00451770,0.02710620,3.69977600,3.31281700,1.78852100,1.10915600,0.61391880,1.10146400,0.79963290,0.72097620,3.30219400,3.30311000,0.79912020,4.92584000,4.93388000,0.00854700, 2, 255, 7, 24,0x50000,No,No,No,No,No,Yes,No,Yes
2026-04-11 15:42:40,0.0,1500,500,,500,500,44,,200,,,648,,52.1,0.7200,0.6000,0.6000,1.1000,0.00195186,0.07221882,0.12589500,0.00683151,0.00000000,0.21275270,0.33279210,1.22341000,0.00048840,0.00079365,0.00439560,0.02686200,3.70070400,3.32580900,1.79828900,1.10695900,0.61648290,1.10329600,0.79963290,0.72070740,3.30127900,3.30494200,0.79970620,4.92852000,4.92450000,0.00940170, 2, 255, 7, 24,0x50000,No,No,No,No,No,Yes,No,Yes
2026-04-11 15:42:42,0.0,1500,500,,500,500,44,,200,,,648,,52.7,0.7200,0.6000,0.6000,1.1000,0.00000000,0.07026696,0.12687090,0.00683151,0.00000000,0.20884900,0.33279210,1.23234000,0.00054945,0.00079365,0.00445665,0.02735040,3.70070400,3.31374500,1.79828900,1.10915600,0.61575030,1.10512700,0.79999920,0.72043880,3.29944700,3.30494200,0.79941320,4.91914000,4.93388000,0.00940170, 2, 255, 7, 24,0x50000,No,No,No,No,No,Yes,No,Yes
2026-04-11 15:42:45,0.0,1500,500,,500,500,44,,200,,,648,,53.2,0.7200,0.6000,0.6000,1.1000,0.00000000,0.06929103,0.12784680,0.00585558,0.00000000,0.20884900,0.33181620,1.23234000,0.00054945,0.00067155,0.00433455,0.02686200,3.69792000,3.31838500,1.80024200,1.10769100,0.61648290,1.10183000,0.79890030,0.72017020,3.30219400,3.30494200,0.79912020,4.91914000,4.92718000,0.00854700, 2, 255, 7, 24,0x50000,No,No,No,No,No,Yes,No,Yes
2026-04-11 15:42:47,0.0,1500,500,,500,500,44,,200,,,648,,52.1,0.7200,0.6000,0.6000,1.1000,0.01366302,0.07124290,0.12589500,0.00683151,0.00000000,0.21275270,0.32986440,1.24127000,0.00042735,0.00042735,0.00488400,0.02673990,3.69792000,3.32024100,1.79828900,1.10146400,0.61611660,1.10329600,0.80073180,0.72070740,3.30219400,3.30311000,0.79912020,4.92584000,4.92450000,0.00854700, 2, 255, 7, 24,0x50000,No,No,No,No,No,Yes,No,Yes
2026-04-11 15:42:49,0.0,1500,500,,500,500,43,,200,,,648,,51.6,0.7200,0.6000,0.6000,1.1000,0.00000000,0.07319475,0.12589500,0.00878337,0.00000000,0.22251200,0.33279210,1.22341000,0.00054945,0.00091575,0.00439560,0.02661780,3.69884800,3.35550300,1.79096300,1.10622600,0.61648290,1.10476100,0.79999920,0.72017020,3.30311000,3.30402600,0.79941320,4.92986000,4.93254000,0.00940170, 2, 255, 7, 24,0x50000,No,No,No,No,No,Yes,No,Yes
2026-04-11 15:42:51,0.0,1500,500,,500,500,44,,200,,,648,,53.2,0.7200,0.6000,0.6000,1.1000,0.00097593,0.06929103,0.12784680,0.00683151,0.00000000,0.22056020,0.33279210,1.21448000,0.00054945,0.00085470,0.00433455,0.02686200,3.69977600,3.29889800,1.80024200,1.10695900,0.61721550,1.10366200,0.79963290,0.72097620,3.30311000,3.30311000,0.79970620,4.89636000,4.88564000,0.00854700, 2, 255, 7, 24,0x50000,No,No,No,No,No,Yes,No,Yes
2026-04-11 15:42:53,0.0,1500,500,,500,500,44,,200,,,648,,51.6,0.7200,0.6000,0.6000,1.1000,0.00000000,0.07514661,0.12784680,0.01073523,0.00000000,0.20884900,0.33376810,1.22341000,0.00048840,0.00079365,0.00409035,0.02673990,3.70070400,3.31188900,1.79828900,1.10402800,0.61538400,1.10146400,0.79963290,0.72043880,3.30219400,3.30494200,0.79970620,4.91914000,4.92986000,0.00940170, 2, 255, 7, 24,0x50000,No,No,No,No,No,Yes,No,Yes
2026-04-11 15:42:55,0.0,1500,500,,500,500,44,,200,,,648,,51.0,0.7200,0.6000,0.6000,1.1000,0.05074836,0.06929103,0.12687090,0.00683151,0.00000000,0.21080090,0.33376810,1.22341000,0.00036630,0.00079365,0.00409035,0.02673990,3.69792000,3.31838500,1.80024200,1.10769100,0.61758180,1.10476100,0.79999920,0.72070740,3.30219400,3.30311000,0.79941320,4.93120000,4.93254000,0.00854700, 2, 255, 7, 24,0x50000,No,No,No,No,No,Yes,No,Yes
2026-04-11 15:42:58,0.0,1500,500,,500,500,44,,200,,,648,,52.7,0.7200,0.6000,0.6000,1.1000,0.00000000,0.06929103,0.12882280,0.00390372,0.00000000,0.23129540,0.33279210,1.22341000,0.00054945,0.00091575,0.00384615,0.02686200,3.70070400,3.32766400,1.80659200,1.10439400,0.61575030,1.10366200,0.80036550,0.72097620,3.30402600,3.30402600,0.79882700,4.92182000,4.92182000,0.00940170, 2, 255, 7, 24,0x50000,No,No,No,No,No,Yes,No,Yes
2026-04-11 15:43:00,0.0,1500,500,,500,500,44,,200,,,648,,51.6,0.7200,0.6000,0.6000,1.1000,0.00000000,0.07221882,0.12784680,0.00585558,0.00000000,0.20787310,0.33474400,1.22341000,0.00048840,0.00079365,0.00421245,0.02686200,3.69977600,3.30910500,1.80610300,1.10769100,0.61575030,1.10366200,0.80073180,0.72070740,3.30127900,3.30494200,0.79941320,4.93120000,4.93254000,0.00940170, 2, 255, 7, 24,0x50000,No,No,No,No,No,Yes,No,Yes
2026-04-11 15:43:02,0.0,1500,500,,500,500,44,,200,,,648,,51.6,0.7200,0.6000,0.6000,1.1000,0.00000000,0.06929103,0.12882280,0.00683151,0.00000000,0.23227130,0.33181620,1.24127000,0.00054945,0.00091575,0.00433455,0.02710620,3.69792000,3.29889800,1.79828900,1.10439400,0.61575030,1.10476100,0.80073180,0.72043880,3.30127900,3.30402600,0.79941320,4.93254000,4.92450000,0.00940170, 2, 255, 7, 24,0x50000,No,No,No,No,No,Yes,No,Yes
2026-04-11 15:43:04,0.0,1500,500,,500,500,44,,200,,,648,,51.6,0.7200,0.6000,0.6000,1.1000,0.00000000,0.07709848,0.12687090,0.00683151,0.00000000,0.21177680,0.33376810,1.23234000,0.00054945,0.00091575,0.00445665,0.02710620,3.69977600,3.31374500,1.79828900,1.10402800,0.61611660,1.10109800,0.79963290,0.72070740,3.30311000,3.30494200,0.79912020,4.92852000,4.92182000,0.00854700, 2, 255, 7, 24,0x50000,No,No,No,No,No,Yes,No,Yes
2026-04-11 15:43:06,0.0,1500,500,,500,500,44,,200,,,648,,51.6,0.7200,0.6000,0.6000,1.1000,0.00195186,0.08588185,0.12687090,0.00390372,0.00000000,0.21275270,0.33279210,1.22341000,0.00054945,0.00091575,0.00384615,0.02686200,3.70070400,3.29889800,1.79877700,1.10695900,0.61721550,1.10219700,0.80036550,0.72097620,3.30219400,3.30402600,0.79853400,4.92450000,4.92584000,0.00854700, 2, 255, 7, 24,0x50000,No,No,No,No,No,Yes,No,Yes
2026-04-11 15:43:08,0.0,1500,500,,500,500,43,,200,,,648,,52.7,0.7200,0.6000,0.6000,1.1000,0.04684464,0.07026696,0.12589500,0.00292779,0.00000000,0.20787310,0.33084030,1.23234000,0.00054945,0.00067155,0.00445665,0.02686200,3.70163200,3.30910500,1.80024200,1.10146400,0.61611660,1.10256300,0.79963290,0.72070740,3.30311000,3.30311000,0.79941320,4.93388000,4.92450000,0.00940170, 2, 255, 7, 24,0x50000,No,No,No,No,No,Yes,No,Yes
2026-04-11 15:43:10,0.0,1500,500,,500,500,44,,200,,,648,,51.6,0.7200,0.6000,0.6000,1.1000,0.00000000,0.07124290,0.12882280,0.00585558,0.00000000,0.21080090,0.33181620,1.21448000,0.00048840,0.00091575,0.00463980,0.02673990,3.69977600,3.31374500,1.79828900,1.10439400,0.61575030,1.10146400,0.79926660,0.72070740,3.30219400,3.30494200,0.79912020,4.92316000,4.92450000,0.00940170, 2, 255, 7, 24,0x50000,No,No,No,No,No,Yes,No,Yes
2026-04-11 15:43:12,0.2,1500,500,,500,500,44,,200,,,648,,53.2,0.7200,0.6000,0.6000,1.1000,0.00000000,0.06929103,0.12784680,0.00487965,0.00000000,0.21080090,0.33084030,1.23234000,0.00067155,0.00091575,0.00384615,0.02698410,3.69977600,3.30632200,1.80024200,1.10586000,0.61648290,1.10476100,0.79963290,0.72070740,3.30219400,3.30402600,0.79882700,4.92584000,4.92718000,0.00940170, 2, 255, 7, 24,0x50000,No,No,No,No,No,Yes,No,Yes
2026-04-11 15:43:15,0.0,1500,500,,500,500,43,,200,,,648,,51.6,0.7200,0.6000,0.6000,1.1000,0.00195186,0.07319475,0.12589500,0.00487965,0.00000000,0.20982490,0.33669580,1.23234000,0.00048840,0.00079365,0.00445665,0.02710620,3.69606400,3.31188900,1.80659200,1.10695900,0.61611660,1.10366200,0.79963290,0.72097620,3.30219400,3.30494200,0.79941320,4.93120000,4.92450000,0.00854700, 2, 255, 7, 24,0x50000,No,No,No,No,No,Yes,No,Yes
2026-04-11 15:43:17,0.0,1500,500,,500,500,44,,200,,,648,,50.5,0.7200,0.6000,0.6000,1.1000,0.00000000,0.10832820,0.15907660,0.00390372,0.00000000,0.20787310,0.33376810,1.23234000,0.00054945,0.00091575,0.00384615,0.02735040,3.70163200,3.30168200,1.80024200,1.10915600,0.61648290,1.10256300,0.79890030,0.72017020,3.29944700,3.30494200,0.79941320,4.89770000,4.90976000,0.00940170, 2, 255, 7, 24,0x50000,No,No,No,No,No,Yes,No,Yes
2026-04-11 15:43:19,0.0,1500,500,,500,500,43,,200,,,648,,51.6,0.7200,0.6000,0.6000,1.1000,0.00000000,0.07417068,0.12589500,0.00292779,0.00000000,0.22251200,0.33474400,1.22341000,0.00048840,0.00091575,0.00445665,0.02673990,3.69884800,3.31188900,1.79096300,1.10769100,0.61538400,1.10146400,0.80036550,0.72070740,3.30127900,3.30494200,0.79941320,4.93120000,4.92986000,0.00940170, 2, 255, 7, 24,0x50000,No,No,No,No,No,Yes,No,Yes
2026-04-11 15:43:21,0.0,1500,500,,500,500,44,,200,,,648,,52.7,0.7200,0.6000,0.6000,1.1000,0.00097593,0.07319475,0.12491900,0.00780744,0.00000000,0.22056020,0.33181620,1.23234000,0.00054945,0.00091575,0.00384615,0.02710620,3.70256000,3.31931300,1.80610300,1.10146400,0.61721550,1.10366200,0.80036550,0.72097620,3.30127900,3.30402600,0.79941320,4.90976000,4.92450000,0.00940170, 2, 255, 7, 24,0x50000,No,No,No,No,No,Yes,No,Yes
2026-04-11 15:43:23,0.0,1500,500,,500,500,44,,200,,,648,,52.7,0.7200,0.6000,0.6000,1.1000,0.00097593,0.07709848,0.12491900,0.00683151,0.00000000,0.20884900,0.33279210,1.22341000,0.00042735,0.00042735,0.00421245,0.02686200,3.70070400,3.32580900,1.79828900,1.10146400,0.61501770,1.10146400,0.79963290,0.72070740,3.30219400,3.30494200,0.79941320,4.91914000,4.91378000,0.00940170, 2, 255, 7, 24,0x50000,No,No,No,No,No,Yes,No,Yes
2026-04-11 15:43:25,0.0,1500,500,,500,500,44,,200,,,648,,51.6,0.7200,0.6000,0.6000,1.1000,0.00097593,0.07319475,0.12687090,0.00585558,0.00000000,0.21177680,0.33181620,1.22341000,0.00042735,0.00091575,0.00409035,0.02673990,3.70070400,3.31931300,1.80610300,1.10695900,0.61648290,1.10256300,0.80036550,0.72043880,3.30127900,3.30402600,0.79853400,4.92450000,4.92450000,0.00940170, 2, 255, 7, 24,0x50000,No,No,No,No,No,Yes,No,Yes
2026-04-11 15:43:27,0.0,1500,500,,500,500,44,,200,,,648,,53.2,0.7200,0.6000,0.6000,1.1000,0.00097593,0.07319475,0.12589500,0.00780744,0.00000000,0.21177680,0.33279210,1.21448000,0.00042735,0.00079365,0.00445665,0.02686200,3.69977600,3.31188900,1.79926600,1.10439400,0.61684920,1.10109800,0.79963290,0.72070740,3.30219400,3.30311000,0.79912020,4.92584000,4.90842000,0.00854700, 2, 255, 7, 24,0x50000,No,No,No,No,No,Yes,No,Yes
2026-04-11 15:43:30,0.0,1500,500,,500,500,44,,200,,,648,,52.7,0.7200,0.6000,0.6000,1.1000,0.00000000,0.07026696,0.12784680,0.00683151,0.00000000,0.21080090,0.33084030,1.22341000,0.00048840,0.00079365,0.00488400,0.02698410,3.70256000,3.30817700,1.80610300,1.10146400,0.61611660,1.10146400,0.79890030,0.72017020,3.30311000,3.30494200,0.79941320,4.91914000,4.92182000,0.00940170, 2, 255, 7, 24,0x50000,No,No,No,No,No,Yes,No,Yes
2026-04-11 15:43:32,0.0,1500,500,,500,500,43,,200,,,648,,52.7,0.7200,0.6000,0.6000,1.1000,0.05172429,0.07417068,0.12491900,0.00878337,0.00000000,0.21080090,0.33376810,1.23234000,0.00054945,0.00079365,0.00409035,0.02698410,3.70163200,3.29889800,1.80024200,1.10439400,0.61648290,1.10292900,0.79999920,0.72070740,3.29944700,3.30494200,0.79941320,4.93388000,4.93522000,0.00854700, 2, 255, 7, 24,0x50000,No,No,No,No,No,Yes,No,Yes
2026-04-11 15:43:34,0.0,1500,500,,500,500,44,,200,,,648,,53.2,0.7200,0.6000,0.6000,1.1000,0.00097593,0.06929103,0.12687090,0.00683151,0.00000000,0.21275270,0.33474400,1.22341000,0.00054945,0.00091575,0.00488400,0.02673990,3.69792000,3.30910500,1.80610300,1.10439400,0.61611660,1.10549400,0.79963290,0.72070740,3.29944700,3.30402600,0.79941320,4.91914000,4.92316000,0.00940170, 2, 255, 7, 24,0x50000,No,No,No,No,No,Yes,No,Yes
2026-04-11 15:43:36,0.0,1500,500,,500,500,44,,200,,,648,,52.7,0.7200,0.6000,0.6000,1.1000,0.00000000,0.07319475,0.12687090,0.00487965,0.00000000,0.21080090,0.33181620,1.23234000,0.00054945,0.00091575,0.00439560,0.02673990,3.69977600,3.30910500,1.79828900,1.10146400,0.61575030,1.10256300,0.79963290,0.72043880,3.30127900,3.30402600,0.79912020,4.92048000,4.92450000,0.00940170, 2, 255, 7, 24,0x50000,No,No,No,No,No,Yes,No,Yes
2026-04-11 15:43:38,0.0,1500,500,,500,500,44,,200,,,648,,53.2,0.7200,0.6000,0.6000,1.1000,0.00000000,0.06929103,0.12687090,0.00487965,0.00000000,0.20982490,0.35914220,1.22341000,0.00048840,0.00079365,0.00445665,0.02673990,3.70070400,3.32209700,1.79828900,1.10769100,0.61611660,1.10329600,0.79963290,0.72070740,3.30219400,3.30402600,0.79941320,4.92852000,4.93522000,0.00940170, 2, 255, 7, 24,0x50000,No,No,No,No,No,Yes,No,Yes
2026-04-11 15:43:40,0.0,1500,500,,500,500,44,,200,,,648,,53.2,0.7200,0.6000,0.6000,1.1000,0.00292779,0.06929103,0.12784680,0.00585558,0.00000000,0.21080090,0.33279210,1.21448000,0.00048840,0.00091575,0.00445665,0.02686200,3.69977600,3.29889800,1.79828900,1.10292900,0.61684920,1.10146400,0.80036550,0.72070740,3.30219400,3.30311000,0.79912020,4.92316000,4.92316000,0.00940170, 2, 255, 7, 24,0x50000,No,No,No,No,No,Yes,No,Yes
2026-04-11 15:43:42,0.0,1500,500,,500,500,44,,200,,,648,,53.2,0.7200,0.6000,0.6000,1.1000,0.00000000,0.07319475,0.12687090,0.00390372,0.00000000,0.20689720,0.33279210,1.22341000,0.00054945,0.00091575,0.00488400,0.02673990,3.70070400,3.30632200,1.80024200,1.10695900,0.61501770,1.10146400,0.79926660,0.72097620,3.29944700,3.30494200,0.79941320,4.92584000,4.92718000,0.00940170, 2, 255, 7, 24,0x50000,No,No,No,No,No,Yes,No,Yes
2026-04-11 15:43:45,0.0,1500,500,,500,500,44,,200,,,648,,51.6,0.7200,0.6000,0.6000,1.1000,0.04879650,0.06929103,0.12687090,0.00683151,0.00000000,0.20982490,0.33279210,1.21448000,0.00054945,0.00079365,0.00439560,0.02710620,3.70070400,3.30910500,1.80024200,1.10512700,0.61281990,1.10476100,0.79926660,0.72070740,3.30219400,3.30494200,0.79912020,4.91244000,4.90976000,0.00940170, 2, 255, 7, 24,0x50000,No,No,No,No,No,Yes,No,Yes
2026-04-11 15:43:47,0.0,1500,500,,500,500,44,,200,,,648,,52.7,0.7200,0.6000,0.6000,1.1000,0.00000000,0.06831510,0.12589500,0.00683151,0.00000000,0.20884900,0.33084030,1.22341000,0.00054945,0.00079365,0.00409035,0.02686200,3.69792000,3.31467300,1.80024200,1.10695900,0.61648290,1.10146400,0.79926660,0.72043880,3.30219400,3.30494200,0.79970620,4.92584000,4.92986000,0.00854700, 2, 255, 7, 24,0x50000,No,No,No,No,No,Yes,No,Yes
2026-04-11 15:43:49,0.0,1500,500,,500,500,44,,200,,,648,,52.7,0.7200,0.6000,0.6000,1.1000,0.00097593,0.07221882,0.12687090,0.00585558,0.00000000,0.21958430,0.33181620,1.22341000,0.00036630,0.00067155,0.00409035,0.02673990,3.69977600,3.30724900,1.78852100,1.10439400,0.60879060,1.10512700,0.80073180,0.72043880,3.30219400,3.30311000,0.79941320,4.92584000,4.92852000,0.00940170, 2, 255, 7, 24,0x50000,No,No,No,No,No,Yes,No,Yes
2026-04-11 15:43:51,0.0,1500,500,,500,500,44,,200,,,648,,53.2,0.7200,0.6000,0.6000,1.1000,0.00000000,0.06733918,0.12687090,0.00585558,0.00000000,0.21177680,0.32888840,1.22341000,0.00054945,0.00079365,0.00439560,0.02673990,3.70070400,3.30168200,1.80024200,1.10256300,0.61611660,1.10366200,0.79999920,0.72070740,3.29944700,3.30311000,0.79912020,4.92852000,4.93388000,0.00854700, 2, 255, 7, 24,0x50000,No,No,No,No,No,Yes,No,Yes
2026-04-11 15:43:53,0.0,1500,500,,500,500,44,,200,,,648,,51.6,0.7200,0.6000,0.6000,1.1000,0.00097593,0.07612254,0.12491900,0.00487965,0.00000000,0.21080090,0.33279210,1.21448000,0.00054945,0.00091575,0.00409035,0.02661780,3.70070400,3.32580900,1.80024200,1.10695900,0.61501770,1.10146400,0.79926660,0.72043880,3.30219400,3.30494200,0.79912020,4.92316000,4.92048000,0.00940170, 2, 255, 7, 24,0x50000,No,No,No,No,No,Yes,No,Yes
2026-04-11 15:43:55,0.0,1500,500,,500,500,44,,200,,,648,,52.7,0.7200,0.6000,0.6000,1.1000,0.00195186,0.07221882,0.12394310,0.00585558,0.00000000,0.20982490,0.33279210,1.22341000,0.00054945,0.00067155,0.00457875,0.02710620,3.69977600,3.30724900,1.78852100,1.10915600,0.61575030,1.10109800,0.79963290,0.72070740,3.30219400,3.30311000,0.79912020,4.92852000,4.91914000,0.00940170, 2, 255, 7, 24,0x50000,No,No,No,No,No,Yes,No,Yes
2026-04-11 15:43:57,0.0,1500,500,,500,500,44,,200,,,648,,53.2,0.7200,0.6000,0.6000,1.1000,0.00000000,0.07319475,0.12687090,0.00585558,0.00000000,0.20982490,0.33279210,1.21448000,0.00036630,0.00079365,0.00445665,0.02673990,3.69977600,3.31003300,1.80024200,1.10988900,0.61721550,1.10402800,0.79963290,0.72043880,3.30219400,3.30311000,0.79912020,4.93120000,4.93120000,0.00854700, 2, 255, 7, 24,0x50000,No,No,No,No,No,Yes,No,Yes
2026-04-11 15:44:00,0.0,1500,500,,500,500,44,,200,,,648,,51.6,0.7200,0.6000,0.6000,1.1000,0.00195186,0.07221882,0.12687090,0.00585558,0.00000000,0.20982490,0.33084030,1.22341000,0.00054945,0.00091575,0.00445665,0.02698410,3.70070400,3.30910500,1.79828900,1.10695900,0.61611660,1.10292900,0.79926660,0.72070740,3.30311000,3.30494200,0.79970620,4.91378000,4.92450000,0.00940170, 2, 255, 7, 24,0x50000,No,No,No,No,No,Yes,No,Yes
2026-04-11 15:44:02,0.0,1500,500,,500,500,44,,200,,,648,,52.1,0.7200,0.6000,0.6000,1.1000,0.00195186,0.06929103,0.12589500,0.00585558,0.00000000,0.20982490,0.33084030,1.22341000,0.00054945,0.00091575,0.00384615,0.02710620,3.70070400,3.31003300,1.79828900,1.10805800,0.61648290,1.10549400,0.79926660,0.72043880,3.30036300,3.30402600,0.79941320,4.92450000,4.92450000,0.00940170, 2, 255, 7, 24,0x50000,No,No,No,No,No,Yes,No,Yes
2026-04-11 15:44:04,0.0,1500,500,,500,500,44,,200,,,648,,52.7,0.7200,0.6000,0.6000,1.1000,0.00195186,0.10930420,0.15907660,0.00487965,0.00000000,0.20689720,0.33376810,1.21448000,0.00054945,0.00091575,0.00427350,0.02686200,3.70070400,3.32580900,1.79828900,1.10292900,0.61501770,1.10256300,0.79963290,0.72017020,3.30402600,3.30402600,0.79941320,4.90842000,4.90708000,0.00940170, 2, 255, 7, 24,0x50000,No,No,No,No,No,Yes,No,Yes
2026-04-11 15:44:06,0.0,1500,500,,500,500,43,,200,,,648,,53.2,0.7200,0.6000,0.6000,1.1000,0.04977243,0.06929103,0.12589500,0.00683151,0.00000000,0.21275270,0.33181620,1.22341000,0.00048840,0.00067155,0.00445665,0.02661780,3.70163200,3.29889800,1.78852100,1.10622600,0.61575030,1.10073200,0.80073180,0.72097620,3.30219400,3.30311000,0.79882700,4.90440000,4.90708000,0.00854700, 2, 255, 7, 24,0x50000,No,No,No,No,No,Yes,No,Yes
2026-04-11 15:44:08,0.0,1500,500,,500,500,44,,200,,,648,,51.6,0.7200,0.6000,0.6000,1.1000,0.04782057,0.07124290,0.12687090,0.00683151,0.00000000,0.21275270,0.33181620,1.24127000,0.00036630,0.00067155,0.00409035,0.02673990,3.69977600,3.31838500,1.78852100,1.10695900,0.61538400,1.10292900,0.79963290,0.72043880,3.30219400,3.30494200,0.79941320,4.90708000,4.90842000,0.00940170, 2, 255, 7, 24,0x50000,No,No,No,No,No,Yes,No,Yes
2026-04-11 15:44:10,0.0,1500,500,,500,500,44,,200,,,648,,51.0,0.7200,0.6000,0.6000,1.1000,0.05074836,0.06929103,0.12882280,0.00975930,0.00000000,0.21372870,0.33474400,1.22341000,0.00054945,0.00091575,0.00384615,0.02698410,3.70070400,3.31652900,1.79828900,1.10805800,0.61501770,1.10146400,0.79963290,0.72043880,3.30127900,3.30494200,0.79941320,4.91780000,4.91378000,0.00854700, 2, 255, 7, 24,0x50000,No,No,No,No,No,Yes,No,Yes
2026-04-11 15:44:12,0.0,1500,500,,500,500,44,,200,,,648,,52.1,0.7200,0.6000,0.6000,1.1000,0.00000000,0.07124290,0.12589500,0.00487965,0.00000000,0.21958430,0.32888840,1.22341000,0.00054945,0.00042735,0.00488400,0.02686200,3.70070400,3.31467300,1.79828900,1.10695900,0.61758180,1.10073200,0.79963290,0.72017020,3.30127900,3.30402600,0.79970620,4.93120000,4.92584000,0.00940170, 2, 255, 7, 24,0x50000,No,No,No,No,No,Yes,No,Yes
2026-04-11 15:44:14,0.0,1500,500,,500,500,44,,200,,,648,,53.2,0.7200,0.6000,0.6000,1.1000,0.00195186,0.07124290,0.12687090,0.00975930,0.00000000,0.21177680,0.33279210,1.22341000,0.00054945,0.00054945,0.00500610,0.02722830,3.69977600,3.29982600,1.79926600,1.10586000,0.61465140,1.10109800,0.79890030,0.72070740,3.30219400,3.30311000,0.79794790,4.91914000,4.93522000,0.00854700, 2, 255, 7, 24,0x50000,No,No,No,No,No,Yes,No,Yes
2026-04-11 15:44:17,0.0,1500,500,,500,500,44,,200,,,648,,51.6,0.7200,0.6000,0.6000,1.1000,0.00195186,0.07709848,0.12589500,0.00683151,0.00000000,0.21080090,0.33279210,1.22341000,0.00054945,0.00042735,0.00384615,0.02698410,3.69884800,3.31931300,1.79828900,1.10292900,0.61648290,1.10476100,0.79926660,0.72017020,3.30311000,3.30402600,0.79941320,4.93254000,4.92986000,0.00854700, 2, 255, 7, 24,0x50000,No,No,No,No,No,Yes,No,Yes
2026-04-11 15:44:19,0.2,1500,500,,500,500,44,,200,,,648,,52.7,0.7200,0.6000,0.6000,1.1000,0.00000000,0.07026696,0.12491900,0.00487965,0.00000000,0.21080090,0.33181620,1.22341000,0.00054945,0.00067155,0.00439560,0.02661780,3.69977600,3.31652900,1.78852100,1.10622600,0.61648290,1.10146400,0.79963290,0.72043880,3.30219400,3.30311000,0.79912020,4.92584000,4.91914000,0.00854700, 2, 255, 7, 24,0x50000,No,No,No,No,No,Yes,No,Yes
2026-04-11 15:44:21,0.0,1500,500,,500,500,44,,200,,,648,,54.3,0.7200,0.6000,0.6000,1.1000,0.00195186,0.06929103,0.12687090,0.00390372,0.00000000,0.20982490,0.33376810,1.22341000,0.00048840,0.00091575,0.00488400,0.02686200,3.69977600,3.31838500,1.79828900,1.10769100,0.61611660,1.10146400,0.79890030,0.72017020,3.30219400,3.30494200,0.79912020,4.92852000,4.92450000,0.00940170, 2, 255, 7, 24,0x50000,No,No,No,No,No,Yes,No,Yes
2026-04-11 15:44:23,0.0,1500,500,,500,500,44,,200,,,648,,51.6,0.7200,0.6000,0.6000,1.1000,0.00195186,0.07026696,0.12687090,0.00878337,0.00000000,0.20982490,0.33279210,1.23234000,0.00036630,0.00079365,0.00439560,0.02747250,3.70256000,3.31003300,1.79828900,1.10769100,0.61611660,1.10073200,0.80073180,0.72043880,3.30219400,3.30494200,0.79912020,4.93120000,4.93254000,0.00940170, 2, 255, 7, 24,0x50000,No,No,No,No,No,Yes,No,Yes
2026-04-11 15:44:25,0.0,1500,500,,500,500,44,,200,,,648,,52.7,0.7200,0.6000,0.6000,1.1000,0.00097593,0.08392998,0.12589500,0.00683151,0.00000000,0.20884900,0.32986440,1.21448000,0.00036630,0.00042735,0.00488400,0.02686200,3.70441600,3.32766400,1.80610300,1.10439400,0.61721550,1.09999900,0.79963290,0.72070740,3.30219400,3.30402600,0.79941320,4.91914000,4.92182000,0.00854700, 2, 255, 7, 24,0x50000,No,No,No,No,No,Yes,No,Yes
2026-04-11 15:44:27,0.0,1500,500,,500,500,44,,200,,,648,,52.7,0.7200,0.6000,0.6000,1.1000,0.00000000,0.07417068,0.12491900,0.00585558,0.00000000,0.21177680,0.33084030,1.21448000,0.00054945,0.00079365,0.00488400,0.02661780,3.70070400,3.30168200,1.80024200,1.10439400,0.61611660,1.10073200,0.79890030,0.72070740,3.30127900,3.30402600,0.79941320,4.92986000,4.92986000,0.00854700, 2, 255, 7, 24,0x50000,No,No,No,No,No,Yes,No,Yes
2026-04-11 15:44:30,0.0,1500,500,,500,500,44,,200,,,648,,52.7,0.7200,0.6000,0.6000,1.1000,0.00097593,0.07417068,0.12784680,0.00683151,0.00000000,0.22348800,0.33181620,1.22341000,0.00054945,0.00085470,0.00488400,0.02673990,3.69977600,3.30910500,1.79926600,1.10146400,0.61428510,1.10292900,0.79963290,0.72070740,3.30311000,3.30311000,0.79912020,4.90708000,4.92048000,0.00854700, 2, 255, 7, 24,0x50000,No,No,No,No,No,Yes,No,Yes
2026-04-11 15:44:32,0.0,1500,500,,500,500,43,,200,,,648,,53.2,0.7200,0.6000,0.6000,1.1000,0.00195186,0.06831510,0.12784680,0.00585558,0.00000000,0.21275270,0.33376810,1.20555000,0.00048840,0.00079365,0.00421245,0.02686200,3.69977600,3.30168200,1.80024200,1.10769100,0.61611660,1.10292900,0.79963290,0.72070740,3.30127900,3.30494200,0.79912020,4.93120000,4.93388000,0.00854700, 2, 255, 7, 24,0x50000,No,No,No,No,No,Yes,No,Yes
2026-04-11 15:44:34,0.0,1500,500,,500,500,44,,200,,,648,,52.1,0.7200,0.6000,0.6000,1.1000,0.05074836,0.07612254,0.12784680,0.00780744,0.00000000,0.20982490,0.33279210,1.23234000,0.00036630,0.00085470,0.00409035,0.02698410,3.69977600,3.32580900,1.80024200,1.10769100,0.61684920,1.10329600,0.80073180,0.72043880,3.30219400,3.30494200,0.79912020,4.91244000,4.93388000,0.00854700, 2, 255, 7, 24,0x50000,No,No,No,No,No,Yes,No,Yes
2026-04-11 15:44:36,0.0,1500,500,,500,500,43,,200,,,648,,52.7,0.7200,0.6000,0.6000,1.1000,0.05074836,0.07124290,0.12491900,0.00195186,0.00000000,0.21080090,0.33181620,1.23234000,0.00036630,0.00079365,0.00421245,0.02686200,3.69977600,3.30910500,1.80024200,1.10915600,0.61501770,1.10146400,0.79926660,0.72043880,3.30219400,3.30311000,0.79970620,4.86554000,4.86688000,0.00940170, 2, 255, 7, 24,0x50000,No,No,No,No,No,Yes,No,Yes
2026-04-11 15:44:38,0.0,1500,500,,500,500,44,,200,,,648,,52.1,0.7200,0.6000,0.6000,1.1000,0.00097593,0.07124290,0.12979870,0.00487965,0.00000000,0.20884900,0.33181620,1.22341000,0.00054945,0.00067155,0.00409035,0.02735040,3.69977600,3.30910500,1.79926600,1.10366200,0.61611660,1.10073200,0.80073180,0.72070740,3.30219400,3.30311000,0.79941320,4.93120000,4.92986000,0.00854700, 2, 255, 7, 24,0x50000,No,No,No,No,No,Yes,No,Yes
2026-04-11 15:44:40,0.0,1500,500,,500,500,44,,200,,,648,,52.1,0.7200,0.6000,0.6000,1.1000,0.00000000,0.07124290,0.12784680,0.00683151,0.00000000,0.20982490,0.33376810,1.22341000,0.00054945,0.00067155,0.00384615,0.02735040,3.69977600,3.30260900,1.80024200,1.10805800,0.61611660,1.10292900,0.79963290,0.72070740,3.29944700,3.30494200,0.79941320,4.91914000,4.93120000,0.00854700, 2, 255, 7, 24,0x50000,No,No,No,No,No,Yes,No,Yes
