timestamp,cpu_percent,arm_mhz,core_mhz,h264_mhz,isp_mhz,v3d_mhz,uart_mhz,pwm_mhz,emmc_mhz,pixel_mhz,vec_mhz,hdmi_mhz,dpi_mhz,arm_temp,core_volt,sdram_c_volt,sdram_i_volt,sdram_p_volt,3V7_WL_SW_A,3V3_SYS_A,1V8_SYS_A,DDR_VDD2_A,DDR_VDDQ_A,1V1_SYS_A,0V8_SW_A,VDD_CORE_A,3V3_DAC_A,3V3_ADC_A,0V8_AON_A,HDMI_A,3V7_WL_SW_V,3V3_SYS_V,1V8_SYS_V,DDR_VDD2_V,DDR_VDDQ_V,1V1_SYS_V,0V8_SW_V,VDD_CORE_V,3V3_DAC_V,3V3_ADC_V,0V8_AON_V,HDMI_V,EXT5V_V,BATT_V,readmr_4,readmr_5,readmr_6,readmr_8,throttle_hex,UV,ArmFreqCap,CurThrottle,SoftTempLimit,UV_occured,ArmFreqCap_occured,Throttle_occured,SoftTempLimit_occured
2026-04-11 11:21:04,0.0,1500,500,,500,500,43,,200,,,648,,54.9,0.7200,0.6000,0.6000,1.1000,0.04586871,0.05953173,0.12589500,0.00683151,0.00000000,0.19518600,0.33474400,1.29485000,0.00054945,0.00067155,0.00421245,0.02686200,3.69977600,3.32766400,1.80610300,1.10146400,0.61501770,1.10366200,0.79926660,0.72017020,3.30127900,3.30402600,0.79882700,4.95666000,4.96470000,0.00940170, 2, 255, 7, 24,0x50000,No,No,No,No,No,Yes,No,Yes
2026-04-11 11:21:06,6.8,1700,591,,591,602,44,,200,,,648,,55.4,0.8031,0.6000,0.6000,1.1000,0.04782057,0.08685777,0.12882280,0.00585558,0.00000000,0.35231080,0.48601320,2.20571000,0.00054945,0.00054945,0.00427350,0.02698410,3.69977600,3.29518600,1.81684800,1.10622600,0.60183090,1.09999900,0.79816780,0.82090280,3.29944700,3.30402600,0.79941320,4.79050000,4.84008000,0.00940170, 2, 255, 7, 24,0x50000,No,No,No,No,No,Yes,No,Yes
2026-04-11 11:21:09,6.8,1700,591,,591,602,44,,200,,,648,,57.1,0.8031,0.6000,0.6000,1.1000,0.05074836,0.09076149,0.13175060,0.00683151,0.00000000,0.35328660,0.48698910,1.56275000,0.00048840,0.00067155,0.00463980,0.02686200,3.70256000,3.31188900,1.81733600,1.10805800,0.60109830,1.10036500,0.79963290,0.80559140,3.30219400,3.30311000,0.79912020,4.84276000,4.80390000,0.00940170, 2, 255, 7, 24,0x50000,No,No,No,No,No,Yes,No,Yes
2026-04-11 11:21:11,6.8,1700,591,,591,602,44,,200,,,648,,57.1,0.8031,0.6000,0.6000,1.1000,0.04684464,0.08880963,0.13077460,0.00878337,0.00000000,0.35133480,0.48698910,1.56275000,0.00054945,0.00103785,0.00427350,0.02710620,3.69235300,3.30724900,1.79535800,1.10329600,0.60402870,1.09926600,0.79999920,0.80586010,3.30402600,3.30402600,0.79853400,4.83874000,4.84544000,0.00940170, 2, 255, 7, 24,0x50000,No,No,No,No,No,Yes,No,Yes
2026-04-11 11:21:13,7.0,1700,591,,591,602,44,,200,,,648,,57.1,0.8031,0.6000,0.6000,1.1000,0.04586871,0.08880963,0.13077460,0.00683151,0.00000000,0.35133480,0.52017070,1.58061000,0.00097680,0.00067155,0.00433455,0.02673990,3.69699300,3.30724900,1.81684800,1.10512700,0.60036570,1.09926600,0.80036550,0.80612860,3.30311000,3.30494200,0.79941320,4.81194000,4.84008000,0.00940170, 2, 255, 7, 24,0x50000,No,No,No,No,No,Yes,No,Yes
2026-04-11 11:21:15,6.8,1800,636,,636,653,44,,200,,,648,,57.6,0.8168,0.6000,0.6000,1.1000,0.04684464,0.08978556,0.12882280,0.00780744,0.00000000,0.35133480,0.48894090,1.58954000,0.00042735,0.00067155,0.00439560,0.02673990,3.70256000,3.29518600,1.82124300,1.10586000,0.60512760,1.09999900,0.79963290,0.80559140,3.30219400,3.30311000,0.79912020,4.84276000,4.83874000,0.00940170, 2, 255, 7, 24,0x50000,No,No,No,No,No,Yes,No,Yes
2026-04-11 11:21:17,7.2,1800,636,,636,653,44,,200,,,648,,57.1,0.8031,0.6000,0.6000,1.1000,0.04977243,0.09173742,0.12979870,0.00780744,0.00000000,0.35426260,0.48796500,1.60740000,0.00054945,0.00103785,0.00433455,0.02698410,3.69977600,3.31003300,1.81684800,1.10512700,0.60366240,1.09999900,0.79963290,0.80586010,3.30219400,3.30494200,0.79941320,4.83204000,4.84008000,0.00940170, 2, 255, 7, 24,0x50000,No,No,No,No,No,Yes,No,Yes
2026-04-11 11:21:19,7.0,1700,591,,591,602,44,,200,,,648,,58.2,0.8031,0.6000,0.6000,1.1000,0.04782057,0.08880963,0.12882280,0.00878337,0.00000000,0.35035890,0.48991690,1.59847000,0.00097680,0.00067155,0.00427350,0.02698410,3.68864100,3.29518600,1.81684800,1.10402800,0.60402870,1.09926600,0.79963290,0.80612860,3.29944700,3.30402600,0.79941320,4.83338000,4.84142000,0.00940170, 2, 255, 7, 24,0x50000,No,No,No,No,No,Yes,No,Yes
2026-04-11 11:21:21,6.7,1700,591,,591,602,44,,200,,,648,,57.1,0.8031,0.6000,0.6000,1.1000,0.05562801,0.09076149,0.12784680,0.00878337,0.00000000,0.35035890,0.48894090,2.15213000,0.00054945,0.00054945,0.00433455,0.02673990,3.69977600,3.30724900,1.78852100,1.10439400,0.60109830,1.09999900,0.80036550,0.80612860,3.30127900,3.30402600,0.79941320,4.80122000,4.84276000,0.00940170, 2, 255, 7, 24,0x50000,No,No,No,No,No,Yes,No,Yes
2026-04-11 11:21:24,6.8,1700,591,,591,602,44,,200,,,648,,58.7,0.8031,0.6000,0.6000,1.1000,0.04782057,0.12589500,0.16200440,0.00683151,0.00000000,0.35035890,0.48894090,1.61633000,0.00097680,0.00054945,0.00433455,0.02710620,3.69977600,3.29889800,1.78852100,1.10622600,0.60476130,1.09999900,0.79999920,0.80586010,3.30127900,3.30402600,0.79941320,4.82534000,4.78916000,0.00940170, 2, 255, 7, 24,0x50000,No,No,No,No,No,Yes,No,Yes
2026-04-11 11:21:26,6.8,1700,591,,591,602,44,,200,,,648,,59.3,0.8031,0.6000,0.6000,1.1000,0.04782057,0.08685777,0.13077460,0.00780744,0.00000000,0.37573300,0.48894090,1.61633000,0.00061050,0.00067155,0.00439560,0.02661780,3.69513700,3.29518600,1.81733600,1.10146400,0.60219720,1.09999900,0.79926660,0.80586010,3.30219400,3.30311000,0.79912020,4.83740000,4.83874000,0.00854700, 2, 255, 7, 24,0x50000,No,No,No,No,No,Yes,No,Yes
2026-04-11 11:21:28,6.8,1700,591,,591,602,44,,200,,,648,,57.6,0.8031,0.6000,0.6000,1.1000,0.04879650,0.09076149,0.13272650,0.00975930,0.00000000,0.35133480,0.49186870,1.60740000,0.00097680,0.00067155,0.00433455,0.02673990,3.69977600,3.30724900,1.81684800,1.10695900,0.60366240,1.09999900,0.79890030,0.80612860,3.30219400,3.30494200,0.79912020,4.83338000,4.80792000,0.00940170, 2, 255, 7, 24,0x50000,No,No,No,No,No,Yes,No,Yes
2026-04-11 11:21:30,6.5,1700,591,,591,602,44,,200,,,648,,58.2,0.8031,0.6000,0.6000,1.1000,0.04782057,0.08880963,0.13077460,0.00878337,0.00000000,0.35523850,0.48698910,1.61633000,0.00048840,0.00054945,0.00427350,0.02698410,3.69699300,3.29425800,1.81684800,1.10622600,0.60439500,1.09999900,0.79816780,0.80612860,3.30127900,3.30494200,0.79941320,4.83338000,4.84276000,0.00940170, 2, 255, 7, 24,0x50000,No,No,No,No,No,Yes,No,Yes
2026-04-11 11:21:32,7.0,1700,591,,591,602,44,,200,,,648,,59.3,0.8031,0.6000,0.6000,1.1000,0.04879650,0.08880963,0.12979870,0.00878337,0.00000000,0.35133480,0.48991690,1.60740000,0.00073260,0.00054945,0.00427350,0.02735040,3.69977600,3.30353800,1.81684800,1.10439400,0.60366240,1.09999900,0.79890030,0.80639730,3.30127900,3.30311000,0.79970620,4.83338000,4.84008000,0.00940170, 2, 255, 7, 24,0x50000,No,No,No,No,No,Yes,No,Yes
2026-04-11 11:21:34,6.8,1700,591,,591,602,44,,200,,,648,,58.2,0.8031,0.6000,0.6000,1.1000,0.05562801,0.09564114,0.13175060,0.00878337,0.00000000,0.35133480,0.48796500,1.63419000,0.00048840,0.00054945,0.00445665,0.02686200,3.68864100,3.30353800,1.81684800,1.10769100,0.60402870,1.09926600,0.80036550,0.80586010,3.30311000,3.30402600,0.79941320,4.83874000,4.84008000,0.00940170, 2, 255, 7, 24,0x50000,No,No,No,No,No,Yes,No,Yes
2026-04-11 11:21:36,6.5,1700,591,,591,602,44,,200,,,648,,59.3,0.8031,0.6000,0.6000,1.1000,0.04684464,0.09076149,0.13077460,0.00975930,0.00000000,0.35231080,0.48991690,1.61633000,0.00097680,0.00067155,0.00488400,0.02673990,3.70720000,3.31560100,1.79926600,1.10915600,0.60329610,1.10036500,0.80146440,0.80586010,3.30127900,3.30311000,0.79941320,4.79854000,4.84008000,0.00940170, 2, 255, 7, 24,0x50000,No,No,No,No,No,Yes,No,Yes
2026-04-11 11:21:39,7.0,1700,591,,636,653,43,,200,,,648,,58.2,0.8168,0.6000,0.6000,1.1000,0.04684464,0.09466522,0.13175060,0.01171116,0.02205900,0.35426260,0.48698910,1.69670000,0.00097680,0.00054945,0.00433455,0.02673990,3.68956900,3.30724900,1.79926600,1.10402800,0.60476130,1.09999900,0.79816780,0.82090280,3.30311000,3.30494200,0.79941320,4.83338000,4.83472000,0.00940170, 2, 255, 7, 24,0x50000,No,No,No,No,No,Yes,No,Yes
2026-04-11 11:21:41,6.8,1700,591,,591,602,44,,200,,,648,,59.3,0.8031,0.6000,0.6000,1.1000,0.04684464,0.08880963,0.12979870,0.00585558,0.00000000,0.35231080,0.48503720,1.63419000,0.00054945,0.00067155,0.00463980,0.02673990,3.70256000,3.29518600,1.81733600,1.10622600,0.60219720,1.10036500,0.79926660,0.80639730,3.30219400,3.30311000,0.79912020,4.84276000,4.80658000,0.00940170, 2, 255, 7, 24,0x50000,No,No,No,No,No,Yes,No,Yes
2026-04-11 11:21:43,6.7,1700,591,,591,602,44,,200,,,648,,58.2,0.8031,0.6000,0.6000,1.1000,0.04782057,0.12589500,0.16200440,0.00487965,0.00000000,0.36402190,0.48601320,1.63419000,0.00097680,0.00054945,0.00433455,0.02649570,3.68492900,3.30353800,1.81684800,1.10622600,0.60439500,1.09853400,0.79816780,0.80612860,3.29944700,3.30494200,0.79941320,4.81194000,4.82132000,0.00940170, 2, 255, 7, 24,0x50000,No,No,No,No,No,Yes,No,Yes
2026-04-11 11:21:45,6.8,1700,591,,591,602,44,,200,,,648,,59.8,0.8031,0.6000,0.6000,1.1000,0.04879650,0.08880963,0.13077460,0.00683151,0.00000000,0.34938290,0.48894090,2.18785000,0.00073260,0.00054945,0.00433455,0.02698410,3.70348800,3.30724900,1.81684800,1.10622600,0.60476130,1.09999900,0.79890030,0.80666590,3.30311000,3.30494200,0.79941320,4.80524000,4.84008000,0.00940170, 2, 255, 7, 24,0x50000,No,No,No,No,No,Yes,No,Yes
2026-04-11 11:21:47,6.7,1700,591,,591,602,44,,200,,,648,,59.8,0.8031,0.6000,0.6000,1.1000,0.04879650,0.08685777,0.13077460,0.01463895,0.00000000,0.35231080,0.48991690,1.64312000,0.00048840,0.00103785,0.00433455,0.02673990,3.68864100,3.29425800,1.81684800,1.10329600,0.60329610,1.09999900,0.79816780,0.80559140,3.29944700,3.30494200,0.79912020,4.83204000,4.84142000,0.00940170, 2, 255, 7, 24,0x50000,No,No,No,No,No,Yes,No,Yes
2026-04-11 11:21:49,6.8,1700,591,,591,602,44,,200,,,648,,59.3,0.8031,0.6000,0.6000,1.1000,0.04782057,0.09856894,0.13077460,0.00780744,0.00000000,0.35426260,0.48698910,2.19678000,0.00042735,0.00054945,0.00433455,0.02710620,3.69977600,3.29518600,1.81684800,1.10476100,0.60292980,1.09853400,0.79963290,0.80559140,3.29944700,3.30311000,0.79970620,4.80524000,4.83874000,0.00940170, 2, 255, 7, 24,0x50000,No,No,No,No,No,Yes,No,Yes
2026-04-11 11:21:51,6.8,1700,591,,591,602,44,,200,,,648,,59.8,0.8031,0.6000,0.6000,1.1000,0.04782057,0.08880963,0.13272650,0.00780744,0.00000000,0.35231080,0.48991690,1.63419000,0.00097680,0.00103785,0.00427350,0.02698410,3.69049700,3.29889800,1.78852100,1.10512700,0.60549390,1.09926600,0.79999920,0.80586010,3.30127900,3.30402600,0.79882700,4.83606000,4.83338000,0.00940170, 2, 255, 7, 24,0x50000,No,No,No,No,No,Yes,No,Yes
2026-04-11 11:21:54,6.8,1700,591,,591,602,44,,200,,,648,,59.8,0.8031,0.6000,0.6000,1.1000,0.04586871,0.08880963,0.12979870,0.00780744,0.00000000,0.36597380,0.48601320,2.19678000,0.00048840,0.00054945,0.00463980,0.02673990,3.69977600,3.31931300,1.81684800,1.10769100,0.60219720,1.09853400,0.79963290,0.80559140,3.29944700,3.30494200,0.79912020,4.80658000,4.83606000,0.00940170, 2, 255, 7, 24,0x50000,No,No,No,No,No,Yes,No,Yes
2026-04-11 11:21:56,7.0,1800,636,,636,653,44,,200,,,648,,59.8,0.8031,0.6000,0.6000,1.1000,0.04782057,0.08978556,0.12979870,0.00780744,0.00000000,0.35231080,0.48991690,1.64312000,0.00097680,0.00067155,0.00433455,0.02673990,3.69977600,3.30724900,1.81684800,1.10366200,0.60366240,1.10036500,0.79816780,0.80586010,3.29944700,3.30402600,0.79882700,4.80524000,4.83472000,0.00940170, 2, 255, 7, 24,0x50000,No,No,No,No,No,Yes,No,Yes
2026-04-11 11:21:58,6.5,1700,591,,591,602,44,,200,,,648,,60.4,0.8031,0.6000,0.6000,1.1000,0.04782057,0.08880963,0.12979870,0.00683151,0.00000000,0.35231080,0.48601320,2.18785000,0.00097680,0.00067155,0.00463980,0.02649570,3.70256000,3.31096100,1.79389300,1.10439400,0.60366240,1.10036500,0.79963290,0.80612860,3.30219400,3.30494200,0.79853400,4.83338000,4.80792000,0.00940170, 2, 255, 7, 24,0x50000,No,No,No,No,No,Yes,No,Yes
2026-04-11 11:22:00,7.0,1700,591,,591,602,44,,200,,,648,,59.8,0.8031,0.6000,0.6000,1.1000,0.04586871,0.08685777,0.13077460,0.00585558,0.00000000,0.35133480,0.48601320,1.66098000,0.00061050,0.00067155,0.00445665,0.02686200,3.70256000,3.31188900,1.82124300,1.10183000,0.60439500,1.10036500,0.79926660,0.80532280,3.30219400,3.30311000,0.79882700,4.84008000,4.83740000,0.00940170, 2, 255, 7, 24,0x50000,No,No,No,No,No,Yes,No,Yes
2026-04-11 11:22:02,6.5,1700,591,,591,602,44,,200,,,648,,59.3,0.8031,0.6000,0.6000,1.1000,0.04684464,0.08978556,0.12979870,0.00585558,0.00000000,0.36402190,0.48698910,1.66991000,0.00061050,0.00067155,0.00427350,0.02673990,3.68771300,3.31188900,1.81733600,1.10586000,0.60219720,1.10036500,0.79963290,0.80586010,3.30219400,3.30311000,0.79912020,4.77978000,4.83606000,0.00940170, 2, 255, 7, 24,0x50000,No,No,No,No,No,Yes,No,Yes
2026-04-11 11:22:04,6.5,1700,591,,591,602,44,,200,,,648,,59.3,0.8031,0.6000,0.6000,1.1000,0.04684464,0.08880963,0.13175060,0.00780744,0.00000000,0.35231080,0.48796500,2.20571000,0.00097680,0.00054945,0.00433455,0.02673990,3.69977600,3.30724900,1.78852100,1.10292900,0.60183090,1.09999900,0.79999920,0.80586010,3.30402600,3.30402600,0.79882700,4.83874000,4.79452000,0.00940170, 2, 255, 7, 24,0x50000,No,No,No,No,No,Yes,No,Yes
2026-04-11 11:22:06,6.8,1700,591,,591,602,44,,200,,,648,,60.4,0.8031,0.6000,0.6000,1.1000,0.04879650,0.08588185,0.12979870,0.00780744,0.00000000,0.35426260,0.48991690,1.66991000,0.00097680,0.00067155,0.00433455,0.02661780,3.69977600,3.30724900,1.81684800,1.10329600,0.60292980,1.09926600,0.80036550,0.80612860,3.29944700,3.30494200,0.79941320,4.82802000,4.80256000,0.00940170, 2, 255, 7, 24,0x50000,No,No,No,No,No,Yes,No,Yes
2026-04-11 11:22:09,7.0,1700,591,,591,602,44,,200,,,648,,59.8,0.8031,0.6000,0.6000,1.1000,0.04977243,0.08783370,0.12979870,0.01073523,0.00000000,0.35133480,0.48991690,1.64312000,0.00097680,0.00054945,0.00433455,0.02673990,3.68492900,3.30353800,1.81684800,1.10219700,0.60366240,1.09999900,0.79890030,0.80612860,3.29944700,3.30494200,0.79941320,4.83338000,4.84008000,0.00940170, 2, 255, 7, 24,0x50000,No,No,No,No,No,Yes,No,Yes
2026-04-11 11:22:11,6.8,1700,591,,591,602,44,,200,,,648,,60.9,0.8031,0.6000,0.6000,1.1000,0.04782057,0.09466522,0.13077460,0.00683151,0.00000000,0.35133480,0.49186870,1.66991000,0.00097680,0.00103785,0.00433455,0.02661780,3.68864100,3.31096100,1.81684800,1.10622600,0.60256350,1.09926600,0.79890030,0.80612860,3.30311000,3.30402600,0.79941320,4.80390000,4.84276000,0.00940170, 2, 255, 7, 24,0x50000,No,No,No,No,No,Yes,No,Yes
2026-04-11 11:22:13,6.8,1700,591,,591,602,44,,200,,,648,,58.7,0.8031,0.6000,0.6000,1.1000,0.04782057,0.09173742,0.12784680,0.00878337,0.00000000,0.35231080,0.48991690,2.22357000,0.00061050,0.00067155,0.00445665,0.02673990,3.69884800,3.31374500,1.79389300,1.10402800,0.60292980,1.09999900,0.79926660,0.80586010,3.30219400,3.30585700,0.79882700,4.83070000,4.83874000,0.00940170, 2, 255, 7, 24,0x50000,No,No,No,No,No,Yes,No,Yes
2026-04-11 11:22:15,6.8,1700,591,,591,602,44,,200,,,648,,58.7,0.8031,0.6000,0.6000,1.1000,0.04586871,0.08978556,0.13077460,0.00683151,0.00000000,0.35328660,0.47527790,1.65205000,0.00054945,0.00067155,0.00433455,0.02661780,3.69977600,3.30353800,1.81684800,1.10769100,0.60329610,1.09999900,0.79963290,0.80586010,3.29944700,3.30402600,0.79970620,4.83338000,4.80256000,0.00940170, 2, 255, 7, 24,0x50000,No,No,No,No,No,Yes,No,Yes
2026-04-11 11:22:17,6.5,1700,591,,591,602,44,,200,,,648,,60.9,0.8031,0.6000,0.6000,1.1000,0.04782057,0.08880963,0.13077460,0.01171116,0.00000000,0.35328660,0.48796500,1.66098000,0.00073260,0.00067155,0.00463980,0.02686200,3.68771300,3.29518600,1.81342900,1.10805800,0.60219720,1.09999900,0.79926660,0.80532280,3.30219400,3.30311000,0.79912020,4.84276000,4.83606000,0.00940170, 2, 255, 7, 24,0x50000,No,No,No,No,No,Yes,No,Yes
2026-04-11 11:22:19,6.5,1700,591,,591,602,44,,200,,,648,,59.3,0.8031,0.6000,0.6000,1.1000,0.04782057,0.08880963,0.12979870,0.00683151,0.00000000,0.35328660,0.48601320,1.66991000,0.00054945,0.00054945,0.00433455,0.02686200,3.69977600,3.30353800,1.78900900,1.10146400,0.60256350,1.09926600,0.79963290,0.80612860,3.29944700,3.30494200,0.79941320,4.83204000,4.79854000,0.00940170, 2, 255, 7, 24,0x50000,No,No,No,No,No,Yes,No,Yes
2026-04-11 11:22:21,6.8,1700,591,,591,602,44,,200,,,648,,59.8,0.8031,0.6000,0.6000,1.1000,0.05367615,0.08880963,0.13077460,0.00487965,0.00000000,0.35231080,0.48698910,2.23250000,0.00073260,0.00067155,0.00463980,0.02673990,3.69977600,3.29425800,1.81684800,1.10622600,0.60219720,1.09853400,0.79926660,0.80639730,3.30219400,3.30311000,0.79912020,4.80256000,4.83606000,0.00940170, 2, 255, 7, 24,0x50000,No,No,No,No,No,Yes,No,Yes
2026-04-11 11:22:24,6.5,1800,636,,636,653,44,,200,,,648,,60.4,0.8031,0.6000,0.6000,1.1000,0.04977243,0.08978556,0.13077460,0.00780744,0.00000000,0.35035890,0.48991690,1.66098000,0.00073260,0.00054945,0.00433455,0.02661780,3.68492900,3.30724900,1.81684800,1.10879000,0.60183090,1.09926600,0.80036550,0.80612860,3.29944700,3.30402600,0.79941320,4.80524000,4.83606000,0.00940170, 2, 255, 7, 24,0x50000,No,No,No,No,No,Yes,No,Yes
2026-04-11 11:22:26,6.8,1700,591,,591,602,44,,200,,,648,,59.8,0.8031,0.6000,0.6000,1.1000,0.04586871,0.09076149,0.12979870,0.00975930,0.00000000,0.35328660,0.48991690,1.66991000,0.00097680,0.00054945,0.00433455,0.02661780,3.69977600,3.30724900,1.78852100,1.10292900,0.60402870,1.10036500,0.79853400,0.80586010,3.30127900,3.30402600,0.79941320,4.83606000,4.83338000,0.00940170, 2, 255, 7, 24,0x50000,No,No,No,No,No,Yes,No,Yes
2026-04-11 11:22:28,6.3,1700,591,,591,602,44,,200,,,648,,60.4,0.8031,0.6000,0.6000,1.1000,0.04782057,0.09076149,0.13272650,0.00585558,0.00000000,0.35426260,0.48894090,1.66991000,0.00097680,0.00067155,0.00463980,0.02686200,3.68028900,3.29518600,1.79389300,1.10512700,0.60366240,1.09999900,0.79926660,0.80586010,3.29944700,3.30311000,0.79912020,4.77978000,4.83606000,0.00940170, 2, 255, 7, 24,0x50000,No,No,No,No,No,Yes,No,Yes
2026-04-11 11:22:30,7.0,1700,591,,591,602,44,,200,,,648,,61.5,0.8031,0.6000,0.6000,1.1000,0.04489278,0.12882280,0.16298030,0.00585558,0.00000000,0.35231080,0.48991690,2.23250000,0.00061050,0.00054945,0.00463980,0.02673990,3.68864100,3.29425800,1.81684800,1.10146400,0.60183090,1.09963300,0.79926660,0.80639730,3.29944700,3.30311000,0.79912020,4.78916000,4.81998000,0.00940170, 2, 255, 7, 24,0x50000,No,No,No,No,No,Yes,No,Yes
2026-04-11 11:22:32,7.0,1700,591,,591,602,44,,200,,,648,,59.8,0.8031,0.6000,0.6000,1.1000,0.05172429,0.09076149,0.13077460,0.00683151,0.00000000,0.34645520,0.48698910,1.66991000,0.00073260,0.00079365,0.00427350,0.02673990,3.69977600,3.30724900,1.78900900,1.10622600,0.60183090,1.09926600,0.80036550,0.80586010,3.30127900,3.30402600,0.79941320,4.83874000,4.83472000,0.00940170, 2, 255, 7, 24,0x50000,No,No,No,No,No,Yes,No,Yes
2026-04-11 11:22:34,6.8,1800,636,,636,653,44,,200,,,648,,60.4,0.8031,0.6000,0.6000,1.1000,0.04782057,0.08685777,0.13077460,0.00780744,0.00000000,0.35231080,0.48894090,2.24143000,0.00097680,0.00067155,0.00433455,0.02649570,3.69977600,3.30724900,1.78852100,1.10622600,0.60109830,1.09963300,0.79999920,0.80559140,3.30219400,3.30402600,0.79941320,4.83472000,4.79988000,0.00940170, 2, 255, 7, 24,0x50000,No,No,No,No,No,Yes,No,Yes
2026-04-11 11:22:36,6.8,1700,591,,591,602,44,,200,,,648,,61.5,0.8031,0.6000,0.6000,1.1000,0.05367615,0.09076149,0.13077460,0.00487965,0.00000000,0.35426260,0.48991690,1.68777000,0.00054945,0.00067155,0.00427350,0.02673990,3.70256000,3.29518600,1.81684800,1.10586000,0.60402870,1.09853400,0.79963290,0.80559140,3.30311000,3.30585700,0.79941320,4.83204000,4.79318000,0.00940170, 2, 255, 7, 24,0x50000,No,No,No,No,No,Yes,No,Yes
2026-04-11 11:22:39,6.8,1700,591,,591,602,44,,200,,,648,,61.5,0.8031,0.6000,0.6000,1.1000,0.04782057,0.09173742,0.12784680,0.00975930,0.00000000,0.36402190,0.48894090,1.67884000,0.00054945,0.00067155,0.00433455,0.02649570,3.69977600,3.31281700,1.81684800,1.10292900,0.60329610,1.09999900,0.80036550,0.80586010,3.30311000,3.30402600,0.79941320,4.82802000,4.83204000,0.00940170, 2, 255, 7, 24,0x50000,No,No,No,No,No,Yes,No,Yes
2026-04-11 11:22:41,7.0,1700,591,,591,602,44,,200,,,648,,59.3,0.8031,0.6000,0.6000,1.1000,0.04586871,0.08880963,0.12979870,0.00780744,0.00000000,0.35231080,0.48796500,1.69670000,0.00073260,0.00103785,0.00433455,0.02686200,3.68307300,3.30724900,1.78900900,1.10769100,0.60146460,1.09963300,0.79963290,0.80639730,3.30219400,3.30311000,0.79882700,4.79050000,4.83606000,0.00940170, 2, 255, 7, 24,0x50000,No,No,No,No,No,Yes,No,Yes
2026-04-11 11:22:43,6.5,1700,591,,591,602,44,,200,,,648,,60.4,0.8031,0.6000,0.6000,1.1000,0.04586871,0.09076149,0.12979870,0.00878337,0.00000000,0.35328660,0.48601320,2.24143000,0.00054945,0.00067155,0.00445665,0.02686200,3.70256000,3.31188900,1.79389300,1.10732500,0.60402870,1.10036500,0.79926660,0.80586010,3.30219400,3.30219400,0.79882700,4.80256000,4.82802000,0.00940170, 2, 255, 7, 24,0x50000,No,No,No,No,No,Yes,No,Yes
2026-04-11 11:22:45,6.7,1800,636,,636,653,44,,200,,,648,,60.4,0.8168,0.6000,0.6000,1.1000,0.04586871,0.09173742,0.13077460,0.00683151,0.00000000,0.37475720,0.48894090,1.68777000,0.00073260,0.00067155,0.00457875,0.02649570,3.69977600,3.30353800,1.78852100,1.10476100,0.60146460,1.10109800,0.79963290,0.80612860,3.30219400,3.30494200,0.79912020,4.83204000,4.79184000,0.00940170, 2, 255, 7, 24,0x50000,No,No,No,No,No,Yes,No,Yes
2026-04-11 11:22:47,7.2,1700,591,,591,602,44,,200,,,648,,61.5,0.8168,0.6000,0.6000,1.1000,0.04586871,0.09076149,0.13272650,0.00975930,0.00000000,0.35133480,0.49186870,2.34859000,0.00061050,0.00079365,0.00494505,0.02649570,3.69420800,3.32580900,1.79828900,1.10439400,0.60586020,1.10036500,0.79926660,0.82036550,3.30219400,3.30585700,0.79912020,4.82132000,4.79318000,0.00940170, 2, 255, 7, 24,0x50000,No,No,No,No,No,Yes,No,Yes
2026-04-11 11:22:49,7.0,1700,591,,591,602,44,,200,,,648,,60.4,0.8031,0.6000,0.6000,1.1000,0.04977243,0.08685777,0.12979870,0.00878337,0.00000000,0.35426260,0.48698910,2.38431000,0.00054945,0.00067155,0.00463980,0.02686200,3.69699300,3.30724900,1.81684800,1.10402800,0.60439500,1.09926600,0.80036550,0.82090280,3.29944700,3.30494200,0.79941320,4.82802000,4.77978000,0.00940170, 2, 255, 7, 24,0x50000,No,No,No,No,No,Yes,No,Yes
2026-04-11 11:22:51,7.2,1700,591,,591,602,44,,200,,,648,,61.5,0.8031,0.6000,0.6000,1.1000,0.04586871,0.08685777,0.12979870,0.00878337,0.00000000,0.36304600,0.48991690,1.77707000,0.00097680,0.00079365,0.00488400,0.02673990,3.69699300,3.29889800,1.80024200,1.10146400,0.60292980,1.09926600,0.79963290,0.82117140,3.30311000,3.30494200,0.79941320,4.78916000,4.83472000,0.00940170, 2, 255, 7, 24,0x50000,No,No,No,No,No,Yes,No,Yes
2026-04-11 11:22:53,6.8,1700,591,,591,602,44,,200,,,648,,60.4,0.8031,0.6000,0.6000,1.1000,0.04586871,0.09173742,0.13272650,0.00780744,0.00000000,0.35328660,0.48796500,2.24143000,0.00054945,0.00054945,0.00463980,0.02661780,3.69884800,3.29518600,1.81684800,1.10439400,0.60476130,1.09999900,0.79963290,0.80612860,3.29944700,3.30494200,0.79941320,4.83338000,4.83472000,0.00940170, 2, 255, 7, 24,0x50000,No,No,No,No,No,Yes,No,Yes
2026-04-11 11:22:56,7.0,1700,591,,636,653,44,,200,,,648,,61.5,0.8168,0.6000,0.6000,1.1000,0.04879650,0.09076149,0.13272650,0.00780744,0.00000000,0.35328660,0.52114660,1.75921000,0.00097680,0.00079365,0.00445665,0.02661780,3.69328100,3.29889800,1.80610300,1.10402800,0.60549390,1.09999900,0.79999920,0.82063420,3.30402600,3.30402600,0.79853400,4.78514000,4.83204000,0.00854700, 2, 255, 7, 24,0x50000,No,No,No,No,No,Yes,No,Yes
2026-04-11 11:22:58,6.8,1700,591,,591,602,44,,200,,,648,,61.5,0.8031,0.6000,0.6000,1.1000,0.04586871,0.10052080,0.12979870,0.00878337,0.00000000,0.35231080,0.48601320,1.69670000,0.00097680,0.00067155,0.00433455,0.02686200,3.69977600,3.30353800,1.78852100,1.10805800,0.60402870,1.10036500,0.80036550,0.80586010,3.30127900,3.30494200,0.79941320,4.83606000,4.79988000,0.00854700, 2, 255, 7, 24,0x50000,No,No,No,No,No,Yes,No,Yes
2026-04-11 11:23:00,6.3,1700,591,,591,602,44,,200,,,648,,60.4,0.8031,0.6000,0.6000,1.1000,0.04782057,0.09076149,0.13077460,0.00975930,0.00000000,0.35328660,0.48991690,1.68777000,0.00073260,0.00054945,0.00433455,0.02686200,3.68121700,3.30075400,1.81684800,1.10769100,0.60292980,1.09853400,0.79963290,0.80612860,3.30311000,3.30494200,0.79970620,4.79988000,4.83472000,0.00940170, 2, 255, 7, 24,0x50000,No,No,No,No,No,Yes,No,Yes
2026-04-11 11:23:02,7.2,1700,591,,591,602,44,,200,,,648,,62.0,0.8031,0.6000,0.6000,1.1000,0.04684464,0.09466522,0.12882280,0.00878337,0.00000000,0.36304600,0.48894090,1.69670000,0.00061050,0.00067155,0.00439560,0.02686200,3.70070400,3.31188900,1.79389300,1.10805800,0.60402870,1.10036500,0.79926660,0.80586010,3.30219400,3.30585700,0.79882700,4.83472000,4.79586000,0.00940170, 2, 255, 7, 24,0x50000,No,No,No,No,No,Yes,No,Yes
2026-04-11 11:23:04,6.8,1700,591,,591,602,44,,200,,,648,,62.6,0.8031,0.6000,0.6000,1.1000,0.04977243,0.08783370,0.13077460,0.00585558,0.00000000,0.35328660,0.48601320,2.26822000,0.00073260,0.00103785,0.00457875,0.02649570,3.69884800,3.30724900,1.78852100,1.10622600,0.60292980,1.09999900,0.79963290,0.80612860,3.30311000,3.30494200,0.79941320,4.83338000,4.82400000,0.00940170, 2, 255, 7, 24,0x50000,No,No,No,No,No,Yes,No,Yes
2026-04-11 11:23:06,7.0,1700,591,,591,602,44,,200,,,648,,61.5,0.8031,0.6000,0.6000,1.1000,0.05562801,0.08880963,0.13272650,0.00975930,0.00000000,0.35426260,0.48991690,1.69670000,0.00073260,0.00067155,0.00451770,0.02661780,3.68028900,3.31188900,1.82124300,1.10769100,0.60476130,1.09963300,0.79963290,0.80559140,3.30219400,3.30311000,0.79912020,4.82266000,4.83606000,0.00940170, 2, 255, 7, 24,0x50000,No,No,No,No,No,Yes,No,Yes
2026-04-11 11:23:08,7.0,1700,591,,591,602,44,,200,,,648,,61.5,0.8031,0.6000,0.6000,1.1000,0.04782057,0.09076149,0.13077460,0.00780744,0.00000000,0.35426260,0.48991690,1.70563000,0.00067155,0.00079365,0.00433455,0.02649570,3.69699300,3.31003300,1.78852100,1.10879000,0.60476130,1.10036500,0.79999920,0.80586010,3.30127900,3.30402600,0.79912020,4.83874000,4.80122000,0.00940170, 2, 255, 7, 24,0x50000,No,No,No,No,No,Yes,No,Yes
2026-04-11 11:23:11,7.0,1700,591,,591,602,44,,200,,,648,,62.0,0.8031,0.6000,0.6000,1.1000,0.04586871,0.09173742,0.12979870,0.00975930,0.00000000,0.35231080,0.49089280,1.69670000,0.00073260,0.00097680,0.00433455,0.02637360,3.69977600,3.30724900,1.81684800,1.10805800,0.60476130,1.10036500,0.80036550,0.80612860,3.29944700,3.30494200,0.79794790,4.83338000,4.84008000,0.00940170, 2, 255, 7, 24,0x50000,No,No,No,No,No,Yes,No,Yes
2026-04-11 11:23:13,6.8,1700,591,,591,602,44,,200,,,648,,62.0,0.8031,0.6000,0.6000,1.1000,0.04782057,0.09954486,0.13077460,0.00878337,0.00000000,0.35231080,0.49089280,1.70563000,0.00097680,0.00079365,0.00451770,0.02661780,3.68121700,3.30446500,1.81684800,1.10622600,0.60622650,1.10036500,0.79999920,0.80612860,3.30219400,3.30402600,0.79941320,4.83338000,4.83204000,0.00854700, 2, 255, 7, 24,0x50000,No,No,No,No,No,Yes,No,Yes
2026-04-11 11:23:15,7.0,1700,591,,636,653,44,,200,,,648,,60.4,0.8168,0.6000,0.6000,1.1000,0.04586871,0.08880963,0.12979870,0.00878337,0.00000000,0.35426260,0.48796500,1.76814000,0.00048840,0.00073260,0.00494505,0.02673990,3.69420800,3.30168200,1.79828900,1.10879000,0.60366240,1.09853400,0.79926660,0.82063420,3.30219400,3.30311000,0.79794790,4.78916000,4.82936000,0.00940170, 2, 255, 7, 24,0x50000,No,No,No,No,No,Yes,No,Yes
2026-04-11 11:23:17,7.0,1700,591,,591,602,44,,200,,,648,,62.6,0.8031,0.6000,0.6000,1.1000,0.04586871,0.12589500,0.16005250,0.00975930,0.00000000,0.35133480,0.48601320,1.72349000,0.00073260,0.00067155,0.00463980,0.02686200,3.68864100,3.31188900,1.81733600,1.10769100,0.60329610,1.09999900,0.79963290,0.80586010,3.30219400,3.30311000,0.79912020,4.81194000,4.78246000,0.00940170, 2, 255, 7, 24,0x50000,No,No,No,No,No,Yes,No,Yes
2026-04-11 11:23:19,6.7,1800,636,,591,602,44,,200,,,648,,62.0,0.8031,0.6000,0.6000,1.1000,0.04489278,0.09173742,0.13175060,0.00585558,0.00000000,0.35328660,0.53773740,1.71456000,0.00073260,0.00067155,0.00427350,0.02661780,3.68121700,3.30446500,1.81684800,1.10842400,0.60219720,1.10036500,0.79963290,0.80559140,3.30219400,3.30311000,0.79912020,4.80256000,4.83472000,0.00940170, 2, 255, 7, 24,0x50000,No,No,No,No,No,Yes,No,Yes
2026-04-11 11:23:21,6.8,1700,591,,591,602,44,,200,,,648,,62.0,0.8031,0.6000,0.6000,1.1000,0.05660394,0.08783370,0.13175060,0.01073523,0.00000000,0.35231080,0.49382060,1.70563000,0.00097680,0.00067155,0.00433455,0.02673990,3.69699300,3.30168200,1.80024200,1.10439400,0.60476130,1.09853400,0.79926660,0.80586010,3.30219400,3.30494200,0.79882700,4.82936000,4.79586000,0.00940170, 2, 255, 7, 24,0x50000,No,No,No,No,No,Yes,No,Yes
2026-04-11 11:23:23,6.8,1700,591,,591,602,44,,200,,,648,,62.0,0.8031,0.6000,0.6000,1.1000,0.04586871,0.09466522,0.13077460,0.00780744,0.00000000,0.36402190,0.48796500,2.27715000,0.00097680,0.00079365,0.00433455,0.02673990,3.69420800,3.30168200,1.80024200,1.10146400,0.60036570,1.10036500,0.79926660,0.80559140,3.30219400,3.30311000,0.79912020,4.82936000,4.79586000,0.00940170, 2, 255, 7, 24,0x50000,No,No,No,No,No,Yes,No,Yes
2026-04-11 11:23:26,6.8,1700,591,,591,602,44,,200,,,648,,61.5,0.8031,0.6000,0.6000,1.1000,0.04782057,0.09076149,0.13077460,0.00878337,0.00000000,0.35426260,0.48796500,1.71456000,0.00097680,0.00067155,0.00463980,0.02649570,3.68214500,3.29333000,1.82124300,1.10805800,0.60146460,1.09853400,0.79816780,0.80639730,3.30219400,3.30494200,0.79794790,4.83204000,4.83472000,0.00940170, 2, 255, 7, 24,0x50000,No,No,No,No,No,Yes,No,Yes
2026-04-11 11:23:28,6.8,1700,591,,591,602,44,,200,,,648,,62.6,0.8031,0.6000,0.6000,1.1000,0.04586871,0.08880963,0.13077460,0.00975930,0.00000000,0.35231080,0.48601320,2.28608000,0.00073260,0.00054945,0.00451770,0.02661780,3.69884800,3.31931300,1.81684800,1.10586000,0.60439500,1.09853400,0.79963290,0.80559140,3.30219400,3.30311000,0.79970620,4.83204000,4.82400000,0.00940170, 2, 255, 7, 24,0x50000,No,No,No,No,No,Yes,No,Yes
2026-04-11 11:23:30,6.8,1700,591,,591,653,44,,200,,,648,,62.6,0.8168,0.6000,0.6000,1.1000,0.04879650,0.09173742,0.12882280,0.00780744,0.00000000,0.35035890,0.48796500,2.39324000,0.00097680,0.00067155,0.00433455,0.02661780,3.69235300,3.30724900,1.78852100,1.10732500,0.60109830,1.09999900,0.79926660,0.82036550,3.30219400,3.30402600,0.79941320,4.82132000,4.79184000,0.00940170, 2, 255, 7, 24,0x50000,No,No,No,No,No,Yes,No,Yes
2026-04-11 11:23:32,7.0,1800,636,,636,602,43,,200,,,648,,62.6,0.8031,0.6000,0.6000,1.1000,0.04586871,0.09076149,0.12882280,0.00487965,0.00000000,0.35426260,0.48796500,2.28608000,0.00054945,0.00054945,0.00433455,0.02625150,3.69884800,3.29518600,1.78900900,1.10292900,0.60183090,1.09999900,0.79890030,0.80586010,3.29944700,3.30402600,0.79941320,4.82802000,4.79988000,0.00854700, 2, 255, 7, 24,0x50000,No,No,No,No,No,Yes,No,Yes
2026-04-11 11:23:34,7.0,1700,591,,591,602,44,,200,,,648,,60.9,0.8031,0.6000,0.6000,1.1000,0.04391685,0.08880963,0.12979870,0.01171116,0.00000000,0.35328660,0.48894090,1.72349000,0.00073260,0.00103785,0.00427350,0.02625150,3.67750600,3.30724900,1.81684800,1.10586000,0.60292980,1.09926600,0.79963290,0.80612860,3.30311000,3.30494200,0.79853400,4.82802000,4.82936000,0.00940170, 2, 255, 7, 24,0x50000,No,No,No,No,No,Yes,No,Yes
2026-04-11 11:23:36,6.5,1700,591,,636,653,44,,200,,,648,,61.5,0.8168,0.6000,0.6000,1.1000,0.05660394,0.08978556,0.12979870,0.00683151,0.00000000,0.35328660,0.48796500,2.39324000,0.00048840,0.00073260,0.00457875,0.02661780,3.69049700,3.30260900,1.80024200,1.10769100,0.60549390,1.10036500,0.79926660,0.82036550,3.30219400,3.30311000,0.79882700,4.77978000,4.82132000,0.00940170, 2, 255, 7, 24,0x50000,No,No,No,No,No,Yes,No,Yes
2026-04-11 11:23:38,7.0,1700,591,,636,653,43,,200,,,648,,62.6,0.8168,0.6000,0.6000,1.1000,0.04586871,0.08880963,0.13077460,0.00683151,0.00000000,0.35328660,0.52212260,1.79493000,0.00073260,0.00067155,0.00451770,0.02625150,3.69235300,3.29425800,1.78852100,1.10915600,0.60366240,1.09999900,0.79816780,0.82090280,3.29944700,3.30494200,0.79941320,4.78514000,4.82132000,0.00854700, 2, 255, 7, 24,0x50000,No,No,No,No,No,Yes,No,Yes
2026-04-11 11:23:41,6.8,1700,591,,591,602,44,,200,,,648,,60.9,0.8031,0.6000,0.6000,1.1000,0.04879650,0.08880963,0.12882280,0.00683151,0.00000000,0.35328660,0.48796500,1.75028000,0.00097680,0.00067155,0.00457875,0.02661780,3.69235300,3.30724900,1.78852100,1.10805800,0.60476130,1.09853400,0.79890030,0.80612860,3.30311000,3.30402600,0.79941320,4.79050000,4.82132000,0.00854700, 2, 255, 7, 24,0x50000,No,No,No,No,No,Yes,No,Yes
2026-04-11 11:23:43,6.5,1700,591,,591,602,44,,200,,,648,,62.6,0.8031,0.6000,0.6000,1.1000,0.04879650,0.09076149,0.13077460,0.00585558,0.00000000,0.35426260,0.48991690,2.28608000,0.00097680,0.00067155,0.00427350,0.02686200,3.69699300,3.30168200,1.78852100,1.10439400,0.60769170,1.10036500,0.80036550,0.80612860,3.30127900,3.30402600,0.79941320,4.82802000,4.77978000,0.00940170, 2, 255, 7, 24,0x50000,No,No,No,No,No,Yes,No,Yes
2026-04-11 11:23:45,7.0,1700,591,,591,602,44,,200,,,648,,62.6,0.8031,0.6000,0.6000,1.1000,0.05074836,0.09076149,0.13077460,0.00585558,0.00000000,0.36207000,0.48796500,1.72349000,0.00048840,0.00054945,0.00433455,0.02661780,3.69235300,3.30353800,1.81684800,1.10586000,0.60586020,1.10036500,0.79816780,0.80586010,3.29944700,3.30494200,0.79941320,4.82802000,4.79452000,0.00854700, 2, 255, 7, 24,0x50000,No,No,No,No,No,Yes,No,Yes
2026-04-11 11:23:47,7.0,1700,591,,591,602,44,,200,,,648,,62.0,0.8031,0.6000,0.6000,1.1000,0.04586871,0.08880963,0.12979870,0.00780744,0.00392160,0.35231080,0.49186870,1.74135000,0.00073260,0.00097680,0.00427350,0.02661780,3.67750600,3.30724900,1.78900900,1.10439400,0.60586020,1.10036500,0.79890030,0.80612860,3.29944700,3.30494200,0.79941320,4.82802000,4.82266000,0.00940170, 2, 255, 7, 24,0x50000,No,No,No,No,No,Yes,No,Yes
2026-04-11 11:23:49,6.5,1700,591,,591,602,44,,200,,,648,,63.1,0.8031,0.6000,0.6000,1.1000,0.04977243,0.08880963,0.13175060,0.00780744,0.00000000,0.35231080,0.48991690,2.28608000,0.00042735,0.00067155,0.00463980,0.02649570,3.68864100,3.29518600,1.81733600,1.10329600,0.60586020,1.09999900,0.79963290,0.80612860,3.30219400,3.30311000,0.79853400,4.82936000,4.79318000,0.00940170, 2, 255, 7, 24,0x50000,No,No,No,No,No,Yes,No,Yes
2026-04-11 11:23:51,6.8,1700,591,,591,602,44,,200,,,648,,63.1,0.8031,0.6000,0.6000,1.1000,0.05367615,0.08978556,0.13175060,0.01073523,0.00000000,0.35231080,0.48894090,1.73242000,0.00061050,0.00067155,0.00439560,0.02686200,3.68864100,3.29518600,1.82124300,1.10402800,0.60512760,1.10109800,0.79926660,0.80639730,3.30219400,3.30311000,0.79794790,4.82132000,4.82802000,0.00940170, 2, 255, 7, 24,0x50000,No,No,No,No,No,Yes,No,Yes
2026-04-11 11:23:54,6.8,1700,591,,591,602,44,,200,,,648,,62.6,0.8168,0.6000,0.6000,1.1000,0.04977243,0.08880963,0.12882280,0.00780744,0.00000000,0.35133480,0.48894090,1.78600000,0.00048840,0.00054945,0.00488400,0.02661780,3.69049700,3.29982600,1.79926600,1.10769100,0.60549390,1.09999900,0.80146440,0.82009690,3.30036300,3.30402600,0.79941320,4.81998000,4.77710000,0.00940170, 2, 255, 7, 24,0x50000,No,No,No,No,No,Yes,No,Yes
2026-04-11 11:23:56,7.0,1700,591,,591,602,44,,199,,,648,,61.5,0.8031,0.6000,0.6000,1.1000,0.04684464,0.09076149,0.13077460,0.01268709,0.00000000,0.36207000,0.49186870,2.30394000,0.00054945,0.00067155,0.00463980,0.02649570,3.68864100,3.30260900,1.81684800,1.10512700,0.60366240,1.09853400,0.79963290,0.80559140,3.30219400,3.30311000,0.79970620,4.82132000,4.80256000,0.00940170, 2, 255, 7, 24,0x50000,No,No,No,No,No,Yes,No,Yes
2026-04-11 11:23:58,6.8,1700,591,,591,602,44,,200,,,648,,63.1,0.8031,0.6000,0.6000,1.1000,0.04684464,0.09076149,0.13077460,0.00878337,0.00000000,0.35426260,0.49089280,1.72349000,0.00048840,0.00067155,0.00439560,0.02673990,3.67379400,3.31188900,1.81684800,1.10695900,0.60256350,1.10036500,0.79963290,0.80612860,3.30219400,3.30311000,0.79912020,4.82936000,4.83472000,0.00854700, 2, 255, 7, 24,0x50000,No,No,No,No,No,Yes,No,Yes
2026-04-11 11:24:00,7.0,1700,591,,591,602,44,,200,,,648,,62.0,0.8031,0.6000,0.6000,1.1000,0.04684464,0.08880963,0.12979870,0.01073523,0.00000000,0.35328660,0.49186870,1.74135000,0.00054945,0.00054945,0.00451770,0.02673990,3.69142500,3.30260900,1.78900900,1.10439400,0.60476130,1.10036500,0.79999920,0.80586010,3.30402600,3.30402600,0.79941320,4.82534000,4.83204000,0.00940170, 2, 255, 7, 24,0x50000,No,No,No,No,No,Yes,No,Yes
2026-04-11 11:24:02,6.8,1700,591,,591,602,44,,200,,,648,,61.5,0.8031,0.6000,0.6000,1.1000,0.04977243,0.09368929,0.13370240,0.00487965,0.00294120,0.35621450,0.48796500,1.74135000,0.00048840,0.00054945,0.00433455,0.02649570,3.67379400,3.30353800,1.81684800,1.10402800,0.60329610,1.10036500,0.79963290,0.80586010,3.30311000,3.30494200,0.79794790,4.82802000,4.82936000,0.00940170, 2, 255, 7, 24,0x50000,No,No,No,No,No,Yes,No,Yes
2026-04-11 11:24:04,7.0,1700,591,,591,602,44,,200,,,648,,62.0,0.8031,0.6000,0.6000,1.1000,0.04684464,0.09076149,0.12979870,0.01073523,0.00000000,0.35231080,0.49284470,2.42003000,0.00054945,0.00054945,0.00488400,0.02612940,3.69142500,3.30168200,1.78852100,1.10659200,0.60769170,1.09926600,0.79596990,0.82036550,3.30219400,3.30402600,0.79882700,4.82936000,4.77710000,0.00940170, 2, 255, 7, 24,0x50000,No,No,No,No,No,Yes,No,Yes
2026-04-11 11:24:06,6.8,1700,591,,591,602,44,,200,,,648,,62.6,0.8031,0.6000,0.6000,1.1000,0.04684464,0.09271335,0.12979870,0.01073523,0.00000000,0.35328660,0.48894090,1.75028000,0.00073260,0.00054945,0.00470085,0.02686200,3.67379400,3.30632200,1.81684800,1.10512700,0.60366240,1.09963300,0.79816780,0.80559140,3.30219400,3.30311000,0.79794790,4.80256000,4.82936000,0.00940170, 2, 255, 7, 24,0x50000,No,No,No,No,No,Yes,No,Yes
2026-04-11 11:24:09,7.0,1700,591,,591,602,44,,200,,,648,,63.1,0.8031,0.6000,0.6000,1.1000,0.05172429,0.09466522,0.13272650,0.00878337,0.00000000,0.35426260,0.48991690,1.75028000,0.00097680,0.00067155,0.00433455,0.02649570,3.69235300,3.30724900,1.78852100,1.10586000,0.60402870,1.09999900,0.79999920,0.80586010,3.30036300,3.30402600,0.79824100,4.82802000,4.79050000,0.00854700, 2, 255, 7, 24,0x50000,No,No,No,No,No,Yes,No,Yes
2026-04-11 11:24:11,6.5,1700,591,,591,602,44,,200,,,648,,62.0,0.8031,0.6000,0.6000,1.1000,0.05172429,0.08880963,0.13175060,0.00487965,0.00343140,0.35328660,0.48796500,1.75028000,0.00097680,0.00054945,0.00433455,0.02661780,3.67657700,3.30168200,1.79926600,1.10915600,0.60659280,1.10036500,0.79926660,0.80586010,3.30036300,3.30311000,0.79882700,4.82534000,4.82802000,0.00854700, 2, 255, 7, 24,0x50000,No,No,No,No,No,Yes,No,Yes
2026-04-11 11:24:13,6.8,1700,591,,591,602,44,,200,,,648,,63.1,0.8031,0.6000,0.6000,1.1000,0.04782057,0.10247270,0.13077460,0.00585558,0.00000000,0.35523850,0.49089280,2.31287000,0.00048840,0.00103785,0.00433455,0.02686200,3.69049700,3.30724900,1.78900900,1.10402800,0.60476130,1.10036500,0.80036550,0.80612860,3.30402600,3.30402600,0.79941320,4.79050000,4.82132000,0.00854700, 2, 255, 7, 24,0x50000,No,No,No,No,No,Yes,No,Yes
2026-04-11 11:24:15,7.0,1700,591,,591,602,44,,200,,,648,,64.2,0.8031,0.6000,0.6000,1.1000,0.04782057,0.08880963,0.12784680,0.00780744,0.00000000,0.35426260,0.49186870,1.75028000,0.00073260,0.00054945,0.00463980,0.02625150,3.68864100,3.30724900,1.81684800,1.10622600,0.60586020,1.10036500,0.79963290,0.80559140,3.30311000,3.30494200,0.79794790,4.81194000,4.79318000,0.00940170, 2, 255, 7, 24,0x50000,No,No,No,No,No,Yes,No,Yes
2026-04-11 11:24:17,6.8,1700,591,,591,602,44,,200,,,648,,62.6,0.8031,0.6000,0.6000,1.1000,0.04782057,0.09661707,0.12979870,0.00878337,0.00000000,0.35621450,0.48991690,1.74135000,0.00097680,0.00103785,0.00433455,0.02625150,3.67657700,3.29518600,1.81684800,1.10769100,0.60622650,1.09999900,0.79999920,0.80612860,3.30127900,3.30402600,0.79853400,4.82802000,4.82668000,0.00854700, 2, 255, 7, 24,0x50000,No,No,No,No,No,Yes,No,Yes
2026-04-11 11:24:19,6.8,1700,591,,591,602,44,,200,,,648,,62.6,0.8031,0.6000,0.6000,1.1000,0.04782057,0.08880963,0.12882280,0.00683151,0.00000000,0.35426260,0.48894090,2.32180000,0.00097680,0.00103785,0.00433455,0.02625150,3.68864100,3.30353800,1.81684800,1.10805800,0.60402870,1.09853400,0.80036550,0.80612860,3.29944700,3.30402600,0.79853400,4.79318000,4.82132000,0.00854700, 2, 255, 7, 24,0x50000,No,No,No,No,No,Yes,No,Yes
2026-04-11 11:24:21,6.5,1700,591,,591,602,44,,200,,,648,,63.7,0.8031,0.6000,0.6000,1.1000,0.05367615,0.08685777,0.13272650,0.01073523,0.00000000,0.37378120,0.48601320,1.75028000,0.00097680,0.00103785,0.00433455,0.02661780,3.67008200,3.30260900,1.81684800,1.10622600,0.60109830,1.10109800,0.80036550,0.80586010,3.30127900,3.30402600,0.79853400,4.82668000,4.82400000,0.00854700, 2, 255, 7, 24,0x50000,No,No,No,No,No,Yes,No,Yes
2026-04-11 11:24:24,6.7,1700,591,,591,602,44,,200,,,648,,62.6,0.8031,0.6000,0.6000,1.1000,0.04879650,0.09076149,0.12882280,0.00878337,0.00000000,0.35328660,0.48796500,1.75921000,0.00048840,0.00054945,0.00433455,0.02612940,3.68864100,3.30353800,1.81684800,1.10622600,0.60439500,1.09999900,0.79816780,0.80612860,3.30311000,3.30494200,0.79941320,4.82802000,4.79184000,0.00940170, 2, 255, 7, 24,0x50000,No,No,No,No,No,Yes,No,Yes
2026-04-11 11:24:26,6.5,1700,591,,591,602,44,,200,,,648,,63.7,0.8031,0.6000,0.6000,1.1000,0.05074836,0.08685777,0.13077460,0.02147046,0.00000000,0.37085340,0.48894090,1.75028000,0.00097680,0.00061050,0.00433455,0.02625150,3.67565000,3.29889800,1.79926600,1.10512700,0.60366240,1.10036500,0.79999920,0.80586010,3.30036300,3.30311000,0.79882700,4.82400000,4.82802000,0.00854700, 2, 255, 7, 24,0x50000,No,No,No,No,No,Yes,No,Yes
2026-04-11 11:24:28,6.7,1700,591,,591,602,44,,200,,,648,,62.6,0.8031,0.6000,0.6000,1.1000,0.04782057,0.08880963,0.13077460,0.01073523,0.00000000,0.35328660,0.48406130,2.30394000,0.00097680,0.00054945,0.00433455,0.02661780,3.69049700,3.31931300,1.78852100,1.10439400,0.60476130,1.09963300,0.79999920,0.80586010,3.30402600,3.30768900,0.79824100,4.82534000,4.82400000,0.00854700, 2, 255, 7, 24,0x50000,No,No,No,No,No,Yes,No,Yes
2026-04-11 11:24:30,7.0,1700,591,,591,602,44,,200,,,648,,62.6,0.8031,0.6000,0.6000,1.1000,0.04879650,0.08880963,0.12979870,0.00487965,0.00000000,0.35719040,0.49089280,1.75921000,0.00097680,0.00067155,0.00433455,0.02673990,3.69049700,3.31003300,1.80024200,1.10146400,0.60073200,1.10036500,0.79926660,0.80586010,3.30219400,3.30311000,0.79882700,4.81864000,4.79318000,0.00940170, 2, 255, 7, 24,0x50000,No,No,No,No,No,Yes,No,Yes
2026-04-11 11:24:32,7.0,1700,591,,591,602,44,,200,,,648,,62.6,0.8031,0.6000,0.6000,1.1000,0.04879650,0.08880963,0.12979870,0.00780744,0.00000000,0.35133480,0.48991690,1.75921000,0.00097680,0.00067155,0.00427350,0.02625150,3.66915400,3.30353800,1.81684800,1.10842400,0.60183090,1.09926600,0.79816780,0.80612860,3.30311000,3.30494200,0.79853400,4.83204000,4.82400000,0.00940170, 2, 255, 7, 24,0x50000,No,No,No,No,No,Yes,No,Yes
2026-04-11 11:24:34,7.0,1800,636,,636,653,44,,200,,,648,,63.7,0.8031,0.6000,0.6000,1.1000,0.04684464,0.09076149,0.12882280,0.00585558,0.00000000,0.35328660,0.48796500,1.76814000,0.00073260,0.00054945,0.00433455,0.02625150,3.69235300,3.30724900,1.78754400,1.10695900,0.60146460,1.09963300,0.79890030,0.80612860,3.30219400,3.30494200,0.79941320,4.82802000,4.79452000,0.00940170, 2, 255, 7, 24,0x50000,No,No,No,No,No,Yes,No,Yes
2026-04-11 11:24:36,7.0,1700,591,,591,602,44,,200,,,648,,63.7,0.8031,0.6000,0.6000,1.1000,0.04879650,0.09076149,0.12882280,0.00878337,0.00000000,0.35231080,0.48796500,1.76814000,0.00061050,0.00085470,0.00451770,0.02612940,3.67286600,3.29518600,1.82124300,1.10402800,0.60732540,1.10073200,0.79963290,0.80612860,3.30311000,3.30494200,0.79794790,4.82668000,4.82534000,0.00940170, 2, 255, 7, 24,0x50000,No,No,No,No,No,Yes,No,Yes
2026-04-11 11:24:38,6.8,1700,591,,591,602,44,,200,,,648,,61.5,0.8031,0.6000,0.6000,1.1000,0.04879650,0.08978556,0.12979870,0.00780744,0.00000000,0.36499780,0.48796500,1.76814000,0.00097680,0.00054945,0.00488400,0.02625150,3.67657700,3.31003300,1.78852100,1.10146400,0.60256350,1.10036500,0.79999920,0.80586010,3.30036300,3.30402600,0.79941320,4.77710000,4.82132000,0.00940170, 2, 255, 7, 24,0x50000,No,No,No,No,No,Yes,No,Yes
2026-04-11 11:24:41,6.5,1700,591,,591,602,44,,200,,,648,,62.6,0.8031,0.6000,0.6000,1.1000,0.04782057,0.08880963,0.12979870,0.00585558,0.00000000,0.35231080,0.48894090,2.32180000,0.00073260,0.00054945,0.00409035,0.02661780,3.68956900,3.30724900,1.78852100,1.10622600,0.60476130,1.10036500,0.80036550,0.80612860,3.29944700,3.30402600,0.79882700,4.79184000,4.82132000,0.00854700, 2, 255, 7, 24,0x50000,No,No,No,No,No,Yes,No,Yes
2026-04-11 11:24:43,6.8,1700,591,,591,602,44,,200,,,648,,63.1,0.8031,0.6000,0.6000,1.1000,0.04879650,0.09076149,0.13077460,0.00780744,0.00000000,0.33864770,0.49089280,1.77707000,0.00073260,0.00079365,0.00433455,0.02637360,3.69235300,3.30353800,1.81684800,1.10805800,0.60366240,1.09999900,0.80036550,0.80612860,3.30127900,3.30494200,0.79941320,4.82400000,4.79452000,0.00854700, 2, 255, 7, 24,0x50000,No,No,No,No,No,Yes,No,Yes
2026-04-11 11:24:45,7.0,1700,591,,591,602,44,,200,,,648,,64.2,0.8031,0.6000,0.6000,1.1000,0.04977243,0.09076149,0.13175060,0.00878337,0.00000000,0.35426260,0.48991690,1.76814000,0.00097680,0.00054945,0.00433455,0.02625150,3.69049700,3.30724900,1.78900900,1.10476100,0.60366240,1.10036500,0.79999920,0.80586010,3.30127900,3.30402600,0.79824100,4.82534000,4.82668000,0.00854700, 2, 255, 7, 24,0x50000,No,No,No,No,No,Yes,No,Yes
2026-04-11 11:24:47,6.8,1700,591,,591,602,44,,200,,,648,,63.7,0.8031,0.6000,0.6000,1.1000,0.04879650,0.08880963,0.13077460,0.00780744,0.00000000,0.35133480,0.49089280,1.83958000,0.00097680,0.00091575,0.00488400,0.02612940,3.68771300,3.31374500,1.79096300,1.10439400,0.60036570,1.09963300,0.79816780,0.82090280,3.29944700,3.30494200,0.79941320,4.81730000,4.77844000,0.00940170, 2, 255, 7, 24,0x50000,No,No,No,No,No,Yes,No,Yes
2026-04-11 11:24:49,6.8,1700,591,,591,602,44,,200,,,648,,62.6,0.8031,0.6000,0.6000,1.1000,0.04879650,0.10247270,0.12882280,0.00878337,0.00000000,0.35231080,0.48894090,1.77707000,0.00073260,0.00073260,0.00457875,0.02612940,3.67565000,3.30168200,1.80024200,1.10292900,0.60402870,1.09926600,0.79999920,0.80586010,3.30402600,3.30402600,0.79941320,4.77442000,4.82668000,0.00940170, 2, 255, 7, 24,0x50000,No,No,No,No,No,Yes,No,Yes
2026-04-11 11:24:51,6.8,1800,591,,591,602,44,,200,,,648,,64.2,0.8031,0.6000,0.6000,1.1000,0.05562801,0.09076149,0.12979870,0.01073523,0.00000000,0.35328660,0.48796500,1.77707000,0.00073260,0.00103785,0.00445665,0.02637360,3.67379400,3.30910500,1.81684800,1.10695900,0.60183090,1.09999900,0.79963290,0.80559140,3.30311000,3.30402600,0.79941320,4.82400000,4.82132000,0.00940170, 2, 255, 7, 24,0x50000,No,No,No,No,No,Yes,No,Yes
2026-04-11 11:24:53,7.0,1700,591,,591,602,44,,200,,,648,,62.0,0.8031,0.6000,0.6000,1.1000,0.04977243,0.08880963,0.12687090,0.00585558,0.00000000,0.35426260,0.48894090,2.33073000,0.00073260,0.00067155,0.00463980,0.02637360,3.68771300,3.29518600,1.81733600,1.10476100,0.60036570,1.10073200,0.79963290,0.80559140,3.30311000,3.30494200,0.79941320,4.78916000,4.82534000,0.00940170, 2, 255, 7, 24,0x50000,No,No,No,No,No,Yes,No,Yes
2026-04-11 11:24:56,7.0,1700,591,,591,602,44,,200,,,648,,63.7,0.8031,0.6000,0.6000,1.1000,0.04879650,0.08978556,0.13467840,0.00878337,0.00000000,0.35328660,0.48796500,1.76814000,0.00073260,0.00073260,0.00457875,0.02625150,3.68678500,3.32952100,1.80024200,1.10586000,0.60183090,1.09999900,0.79890030,0.80586010,3.30036300,3.30311000,0.79882700,4.82534000,4.82802000,0.00940170, 2, 255, 7, 24,0x50000,No,No,No,No,No,Yes,No,Yes
2026-04-11 11:24:58,6.8,1700,591,,591,602,44,,200,,,648,,62.6,0.8031,0.6000,0.6000,1.1000,0.04977243,0.09076149,0.12687090,0.00683151,0.00000000,0.35231080,0.49186870,1.78600000,0.00097680,0.00067155,0.00433455,0.02612940,3.68121700,3.31188900,1.81342900,1.10879000,0.60036570,1.09999900,0.79816780,0.80586010,3.30311000,3.30402600,0.79941320,4.82802000,4.81998000,0.00940170, 2, 255, 7, 24,0x50000,No,No,No,No,No,Yes,No,Yes
2026-04-11 11:25:00,7.0,1700,591,,591,602,44,,200,,,648,,64.2,0.8031,0.6000,0.6000,1.1000,0.04782057,0.08880963,0.13272650,0.00683151,0.00000000,0.35231080,0.48796500,1.77707000,0.00048840,0.00054945,0.00433455,0.02637360,3.68864100,3.29889800,1.81684800,1.10622600,0.60329610,1.09963300,0.79963290,0.80612860,3.30311000,3.30494200,0.79941320,4.82534000,4.77978000,0.00940170, 2, 255, 7, 24,0x50000,No,No,No,No,No,Yes,No,Yes
2026-04-11 11:25:02,7.0,1700,591,,591,602,44,,200,,,648,,63.1,0.8031,0.6000,0.6000,1.1000,0.04977243,0.08880963,0.12882280,0.00878337,0.00000000,0.35231080,0.48698910,1.77707000,0.00073260,0.00067155,0.00439560,0.02649570,3.68214500,3.30446500,1.81733600,1.10659200,0.60439500,1.10036500,0.79926660,0.80559140,3.30219400,3.30494200,0.79941320,4.82400000,4.82534000,0.00940170, 2, 255, 7, 24,0x50000,No,No,No,No,No,Yes,No,Yes
2026-04-11 11:25:04,6.8,1700,591,,591,653,43,,200,,,648,,63.1,0.8168,0.6000,0.6000,1.1000,0.04977243,0.08783370,0.13467840,0.00975930,0.00000000,0.35328660,0.49089280,2.43789000,0.00097680,0.00067155,0.00463980,0.02625150,3.68771300,3.30075400,1.82124300,1.10769100,0.60109830,1.10036500,0.79926660,0.82036550,3.30036300,3.30585700,0.79882700,4.77710000,4.82400000,0.00940170, 2, 255, 7, 24,0x50000,No,No,No,No,No,Yes,No,Yes
2026-04-11 11:25:06,6.8,1700,591,,636,653,43,,200,,,648,,64.2,0.8168,0.6000,0.6000,1.1000,0.04977243,0.08783370,0.12882280,0.00878337,0.00000000,0.35328660,0.49089280,2.46468000,0.00073260,0.00042735,0.00457875,0.02649570,3.68956900,3.32580900,1.79828900,1.10439400,0.60659280,1.10036500,0.79926660,0.82036550,3.30219400,3.30402600,0.79882700,4.81864000,4.77442000,0.00940170, 2, 255, 7, 24,0x50000,No,No,No,No,No,Yes,No,Yes
2026-04-11 11:25:09,7.0,1700,591,,591,602,44,,200,,,648,,64.2,0.8031,0.6000,0.6000,1.1000,0.04782057,0.08880963,0.13272650,0.00487965,0.00000000,0.35523850,0.49284470,1.78600000,0.00073260,0.00073260,0.00433455,0.02625150,3.67472200,3.29982600,1.79926600,1.10695900,0.60586020,1.09963300,0.79963290,0.80612860,3.30219400,3.30494200,0.79941320,4.82802000,4.82132000,0.00940170, 2, 255, 7, 24,0x50000,No,No,No,No,No,Yes,No,Yes
2026-04-11 11:25:11,7.0,1700,591,,591,602,44,,200,,,648,,64.2,0.8031,0.6000,0.6000,1.1000,0.04879650,0.08880963,0.13077460,0.01073523,0.00000000,0.35523850,0.48991690,1.84851000,0.00054945,0.00067155,0.00463980,0.02625150,3.67101000,3.31188900,1.79389300,1.10476100,0.60476130,1.09999900,0.79963290,0.82063420,3.29944700,3.30494200,0.79941320,4.81194000,4.82132000,0.00854700, 2, 255, 7, 24,0x50000,No,No,No,No,No,Yes,No,Yes
2026-04-11 11:25:13,6.5,1700,591,,591,602,44,,200,,,648,,64.2,0.8031,0.6000,0.6000,1.1000,0.04782057,0.08880963,0.13077460,0.00878337,0.00000000,0.37573300,0.48991690,1.84851000,0.00054945,0.00067155,0.00445665,0.02637360,3.67101000,3.31560100,1.82124300,1.10805800,0.60476130,1.09963300,0.80036550,0.82063420,3.30494200,3.30402600,0.79941320,4.81730000,4.82132000,0.00854700, 2, 255, 7, 24,0x50000,No,No,No,No,No,Yes,No,Yes
2026-04-11 11:25:15,6.7,1700,591,,591,602,44,,200,,,648,,63.1,0.8168,0.6000,0.6000,1.1000,0.04977243,0.09759300,0.13175060,0.00878337,0.00000000,0.35426260,0.48991690,1.84851000,0.00073260,0.00067155,0.00457875,0.02612940,3.66265800,3.30910500,1.78852100,1.10439400,0.60329610,1.09999900,0.79999920,0.82063420,3.30311000,3.30402600,0.79941320,4.81730000,4.81194000,0.00854700, 2, 255, 7, 24,0x50000,No,No,No,No,No,Yes,No,Yes
2026-04-11 11:25:17,6.8,1700,591,,591,602,44,,200,,,648,,64.8,0.8031,0.6000,0.6000,1.1000,0.04977243,0.09076149,0.13175060,0.01073523,0.00000000,0.37280530,0.49089280,1.78600000,0.00097680,0.00067155,0.00427350,0.02625150,3.66822600,3.30724900,1.78852100,1.10622600,0.60402870,1.09999900,0.79999920,0.80586010,3.30402600,3.30402600,0.79882700,4.81730000,4.82132000,0.00854700, 2, 255, 7, 24,0x50000,No,No,No,No,No,Yes,No,Yes
2026-04-11 11:25:19,6.8,1700,591,,591,602,44,,200,,,648,,64.2,0.8031,0.6000,0.6000,1.1000,0.05562801,0.09076149,0.12882280,0.01073523,0.00000000,0.35231080,0.49186870,1.77707000,0.00097680,0.00054945,0.00433455,0.02612940,3.66822600,3.31931300,1.81684800,1.10805800,0.60439500,1.09853400,0.80036550,0.80586010,3.30311000,3.30494200,0.79941320,4.82400000,4.81998000,0.00940170, 2, 255, 7, 24,0x50000,No,No,No,No,No,Yes,No,Yes
2026-04-11 11:25:22,6.8,1700,591,,591,602,44,,200,,,648,,64.2,0.8031,0.6000,0.6000,1.1000,0.04879650,0.08880963,0.12882280,0.00683151,0.00000000,0.35426260,0.49089280,1.78600000,0.00097680,0.00067155,0.00463980,0.02625150,3.67286600,3.29518600,1.82124300,1.10622600,0.60146460,1.09926600,0.79816780,0.80612860,3.29944700,3.30402600,0.79941320,4.82534000,4.82132000,0.00940170, 2, 255, 7, 24,0x50000,No,No,No,No,No,Yes,No,Yes
2026-04-11 11:25:24,7.0,1700,591,,591,602,44,,200,,,648,,64.8,0.8031,0.6000,0.6000,1.1000,0.04879650,0.09076149,0.13370240,0.01073523,0.00000000,0.35328660,0.49284470,1.82172000,0.00054945,0.00067155,0.00433455,0.02661780,3.68492900,3.30168200,1.78852100,1.10329600,0.60256350,1.09999900,0.79999920,0.80586010,3.30127900,3.30402600,0.79853400,4.82534000,4.78514000,0.00940170, 2, 255, 7, 24,0x50000,No,No,No,No,No,Yes,No,Yes
2026-04-11 11:25:26,6.8,1800,636,,636,602,43,,200,,,648,,63.7,0.8031,0.6000,0.6000,1.1000,0.04879650,0.09173742,0.12784680,0.00780744,0.00000000,0.36499780,0.48991690,2.35752000,0.00097680,0.00067155,0.00463980,0.02661780,3.68771300,3.29333000,1.81733600,1.10402800,0.60439500,1.09926600,0.79963290,0.80612860,3.30311000,3.30494200,0.79794790,4.82534000,4.79184000,0.00940170, 2, 255, 7, 24,0x50000,No,No,No,No,No,Yes,No,Yes
2026-04-11 11:25:28,6.5,1800,636,,636,653,44,,200,,,648,,64.2,0.8031,0.6000,0.6000,1.1000,0.04782057,0.08880963,0.13272650,0.00683151,0.00000000,0.35328660,0.48796500,2.35752000,0.00054945,0.00067155,0.00445665,0.02612940,3.68771300,3.29518600,1.81733600,1.10402800,0.60586020,1.09963300,0.79963290,0.80639730,3.30219400,3.30311000,0.79882700,4.78916000,4.82534000,0.00940170, 2, 255, 7, 24,0x50000,No,No,No,No,No,Yes,No,Yes
2026-04-11 11:25:30,6.8,1800,636,,636,602,43,,200,,,648,,64.8,0.8031,0.6000,0.6000,1.1000,0.05074836,0.08880963,0.13077460,0.00683151,0.00000000,0.35328660,0.49089280,2.36645000,0.00067155,0.00079365,0.00451770,0.02661780,3.68956900,3.30724900,1.78852100,1.10402800,0.60329610,1.09999900,0.79999920,0.80586010,3.30036300,3.30402600,0.79941320,4.79184000,4.82668000,0.00940170, 2, 255, 7, 24,0x50000,No,No,No,No,No,Yes,No,Yes
2026-04-11 11:25:32,7.0,1700,591,,591,602,44,,200,,,648,,65.3,0.8031,0.6000,0.6000,1.1000,0.05757987,0.08880963,0.13077460,0.01073523,0.00000000,0.35426260,0.49186870,1.83065000,0.00097680,0.00067155,0.00488400,0.02661780,3.68400100,3.30724900,1.81684800,1.10402800,0.60695910,1.09999900,0.79999920,0.80586010,3.30219400,3.30402600,0.79882700,4.78514000,4.82132000,0.00940170, 2, 255, 7, 24,0x50000,No,No,No,No,No,Yes,No,Yes
2026-04-11 11:25:34,7.0,1700,591,,591,602,44,,200,,,648,,63.7,0.8031,0.6000,0.6000,1.1000,0.05074836,0.08880963,0.13077460,0.00780744,0.00000000,0.35426260,0.49089280,2.36645000,0.00097680,0.00067155,0.00463980,0.02649570,3.68492900,3.30724900,1.78852100,1.10622600,0.60109830,1.09963300,0.79999920,0.80612860,3.30219400,3.30402600,0.79941320,4.82400000,4.77844000,0.00940170, 2, 255, 7, 24,0x50000,No,No,No,No,No,Yes,No,Yes
2026-04-11 11:25:37,6.8,1800,636,,636,602,43,,200,,,648,,65.3,0.8031,0.6000,0.6000,1.1000,0.04977243,0.09076149,0.13175060,0.01171116,0.00000000,0.35035890,0.48991690,1.81279000,0.00054945,0.00067155,0.00427350,0.02661780,3.68492900,3.30446500,1.81684800,1.10622600,0.60292980,1.10036500,0.79963290,0.80612860,3.29944700,3.30402600,0.79824100,4.82400000,4.79184000,0.00940170, 2, 255, 7, 24,0x50000,No,No,No,No,No,Yes,No,Yes
2026-04-11 11:25:39,7.0,1700,591,,591,602,44,,200,,,648,,64.8,0.8031,0.6000,0.6000,1.1000,0.04879650,0.08880963,0.13077460,0.00585558,0.00000000,0.35231080,0.48601320,1.78600000,0.00097680,0.00054945,0.00488400,0.02649570,3.66822600,3.29982600,1.78852100,1.10402800,0.60402870,1.09963300,0.80146440,0.80586010,3.30219400,3.30311000,0.79882700,4.81998000,4.82802000,0.00940170, 2, 255, 7, 24,0x50000,No,No,No,No,No,Yes,No,Yes
2026-04-11 11:25:41,6.8,1700,591,,591,602,44,,200,,,648,,64.8,0.8031,0.6000,0.6000,1.1000,0.04684464,0.08685777,0.13175060,0.00780744,0.00000000,0.35523850,0.48894090,2.34859000,0.00097680,0.00054945,0.00433455,0.02661780,3.68492900,3.29425800,1.81684800,1.10805800,0.60183090,1.09926600,0.79963290,0.80612860,3.30402600,3.30311000,0.79941320,4.79184000,4.81864000,0.00854700, 2, 255, 7, 24,0x50000,No,No,No,No,No,Yes,No,Yes
2026-04-11 11:25:43,6.8,1700,591,,591,602,44,,200,,,648,,63.7,0.8031,0.6000,0.6000,1.1000,0.04879650,0.08783370,0.12784680,0.00780744,0.00000000,0.35426260,0.49089280,1.80386000,0.00097680,0.00067155,0.00463980,0.02612940,3.68121700,3.31188900,1.82124300,1.10512700,0.60366240,1.09999900,0.79963290,0.80559140,3.30219400,3.30311000,0.79794790,4.82132000,4.81998000,0.00940170, 2, 255, 7, 24,0x50000,No,No,No,No,No,Yes,No,Yes
2026-04-11 11:25:45,6.8,1700,591,,591,602,44,,200,,,648,,63.1,0.8031,0.6000,0.6000,1.1000,0.04879650,0.09661707,0.13272650,0.00487965,0.00000000,0.35328660,0.49089280,1.81279000,0.00097680,0.00054945,0.00433455,0.02612940,3.67008200,3.30168200,1.78754400,1.10292900,0.60329610,1.09999900,0.79999920,0.80586010,3.30036300,3.30311000,0.79882700,4.78246000,4.82400000,0.00940170, 2, 255, 7, 24,0x50000,No,No,No,No,No,Yes,No,Yes
2026-04-11 11:25:47,6.7,1700,591,,591,602,44,,200,,,648,,63.7,0.8031,0.6000,0.6000,1.1000,0.04879650,0.09271335,0.13272650,0.01171116,0.00000000,0.35328660,0.49186870,1.80386000,0.00097680,0.00054945,0.00463980,0.02600730,3.67008200,3.31931300,1.81684800,1.10402800,0.60183090,1.09999900,0.79999920,0.80612860,3.30402600,3.30402600,0.79853400,4.82534000,4.82132000,0.00940170, 2, 255, 7, 24,0x50000,No,No,No,No,No,Yes,No,Yes
2026-04-11 11:25:49,6.5,1700,591,,591,602,44,,200,,,648,,64.8,0.8031,0.6000,0.6000,1.1000,0.04879650,0.09076149,0.13077460,0.02439825,0.00000000,0.36597380,0.49284470,1.83958000,0.00054945,0.00103785,0.00445665,0.02625150,3.68771300,3.31931300,1.81684800,1.10805800,0.60219720,1.09999900,0.79963290,0.80639730,3.30219400,3.30311000,0.79941320,4.82132000,4.79184000,0.00940170, 2, 255, 7, 24,0x50000,No,No,No,No,No,Yes,No,Yes
2026-04-11 11:25:52,6.8,1700,636,,636,653,44,,200,,,648,,64.2,0.8168,0.6000,0.6000,1.1000,0.04879650,0.08978556,0.12882280,0.07417068,0.00000000,0.37670900,0.49382060,1.81279000,0.00054945,0.00067155,0.00433455,0.02625150,3.67008200,3.31003300,1.78900900,1.10292900,0.60402870,1.09926600,0.79999920,0.80586010,3.30127900,3.30402600,0.79941320,4.81730000,4.82668000,0.00940170, 2, 255, 7, 24,0x50000,No,No,No,No,No,Yes,No,Yes
2026-04-11 11:25:54,6.8,1700,591,,591,602,44,,200,,,648,,63.7,0.8031,0.6000,0.6000,1.1000,0.05074836,0.08880963,0.13077460,0.00780744,0.00000000,0.35328660,0.49284470,1.81279000,0.00048840,0.00054945,0.00463980,0.02625150,3.68492900,3.31003300,1.81684800,1.10402800,0.60366240,1.09926600,0.79816780,0.80612860,3.30311000,3.30494200,0.79941320,4.79050000,4.82400000,0.00940170, 2, 255, 7, 24,0x50000,No,No,No,No,No,Yes,No,Yes
2026-04-11 11:25:56,7.0,1700,591,,591,602,44,,200,,,648,,65.3,0.8031,0.6000,0.6000,1.1000,0.04879650,0.09661707,0.13077460,0.00683151,0.00000000,0.35231080,0.48601320,2.36645000,0.00097680,0.00067155,0.00463980,0.02637360,3.68121700,3.31188900,1.82124300,1.10695900,0.60439500,1.10036500,0.79963290,0.80639730,3.30219400,3.30311000,0.79853400,4.82668000,4.77710000,0.00940170, 2, 255, 7, 24,0x50000,No,No,No,No,No,Yes,No,Yes
2026-04-11 11:25:58,6.8,1700,591,,591,602,44,,200,,,648,,64.8,0.8031,0.6000,0.6000,1.1000,0.05270022,0.09076149,0.12979870,0.00780744,0.00000000,0.35719040,0.48991690,1.80386000,0.00048840,0.00054945,0.00433455,0.02625150,3.68492900,3.30353800,1.78852100,1.10512700,0.60549390,1.10036500,0.80036550,0.80586010,3.30494200,3.30402600,0.79941320,4.82400000,4.78916000,0.00940170, 2, 255, 7, 24,0x50000,No,No,No,No,No,Yes,No,Yes
2026-04-11 11:26:00,7.0,1700,591,,591,602,44,,200,,,648,,64.2,0.8031,0.6000,0.6000,1.1000,0.04782057,0.08880963,0.13077460,0.00780744,0.00000000,0.35426260,0.49186870,1.82172000,0.00073260,0.00079365,0.00457875,0.02649570,3.66822600,3.29889800,1.78852100,1.10366200,0.60183090,1.09963300,0.79999920,0.80586010,3.30219400,3.30402600,0.79824100,4.78514000,4.82400000,0.00854700, 2, 255, 7, 24,0x50000,No,No,No,No,No,Yes,No,Yes
2026-04-11 11:26:02,6.8,1700,591,,591,602,44,,200,,,648,,65.3,0.8031,0.6000,0.6000,1.1000,0.04977243,0.08978556,0.12979870,0.00975930,0.00000000,0.35328660,0.49089280,1.82172000,0.00048840,0.00054945,0.00433455,0.02625150,3.68492900,3.30168200,1.78852100,1.10769100,0.60292980,1.09999900,0.79999920,0.80612860,3.30311000,3.30402600,0.79941320,4.82400000,4.78916000,0.00940170, 2, 255, 7, 24,0x50000,No,No,No,No,No,Yes,No,Yes
2026-04-11 11:26:04,7.0,1700,591,,591,602,44,,200,,,648,,65.3,0.8031,0.6000,0.6000,1.1000,0.04977243,0.09076149,0.13077460,0.00683151,0.00000000,0.35231080,0.48991690,1.83065000,0.00097680,0.00054945,0.00463980,0.02637360,3.68121700,3.30724900,1.81684800,1.10879000,0.60439500,1.10036500,0.79890030,0.80612860,3.29944700,3.30494200,0.79941320,4.82400000,4.82400000,0.00940170, 2, 255, 7, 24,0x50000,No,No,No,No,No,Yes,No,Yes
2026-04-11 11:26:07,6.7,1700,591,,591,602,44,,200,,,648,,64.8,0.8031,0.6000,0.6000,1.1000,0.04977243,0.08880963,0.13175060,0.00878337,0.00000000,0.35426260,0.49186870,1.81279000,0.00054945,0.00054945,0.00433455,0.02612940,3.67008200,3.30353800,1.81684800,1.10622600,0.60476130,1.09926600,0.79890030,0.80586010,3.30402600,3.30494200,0.79941320,4.82534000,4.82266000,0.00940170, 2, 255, 7, 24,0x50000,No,No,No,No,No,Yes,No,Yes
2026-04-11 11:26:09,6.8,1700,591,,591,602,44,,200,,,648,,64.2,0.8031,0.6000,0.6000,1.1000,0.04879650,0.08880963,0.13175060,0.01073523,0.00000000,0.37085340,0.48991690,1.81279000,0.00054945,0.00054945,0.00427350,0.02637360,3.68492900,3.30724900,1.78852100,1.10915600,0.60256350,1.10036500,0.79999920,0.80586010,3.30402600,3.30402600,0.79941320,4.78246000,4.82400000,0.00854700, 2, 255, 7, 24,0x50000,No,No,No,No,No,Yes,No,Yes
2026-04-11 11:26:11,7.0,1700,591,,591,602,44,,200,,,648,,65.9,0.8031,0.6000,0.6000,1.1000,0.04977243,0.08588185,0.12979870,0.00975930,0.00000000,0.35426260,0.49186870,1.89316000,0.00054945,0.00054945,0.00445665,0.02661780,3.68121700,3.30353800,1.81684800,1.10805800,0.60146460,1.10036500,0.79963290,0.80612860,3.30311000,3.30494200,0.79941320,4.82400000,4.77978000,0.00940170, 2, 255, 7, 24,0x50000,No,No,No,No,No,Yes,No,Yes
2026-04-11 11:26:13,7.0,1700,591,,591,602,44,,200,,,648,,65.3,0.8031,0.6000,0.6000,1.1000,0.04879650,0.08880963,0.12979870,0.00878337,0.00000000,0.35426260,0.49284470,1.82172000,0.00073260,0.00079365,0.00433455,0.02649570,3.67008200,3.30724900,1.78852100,1.10622600,0.60586020,1.09999900,0.79963290,0.80586010,3.30311000,3.30494200,0.79882700,4.82400000,4.81998000,0.00940170, 2, 255, 7, 24,0x50000,No,No,No,No,No,Yes,No,Yes
2026-04-11 11:26:15,6.7,1700,636,,636,653,44,,200,,,648,,65.3,0.8168,0.6000,0.6000,1.1000,0.04879650,0.08978556,0.13077460,0.00683151,0.00000000,0.36402190,0.49284470,2.37538000,0.00054945,0.00054945,0.00433455,0.02649570,3.68492900,3.30353800,1.78754400,1.10439400,0.60292980,1.09853400,0.79890030,0.80586010,3.29944700,3.30494200,0.79941320,4.80122000,4.81998000,0.00940170, 2, 255, 7, 24,0x50000,No,No,No,No,No,Yes,No,Yes
2026-04-11 11:26:17,6.8,1700,591,,591,602,44,,200,,,648,,64.2,0.8031,0.6000,0.6000,1.1000,0.05172429,0.08880963,0.13272650,0.00487965,0.00000000,0.35523850,0.48991690,1.82172000,0.00054945,0.00054945,0.00433455,0.02625150,3.68121700,3.30353800,1.81684800,1.10622600,0.60769170,1.10036500,0.79963290,0.80612860,3.30219400,3.30494200,0.79853400,4.82400000,4.82936000,0.00940170, 2, 255, 7, 24,0x50000,No,No,No,No,No,Yes,No,Yes
2026-04-11 11:26:19,6.8,1700,591,,591,602,44,,200,,,648,,65.3,0.8031,0.6000,0.6000,1.1000,0.05367615,0.09076149,0.13175060,0.01268709,0.00000000,0.35328660,0.49186870,1.83065000,0.00073260,0.00054945,0.00457875,0.02637360,3.67008200,3.30353800,1.81684800,1.10769100,0.60366240,1.10036500,0.79963290,0.80586010,3.30311000,3.30494200,0.79853400,4.82400000,4.82266000,0.00940170, 2, 255, 7, 24,0x50000,No,No,No,No,No,Yes,No,Yes
2026-04-11 11:26:22,6.8,1700,591,,591,602,44,,200,,,648,,65.3,0.8031,0.6000,0.6000,1.1000,0.04879650,0.09466522,0.12979870,0.00683151,0.00000000,0.35426260,0.49089280,2.37538000,0.00054945,0.00079365,0.00457875,0.02625150,3.68956900,3.30910500,1.78852100,1.11062200,0.60256350,1.10036500,0.79890030,0.80586010,3.30127900,3.30402600,0.79941320,4.78514000,4.82132000,0.00940170, 2, 255, 7, 24,0x50000,No,No,No,No,No,Yes,No,Yes
2026-04-11 11:26:24,6.8,1700,591,,591,602,44,,200,,,648,,65.3,0.8031,0.6000,0.6000,1.1000,0.04782057,0.08978556,0.13272650,0.02537418,0.00000000,0.35328660,0.48991690,1.83065000,0.00054945,0.00054945,0.00451770,0.02625150,3.66822600,3.30724900,1.78852100,1.10146400,0.60256350,1.10036500,0.79999920,0.80586010,3.30402600,3.30402600,0.79853400,4.82534000,4.82400000,0.00940170, 2, 255, 7, 24,0x50000,No,No,No,No,No,Yes,No,Yes
2026-04-11 11:26:26,6.5,1700,591,,591,602,44,,200,,,648,,65.3,0.8031,0.6000,0.6000,1.1000,0.05172429,0.08880963,0.13370240,0.00975930,0.00000000,0.35523850,0.48991690,2.36645000,0.00073260,0.00097680,0.00433455,0.02637360,3.68492900,3.31560100,1.81684800,1.10439400,0.60402870,1.09853400,0.79963290,0.80586010,3.30127900,3.30494200,0.79941320,4.81194000,4.77844000,0.00940170, 2, 255, 7, 24,0x50000,No,No,No,No,No,Yes,No,Yes
2026-04-11 11:26:28,6.8,1800,636,,591,602,43,,200,,,648,,65.9,0.8031,0.6000,0.6000,1.1000,0.04977243,0.09661707,0.13175060,0.00780744,0.00000000,0.35621450,0.48894090,2.39324000,0.00097680,0.00054945,0.00476190,0.02625150,3.67657700,3.30168200,1.78852100,1.10769100,0.60366240,1.10036500,0.79999920,0.80586010,3.30127900,3.30402600,0.79824100,4.79586000,4.80524000,0.00854700, 2, 255, 7, 24,0x50000,No,No,No,No,No,Yes,No,Yes
2026-04-11 11:26:30,6.8,1700,636,,636,653,43,,200,,,648,,63.7,0.8168,0.6000,0.6000,1.1000,0.04879650,0.08978556,0.13272650,0.00975930,0.00000000,0.35328660,0.49382060,2.35752000,0.00054945,0.00054945,0.00433455,0.02637360,3.68492900,3.30724900,1.78754400,1.10952300,0.60549390,1.09926600,0.79999920,0.80586010,3.30219400,3.30402600,0.79824100,4.81730000,4.79050000,0.00940170, 2, 255, 7, 24,0x50000,No,No,No,No,No,Yes,No,Yes
2026-04-11 11:26:32,7.0,1700,591,,591,602,44,,200,,,648,,64.8,0.8031,0.6000,0.6000,1.1000,0.05074836,0.09076149,0.13175060,0.00975930,0.00000000,0.35523850,0.49186870,1.83065000,0.00054945,0.00054945,0.00457875,0.02649570,3.68400100,3.30724900,1.78900900,1.10622600,0.60402870,1.09926600,0.79999920,0.80586010,3.30402600,3.30402600,0.79824100,4.82400000,4.81194000,0.00940170, 2, 255, 7, 24,0x50000,No,No,No,No,No,Yes,No,Yes
2026-04-11 11:26:34,6.7,1700,591,,591,602,44,,200,,,648,,65.9,0.8168,0.6000,0.6000,1.1000,0.05172429,0.09076149,0.13370240,0.00878337,0.00000000,0.35328660,0.48991690,1.87530000,0.00048840,0.00073260,0.00494505,0.02649570,3.67750600,3.30168200,1.80024200,1.10769100,0.60366240,1.09999900,0.79963290,0.82090280,3.30311000,3.30402600,0.79970620,4.81194000,4.77576000,0.00940170, 2, 255, 7, 24,0x50000,No,No,No,No,No,Yes,No,Yes
2026-04-11 11:26:37,6.8,1700,591,,591,602,44,,200,,,648,,65.9,0.8031,0.6000,0.6000,1.1000,0.04879650,0.08880963,0.13175060,0.07221882,0.00000000,0.36597380,0.49479650,1.83065000,0.00054945,0.00054945,0.00457875,0.02637360,3.66822600,3.31560100,1.79926600,1.10622600,0.60183090,1.10036500,0.79999920,0.80586010,3.30036300,3.30311000,0.79824100,4.81998000,4.81462000,0.00940170, 2, 255, 7, 24,0x50000,No,No,No,No,No,Yes,No,Yes
2026-04-11 11:26:39,6.5,1700,591,,591,602,44,,200,,,648,,65.9,0.8031,0.6000,0.6000,1.1000,0.04977243,0.08880963,0.13175060,0.00878337,0.00000000,0.35328660,0.49284470,2.38431000,0.00048840,0.00054945,0.00476190,0.02637360,3.68492900,3.30353800,1.78852100,1.10769100,0.60476130,1.09999900,0.79963290,0.80612860,3.30402600,3.30402600,0.79853400,4.78514000,4.82266000,0.00854700, 2, 255, 7, 24,0x50000,No,No,No,No,No,Yes,No,Yes
2026-04-11 11:26:41,6.8,1700,591,,591,602,44,,200,,,648,,64.8,0.8031,0.6000,0.6000,1.1000,0.05074836,0.09368929,0.13175060,0.00975930,0.00000000,0.36499780,0.49186870,1.83065000,0.00097680,0.00054945,0.00433455,0.02612940,3.68492900,3.30724900,1.78852100,1.10879000,0.60402870,1.09999900,0.80036550,0.80612860,3.30127900,3.30402600,0.79853400,4.82400000,4.78380000,0.00940170, 2, 255, 7, 24,0x50000,No,No,No,No,No,Yes,No,Yes
2026-04-11 11:26:43,6.8,1700,591,,591,602,44,,200,,,648,,65.9,0.8031,0.6000,0.6000,1.1000,0.05074836,0.09076149,0.12979870,0.00878337,0.00000000,0.35231080,0.49284470,1.83065000,0.00097680,0.00103785,0.00433455,0.02661780,3.68028900,3.30353800,1.81684800,1.10805800,0.60366240,1.10036500,0.80036550,0.80586010,3.30402600,3.30402600,0.79882700,4.81730000,4.82132000,0.00854700, 2, 255, 7, 24,0x50000,No,No,No,No,No,Yes,No,Yes
2026-04-11 11:26:45,6.8,1700,591,,591,602,44,,200,,,648,,64.2,0.8031,0.6000,0.6000,1.1000,0.05172429,0.09368929,0.12784680,0.00878337,0.00000000,0.35426260,0.49089280,2.42003000,0.00073260,0.00073260,0.00500610,0.02625150,3.68307300,3.29982600,1.80024200,1.10402800,0.60476130,1.09926600,0.79999920,0.80586010,3.30402600,3.30402600,0.79824100,4.80122000,4.82132000,0.00940170, 2, 255, 7, 24,0x50000,No,No,No,No,No,Yes,No,Yes
2026-04-11 11:26:47,7.5,1700,591,,591,602,44,,200,,,648,,67.0,0.8031,0.6000,0.6000,1.1000,0.04879650,0.08880963,0.13175060,0.04294092,0.00000000,0.35426260,0.48894090,1.84851000,0.00073260,0.00079365,0.00451770,0.02612940,3.66637000,3.30168200,1.81684800,1.10805800,0.60439500,1.09963300,0.79963290,0.80612860,3.30311000,3.30494200,0.79941320,4.82132000,4.81864000,0.00940170, 2, 255, 7, 24,0x50000,No,No,No,No,No,Yes,No,Yes
2026-04-11 11:26:49,6.8,1700,591,,591,602,44,,200,,,648,,66.4,0.8031,0.6000,0.6000,1.1000,0.05953173,0.08978556,0.13272650,0.01073523,0.00000000,0.35328660,0.48894090,1.84851000,0.00097680,0.00079365,0.00433455,0.02649570,3.68214500,3.30168200,1.80024200,1.10292900,0.60366240,1.09926600,0.79926660,0.80586010,3.30219400,3.30585700,0.79882700,4.81864000,4.79184000,0.00940170, 2, 255, 7, 24,0x50000,No,No,No,No,No,Yes,No,Yes
2026-04-11 11:26:52,6.8,1700,591,,591,602,44,,200,,,648,,64.2,0.8031,0.6000,0.6000,1.1000,0.04977243,0.08880963,0.13272650,0.01171116,0.00000000,0.35621450,0.49186870,1.85744000,0.00054945,0.00054945,0.00457875,0.02625150,3.68492900,3.30168200,1.79535800,1.10146400,0.60476130,1.09926600,0.79999920,0.80612860,3.30127900,3.30402600,0.79853400,4.78514000,4.82668000,0.00940170, 2, 255, 7, 24,0x50000,No,No,No,No,No,Yes,No,Yes
2026-04-11 11:26:54,6.8,1700,591,,591,602,44,,200,,,648,,65.9,0.8031,0.6000,0.6000,1.1000,0.04586871,0.08880963,0.13370240,0.00683151,0.00000000,0.35231080,0.49284470,1.85744000,0.00073260,0.00073260,0.00457875,0.02625150,3.67936100,3.32580900,1.79926600,1.10586000,0.60476130,1.10036500,0.79999920,0.80586010,3.30402600,3.30402600,0.79882700,4.81730000,4.81194000,0.00940170, 2, 255, 7, 24,0x50000,No,No,No,No,No,Yes,No,Yes
2026-04-11 11:26:56,7.0,1800,636,,591,602,43,,200,,,648,,66.4,0.8031,0.6000,0.6000,1.1000,0.04879650,0.09076149,0.13077460,0.00975930,0.00000000,0.35133480,0.48991690,1.83958000,0.00097680,0.00103785,0.00463980,0.02649570,3.68028900,3.31096100,1.81733600,1.10439400,0.60476130,1.09999900,0.79963290,0.80612860,3.29944700,3.30494200,0.79853400,4.82400000,4.77710000,0.00940170, 2, 255, 7, 24,0x50000,No,No,No,No,No,Yes,No,Yes
2026-04-11 11:26:58,7.0,1700,591,,591,602,44,,200,,,648,,65.3,0.8031,0.6000,0.6000,1.1000,0.04977243,0.08880963,0.13077460,0.13663020,0.00000000,0.35523850,0.49089280,1.83958000,0.00048840,0.00054945,0.00433455,0.02612940,3.66637000,3.30353800,1.81684800,1.10146400,0.60439500,1.09999900,0.79816780,0.80586010,3.29944700,3.30494200,0.79941320,4.81194000,4.81864000,0.00940170, 2, 255, 7, 24,0x50000,No,No,No,No,No,Yes,No,Yes
2026-04-11 11:27:00,6.8,1700,591,,636,653,44,,200,,,648,,65.9,0.8168,0.6000,0.6000,1.1000,0.04879650,0.08685777,0.13077460,0.01073523,0.00000000,0.35231080,0.48991690,1.91102000,0.00054945,0.00067155,0.00463980,0.02612940,3.68028900,3.29518600,1.79389300,1.10769100,0.60292980,1.09926600,0.79963290,0.82117140,3.30311000,3.30494200,0.79941320,4.81194000,4.77844000,0.00854700, 2, 255, 7, 24,0x50000,No,No,No,No,No,Yes,No,Yes
2026-04-11 11:27:02,7.0,1700,591,,591,602,44,,200,,,648,,64.8,0.8031,0.6000,0.6000,1.1000,0.05172429,0.09271335,0.12882280,0.00780744,0.00000000,0.35426260,0.49089280,1.91995000,0.00048840,0.00073260,0.00457875,0.02649570,3.68214500,3.30168200,1.79828900,1.10695900,0.60512760,1.10036500,0.79963290,0.82036550,3.30219400,3.30311000,0.79794790,4.81596000,4.81462000,0.00940170, 2, 255, 7, 24,0x50000,No,No,No,No,No,Yes,No,Yes
2026-04-11 11:27:04,6.8,1700,591,,591,602,44,,200,,,648,,64.8,0.8031,0.6000,0.6000,1.1000,0.05367615,0.08783370,0.13077460,0.00878337,0.00000000,0.35426260,0.49186870,1.85744000,0.00097680,0.00103785,0.00463980,0.02612940,3.67750600,3.29518600,1.81684800,1.10439400,0.60402870,1.10036500,0.80036550,0.80586010,3.30311000,3.30402600,0.79941320,4.78514000,4.82132000,0.00940170, 2, 255, 7, 24,0x50000,No,No,No,No,No,Yes,No,Yes
2026-04-11 11:27:07,6.8,1700,591,,591,602,44,,200,,,648,,64.8,0.8031,0.6000,0.6000,1.1000,0.04977243,0.08685777,0.13175060,0.00878337,0.00000000,0.35231080,0.49284470,2.42003000,0.00097680,0.00067155,0.00463980,0.02612940,3.67379400,3.30353800,1.81733600,1.10805800,0.60366240,1.09999900,0.79890030,0.80612860,3.30219400,3.30494200,0.79941320,4.81194000,4.77844000,0.00940170, 2, 255, 7, 24,0x50000,No,No,No,No,No,Yes,No,Yes
2026-04-11 11:27:09,6.8,1700,591,,591,602,44,,200,,,648,,65.3,0.8031,0.6000,0.6000,1.1000,0.04879650,0.08685777,0.13175060,0.00585558,0.00000000,0.35231080,0.49089280,1.84851000,0.00097680,0.00067155,0.00433455,0.02625150,3.68400100,3.31467300,1.78852100,1.10915600,0.60109830,1.09999900,0.79890030,0.80586010,3.30127900,3.30402600,0.79882700,4.82400000,4.82668000,0.00940170, 2, 255, 7, 24,0x50000,No,No,No,No,No,Yes,No,Yes
2026-04-11 11:27:11,6.8,1700,591,,591,602,44,,200,,,648,,65.3,0.8031,0.6000,0.6000,1.1000,0.04977243,0.09076149,0.13272650,0.01268709,0.00000000,0.36792560,0.49186870,1.84851000,0.00073260,0.00073260,0.00451770,0.02600730,3.66729800,3.32580900,1.80024200,1.10586000,0.60329610,1.10036500,0.80036550,0.80586010,3.30402600,3.30402600,0.79824100,4.81730000,4.82400000,0.00940170, 2, 255, 7, 24,0x50000,No,No,No,No,No,Yes,No,Yes
2026-04-11 11:27:13,7.0,1700,591,,636,653,43,,200,,,648,,66.4,0.8168,0.6000,0.6000,1.1000,0.05270022,0.09076149,0.13077460,0.01073523,0.00000000,0.35328660,0.49284470,1.91995000,0.00048840,0.00073260,0.00494505,0.02637360,3.65987400,3.29982600,1.80024200,1.10219700,0.60476130,1.10036500,0.79853400,0.82036550,3.30219400,3.30585700,0.79882700,4.81328000,4.81060000,0.00940170, 2, 255, 7, 24,0x50000,No,No,No,No,No,Yes,No,Yes
2026-04-11 11:27:15,6.8,1700,591,,591,602,44,,200,,,648,,66.4,0.8031,0.6000,0.6000,1.1000,0.04977243,0.08880963,0.13077460,0.00975930,0.00000000,0.36402190,0.49089280,1.85744000,0.00073260,0.00067155,0.00463980,0.02637360,3.66822600,3.29518600,1.81684800,1.10769100,0.60329610,1.10036500,0.79963290,0.80612860,3.30219400,3.30494200,0.79794790,4.81596000,4.81998000,0.00940170, 2, 255, 7, 24,0x50000,No,No,No,No,No,Yes,No,Yes
2026-04-11 11:27:17,6.7,1700,591,,591,602,44,,200,,,648,,65.3,0.8031,0.6000,0.6000,1.1000,0.05562801,0.09173742,0.13077460,0.00878337,0.00000000,0.35328660,0.49284470,2.42003000,0.00054945,0.00054945,0.00457875,0.02625150,3.67750600,3.29982600,1.79926600,1.10476100,0.60183090,1.10036500,0.79999920,0.80586010,3.30402600,3.30311000,0.79882700,4.78514000,4.82534000,0.00854700, 2, 255, 7, 24,0x50000,No,No,No,No,No,Yes,No,Yes
2026-04-11 11:27:19,6.8,1700,591,,636,653,43,,200,,,648,,66.4,0.8168,0.6000,0.6000,1.1000,0.04879650,0.08978556,0.13272650,0.00780744,0.00000000,0.35426260,0.49089280,1.91995000,0.00054945,0.00073260,0.00494505,0.02637360,3.66080200,3.32952100,1.80024200,1.10402800,0.60402870,1.09999900,0.79963290,0.82090280,3.30219400,3.30311000,0.79912020,4.81596000,4.81328000,0.00854700, 2, 255, 7, 24,0x50000,No,No,No,No,No,Yes,No,Yes
2026-04-11 11:27:22,6.8,1700,591,,591,602,44,,200,,,648,,64.8,0.8031,0.6000,0.6000,1.1000,0.05074836,0.09466522,0.13272650,0.00683151,0.00000000,0.35426260,0.49284470,2.39324000,0.00048840,0.00054945,0.00433455,0.02625150,3.67750600,3.30724900,1.81684800,1.10915600,0.60292980,1.09926600,0.79999920,0.80612860,3.30311000,3.30494200,0.79912020,4.81194000,4.77978000,0.00940170, 2, 255, 7, 24,0x50000,No,No,No,No,No,Yes,No,Yes
2026-04-11 11:27:24,6.8,1700,591,,591,602,44,,200,,,648,,67.0,0.8031,0.6000,0.6000,1.1000,0.04782057,0.09271335,0.13077460,0.00683151,0.00000000,0.35328660,0.49186870,1.85744000,0.00073260,0.00073260,0.00457875,0.02625150,3.68214500,3.32952100,1.79828900,1.10659200,0.60476130,1.10036500,0.79853400,0.80586010,3.30219400,3.30585700,0.79882700,4.81462000,4.82400000,0.00940170, 2, 255, 7, 24,0x50000,No,No,No,No,No,Yes,No,Yes
2026-04-11 11:27:26,7.2,1800,636,,636,602,44,,200,,,648,,65.3,0.8031,0.6000,0.6000,1.1000,0.04977243,0.09271335,0.13175060,0.00878337,0.00000000,0.36597380,0.48698910,2.38431000,0.00073260,0.00079365,0.00451770,0.02625150,3.67750600,3.30724900,1.78852100,1.10622600,0.60402870,1.09999900,0.80036550,0.80586010,3.30402600,3.30402600,0.79824100,4.81730000,4.78112000,0.00940170, 2, 255, 7, 24,0x50000,No,No,No,No,No,Yes,No,Yes
2026-04-11 11:27:28,6.8,1700,591,,591,602,44,,200,,,648,,66.4,0.8031,0.6000,0.6000,1.1000,0.05172429,0.08978556,0.13077460,0.00975930,0.00000000,0.35328660,0.48991690,1.86637000,0.00054945,0.00054945,0.00476190,0.02649570,3.67750600,3.30910500,1.78852100,1.10732500,0.60256350,1.09999900,0.79999920,0.80586010,3.30402600,3.30402600,0.79824100,4.82400000,4.80122000,0.00940170, 2, 255, 7, 24,0x50000,No,No,No,No,No,Yes,No,Yes
2026-04-11 11:27:30,6.8,1700,591,,591,602,44,,200,,,648,,64.8,0.8031,0.6000,0.6000,1.1000,0.05074836,0.09368929,0.13175060,0.01171116,0.00000000,0.35328660,0.49186870,1.85744000,0.00097680,0.00067155,0.00433455,0.02637360,3.66729800,3.30724900,1.79926600,1.10549400,0.60549390,1.10036500,0.79853400,0.80586010,3.30219400,3.30585700,0.79882700,4.81998000,4.81194000,0.00854700, 2, 255, 7, 24,0x50000,No,No,No,No,No,Yes,No,Yes
2026-04-11 11:27:32,6.3,1800,636,,636,653,44,,200,,,648,,65.3,0.8031,0.6000,0.6000,1.1000,0.04977243,0.09076149,0.13175060,0.00780744,0.00000000,0.35328660,0.48894090,1.88423000,0.00054945,0.00054945,0.00433455,0.02625150,3.67750600,3.30724900,1.78900900,1.10622600,0.60695910,1.10036500,0.79999920,0.80586010,3.30402600,3.30402600,0.79941320,4.81462000,4.80122000,0.00940170, 2, 255, 7, 24,0x50000,No,No,No,No,No,Yes,No,Yes
2026-04-11 11:27:34,6.8,1700,591,,591,602,44,,200,,,648,,67.5,0.8168,0.6000,0.6000,1.1000,0.05172429,0.12589500,0.16102850,0.00780744,0.00000000,0.35523850,0.49186870,2.53612000,0.00054945,0.00073260,0.00488400,0.02612940,3.67008200,3.30168200,1.80024200,1.10622600,0.60512760,1.10109800,0.79816780,0.82090280,3.30311000,3.30494200,0.79912020,4.75968000,4.79720000,0.00940170, 2, 255, 7, 24,0x50000,No,No,No,No,No,Yes,No,Yes
2026-04-11 11:27:37,7.0,1700,591,,591,602,44,,200,,,648,,66.4,0.8168,0.6000,0.6000,1.1000,0.05074836,0.08685777,0.13077460,0.00780744,0.00000000,0.36597380,0.49186870,1.92888000,0.00054945,0.00073260,0.00494505,0.02625150,3.67843300,3.32580900,1.80024200,1.10805800,0.60732540,1.09999900,0.79963290,0.82117140,3.30311000,3.30402600,0.79941320,4.81194000,4.81596000,0.00940170, 2, 255, 7, 24,0x50000,No,No,No,No,No,Yes,No,Yes
2026-04-11 11:27:39,7.0,1700,591,,591,602,44,,200,,,648,,66.4,0.8031,0.6000,0.6000,1.1000,0.05074836,0.09271335,0.12979870,0.00878337,0.00000000,0.35328660,0.49382060,2.42896000,0.00073260,0.00073260,0.00500610,0.02612940,3.68214500,3.29889800,1.80024200,1.10622600,0.60402870,1.10036500,0.79999920,0.80586010,3.30127900,3.30402600,0.79824100,4.78514000,4.81060000,0.00940170, 2, 255, 7, 24,0x50000,No,No,No,No,No,Yes,No,Yes
2026-04-11 11:27:41,6.8,1700,591,,591,602,44,,200,,,648,,65.3,0.8031,0.6000,0.6000,1.1000,0.04977243,0.08880963,0.13077460,0.00585558,0.00000000,0.35523850,0.49089280,1.87530000,0.00054945,0.00061050,0.00451770,0.02661780,3.66080200,3.30168200,1.80024200,1.10915600,0.60329610,1.10036500,0.79890030,0.80586010,3.30219400,3.30402600,0.79941320,4.81864000,4.82400000,0.00940170, 2, 255, 7, 24,0x50000,No,No,No,No,No,Yes,No,Yes
2026-04-11 11:27:43,7.0,1800,636,,636,653,44,,200,,,648,,65.9,0.8031,0.6000,0.6000,1.1000,0.05172429,0.09076149,0.13175060,0.00878337,0.00000000,0.36499780,0.49186870,1.87530000,0.00073260,0.00054945,0.00433455,0.02637360,3.68214500,3.31560100,1.81684800,1.10622600,0.60476130,1.09999900,0.79963290,0.80612860,3.30311000,3.30494200,0.79941320,4.81194000,4.82132000,0.00940170, 2, 255, 7, 24,0x50000,No,No,No,No,No,Yes,No,Yes
2026-04-11 11:27:45,6.8,1800,636,,636,653,44,,200,,,648,,65.3,0.8031,0.6000,0.6000,1.1000,0.04782057,0.09661707,0.13077460,0.00780744,0.00000000,0.35523850,0.49089280,1.87530000,0.00073260,0.00054945,0.00457875,0.02649570,3.68492900,3.31560100,1.78852100,1.10769100,0.60036570,1.10036500,0.80036550,0.80612860,3.29944700,3.30402600,0.79882700,4.81730000,4.78380000,0.00854700, 2, 255, 7, 24,0x50000,No,No,No,No,No,Yes,No,Yes
2026-04-11 11:27:47,6.8,1700,591,,591,602,44,,200,,,648,,66.4,0.8031,0.6000,0.6000,1.1000,0.04586871,0.09076149,0.13175060,0.00683151,0.00000000,0.35426260,0.48991690,1.87530000,0.00073260,0.00067155,0.00463980,0.02637360,3.68121700,3.31931300,1.81684800,1.10512700,0.60769170,1.09926600,0.80036550,0.80612860,3.29944700,3.30402600,0.79941320,4.80658000,4.81864000,0.00940170, 2, 255, 7, 24,0x50000,No,No,No,No,No,Yes,No,Yes
2026-04-11 11:27:49,6.7,1700,591,,591,602,44,,200,,,648,,66.4,0.8031,0.6000,0.6000,1.1000,0.04977243,0.08685777,0.12979870,0.00975930,0.00000000,0.35426260,0.49186870,1.88423000,0.00097680,0.00103785,0.00433455,0.02612940,3.66729800,3.30353800,1.81684800,1.10622600,0.60329610,1.09999900,0.79999920,0.80586010,3.30219400,3.30402600,0.79824100,4.77442000,4.82132000,0.00940170, 2, 255, 7, 24,0x50000,No,No,No,No,No,Yes,No,Yes
2026-04-11 11:27:52,6.8,1700,591,,591,602,44,,200,,,648,,67.5,0.8031,0.6000,0.6000,1.1000,0.05172429,0.09076149,0.12882280,0.01073523,0.00000000,0.35523850,0.48894090,1.86637000,0.00097680,0.00103785,0.00433455,0.02612940,3.67750600,3.29889800,1.78852100,1.10805800,0.60695910,1.09999900,0.79999920,0.80586010,3.30402600,3.30402600,0.79882700,4.81730000,4.79988000,0.00854700, 2, 255, 7, 24,0x50000,No,No,No,No,No,Yes,No,Yes
2026-04-11 11:27:54,7.0,1800,636,,636,653,44,,200,,,648,,66.4,0.8031,0.6000,0.6000,1.1000,0.05172429,0.08880963,0.13077460,0.00975930,0.00000000,0.36304600,0.49089280,1.88423000,0.00097680,0.00054945,0.00427350,0.02612940,3.67750600,3.29518600,1.81684800,1.10402800,0.60622650,1.10036500,0.79999920,0.80586010,3.30127900,3.30402600,0.79853400,4.81730000,4.82132000,0.00854700, 2, 255, 7, 24,0x50000,No,No,No,No,No,Yes,No,Yes
2026-04-11 11:27:56,7.0,1700,591,,591,602,44,,200,,,648,,65.3,0.8031,0.6000,0.6000,1.1000,0.04977243,0.08978556,0.13077460,0.01171116,0.00000000,0.35426260,0.49186870,1.92888000,0.00073260,0.00054945,0.00457875,0.02625150,3.68121700,3.30724900,1.81684800,1.10476100,0.60183090,1.10036500,0.79963290,0.80612860,3.30311000,3.30494200,0.79941320,4.78514000,4.81864000,0.00940170, 2, 255, 7, 24,0x50000,No,No,No,No,No,Yes,No,Yes
2026-04-11 11:27:58,6.8,1700,591,,591,602,44,,200,,,648,,65.3,0.8031,0.6000,0.6000,1.1000,0.04977243,0.09076149,0.13370240,0.00975930,0.00000000,0.35523850,0.48503720,2.40217000,0.00097680,0.00067155,0.00433455,0.02625150,3.67750600,3.30168200,1.79926600,1.10366200,0.60476130,1.09999900,0.79926660,0.80586010,3.30219400,3.30311000,0.79882700,4.81462000,4.78514000,0.00940170, 2, 255, 7, 24,0x50000,No,No,No,No,No,Yes,No,Yes
2026-04-11 11:28:00,6.8,1700,591,,591,602,44,,200,,,648,,66.4,0.8031,0.6000,0.6000,1.1000,0.05465208,0.09076149,0.13175060,0.00878337,0.00000000,0.35231080,0.49089280,1.87530000,0.00073260,0.00067155,0.00451770,0.02612940,3.67379400,3.30446500,1.81733600,1.10512700,0.60512760,1.10109800,0.79963290,0.80559140,3.30311000,3.30494200,0.79794790,4.82132000,4.78246000,0.00940170, 2, 255, 7, 24,0x50000,No,No,No,No,No,Yes,No,Yes
2026-04-11 11:28:02,6.8,1700,591,,591,602,44,,200,,,648,,67.0,0.8031,0.6000,0.6000,1.1000,0.04879650,0.08880963,0.13077460,0.02635011,0.00000000,0.37573300,0.49089280,1.88423000,0.00073260,0.00073260,0.00457875,0.02625150,3.66451400,3.31281700,1.80024200,1.10402800,0.60476130,1.09963300,0.79999920,0.80586010,3.30402600,3.30311000,0.79824100,4.81462000,4.81194000,0.00940170, 2, 255, 7, 24,0x50000,No,No,No,No,No,Yes,No,Yes
2026-04-11 11:28:04,6.8,1700,591,,591,602,44,,200,,,648,,66.4,0.8031,0.6000,0.6000,1.1000,0.04977243,0.09076149,0.12784680,0.00585558,0.00000000,0.35426260,0.49186870,1.88423000,0.00048840,0.00054945,0.00457875,0.02637360,3.67750600,3.31188900,1.81684800,1.10879000,0.60476130,1.09999900,0.79816780,0.80639730,3.30311000,3.30494200,0.79941320,4.82400000,4.77978000,0.00940170, 2, 255, 7, 24,0x50000,No,No,No,No,No,Yes,No,Yes
2026-04-11 11:28:07,6.8,1700,591,,591,602,44,,200,,,648,,68.1,0.8168,0.6000,0.6000,1.1000,0.05172429,0.08880963,0.12979870,0.00975930,0.00000000,0.35231080,0.49089280,1.93781000,0.00073260,0.00073260,0.00457875,0.02625150,3.67565000,3.29982600,1.80024200,1.10402800,0.60366240,1.09926600,0.79926660,0.82036550,3.30036300,3.30402600,0.79853400,4.80122000,4.77442000,0.00940170, 2, 255, 7, 24,0x50000,No,No,No,No,No,Yes,No,Yes
2026-04-11 11:28:09,6.7,1700,591,,591,602,44,,200,,,648,,67.5,0.8031,0.6000,0.6000,1.1000,0.05074836,0.08978556,0.13370240,0.01171116,0.00000000,0.35621450,0.49186870,1.87530000,0.00073260,0.00103785,0.00451770,0.02625150,3.66729800,3.30353800,1.78852100,1.10439400,0.60366240,1.09963300,0.79963290,0.80612860,3.30311000,3.30402600,0.79941320,4.81328000,4.82132000,0.00854700, 2, 255, 7, 24,0x50000,No,No,No,No,No,Yes,No,Yes
2026-04-11 11:28:11,6.8,1700,591,,591,602,44,,200,,,648,,67.0,0.8031,0.6000,0.6000,1.1000,0.05172429,0.08978556,0.13077460,0.00975930,0.00000000,0.35133480,0.49382060,1.89316000,0.00097680,0.00103785,0.00457875,0.02612940,3.67379400,3.30724900,1.78852100,1.10732500,0.60402870,1.09999900,0.79999920,0.80586010,3.30036300,3.30402600,0.79853400,4.81730000,4.78514000,0.00940170, 2, 255, 7, 24,0x50000,No,No,No,No,No,Yes,No,Yes
2026-04-11 11:28:13,7.0,1700,591,,591,602,44,,200,,,648,,67.0,0.8168,0.6000,0.6000,1.1000,0.05074836,0.09173742,0.13077460,0.00780744,0.00000000,0.35426260,0.49089280,1.94674000,0.00073260,0.00073260,0.00457875,0.02612940,3.67843300,3.32580900,1.80610300,1.10622600,0.60659280,1.10183000,0.79926660,0.82036550,3.30219400,3.30402600,0.79882700,4.81328000,4.77174000,0.00940170, 2, 255, 7, 24,0x50000,No,No,No,No,No,Yes,No,Yes
2026-04-11 11:28:15,6.8,1700,591,,591,602,44,,200,,,648,,67.0,0.8031,0.6000,0.6000,1.1000,0.05270022,0.08880963,0.13175060,0.01073523,0.00000000,0.36402190,0.48894090,2.44682000,0.00073260,0.00079365,0.00488400,0.02625150,3.67750600,3.30910500,1.78852100,1.10769100,0.60402870,1.09963300,0.80036550,0.80612860,3.30219400,3.30402600,0.79941320,4.78246000,4.82132000,0.00854700, 2, 255, 7, 24,0x50000,No,No,No,No,No,Yes,No,Yes
2026-04-11 11:28:17,6.8,1800,636,,636,653,44,,200,,,648,,65.9,0.8031,0.6000,0.6000,1.1000,0.05074836,0.08783370,0.13077460,0.00683151,0.00000000,0.35426260,0.49186870,1.87530000,0.00097680,0.00061050,0.00494505,0.02612940,3.65987400,3.30168200,1.79926600,1.10292900,0.60146460,1.09999900,0.79926660,0.80586010,3.30219400,3.30219400,0.79882700,4.77710000,4.81730000,0.00940170, 2, 255, 7, 24,0x50000,No,No,No,No,No,Yes,No,Yes
2026-04-11 11:28:19,6.5,1700,591,,591,602,44,,200,,,648,,68.1,0.8031,0.6000,0.6000,1.1000,0.04977243,0.08880963,0.13272650,0.01073523,0.00000000,0.35426260,0.49382060,1.88423000,0.00073260,0.00073260,0.00457875,0.02612940,3.67936100,3.30168200,1.79926600,1.10622600,0.60549390,1.09999900,0.80036550,0.80586010,3.30127900,3.30402600,0.79853400,4.81730000,4.78648000,0.00854700, 2, 255, 7, 24,0x50000,No,No,No,No,No,Yes,No,Yes
2026-04-11 11:28:22,6.8,1800,636,,636,602,43,,200,,,648,,65.9,0.8031,0.6000,0.6000,1.1000,0.04977243,0.12589500,0.16200440,0.01073523,0.00000000,0.35426260,0.49479650,1.87530000,0.00073260,0.00073260,0.00457875,0.02625150,3.66822600,3.30168200,1.80024200,1.10622600,0.60622650,1.09853400,0.79999920,0.80586010,3.30127900,3.30402600,0.79824100,4.79854000,4.76772000,0.00940170, 2, 255, 7, 24,0x50000,No,No,No,No,No,Yes,No,Yes
2026-04-11 11:28:24,7.0,1700,591,,591,602,44,,200,,,648,,66.4,0.8031,0.6000,0.6000,1.1000,0.05172429,0.09076149,0.13077460,0.00780744,0.00000000,0.35426260,0.49186870,1.88423000,0.00097680,0.00103785,0.00463980,0.02612940,3.65894600,3.31188900,1.81684800,1.10805800,0.60476130,1.09999900,0.79890030,0.80666590,3.30127900,3.30494200,0.79941320,4.81194000,4.82132000,0.00854700, 2, 255, 7, 24,0x50000,No,No,No,No,No,Yes,No,Yes
2026-04-11 11:28:26,6.5,1700,591,,591,602,44,,200,,,648,,67.0,0.8031,0.6000,0.6000,1.1000,0.04977243,0.09076149,0.13467840,0.00975930,0.00000000,0.35523850,0.49186870,2.44682000,0.00073260,0.00054945,0.00451770,0.02625150,3.67750600,3.30724900,1.78852100,1.10695900,0.60439500,1.10036500,0.80036550,0.80612860,3.30402600,3.30402600,0.79941320,4.78246000,4.82132000,0.00940170, 2, 255, 7, 24,0x50000,No,No,No,No,No,Yes,No,Yes
2026-04-11 11:28:28,6.8,1700,591,,591,602,44,,200,,,648,,67.0,0.8031,0.6000,0.6000,1.1000,0.05172429,0.08783370,0.13077460,0.00878337,0.00000000,0.35426260,0.48991690,1.88423000,0.00073260,0.00073260,0.00457875,0.02637360,3.67565000,3.30168200,1.80024200,1.10146400,0.60476130,1.10036500,0.79999920,0.80586010,3.30402600,3.30402600,0.79853400,4.81462000,4.81194000,0.00940170, 2, 255, 7, 24,0x50000,No,No,No,No,No,Yes,No,Yes
2026-04-11 11:28:30,6.8,1700,591,,591,602,44,,200,,,648,,65.9,0.8031,0.6000,0.6000,1.1000,0.05074836,0.08978556,0.13272650,0.00975930,0.03333360,0.35523850,0.48991690,1.86637000,0.00048840,0.00054945,0.00433455,0.02625150,3.66265800,3.31003300,1.78852100,1.10146400,0.60476130,1.09926600,0.79999920,0.80612860,3.30402600,3.30402600,0.79941320,4.81730000,4.81596000,0.00940170, 2, 255, 7, 24,0x50000,No,No,No,No,No,Yes,No,Yes
2026-04-11 11:28:32,6.8,1700,591,,591,602,44,,200,,,648,,67.0,0.8031,0.6000,0.6000,1.1000,0.04684464,0.09076149,0.12979870,0.00878337,0.00000000,0.37573300,0.49577240,1.89316000,0.00067155,0.00067155,0.00463980,0.02612940,3.68028900,3.31188900,1.82124300,1.10146400,0.60402870,1.10036500,0.79963290,0.80586010,3.30219400,3.30311000,0.79794790,4.82132000,4.81864000,0.00940170, 2, 255, 7, 24,0x50000,No,No,No,No,No,Yes,No,Yes
2026-04-11 11:28:34,6.8,1700,591,,591,602,44,,200,,,648,,67.5,0.8168,0.6000,0.6000,1.1000,0.05367615,0.08880963,0.12979870,0.00878337,0.00000000,0.35231080,0.49186870,1.95567000,0.00073260,0.00073260,0.00494505,0.02600730,3.67472200,3.32766400,1.80610300,1.10292900,0.60549390,1.10073200,0.79926660,0.82036550,3.30219400,3.30311000,0.79912020,4.81060000,4.77174000,0.00940170, 2, 255, 7, 24,0x50000,No,No,No,No,No,Yes,No,Yes
2026-04-11 11:28:37,6.8,1700,591,,591,602,44,,200,,,648,,67.0,0.8031,0.6000,0.6000,1.1000,0.05172429,0.08880963,0.13175060,0.00780744,0.00000000,0.37085340,0.48991690,1.88423000,0.00048840,0.00067155,0.00457875,0.02612940,3.67750600,3.31281700,1.81684800,1.10622600,0.60402870,1.10036500,0.80036550,0.80612860,3.29944700,3.30494200,0.79941320,4.81194000,4.81864000,0.00854700, 2, 255, 7, 24,0x50000,No,No,No,No,No,Yes,No,Yes
2026-04-11 11:28:39,6.8,1800,636,,636,653,44,,200,,,648,,66.4,0.8031,0.6000,0.6000,1.1000,0.05172429,0.08783370,0.12979870,0.01171116,0.00000000,0.35523850,0.49186870,1.87530000,0.00073260,0.00067155,0.00476190,0.02612940,3.65523400,3.30910500,1.81684800,1.10805800,0.60476130,1.10036500,0.79963290,0.80612860,3.30311000,3.30494200,0.79941320,4.81194000,4.82132000,0.00940170, 2, 255, 7, 24,0x50000,No,No,No,No,No,Yes,No,Yes
2026-04-11 11:28:41,7.0,1700,591,,591,602,44,,200,,,648,,65.9,0.8031,0.6000,0.6000,1.1000,0.05270022,0.08978556,0.13175060,0.00878337,0.00000000,0.35426260,0.49382060,2.45575000,0.00048840,0.00054945,0.00476190,0.02612940,3.67379400,3.30353800,1.81684800,1.11062200,0.60586020,1.09926600,0.79890030,0.80586010,3.30494200,3.30402600,0.79941320,4.78246000,4.81194000,0.00854700, 2, 255, 7, 24,0x50000,No,No,No,No,No,Yes,No,Yes
2026-04-11 11:28:43,6.5,1700,591,,591,602,44,,200,,,648,,67.5,0.8031,0.6000,0.6000,1.1000,0.04977243,0.09271335,0.13077460,0.00878337,0.00000000,0.37573300,0.48991690,1.89316000,0.00097680,0.00103785,0.00433455,0.02600730,3.67750600,3.30724900,1.81684800,1.10695900,0.60256350,1.09926600,0.79999920,0.80586010,3.30402600,3.30402600,0.79824100,4.81462000,4.77844000,0.00854700, 2, 255, 7, 24,0x50000,No,No,No,No,No,Yes,No,Yes
2026-04-11 11:28:45,6.7,1700,591,,591,602,44,,200,,,648,,67.0,0.8168,0.6000,0.6000,1.1000,0.05074836,0.08880963,0.13077460,0.00683151,0.00000000,0.35328660,0.48991690,2.55398000,0.00073260,0.00073260,0.00457875,0.02625150,3.67472200,3.29889800,1.80610300,1.10805800,0.60402870,1.10036500,0.79926660,0.82036550,3.30219400,3.30585700,0.79882700,4.81328000,4.81462000,0.00940170, 2, 255, 7, 24,0x50000,No,No,No,No,No,Yes,No,Yes
2026-04-11 11:28:47,6.8,1700,591,,591,602,44,,200,,,648,,65.9,0.8031,0.6000,0.6000,1.1000,0.04782057,0.09076149,0.13077460,0.00683151,0.00000000,0.35231080,0.48991690,1.89316000,0.00073260,0.00079365,0.00476190,0.02612940,3.67750600,3.29889800,1.78852100,1.10146400,0.60036570,1.10036500,0.79999920,0.80586010,3.30402600,3.30402600,0.79882700,4.81730000,4.81194000,0.00940170, 2, 255, 7, 24,0x50000,No,No,No,No,No,Yes,No,Yes
2026-04-11 11:28:49,7.0,1700,591,,591,602,44,,200,,,648,,67.5,0.8031,0.6000,0.6000,1.1000,0.05757987,0.08880963,0.13077460,0.00975930,0.00000000,0.35523850,0.49479650,1.90209000,0.00073260,0.00079365,0.00488400,0.02612940,3.65523400,3.30724900,1.78900900,1.10586000,0.60695910,1.09999900,0.80036550,0.80586010,3.30219400,3.30402600,0.79824100,4.80256000,4.81864000,0.00854700, 2, 255, 7, 24,0x50000,No,No,No,No,No,Yes,No,Yes
2026-04-11 11:28:52,6.5,1700,591,,591,602,44,,200,,,648,,67.5,0.8031,0.6000,0.6000,1.1000,0.05172429,0.08880963,0.12979870,0.00878337,0.00000000,0.37866080,0.48894090,2.46468000,0.00097680,0.00103785,0.00433455,0.02612940,3.68028900,3.30539300,1.81684800,1.11062200,0.60476130,1.09999900,0.79963290,0.80612860,3.30219400,3.30494200,0.79941320,4.77978000,4.82132000,0.00940170, 2, 255, 7, 24,0x50000,No,No,No,No,No,Yes,No,Yes
2026-04-11 11:28:54,6.8,1800,636,,636,653,44,,200,,,648,,68.1,0.8031,0.6000,0.6000,1.1000,0.04977243,0.09271335,0.13077460,0.00878337,0.00000000,0.35426260,0.48894090,2.46468000,0.00097680,0.00067155,0.00488400,0.02612940,3.68214500,3.31003300,1.78852100,1.10732500,0.60402870,1.09999900,0.79999920,0.80586010,3.30127900,3.30402600,0.79824100,4.78246000,4.82132000,0.00940170, 2, 255, 7, 24,0x50000,No,No,No,No,No,Yes,No,Yes
2026-04-11 11:28:56,6.8,1700,591,,591,602,44,,200,,,648,,66.4,0.8031,0.6000,0.6000,1.1000,0.04977243,0.08978556,0.13077460,0.00878337,0.00000000,0.35426260,0.49284470,2.44682000,0.00097680,0.00067155,0.00433455,0.02612940,3.67565000,3.30168200,1.79926600,1.10805800,0.60366240,1.09999900,0.79926660,0.80586010,3.30219400,3.30585700,0.79912020,4.81864000,4.78112000,0.00940170, 2, 255, 7, 24,0x50000,No,No,No,No,No,Yes,No,Yes
2026-04-11 11:28:58,6.5,1700,591,,591,602,44,,200,,,648,,66.4,0.8031,0.6000,0.6000,1.1000,0.04782057,0.09661707,0.13077460,0.00975930,0.00000000,0.35328660,0.49186870,1.90209000,0.00073260,0.00054945,0.00457875,0.02588520,3.65523400,3.30724900,1.78852100,1.10329600,0.60402870,1.10036500,0.79999920,0.80586010,3.30311000,3.30402600,0.79853400,4.81730000,4.82132000,0.00854700, 2, 255, 7, 24,0x50000,No,No,No,No,No,Yes,No,Yes
2026-04-11 11:29:00,6.8,1700,591,,591,602,44,,200,,,648,,67.5,0.8031,0.6000,0.6000,1.1000,0.05172429,0.09076149,0.13077460,0.01171116,0.00000000,0.35523850,0.49089280,2.46468000,0.00048840,0.00054945,0.00457875,0.02612940,3.67008200,3.30353800,1.81684800,1.10292900,0.60659280,1.09926600,0.79890030,0.80612860,3.29944700,3.30494200,0.79941320,4.81194000,4.77844000,0.00940170, 2, 255, 7, 24,0x50000,No,No,No,No,No,Yes,No,Yes
2026-04-11 11:29:02,7.0,1700,591,,591,602,44,,200,,,648,,65.9,0.8031,0.6000,0.6000,1.1000,0.05367615,0.08880963,0.13077460,0.00878337,0.00000000,0.35426260,0.49382060,1.91102000,0.00048840,0.00054945,0.00457875,0.02661780,3.67750600,3.29425800,1.78803200,1.10402800,0.60476130,1.10036500,0.80036550,0.80612860,3.30311000,3.30402600,0.79941320,4.81730000,4.78380000,0.00854700, 2, 255, 7, 24,0x50000,No,No,No,No,No,Yes,No,Yes
2026-04-11 11:29:04,6.8,1700,591,,591,602,44,,200,,,648,,67.5,0.8031,0.6000,0.6000,1.1000,0.05953173,0.08588185,0.13077460,0.01171116,0.00000000,0.35426260,0.48991690,1.89316000,0.00097680,0.00103785,0.00476190,0.02612940,3.65523400,3.30724900,1.81684800,1.10146400,0.60476130,1.10036500,0.79999920,0.80586010,3.30402600,3.30402600,0.79853400,4.81462000,4.81194000,0.00940170, 2, 255, 7, 24,0x50000,No,No,No,No,No,Yes,No,Yes
2026-04-11 11:29:06,7.0,1700,591,,591,602,44,,200,,,648,,67.0,0.8031,0.6000,0.6000,1.1000,0.04977243,0.10149670,0.13077460,0.00683151,0.00000000,0.35231080,0.49089280,1.90209000,0.00048840,0.00054945,0.00451770,0.02600730,3.66173000,3.30724900,1.78754400,1.10769100,0.60402870,1.09926600,0.80036550,0.80586010,3.30311000,3.30768900,0.79853400,4.81730000,4.81060000,0.00940170, 2, 255, 7, 24,0x50000,No,No,No,No,No,Yes,No,Yes
2026-04-11 11:29:09,7.0,1700,591,,591,602,44,,200,,,648,,69.2,0.8031,0.6000,0.6000,1.1000,0.05367615,0.12784680,0.16200440,0.01073523,0.00000000,0.35328660,0.49382060,2.45575000,0.00097680,0.00067155,0.00500610,0.02612940,3.66822600,3.29889800,1.79926600,1.10146400,0.60476130,1.09963300,0.80146440,0.80586010,3.30127900,3.30219400,0.79882700,4.75834000,4.79050000,0.00940170, 2, 255, 7, 24,0x50000,No,No,No,No,No,Yes,No,Yes
2026-04-11 11:29:11,6.8,1700,591,,591,602,44,,200,,,648,,66.4,0.8031,0.6000,0.6000,1.1000,0.05074836,0.09173742,0.13272650,0.00878337,0.00000000,0.35231080,0.49186870,1.91102000,0.00048840,0.00054945,0.00470085,0.02600730,3.67750600,3.30724900,1.81684800,1.10879000,0.60622650,1.09926600,0.79963290,0.80612860,3.30311000,3.30494200,0.79941320,4.81194000,4.78648000,0.00940170, 2, 255, 7, 24,0x50000,No,No,No,No,No,Yes,No,Yes
2026-04-11 11:29:13,6.8,1700,591,,591,602,44,,200,,,648,,67.5,0.8031,0.6000,0.6000,1.1000,0.05172429,0.09076149,0.13077460,0.00683151,0.00000000,0.36499780,0.48991690,1.90209000,0.00073260,0.00079365,0.00433455,0.02612940,3.67750600,3.30353800,1.78754400,1.10622600,0.60549390,1.09999900,0.80036550,0.80612860,3.29944700,3.30402600,0.79941320,4.81194000,4.81194000,0.00854700, 2, 255, 7, 24,0x50000,No,No,No,No,No,Yes,No,Yes
2026-04-11 11:29:15,6.8,1700,591,,591,602,44,,200,,,648,,65.9,0.8031,0.6000,0.6000,1.1000,0.05757987,0.08880963,0.13077460,0.00975930,0.02941200,0.35523850,0.49186870,2.45575000,0.00073260,0.00079365,0.00476190,0.02625150,3.65523400,3.30724900,1.78754400,1.10512700,0.60402870,1.09999900,0.79999920,0.80586010,3.30402600,3.30402600,0.79882700,4.80658000,4.81194000,0.00854700, 2, 255, 7, 24,0x50000,No,No,No,No,No,Yes,No,Yes
2026-04-11 11:29:17,7.0,1800,636,,636,653,44,,200,,,648,,67.0,0.8031,0.6000,0.6000,1.1000,0.04586871,0.08880963,0.12979870,0.04196499,0.00000000,0.35523850,0.49089280,1.90209000,0.00097680,0.00067155,0.00451770,0.02625150,3.66265800,3.31003300,1.78754400,1.10586000,0.60622650,1.10036500,0.79999920,0.80586010,3.30036300,3.30402600,0.79824100,4.81730000,4.81596000,0.00940170, 2, 255, 7, 24,0x50000,No,No,No,No,No,Yes,No,Yes
2026-04-11 11:29:19,6.8,1800,636,,636,653,44,,200,,,648,,67.0,0.8031,0.6000,0.6000,1.1000,0.06050766,0.09173742,0.13272650,0.00585558,0.00000000,0.35523850,0.48894090,2.15213000,0.00073260,0.00073260,0.00445665,0.02612940,3.67472200,3.32580900,1.80610300,1.10732500,0.60109830,1.09963300,0.79963290,0.80639730,3.30219400,3.30311000,0.79912020,4.80792000,4.81864000,0.00940170, 2, 255, 7, 24,0x50000,No,No,No,No,No,Yes,No,Yes
2026-04-11 11:29:21,6.8,1700,591,,591,602,44,,200,,,648,,67.5,0.8031,0.6000,0.6000,1.1000,0.05074836,0.09076149,0.13077460,0.00878337,0.00000000,0.35426260,0.49284470,1.91102000,0.00097680,0.00054945,0.00451770,0.02625150,3.67379400,3.30260900,1.81684800,1.10622600,0.60586020,1.10036500,0.80036550,0.80586010,3.30311000,3.30494200,0.79941320,4.78246000,4.81864000,0.00940170, 2, 255, 7, 24,0x50000,No,No,No,No,No,Yes,No,Yes
2026-04-11 11:29:24,6.8,1800,636,,636,653,44,,200,,,648,,68.1,0.8031,0.6000,0.6000,1.1000,0.05074836,0.09076149,0.13272650,0.01073523,0.00000000,0.35523850,0.49186870,1.91102000,0.00054945,0.00054945,0.00457875,0.02625150,3.66173000,3.30168200,1.79926600,1.10769100,0.60402870,1.09963300,0.79999920,0.80586010,3.30402600,3.30768900,0.79853400,4.81462000,4.81730000,0.00940170, 2, 255, 7, 24,0x50000,No,No,No,No,No,Yes,No,Yes
2026-04-11 11:29:26,7.0,1700,591,,591,602,44,,200,,,648,,66.4,0.8031,0.6000,0.6000,1.1000,0.05172429,0.09076149,0.13175060,0.00878337,0.00000000,0.35426260,0.49186870,2.47361000,0.00097680,0.00054945,0.00476190,0.02612940,3.67379400,3.31838500,1.81684800,1.10769100,0.60439500,1.09963300,0.79890030,0.80586010,3.30311000,3.30402600,0.79941320,4.81194000,4.78246000,0.00940170, 2, 255, 7, 24,0x50000,No,No,No,No,No,Yes,No,Yes
2026-04-11 11:29:28,6.8,1700,591,,591,602,44,,200,,,648,,68.1,0.8031,0.6000,0.6000,1.1000,0.05270022,0.09076149,0.12979870,0.00878337,0.00000000,0.35426260,0.49284470,1.90209000,0.00097680,0.00103785,0.00433455,0.02637360,3.67008200,3.29425800,1.81684800,1.10402800,0.60549390,1.09926600,0.79999920,0.80586010,3.30127900,3.30402600,0.79824100,4.81730000,4.82266000,0.00940170, 2, 255, 7, 24,0x50000,No,No,No,No,No,Yes,No,Yes
2026-04-11 11:29:30,6.5,1800,636,,636,653,44,,200,,,648,,68.1,0.8031,0.6000,0.6000,1.1000,0.05367615,0.09271335,0.13175060,0.00683151,0.00000000,0.35426260,0.49284470,1.91102000,0.00073260,0.00073260,0.00500610,0.02588520,3.67750600,3.31560100,1.79926600,1.10586000,0.60366240,1.09963300,0.79999920,0.80586010,3.30402600,3.30402600,0.79882700,4.81462000,4.81730000,0.00940170, 2, 255, 7, 24,0x50000,No,No,No,No,No,Yes,No,Yes
2026-04-11 11:29:32,6.8,1800,636,,636,653,44,,200,,,648,,65.9,0.8031,0.6000,0.6000,1.1000,0.05270022,0.08880963,0.12979870,0.00585558,0.00000000,0.35523850,0.49186870,2.47361000,0.00054945,0.00073260,0.00451770,0.02625150,3.67565000,3.30168200,1.79926600,1.10439400,0.60476130,1.09926600,0.79999920,0.80586010,3.30036300,3.30311000,0.79882700,4.78246000,4.82400000,0.00940170, 2, 255, 7, 24,0x50000,No,No,No,No,No,Yes,No,Yes
2026-04-11 11:29:34,6.7,1700,591,,591,602,44,,200,,,648,,68.6,0.8031,0.6000,0.6000,1.1000,0.05172429,0.08880963,0.13175060,0.00878337,0.00000000,0.35426260,0.49284470,1.91995000,0.00073260,0.00073260,0.00476190,0.02600730,3.67565000,3.30168200,1.79926600,1.10622600,0.60183090,1.09999900,0.79999920,0.80586010,3.30219400,3.30402600,0.79853400,4.81462000,4.78112000,0.00854700, 2, 255, 7, 24,0x50000,No,No,No,No,No,Yes,No,Yes
2026-04-11 11:29:36,6.5,1700,591,,591,602,44,,200,,,648,,68.6,0.8168,0.6000,0.6000,1.1000,0.05074836,0.08880963,0.12979870,0.00975930,0.00000000,0.35426260,0.49382060,2.02711000,0.00097680,0.00067155,0.00457875,0.02612940,3.66822600,3.30168200,1.80024200,1.10476100,0.60586020,1.10036500,0.79963290,0.82090280,3.30311000,3.30494200,0.79941320,4.81194000,4.77040000,0.00940170, 2, 255, 7, 24,0x50000,No,No,No,No,No,Yes,No,Yes
2026-04-11 11:29:39,7.0,1700,591,,591,602,44,,200,,,648,,68.1,0.8031,0.6000,0.6000,1.1000,0.05172429,0.08880963,0.13077460,0.00878337,0.00000000,0.36694970,0.49577240,1.91995000,0.00073260,0.00073260,0.00457875,0.02612940,3.65152200,3.30632200,1.80024200,1.10695900,0.60549390,1.09926600,0.79999920,0.80586010,3.30127900,3.30311000,0.79824100,4.81462000,4.81194000,0.00940170, 2, 255, 7, 24,0x50000,No,No,No,No,No,Yes,No,Yes
2026-04-11 11:29:41,6.5,1700,591,,591,602,44,,200,,,648,,68.6,0.8031,0.6000,0.6000,1.1000,0.05074836,0.08685777,0.12882280,0.00780744,0.00000000,0.35523850,0.49186870,1.91102000,0.00073260,0.00054945,0.00451770,0.02625150,3.66080200,3.30724900,1.78852100,1.10769100,0.60366240,1.09963300,0.79999920,0.80612860,3.30402600,3.30494200,0.79824100,4.81328000,4.81194000,0.00854700, 2, 255, 7, 24,0x50000,No,No,No,No,No,Yes,No,Yes
2026-04-11 11:29:43,7.0,1700,591,,591,602,44,,200,,,648,,68.1,0.8031,0.6000,0.6000,1.1000,0.04782057,0.08880963,0.13272650,0.00878337,0.00000000,0.35426260,0.49089280,2.47361000,0.00097680,0.00067155,0.00488400,0.02612940,3.67565000,3.30168200,1.80024200,1.10366200,0.60512760,1.09926600,0.79926660,0.80586010,3.30036300,3.30311000,0.79882700,4.77710000,4.81730000,0.00940170, 2, 255, 7, 24,0x50000,No,No,No,No,No,Yes,No,Yes
2026-04-11 11:29:45,6.8,1700,591,,591,602,44,,200,,,648,,66.4,0.8031,0.6000,0.6000,1.1000,0.05074836,0.09076149,0.13077460,0.00780744,0.00000000,0.35621450,0.48991690,1.91995000,0.00097680,0.00067155,0.00433455,0.02612940,3.67379400,3.29518600,1.81684800,1.10695900,0.60586020,1.09926600,0.79890030,0.80612860,3.30311000,3.30494200,0.79941320,4.81194000,4.77844000,0.00854700, 2, 255, 7, 24,0x50000,No,No,No,No,No,Yes,No,Yes
2026-04-11 11:29:47,6.5,1700,591,,591,602,44,,200,,,648,,68.1,0.8168,0.6000,0.6000,1.1000,0.05172429,0.09466522,0.12979870,0.00975930,0.00000000,0.35426260,0.49186870,2.58970000,0.00073260,0.00061050,0.00445665,0.02625150,3.66544200,3.29333000,1.79389300,1.10805800,0.60292980,1.09926600,0.79963290,0.82090280,3.29944700,3.30494200,0.79882700,4.80122000,4.81328000,0.00940170, 2, 255, 7, 24,0x50000,No,No,No,No,No,Yes,No,Yes
2026-04-11 11:29:49,6.5,1700,591,,591,602,44,,200,,,648,,68.1,0.8031,0.6000,0.6000,1.1000,0.04977243,0.09076149,0.13175060,0.00878337,0.00000000,0.35523850,0.49382060,1.91995000,0.00097680,0.00097680,0.00463980,0.02625150,3.67379400,3.30353800,1.81684800,1.10586000,0.60439500,1.09999900,0.79963290,0.80559140,3.29944700,3.30494200,0.79794790,4.81060000,4.77710000,0.00940170, 2, 255, 7, 24,0x50000,No,No,No,No,No,Yes,No,Yes
2026-04-11 11:29:51,6.8,1700,591,,591,602,44,,200,,,648,,66.4,0.8031,0.6000,0.6000,1.1000,0.04782057,0.08880963,0.12882280,0.00878337,0.00000000,0.35426260,0.49382060,1.91995000,0.00097680,0.00067155,0.00500610,0.02612940,3.65523400,3.30168200,1.80024200,1.10769100,0.60402870,1.09963300,0.79926660,0.80586010,3.30036300,3.30311000,0.79882700,4.80256000,4.81730000,0.00854700, 2, 255, 7, 24,0x50000,No,No,No,No,No,Yes,No,Yes
2026-04-11 11:29:54,7.0,1700,591,,591,602,44,,200,,,648,,67.5,0.8031,0.6000,0.6000,1.1000,0.05074836,0.09271335,0.12979870,0.01073523,0.00000000,0.35231080,0.49577240,2.47361000,0.00054945,0.00073260,0.00457875,0.02612940,3.67472200,3.30260900,1.79926600,1.10732500,0.60549390,1.09963300,0.79999920,0.80586010,3.30219400,3.30311000,0.79824100,4.81328000,4.78112000,0.00940170, 2, 255, 7, 24,0x50000,No,No,No,No,No,Yes,No,Yes
2026-04-11 11:29:56,7.0,1700,591,,591,602,44,,200,,,648,,68.1,0.8168,0.6000,0.6000,1.1000,0.04586871,0.13077460,0.16200440,0.00975930,0.00000000,0.35523850,0.48894090,2.58077000,0.00054945,0.00067155,0.00463980,0.02576310,3.67286600,3.31188900,1.81733600,1.10805800,0.60402870,1.09890000,0.79999920,0.82063420,3.30402600,3.30402600,0.79853400,4.76102000,4.81194000,0.00854700, 2, 255, 7, 24,0x50000,No,No,No,No,No,Yes,No,Yes
2026-04-11 11:29:58,7.0,1700,591,,591,602,44,,200,,,648,,67.0,0.8031,0.6000,0.6000,1.1000,0.05172429,0.08783370,0.12882280,0.01171116,0.00000000,0.35523850,0.49382060,1.99139000,0.00097680,0.00067155,0.00457875,0.02576310,3.65430600,3.32580900,1.80610300,1.10805800,0.60769170,1.10036500,0.79999920,0.82009690,3.30402600,3.30402600,0.79853400,4.81328000,4.81194000,0.00940170, 2, 255, 7, 24,0x50000,No,No,No,No,No,Yes,No,Yes
2026-04-11 11:30:00,7.0,1700,591,,591,602,44,,200,,,648,,68.6,0.8031,0.6000,0.6000,1.1000,0.05074836,0.09466522,0.13272650,0.00683151,0.00000000,0.35328660,0.48991690,2.47361000,0.00097680,0.00103785,0.00433455,0.02576310,3.67379400,3.32580900,1.81684800,1.10146400,0.60549390,1.09999900,0.80036550,0.80612860,3.30127900,3.30402600,0.79941320,4.77442000,4.81596000,0.00854700, 2, 255, 7, 24,0x50000,No,No,No,No,No,Yes,No,Yes
2026-04-11 11:30:02,6.8,1800,636,,636,653,44,,200,,,648,,68.1,0.8031,0.6000,0.6000,1.1000,0.05270022,0.09076149,0.13175060,0.00975930,0.00000000,0.35621450,0.49186870,1.91102000,0.00097680,0.00103785,0.00433455,0.02612940,3.65801800,3.30260900,1.81684800,1.10622600,0.60732540,1.09999900,0.79890030,0.80612860,3.29944700,3.30402600,0.79941320,4.81194000,4.81864000,0.00940170, 2, 255, 7, 24,0x50000,No,No,No,No,No,Yes,No,Yes
2026-04-11 11:30:04,7.0,1700,591,,591,602,44,,200,,,648,,68.1,0.8031,0.6000,0.6000,1.1000,0.05074836,0.09076149,0.13175060,0.00487965,0.00000000,0.36597380,0.49284470,1.91995000,0.00073260,0.00079365,0.00457875,0.02588520,3.67008200,3.33323200,1.78852100,1.10769100,0.60476130,1.09999900,0.80036550,0.80586010,3.30036300,3.30402600,0.79824100,4.78246000,4.81060000,0.00854700, 2, 255, 7, 24,0x50000,No,No,No,No,No,Yes,No,Yes
2026-04-11 11:30:06,6.5,1700,591,,591,602,44,,200,,,648,,68.1,0.8031,0.6000,0.6000,1.1000,0.05074836,0.08783370,0.12979870,0.02147046,0.00000000,0.35523850,0.49186870,1.91102000,0.00073260,0.00054945,0.00451770,0.02576310,3.67008200,3.30724900,1.78852100,1.10695900,0.60476130,1.09999900,0.79890030,0.80586010,3.30402600,3.30402600,0.79882700,4.81462000,4.77844000,0.00940170, 2, 255, 7, 24,0x50000,No,No,No,No,No,Yes,No,Yes
2026-04-11 11:30:09,6.8,1700,591,,591,602,44,,200,,,648,,67.0,0.8031,0.6000,0.6000,1.1000,0.05270022,0.08880963,0.13272650,0.00683151,0.00000000,0.37670900,0.49382060,1.91995000,0.00073260,0.00073260,0.00451770,0.02600730,3.67565000,3.30168200,1.79926600,1.10805800,0.60256350,1.09926600,0.79999920,0.80586010,3.30219400,3.30402600,0.79941320,4.81730000,4.81194000,0.00854700, 2, 255, 7, 24,0x50000,No,No,No,No,No,Yes,No,Yes
2026-04-11 11:30:11,6.8,1700,591,,591,602,44,,200,,,648,,68.6,0.8031,0.6000,0.6000,1.1000,0.05172429,0.08880963,0.13272650,0.01171116,0.00000000,0.35523850,0.48991690,1.92888000,0.00048840,0.00054945,0.00488400,0.02612940,3.65523400,3.30168200,1.78852100,1.10769100,0.60549390,1.09999900,0.79999920,0.80586010,3.30402600,3.30402600,0.79853400,4.81730000,4.81194000,0.00940170, 2, 255, 7, 24,0x50000,No,No,No,No,No,Yes,No,Yes
2026-04-11 11:30:13,6.8,1700,591,,591,602,44,,200,,,648,,68.1,0.8168,0.6000,0.6000,1.1000,0.05367615,0.09076149,0.13077460,0.00878337,0.00000000,0.35426260,0.49577240,1.99139000,0.00097680,0.00103785,0.00433455,0.02600730,3.67008200,3.30446500,1.81684800,1.11062200,0.60366240,1.09926600,0.79926660,0.82090280,3.30311000,3.30494200,0.79853400,4.81060000,4.81060000,0.00940170, 2, 255, 7, 24,0x50000,No,No,No,No,No,Yes,No,Yes
2026-04-11 11:30:15,7.0,1700,591,,591,602,44,,200,,,648,,67.5,0.8031,0.6000,0.6000,1.1000,0.05172429,0.08685777,0.13077460,0.00975930,0.00000000,0.35133480,0.48894090,1.91995000,0.00048840,0.00073260,0.00457875,0.02625150,3.65152200,3.29889800,1.80024200,1.10512700,0.60549390,1.10036500,0.79926660,0.80559140,3.30219400,3.30585700,0.79882700,4.81864000,4.81864000,0.00940170, 2, 255, 7, 24,0x50000,No,No,No,No,No,Yes,No,Yes
2026-04-11 11:30:17,7.0,1700,591,,591,602,44,,200,,,648,,68.1,0.8031,0.6000,0.6000,1.1000,0.05074836,0.08783370,0.13077460,0.01073523,0.00000000,0.35328660,0.49186870,2.47361000,0.00073260,0.00073260,0.00445665,0.02600730,3.67472200,3.30168200,1.79828900,1.10476100,0.60402870,1.09963300,0.79890030,0.80586010,3.30036300,3.30311000,0.79882700,4.81328000,4.81328000,0.00854700, 2, 255, 7, 24,0x50000,No,No,No,No,No,Yes,No,Yes
2026-04-11 11:30:19,7.0,1800,591,,591,602,44,,200,,,648,,69.2,0.8031,0.6000,0.6000,1.1000,0.05074836,0.09076149,0.12882280,0.00975930,0.00000000,0.36597380,0.49186870,1.99139000,0.00097680,0.00097680,0.00476190,0.02576310,3.65523400,3.30910500,1.81684800,1.10769100,0.60659280,1.10036500,0.79963290,0.82036550,3.30219400,3.30311000,0.79794790,4.80256000,4.81328000,0.00854700, 2, 255, 7, 24,0x50000,No,No,No,No,No,Yes,No,Yes
2026-04-11 11:30:21,6.8,1700,636,,636,653,43,,200,,,648,,68.6,0.8168,0.6000,0.6000,1.1000,0.05367615,0.08783370,0.13175060,0.00878337,0.00000000,0.36207000,0.49284470,2.47361000,0.00073260,0.00054945,0.00451770,0.02600730,3.67008200,3.30168200,1.78852100,1.10842400,0.60183090,1.10036500,0.79999920,0.80586010,3.30311000,3.30402600,0.79853400,4.80122000,4.77844000,0.00854700, 2, 255, 7, 24,0x50000,No,No,No,No,No,Yes,No,Yes
2026-04-11 11:30:24,7.0,1700,591,,591,602,44,,200,,,648,,69.2,0.8031,0.6000,0.6000,1.1000,0.05172429,0.08880963,0.12979870,0.01073523,0.00000000,0.35523850,0.49284470,1.91995000,0.00073260,0.00073260,0.00494505,0.02600730,3.65152200,3.30168200,1.80024200,1.10805800,0.60659280,1.09999900,0.79853400,0.80586010,3.30219400,3.30402600,0.79882700,4.81462000,4.81730000,0.00940170, 2, 255, 7, 24,0x50000,No,No,No,No,No,Yes,No,Yes
2026-04-11 11:30:26,6.5,1700,591,,591,602,44,,200,,,648,,68.6,0.8031,0.6000,0.6000,1.1000,0.05172429,0.09076149,0.12784680,0.01268709,0.00000000,0.35426260,0.49479650,2.47361000,0.00097680,0.00103785,0.00433455,0.02612940,3.67657700,3.31560100,1.78900900,1.10622600,0.60549390,1.09999900,0.79963290,0.80586010,3.30127900,3.30402600,0.79882700,4.79854000,4.78246000,0.00854700, 2, 255, 7, 24,0x50000,No,No,No,No,No,Yes,No,Yes
2026-04-11 11:30:28,7.0,1700,591,,591,602,44,,200,,,648,,68.6,0.8031,0.6000,0.6000,1.1000,0.04879650,0.08783370,0.13077460,0.01366302,0.00000000,0.35328660,0.49089280,1.92888000,0.00097680,0.00061050,0.00488400,0.02600730,3.67472200,3.32766400,1.79828900,1.10805800,0.60476130,1.09853400,0.79963290,0.80586010,3.30219400,3.30311000,0.79853400,4.81060000,4.81596000,0.00940170, 2, 255, 7, 24,0x50000,No,No,No,No,No,Yes,No,Yes
2026-04-11 11:30:30,6.8,1700,591,,591,602,44,,200,,,648,,67.5,0.8031,0.6000,0.6000,1.1000,0.05074836,0.08880963,0.12882280,0.01073523,0.00000000,0.35621450,0.49089280,1.92888000,0.00073260,0.00073260,0.00445665,0.02612940,3.65523400,3.30168200,1.79926600,1.10805800,0.60329610,1.09963300,0.80036550,0.80612860,3.29944700,3.30402600,0.79853400,4.81328000,4.81194000,0.00854700, 2, 255, 7, 24,0x50000,No,No,No,No,No,Yes,No,Yes
2026-04-11 11:30:32,7.0,1800,636,,591,602,44,,200,,,648,,67.5,0.8031,0.6000,0.6000,1.1000,0.05270022,0.08978556,0.13272650,0.00683151,0.00000000,0.37963680,0.49186870,2.49147000,0.00073260,0.00073260,0.00457875,0.02612940,3.67565000,3.30168200,1.80024200,1.10146400,0.60183090,1.10036500,0.79926660,0.80559140,3.30219400,3.30402600,0.79824100,4.77174000,4.80658000,0.00854700, 2, 255, 7, 24,0x50000,No,No,No,No,No,Yes,No,Yes
2026-04-11 11:30:34,6.8,1700,591,,591,602,44,,200,,,648,,68.1,0.8031,0.6000,0.6000,1.1000,0.04782057,0.08880963,0.13077460,0.01171116,0.00000000,0.35426260,0.49089280,1.92888000,0.00073260,0.00054945,0.00488400,0.02612940,3.67008200,3.30446500,1.81684800,1.10146400,0.60586020,1.09853400,0.79816780,0.80612860,3.30311000,3.30494200,0.79941320,4.81194000,4.81462000,0.00940170, 2, 255, 7, 24,0x50000,No,No,No,No,No,Yes,No,Yes
2026-04-11 11:30:36,6.8,1700,591,,591,602,44,,200,,,648,,67.5,0.8031,0.6000,0.6000,1.1000,0.05172429,0.09076149,0.13077460,0.00780744,0.00000000,0.35523850,0.49186870,2.48254000,0.00048840,0.00073260,0.00488400,0.02588520,3.66822600,3.30168200,1.79926600,1.11062200,0.60476130,1.10036500,0.79999920,0.80586010,3.30402600,3.30402600,0.79824100,4.80122000,4.81194000,0.00854700, 2, 255, 7, 24,0x50000,No,No,No,No,No,Yes,No,Yes
2026-04-11 11:30:39,7.0,1800,636,,591,602,44,,200,,,648,,68.6,0.8031,0.6000,0.6000,1.1000,0.04782057,0.08978556,0.13077460,0.00975930,0.00000000,0.35328660,0.49382060,2.49147000,0.00073260,0.00073260,0.00488400,0.02612940,3.67101000,3.32580900,1.79828900,1.10805800,0.60659280,1.10036500,0.79853400,0.80586010,3.30036300,3.30311000,0.79882700,4.77576000,4.81462000,0.00940170, 2, 255, 7, 24,0x50000,No,No,No,No,No,Yes,No,Yes
2026-04-11 11:30:41,6.8,1700,591,,591,602,44,,200,,,648,,68.6,0.8031,0.6000,0.6000,1.1000,0.05074836,0.09466522,0.13077460,0.00878337,0.00000000,0.35621450,0.49186870,2.50040000,0.00097680,0.00061050,0.00457875,0.02588520,3.66637000,3.31096100,1.79828900,1.10512700,0.60366240,1.10036500,0.79926660,0.80639730,3.30219400,3.30311000,0.79882700,4.77844000,4.81328000,0.00940170, 2, 255, 7, 24,0x50000,No,No,No,No,No,Yes,No,Yes
2026-04-11 11:30:43,6.8,1700,591,,591,602,44,,200,,,648,,68.6,0.8031,0.6000,0.6000,1.1000,0.05367615,0.09271335,0.13175060,0.01171116,0.00000000,0.35231080,0.49186870,1.94674000,0.00097680,0.00073260,0.00457875,0.02625150,3.66637000,3.32580900,1.79828900,1.10292900,0.60622650,1.09999900,0.80036550,0.80612860,3.30311000,3.30311000,0.79941320,4.81060000,4.77844000,0.00854700, 2, 255, 7, 24,0x50000,No,No,No,No,No,Yes,No,Yes
2026-04-11 11:30:45,6.8,1700,591,,591,602,44,,200,,,648,,68.6,0.8031,0.6000,0.6000,1.1000,0.05367615,0.08783370,0.13077460,0.01171116,0.00000000,0.35426260,0.49382060,2.00925000,0.00097680,0.00097680,0.00463980,0.02600730,3.65059400,3.30260900,1.79389300,1.10622600,0.60109830,1.10036500,0.79926660,0.82036550,3.30219400,3.30311000,0.79882700,4.79854000,4.79586000,0.00940170, 2, 255, 7, 24,0x50000,No,No,No,No,No,Yes,No,Yes
2026-04-11 11:30:47,7.2,1700,591,,591,602,44,,200,,,648,,68.1,0.8031,0.6000,0.6000,1.1000,0.05270022,0.08880963,0.13077460,0.00878337,0.00000000,0.35523850,0.48796500,2.47361000,0.00073260,0.00073260,0.00445665,0.02588520,3.67193800,3.30539300,1.79828900,1.11062200,0.60476130,1.09963300,0.79926660,0.80532280,3.30219400,3.30402600,0.79882700,4.76638000,4.81730000,0.00940170, 2, 255, 7, 24,0x50000,No,No,No,No,No,Yes,No,Yes
2026-04-11 11:30:49,7.0,1700,591,,591,602,44,,200,,,648,,67.5,0.8031,0.6000,0.6000,1.1000,0.05660394,0.09661707,0.13077460,0.00683151,0.00000000,0.35426260,0.49186870,1.93781000,0.00048840,0.00073260,0.00488400,0.02637360,3.66822600,3.31096100,1.80024200,1.10402800,0.60549390,1.10036500,0.79926660,0.80586010,3.30036300,3.30311000,0.79882700,4.81328000,4.81328000,0.00940170, 2, 255, 7, 24,0x50000,No,No,No,No,No,Yes,No,Yes
2026-04-11 11:30:51,6.8,1700,591,,591,602,44,,200,,,648,,69.2,0.8031,0.6000,0.6000,1.1000,0.05270022,0.08880963,0.13077460,0.01463895,0.00000000,0.35621450,0.49186870,1.93781000,0.00073260,0.00073260,0.00500610,0.02588520,3.65152200,3.30168200,1.80024200,1.10402800,0.60586020,1.10036500,0.79926660,0.80586010,3.30127900,3.30402600,0.79882700,4.81328000,4.81194000,0.00854700, 131, 255, 7, 24,0x50000,No,No,No,No,No,Yes,No,Yes
2026-04-11 11:30:54,6.8,1700,591,,591,602,44,,200,,,648,,69.2,0.8031,0.6000,0.6000,1.1000,0.05270022,0.08783370,0.13272650,0.02439825,0.00000000,0.35328660,0.49284470,2.00032000,0.00097680,0.00067155,0.00470085,0.02637360,3.65059400,3.31374500,1.79389300,1.10769100,0.60512760,1.10073200,0.79926660,0.82036550,3.30219400,3.30402600,0.79882700,4.79854000,4.80658000,0.00940170, 3, 255, 7, 24,0x50000,No,No,No,No,No,Yes,No,Yes
2026-04-11 11:30:56,6.8,1700,591,,591,602,44,,200,,,648,,68.6,0.8031,0.6000,0.6000,1.1000,0.04782057,0.10247270,0.13565430,0.03025383,0.00000000,0.35621450,0.48894090,2.01818000,0.00054945,0.00073260,0.00494505,0.02625150,3.66822600,3.32580900,1.80024200,1.10915600,0.60366240,1.09926600,0.79963290,0.82117140,3.30311000,3.30494200,0.79941320,4.80658000,4.80524000,0.00854700, 3, 255, 7, 24,0x50000,No,No,No,No,No,Yes,No,Yes
2026-04-11 11:30:58,6.8,1700,591,,591,602,44,,200,,,648,,69.7,0.8031,0.6000,0.6000,1.1000,0.05074836,0.08978556,0.13467840,0.03220569,0.00000000,0.35328660,0.49089280,1.93781000,0.00097680,0.00067155,0.00488400,0.02576310,3.65059400,3.32766400,1.80024200,1.10146400,0.60512760,1.10036500,0.79963290,0.80639730,3.30219400,3.30311000,0.79882700,4.76772000,4.80122000,0.00940170, 3, 255, 7, 24,0x50000,No,No,No,No,No,Yes,No,Yes
2026-04-11 11:31:00,6.8,1800,591,,591,602,44,,200,,,648,,67.5,0.8031,0.6000,0.6000,1.1000,0.04586871,0.08978556,0.13467840,0.03122976,0.00000000,0.35523850,0.49186870,1.93781000,0.00097680,0.00061050,0.00445665,0.02612940,3.65152200,3.32952100,1.80024200,1.10549400,0.60256350,1.10036500,0.79926660,0.80612860,3.30219400,3.30311000,0.79794790,4.81060000,4.80926000,0.00940170, 3, 255, 7, 24,0x50000,No,No,No,No,No,Yes,No,Yes
2026-04-11 11:31:02,7.0,1700,591,,591,602,44,,200,,,648,,68.1,0.8031,0.6000,0.6000,1.1000,0.05074836,0.08978556,0.13370240,0.02537418,0.00000000,0.35523850,0.49186870,2.61649000,0.00048840,0.00073260,0.00457875,0.02588520,3.66544200,3.32580900,1.79096300,1.10805800,0.60549390,1.10036500,0.79963290,0.82063420,3.30311000,3.30402600,0.79941320,4.76370000,4.80792000,0.00940170, 3, 255, 7, 24,0x50000,No,No,No,No,No,Yes,No,Yes
2026-04-11 11:31:04,6.8,1700,591,,591,602,44,,200,,,648,,68.6,0.8031,0.6000,0.6000,1.1000,0.04782057,0.09271335,0.13272650,0.02830197,0.00000000,0.35426260,0.49186870,1.93781000,0.00048840,0.00054945,0.00433455,0.02612940,3.67008200,3.30724900,1.78900900,1.10805800,0.60476130,1.10036500,0.79963290,0.80586010,3.29944700,3.30402600,0.79941320,4.80658000,4.81060000,0.00854700, 3, 255, 7, 24,0x50000,No,No,No,No,No,Yes,No,Yes
2026-04-11 11:31:07,6.8,1700,591,,591,602,44,,200,,,648,,69.2,0.8031,0.6000,0.6000,1.1000,0.04977243,0.09271335,0.13272650,0.03122976,0.00000000,0.35133480,0.49186870,1.94674000,0.00048840,0.00073260,0.00457875,0.02612940,3.64966700,3.30168200,1.80024200,1.10842400,0.60695910,1.09963300,0.79926660,0.80586010,3.30219400,3.30585700,0.79882700,4.80792000,4.81462000,0.00940170, 3, 255, 7, 24,0x50000,No,No,No,No,No,Yes,No,Yes
2026-04-11 11:31:09,6.8,1700,591,,591,602,44,,200,,,648,,68.6,0.8031,0.6000,0.6000,1.1000,0.04782057,0.09661707,0.13663020,0.02537418,0.00000000,0.35426260,0.49089280,2.50040000,0.00097680,0.00103785,0.00476190,0.02612940,3.67008200,3.31467300,1.78852100,1.10439400,0.60402870,1.10036500,0.79999920,0.80586010,3.30402600,3.30311000,0.79824100,4.77174000,4.80658000,0.00940170, 3, 255, 7, 24,0x50000,No,No,No,No,No,Yes,No,Yes
2026-04-11 11:31:11,6.5,1700,591,,591,602,44,,200,,,648,,68.1,0.8031,0.6000,0.6000,1.1000,0.04977243,0.08880963,0.13467840,0.02830197,0.00000000,0.35328660,0.49577240,1.94674000,0.00048840,0.00073260,0.00494505,0.02588520,3.66080200,3.30168200,1.80024200,1.10366200,0.60622650,1.09926600,0.79999920,0.80586010,3.30127900,3.30402600,0.79882700,4.79318000,4.80658000,0.00940170, 3, 255, 7, 24,0x50000,No,No,No,No,No,Yes,No,Yes
2026-04-11 11:31:13,6.8,1800,636,,636,653,44,,200,,,648,,68.1,0.8031,0.6000,0.6000,1.1000,0.04586871,0.09856894,0.13467840,0.03122976,0.00000000,0.35523850,0.49284470,2.46468000,0.00097680,0.00067155,0.00488400,0.02625150,3.66822600,3.30260900,1.80024200,1.10439400,0.60549390,1.09963300,0.79926660,0.80559140,3.30219400,3.30311000,0.79882700,4.81328000,4.77174000,0.00940170, 3, 255, 7, 24,0x50000,No,No,No,No,No,Yes,No,Yes
2026-04-11 11:31:15,6.8,1800,636,,636,653,44,,200,,,648,,69.7,0.8031,0.6000,0.6000,1.1000,0.04782057,0.08685777,0.13272650,0.03220569,0.00000000,0.35621450,0.48991690,3.00941000,0.00048840,0.00067155,0.00500610,0.02625150,3.67008200,3.31560100,1.78852100,1.10439400,0.60183090,1.10036500,0.79999920,0.80612860,3.30402600,3.30402600,0.79882700,4.77442000,4.81060000,0.00940170, 3, 255, 7, 24,0x50000,No,No,No,No,No,Yes,No,Yes
2026-04-11 11:31:17,6.5,1700,591,,591,602,44,,200,,,648,,69.2,0.8031,0.6000,0.6000,1.1000,0.04782057,0.08685777,0.13663020,0.02830197,0.00000000,0.36694970,0.49089280,2.49147000,0.00073260,0.00073260,0.00494505,0.02637360,3.66822600,3.30168200,1.80024200,1.10805800,0.60476130,1.09999900,0.79999920,0.80586010,3.30402600,3.30402600,0.79941320,4.80658000,4.76906000,0.00854700, 3, 255, 7, 24,0x50000,No,No,No,No,No,Yes,No,Yes
2026-04-11 11:31:19,6.5,1700,591,,591,602,44,,200,,,648,,69.2,0.8031,0.6000,0.6000,1.1000,0.05660394,0.09076149,0.13565430,0.03025383,0.00000000,0.35523850,0.49186870,1.94674000,0.00073260,0.00054945,0.00457875,0.02576310,3.67008200,3.30724900,1.78754400,1.10842400,0.60183090,1.09999900,0.79890030,0.80612860,3.30311000,3.30494200,0.79941320,4.80658000,4.81060000,0.00940170, 3, 255, 7, 24,0x50000,No,No,No,No,No,Yes,No,Yes
2026-04-11 11:31:22,6.5,1700,591,,591,602,44,,200,,,648,,69.2,0.8031,0.6000,0.6000,1.1000,0.05270022,0.09076149,0.13272650,0.03025383,0.00000000,0.35426260,0.49186870,1.95567000,0.00073260,0.00079365,0.00476190,0.02576310,3.65523400,3.31096100,1.78852100,1.10366200,0.60695910,1.10036500,0.80036550,0.80612860,3.30219400,3.30402600,0.79853400,4.80658000,4.81060000,0.00940170, 3, 255, 7, 24,0x50000,No,No,No,No,No,Yes,No,Yes
2026-04-11 11:31:24,6.7,1700,591,,591,602,44,,200,,,648,,69.2,0.8031,0.6000,0.6000,1.1000,0.04782057,0.09076149,0.13467840,0.03220569,0.00000000,0.35328660,0.49577240,2.50040000,0.00048840,0.00073260,0.00494505,0.02564100,3.66822600,3.32952100,1.79828900,1.10146400,0.60476130,1.10036500,0.79926660,0.80586010,3.30219400,3.30311000,0.79882700,4.79854000,4.81462000,0.00940170, 3, 255, 7, 24,0x50000,No,No,No,No,No,Yes,No,Yes
2026-04-11 11:31:26,6.8,1800,636,,636,653,44,,200,,,648,,68.1,0.8031,0.6000,0.6000,1.1000,0.05074836,0.08685777,0.13565430,0.02927790,0.00000000,0.35426260,0.49186870,2.50933000,0.00097680,0.00067155,0.00463980,0.02588520,3.66822600,3.30168200,1.80024200,1.10476100,0.60512760,1.10036500,0.79926660,0.80559140,3.30219400,3.30311000,0.79794790,4.77308000,4.81462000,0.00940170, 3, 255, 7, 24,0x50000,No,No,No,No,No,Yes,No,Yes
2026-04-11 11:31:28,7.0,1700,591,,591,602,44,,200,,,648,,67.5,0.8031,0.6000,0.6000,1.1000,0.05367615,0.09271335,0.13467840,0.03318162,0.00000000,0.35523850,0.49089280,1.94674000,0.00048840,0.00073260,0.00500610,0.02600730,3.67008200,3.29982600,1.79926600,1.10366200,0.60476130,1.09999900,0.79926660,0.80532280,3.30219400,3.30311000,0.79882700,4.79854000,4.79586000,0.00854700, 3, 255, 7, 24,0x50000,No,No,No,No,No,Yes,No,Yes
2026-04-11 11:31:30,6.8,1700,591,,591,602,44,,200,,,648,,69.2,0.8031,0.6000,0.6000,1.1000,0.05270022,0.08978556,0.13467840,0.02927790,0.00000000,0.35426260,0.49284470,1.95567000,0.00048840,0.00073260,0.00457875,0.02576310,3.64781100,3.30260900,1.79926600,1.10146400,0.60183090,1.10036500,0.79999920,0.80586010,3.30219400,3.30402600,0.79882700,4.77174000,4.80658000,0.00940170, 3, 255, 7, 24,0x50000,No,No,No,No,No,Yes,No,Yes
2026-04-11 11:31:32,6.8,1700,591,,591,602,44,,200,,,648,,69.2,0.8031,0.6000,0.6000,1.1000,0.04684464,0.08978556,0.13663020,0.03415755,0.00000000,0.36597380,0.49382060,2.50933000,0.00048840,0.00073260,0.00457875,0.02612940,3.66822600,3.32952100,1.80024200,1.10366200,0.60366240,1.09926600,0.79926660,0.80532280,3.30219400,3.30311000,0.79882700,4.80926000,4.76906000,0.00940170, 3, 255, 7, 24,0x50000,No,No,No,No,No,Yes,No,Yes
2026-04-11 11:31:34,6.8,1700,591,,591,602,44,,200,,,648,,68.1,0.8031,0.6000,0.6000,1.1000,0.05757987,0.09076149,0.13467840,0.02927790,0.00000000,0.35328660,0.49186870,1.97353000,0.00048840,0.00061050,0.00457875,0.02600730,3.66451400,3.29889800,1.79828900,1.10805800,0.60109830,1.10036500,0.79963290,0.80612860,3.30219400,3.30311000,0.79882700,4.80524000,4.77576000,0.00854700, 3, 255, 7, 24,0x50000,No,No,No,No,No,Yes,No,Yes
2026-04-11 11:31:37,7.0,1700,591,,591,602,44,,200,,,648,,68.1,0.8031,0.6000,0.6000,1.1000,0.05172429,0.09661707,0.13370240,0.03318162,0.00000000,0.35621450,0.49186870,1.96460000,0.00048840,0.00073260,0.00457875,0.02612940,3.66822600,3.32952100,1.80024200,1.10549400,0.60512760,1.10036500,0.79853400,0.80532280,3.30036300,3.30219400,0.79882700,4.80792000,4.80658000,0.00940170, 3, 255, 7, 24,0x50000,No,No,No,No,No,Yes,No,Yes
2026-04-11 11:31:39,6.8,1700,591,,591,602,44,,200,,,648,,69.2,0.8031,0.6000,0.6000,1.1000,0.05270022,0.08880963,0.13565430,0.03122976,0.00000000,0.35426260,0.49284470,1.98246000,0.00048840,0.00061050,0.00457875,0.02600730,3.66822600,3.30724900,1.80024200,1.10439400,0.60256350,1.09999900,0.79963290,0.80612860,3.30219400,3.30311000,0.79912020,4.77576000,4.81328000,0.00940170, 3, 255, 7, 24,0x50000,No,No,No,No,No,Yes,No,Yes
2026-04-11 11:31:41,6.8,1700,591,,591,602,44,,200,,,648,,69.7,0.8031,0.6000,0.6000,1.1000,0.05074836,0.08783370,0.13467840,0.03220569,0.00000000,0.35328660,0.49382060,1.95567000,0.00097680,0.00067155,0.00500610,0.02612940,3.67101000,3.30910500,1.79828900,1.10805800,0.60586020,1.10036500,0.79963290,0.80639730,3.30219400,3.30494200,0.79970620,4.81060000,4.77576000,0.00940170, 3, 255, 7, 24,0x50000,No,No,No,No,No,Yes,No,Yes
2026-04-11 11:31:43,7.2,1700,591,,591,602,44,,200,,,648,,69.2,0.8031,0.6000,0.6000,1.1000,0.04977243,0.09076149,0.13370240,0.03220569,0.00000000,0.35426260,0.49382060,1.95567000,0.00048840,0.00073260,0.00494505,0.02588520,3.64781100,3.30260900,1.80024200,1.10805800,0.60659280,1.10036500,0.79963290,0.80532280,3.30219400,3.30402600,0.79794790,4.81328000,4.81462000,0.00854700, 3, 255, 7, 24,0x50000,No,No,No,No,No,Yes,No,Yes
2026-04-11 11:31:45,6.5,1700,591,,591,602,44,,200,,,648,,69.7,0.8031,0.6000,0.6000,1.1000,0.04782057,0.09076149,0.13370240,0.03122976,0.00000000,0.35523850,0.49577240,1.99139000,0.00073260,0.00073260,0.00457875,0.02612940,3.66822600,3.30168200,1.80024200,1.10769100,0.60329610,1.10109800,0.79926660,0.80586010,3.30036300,3.30311000,0.79882700,4.77576000,4.81596000,0.00940170, 3, 255, 7, 24,0x50000,No,No,No,No,No,Yes,No,Yes
2026-04-11 11:31:47,6.8,1700,591,,591,602,44,,200,,,648,,69.7,0.8031,0.6000,0.6000,1.1000,0.05270022,0.08685777,0.13272650,0.03220569,0.00000000,0.35426260,0.49186870,1.96460000,0.00073260,0.00073260,0.00457875,0.02612940,3.66822600,3.32766400,1.79926600,1.10366200,0.60256350,1.09926600,0.79853400,0.80586010,3.30127900,3.30311000,0.79882700,4.80926000,4.77442000,0.00940170, 3, 255, 7, 24,0x50000,No,No,No,No,No,Yes,No,Yes
2026-04-11 11:31:49,6.8,1700,591,,591,602,44,,200,,,648,,68.6,0.8031,0.6000,0.6000,1.1000,0.05562801,0.09661707,0.13760610,0.03513348,0.00000000,0.35426260,0.48991690,1.96460000,0.00073260,0.00048840,0.00445665,0.02576310,3.66451400,3.32580900,1.79828900,1.10146400,0.60219720,1.09999900,0.79926660,0.80586010,3.30219400,3.30311000,0.79882700,4.80792000,4.81462000,0.00940170, 3, 255, 7, 24,0x50000,No,No,No,No,No,Yes,No,Yes
2026-04-11 11:31:51,6.8,1700,591,,591,602,44,,200,,,648,,68.6,0.8031,0.6000,0.6000,1.1000,0.05172429,0.09173742,0.13663020,0.03513348,0.00000000,0.35523850,0.49186870,2.00032000,0.00097680,0.00061050,0.00500610,0.02576310,3.66822600,3.32952100,1.80024200,1.10622600,0.60183090,1.09926600,0.79926660,0.80639730,3.30219400,3.30311000,0.79912020,4.77308000,4.80926000,0.00940170, 3, 255, 7, 24,0x50000,No,No,No,No,No,Yes,No,Yes
2026-04-11 11:31:54,6.8,1800,636,,591,602,44,,200,,,648,,69.2,0.8031,0.6000,0.6000,1.1000,0.04977243,0.08880963,0.13370240,0.03122976,0.00000000,0.35328660,0.49186870,2.51826000,0.00054945,0.00073260,0.00457875,0.02612940,3.66358600,3.30168200,1.79828900,1.10549400,0.60512760,1.10036500,0.79926660,0.80639730,3.30311000,3.30311000,0.79794790,4.76772000,4.80792000,0.00940170, 3, 255, 7, 24,0x50000,No,No,No,No,No,Yes,No,Yes
2026-04-11 11:31:56,6.5,1700,591,,591,602,44,,200,,,648,,69.2,0.8031,0.6000,0.6000,1.1000,0.04782057,0.09076149,0.13565430,0.03025383,0.00000000,0.35328660,0.49382060,1.96460000,0.00073260,0.00073260,0.00500610,0.02588520,3.66822600,3.31467300,1.79828900,1.10769100,0.60659280,1.09999900,0.79926660,0.80532280,3.30219400,3.30311000,0.79882700,4.80792000,4.81328000,0.00940170, 3, 255, 7, 24,0x50000,No,No,No,No,No,Yes,No,Yes
2026-04-11 11:31:58,6.8,1700,591,,591,602,44,,200,,,648,,69.2,0.8031,0.6000,0.6000,1.1000,0.05074836,0.08880963,0.13272650,0.03318162,0.00000000,0.35621450,0.49479650,1.97353000,0.00073260,0.00073260,0.00457875,0.02576310,3.64781100,3.30724900,1.79926600,1.10476100,0.60659280,1.09926600,0.79999920,0.80586010,3.30036300,3.30311000,0.79824100,4.80926000,4.80658000,0.00940170, 3, 255, 7, 24,0x50000,No,No,No,No,No,Yes,No,Yes
2026-04-11 11:32:00,6.8,1700,591,,591,602,44,,200,,,648,,69.2,0.8031,0.6000,0.6000,1.1000,0.04782057,0.08880963,0.13467840,0.02830197,0.00000000,0.35621450,0.49186870,2.55398000,0.00048840,0.00073260,0.00457875,0.02600730,3.66822600,3.32952100,1.80024200,1.10146400,0.60329610,1.09963300,0.79890030,0.80586010,3.30219400,3.30402600,0.79882700,4.80122000,4.77174000,0.00940170, 3, 255, 7, 24,0x50000,No,No,No,No,No,Yes,No,Yes
2026-04-11 11:32:02,7.2,1800,636,,636,602,44,,200,,,648,,69.7,0.8031,0.6000,0.6000,1.1000,0.05367615,0.08880963,0.13370240,0.02830197,0.00000000,0.35621450,0.49284470,1.96460000,0.00097680,0.00103785,0.00457875,0.02612940,3.67008200,3.31838500,1.81684800,1.10586000,0.60476130,1.10036500,0.80036550,0.80612860,3.30311000,3.30402600,0.79941320,4.80658000,4.76906000,0.00940170, 3, 255, 7, 24,0x50000,No,No,No,No,No,Yes,No,Yes
2026-04-11 11:32:04,7.0,1800,636,,591,602,44,,200,,,648,,70.3,0.8031,0.6000,0.6000,1.1000,0.05270022,0.09076149,0.13565430,0.02927790,0.00000000,0.35523850,0.49284470,2.50040000,0.00048840,0.00061050,0.00494505,0.02600730,3.66544200,3.29518600,1.79828900,1.10476100,0.60366240,1.09999900,0.79963290,0.80612860,3.30311000,3.30494200,0.79941320,4.80524000,4.77576000,0.00940170, 3, 255, 7, 24,0x50000,No,No,No,No,No,Yes,No,Yes
2026-04-11 11:32:06,6.8,1700,591,,591,602,44,,200,,,648,,69.2,0.8031,0.6000,0.6000,1.1000,0.05270022,0.08978556,0.13467840,0.03122976,0.00000000,0.35231080,0.49284470,1.97353000,0.00073260,0.00073260,0.00506715,0.02588520,3.65152200,3.30168200,1.80024200,1.10586000,0.60476130,1.10036500,0.79999920,0.80693450,3.30402600,3.30768900,0.79824100,4.80390000,4.81194000,0.00940170, 3, 255, 7, 24,0x50000,No,No,No,No,No,Yes,No,Yes
2026-04-11 11:32:09,6.8,1800,636,,636,653,44,,200,,,648,,69.2,0.8168,0.6000,0.6000,1.1000,0.04879650,0.09076149,0.13370240,0.03025383,0.00000000,0.35328660,0.49186870,1.96460000,0.00073260,0.00073260,0.00457875,0.02576310,3.66822600,3.30168200,1.80024200,1.10586000,0.60549390,1.10036500,0.79853400,0.80586010,3.30036300,3.30311000,0.79882700,4.80122000,4.81462000,0.00940170, 3, 255, 7, 24,0x50000,No,No,No,No,No,Yes,No,Yes
2026-04-11 11:32:11,6.7,1700,591,,591,602,44,,200,,,648,,69.7,0.8031,0.6000,0.6000,1.1000,0.04782057,0.09564114,0.13175060,0.02927790,0.00000000,0.35133480,0.49382060,1.98246000,0.00073260,0.00073260,0.00457875,0.02576310,3.65152200,3.31281700,1.80024200,1.10622600,0.60549390,1.10036500,0.79926660,0.80586010,3.30036300,3.30768900,0.79882700,4.80122000,4.80658000,0.00940170, 3, 255, 7, 24,0x50000,No,No,No,No,No,Yes,No,Yes
2026-04-11 11:32:13,6.8,1700,591,,591,602,44,,200,,,648,,69.7,0.8031,0.6000,0.6000,1.1000,0.05367615,0.09173742,0.13565430,0.03415755,0.00000000,0.35621450,0.49577240,2.52719000,0.00048840,0.00054945,0.00433455,0.02600730,3.67008200,3.30168200,1.78852100,1.10695900,0.60695910,1.09926600,0.79999920,0.80586010,3.30402600,3.30402600,0.79853400,4.77040000,4.81194000,0.00940170, 3, 255, 7, 24,0x50000,No,No,No,No,No,Yes,No,Yes
2026-04-11 11:32:15,6.5,1700,591,,591,602,44,,200,,,648,,69.7,0.8168,0.6000,0.6000,1.1000,0.06050766,0.08880963,0.13175060,0.03415755,0.00000000,0.35523850,0.49382060,2.02711000,0.00073260,0.00073260,0.00457875,0.02576310,3.64595500,3.30168200,1.80024200,1.10549400,0.60659280,1.09999900,0.79926660,0.82036550,3.30127900,3.30402600,0.79882700,4.79854000,4.79586000,0.00940170, 3, 255, 7, 24,0x50000,No,No,No,No,No,Yes,No,Yes
2026-04-11 11:32:17,6.5,1700,591,,591,602,44,,200,,,648,,68.6,0.8031,0.6000,0.6000,1.1000,0.04684464,0.08880963,0.13565430,0.03122976,0.00000000,0.35328660,0.49382060,2.53612000,0.00073260,0.00073260,0.00488400,0.02588520,3.66822600,3.32952100,1.79828900,1.10805800,0.60549390,1.09999900,0.79853400,0.80586010,3.30219400,3.30219400,0.79882700,4.77576000,4.81328000,0.00940170, 3, 255, 7, 24,0x50000,No,No,No,No,No,Yes,No,Yes
2026-04-11 11:32:19,6.5,1700,591,,591,602,44,,200,,,648,,68.6,0.8031,0.6000,0.6000,1.1000,0.05465208,0.09076149,0.13565430,0.03122976,0.00000000,0.35426260,0.49186870,1.97353000,0.00073260,0.00073260,0.00494505,0.02576310,3.66729800,3.30168200,1.79926600,1.10292900,0.60256350,1.09999900,0.79999920,0.80586010,3.30402600,3.30768900,0.79882700,4.80658000,4.77174000,0.00940170, 3, 255, 7, 24,0x50000,No,No,No,No,No,Yes,No,Yes
2026-04-11 11:32:21,6.5,1700,591,,591,602,44,,200,,,648,,68.6,0.8031,0.6000,0.6000,1.1000,0.04879650,0.09368929,0.13077460,0.02830197,0.00000000,0.35426260,0.49382060,2.03604000,0.00054945,0.00073260,0.00488400,0.02600730,3.66451400,3.30539300,1.79828900,1.10695900,0.60622650,1.09999900,0.79816780,0.82090280,3.30311000,3.30494200,0.79882700,4.80524000,4.80524000,0.00940170, 3, 255, 7, 24,0x50000,No,No,No,No,No,Yes,No,Yes
2026-04-11 11:32:24,7.0,1700,591,,591,602,44,,200,,,648,,68.1,0.8031,0.6000,0.6000,1.1000,0.04782057,0.09076149,0.13467840,0.03025383,0.00000000,0.35621450,0.49284470,1.97353000,0.00073260,0.00054945,0.00476190,0.02588520,3.64409900,3.30260900,1.81684800,1.10659200,0.60292980,1.09999900,0.79963290,0.80586010,3.29944700,3.30402600,0.79853400,4.80658000,4.80792000,0.00940170, 3, 255, 7, 24,0x50000,No,No,No,No,No,Yes,No,Yes
2026-04-11 11:32:26,6.8,1800,636,,636,653,44,,200,,,648,,69.7,0.8168,0.6000,0.6000,1.1000,0.04586871,0.09076149,0.13467840,0.03220569,0.00000000,0.35328660,0.49479650,1.97353000,0.00048840,0.00073260,0.00494505,0.02612940,3.64873800,3.30168200,1.80024200,1.10439400,0.60256350,1.10036500,0.79926660,0.80586010,3.30219400,3.30311000,0.79882700,4.80792000,4.80792000,0.00940170, 3, 255, 7, 24,0x50000,No,No,No,No,No,Yes,No,Yes
2026-04-11 11:32:28,7.2,1700,591,,591,602,44,,200,,,648,,70.3,0.8031,0.6000,0.6000,1.1000,0.04977243,0.19421010,0.16395620,0.02830197,0.00000000,0.35523850,0.49577240,2.50040000,0.00097680,0.00054945,0.00494505,0.02576310,3.64966700,3.29889800,1.80024200,1.10622600,0.60219720,1.09963300,0.79926660,0.80586010,3.30219400,3.30219400,0.79882700,4.79184000,4.75298000,0.00940170, 3, 255, 7, 24,0x50000,No,No,No,No,No,Yes,No,Yes
2026-04-11 11:32:30,6.8,1700,591,,591,602,44,,200,,,648,,69.7,0.8031,0.6000,0.6000,1.1000,0.04879650,0.08783370,0.13663020,0.03318162,0.00000000,0.35621450,0.49382060,1.97353000,0.00097680,0.00067155,0.00500610,0.02576310,3.65245000,3.30168200,1.80024200,1.10622600,0.60366240,1.09999900,0.79853400,0.80586010,3.30219400,3.30402600,0.79882700,4.80926000,4.80658000,0.00940170, 3, 255, 7, 24,0x50000,No,No,No,No,No,Yes,No,Yes
2026-04-11 11:32:32,6.7,1700,591,,591,602,44,,200,,,648,,68.6,0.8031,0.6000,0.6000,1.1000,0.05172429,0.09076149,0.13370240,0.03220569,0.00000000,0.36402190,0.49089280,1.98246000,0.00097680,0.00054945,0.00494505,0.02637360,3.66822600,3.30168200,1.80024200,1.10622600,0.60402870,1.09999900,0.79926660,0.80532280,3.30219400,3.30311000,0.79882700,4.80792000,4.81328000,0.00854700, 3, 255, 7, 24,0x50000,No,No,No,No,No,Yes,No,Yes
2026-04-11 11:32:34,6.8,1700,591,,591,602,44,,200,,,648,,69.2,0.8031,0.6000,0.6000,1.1000,0.05562801,0.09076149,0.13370240,0.03122976,0.00000000,0.35426260,0.49284470,1.97353000,0.00048840,0.00073260,0.00488400,0.02612940,3.64966700,3.31281700,1.79926600,1.10695900,0.60476130,1.09926600,0.79999920,0.80586010,3.30402600,3.30402600,0.79824100,4.80658000,4.80658000,0.00940170, 3, 255, 7, 24,0x50000,No,No,No,No,No,Yes,No,Yes
2026-04-11 11:32:37,6.5,1700,591,,636,653,44,,200,,,648,,69.2,0.8168,0.6000,0.6000,1.1000,0.05074836,0.09466522,0.13175060,0.02927790,0.00000000,0.35621450,0.49382060,2.04497000,0.00073260,0.00073260,0.00457875,0.02612940,3.66729800,3.30168200,1.79926600,1.10805800,0.60402870,1.10036500,0.79999920,0.82036550,3.30402600,3.30402600,0.79882700,4.79586000,4.76370000,0.00940170, 3, 255, 7, 24,0x50000,No,No,No,No,No,Yes,No,Yes
2026-04-11 11:32:39,6.8,1700,591,,591,602,44,,200,,,648,,69.7,0.8031,0.6000,0.6000,1.1000,0.04782057,0.09076149,0.13370240,0.02635011,0.00000000,0.35523850,0.49382060,1.97353000,0.00073260,0.00054945,0.00476190,0.02612940,3.64781100,3.30724900,1.78900900,1.10549400,0.60402870,1.09853400,0.80036550,0.80586010,3.30402600,3.30311000,0.79824100,4.80658000,4.81060000,0.00940170, 3, 255, 7, 24,0x50000,No,No,No,No,No,Yes,No,Yes
2026-04-11 11:32:41,6.7,1700,591,,591,602,44,,200,,,648,,68.6,0.8031,0.6000,0.6000,1.1000,0.04879650,0.09076149,0.13175060,0.03220569,0.00000000,0.35523850,0.49479650,2.53612000,0.00048840,0.00054945,0.00476190,0.02612940,3.66729800,3.30724900,1.78852100,1.10512700,0.60476130,1.09963300,0.79926660,0.80586010,3.30127900,3.30311000,0.79824100,4.77174000,4.81060000,0.00854700, 3, 255, 7, 24,0x50000,No,No,No,No,No,Yes,No,Yes
2026-04-11 11:32:43,7.0,1700,591,,591,653,43,,200,,,648,,69.2,0.8168,0.6000,0.6000,1.1000,0.04879650,0.10052080,0.13370240,0.02927790,0.00000000,0.35426260,0.49284470,2.65221000,0.00054945,0.00073260,0.00494505,0.02576310,3.66451400,3.32580900,1.79828900,1.10879000,0.60586020,1.09999900,0.79963290,0.82063420,3.29944700,3.30402600,0.79882700,4.76370000,4.80524000,0.00854700, 3, 255, 7, 24,0x50000,No,No,No,No,No,Yes,No,Yes
2026-04-11 11:32:45,6.5,1800,636,,636,653,44,,200,,,648,,70.3,0.8031,0.6000,0.6000,1.1000,0.04879650,0.09076149,0.13370240,0.03025383,0.00000000,0.35523850,0.48991690,2.56291000,0.00073260,0.00054945,0.00457875,0.02576310,3.66915400,3.30724900,1.81684800,1.10915600,0.62051220,1.09926600,0.79890030,0.80612860,3.30219400,3.30494200,0.79941320,4.76906000,4.80524000,0.00854700, 3, 255, 7, 24,0x50000,No,No,No,No,No,Yes,No,Yes
2026-04-11 11:32:47,6.8,1800,636,,591,602,44,,200,,,648,,69.7,0.8031,0.6000,0.6000,1.1000,0.04684464,0.12784680,0.16590810,0.02927790,0.00000000,0.35426260,0.49186870,2.53612000,0.00073260,0.00073260,0.00457875,0.02600730,3.66080200,3.30168200,1.79828900,1.10805800,0.60402870,1.10036500,0.79926660,0.80559140,3.30036300,3.30311000,0.79882700,4.78782000,4.75834000,0.00940170, 3, 255, 7, 24,0x50000,No,No,No,No,No,Yes,No,Yes
2026-04-11 11:32:49,6.8,1700,591,,591,602,44,,200,,,648,,69.2,0.8031,0.6000,0.6000,1.1000,0.04684464,0.08880963,0.13565430,0.02830197,0.00000000,0.35523850,0.54066520,1.99139000,0.00097680,0.00054945,0.00500610,0.02588520,3.65152200,3.30168200,1.79926600,1.10549400,0.60402870,1.09926600,0.79926660,0.80586010,3.30036300,3.30311000,0.79882700,4.77040000,4.80658000,0.00940170, 3, 255, 7, 24,0x50000,No,No,No,No,No,Yes,No,Yes
2026-04-11 11:32:52,7.0,1800,636,,636,653,44,,200,,,648,,69.2,0.8031,0.6000,0.6000,1.1000,0.04782057,0.08978556,0.13370240,0.03318162,0.00000000,0.35328660,0.49284470,1.99139000,0.00073260,0.00079365,0.00476190,0.02588520,3.64781100,3.30724900,1.78852100,1.10769100,0.60402870,1.09926600,0.79999920,0.80586010,3.30219400,3.30402600,0.79941320,4.79586000,4.81060000,0.00940170, 3, 255, 7, 24,0x50000,No,No,No,No,No,Yes,No,Yes
2026-04-11 11:32:54,6.5,1700,591,,591,602,44,,200,,,648,,69.2,0.8031,0.6000,0.6000,1.1000,0.04782057,0.08783370,0.13370240,0.03220569,0.00000000,0.35523850,0.49186870,1.98246000,0.00073260,0.00079365,0.00457875,0.02588520,3.66265800,3.30724900,1.78852100,1.10146400,0.60219720,1.09999900,0.79890030,0.80586010,3.30311000,3.30402600,0.79941320,4.80658000,4.81060000,0.00940170, 3, 255, 7, 24,0x50000,No,No,No,No,No,Yes,No,Yes
2026-04-11 11:32:56,6.8,1700,591,,591,602,44,,200,,,648,,69.7,0.8031,0.6000,0.6000,1.1000,0.05465208,0.08978556,0.13663020,0.03513348,0.00000000,0.36597380,0.49186870,2.00032000,0.00048840,0.00054945,0.00488400,0.02588520,3.67008200,3.31560100,1.78852100,1.10769100,0.60769170,1.09999900,0.79999920,0.80586010,3.30402600,3.30402600,0.79941320,4.77174000,4.80658000,0.00940170, 3, 255, 7, 24,0x50000,No,No,No,No,No,Yes,No,Yes
2026-04-11 11:32:58,6.8,1700,591,,591,602,44,,200,,,648,,69.2,0.8168,0.6000,0.6000,1.1000,0.04782057,0.09661707,0.13565430,0.03318162,0.00000000,0.35719040,0.49186870,2.66114000,0.00073260,0.00073260,0.00500610,0.02600730,3.66080200,3.30260900,1.80024200,1.10695900,0.60476130,1.09890000,0.79853400,0.82036550,3.30219400,3.30402600,0.79882700,4.75566000,4.79586000,0.00854700, 3, 255, 7, 24,0x50000,No,No,No,No,No,Yes,No,Yes
2026-04-11 11:33:00,6.7,1700,591,,591,602,44,,200,,,648,,70.3,0.8031,0.6000,0.6000,1.1000,0.04977243,0.09076149,0.13467840,0.03025383,0.00000000,0.35523850,0.49382060,2.00032000,0.00073260,0.00054945,0.00451770,0.02576310,3.66729800,3.29982600,1.78900900,1.10952300,0.60622650,1.10036500,0.79999920,0.80586010,3.30402600,3.30402600,0.79882700,4.80658000,4.76906000,0.00940170, 3, 255, 7, 24,0x50000,No,No,No,No,No,Yes,No,Yes
2026-04-11 11:33:02,7.0,1700,591,,591,602,44,,200,,,648,,69.2,0.8031,0.6000,0.6000,1.1000,0.05562801,0.08880963,0.13175060,0.03122976,0.00000000,0.37670900,0.49479650,1.98246000,0.00048840,0.00067155,0.00488400,0.02588520,3.66729800,3.30724900,1.78852100,1.10586000,0.60659280,1.10036500,0.79926660,0.80586010,3.30219400,3.30402600,0.79882700,4.80122000,4.80792000,0.00940170, 3, 255, 7, 24,0x50000,No,No,No,No,No,Yes,No,Yes
2026-04-11 11:33:05,6.7,1700,591,,591,602,44,,200,,,648,,70.3,0.8031,0.6000,0.6000,1.1000,0.04879650,0.08880963,0.13370240,0.03122976,0.00000000,0.35523850,0.49577240,2.00925000,0.00073260,0.00079365,0.00476190,0.02576310,3.65152200,3.30817700,1.79535800,1.10769100,0.60476130,1.10036500,0.79890030,0.80612860,3.30402600,3.30402600,0.79824100,4.80658000,4.81060000,0.00940170, 3, 255, 7, 24,0x50000,No,No,No,No,No,Yes,No,Yes
2026-04-11 11:33:07,7.0,1700,591,,591,602,44,,200,,,648,,69.7,0.8031,0.6000,0.6000,1.1000,0.04879650,0.13370240,0.16298030,0.03122976,0.00000000,0.35523850,0.49284470,2.01818000,0.00054945,0.00073260,0.00494505,0.02576310,3.65987400,3.32952100,1.79828900,1.10769100,0.60329610,1.09963300,0.79926660,0.80586010,3.30219400,3.30585700,0.79912020,4.74762000,4.79184000,0.00940170, 3, 255, 7, 24,0x50000,No,No,No,No,No,Yes,No,Yes
2026-04-11 11:33:09,7.0,1700,591,,591,602,44,,200,,,648,,69.7,0.8031,0.6000,0.6000,1.1000,0.05367615,0.09173742,0.13565430,0.03025383,0.00000000,0.35426260,0.49382060,2.55398000,0.00097680,0.00067155,0.00476190,0.02612940,3.66822600,3.30724900,1.79926600,1.10439400,0.60512760,1.09999900,0.79926660,0.80639730,3.30219400,3.30585700,0.79882700,4.79854000,4.77442000,0.00940170, 3, 255, 7, 24,0x50000,No,No,No,No,No,Yes,No,Yes
2026-04-11 11:33:11,6.8,1700,591,,591,602,44,,200,,,648,,69.2,0.8031,0.6000,0.6000,1.1000,0.05562801,0.09076149,0.13565430,0.03025383,0.00000000,0.35523850,0.49186870,2.00032000,0.00073260,0.00054945,0.00476190,0.02588520,3.66729800,3.29889800,1.78900900,1.10512700,0.60476130,1.10036500,0.79890030,0.80586010,3.29944700,3.30402600,0.79853400,4.80658000,4.77576000,0.00854700, 3, 255, 7, 24,0x50000,No,No,No,No,No,Yes,No,Yes
2026-04-11 11:33:13,6.8,1700,591,,591,602,44,,200,,,648,,70.3,0.8031,0.6000,0.6000,1.1000,0.04879650,0.08783370,0.13565430,0.03318162,0.00000000,0.35719040,0.49382060,2.00032000,0.00097680,0.00073260,0.00488400,0.02564100,3.64873800,3.30168200,1.79828900,1.10769100,0.60439500,1.09999900,0.79816780,0.80639730,3.30311000,3.30311000,0.79794790,4.80524000,4.80792000,0.00940170, 3, 255, 7, 24,0x50000,No,No,No,No,No,Yes,No,Yes
2026-04-11 11:33:15,6.8,1700,591,,591,602,44,,200,,,648,,69.2,0.8031,0.6000,0.6000,1.1000,0.04879650,0.08880963,0.13565430,0.03122976,0.00000000,0.35621450,0.49382060,1.99139000,0.00054945,0.00073260,0.00488400,0.02576310,3.66451400,3.32580900,1.80024200,1.10476100,0.60695910,1.09963300,0.79926660,0.80586010,3.30219400,3.30311000,0.79912020,4.80792000,4.75566000,0.00940170, 3, 255, 7, 24,0x50000,No,No,No,No,No,Yes,No,Yes
2026-04-11 11:33:17,7.0,1700,591,,591,602,44,,200,,,648,,69.2,0.8031,0.6000,0.6000,1.1000,0.04977243,0.08978556,0.13565430,0.03122976,0.00000000,0.35426260,0.49382060,2.00032000,0.00073260,0.00073260,0.00494505,0.02600730,3.66729800,3.30168200,1.80024200,1.10805800,0.60183090,1.10036500,0.79890030,0.80586010,3.30127900,3.30402600,0.79824100,4.80122000,4.80658000,0.00854700, 3, 255, 7, 24,0x50000,No,No,No,No,No,Yes,No,Yes
2026-04-11 11:33:20,7.0,1700,591,,591,602,44,,200,,,648,,69.2,0.8031,0.6000,0.6000,1.1000,0.05074836,0.09076149,0.13467840,0.03513348,0.00000000,0.35523850,0.49089280,2.08069000,0.00073260,0.00073260,0.00488400,0.02576310,3.66451400,3.32952100,1.79828900,1.10146400,0.60402870,1.10036500,0.79890030,0.80586010,3.30219400,3.30311000,0.79882700,4.75834000,4.79586000,0.00940170, 3, 255, 7, 24,0x50000,No,No,No,No,No,Yes,No,Yes
2026-04-11 11:33:22,6.8,1700,591,,591,602,44,,200,,,648,,69.7,0.8031,0.6000,0.6000,1.1000,0.05074836,0.09173742,0.13467840,0.02830197,0.00000000,0.35523850,0.49284470,2.00032000,0.00048840,0.00073260,0.00488400,0.02612940,3.66358600,3.29889800,1.80024200,1.10549400,0.60329610,1.09963300,0.79926660,0.80639730,3.30219400,3.30311000,0.79882700,4.80256000,4.77710000,0.00940170, 3, 255, 7, 24,0x50000,No,No,No,No,No,Yes,No,Yes
2026-04-11 11:33:24,6.8,1700,591,,591,602,44,,200,,,648,,71.4,0.8031,0.6000,0.6000,1.1000,0.04879650,0.09564114,0.13467840,0.03318162,0.00000000,0.35523850,0.49284470,2.54505000,0.00097680,0.00067155,0.00488400,0.02576310,3.66358600,3.32580900,1.79828900,1.10695900,0.60549390,1.10109800,0.79963290,0.80612860,3.30219400,3.30494200,0.79882700,4.80658000,4.80256000,0.00940170, 3, 255, 7, 24,0x50000,No,No,No,No,No,Yes,No,Yes
2026-04-11 11:33:26,7.0,1700,591,,591,653,44,,200,,,648,,69.2,0.8168,0.6000,0.6000,1.1000,0.04977243,0.15322100,0.13370240,0.03220569,0.00000000,0.35426260,0.49577240,2.67007000,0.00097680,0.00067155,0.00470085,0.02612940,3.64873800,3.30260900,1.79096300,1.11062200,0.60549390,1.10036500,0.79999920,0.82009690,3.30402600,3.30402600,0.79853400,4.74226000,4.78514000,0.00940170, 3, 255, 7, 24,0x50000,No,No,No,No,No,Yes,No,Yes
2026-04-11 11:33:28,6.8,1700,591,,591,653,44,,200,,,648,,69.2,0.8168,0.6000,0.6000,1.1000,0.05172429,0.08880963,0.13272650,0.02927790,0.00000000,0.35621450,0.49577240,2.67007000,0.00054945,0.00073260,0.00494505,0.02588520,3.65616200,3.29518600,1.80659200,1.10512700,0.60549390,1.09963300,0.79999920,0.82009690,3.30127900,3.30402600,0.79882700,4.79586000,4.75834000,0.00940170, 3, 255, 7, 24,0x50000,No,No,No,No,No,Yes,No,Yes
2026-04-11 11:33:30,6.8,1700,591,,591,602,44,,200,,,648,,69.2,0.8168,0.6000,0.6000,1.1000,0.04782057,0.09076149,0.13565430,0.03025383,0.00000000,0.35523850,0.49186870,2.67007000,0.00073260,0.00073260,0.00494505,0.02588520,3.66080200,3.29889800,1.79926600,1.10549400,0.60476130,1.10036500,0.79926660,0.82036550,3.30402600,3.30402600,0.79853400,4.79854000,4.76370000,0.00940170, 3, 255, 7, 24,0x50000,No,No,No,No,No,Yes,No,Yes
2026-04-11 11:33:32,6.8,1700,591,,591,602,44,,199,,,648,,69.2,0.8031,0.6000,0.6000,1.1000,0.05465208,0.09759300,0.13272650,0.02927790,0.00000000,0.35426260,0.49186870,2.00032000,0.00048840,0.00073260,0.00457875,0.02588520,3.66265800,3.31467300,1.79926600,1.10512700,0.60402870,1.09926600,0.79999920,0.80586010,3.30402600,3.30402600,0.79824100,4.80122000,4.78514000,0.00940170, 3, 255, 7, 24,0x50000,No,No,No,No,No,Yes,No,Yes
2026-04-11 11:33:35,7.0,1700,591,,591,602,44,,200,,,648,,69.2,0.8031,0.6000,0.6000,1.1000,0.04977243,0.08978556,0.13370240,0.03025383,0.00000000,0.35719040,0.49382060,2.55398000,0.00097680,0.00067155,0.00500610,0.02600730,3.66729800,3.30168200,1.80024200,1.10476100,0.60366240,1.10036500,0.79926660,0.80586010,3.30219400,3.30585700,0.79882700,4.80792000,4.77174000,0.00940170, 3, 255, 7, 24,0x50000,No,No,No,No,No,Yes,No,Yes
2026-04-11 11:33:37,6.8,1700,591,,591,602,44,,200,,,648,,70.3,0.8031,0.6000,0.6000,1.1000,0.04782057,0.09271335,0.13565430,0.03220569,0.00000000,0.36304600,0.49186870,2.00925000,0.00097680,0.00067155,0.00506715,0.02600730,3.66729800,3.30168200,1.80024200,1.10476100,0.60549390,1.09999900,0.79926660,0.80586010,3.30036300,3.30311000,0.79882700,4.80122000,4.80658000,0.00854700, 3, 255, 7, 24,0x50000,No,No,No,No,No,Yes,No,Yes
2026-04-11 11:33:39,6.8,1700,591,,591,602,44,,200,,,648,,70.3,0.8031,0.6000,0.6000,1.1000,0.04879650,0.08685777,0.13760610,0.03318162,0.00000000,0.35621450,0.49382060,2.00032000,0.00097680,0.00079365,0.00451770,0.02600730,3.64781100,3.30724900,1.78900900,1.10146400,0.60695910,1.09963300,0.79999920,0.80586010,3.30219400,3.30402600,0.79882700,4.75834000,4.80658000,0.00854700, 3, 255, 7, 24,0x50000,No,No,No,No,No,Yes,No,Yes
2026-04-11 11:33:41,6.8,1700,591,,636,653,43,,200,,,648,,70.8,0.8168,0.6000,0.6000,1.1000,0.04782057,0.09076149,0.13467840,0.03122976,0.00000000,0.36792560,0.49382060,2.06283000,0.00073260,0.00067155,0.00470085,0.02588520,3.64317100,3.29518600,1.79389300,1.10366200,0.60366240,1.09999900,0.79963290,0.82117140,3.30311000,3.30494200,0.79853400,4.79988000,4.80792000,0.00940170, 3, 255, 7, 24,0x50000,No,No,No,No,No,Yes,No,Yes
2026-04-11 11:33:43,6.8,1700,591,,636,653,43,,200,,,648,,70.3,0.8168,0.6000,0.6000,1.1000,0.04977243,0.09856894,0.13467840,0.03220569,0.00000000,0.35523850,0.52700220,2.08069000,0.00097680,0.00097680,0.00488400,0.02576310,3.65894600,3.29889800,1.81684800,1.10659200,0.60329610,1.09853400,0.79926660,0.82144000,3.30219400,3.30311000,0.79882700,4.76236000,4.79854000,0.00940170, 3, 255, 7, 24,0x50000,No,No,No,No,No,Yes,No,Yes
2026-04-11 11:33:45,6.8,1700,591,,591,602,44,,200,,,648,,71.4,0.8031,0.6000,0.6000,1.1000,0.05562801,0.08588185,0.13467840,0.03122976,0.00000000,0.35426260,0.49382060,2.00032000,0.00097680,0.00073260,0.00457875,0.02564100,3.66265800,3.30168200,1.79926600,1.10366200,0.60366240,1.10036500,0.79999920,0.80586010,3.30402600,3.30402600,0.79824100,4.80122000,4.80658000,0.00940170, 3, 255, 7, 24,0x50000,No,No,No,No,No,Yes,No,Yes
2026-04-11 11:33:47,7.0,1700,591,,591,602,44,,200,,,648,,70.8,0.8031,0.6000,0.6000,1.1000,0.04977243,0.08880963,0.13663020,0.03122976,0.00000000,0.37866080,0.49186870,2.00032000,0.00097680,0.00067155,0.00476190,0.02612940,3.64781100,3.29889800,1.79926600,1.10549400,0.60329610,1.09999900,0.79853400,0.80693450,3.30036300,3.30311000,0.79882700,4.79854000,4.80658000,0.00940170, 3, 255, 7, 24,0x50000,No,No,No,No,No,Yes,No,Yes
2026-04-11 11:33:50,6.8,1800,636,,636,653,44,,200,,,648,,70.8,0.8031,0.6000,0.6000,1.1000,0.04977243,0.09368929,0.13565430,0.03025383,0.00000000,0.35426260,0.49382060,2.00925000,0.00054945,0.00073260,0.00457875,0.02637360,3.66265800,3.30168200,1.80024200,1.10622600,0.60769170,1.09963300,0.79853400,0.80586010,3.30036300,3.30311000,0.79912020,4.80122000,4.79586000,0.00940170, 3, 255, 7, 24,0x50000,No,No,No,No,No,Yes,No,Yes
2026-04-11 11:33:52,6.5,1700,591,,591,602,44,,200,,,648,,69.2,0.8031,0.6000,0.6000,1.1000,0.05465208,0.08880963,0.13077460,0.03025383,0.00000000,0.35426260,0.49577240,2.00032000,0.00048840,0.00097680,0.00463980,0.02600730,3.64781100,3.30724900,1.78852100,1.10512700,0.60476130,1.09999900,0.79816780,0.80586010,3.29944700,3.30402600,0.79882700,4.75968000,4.80524000,0.00940170, 3, 255, 7, 24,0x50000,No,No,No,No,No,Yes,No,Yes
2026-04-11 11:33:54,6.8,1700,591,,591,602,44,,200,,,648,,69.2,0.8031,0.6000,0.6000,1.1000,0.04977243,0.09466522,0.13272650,0.03122976,0.00000000,0.35523850,0.49382060,2.53612000,0.00054945,0.00073260,0.00488400,0.02576310,3.66729800,3.30168200,1.78900900,1.10439400,0.60695910,1.10036500,0.79926660,0.80559140,3.30219400,3.30311000,0.79882700,4.79854000,4.77174000,0.00940170, 3, 255, 7, 24,0x50000,No,No,No,No,No,Yes,No,Yes
2026-04-11 11:33:56,7.2,1700,591,,591,602,44,,200,,,648,,69.7,0.8031,0.6000,0.6000,1.1000,0.04977243,0.08783370,0.13663020,0.03122976,0.00000000,0.35523850,0.49284470,2.57184000,0.00073260,0.00073260,0.00457875,0.02612940,3.65987400,3.29889800,1.79877700,1.10366200,0.60219720,1.09963300,0.79926660,0.80532280,3.30219400,3.30311000,0.79882700,4.80792000,4.77174000,0.00940170, 3, 255, 7, 24,0x50000,No,No,No,No,No,Yes,No,Yes
2026-04-11 11:33:58,6.8,1800,636,,636,602,43,,200,,,648,,69.2,0.8031,0.6000,0.6000,1.1000,0.04782057,0.08880963,0.13663020,0.03025383,0.00000000,0.35523850,0.49284470,2.00925000,0.00073260,0.00073260,0.00457875,0.02576310,3.66822600,3.32766400,1.79926600,1.10256300,0.60402870,1.09999900,0.79999920,0.80586010,3.30036300,3.30402600,0.79824100,4.80122000,4.80122000,0.00854700, 3, 255, 7, 24,0x50000,No,No,No,No,No,Yes,No,Yes
2026-04-11 11:34:00,6.8,1700,591,,636,653,43,,200,,,648,,70.8,0.8168,0.6000,0.6000,1.1000,0.05757987,0.08880963,0.13272650,0.03220569,0.00000000,0.35523850,0.49967620,2.07176000,0.00054945,0.00054945,0.00470085,0.02576310,3.65894600,3.29425800,1.81684800,1.10439400,0.60549390,1.10036500,0.79999920,0.82036550,3.30402600,3.30402600,0.79882700,4.75566000,4.79586000,0.00940170, 3, 255, 7, 24,0x50000,No,No,No,No,No,Yes,No,Yes
2026-04-11 11:34:02,6.8,1700,591,,591,602,44,,200,,,648,,70.8,0.8031,0.6000,0.6000,1.1000,0.04782057,0.09271335,0.13663020,0.03220569,0.00000000,0.35621450,0.49382060,2.01818000,0.00048840,0.00073260,0.00433455,0.02588520,3.66729800,3.30168200,1.80024200,1.10769100,0.60329610,1.09999900,0.79926660,0.80586010,3.30127900,3.30311000,0.79882700,4.79854000,4.80658000,0.00940170, 3, 255, 7, 24,0x50000,No,No,No,No,No,Yes,No,Yes
2026-04-11 11:34:05,6.5,1700,591,,591,602,44,,200,,,648,,70.3,0.8031,0.6000,0.6000,1.1000,0.04879650,0.09076149,0.13467840,0.03122976,0.00000000,0.35719040,0.52505040,2.00925000,0.00048840,0.00073260,0.00457875,0.02576310,3.65152200,3.30724900,1.78900900,1.10695900,0.60402870,1.09999900,0.79999920,0.80586010,3.30219400,3.30402600,0.79853400,4.77174000,4.80524000,0.00854700, 3, 255, 7, 24,0x50000,No,No,No,No,No,Yes,No,Yes
2026-04-11 11:34:07,7.0,1700,591,,591,602,44,,200,,,648,,70.3,0.8031,0.6000,0.6000,1.1000,0.04782057,0.09076149,0.13565430,0.03122976,0.00000000,0.36499780,0.49577240,2.00925000,0.00097680,0.00073260,0.00488400,0.02600730,3.66080200,3.32952100,1.80024200,1.10805800,0.60549390,1.10183000,0.79926660,0.80586010,3.30219400,3.30311000,0.79882700,4.80792000,4.77442000,0.00940170, 3, 255, 7, 24,0x50000,No,No,No,No,No,Yes,No,Yes
2026-04-11 11:34:09,6.5,1700,591,,591,602,44,,200,,,648,,70.3,0.8031,0.6000,0.6000,1.1000,0.04977243,0.08880963,0.13663020,0.13370240,0.00000000,0.35719040,0.49089280,2.00925000,0.00048840,0.00061050,0.00457875,0.02588520,3.64595500,3.30168200,1.80024200,1.10805800,0.60219720,1.09999900,0.79926660,0.80639730,3.30219400,3.30311000,0.79794790,4.80792000,4.80122000,0.00940170, 3, 255, 7, 24,0x50000,No,No,No,No,No,Yes,No,Yes
2026-04-11 11:34:11,6.8,1700,591,,591,653,43,,200,,,648,,69.7,0.8168,0.6000,0.6000,1.1000,0.04879650,0.08880963,0.13272650,0.03220569,0.00000000,0.35621450,0.49284470,2.08962000,0.00073260,0.00073260,0.00500610,0.02576310,3.64038700,3.30168200,1.80024200,1.10695900,0.60402870,1.09999900,0.79963290,0.82036550,3.30219400,3.30311000,0.79882700,4.79854000,4.79586000,0.00940170, 3, 255, 7, 24,0x50000,No,No,No,No,No,Yes,No,Yes
2026-04-11 11:34:13,6.8,1800,636,,591,602,44,,200,,,648,,70.8,0.8031,0.6000,0.6000,1.1000,0.04977243,0.08880963,0.13663020,0.03025383,0.00000000,0.35523850,0.50845950,2.01818000,0.00073260,0.00073260,0.00500610,0.02588520,3.64781100,3.31281700,1.78852100,1.10769100,0.60695910,1.09999900,0.79999920,0.80586010,3.30036300,3.30402600,0.79882700,4.76370000,4.80658000,0.00940170, 3, 255, 7, 24,0x50000,No,No,No,No,No,Yes,No,Yes
2026-04-11 11:34:15,6.5,1700,591,,591,602,44,,200,,,648,,69.7,0.8031,0.6000,0.6000,1.1000,0.05562801,0.10149670,0.13565430,0.03318162,0.00000000,0.36597380,0.49284470,2.01818000,0.00097680,0.00067155,0.00488400,0.02564100,3.66080200,3.32766400,1.80024200,1.10769100,0.60402870,1.09999900,0.79926660,0.80559140,3.30219400,3.30311000,0.79912020,4.80256000,4.79854000,0.00940170, 3, 255, 7, 24,0x50000,No,No,No,No,No,Yes,No,Yes
2026-04-11 11:34:17,6.8,1700,591,,636,653,43,,200,,,648,,69.2,0.8168,0.6000,0.6000,1.1000,0.04977243,0.08783370,0.13663020,0.03122976,0.00000000,0.35719040,0.49382060,2.01818000,0.00073260,0.00073260,0.00457875,0.02588520,3.64873800,3.31467300,1.79828900,1.10512700,0.60073200,1.09963300,0.79926660,0.80586010,3.30219400,3.30311000,0.79882700,4.76504000,4.79586000,0.00940170, 3, 255, 7, 24,0x50000,No,No,No,No,No,Yes,No,Yes
2026-04-11 11:34:20,6.8,1700,591,,591,602,44,,200,,,648,,69.7,0.8031,0.6000,0.6000,1.1000,0.04977243,0.08880963,0.13565430,0.02635011,0.00000000,0.36694970,0.49186870,2.00925000,0.00097680,0.00079365,0.00476190,0.02588520,3.66265800,3.29889800,1.79926600,1.10292900,0.60476130,1.10036500,0.79999920,0.80586010,3.30036300,3.30402600,0.79824100,4.80122000,4.79050000,0.00940170, 3, 255, 7, 24,0x50000,No,No,No,No,No,Yes,No,Yes
2026-04-11 11:34:22,6.8,1800,636,,636,653,44,,200,,,648,,70.8,0.8168,0.6000,0.6000,1.1000,0.04977243,0.08880963,0.13467840,0.03122976,0.00000000,0.35621450,0.49089280,2.02711000,0.00097680,0.00054945,0.00433455,0.02576310,3.66265800,3.30724900,1.78852100,1.10769100,0.60256350,1.10036500,0.79890030,0.80586010,3.30036300,3.30311000,0.79882700,4.80792000,4.77174000,0.00940170, 3, 255, 7, 24,0x50000,No,No,No,No,No,Yes,No,Yes
2026-04-11 11:34:24,6.5,1700,591,,591,602,44,,200,,,648,,69.7,0.8031,0.6000,0.6000,1.1000,0.04977243,0.09076149,0.13370240,0.03318162,0.00000000,0.36792560,0.49479650,2.02711000,0.00097680,0.00103785,0.00470085,0.02588520,3.66729800,3.30817700,1.78754400,1.10988900,0.60183090,1.10036500,0.79999920,0.80586010,3.30127900,3.30402600,0.79824100,4.79586000,4.80658000,0.00940170, 3, 255, 7, 24,0x50000,No,No,No,No,No,Yes,No,Yes
2026-04-11 11:34:26,7.0,1700,591,,591,602,44,,200,,,648,,70.3,0.8031,0.6000,0.6000,1.1000,0.04782057,0.09271335,0.13370240,0.03025383,0.00000000,0.35621450,0.49382060,2.02711000,0.00073260,0.00073260,0.00500610,0.02588520,3.66265800,3.30168200,1.79926600,1.10402800,0.60476130,1.09999900,0.79926660,0.80586010,3.30219400,3.30311000,0.79882700,4.80122000,4.80658000,0.00854700, 3, 255, 7, 24,0x50000,No,No,No,No,No,Yes,No,Yes
2026-04-11 11:34:28,6.5,1700,591,,591,602,44,,200,,,648,,70.8,0.8031,0.6000,0.6000,1.1000,0.04782057,0.09271335,0.13370240,0.03122976,0.00000000,0.35426260,0.49089280,2.16106000,0.00097680,0.00054945,0.00433455,0.02588520,3.65523400,3.30260900,1.81684800,1.10769100,0.60439500,1.10109800,0.79926660,0.82090280,3.29944700,3.30311000,0.79794790,4.75700000,4.79988000,0.00940170, 3, 255, 7, 24,0x50000,No,No,No,No,No,Yes,No,Yes
2026-04-11 11:34:30,6.5,1700,591,,591,602,44,,200,,,648,,70.8,0.8031,0.6000,0.6000,1.1000,0.05660394,0.09173742,0.13663020,0.03025383,0.00000000,0.35426260,0.49577240,2.02711000,0.00097680,0.00103785,0.00433455,0.02588520,3.65523400,3.30724900,1.81684800,1.10769100,0.60109830,1.09999900,0.79999920,0.80586010,3.30402600,3.30402600,0.79824100,4.79586000,4.76370000,0.00940170, 3, 255, 7, 24,0x50000,No,No,No,No,No,Yes,No,Yes
2026-04-11 11:34:32,6.8,1700,591,,591,602,44,,200,,,648,,70.8,0.8031,0.6000,0.6000,1.1000,0.04977243,0.12784680,0.16493220,0.03025383,0.00000000,0.35523850,0.49186870,2.58077000,0.00073260,0.00073260,0.00500610,0.02576310,3.65152200,3.35735900,1.80024200,1.10915600,0.60476130,1.09999900,0.79926660,0.80693450,3.30219400,3.30219400,0.79882700,4.75432000,4.79318000,0.00940170, 3, 255, 7, 24,0x50000,No,No,No,No,No,Yes,No,Yes
2026-04-11 11:34:35,7.2,1800,636,,636,653,44,,200,,,648,,71.4,0.8168,0.6000,0.6000,1.1000,0.04684464,0.09661707,0.13565430,0.03220569,0.00000000,0.35523850,0.49479650,2.02711000,0.00097680,0.00103785,0.00476190,0.02600730,3.66544200,3.31560100,1.78852100,1.10769100,0.60695910,1.09999900,0.79999920,0.80586010,3.30219400,3.30311000,0.79853400,4.79854000,4.76370000,0.00940170, 3, 255, 7, 24,0x50000,No,No,No,No,No,Yes,No,Yes
2026-04-11 11:34:37,7.0,1700,591,,591,602,44,,200,,,648,,70.3,0.8031,0.6000,0.6000,1.1000,0.04977243,0.09271335,0.13467840,0.03220569,0.00000000,0.35328660,0.49479650,2.02711000,0.00097680,0.00054945,0.00451770,0.02576310,3.66173000,3.30724900,1.78852100,1.10805800,0.60695910,1.10036500,0.79890030,0.80586010,3.30036300,3.30402600,0.79882700,4.79854000,4.79586000,0.00940170, 3, 255, 7, 24,0x50000,No,No,No,No,No,Yes,No,Yes
2026-04-11 11:34:39,6.5,1700,591,,591,602,44,,200,,,648,,69.7,0.8168,0.6000,0.6000,1.1000,0.04977243,0.09466522,0.13760610,0.03025383,0.00000000,0.35621450,0.49089280,2.09855000,0.00054945,0.00073260,0.00470085,0.02588520,3.64131500,3.32580900,1.79828900,1.10842400,0.60183090,1.09999900,0.80036550,0.82063420,3.29944700,3.30402600,0.79824100,4.75164000,4.79586000,0.00940170, 3, 255, 7, 24,0x50000,No,No,No,No,No,Yes,No,Yes
2026-04-11 11:34:41,7.0,1700,591,,591,602,44,,200,,,648,,69.7,0.8031,0.6000,0.6000,1.1000,0.04879650,0.09076149,0.13467840,0.03122976,0.00000000,0.35621450,0.49382060,2.02711000,0.00097680,0.00067155,0.00488400,0.02612940,3.66080200,3.32580900,1.80024200,1.10549400,0.60329610,1.10036500,0.79926660,0.80559140,3.30219400,3.30311000,0.79882700,4.80256000,4.77442000,0.00940170, 3, 255, 7, 24,0x50000,No,No,No,No,No,Yes,No,Yes
2026-04-11 11:34:43,7.0,1700,591,,591,602,44,,200,,,648,,70.3,0.8031,0.6000,0.6000,1.1000,0.04782057,0.09076149,0.13370240,0.02927790,0.00000000,0.37573300,0.49382060,2.02711000,0.00073260,0.00073260,0.00500610,0.02564100,3.64595500,3.30724900,1.79926600,1.10805800,0.60476130,1.09999900,0.79999920,0.80586010,3.30219400,3.30311000,0.79882700,4.79586000,4.80658000,0.00940170, 3, 255, 7, 24,0x50000,No,No,No,No,No,Yes,No,Yes
2026-04-11 11:34:45,6.8,1700,591,,591,602,44,,200,,,648,,68.6,0.8031,0.6000,0.6000,1.1000,0.05757987,0.08978556,0.13760610,0.03220569,0.00000000,0.35719040,0.49577240,2.02711000,0.00048840,0.00079365,0.00476190,0.02588520,3.66729800,3.30724900,1.78900900,1.10549400,0.60549390,1.10073200,0.79999920,0.80586010,3.30402600,3.30402600,0.79941320,4.79586000,4.80524000,0.00940170, 3, 255, 7, 24,0x50000,No,No,No,No,No,Yes,No,Yes
2026-04-11 11:34:48,6.8,1700,636,,636,653,44,,200,,,648,,70.3,0.8168,0.6000,0.6000,1.1000,0.04782057,0.08880963,0.13370240,0.03318162,0.00000000,0.35328660,0.49479650,2.59863000,0.00073260,0.00073260,0.00500610,0.02576310,3.66451400,3.31652900,1.80024200,1.10146400,0.60659280,1.10036500,0.79890030,0.80532280,3.30127900,3.30219400,0.79882700,4.80792000,4.77174000,0.00940170, 3, 255, 7, 24,0x50000,No,No,No,No,No,Yes,No,Yes
2026-04-11 11:34:50,7.0,1700,591,,591,602,44,,200,,,648,,71.4,0.8031,0.6000,0.6000,1.1000,0.04782057,0.08880963,0.13760610,0.03025383,0.00000000,0.35426260,0.49577240,2.03604000,0.00097680,0.00097680,0.00488400,0.02600730,3.65894600,3.31096100,1.78900900,1.10659200,0.60695910,1.10036500,0.79999920,0.80586010,3.30036300,3.30402600,0.79824100,4.80926000,4.80658000,0.00940170, 3, 255, 7, 24,0x50000,No,No,No,No,No,Yes,No,Yes
2026-04-11 11:34:52,6.8,1700,591,,591,602,44,,200,,,648,,70.8,0.8031,0.6000,0.6000,1.1000,0.04782057,0.12784680,0.16298030,0.03122976,0.00000000,0.35523850,0.49186870,2.02711000,0.00048840,0.00073260,0.00457875,0.02588520,3.63853100,3.30724900,1.80024200,1.10695900,0.60659280,1.10036500,0.79926660,0.80586010,3.30219400,3.30585700,0.79882700,4.74494000,4.79184000,0.00940170, 3, 255, 7, 24,0x50000,No,No,No,No,No,Yes,No,Yes
2026-04-11 11:34:54,6.8,1700,591,,591,602,44,,200,,,648,,70.8,0.8031,0.6000,0.6000,1.1000,0.04977243,0.09076149,0.13565430,0.02927790,0.00000000,0.35426260,0.49382060,2.58077000,0.00073260,0.00067155,0.00476190,0.02576310,3.66265800,3.29889800,1.78900900,1.10512700,0.60549390,1.10036500,0.80036550,0.80586010,3.30311000,3.30402600,0.79941320,4.76370000,4.80524000,0.00940170, 3, 255, 7, 24,0x50000,No,No,No,No,No,Yes,No,Yes
2026-04-11 11:34:56,6.8,1700,591,,591,602,44,,200,,,648,,70.3,0.8031,0.6000,0.6000,1.1000,0.04782057,0.08880963,0.13565430,0.03025383,0.00000000,0.35621450,0.49089280,2.02711000,0.00073260,0.00079365,0.00476190,0.02600730,3.66265800,3.30724900,1.78852100,1.11062200,0.60476130,1.10036500,0.79999920,0.80586010,3.30402600,3.30402600,0.79882700,4.79586000,4.81060000,0.00940170, 3, 255, 7, 24,0x50000,No,No,No,No,No,Yes,No,Yes
2026-04-11 11:34:58,7.0,1800,636,,636,653,44,,200,,,648,,70.8,0.8031,0.6000,0.6000,1.1000,0.05270022,0.08783370,0.13663020,0.03122976,0.00000000,0.37573300,0.49284470,2.01818000,0.00073260,0.00073260,0.00463980,0.02588520,3.66358600,3.35550300,1.80610300,1.10805800,0.60512760,1.09999900,0.79926660,0.80639730,3.30219400,3.30311000,0.79853400,4.80524000,4.77040000,0.00940170, 3, 255, 7, 24,0x50000,No,No,No,No,No,Yes,No,Yes
2026-04-11 11:35:00,6.8,1700,591,,591,602,44,,200,,,648,,70.8,0.8031,0.6000,0.6000,1.1000,0.05562801,0.09076149,0.13565430,0.02830197,0.00000000,0.35621450,0.49479650,2.02711000,0.00097680,0.00097680,0.00433455,0.02576310,3.64038700,3.30353800,1.81684800,1.10439400,0.60036570,1.09999900,0.80146440,0.80586010,3.30036300,3.30402600,0.79853400,4.80122000,4.80658000,0.00940170, 3, 255, 7, 24,0x50000,No,No,No,No,No,Yes,No,Yes
2026-04-11 11:35:03,6.8,1700,591,,591,602,44,,200,,,648,,70.8,0.8168,0.6000,0.6000,1.1000,0.04782057,0.08880963,0.13467840,0.03415755,0.00000000,0.35719040,0.48991690,2.09855000,0.00054945,0.00073260,0.00494505,0.02588520,3.63667500,3.29518600,1.80610300,1.10439400,0.60476130,1.10036500,0.79999920,0.82009690,3.30402600,3.30402600,0.79941320,4.80122000,4.79050000,0.00940170, 3, 255, 7, 24,0x50000,No,No,No,No,No,Yes,No,Yes
2026-04-11 11:35:05,6.8,1700,591,,591,602,44,,200,,,648,,69.7,0.8031,0.6000,0.6000,1.1000,0.04879650,0.08880963,0.13370240,0.02927790,0.00000000,0.35719040,0.49284470,2.02711000,0.00073260,0.00073260,0.00494505,0.02600730,3.66451400,3.32952100,1.80024200,1.10366200,0.60476130,1.10036500,0.79999920,0.80586010,3.30402600,3.30494200,0.79941320,4.79586000,4.76906000,0.00940170, 3, 255, 7, 24,0x50000,No,No,No,No,No,Yes,No,Yes
2026-04-11 11:35:07,7.0,1700,636,,636,653,44,,200,,,648,,70.8,0.8168,0.6000,0.6000,1.1000,0.04977243,0.08880963,0.13370240,0.03025383,0.00000000,0.35523850,0.49577240,2.02711000,0.00073260,0.00073260,0.00506715,0.02576310,3.64595500,3.30260900,1.80024200,1.10622600,0.60366240,1.10036500,0.80146440,0.80586010,3.30219400,3.30402600,0.79882700,4.79854000,4.81060000,0.00940170, 3, 255, 7, 24,0x50000,No,No,No,No,No,Yes,No,Yes
2026-04-11 11:35:09,6.8,1700,636,,636,653,44,,200,,,648,,70.8,0.8168,0.6000,0.6000,1.1000,0.04977243,0.09076149,0.13370240,0.03220569,0.00000000,0.35621450,0.49186870,2.03604000,0.00097680,0.00103785,0.00433455,0.02576310,3.65894600,3.30724900,1.78900900,1.10439400,0.60183090,1.09963300,0.79999920,0.80586010,3.30036300,3.30768900,0.79853400,4.80658000,4.77442000,0.00940170, 3, 255, 7, 24,0x50000,No,No,No,No,No,Yes,No,Yes
2026-04-11 11:35:11,6.8,1700,591,,591,602,44,,200,,,648,,71.4,0.8031,0.6000,0.6000,1.1000,0.04782057,0.08880963,0.13467840,0.03220569,0.00000000,0.36694970,0.49577240,2.03604000,0.00073260,0.00073260,0.00500610,0.02564100,3.63853100,3.29889800,1.79926600,1.10146400,0.60476130,1.10036500,0.79999920,0.80612860,3.30219400,3.30402600,0.79882700,4.75298000,4.78916000,0.00940170, 3, 255, 7, 24,0x50000,No,No,No,No,No,Yes,No,Yes
2026-04-11 11:35:13,7.0,1700,591,,591,602,44,,200,,,648,,71.4,0.8031,0.6000,0.6000,1.1000,0.05562801,0.08880963,0.13467840,0.03318162,0.00000000,0.35426260,0.49382060,2.58970000,0.00073260,0.00073260,0.00500610,0.02588520,3.66080200,3.30168200,1.79926600,1.10549400,0.60329610,1.10109800,0.79999920,0.80559140,3.30402600,3.30402600,0.79941320,4.77040000,4.80524000,0.00940170, 3, 255, 7, 24,0x50000,No,No,No,No,No,Yes,No,Yes
2026-04-11 11:35:15,6.8,1700,591,,591,602,44,,200,,,648,,70.8,0.8031,0.6000,0.6000,1.1000,0.04782057,0.09368929,0.13370240,0.03122976,0.00000000,0.35523850,0.49577240,2.03604000,0.00048840,0.00054945,0.00476190,0.02576310,3.66729800,3.29518600,1.81684800,1.10549400,0.60366240,1.09999900,0.79963290,0.80612860,3.30402600,3.30402600,0.79941320,4.80658000,4.77040000,0.00940170, 3, 255, 7, 24,0x50000,No,No,No,No,No,Yes,No,Yes
2026-04-11 11:35:18,6.8,1700,591,,636,653,44,,200,,,648,,69.7,0.8168,0.6000,0.6000,1.1000,0.04977243,0.08880963,0.13467840,0.02927790,0.00000000,0.35719040,0.49382060,2.13427000,0.00054945,0.00054945,0.00476190,0.02576310,3.65523400,3.30353800,1.81684800,1.10769100,0.60476130,1.10036500,0.79853400,0.82036550,3.30219400,3.30402600,0.79882700,4.75566000,4.79586000,0.00940170, 3, 255, 7, 24,0x50000,No,No,No,No,No,Yes,No,Yes
2026-04-11 11:35:20,7.0,1700,591,,591,602,44,,200,,,648,,69.7,0.8031,0.6000,0.6000,1.1000,0.04782057,0.08880963,0.13370240,0.03122976,0.00000000,0.35328660,0.49382060,2.70579000,0.00097680,0.00103785,0.00433455,0.02551890,3.66265800,3.31560100,1.81684800,1.10292900,0.60659280,1.09963300,0.79926660,0.82063420,3.30219400,3.30585700,0.79912020,4.75432000,4.79720000,0.00940170, 3, 255, 7, 24,0x50000,No,No,No,No,No,Yes,No,Yes
2026-04-11 11:35:22,7.0,1700,591,,591,602,44,,200,,,648,,71.9,0.8031,0.6000,0.6000,1.1000,0.04782057,0.09564114,0.13663020,0.03220569,0.00000000,0.35426260,0.49089280,2.04497000,0.00054945,0.00067155,0.00494505,0.02576310,3.66729800,3.30168200,1.80024200,1.10549400,0.60256350,1.09926600,0.79926660,0.80532280,3.30219400,3.30311000,0.79882700,4.80792000,4.77040000,0.00940170, 3, 255, 7, 24,0x50000,No,No,No,No,No,Yes,No,Yes
2026-04-11 11:35:24,6.8,1700,591,,591,602,44,,200,,,648,,70.3,0.8031,0.6000,0.6000,1.1000,0.04782057,0.08880963,0.13370240,0.03122976,0.00000000,0.35816630,0.49479650,2.04497000,0.00073260,0.00073260,0.00488400,0.02551890,3.64595500,3.30168200,1.80024200,1.10329600,0.60329610,1.10036500,0.79999920,0.80586010,3.30036300,3.30311000,0.79882700,4.79586000,4.80926000,0.00940170, 3, 255, 7, 24,0x50000,No,No,No,No,No,Yes,No,Yes
2026-04-11 11:35:26,6.8,1700,636,,636,653,44,,200,,,648,,70.3,0.8168,0.6000,0.6000,1.1000,0.04782057,0.08880963,0.13565430,0.03025383,0.00000000,0.35816630,0.49577240,2.60756000,0.00097680,0.00067155,0.00494505,0.02588520,3.66080200,3.31003300,1.79926600,1.10549400,0.60659280,1.09853400,0.79926660,0.80639730,3.30219400,3.30311000,0.79794790,4.79720000,4.79854000,0.00940170, 3, 255, 7, 24,0x50000,No,No,No,No,No,Yes,No,Yes
2026-04-11 11:35:28,6.5,1700,591,,591,602,44,,200,,,648,,70.3,0.8031,0.6000,0.6000,1.1000,0.06148359,0.08880963,0.13663020,0.04391685,0.00000000,0.35523850,0.49382060,2.03604000,0.00073260,0.00073260,0.00500610,0.02576310,3.64038700,3.32952100,1.79926600,1.10476100,0.60256350,1.10036500,0.79999920,0.80586010,3.30402600,3.30311000,0.79853400,4.79854000,4.80524000,0.00940170, 3, 255, 7, 24,0x50000,No,No,No,No,No,Yes,No,Yes
2026-04-11 11:35:30,6.8,1700,591,,591,602,44,,200,,,648,,71.4,0.8031,0.6000,0.6000,1.1000,0.04977243,0.08880963,0.13467840,0.03122976,0.00000000,0.35523850,0.49284470,2.58077000,0.00054945,0.00067155,0.00500610,0.02588520,3.65987400,3.31003300,1.80024200,1.10769100,0.60402870,1.09926600,0.79853400,0.80586010,3.30036300,3.30311000,0.79824100,4.76638000,4.80658000,0.00854700, 3, 255, 7, 24,0x50000,No,No,No,No,No,Yes,No,Yes
2026-04-11 11:35:33,6.8,1700,591,,591,602,44,,200,,,648,,70.8,0.8031,0.6000,0.6000,1.1000,0.04782057,0.08880963,0.13663020,0.03220569,0.00000000,0.35719040,0.49382060,2.03604000,0.00097680,0.00067155,0.00482295,0.02576310,3.64595500,3.30168200,1.79926600,1.10146400,0.60402870,1.10036500,0.79999920,0.80586010,3.30402600,3.30768900,0.79824100,4.75834000,4.80658000,0.00940170, 3, 255, 7, 24,0x50000,No,No,No,No,No,Yes,No,Yes
2026-04-11 11:35:35,7.0,1700,591,,591,602,44,,200,,,648,,70.3,0.8031,0.6000,0.6000,1.1000,0.04977243,0.09076149,0.13760610,0.02927790,0.00000000,0.35523850,0.49284470,2.04497000,0.00097680,0.00054945,0.00463980,0.02576310,3.65894600,3.29425800,1.81684800,1.10366200,0.60366240,1.09999900,0.80036550,0.80586010,3.30127900,3.30402600,0.79824100,4.80658000,4.80524000,0.00940170, 3, 255, 7, 24,0x50000,No,No,No,No,No,Yes,No,Yes
2026-04-11 11:35:37,7.0,1700,591,,591,602,44,,200,,,648,,70.3,0.8031,0.6000,0.6000,1.1000,0.04782057,0.08783370,0.13565430,0.03220569,0.00000000,0.35426260,0.49382060,2.03604000,0.00097680,0.00042735,0.00488400,0.02576310,3.64595500,3.30168200,1.79828900,1.10769100,0.60476130,1.09963300,0.79926660,0.80612860,3.30219400,3.30311000,0.79853400,4.76772000,4.80792000,0.00940170, 3, 255, 7, 24,0x50000,No,No,No,No,No,Yes,No,Yes
2026-04-11 11:35:39,7.0,1700,591,,591,602,44,,200,,,648,,70.8,0.8031,0.6000,0.6000,1.1000,0.05660394,0.08978556,0.13467840,0.03415755,0.00000000,0.35621450,0.49577240,2.59863000,0.00054945,0.00079365,0.00476190,0.02576310,3.66173000,3.30168200,1.78754400,1.10842400,0.60183090,1.09999900,0.79999920,0.80586010,3.30402600,3.30402600,0.79853400,4.80122000,4.76370000,0.00940170, 3, 255, 7, 24,0x50000,No,No,No,No,No,Yes,No,Yes
2026-04-11 11:35:41,6.8,1700,591,,591,602,44,,200,,,648,,71.4,0.8031,0.6000,0.6000,1.1000,0.04879650,0.08880963,0.13370240,0.03122976,0.00000000,0.35621450,0.49186870,2.03604000,0.00048840,0.00073260,0.00488400,0.02564100,3.64409900,3.31467300,1.79926600,1.10659200,0.60402870,1.09926600,0.80146440,0.80586010,3.30127900,3.30402600,0.79882700,4.79854000,4.80390000,0.00940170, 3, 255, 7, 24,0x50000,No,No,No,No,No,Yes,No,Yes
2026-04-11 11:35:43,6.8,1700,591,,591,602,44,,200,,,648,,70.8,0.8031,0.6000,0.6000,1.1000,0.04782057,0.08978556,0.13467840,0.02635011,0.00000000,0.35621450,0.49674840,2.03604000,0.00073260,0.00073260,0.00488400,0.02564100,3.64502700,3.32952100,1.80024200,1.10769100,0.60329610,1.10036500,0.79853400,0.80586010,3.30219400,3.30402600,0.79882700,4.75700000,4.80658000,0.00940170, 3, 255, 7, 24,0x50000,No,No,No,No,No,Yes,No,Yes
2026-04-11 11:35:45,6.8,1700,591,,591,602,44,,200,,,648,,71.4,0.8031,0.6000,0.6000,1.1000,0.04977243,0.09076149,0.13370240,0.03025383,0.00000000,0.35621450,0.49479650,2.60756000,0.00073260,0.00073260,0.00488400,0.02564100,3.66080200,3.30168200,1.80024200,1.10439400,0.60109830,1.09926600,0.79890030,0.80586010,3.30311000,3.30402600,0.79882700,4.79586000,4.80524000,0.00940170, 3, 255, 7, 24,0x50000,No,No,No,No,No,Yes,No,Yes
2026-04-11 11:35:48,7.0,1700,591,,591,602,44,,200,,,648,,69.7,0.8031,0.6000,0.6000,1.1000,0.04977243,0.08978556,0.13467840,0.03220569,0.00000000,0.35816630,0.49577240,2.03604000,0.00097680,0.00054945,0.00476190,0.02576310,3.66265800,3.30168200,1.78852100,1.10439400,0.60549390,1.09999900,0.79926660,0.80586010,3.30036300,3.30402600,0.79882700,4.79854000,4.76370000,0.00940170, 3, 255, 7, 24,0x50000,No,No,No,No,No,Yes,No,Yes
2026-04-11 11:35:50,6.8,1700,591,,591,602,44,,200,,,648,,69.7,0.8031,0.6000,0.6000,1.1000,0.04782057,0.09076149,0.13760610,0.03220569,0.00000000,0.37866080,0.49284470,2.04497000,0.00097680,0.00067155,0.00500610,0.02564100,3.66265800,3.30724900,1.78852100,1.10476100,0.60476130,1.09999900,0.80036550,0.80612860,3.30219400,3.30311000,0.79853400,4.79586000,4.80524000,0.00854700, 3, 255, 7, 24,0x50000,No,No,No,No,No,Yes,No,Yes
2026-04-11 11:35:52,7.0,1700,591,,591,602,44,,200,,,648,,69.7,0.8031,0.6000,0.6000,1.1000,0.04977243,0.09661707,0.13272650,0.02732604,0.00000000,0.35621450,0.49284470,2.05390000,0.00073260,0.00073260,0.00494505,0.02576310,3.66080200,3.30168200,1.80024200,1.10769100,0.60256350,1.09926600,0.79999920,0.80586010,3.30219400,3.30402600,0.79882700,4.79586000,4.76906000,0.00854700, 3, 255, 7, 24,0x50000,No,No,No,No,No,Yes,No,Yes
2026-04-11 11:35:54,7.0,1800,636,,591,602,43,,200,,,648,,71.9,0.8031,0.6000,0.6000,1.1000,0.04782057,0.08880963,0.13565430,0.03220569,0.00000000,0.35621450,0.49577240,2.04497000,0.00054945,0.00073260,0.00488400,0.02551890,3.66080200,3.30168200,1.80024200,1.10146400,0.60402870,1.09926600,0.79853400,0.80586010,3.30036300,3.30311000,0.79882700,4.79854000,4.79586000,0.00940170, 3, 255, 7, 24,0x50000,No,No,No,No,No,Yes,No,Yes
2026-04-11 11:35:56,6.5,1700,591,,591,602,44,,200,,,648,,71.9,0.8031,0.6000,0.6000,1.1000,0.04977243,0.09076149,0.13663020,0.03122976,0.00000000,0.35719040,0.49382060,2.60756000,0.00073260,0.00073260,0.00488400,0.02576310,3.66080200,3.30260900,1.80024200,1.10549400,0.60256350,1.10036500,0.79999920,0.80586010,3.30127900,3.30402600,0.79882700,4.75566000,4.80524000,0.00940170, 3, 255, 7, 24,0x50000,No,No,No,No,No,Yes,No,Yes
2026-04-11 11:35:58,7.0,1700,591,,591,602,44,,200,,,648,,70.3,0.8031,0.6000,0.6000,1.1000,0.05562801,0.09076149,0.13663020,0.03025383,0.00000000,0.35426260,0.49284470,2.04497000,0.00073260,0.00054945,0.00476190,0.02564100,3.66080200,3.30168200,1.78852100,1.10329600,0.60402870,1.09926600,0.79963290,0.80612860,3.30127900,3.30402600,0.79853400,4.80122000,4.76772000,0.00854700, 3, 255, 7, 24,0x50000,No,No,No,No,No,Yes,No,Yes
2026-04-11 11:36:01,6.5,1700,591,,591,653,43,,200,,,648,,70.8,0.8168,0.6000,0.6000,1.1000,0.04782057,0.09076149,0.13175060,0.04586871,0.00000000,0.36987750,0.49577240,2.74151000,0.00048840,0.00073260,0.00494505,0.02576310,3.65894600,3.32952100,1.79828900,1.10549400,0.60732540,1.10036500,0.79926660,0.82090280,3.30219400,3.30311000,0.79794790,4.79720000,4.79720000,0.00940170, 3, 255, 7, 24,0x50000,No,No,No,No,No,Yes,No,Yes
2026-04-11 11:36:03,6.8,1700,591,,636,653,44,,200,,,648,,72.5,0.8168,0.6000,0.6000,1.1000,0.04782057,0.08880963,0.13565430,0.03122976,0.00000000,0.35621450,0.49382060,2.72365000,0.00054945,0.00054945,0.00476190,0.02564100,3.65801800,3.31188900,1.81684800,1.10366200,0.60659280,1.09999900,0.79999920,0.82036550,3.30127900,3.30402600,0.79882700,4.79318000,4.75030000,0.00940170, 3, 255, 7, 24,0x50000,No,No,No,No,No,Yes,No,Yes
2026-04-11 11:36:05,6.5,1700,591,,591,602,44,,200,,,648,,70.3,0.8031,0.6000,0.6000,1.1000,0.04782057,0.09076149,0.13663020,0.03025383,0.00000000,0.35621450,0.49382060,2.04497000,0.00097680,0.00073260,0.00500610,0.02588520,3.66080200,3.30168200,1.80024200,1.10549400,0.60476130,1.09926600,0.79999920,0.80586010,3.30219400,3.30402600,0.79824100,4.80122000,4.80658000,0.00940170, 3, 255, 7, 24,0x50000,No,No,No,No,No,Yes,No,Yes
2026-04-11 11:36:07,6.8,1700,591,,591,602,44,,200,,,648,,70.8,0.8031,0.6000,0.6000,1.1000,0.04684464,0.08685777,0.13565430,0.03318162,0.00000000,0.35621450,0.49284470,2.03604000,0.00073260,0.00073260,0.00494505,0.02588520,3.64595500,3.32952100,1.80024200,1.10659200,0.60256350,1.10036500,0.79890030,0.80693450,3.30127900,3.30402600,0.79882700,4.79854000,4.80658000,0.00854700, 3, 255, 7, 24,0x50000,No,No,No,No,No,Yes,No,Yes
2026-04-11 11:36:09,6.8,1700,591,,591,602,44,,200,,,648,,70.8,0.8031,0.6000,0.6000,1.1000,0.04782057,0.09076149,0.13467840,0.03122976,0.00000000,0.35621450,0.49284470,2.03604000,0.00048840,0.00054945,0.00433455,0.02551890,3.64781100,3.30724900,1.78852100,1.10366200,0.60402870,1.09926600,0.79999920,0.80586010,3.30127900,3.30402600,0.79853400,4.79586000,4.80524000,0.00854700, 3, 255, 7, 24,0x50000,No,No,No,No,No,Yes,No,Yes
2026-04-11 11:36:11,6.8,1700,591,,591,602,44,,200,,,648,,69.7,0.8031,0.6000,0.6000,1.1000,0.04782057,0.08783370,0.13663020,0.03220569,0.00000000,0.37085340,0.49870020,2.04497000,0.00073260,0.00073260,0.00500610,0.02576310,3.64502700,3.32766400,1.79828900,1.10586000,0.60659280,1.09999900,0.79926660,0.80693450,3.30219400,3.30311000,0.79882700,4.76504000,4.79586000,0.00940170, 3, 255, 7, 24,0x50000,No,No,No,No,No,Yes,No,Yes
2026-04-11 11:36:13,6.8,1700,591,,591,602,44,,200,,,648,,71.4,0.8031,0.6000,0.6000,1.1000,0.04977243,0.09173742,0.13565430,0.03220569,0.00000000,0.35426260,0.49284470,2.61649000,0.00073260,0.00073260,0.00500610,0.02564100,3.65709000,3.30168200,1.80024200,1.10439400,0.60695910,1.10036500,0.79926660,0.80586010,3.30036300,3.30585700,0.79882700,4.79854000,4.80256000,0.00854700, 3, 255, 7, 24,0x50000,No,No,No,No,No,Yes,No,Yes
2026-04-11 11:36:16,7.2,1700,591,,591,653,43,,200,,,648,,70.8,0.8168,0.6000,0.6000,1.1000,0.04977243,0.09076149,0.13663020,0.03318162,0.00000000,0.35523850,0.49186870,2.11641000,0.00048840,0.00073260,0.00457875,0.02564100,3.63389100,3.32766400,1.79828900,1.10586000,0.60586020,1.09853400,0.79926660,0.82063420,3.30311000,3.30494200,0.79794790,4.79988000,4.79988000,0.00940170, 3, 255, 7, 24,0x50000,No,No,No,No,No,Yes,No,Yes
2026-04-11 11:36:18,6.8,1800,636,,591,602,44,,200,,,648,,71.9,0.8031,0.6000,0.6000,1.1000,0.04879650,0.12687090,0.16590810,0.02927790,0.00000000,0.35523850,0.49479650,2.04497000,0.00048840,0.00054945,0.00457875,0.02539680,3.63853100,3.30168200,1.79926600,1.10402800,0.60292980,1.09963300,0.79963290,0.80586010,3.30127900,3.30402600,0.79824100,4.78246000,4.78514000,0.00854700, 3, 255, 7, 24,0x50000,No,No,No,No,No,Yes,No,Yes
2026-04-11 11:36:20,6.8,1800,636,,591,602,44,,200,,,648,,70.3,0.8031,0.6000,0.6000,1.1000,0.04782057,0.08783370,0.13272650,0.03220569,0.00000000,0.35523850,0.49284470,2.60756000,0.00048840,0.00073260,0.00500610,0.02564100,3.65152200,3.30168200,1.80024200,1.10366200,0.60476130,1.10036500,0.79926660,0.80586010,3.30219400,3.30311000,0.79882700,4.76504000,4.79854000,0.00940170, 3, 255, 7, 24,0x50000,No,No,No,No,No,Yes,No,Yes
2026-04-11 11:36:22,6.8,1700,591,,591,602,44,,200,,,648,,71.4,0.8031,0.6000,0.6000,1.1000,0.04782057,0.08880963,0.13467840,0.03025383,0.00000000,0.35426260,0.49284470,2.71472000,0.00097680,0.00067155,0.00470085,0.02564100,3.65801800,3.31281700,1.79096300,1.10769100,0.60476130,1.09963300,0.79926660,0.82036550,3.30036300,3.30219400,0.79824100,4.75566000,4.79586000,0.00854700, 3, 255, 7, 24,0x50000,No,No,No,No,No,Yes,No,Yes
2026-04-11 11:36:24,7.0,1800,636,,636,653,44,,200,,,648,,69.7,0.8168,0.6000,0.6000,1.1000,0.05465208,0.08880963,0.13370240,0.03220569,0.00000000,0.35523850,0.49577240,2.05390000,0.00097680,0.00067155,0.00506715,0.02576310,3.66080200,3.32580900,1.79828900,1.10109800,0.60439500,1.09853400,0.79963290,0.80559140,3.30311000,3.30585700,0.79794790,4.79988000,4.75834000,0.00940170, 3, 255, 7, 24,0x50000,No,No,No,No,No,Yes,No,Yes
2026-04-11 11:36:26,6.8,1700,591,,591,602,44,,200,,,648,,73.0,0.8031,0.6000,0.6000,1.1000,0.04782057,0.09661707,0.13565430,0.03025383,0.00000000,0.35621450,0.49186870,2.05390000,0.00073260,0.00073260,0.00500610,0.02551890,3.64595500,3.30168200,1.79926600,1.10952300,0.60695910,1.10036500,0.79999920,0.80586010,3.30402600,3.30311000,0.79824100,4.79586000,4.79050000,0.00940170, 3, 255, 7, 24,0x50000,No,No,No,No,No,Yes,No,Yes
2026-04-11 11:36:28,6.3,1700,591,,591,602,44,,200,,,648,,70.8,0.8031,0.6000,0.6000,1.1000,0.05660394,0.08880963,0.13663020,0.03122976,0.00000000,0.35719040,0.49382060,2.60756000,0.00054945,0.00054945,0.00463980,0.02576310,3.66173000,3.30724900,1.81684800,1.10769100,0.60402870,1.09999900,0.79999920,0.80586010,3.30311000,3.30402600,0.79824100,4.80122000,4.75298000,0.00854700, 3, 255, 7, 24,0x50000,No,No,No,No,No,Yes,No,Yes
2026-04-11 11:36:31,7.0,1700,591,,591,602,44,,200,,,648,,71.9,0.8031,0.6000,0.6000,1.1000,0.04977243,0.09466522,0.13370240,0.03122976,0.00000000,0.35719040,0.49186870,2.05390000,0.00097680,0.00103785,0.00500610,0.02564100,3.65894600,3.30353800,1.81684800,1.10549400,0.60402870,1.09999900,0.79999920,0.80612860,3.30219400,3.30402600,0.79824100,4.80390000,4.76504000,0.00854700, 3, 255, 7, 24,0x50000,No,No,No,No,No,Yes,No,Yes
2026-04-11 11:36:33,6.8,1700,591,,591,602,44,,200,,,648,,70.3,0.8031,0.6000,0.6000,1.1000,0.04977243,0.08880963,0.13565430,0.03220569,0.00000000,0.35426260,0.49577240,2.05390000,0.00073260,0.00067155,0.00586080,0.02576310,3.66265800,3.30353800,1.81684800,1.10695900,0.60402870,1.09926600,0.79999920,0.80586010,3.30219400,3.30494200,0.79853400,4.79586000,4.80792000,0.00940170, 3, 255, 7, 24,0x50000,No,No,No,No,No,Yes,No,Yes
2026-04-11 11:36:35,7.0,1700,591,,591,602,44,,200,,,648,,71.9,0.8031,0.6000,0.6000,1.1000,0.04977243,0.08880963,0.13467840,0.02927790,0.00000000,0.35523850,0.49382060,2.04497000,0.00073260,0.00073260,0.00488400,0.02564100,3.64409900,3.29889800,1.80024200,1.10402800,0.60476130,1.10036500,0.79926660,0.80586010,3.30219400,3.30402600,0.79882700,4.75566000,4.80658000,0.00940170, 3, 255, 7, 24,0x50000,No,No,No,No,No,Yes,No,Yes
2026-04-11 11:36:37,6.8,1700,591,,591,602,44,,200,,,648,,70.3,0.8031,0.6000,0.6000,1.1000,0.04782057,0.09076149,0.13175060,0.03122976,0.00000000,0.36694970,0.49479650,2.61649000,0.00073260,0.00073260,0.00457875,0.02576310,3.66080200,3.30168200,1.79926600,1.10659200,0.60549390,1.09926600,0.79999920,0.80586010,3.30219400,3.30402600,0.79824100,4.75834000,4.80658000,0.00940170, 3, 255, 7, 24,0x50000,No,No,No,No,No,Yes,No,Yes
2026-04-11 11:36:39,7.2,1700,591,,591,602,44,,200,,,648,,71.9,0.8031,0.6000,0.6000,1.1000,0.04879650,0.08880963,0.13467840,0.03513348,0.00000000,0.35621450,0.49577240,2.06283000,0.00097680,0.00067155,0.00488400,0.02564100,3.65523400,3.30168200,1.80024200,1.10402800,0.60256350,1.10036500,0.79926660,0.80559140,3.30219400,3.30219400,0.79882700,4.80256000,4.77174000,0.00940170, 3, 255, 7, 24,0x50000,No,No,No,No,No,Yes,No,Yes
2026-04-11 11:36:41,7.0,1700,591,,591,602,44,,200,,,648,,71.9,0.8031,0.6000,0.6000,1.1000,0.04782057,0.08685777,0.13467840,0.03025383,0.00000000,0.36694970,0.49382060,2.04497000,0.00097680,0.00097680,0.00512820,0.02576310,3.64038700,3.30724900,1.81684800,1.10805800,0.60549390,1.09926600,0.79999920,0.80586010,3.30036300,3.30402600,0.79824100,4.79854000,4.79586000,0.00940170, 3, 255, 7, 24,0x50000,No,No,No,No,No,Yes,No,Yes
2026-04-11 11:36:43,6.8,1700,591,,591,602,44,,200,,,648,,71.9,0.8031,0.6000,0.6000,1.1000,0.05757987,0.08783370,0.13370240,0.03318162,0.00000000,0.35523850,0.49479650,2.06283000,0.00061050,0.00054945,0.00500610,0.02588520,3.66265800,3.30724900,1.78852100,1.10439400,0.60622650,1.10073200,0.79999920,0.80586010,3.30127900,3.30494200,0.79824100,4.79586000,4.76236000,0.00854700, 3, 255, 7, 24,0x50000,No,No,No,No,No,Yes,No,Yes
2026-04-11 11:36:45,7.0,1700,591,,591,602,44,,200,,,648,,71.9,0.8031,0.6000,0.6000,1.1000,0.04782057,0.08880963,0.13370240,0.03122976,0.00000000,0.35523850,0.49284470,2.06283000,0.00097680,0.00067155,0.00500610,0.02576310,3.65987400,3.29889800,1.79926600,1.10146400,0.60549390,1.09963300,0.79926660,0.80586010,3.30219400,3.30402600,0.79912020,4.80256000,4.80658000,0.00940170, 3, 255, 7, 24,0x50000,No,No,No,No,No,Yes,No,Yes
2026-04-11 11:36:48,7.2,1800,636,,636,653,44,,200,,,648,,70.8,0.8031,0.6000,0.6000,1.1000,0.04782057,0.08978556,0.13565430,0.03122976,0.00000000,0.36694970,0.49577240,2.06283000,0.00097680,0.00097680,0.00494505,0.02588520,3.66080200,3.30168200,1.80024200,1.10439400,0.60402870,1.09999900,0.79853400,0.80586010,3.30036300,3.30311000,0.79882700,4.79854000,4.77040000,0.00940170, 3, 255, 7, 24,0x50000,No,No,No,No,No,Yes,No,Yes
2026-04-11 11:36:50,7.0,1700,591,,591,602,44,,200,,,648,,71.9,0.8031,0.6000,0.6000,1.1000,0.04977243,0.09076149,0.13370240,0.03220569,0.00000000,0.35621450,0.49382060,2.06283000,0.00097680,0.00061050,0.00500610,0.02564100,3.64038700,3.30168200,1.80024200,1.10366200,0.60549390,1.09999900,0.79926660,0.80532280,3.30219400,3.30585700,0.79882700,4.80256000,4.80390000,0.00940170, 3, 255, 7, 24,0x50000,No,No,No,No,No,Yes,No,Yes
2026-04-11 11:36:52,6.8,1700,591,,591,602,44,,200,,,648,,71.9,0.8031,0.6000,0.6000,1.1000,0.04879650,0.09076149,0.13565430,0.03122976,0.00000000,0.36890160,0.49577240,2.61649000,0.00073260,0.00073260,0.00494505,0.02564100,3.65709000,3.30168200,1.79828900,1.10805800,0.60659280,1.10036500,0.79890030,0.80586010,3.30219400,3.30402600,0.79882700,4.75566000,4.80122000,0.00940170, 3, 255, 7, 24,0x50000,No,No,No,No,No,Yes,No,Yes
2026-04-11 11:36:54,6.8,1700,591,,591,602,44,,200,,,648,,71.9,0.8168,0.6000,0.6000,1.1000,0.04977243,0.09173742,0.13467840,0.03220569,0.00000000,0.35328660,0.49284470,2.12534000,0.00054945,0.00054945,0.00470085,0.02551890,3.63760300,3.30724900,1.81684800,1.10659200,0.60402870,1.10036500,0.79926660,0.82009690,3.30127900,3.30494200,0.79882700,4.79720000,4.79586000,0.00940170, 3, 255, 7, 24,0x50000,No,No,No,No,No,Yes,No,Yes
2026-04-11 11:36:56,6.8,1700,591,,591,602,44,,200,,,648,,71.9,0.8031,0.6000,0.6000,1.1000,0.04782057,0.09076149,0.13370240,0.03318162,0.00000000,0.35523850,0.49577240,2.06283000,0.00054945,0.00054945,0.00500610,0.02564100,3.66080200,3.30539300,1.79926600,1.10842400,0.60476130,1.09963300,0.79926660,0.80586010,3.30219400,3.30585700,0.79882700,4.75566000,4.79586000,0.00854700, 3, 255, 7, 24,0x50000,No,No,No,No,No,Yes,No,Yes
2026-04-11 11:36:58,6.5,1700,591,,591,602,44,,200,,,648,,70.8,0.8031,0.6000,0.6000,1.1000,0.05757987,0.09271335,0.13077460,0.03318162,0.00000000,0.35523850,0.49382060,2.59863000,0.00048840,0.00054945,0.00488400,0.02564100,3.66080200,3.31652900,1.78852100,1.10512700,0.60366240,1.10036500,0.79999920,0.80586010,3.30219400,3.30402600,0.79824100,4.79586000,4.76370000,0.00854700, 3, 255, 7, 24,0x50000,No,No,No,No,No,Yes,No,Yes
2026-04-11 11:37:00,6.8,1700,591,,591,602,44,,200,,,648,,70.8,0.8031,0.6000,0.6000,1.1000,0.04782057,0.10149670,0.13370240,0.03122976,0.00000000,0.35426260,0.49577240,2.05390000,0.00048840,0.00073260,0.00488400,0.02576310,3.66080200,3.30260900,1.79926600,1.10549400,0.60402870,1.10036500,0.79926660,0.80559140,3.30219400,3.30219400,0.79882700,4.79854000,4.79854000,0.00940170, 3, 255, 7, 24,0x50000,No,No,No,No,No,Yes,No,Yes
2026-04-11 11:37:03,6.8,1700,591,,591,602,44,,200,,,648,,71.9,0.8031,0.6000,0.6000,1.1000,0.04879650,0.09076149,0.13565430,0.03220569,0.00000000,0.35621450,0.49284470,2.06283000,0.00048840,0.00079365,0.00457875,0.02564100,3.64038700,3.30724900,1.78900900,1.10695900,0.60183090,1.10036500,0.79999920,0.80586010,3.30127900,3.30952000,0.79853400,4.79586000,4.80658000,0.00854700, 3, 255, 7, 24,0x50000,No,No,No,No,No,Yes,No,Yes
2026-04-11 11:37:05,6.8,1700,591,,591,602,44,,200,,,648,,72.5,0.8031,0.6000,0.6000,1.1000,0.04879650,0.12687090,0.16786000,0.03025383,0.00000000,0.38061270,0.49479650,2.06283000,0.00073260,0.00073260,0.00457875,0.02576310,3.65152200,3.30168200,1.80024200,1.10769100,0.60659280,1.10036500,0.79890030,0.80586010,3.30127900,3.30402600,0.79882700,4.78246000,4.76906000,0.00940170, 3, 255, 7, 24,0x50000,No,No,No,No,No,Yes,No,Yes
2026-04-11 11:37:07,6.8,1700,591,,591,602,44,,200,,,648,,71.9,0.8031,0.6000,0.6000,1.1000,0.05074836,0.08880963,0.13467840,0.03025383,0.00000000,0.35426260,0.49577240,2.61649000,0.00061050,0.00054945,0.00500610,0.02576310,3.66080200,3.29889800,1.79145100,1.10805800,0.60402870,1.10036500,0.79999920,0.80612860,3.30402600,3.30402600,0.79824100,4.77174000,4.79854000,0.00854700, 3, 255, 7, 24,0x50000,No,No,No,No,No,Yes,No,Yes
2026-04-11 11:37:09,6.7,1700,591,,591,602,44,,200,,,648,,70.8,0.8031,0.6000,0.6000,1.1000,0.04977243,0.09271335,0.13565430,0.03122976,0.00000000,0.35621450,0.49479650,2.06283000,0.00097680,0.00103785,0.00476190,0.02576310,3.65894600,3.30353800,1.81684800,1.10366200,0.60366240,1.09926600,0.79999920,0.80586010,3.30402600,3.30494200,0.79824100,4.79854000,4.75298000,0.00940170, 3, 255, 7, 24,0x50000,No,No,No,No,No,Yes,No,Yes
2026-04-11 11:37:11,6.8,1700,591,,591,602,44,,200,,,648,,72.5,0.8031,0.6000,0.6000,1.1000,0.04782057,0.10442450,0.13467840,0.03220569,0.00000000,0.35621450,0.49674840,2.07176000,0.00073260,0.00073260,0.00494505,0.02564100,3.64502700,3.32766400,1.80024200,1.10769100,0.60439500,1.09926600,0.79890030,0.80693450,3.30036300,3.30311000,0.79882700,4.79854000,4.79586000,0.00854700, 3, 255, 7, 24,0x50000,No,No,No,No,No,Yes,No,Yes
2026-04-11 11:37:13,6.8,1800,636,,636,653,44,,200,,,648,,72.5,0.8031,0.6000,0.6000,1.1000,0.04977243,0.08880963,0.13467840,0.02927790,0.00000000,0.35719040,0.49284470,2.06283000,0.00054945,0.00073260,0.00500610,0.02564100,3.65152200,3.30168200,1.80024200,1.10805800,0.60402870,1.10036500,0.79890030,0.80532280,3.30219400,3.30311000,0.79794790,4.79854000,4.79854000,0.00854700, 3, 255, 7, 24,0x50000,No,No,No,No,No,Yes,No,Yes
2026-04-11 11:37:15,7.0,1700,591,,591,602,44,,200,,,648,,71.4,0.8168,0.6000,0.6000,1.1000,0.04977243,0.08880963,0.13175060,0.03122976,0.00000000,0.36792560,0.49577240,2.13427000,0.00097680,0.00097680,0.00463980,0.02576310,3.65801800,3.30260900,1.79389300,1.10659200,0.60439500,1.09999900,0.79926660,0.82036550,3.30219400,3.30311000,0.79882700,4.79720000,4.75566000,0.00940170, 3, 255, 7, 24,0x50000,No,No,No,No,No,Yes,No,Yes
2026-04-11 11:37:18,7.2,1800,636,,636,653,44,,200,,,648,,71.9,0.8031,0.6000,0.6000,1.1000,0.04782057,0.08880963,0.13467840,0.02732604,0.00000000,0.35621450,0.49382060,2.62542000,0.00073260,0.00073260,0.00488400,0.02551890,3.66080200,3.30168200,1.80024200,1.10622600,0.60659280,1.10036500,0.79853400,0.80532280,3.30127900,3.30402600,0.79882700,4.79854000,4.76370000,0.00940170, 3, 255, 7, 24,0x50000,No,No,No,No,No,Yes,No,Yes
2026-04-11 11:37:20,7.2,1700,591,,591,602,44,,200,,,648,,71.9,0.8031,0.6000,0.6000,1.1000,0.04879650,0.08880963,0.13467840,0.03025383,0.00000000,0.35621450,0.49870020,2.06283000,0.00048840,0.00073260,0.00500610,0.02588520,3.65152200,3.30168200,1.80024200,1.10805800,0.60366240,1.10036500,0.79926660,0.80532280,3.30219400,3.30402600,0.79882700,4.79854000,4.79586000,0.00940170, 3, 255, 7, 24,0x50000,No,No,No,No,No,Yes,No,Yes
2026-04-11 11:37:22,7.0,1700,591,,591,602,44,,200,,,648,,71.9,0.8031,0.6000,0.6000,1.1000,0.04879650,0.08783370,0.13467840,0.03025383,0.00000000,0.37670900,0.49479650,2.07176000,0.00097680,0.00073260,0.00488400,0.02564100,3.64502700,3.32580900,1.80024200,1.10439400,0.60476130,1.09999900,0.79853400,0.80693450,3.30219400,3.30585700,0.79853400,4.75566000,4.80390000,0.00854700, 3, 255, 7, 24,0x50000,No,No,No,No,No,Yes,No,Yes
2026-04-11 11:37:24,7.0,1700,591,,591,602,44,,200,,,648,,71.9,0.8031,0.6000,0.6000,1.1000,0.04684464,0.09076149,0.13467840,0.03122976,0.00000000,0.35621450,0.49870020,2.06283000,0.00073260,0.00054945,0.00488400,0.02564100,3.65523400,3.30168200,1.78852100,1.10402800,0.60402870,1.10036500,0.79999920,0.80586010,3.30127900,3.30494200,0.79853400,4.79586000,4.76772000,0.00854700, 3, 255, 7, 24,0x50000,No,No,No,No,No,Yes,No,Yes
2026-04-11 11:37:26,6.5,1700,591,,591,602,44,,200,,,648,,70.8,0.8031,0.6000,0.6000,1.1000,0.04977243,0.09076149,0.13565430,0.03025383,0.00000000,0.35523850,0.49382060,2.61649000,0.00054945,0.00073260,0.00433455,0.02588520,3.66080200,3.30168200,1.79926600,1.10146400,0.60256350,1.10036500,0.79999920,0.80586010,3.30127900,3.30402600,0.79853400,4.76370000,4.80524000,0.00940170, 3, 255, 7, 24,0x50000,No,No,No,No,No,Yes,No,Yes
2026-04-11 11:37:28,6.5,1700,591,,591,602,44,,200,,,648,,71.9,0.8031,0.6000,0.6000,1.1000,0.04782057,0.09076149,0.13663020,0.03122976,0.00000000,0.35523850,0.49479650,2.07176000,0.00073260,0.00073260,0.00488400,0.02564100,3.64966700,3.32766400,1.79828900,1.10549400,0.60476130,1.09963300,0.79853400,0.80532280,3.30219400,3.30402600,0.79794790,4.80256000,4.77040000,0.00940170, 3, 255, 7, 24,0x50000,No,No,No,No,No,Yes,No,Yes
2026-04-11 11:37:30,7.0,1700,591,,591,602,44,,200,,,648,,71.9,0.8031,0.6000,0.6000,1.1000,0.04977243,0.08783370,0.13663020,0.03220569,0.00000000,0.36890160,0.49284470,2.07176000,0.00073260,0.00073260,0.00494505,0.02564100,3.63574700,3.31467300,1.80610300,1.11062200,0.60402870,1.09999900,0.79926660,0.80586010,3.30219400,3.30311000,0.79882700,4.80256000,4.79854000,0.00940170, 3, 255, 7, 24,0x50000,No,No,No,No,No,Yes,No,Yes
2026-04-11 11:37:33,6.5,1700,591,,591,602,44,,200,,,648,,71.9,0.8031,0.6000,0.6000,1.1000,0.04977243,0.08880963,0.13467840,0.03122976,0.00000000,0.35621450,0.49577240,2.63435000,0.00054945,0.00073260,0.00494505,0.02576310,3.65523400,3.32952100,1.79926600,1.10549400,0.60329610,1.10036500,0.79926660,0.80693450,3.30036300,3.30219400,0.79882700,4.76638000,4.79586000,0.00854700, 3, 255, 7, 24,0x50000,No,No,No,No,No,Yes,No,Yes
2026-04-11 11:37:35,7.0,1800,636,,591,602,44,,200,,,648,,72.5,0.8031,0.6000,0.6000,1.1000,0.04977243,0.09076149,0.13663020,0.02927790,0.00000000,0.36694970,0.49479650,2.05390000,0.00097680,0.00103785,0.00476190,0.02576310,3.65523400,3.30168200,1.78852100,1.10769100,0.60329610,1.10109800,0.79999920,0.80586010,3.30036300,3.30311000,0.79882700,4.79586000,4.80390000,0.00940170, 3, 255, 7, 24,0x50000,No,No,No,No,No,Yes,No,Yes
2026-04-11 11:37:37,6.8,1700,591,,591,602,44,,200,,,648,,70.8,0.8031,0.6000,0.6000,1.1000,0.04977243,0.08978556,0.13370240,0.03122976,0.00000000,0.35523850,0.52505040,2.06283000,0.00097680,0.00067155,0.00482295,0.02576310,3.65152200,3.30168200,1.78852100,1.10805800,0.60512760,1.09926600,0.79853400,0.80586010,3.30219400,3.30402600,0.79882700,4.75566000,4.79586000,0.00854700, 3, 255, 7, 24,0x50000,No,No,No,No,No,Yes,No,Yes
2026-04-11 11:37:39,6.8,1700,591,,591,602,44,,200,,,648,,72.5,0.8031,0.6000,0.6000,1.1000,0.04684464,0.08880963,0.13663020,0.03318162,0.00000000,0.35621450,0.49674840,2.07176000,0.00048840,0.00073260,0.00494505,0.02539680,3.64595500,3.32952100,1.79926600,1.10915600,0.60109830,1.09926600,0.79999920,0.80586010,3.30127900,3.30311000,0.79941320,4.79586000,4.80122000,0.00854700, 3, 255, 7, 24,0x50000,No,No,No,No,No,Yes,No,Yes
2026-04-11 11:37:41,6.8,1700,591,,591,602,44,,200,,,648,,71.9,0.8031,0.6000,0.6000,1.1000,0.04782057,0.08880963,0.13663020,0.03122976,0.00000000,0.35719040,0.49382060,2.61649000,0.00048840,0.00073260,0.00457875,0.02564100,3.65523400,3.30168200,1.79926600,1.10988900,0.60366240,1.09926600,0.79999920,0.80586010,3.30402600,3.30402600,0.79824100,4.76370000,4.80122000,0.00940170, 3, 255, 7, 24,0x50000,No,No,No,No,No,Yes,No,Yes
2026-04-11 11:37:43,7.0,1700,591,,591,602,44,,200,,,648,,70.8,0.8031,0.6000,0.6000,1.1000,0.04977243,0.08880963,0.13467840,0.03122976,0.00000000,0.35426260,0.49382060,2.08069000,0.00097680,0.00054945,0.00494505,0.02564100,3.65523400,3.30260900,1.80024200,1.10366200,0.60329610,1.10036500,0.79926660,0.80586010,3.30219400,3.30402600,0.79882700,4.79720000,4.80122000,0.00854700, 3, 255, 7, 24,0x50000,No,No,No,No,No,Yes,No,Yes
2026-04-11 11:37:46,7.0,1700,591,,591,602,44,,200,,,648,,71.4,0.8031,0.6000,0.6000,1.1000,0.04977243,0.08880963,0.13467840,0.03220569,0.00000000,0.37182930,0.49186870,2.07176000,0.00097680,0.00054945,0.00500610,0.02576310,3.64038700,3.30168200,1.79926600,1.10769100,0.60476130,1.09926600,0.79926660,0.80586010,3.30036300,3.30311000,0.79824100,4.79854000,4.80658000,0.00854700, 3, 255, 7, 24,0x50000,No,No,No,No,No,Yes,No,Yes
2026-04-11 11:37:48,6.8,1700,591,,591,602,44,,200,,,648,,70.8,0.8031,0.6000,0.6000,1.1000,0.04782057,0.08880963,0.13663020,0.03318162,0.00000000,0.35621450,0.49479650,2.61649000,0.00073260,0.00073260,0.00488400,0.02551890,3.65523400,3.32952100,1.80024200,1.10476100,0.60402870,1.09963300,0.79999920,0.80586010,3.30036300,3.30402600,0.79882700,4.77040000,4.80256000,0.00940170, 3, 255, 7, 24,0x50000,No,No,No,No,No,Yes,No,Yes
2026-04-11 11:37:50,6.8,1700,591,,591,602,44,,200,,,648,,70.8,0.8031,0.6000,0.6000,1.1000,0.04782057,0.08880963,0.13565430,0.03025383,0.00000000,0.36694970,0.49089280,2.08069000,0.00073260,0.00067155,0.00476190,0.02564100,3.65523400,3.29518600,1.78852100,1.10476100,0.60622650,1.10036500,0.79926660,0.80586010,3.30402600,3.30402600,0.79941320,4.80390000,4.80256000,0.00854700, 3, 255, 7, 24,0x50000,No,No,No,No,No,Yes,No,Yes
2026-04-11 11:37:52,7.0,1700,591,,591,602,44,,200,,,648,,70.8,0.8031,0.6000,0.6000,1.1000,0.04782057,0.10247270,0.13467840,0.03220569,0.00000000,0.35523850,0.49382060,2.08069000,0.00073260,0.00054945,0.00457875,0.02551890,3.64038700,3.30168200,1.78852100,1.10695900,0.60476130,1.09963300,0.79963290,0.80612860,3.30219400,3.30402600,0.79824100,4.80256000,4.79988000,0.00940170, 3, 255, 7, 24,0x50000,No,No,No,No,No,Yes,No,Yes
2026-04-11 11:37:54,6.5,1700,591,,591,602,44,,200,,,648,,71.4,0.8031,0.6000,0.6000,1.1000,0.04782057,0.09076149,0.13370240,0.03025383,0.00000000,0.35426260,0.49479650,2.59863000,0.00097680,0.00103785,0.00433455,0.02527470,3.65523400,3.30353800,1.78900900,1.10402800,0.60402870,1.09999900,0.79999920,0.80586010,3.30402600,3.30402600,0.79941320,4.80122000,4.76370000,0.00940170, 3, 255, 7, 24,0x50000,No,No,No,No,No,Yes,No,Yes
2026-04-11 11:37:56,7.0,1700,591,,591,602,44,,200,,,648,,71.9,0.8031,0.6000,0.6000,1.1000,0.04977243,0.09466522,0.13565430,0.03025383,0.00000000,0.35719040,0.49284470,2.08069000,0.00073260,0.00073260,0.00500610,0.02576310,3.66080200,3.30168200,1.80024200,1.10769100,0.60549390,1.09926600,0.79999920,0.80586010,3.30127900,3.30402600,0.79941320,4.79586000,4.80524000,0.00940170, 3, 255, 7, 24,0x50000,No,No,No,No,No,Yes,No,Yes
2026-04-11 11:37:58,6.8,1700,591,,591,602,44,,200,,,648,,72.5,0.8031,0.6000,0.6000,1.1000,0.05562801,0.08880963,0.13467840,0.03220569,0.00000000,0.35621450,0.49382060,2.07176000,0.00097680,0.00054945,0.00476190,0.02564100,3.63574700,3.30168200,1.78900900,1.10695900,0.60183090,1.09926600,0.79999920,0.80612860,3.30036300,3.30402600,0.79882700,4.79586000,4.80256000,0.00854700, 3, 255, 7, 24,0x50000,No,No,No,No,No,Yes,No,Yes
2026-04-11 11:38:00,7.0,1700,591,,591,602,44,,200,,,648,,71.9,0.8031,0.6000,0.6000,1.1000,0.04977243,0.08880963,0.13565430,0.03220569,0.00000000,0.35621450,0.49870020,2.62542000,0.00073260,0.00054945,0.00476190,0.02576310,3.66173000,3.31003300,1.78852100,1.10476100,0.60183090,1.09926600,0.79999920,0.80586010,3.30402600,3.30402600,0.79941320,4.79586000,4.76772000,0.00854700, 3, 255, 7, 24,0x50000,No,No,No,No,No,Yes,No,Yes
2026-04-11 11:38:03,7.0,1700,591,,591,602,44,,200,,,648,,72.5,0.8031,0.6000,0.6000,1.1000,0.04782057,0.08783370,0.13272650,0.03415755,0.00000000,0.35523850,0.49382060,2.74151000,0.00054945,0.00054945,0.00463980,0.02551890,3.65616200,3.30353800,1.81733600,1.10549400,0.60402870,1.10036500,0.79999920,0.81982820,3.30219400,3.30402600,0.79882700,4.75298000,4.79050000,0.00854700, 3, 255, 7, 24,0x50000,No,No,No,No,No,Yes,No,Yes
2026-04-11 11:38:05,7.0,1700,591,,591,602,44,,200,,,648,,71.9,0.8031,0.6000,0.6000,1.1000,0.04782057,0.08880963,0.13467840,0.03220569,0.00000000,0.35328660,0.49479650,2.75044000,0.00097680,0.00103785,0.00476190,0.02551890,3.65152200,3.30353800,1.81684800,1.10769100,0.60366240,1.09926600,0.79926660,0.82144000,3.30311000,3.30402600,0.79794790,4.78916000,4.75432000,0.00940170, 3, 255, 7, 24,0x50000,No,No,No,No,No,Yes,No,Yes
2026-04-11 11:38:07,7.0,1700,591,,636,653,44,,200,,,648,,71.4,0.8168,0.6000,0.6000,1.1000,0.04977243,0.09173742,0.13565430,0.02927790,0.00000000,0.36792560,0.48991690,2.74151000,0.00061050,0.00067155,0.00470085,0.02551890,3.65801800,3.31188900,1.79389300,1.10622600,0.60366240,1.09999900,0.79926660,0.82144000,3.30219400,3.30494200,0.79794790,4.74762000,4.79720000,0.00940170, 3, 255, 7, 24,0x50000,No,No,No,No,No,Yes,No,Yes
2026-04-11 11:38:09,6.7,1700,591,,636,653,44,,200,,,648,,72.5,0.8168,0.6000,0.6000,1.1000,0.05562801,0.09076149,0.13272650,0.03708534,0.00000000,0.36207000,0.49479650,2.15213000,0.00054945,0.00067155,0.00457875,0.02551890,3.65523400,3.29889800,1.81684800,1.10549400,0.60073200,1.09926600,0.79926660,0.82036550,3.30219400,3.30494200,0.79882700,4.75432000,4.79318000,0.00940170, 3, 255, 7, 24,0x50000,No,No,No,No,No,Yes,No,Yes
2026-04-11 11:38:11,6.5,1700,591,,591,602,44,,200,,,648,,73.0,0.8031,0.6000,0.6000,1.1000,0.04782057,0.12784680,0.16688400,0.03220569,0.00000000,0.35523850,0.49382060,2.06283000,0.00097680,0.00061050,0.00494505,0.02551890,3.63389100,3.31096100,1.80610300,1.10549400,0.60476130,1.10109800,0.79890030,0.80612860,3.29944700,3.30494200,0.79941320,4.78916000,4.77978000,0.00940170, 3, 255, 7, 24,0x50000,No,No,No,No,No,Yes,No,Yes
2026-04-11 11:38:13,6.8,1700,591,,591,602,44,,200,,,648,,73.0,0.8031,0.6000,0.6000,1.1000,0.05562801,0.09076149,0.13370240,0.03122976,0.00000000,0.35621450,0.49186870,2.08069000,0.00073260,0.00073260,0.00500610,0.02564100,3.65152200,3.30168200,1.80024200,1.10476100,0.60109830,1.09963300,0.79999920,0.80559140,3.30036300,3.30311000,0.79882700,4.79720000,4.79586000,0.00940170, 3, 255, 7, 24,0x50000,No,No,No,No,No,Yes,No,Yes
2026-04-11 11:38:15,7.0,1800,636,,591,602,44,,200,,,648,,72.5,0.8031,0.6000,0.6000,1.1000,0.04879650,0.09271335,0.13467840,0.03025383,0.00000000,0.35621450,0.49577240,2.08069000,0.00048840,0.00073260,0.00500610,0.02564100,3.65523400,3.30168200,1.79926600,1.10805800,0.60366240,1.09963300,0.79999920,0.80586010,3.30402600,3.30402600,0.79882700,4.79586000,4.80658000,0.00940170, 3, 255, 7, 24,0x50000,No,No,No,No,No,Yes,No,Yes
2026-04-11 11:38:18,6.5,1700,591,,591,602,44,,200,,,648,,70.8,0.8031,0.6000,0.6000,1.1000,0.04782057,0.09076149,0.13467840,0.03415755,0.00000000,0.35426260,0.49382060,2.08069000,0.00097680,0.00061050,0.00457875,0.02564100,3.64038700,3.31467300,1.79926600,1.10769100,0.60402870,1.09999900,0.79890030,0.80586010,3.30219400,3.30311000,0.79882700,4.79854000,4.80658000,0.00854700, 3, 255, 7, 24,0x50000,No,No,No,No,No,Yes,No,Yes
2026-04-11 11:38:20,7.0,1800,591,,591,602,44,,200,,,648,,72.5,0.8031,0.6000,0.6000,1.1000,0.05074836,0.10247270,0.13467840,0.03318162,0.00000000,0.35523850,0.49284470,2.63435000,0.00048840,0.00073260,0.00488400,0.02576310,3.66080200,3.31560100,1.79926600,1.10586000,0.60695910,1.10036500,0.79853400,0.80559140,3.30036300,3.30768900,0.79882700,4.76504000,4.79586000,0.00940170, 3, 255, 7, 24,0x50000,No,No,No,No,No,Yes,No,Yes
2026-04-11 11:38:22,6.8,1800,636,,636,602,43,,200,,,648,,71.4,0.8031,0.6000,0.6000,1.1000,0.04782057,0.08880963,0.13467840,0.03025383,0.00000000,0.35426260,0.49382060,2.08069000,0.00048840,0.00073260,0.00500610,0.02564100,3.65152200,3.29982600,1.79926600,1.10695900,0.60183090,1.10036500,0.79999920,0.80586010,3.30219400,3.30402600,0.79824100,4.75834000,4.80658000,0.00940170, 3, 255, 7, 24,0x50000,No,No,No,No,No,Yes,No,Yes
2026-04-11 11:38:24,6.8,1700,591,,591,602,44,,200,,,648,,71.4,0.8031,0.6000,0.6000,1.1000,0.04782057,0.08880963,0.13370240,0.03220569,0.00000000,0.35719040,0.49284470,2.08962000,0.00097680,0.00067155,0.00494505,0.02576310,3.64224300,3.32952100,1.80024200,1.10805800,0.60402870,1.09963300,0.79926660,0.80639730,3.30311000,3.30311000,0.79794790,4.80256000,4.79586000,0.00940170, 3, 255, 7, 24,0x50000,No,No,No,No,No,Yes,No,Yes
2026-04-11 11:38:26,6.5,1700,591,,591,602,44,,200,,,648,,73.0,0.8168,0.6000,0.6000,1.1000,0.04782057,0.08880963,0.13370240,0.03708534,0.00000000,0.36597380,0.49479650,2.15213000,0.00048840,0.00073260,0.00445665,0.02576310,3.63389100,3.30168200,1.79828900,1.10695900,0.60586020,1.09999900,0.80036550,0.82090280,3.29944700,3.30494200,0.79941320,4.79586000,4.79050000,0.00854700, 3, 255, 7, 24,0x50000,No,No,No,No,No,Yes,No,Yes
2026-04-11 11:38:28,6.8,1700,591,,591,602,44,,200,,,648,,73.0,0.8031,0.6000,0.6000,1.1000,0.04782057,0.08685777,0.13467840,0.03513348,0.00000000,0.35523850,0.49479650,2.08069000,0.00097680,0.00061050,0.00494505,0.02564100,3.64966700,3.32580900,1.79828900,1.10842400,0.60292980,1.09999900,0.79963290,0.80586010,3.30311000,3.30585700,0.79853400,4.76772000,4.79586000,0.00940170, 3, 255, 7, 24,0x50000,No,No,No,No,No,Yes,No,Yes
2026-04-11 11:38:31,7.0,1700,591,,591,602,44,,200,,,648,,72.5,0.8031,0.6000,0.6000,1.1000,0.04782057,0.12784680,0.16590810,0.03318162,0.00000000,0.36792560,0.49577240,2.08069000,0.00097680,0.00097680,0.00470085,0.02564100,3.65430600,3.30724900,1.79535800,1.10549400,0.60659280,1.09999900,0.79999920,0.80586010,3.30402600,3.30311000,0.79853400,4.78246000,4.74762000,0.00940170, 3, 255, 7, 24,0x50000,No,No,No,No,No,Yes,No,Yes
2026-04-11 11:38:33,6.8,1700,591,,591,602,44,,200,,,648,,72.5,0.8031,0.6000,0.6000,1.1000,0.05660394,0.10247270,0.13565430,0.02830197,0.00000000,0.35328660,0.49382060,2.08069000,0.00073260,0.00054945,0.00476190,0.02564100,3.64038700,3.30260900,1.78754400,1.10622600,0.60439500,1.10036500,0.79963290,0.80612860,3.30311000,3.30494200,0.79941320,4.76906000,4.80256000,0.00940170, 3, 255, 7, 24,0x50000,No,No,No,No,No,Yes,No,Yes
2026-04-11 11:38:35,7.0,1700,591,,591,602,44,,200,,,648,,70.8,0.8031,0.6000,0.6000,1.1000,0.05074836,0.08685777,0.13663020,0.03025383,0.00000000,0.35621450,0.49674840,2.09855000,0.00073260,0.00073260,0.00494505,0.02588520,3.65987400,3.32952100,1.79828900,1.10695900,0.60476130,1.09926600,0.79926660,0.80559140,3.30219400,3.30311000,0.79882700,4.79720000,4.79586000,0.00940170, 3, 255, 7, 24,0x50000,No,No,No,No,No,Yes,No,Yes
2026-04-11 11:38:37,7.0,1700,591,,591,602,44,,200,,,648,,71.9,0.8031,0.6000,0.6000,1.1000,0.04782057,0.09076149,0.13370240,0.03415755,0.00000000,0.35621450,0.49479650,2.08069000,0.00097680,0.00097680,0.00476190,0.02576310,3.64038700,3.30817700,1.79535800,1.10476100,0.60402870,1.09999900,0.79999920,0.80586010,3.30036300,3.30402600,0.79882700,4.79586000,4.79586000,0.00940170, 3, 255, 7, 24,0x50000,No,No,No,No,No,Yes,No,Yes
2026-04-11 11:38:39,6.8,1700,591,,591,602,44,,200,,,648,,72.5,0.8031,0.6000,0.6000,1.1000,0.04782057,0.09564114,0.13663020,0.03025383,0.00000000,0.35523850,0.49479650,2.08069000,0.00097680,0.00067155,0.00488400,0.02564100,3.65152200,3.30168200,1.80024200,1.10549400,0.60183090,1.09963300,0.80146440,0.80639730,3.30219400,3.30219400,0.79882700,4.76504000,4.79586000,0.00854700, 3, 255, 7, 24,0x50000,No,No,No,No,No,Yes,No,Yes
2026-04-11 11:38:41,6.5,1700,591,,591,602,44,,200,,,648,,72.5,0.8031,0.6000,0.6000,1.1000,0.04977243,0.08880963,0.13077460,0.03025383,0.00000000,0.35621450,0.49382060,2.62542000,0.00097680,0.00103785,0.00476190,0.02564100,3.65894600,3.30353800,1.81684800,1.10659200,0.60622650,1.09963300,0.80036550,0.80612860,3.30127900,3.30311000,0.79824100,4.79586000,4.76236000,0.00854700, 3, 255, 7, 24,0x50000,No,No,No,No,No,Yes,No,Yes
2026-04-11 11:38:43,6.8,1700,591,,591,602,44,,200,,,648,,72.5,0.8031,0.6000,0.6000,1.1000,0.04977243,0.09661707,0.13467840,0.03025383,0.00000000,0.35621450,0.49382060,2.08962000,0.00048840,0.00054945,0.00457875,0.02576310,3.65894600,3.30353800,1.81684800,1.10659200,0.60476130,1.09926600,0.79999920,0.80586010,3.30127900,3.30402600,0.79941320,4.80122000,4.79988000,0.00854700, 3, 255, 7, 24,0x50000,No,No,No,No,No,Yes,No,Yes
2026-04-11 11:38:46,7.0,1700,591,,591,602,44,,200,,,648,,72.5,0.8031,0.6000,0.6000,1.1000,0.04782057,0.09076149,0.13467840,0.03122976,0.00000000,0.35328660,0.48894090,2.08962000,0.00097680,0.00097680,0.00463980,0.02564100,3.65894600,3.30260900,1.81684800,1.10146400,0.60622650,1.09999900,0.80036550,0.80612860,3.30127900,3.30311000,0.79941320,4.79586000,4.76772000,0.00854700, 3, 255, 7, 24,0x50000,No,No,No,No,No,Yes,No,Yes
2026-04-11 11:38:48,6.8,1700,591,,636,653,43,,200,,,648,,71.9,0.8168,0.6000,0.6000,1.1000,0.05172429,0.09271335,0.13467840,0.03122976,0.00000000,0.35523850,0.49186870,2.15213000,0.00097680,0.00067155,0.00500610,0.02551890,3.65152200,3.30724900,1.80024200,1.10549400,0.60183090,1.10036500,0.79816780,0.82036550,3.29944700,3.30494200,0.79941320,4.79050000,4.79720000,0.00854700, 3, 255, 7, 24,0x50000,No,No,No,No,No,Yes,No,Yes
2026-04-11 11:38:50,7.2,1700,591,,591,602,44,,200,,,648,,70.8,0.8031,0.6000,0.6000,1.1000,0.04782057,0.08880963,0.13467840,0.02732604,0.00000000,0.35231080,0.49382060,2.08069000,0.00054945,0.00073260,0.00488400,0.02564100,3.64502700,3.30168200,1.80024200,1.10476100,0.60329610,1.10036500,0.79853400,0.80586010,3.30036300,3.30952000,0.79882700,4.79720000,4.80122000,0.00854700, 3, 255, 7, 24,0x50000,No,No,No,No,No,Yes,No,Yes
2026-04-11 11:38:52,6.8,1800,636,,636,653,44,,200,,,648,,73.0,0.8031,0.6000,0.6000,1.1000,0.04782057,0.09271335,0.13663020,0.02635011,0.00000000,0.34938290,0.49382060,2.08962000,0.00048840,0.00054945,0.00470085,0.02588520,3.64502700,3.31560100,1.79926600,1.10842400,0.60659280,1.10036500,0.79999920,0.80586010,3.30219400,3.30311000,0.79853400,4.79854000,4.80524000,0.00854700, 3, 255, 7, 24,0x50000,No,No,No,No,No,Yes,No,Yes
2026-04-11 11:38:54,7.0,1800,636,,591,602,44,,200,,,648,,71.4,0.8031,0.6000,0.6000,1.1000,0.05074836,0.09759300,0.13663020,0.02927790,0.00000000,0.35328660,0.49674840,2.08962000,0.00073260,0.00073260,0.00457875,0.02527470,3.65523400,3.30724900,1.78900900,1.10549400,0.60402870,1.10036500,0.79999920,0.80586010,3.30402600,3.30402600,0.79853400,4.80122000,4.80256000,0.00854700, 3, 255, 7, 24,0x50000,No,No,No,No,No,Yes,No,Yes
2026-04-11 11:38:56,7.0,1700,591,,591,602,44,,200,,,648,,72.5,0.8031,0.6000,0.6000,1.1000,0.04977243,0.09076149,0.13565430,0.02927790,0.00000000,0.35719040,0.49577240,2.08069000,0.00073260,0.00079365,0.00476190,0.02564100,3.65523400,3.30724900,1.78852100,1.10476100,0.60622650,1.09999900,0.79999920,0.80586010,3.30127900,3.30402600,0.79882700,4.80390000,4.80256000,0.00854700, 3, 255, 7, 24,0x50000,No,No,No,No,No,Yes,No,Yes
2026-04-11 11:38:58,6.8,1700,591,,591,602,44,,200,,,648,,71.4,0.8031,0.6000,0.6000,1.1000,0.04782057,0.08880963,0.13663020,0.03513348,0.00000000,0.36694970,0.49186870,2.10748000,0.00073260,0.00073260,0.00488400,0.02527470,3.66080200,3.30724900,1.79926600,1.10915600,0.60256350,1.09999900,0.79999920,0.80586010,3.30402600,3.30402600,0.79824100,4.76370000,4.80524000,0.00854700, 3, 255, 7, 24,0x50000,No,No,No,No,No,Yes,No,Yes
2026-04-11 11:39:01,7.0,1800,636,,636,653,44,,200,,,648,,71.9,0.8168,0.6000,0.6000,1.1000,0.04782057,0.08490592,0.13565430,0.03318162,0.00000000,0.35426260,0.49772430,2.08962000,0.00073260,0.00054945,0.00457875,0.02527470,3.65523400,3.30075400,1.81684800,1.10366200,0.60659280,1.09999900,0.79963290,0.80612860,3.30219400,3.30494200,0.79853400,4.79050000,4.76504000,0.00854700, 3, 255, 7, 24,0x50000,No,No,No,No,No,Yes,No,Yes
2026-04-11 11:39:03,6.8,1700,591,,591,602,44,,200,,,648,,71.4,0.8031,0.6000,0.6000,1.1000,0.04879650,0.08880963,0.13467840,0.03122976,0.00000000,0.35621450,0.49772430,2.08069000,0.00048840,0.00054945,0.00488400,0.02564100,3.65987400,3.29889800,1.78900900,1.10549400,0.60622650,1.09999900,0.79999920,0.80586010,3.30402600,3.30402600,0.79853400,4.79586000,4.79050000,0.00854700, 3, 255, 7, 24,0x50000,No,No,No,No,No,Yes,No,Yes
2026-04-11 11:39:05,7.0,1700,591,,591,602,44,,200,,,648,,71.9,0.8031,0.6000,0.6000,1.1000,0.04977243,0.09271335,0.13272650,0.02830197,0.00000000,0.36304600,0.49772430,2.64328000,0.00048840,0.00054945,0.00494505,0.02564100,3.65523400,3.29889800,1.79926600,1.10439400,0.60402870,1.09999900,0.79999920,0.80586010,3.30219400,3.30402600,0.79824100,4.75298000,4.79050000,0.00940170, 3, 255, 7, 24,0x50000,No,No,No,No,No,Yes,No,Yes
2026-04-11 11:39:07,6.8,1800,636,,636,653,44,,200,,,648,,71.9,0.8031,0.6000,0.6000,1.1000,0.04782057,0.09661707,0.13370240,0.03220569,0.00000000,0.35621450,0.49479650,2.08962000,0.00097680,0.00079365,0.00476190,0.02551890,3.64038700,3.30168200,1.78900900,1.10732500,0.60402870,1.10036500,0.80036550,0.80586010,3.30127900,3.30402600,0.79824100,4.72082000,4.78514000,0.00940170, 3, 255, 7, 24,0x50000,No,No,No,No,No,Yes,No,Yes
2026-04-11 11:39:09,7.0,1800,636,,636,653,44,,200,,,648,,70.8,0.8031,0.6000,0.6000,1.1000,0.04782057,0.08880963,0.13467840,0.03122976,0.00000000,0.35523850,0.49284470,2.08069000,0.00097680,0.00067155,0.00500610,0.02564100,3.63853100,3.30168200,1.80024200,1.10769100,0.60073200,1.10109800,0.79926660,0.80586010,3.30219400,3.30311000,0.79882700,4.80256000,4.79586000,0.00940170, 3, 255, 7, 24,0x50000,No,No,No,No,No,Yes,No,Yes
2026-04-11 11:39:11,7.0,1700,591,,591,602,44,,200,,,648,,72.5,0.8031,0.6000,0.6000,1.1000,0.04879650,0.09076149,0.13370240,0.02927790,0.00000000,0.35621450,0.49382060,2.08069000,0.00048840,0.00073260,0.00482295,0.02564100,3.65523400,3.30168200,1.79926600,1.10146400,0.60183090,1.09999900,0.79999920,0.80586010,3.30402600,3.30402600,0.79824100,4.79318000,4.79050000,0.00854700, 3, 255, 7, 24,0x50000,No,No,No,No,No,Yes,No,Yes
2026-04-11 11:39:13,7.0,1700,591,,591,602,44,,200,,,648,,70.8,0.8031,0.6000,0.6000,1.1000,0.05660394,0.09564114,0.13565430,0.03025383,0.00000000,0.35719040,0.49479650,2.08962000,0.00097680,0.00067155,0.00506715,0.02564100,3.65152200,3.32952100,1.80024200,1.10146400,0.60292980,1.09926600,0.79926660,0.80559140,3.30219400,3.30311000,0.79794790,4.76504000,4.79586000,0.00854700, 3, 255, 7, 24,0x50000,No,No,No,No,No,Yes,No,Yes
2026-04-11 11:39:16,7.0,1700,591,,591,602,44,,200,,,648,,73.0,0.8031,0.6000,0.6000,1.1000,0.05172429,0.09173742,0.13370240,0.02830197,0.00000000,0.35621450,0.49382060,2.08069000,0.00097680,0.00067155,0.00500610,0.02551890,3.65523400,3.29982600,1.79926600,1.10402800,0.60366240,1.09853400,0.79926660,0.80586010,3.30036300,3.30311000,0.79882700,4.79720000,4.77174000,0.00940170, 3, 255, 7, 24,0x50000,No,No,No,No,No,Yes,No,Yes
2026-04-11 11:39:18,6.8,1700,591,,591,602,44,,200,,,648,,73.0,0.8031,0.6000,0.6000,1.1000,0.04782057,0.09076149,0.13467840,0.03122976,0.00000000,0.35621450,0.49284470,2.09855000,0.00073260,0.00054945,0.00476190,0.02564100,3.64038700,3.30353800,1.81684800,1.10769100,0.60476130,1.09926600,0.79890030,0.80586010,3.30311000,3.30402600,0.79941320,4.80256000,4.80524000,0.00940170, 3, 255, 7, 24,0x50000,No,No,No,No,No,Yes,No,Yes
2026-04-11 11:39:20,6.5,1700,591,,591,602,44,,200,,,648,,71.9,0.8168,0.6000,0.6000,1.1000,0.04977243,0.08880963,0.13370240,0.02927790,0.00000000,0.35523850,0.49772430,2.16106000,0.00054945,0.00054945,0.00488400,0.02564100,3.65523400,3.30353800,1.81684800,1.10769100,0.60476130,1.10036500,0.79890030,0.82036550,3.30127900,3.30311000,0.79882700,4.79184000,4.79586000,0.00940170, 3, 255, 7, 24,0x50000,No,No,No,No,No,Yes,No,Yes
2026-04-11 11:39:22,7.0,1700,591,,591,602,44,,200,,,648,,73.0,0.8031,0.6000,0.6000,1.1000,0.04782057,0.08880963,0.13467840,0.02732604,0.00000000,0.35523850,0.49284470,3.03620000,0.00073260,0.00079365,0.00457875,0.02576310,3.65523400,3.30724900,1.78852100,1.10988900,0.60476130,1.09926600,0.80036550,0.80612860,3.30402600,3.30219400,0.79853400,4.76370000,4.79050000,0.00854700, 3, 255, 7, 24,0x50000,No,No,No,No,No,Yes,No,Yes
2026-04-11 11:39:24,6.8,1700,591,,591,602,44,,200,,,648,,71.4,0.8031,0.6000,0.6000,1.1000,0.04782057,0.08880963,0.13565430,0.02927790,0.00000000,0.35719040,0.49284470,2.09855000,0.00048840,0.00054945,0.00482295,0.02576310,3.65523400,3.30724900,1.79535800,1.10329600,0.60476130,1.09999900,0.79999920,0.80586010,3.30402600,3.30402600,0.79941320,4.79586000,4.76236000,0.00940170, 3, 255, 7, 24,0x50000,No,No,No,No,No,Yes,No,Yes
2026-04-11 11:39:26,7.0,1700,591,,591,602,44,,200,,,648,,72.5,0.8168,0.6000,0.6000,1.1000,0.05367615,0.08783370,0.13370240,0.03122976,0.00000000,0.35523850,0.49382060,2.16999000,0.00048840,0.00085470,0.00488400,0.02576310,3.65245000,3.35550300,1.80659200,1.10622600,0.60476130,1.09999900,0.79963290,0.82063420,3.29944700,3.30494200,0.79853400,4.79050000,4.76772000,0.00854700, 3, 255, 7, 24,0x50000,No,No,No,No,No,Yes,No,Yes
2026-04-11 11:39:28,6.8,1700,591,,591,602,44,,200,,,648,,72.5,0.8031,0.6000,0.6000,1.1000,0.05660394,0.08880963,0.13663020,0.03708534,0.00000000,0.36694970,0.49674840,2.09855000,0.00073260,0.00073260,0.00457875,0.02539680,3.63853100,3.30260900,1.79828900,1.10256300,0.60256350,1.10036500,0.79853400,0.80586010,3.30219400,3.30402600,0.79882700,4.79854000,4.79586000,0.00940170, 3, 255, 7, 24,0x50000,No,No,No,No,No,Yes,No,Yes
2026-04-11 11:39:31,6.5,1700,591,,591,602,44,,200,,,648,,73.0,0.8031,0.6000,0.6000,1.1000,0.04977243,0.08880963,0.13858210,0.03318162,0.00000000,0.35621450,0.49382060,2.64328000,0.00048840,0.00073260,0.00494505,0.02564100,3.65337800,3.30168200,1.79926600,1.10476100,0.60695910,1.09999900,0.79999920,0.80586010,3.30219400,3.30402600,0.79824100,4.79318000,4.80390000,0.00854700, 3, 255, 7, 24,0x50000,No,No,No,No,No,Yes,No,Yes
2026-04-11 11:39:33,7.0,1700,591,,591,602,44,,200,,,648,,72.5,0.8031,0.6000,0.6000,1.1000,0.04782057,0.08880963,0.13565430,0.02830197,0.00000000,0.37280530,0.49577240,2.09855000,0.00073260,0.00073260,0.00488400,0.02588520,3.65523400,3.30168200,1.79926600,1.10769100,0.60183090,1.09999900,0.79999920,0.80586010,3.30219400,3.30402600,0.79941320,4.79586000,4.76370000,0.00940170, 3, 255, 7, 24,0x50000,No,No,No,No,No,Yes,No,Yes
2026-04-11 11:39:35,7.0,1700,591,,591,602,44,,200,,,648,,71.9,0.8168,0.6000,0.6000,1.1000,0.04977243,0.08880963,0.13370240,0.02927790,0.00000000,0.35621450,0.49479650,2.16999000,0.00061050,0.00054945,0.00476190,0.02588520,3.65430600,3.31281700,1.79389300,1.10805800,0.60732540,1.09999900,0.79816780,0.82036550,3.29944700,3.30494200,0.79794790,4.78916000,4.75700000,0.00854700, 3, 255, 7, 24,0x50000,No,No,No,No,No,Yes,No,Yes
2026-04-11 11:39:37,6.5,1700,591,,591,602,44,,200,,,648,,72.5,0.8031,0.6000,0.6000,1.1000,0.04977243,0.08880963,0.13467840,0.03025383,0.00000000,0.36890160,0.49479650,2.09855000,0.00073260,0.00073260,0.00488400,0.02539680,3.65337800,3.30260900,1.80024200,1.10915600,0.60402870,1.09999900,0.79853400,0.80586010,3.30036300,3.30311000,0.79882700,4.79854000,4.78514000,0.00940170, 3, 255, 7, 24,0x50000,No,No,No,No,No,Yes,No,Yes
2026-04-11 11:39:39,6.8,1800,636,,636,653,44,,200,,,648,,72.5,0.8031,0.6000,0.6000,1.1000,0.05074836,0.08880963,0.13565430,0.03220569,0.00000000,0.37280530,0.49382060,2.09855000,0.00048840,0.00073260,0.00470085,0.02576310,3.65616200,3.32952100,1.79828900,1.10366200,0.60256350,1.10036500,0.79926660,0.80639730,3.30219400,3.30311000,0.79882700,4.80256000,4.80122000,0.00940170, 3, 255, 7, 24,0x50000,No,No,No,No,No,Yes,No,Yes
2026-04-11 11:39:41,7.0,1700,591,,591,602,44,,200,,,648,,72.5,0.8031,0.6000,0.6000,1.1000,0.04977243,0.08880963,0.13370240,0.03025383,0.00000000,0.35523850,0.49674840,2.08069000,0.00048840,0.00073260,0.00488400,0.02564100,3.63760300,3.30168200,1.79926600,1.10439400,0.60659280,1.09999900,0.79853400,0.80532280,3.30219400,3.30585700,0.79882700,4.76504000,4.80256000,0.00854700, 3, 255, 7, 24,0x50000,No,No,No,No,No,Yes,No,Yes
2026-04-11 11:39:43,7.0,1700,591,,591,602,44,,200,,,648,,71.9,0.8031,0.6000,0.6000,1.1000,0.04879650,0.08880963,0.13370240,0.03318162,0.00000000,0.35426260,0.49870020,2.65221000,0.00073260,0.00073260,0.00494505,0.02576310,3.65337800,3.30260900,1.79828900,1.10769100,0.60073200,1.09926600,0.79853400,0.80586010,3.30219400,3.30311000,0.79794790,4.76504000,4.79854000,0.00940170, 3, 255, 7, 24,0x50000,No,No,No,No,No,Yes,No,Yes
2026-04-11 11:39:46,7.0,1700,591,,591,602,44,,200,,,648,,73.0,0.8168,0.6000,0.6000,1.1000,0.04782057,0.08783370,0.13663020,0.03122976,0.00000000,0.35719040,0.48503720,2.76830000,0.00054945,0.00073260,0.00494505,0.02576310,3.65152200,3.32580900,1.79828900,1.10549400,0.60549390,1.09853400,0.79963290,0.82009690,3.30127900,3.30402600,0.79941320,4.74896000,4.79318000,0.00940170, 3, 255, 7, 24,0x50000,No,No,No,No,No,Yes,No,Yes
2026-04-11 11:39:48,7.0,1700,591,,591,602,44,,200,,,648,,72.5,0.8031,0.6000,0.6000,1.1000,0.04782057,0.08880963,0.13467840,0.03025383,0.00000000,0.37280530,0.49577240,2.09855000,0.00097680,0.00061050,0.00500610,0.02551890,3.65987400,3.31003300,1.80024200,1.10549400,0.60549390,1.10036500,0.79926660,0.80586010,3.30219400,3.30585700,0.79853400,4.80256000,4.77040000,0.00940170, 3, 255, 7, 24,0x50000,No,No,No,No,No,Yes,No,Yes
2026-04-11 11:39:50,6.8,1700,591,,591,602,44,,200,,,648,,72.5,0.8031,0.6000,0.6000,1.1000,0.04977243,0.09076149,0.13663020,0.03220569,0.00000000,0.35719040,0.49186870,2.09855000,0.00048840,0.00073260,0.00494505,0.02588520,3.65616200,3.30168200,1.80024200,1.10366200,0.60219720,1.10036500,0.79926660,0.80586010,3.30219400,3.30311000,0.79824100,4.80256000,4.79720000,0.00940170, 3, 255, 7, 24,0x50000,No,No,No,No,No,Yes,No,Yes
2026-04-11 11:39:52,6.7,1800,636,,636,653,44,,200,,,648,,72.5,0.8031,0.6000,0.6000,1.1000,0.04782057,0.09076149,0.13467840,0.02732604,0.00000000,0.35816630,0.49772430,2.09855000,0.00054945,0.00067155,0.00488400,0.02551890,3.65523400,3.29982600,1.79926600,1.10769100,0.60659280,1.09999900,0.79926660,0.80586010,3.30219400,3.30402600,0.79882700,4.79720000,4.79586000,0.00854700, 3, 255, 7, 24,0x50000,No,No,No,No,No,Yes,No,Yes
2026-04-11 11:39:54,6.8,1700,591,,591,602,44,,200,,,648,,71.9,0.8031,0.6000,0.6000,1.1000,0.04977243,0.09076149,0.13565430,0.03122976,0.00000000,0.35523850,0.49284470,2.09855000,0.00073260,0.00073260,0.00457875,0.02551890,3.64038700,3.30168200,1.79926600,1.10695900,0.60476130,1.09853400,0.79926660,0.80800900,3.30219400,3.30311000,0.79882700,4.79854000,4.80390000,0.00854700, 3, 255, 7, 24,0x50000,No,No,No,No,No,Yes,No,Yes
2026-04-11 11:39:56,6.5,1700,591,,591,602,44,,200,,,648,,71.9,0.8031,0.6000,0.6000,1.1000,0.04782057,0.08880963,0.13272650,0.03122976,0.00000000,0.35621450,0.49382060,2.09855000,0.00054945,0.00048840,0.00457875,0.02576310,3.65152200,3.30168200,1.79926600,1.10695900,0.60402870,1.09963300,0.79926660,0.80532280,3.30219400,3.30311000,0.79882700,4.80122000,4.76370000,0.00940170, 3, 255, 7, 24,0x50000,No,No,No,No,No,Yes,No,Yes
2026-04-11 11:39:58,6.8,1700,591,,591,602,44,,200,,,648,,70.8,0.8031,0.6000,0.6000,1.1000,0.04977243,0.08783370,0.13272650,0.02927790,0.00000000,0.35523850,0.49577240,2.11641000,0.00097680,0.00067155,0.00433455,0.02564100,3.65152200,3.32766400,1.80024200,1.10842400,0.60695910,1.09999900,0.79963290,0.80532280,3.30219400,3.31135200,0.79853400,4.80256000,4.79586000,0.00854700, 3, 255, 7, 24,0x50000,No,No,No,No,No,Yes,No,Yes
2026-04-11 11:40:00,7.2,1700,591,,591,602,44,,200,,,648,,70.8,0.8031,0.6000,0.6000,1.1000,0.04782057,0.09076149,0.13663020,0.03220569,0.00000000,0.36890160,0.49382060,2.15213000,0.00097680,0.00103785,0.00476190,0.02564100,3.65894600,3.29518600,1.81684800,1.10915600,0.60622650,1.09999900,0.79999920,0.80612860,3.30219400,3.30402600,0.79941320,4.79586000,4.76504000,0.00854700, 3, 255, 7, 24,0x50000,No,No,No,No,No,Yes,No,Yes
2026-04-11 11:40:03,6.8,1700,591,,591,602,44,,200,,,648,,73.0,0.8031,0.6000,0.6000,1.1000,0.04977243,0.08880963,0.13175060,0.03122976,0.00000000,0.35816630,0.49186870,2.08962000,0.00097680,0.00054945,0.00488400,0.02527470,3.64038700,3.31467300,1.81684800,1.10805800,0.60549390,1.09999900,0.80036550,0.80586010,3.30127900,3.30402600,0.79853400,4.80122000,4.80524000,0.00940170, 3, 255, 7, 24,0x50000,No,No,No,No,No,Yes,No,Yes
2026-04-11 11:40:05,6.7,1700,591,,591,602,44,,200,,,648,,72.5,0.8031,0.6000,0.6000,1.1000,0.04782057,0.08783370,0.13467840,0.03025383,0.00000000,0.35523850,0.49674840,2.65221000,0.00073260,0.00073260,0.00488400,0.02551890,3.64873800,3.29889800,1.80610300,1.10659200,0.59999940,1.09963300,0.79926660,0.80586010,3.30219400,3.30311000,0.79882700,4.73556000,4.79586000,0.00854700, 3, 255, 7, 24,0x50000,No,No,No,No,No,Yes,No,Yes
2026-04-11 11:40:07,6.8,1700,591,,591,602,44,,200,,,648,,71.4,0.8031,0.6000,0.6000,1.1000,0.04586871,0.08978556,0.13663020,0.03122976,0.00000000,0.35621450,0.49577240,2.08962000,0.00097680,0.00067155,0.00494505,0.02539680,3.65616200,3.29889800,1.80610300,1.10146400,0.60366240,1.10073200,0.79963290,0.80586010,3.30311000,3.30494200,0.79853400,4.79050000,4.77978000,0.00854700, 3, 255, 7, 24,0x50000,No,No,No,No,No,Yes,No,Yes
2026-04-11 11:40:09,6.5,1700,591,,591,653,44,,200,,,648,,72.5,0.8168,0.6000,0.6000,1.1000,0.04782057,0.08880963,0.13370240,0.02732604,0.00000000,0.35621450,0.49382060,2.16999000,0.00073260,0.00073260,0.00457875,0.02551890,3.63853100,3.30168200,1.80024200,1.10549400,0.60402870,1.09926600,0.79926660,0.82036550,3.30219400,3.30402600,0.79882700,4.75432000,4.79184000,0.00854700, 3, 255, 7, 24,0x50000,No,No,No,No,No,Yes,No,Yes
2026-04-11 11:40:11,6.8,1700,591,,591,602,44,,200,,,648,,71.4,0.8168,0.6000,0.6000,1.1000,0.04782057,0.09076149,0.13467840,0.03318162,0.00000000,0.35816630,0.49674840,2.16106000,0.00097680,0.00061050,0.00494505,0.02588520,3.65059400,3.29518600,1.80659200,1.10549400,0.60183090,1.09963300,0.79926660,0.82036550,3.30219400,3.30402600,0.79882700,4.74896000,4.79452000,0.00854700, 3, 255, 7, 24,0x50000,No,No,No,No,No,Yes,No,Yes
2026-04-11 11:40:13,6.8,1700,591,,591,602,44,,200,,,648,,72.5,0.8031,0.6000,0.6000,1.1000,0.04782057,0.08880963,0.13467840,0.03025383,0.00000000,0.35621450,0.49382060,2.09855000,0.00048840,0.00073260,0.00494505,0.02564100,3.63853100,3.32580900,1.80024200,1.10915600,0.60549390,1.10036500,0.79926660,0.80639730,3.30219400,3.30311000,0.79882700,4.79720000,4.79854000,0.00940170, 3, 255, 7, 24,0x50000,No,No,No,No,No,Yes,No,Yes
2026-04-11 11:40:16,6.5,1800,636,,636,602,44,,200,,,648,,71.4,0.8031,0.6000,0.6000,1.1000,0.04977243,0.09076149,0.13663020,0.02732604,0.00000000,0.36597380,0.49479650,2.09855000,0.00073260,0.00073260,0.00500610,0.02551890,3.65152200,3.32766400,1.80024200,1.10769100,0.60329610,1.09853400,0.79890030,0.80586010,3.30219400,3.30311000,0.79882700,4.79720000,4.79318000,0.00940170, 3, 255, 7, 24,0x50000,No,No,No,No,No,Yes,No,Yes
2026-04-11 11:40:18,7.0,1800,636,,591,602,43,,200,,,648,,71.4,0.8031,0.6000,0.6000,1.1000,0.04977243,0.08978556,0.13370240,0.03220569,0.00000000,0.35523850,0.49284470,2.09855000,0.00097680,0.00067155,0.00500610,0.02551890,3.63853100,3.32952100,1.80024200,1.10439400,0.60439500,1.09999900,0.79926660,0.80559140,3.30219400,3.30311000,0.79794790,4.75164000,4.79586000,0.00940170, 3, 255, 7, 24,0x50000,No,No,No,No,No,Yes,No,Yes
2026-04-11 11:40:20,7.0,1700,591,,591,602,44,,200,,,648,,71.9,0.8031,0.6000,0.6000,1.1000,0.04977243,0.09076149,0.13663020,0.03025383,0.00000000,0.35523850,0.49284470,2.09855000,0.00097680,0.00067155,0.00433455,0.02551890,3.65523400,3.30817700,1.78852100,1.10769100,0.60549390,1.09999900,0.79853400,0.80586010,3.30127900,3.30311000,0.79824100,4.79854000,4.76370000,0.00854700, 3, 255, 7, 24,0x50000,No,No,No,No,No,Yes,No,Yes
2026-04-11 11:40:22,6.8,1700,591,,636,653,43,,200,,,648,,71.9,0.8168,0.6000,0.6000,1.1000,0.04977243,0.09076149,0.13565430,0.02830197,0.00000000,0.35523850,0.49577240,2.17892000,0.00097680,0.00097680,0.00482295,0.02551890,3.65430600,3.30353800,1.81684800,1.10146400,0.60329610,1.10073200,0.79926660,0.82036550,3.30311000,3.30494200,0.79853400,4.78916000,4.75432000,0.00940170, 3, 255, 7, 24,0x50000,No,No,No,No,No,Yes,No,Yes
2026-04-11 11:40:24,7.2,1700,591,,591,602,44,,200,,,648,,73.0,0.8031,0.6000,0.6000,1.1000,0.05074836,0.09173742,0.13565430,0.03415755,0.00000000,0.35426260,0.49577240,2.10748000,0.00048840,0.00073260,0.00457875,0.02551890,3.63481900,3.32766400,1.80024200,1.10146400,0.60256350,1.10036500,0.79926660,0.80559140,3.30219400,3.30311000,0.79794790,4.80256000,4.79854000,0.00940170, 3, 255, 7, 24,0x50000,No,No,No,No,No,Yes,No,Yes
2026-04-11 11:40:26,6.8,1700,591,,591,602,44,,200,,,648,,71.9,0.8031,0.6000,0.6000,1.1000,0.04782057,0.09076149,0.13467840,0.03122976,0.00000000,0.35621450,0.49479650,2.64328000,0.00048840,0.00073260,0.00500610,0.02576310,3.65152200,3.31467300,1.79926600,1.10732500,0.60256350,1.09963300,0.79926660,0.80532280,3.30311000,3.30585700,0.79882700,4.79184000,4.79586000,0.00854700, 3, 255, 7, 24,0x50000,No,No,No,No,No,Yes,No,Yes
2026-04-11 11:40:28,7.0,1700,591,,591,602,44,,200,,,648,,72.5,0.8031,0.6000,0.6000,1.1000,0.04977243,0.09661707,0.13858210,0.02830197,0.00000000,0.35523850,0.49186870,2.10748000,0.00097680,0.00067155,0.00494505,0.02588520,3.65152200,3.31188900,1.80024200,1.10476100,0.60512760,1.09816700,0.79963290,0.80639730,3.30219400,3.30311000,0.79882700,4.80256000,4.75566000,0.00940170, 3, 255, 7, 24,0x50000,No,No,No,No,No,Yes,No,Yes
2026-04-11 11:40:31,6.8,1700,591,,591,602,44,,200,,,648,,72.5,0.8031,0.6000,0.6000,1.1000,0.04782057,0.09076149,0.13565430,0.03318162,0.00000000,0.35719040,0.49284470,2.65221000,0.00097680,0.00061050,0.00500610,0.02576310,3.65152200,3.30168200,1.80024200,1.10366200,0.60512760,1.10036500,0.79926660,0.80532280,3.30219400,3.30311000,0.79882700,4.80256000,4.79184000,0.00854700, 3, 255, 7, 24,0x50000,No,No,No,No,No,Yes,No,Yes
2026-04-11 11:40:33,7.0,1800,636,,636,602,43,,200,,,648,,71.9,0.8031,0.6000,0.6000,1.1000,0.04782057,0.09076149,0.13467840,0.02927790,0.00000000,0.35523850,0.49479650,2.10748000,0.00073260,0.00054945,0.00482295,0.02564100,3.65523400,3.30353800,1.81684800,1.10549400,0.60439500,1.09999900,0.79963290,0.80612860,3.30311000,3.30494200,0.79970620,4.79050000,4.76504000,0.00854700, 3, 255, 7, 24,0x50000,No,No,No,No,No,Yes,No,Yes
2026-04-11 11:40:35,6.8,1700,591,,591,653,43,,200,,,648,,71.9,0.8168,0.6000,0.6000,1.1000,0.04782057,0.08783370,0.13467840,0.03122976,0.00000000,0.35621450,0.49382060,2.76830000,0.00054945,0.00073260,0.00494505,0.02576310,3.64966700,3.32580900,1.79828900,1.10476100,0.60476130,1.09999900,0.79890030,0.82117140,3.30311000,3.30494200,0.79794790,4.74762000,4.79050000,0.00940170, 3, 255, 7, 24,0x50000,No,No,No,No,No,Yes,No,Yes
2026-04-11 11:40:37,6.8,1700,591,,591,653,44,,200,,,648,,73.0,0.8168,0.6000,0.6000,1.1000,0.04879650,0.08685777,0.13370240,0.02732604,0.00000000,0.35231080,0.49382060,2.77723000,0.00054945,0.00073260,0.00494505,0.02564100,3.64873800,3.32766400,1.79828900,1.10146400,0.60476130,1.09999900,0.79816780,0.82063420,3.30402600,3.30402600,0.79853400,4.75298000,4.79318000,0.00940170, 3, 255, 7, 24,0x50000,No,No,No,No,No,Yes,No,Yes
2026-04-11 11:40:39,6.7,1700,591,,591,602,44,,200,,,648,,71.9,0.8031,0.6000,0.6000,1.1000,0.04782057,0.10052080,0.13565430,0.03220569,0.00000000,0.35621450,0.49284470,2.09855000,0.00048840,0.00054945,0.00494505,0.02551890,3.65523400,3.29889800,1.78852100,1.10769100,0.60366240,1.09999900,0.79999920,0.80586010,3.30402600,3.30402600,0.79824100,4.80390000,4.79050000,0.00940170, 3, 255, 7, 24,0x50000,No,No,No,No,No,Yes,No,Yes
2026-04-11 11:40:41,6.8,1700,591,,591,602,44,,200,,,648,,73.0,0.8031,0.6000,0.6000,1.1000,0.04977243,0.08880963,0.13467840,0.02830197,0.00000000,0.35914220,0.49967620,2.08962000,0.00097680,0.00067155,0.00488400,0.02564100,3.64131500,3.32952100,1.80024200,1.10549400,0.60549390,1.09963300,0.79926660,0.80586010,3.30219400,3.30311000,0.79882700,4.75432000,4.79586000,0.00940170, 3, 255, 7, 24,0x50000,No,No,No,No,No,Yes,No,Yes
2026-04-11 11:40:43,7.0,1700,591,,591,602,44,,200,,,648,,73.0,0.8031,0.6000,0.6000,1.1000,0.04977243,0.13565430,0.13565430,0.03025383,0.00000000,0.35426260,0.49674840,2.63435000,0.00097680,0.00097680,0.00482295,0.02564100,3.64688300,3.30724900,1.78852100,1.10915600,0.60109830,1.09926600,0.79853400,0.80586010,3.30219400,3.30311000,0.79882700,4.78246000,4.74896000,0.00940170, 3, 255, 7, 24,0x50000,No,No,No,No,No,Yes,No,Yes
2026-04-11 11:40:46,7.0,1700,591,,591,602,44,,200,,,648,,71.9,0.8031,0.6000,0.6000,1.1000,0.04977243,0.08880963,0.13565430,0.03122976,0.00000000,0.35523850,0.49284470,2.11641000,0.00073260,0.00073260,0.00494505,0.02564100,3.65987400,3.30632200,1.79828900,1.10146400,0.60512760,1.09963300,0.79926660,0.80639730,3.30219400,3.30311000,0.79912020,4.79720000,4.80122000,0.00940170, 3, 255, 7, 24,0x50000,No,No,No,No,No,Yes,No,Yes
2026-04-11 11:40:48,7.0,1700,591,,591,602,44,,200,,,648,,73.0,0.8031,0.6000,0.6000,1.1000,0.04782057,0.10247270,0.13467840,0.03318162,0.00000000,0.35523850,0.49382060,2.09855000,0.00097680,0.00097680,0.00433455,0.02564100,3.64038700,3.32673600,1.81684800,1.10622600,0.60476130,1.09926600,0.80036550,0.80586010,3.30219400,3.30402600,0.79853400,4.75968000,4.80256000,0.00854700, 3, 255, 7, 24,0x50000,No,No,No,No,No,Yes,No,Yes
2026-04-11 11:40:50,7.0,1800,636,,636,653,44,,200,,,648,,71.9,0.8168,0.6000,0.6000,1.1000,0.04977243,0.09076149,0.13467840,0.03318162,0.00000000,0.35621450,0.49772430,2.09855000,0.00048840,0.00079365,0.00476190,0.02564100,3.64781100,3.30168200,1.78852100,1.10549400,0.60402870,1.09999900,0.79999920,0.80586010,3.30219400,3.30402600,0.79853400,4.79586000,4.80524000,0.00854700, 3, 255, 7, 24,0x50000,No,No,No,No,No,Yes,No,Yes
2026-04-11 11:40:52,6.8,1700,591,,591,602,44,,200,,,648,,74.7,0.8031,0.6000,0.6000,1.1000,0.04977243,0.08685777,0.13663020,0.03220569,0.00000000,0.35523850,0.49577240,2.09855000,0.00073260,0.00073260,0.00494505,0.02551890,3.64038700,3.30168200,1.80024200,1.10915600,0.60402870,1.09926600,0.79999920,0.80586010,3.30219400,3.30311000,0.79824100,4.79854000,4.79586000,0.00854700, 3, 255, 7, 24,0x50000,No,No,No,No,No,Yes,No,Yes
2026-04-11 11:40:54,6.5,1800,636,,591,602,44,,200,,,648,,73.0,0.8031,0.6000,0.6000,1.1000,0.04782057,0.09173742,0.13370240,0.04391685,0.00000000,0.35621450,0.49772430,2.10748000,0.00097680,0.00103785,0.00476190,0.02588520,3.64038700,3.32580900,1.81684800,1.10769100,0.60769170,1.09999900,0.79999920,0.80612860,3.30219400,3.30402600,0.79824100,4.79988000,4.80524000,0.00854700, 3, 255, 7, 24,0x50000,No,No,No,No,No,Yes,No,Yes
2026-04-11 11:40:56,6.8,1700,591,,591,602,44,,200,,,648,,72.5,0.8031,0.6000,0.6000,1.1000,0.04879650,0.08880963,0.13370240,0.03122976,0.00000000,0.35816630,0.49674840,2.17892000,0.00048840,0.00073260,0.00488400,0.02539680,3.63760300,3.31467300,1.80024200,1.10476100,0.60476130,1.09999900,0.80036550,0.82090280,3.30127900,3.30494200,0.79853400,4.79050000,4.79586000,0.00940170, 3, 255, 7, 24,0x50000,No,No,No,No,No,Yes,No,Yes
2026-04-11 11:40:58,7.0,1700,591,,591,602,44,,200,,,648,,73.6,0.8031,0.6000,0.6000,1.1000,0.04977243,0.09271335,0.13565430,0.03122976,0.00000000,0.35621450,0.49284470,2.64328000,0.00073260,0.00079365,0.00500610,0.02576310,3.65523400,3.29982600,1.78852100,1.10988900,0.60476130,1.10036500,0.79999920,0.80586010,3.30219400,3.30402600,0.79824100,4.79586000,4.78112000,0.00940170, 3, 255, 7, 24,0x50000,No,No,No,No,No,Yes,No,Yes
2026-04-11 11:41:01,6.5,1700,591,,591,602,44,,200,,,648,,73.0,0.8031,0.6000,0.6000,1.1000,0.04977243,0.08880963,0.13467840,0.03025383,0.00000000,0.35719040,0.49284470,2.10748000,0.00073260,0.00073260,0.00500610,0.02588520,3.65152200,3.29889800,1.80024200,1.10879000,0.60402870,1.09999900,0.79890030,0.80586010,3.30036300,3.30311000,0.79882700,4.79854000,4.80122000,0.00940170, 3, 255, 7, 24,0x50000,No,No,No,No,No,Yes,No,Yes
2026-04-11 11:41:03,7.0,1700,591,,591,602,44,,200,,,648,,71.9,0.8031,0.6000,0.6000,1.1000,0.04977243,0.08880963,0.13663020,0.03122976,0.00000000,0.35523850,0.49577240,2.10748000,0.00048840,0.00073260,0.00494505,0.02588520,3.64038700,3.32580900,1.79926600,1.10915600,0.60549390,1.09999900,0.79999920,0.80693450,3.30402600,3.30402600,0.79824100,4.80122000,4.79050000,0.00940170, 3, 255, 7, 24,0x50000,No,No,No,No,No,Yes,No,Yes
2026-04-11 11:41:05,6.8,1700,591,,591,602,44,,200,,,648,,72.5,0.8031,0.6000,0.6000,1.1000,0.04782057,0.09076149,0.13760610,0.03025383,0.00000000,0.35719040,0.49479650,2.13427000,0.00073260,0.00079365,0.00500610,0.02551890,3.65523400,3.30724900,1.78852100,1.10769100,0.60402870,1.09999900,0.79999920,0.80586010,3.30036300,3.30402600,0.79824100,4.79586000,4.76772000,0.00940170, 3, 255, 7, 24,0x50000,No,No,No,No,No,Yes,No,Yes
2026-04-11 11:41:07,0.3,1500,500,,500,500,44,,200,,,648,,69.7,0.7200,0.6000,0.6000,1.1000,0.04977243,0.07612254,0.13077460,0.02927790,0.00000000,0.19908970,0.34059960,1.77707000,0.00097680,0.00079365,0.00470085,0.02551890,3.70070400,3.31745700,1.79828900,1.10659200,0.61575030,1.10366200,0.80036550,0.72097620,3.30219400,3.30311000,0.79824100,4.92584000,4.92584000,0.00854700, 3, 255, 7, 24,0x50000,No,No,No,No,No,Yes,No,Yes
2026-04-11 11:41:09,0.0,1500,500,,500,500,44,,200,,,648,,71.4,0.7200,0.6000,0.6000,1.1000,0.00390372,0.06148359,0.13077460,0.02927790,0.00000000,0.20006570,0.33962360,1.75921000,0.00097680,0.00103785,0.00433455,0.02564100,3.69977600,3.30353800,1.81684800,1.10769100,0.61501770,1.10366200,0.79963290,0.72043880,3.29944700,3.30494200,0.79794790,4.93924000,4.93522000,0.00854700, 3, 255, 7, 24,0x50000,No,No,No,No,No,Yes,No,Yes
2026-04-11 11:41:11,0.0,1500,500,,500,500,44,,200,,,648,,69.7,0.7200,0.6000,0.6000,1.1000,0.00000000,0.06050766,0.13077460,0.02732604,0.00000000,0.21177680,0.34157550,1.75028000,0.00073260,0.00073260,0.00457875,0.02564100,3.70070400,3.32209700,1.80610300,1.10439400,0.61538400,1.10146400,0.79926660,0.72097620,3.30127900,3.30402600,0.79882700,4.94192000,4.93790000,0.00940170, 3, 255, 7, 24,0x50000,No,No,No,No,No,Yes,No,Yes
2026-04-11 11:41:13,0.0,1500,500,,500,500,43,,200,,,648,,69.2,0.7200,0.6000,0.6000,1.1000,0.07417068,0.05855580,0.12979870,0.02732604,0.00000000,0.19908970,0.34547920,1.73242000,0.00054945,0.00061050,0.00494505,0.02551890,3.69513700,3.31652900,1.79487000,1.10805800,0.61684920,1.09999900,0.79926660,0.72043880,3.30219400,3.30311000,0.79824100,4.94192000,4.94058000,0.00854700, 3, 255, 7, 24,0x50000,No,No,No,No,No,Yes,No,Yes
2026-04-11 11:41:15,0.0,1500,500,,500,500,43,,200,,,648,,70.3,0.7200,0.6000,0.6000,1.1000,0.00000000,0.05855580,0.12882280,0.02927790,0.00000000,0.20006570,0.33864770,1.72349000,0.00048840,0.00067155,0.00494505,0.02564100,3.70256000,3.32024100,1.82124300,1.10732500,0.61538400,1.10329600,0.80036550,0.72043880,3.30036300,3.30311000,0.79882700,4.94192000,4.94460000,0.00854700, 3, 255, 7, 24,0x50000,No,No,No,No,No,Yes,No,Yes
2026-04-11 11:41:18,0.0,1500,500,,500,500,44,,200,,,648,,70.3,0.7200,0.6000,0.6000,1.1000,0.00000000,0.05953173,0.13077460,0.02830197,0.00000000,0.19713790,0.34059960,1.72349000,0.00073260,0.00085470,0.00494505,0.02551890,3.70070400,3.31467300,1.79096300,1.10915600,0.61648290,1.10256300,0.79999920,0.72043880,3.30127900,3.30402600,0.79824100,4.93254000,4.94192000,0.00854700, 3, 255, 7, 24,0x50000,No,No,No,No,No,Yes,No,Yes
2026-04-11 11:41:20,0.0,1500,500,,500,500,44,,200,,,648,,69.7,0.7200,0.6000,0.6000,1.1000,0.00097593,0.06050766,0.13077460,0.02635011,0.00000000,0.19811380,0.33669580,1.71456000,0.00073260,0.00054945,0.00451770,0.02564100,3.69977600,3.29518600,1.81684800,1.10695900,0.61391880,1.10476100,0.79999920,0.72017020,3.30219400,3.30494200,0.79794790,4.94058000,4.94594000,0.00854700, 3, 255, 7, 24,0x50000,No,No,No,No,No,Yes,No,Yes
2026-04-11 11:41:22,0.0,1500,500,,500,500,44,,200,,,648,,70.3,0.7200,0.6000,0.6000,1.1000,0.00292779,0.05953173,0.12979870,0.02927790,0.00000000,0.20884900,0.34059960,1.70563000,0.00073260,0.00067155,0.00463980,0.02576310,3.70256000,3.32209700,1.81733600,1.10915600,0.60109830,1.10549400,0.79890030,0.72097620,3.30127900,3.30402600,0.79882700,4.92048000,4.91914000,0.00854700, 3, 255, 7, 24,0x50000,No,No,No,No,No,Yes,No,Yes
2026-04-11 11:41:24,0.0,1500,500,,500,500,44,,200,,,648,,69.7,0.7200,0.6000,0.6000,1.1000,0.00000000,0.05953173,0.13077460,0.03025383,0.00000000,0.19908970,0.33962360,1.69670000,0.00097680,0.00067155,0.00476190,0.02564100,3.69977600,3.29333000,1.81684800,1.10915600,0.61465140,1.10402800,0.79999920,0.72017020,3.30311000,3.30494200,0.79941320,4.94058000,4.94594000,0.00854700, 3, 255, 7, 24,0x50000,No,No,No,No,No,Yes,No,Yes
2026-04-11 11:41:26,0.0,1500,500,,500,500,43,,200,,,648,,69.2,0.7200,0.6000,0.6000,1.1000,0.00000000,0.06148359,0.13272650,0.02732604,0.00000000,0.19811380,0.33767180,1.68777000,0.00073260,0.00067155,0.00433455,0.02564100,3.70256000,3.31281700,1.81733600,1.10769100,0.61428510,1.10366200,0.79890030,0.72017020,3.30219400,3.30402600,0.79882700,4.94192000,4.94728000,0.00940170, 3, 255, 7, 24,0x50000,No,No,No,No,No,Yes,No,Yes
2026-04-11 11:41:28,0.0,1500,500,,500,500,44,,200,,,648,,69.2,0.7200,0.6000,0.6000,1.1000,0.00195186,0.06050766,0.13077460,0.02830197,0.00000000,0.19908970,0.34059960,1.69670000,0.00048840,0.00067155,0.00451770,0.02564100,3.70256000,3.31931300,1.79389300,1.10109800,0.61501770,1.10366200,0.80036550,0.72097620,3.30036300,3.30402600,0.79853400,4.94192000,4.93924000,0.00854700, 3, 255, 7, 24,0x50000,No,No,No,No,No,Yes,No,Yes
2026-04-11 11:41:30,0.0,1500,500,,500,500,44,,200,,,648,,69.7,0.7200,0.6000,0.6000,1.1000,0.00195186,0.05953173,0.12979870,0.03025383,0.00000000,0.22251200,0.33962360,1.69670000,0.00048840,0.00067155,0.00451770,0.02588520,3.70256000,3.29518600,1.79389300,1.10769100,0.61501770,1.10366200,0.79890030,0.72097620,3.30036300,3.30585700,0.79882700,4.92584000,4.92450000,0.00854700, 3, 255, 7, 24,0x50000,No,No,No,No,No,Yes,No,Yes
2026-04-11 11:41:33,0.0,1500,500,,500,500,44,,200,,,648,,68.6,0.7200,0.6000,0.6000,1.1000,0.00195186,0.06148359,0.13077460,0.02927790,0.00000000,0.19811380,0.34059960,1.69670000,0.00048840,0.00054945,0.00451770,0.02551890,3.69977600,3.31374500,1.81684800,1.10769100,0.61575030,1.10256300,0.79890030,0.72097620,3.30219400,3.30311000,0.79794790,4.94728000,4.94058000,0.00854700, 3, 255, 7, 24,0x50000,No,No,No,No,No,Yes,No,Yes
2026-04-11 11:41:35,0.0,1500,500,,500,500,44,,200,,,648,,68.6,0.7200,0.6000,0.6000,1.1000,0.00000000,0.07026696,0.12979870,0.02732604,0.00000000,0.20104160,0.33962360,1.68777000,0.00048840,0.00079365,0.00494505,0.02539680,3.70256000,3.29518600,1.79096300,1.10292900,0.61575030,1.10256300,0.79890030,0.72017020,3.30036300,3.30402600,0.79824100,4.94594000,4.94460000,0.00854700, 3, 255, 7, 24,0x50000,No,No,No,No,No,Yes,No,Yes
2026-04-11 11:41:37,0.0,1500,500,,500,500,44,,200,,,648,,68.6,0.7200,0.6000,0.6000,1.1000,0.00000000,0.06148359,0.13272650,0.02537418,0.00000000,0.20104160,0.33669580,1.67884000,0.00048840,0.00073260,0.00451770,0.02527470,3.70070400,3.31374500,1.80659200,1.10549400,0.61648290,1.10549400,0.79963290,0.72097620,3.30402600,3.30402600,0.79824100,4.94326000,4.92986000,0.00940170, 3, 255, 7, 24,0x50000,No,No,No,No,No,Yes,No,Yes
2026-04-11 11:41:39,0.0,1500,500,,500,500,44,,200,,,648,,69.2,0.7200,0.6000,0.6000,1.1000,0.04977243,0.06733918,0.13272650,0.02927790,0.00000000,0.20006570,0.34157550,1.66991000,0.00073260,0.00067155,0.00451770,0.02564100,3.70348800,3.31467300,1.81733600,1.10805800,0.61575030,1.10109800,0.79999920,0.72097620,3.30219400,3.30402600,0.79882700,4.92986000,4.92852000,0.00854700, 3, 255, 7, 24,0x50000,No,No,No,No,No,Yes,No,Yes
2026-04-11 11:41:41,0.0,1500,500,,500,500,44,,200,,,648,,68.6,0.7200,0.6000,0.6000,1.1000,0.00195186,0.05953173,0.13175060,0.02830197,0.00000000,0.19908970,0.34059960,1.66991000,0.00097680,0.00067155,0.00470085,0.02588520,3.70256000,3.30817700,1.81733600,1.10549400,0.61501770,1.10512700,0.80073180,0.72070740,3.30219400,3.30494200,0.79794790,4.94728000,4.94058000,0.00940170, 3, 255, 7, 24,0x50000,No,No,No,No,No,Yes,No,Yes
2026-04-11 11:41:43,0.0,1500,500,,500,500,44,,200,,,648,,68.6,0.7200,0.6000,0.6000,1.1000,0.00195186,0.06245952,0.13272650,0.02830197,0.00000000,0.20006570,0.34059960,1.66991000,0.00097680,0.00067155,0.00482295,0.02576310,3.70256000,3.31374500,1.79096300,1.10695900,0.61575030,1.10146400,0.79963290,0.72043880,3.30219400,3.30311000,0.79882700,4.94728000,4.94594000,0.00854700, 3, 255, 7, 24,0x50000,No,No,No,No,No,Yes,No,Yes
2026-04-11 11:41:45,0.0,1500,500,,500,500,44,,200,,,648,,67.5,0.7200,0.6000,0.6000,1.1000,0.00780744,0.06148359,0.13370240,0.03025383,0.00000000,0.19908970,0.34059960,1.66098000,0.00054945,0.00067155,0.00451770,0.02551890,3.69884800,3.31931300,1.82124300,1.10695900,0.61648290,1.10109800,0.79926660,0.72097620,3.30219400,3.30311000,0.79882700,4.94326000,4.94192000,0.00940170, 3, 255, 7, 24,0x50000,No,No,No,No,No,Yes,No,Yes
2026-04-11 11:41:48,0.0,1500,500,,500,500,44,,200,,,648,,69.2,0.7200,0.6000,0.6000,1.1000,0.00000000,0.06050766,0.13077460,0.02537418,0.00000000,0.20006570,0.34059960,1.65205000,0.00054945,0.00067155,0.00512820,0.02551890,3.70256000,3.31838500,1.79389300,1.10549400,0.61575030,1.10476100,0.79963290,0.72017020,3.30219400,3.30311000,0.79882700,4.93522000,4.92986000,0.00940170, 3, 255, 7, 24,0x50000,No,No,No,No,No,Yes,No,Yes
2026-04-11 11:41:50,0.0,1500,500,,500,500,44,,200,,,648,,68.6,0.7200,0.6000,0.6000,1.1000,0.04977243,0.05953173,0.13272650,0.02732604,0.00000000,0.22251200,0.33962360,1.66098000,0.00097680,0.00067155,0.00463980,0.02564100,3.70256000,3.31652900,1.82124300,1.10805800,0.61648290,1.10476100,0.79926660,0.72043880,3.30219400,3.30402600,0.79794790,4.93388000,4.93388000,0.00854700, 3, 255, 7, 24,0x50000,No,No,No,No,No,Yes,No,Yes
2026-04-11 11:41:52,0.0,1500,500,,500,500,44,,200,,,648,,67.5,0.7200,0.6000,0.6000,1.1000,0.00195186,0.06050766,0.13370240,0.02439825,0.00000000,0.19908970,0.33767180,1.66098000,0.00054945,0.00067155,0.00433455,0.02564100,3.70256000,3.31374500,1.79389300,1.10915600,0.61575030,1.10549400,0.80073180,0.72097620,3.30219400,3.30402600,0.79882700,4.94192000,4.94728000,0.00940170, 3, 255, 7, 24,0x50000,No,No,No,No,No,Yes,No,Yes
2026-04-11 11:41:54,0.0,1500,500,,500,500,44,,200,,,648,,67.5,0.7200,0.6000,0.6000,1.1000,0.00097593,0.06245952,0.13175060,0.02927790,0.00000000,0.21860830,0.33962360,1.66098000,0.00097680,0.00079365,0.00457875,0.02576310,3.70070400,3.31188900,1.80659200,1.10659200,0.61721550,1.10146400,0.79926660,0.72097620,3.30402600,3.30402600,0.79824100,4.94594000,4.94192000,0.00854700, 3, 255, 7, 24,0x50000,No,No,No,No,No,Yes,No,Yes
2026-04-11 11:41:56,0.0,1500,500,,500,500,44,,200,,,648,,68.1,0.7200,0.6000,0.6000,1.1000,0.00195186,0.05953173,0.13077460,0.02830197,0.00000000,0.20201750,0.34059960,1.65205000,0.00054945,0.00079365,0.00451770,0.02564100,3.69606400,3.32766400,1.80610300,1.10805800,0.61501770,1.10366200,0.79890030,0.72043880,3.30036300,3.30311000,0.79941320,4.94326000,4.94326000,0.00940170, 3, 255, 7, 24,0x50000,No,No,No,No,No,Yes,No,Yes
2026-04-11 11:41:58,0.0,1500,500,,500,500,44,,200,,,648,,68.1,0.7200,0.6000,0.6000,1.1000,0.00097593,0.05953173,0.13077460,0.02830197,0.00000000,0.21860830,0.33864770,1.66098000,0.00048840,0.00079365,0.00488400,0.02600730,3.70070400,3.32580900,1.79828900,1.10366200,0.61648290,1.10256300,0.79963290,0.72017020,3.30219400,3.30494200,0.79941320,4.94058000,4.94728000,0.00854700, 3, 255, 7, 24,0x50000,No,No,No,No,No,Yes,No,Yes
2026-04-11 11:42:00,0.0,1500,500,,500,500,44,,200,,,648,,67.0,0.7200,0.6000,0.6000,1.1000,0.00195186,0.06148359,0.13272650,0.02732604,0.00000000,0.20104160,0.33669580,1.65205000,0.00036630,0.00079365,0.00494505,0.02588520,3.70070400,3.30632200,1.80610300,1.10476100,0.61501770,1.10549400,0.79999920,0.72017020,3.30311000,3.30402600,0.79824100,4.94594000,4.94594000,0.00854700, 3, 255, 7, 24,0x50000,No,No,No,No,No,Yes,No,Yes
