timestamp,cpu_percent,arm_mhz,core_mhz,h264_mhz,isp_mhz,v3d_mhz,uart_mhz,pwm_mhz,emmc_mhz,pixel_mhz,vec_mhz,hdmi_mhz,dpi_mhz,arm_temp,core_volt,sdram_c_volt,sdram_i_volt,sdram_p_volt,3V7_WL_SW_A,3V3_SYS_A,1V8_SYS_A,DDR_VDD2_A,DDR_VDDQ_A,1V1_SYS_A,0V8_SW_A,VDD_CORE_A,3V3_DAC_A,3V3_ADC_A,0V8_AON_A,HDMI_A,3V7_WL_SW_V,3V3_SYS_V,1V8_SYS_V,DDR_VDD2_V,DDR_VDDQ_V,1V1_SYS_V,0V8_SW_V,VDD_CORE_V,3V3_DAC_V,3V3_ADC_V,0V8_AON_V,HDMI_V,EXT5V_V,BATT_V,readmr_4,readmr_5,readmr_6,readmr_8,throttle_hex,UV,ArmFreqCap,CurThrottle,SoftTempLimit,UV_occured,ArmFreqCap_occured,Throttle_occured,SoftTempLimit_occured
2026-04-09 19:59:41,2.8,2400,910,,910,960,44,,200,,,648,,65.9,0.9033,0.6000,0.6000,1.1000,0.00000000,0.10247270,0.16688400,0.00585558,0.00000000,0.19616190,0.33181620,1.72349000,0.00006105,0.00042735,0.00537240,0.00903540,3.59862900,3.31188900,1.80512600,1.10805800,0.61684920,1.10842400,0.80292960,0.90659250,3.31867800,3.31226800,0.79794790,5.03304000,5.03572000,0.00170940, 2, 255, 7, 24,0x0,No,No,No,No,No,No,No,No
2026-04-09 19:59:43,0.0,2400,910,,910,960,44,,200,,,648,,65.3,0.9033,0.6000,0.6000,1.1000,0.00000000,0.10052080,0.16786000,0.00878337,0.00000000,0.19713790,0.33181620,1.73242000,0.00006105,0.00018315,0.00525030,0.00976800,3.60141300,3.32766400,1.80415000,1.10805800,0.61501770,1.10586000,0.80329590,0.90712980,3.31776200,3.31318300,0.79765500,5.03438000,5.03170000,0.00256410, 2, 255, 7, 24,0x0,No,No,No,No,No,No,No,No
2026-04-09 19:59:46,0.5,1500,500,,500,500,44,,200,,,648,,64.2,0.7200,0.6000,0.6000,1.1000,0.00000000,0.10052080,0.15810070,0.00975930,0.00000000,0.19811380,0.33084030,1.08053000,0.00006105,0.00018315,0.00537240,0.00952380,3.61904400,3.32766400,1.80415000,1.10769100,0.61538400,1.10842400,0.79963290,0.72205060,3.31867800,3.31226800,0.79794790,5.06788000,5.07056000,0.00256410, 2, 255, 7, 24,0x0,No,No,No,No,No,No,No,No
2026-04-09 19:59:48,1.5,1500,500,,500,500,44,,200,,,648,,62.0,0.7200,0.6000,0.6000,1.1000,0.00000000,0.10052080,0.16005250,0.00975930,0.00000000,0.19811380,0.33181620,1.05374000,0.00000000,0.00018315,0.00506715,0.00915750,3.61811600,3.30724900,1.80317300,1.10695900,0.61575030,1.10805800,0.80476110,0.72178200,3.31776200,3.31318300,0.79765500,5.06117900,5.05850000,0.00256410, 2, 255, 7, 24,0x0,No,No,No,No,No,No,No,No
2026-04-09 19:59:50,1.0,1500,500,,500,500,44,,200,,,648,,61.5,0.7200,0.6000,0.6000,1.1000,0.00000000,0.10442450,0.16200440,0.00683151,0.00000000,0.19713790,0.32888840,1.04481000,0.00012210,0.00042735,0.00500610,0.00964590,3.61626000,3.32952100,1.80512600,1.11208700,0.61501770,1.10146400,0.79963290,0.72178200,3.31776200,3.31318300,0.79765500,5.07190000,5.06252000,0.00256410, 2, 255, 7, 24,0x0,No,No,No,No,No,No,No,No
2026-04-09 19:59:52,0.0,1500,500,,500,500,44,,200,,,648,,62.0,0.9033,0.6000,0.6000,1.1000,0.00000000,0.09856894,0.16688400,0.00585558,0.00000000,0.19811380,0.32888840,1.68777000,0.00006105,0.00018315,0.00537240,0.00940170,3.60048500,3.32766400,1.80366100,1.11465100,0.61794810,1.10586000,0.80146440,0.90739830,3.31776200,3.31318300,0.79765500,5.02902000,5.01562000,0.00170940, 2, 255, 7, 24,0x0,No,No,No,No,No,No,No,No
2026-04-09 19:59:54,0.0,2400,910,,910,960,43,,200,,,648,,63.1,0.9033,0.6000,0.6000,1.1000,0.00000000,0.10540040,0.16786000,0.00195186,0.00000000,0.19616190,0.32888840,1.70563000,0.00000000,0.00018315,0.00506715,0.00915750,3.60790800,3.30168200,1.80415000,1.10586000,0.61428510,1.10659200,0.80292960,0.90739830,3.31776200,3.31318300,0.79824100,5.02098000,5.03572000,0.00256410, 2, 255, 7, 24,0x0,No,No,No,No,No,No,No,No
2026-04-09 19:59:56,0.2,2400,910,,910,960,43,,200,,,648,,64.8,0.9033,0.6000,0.6000,1.1000,0.00000000,0.10052080,0.16688400,0.00683151,0.00000000,0.20689720,0.33181620,1.72349000,0.00012210,0.00018315,0.00586080,0.00940170,3.60048500,3.32952100,1.80366100,1.11355200,0.61684920,1.10586000,0.80219700,0.90712980,3.32050900,3.31409900,0.79794790,5.02902000,5.02902000,0.00256410, 2, 255, 7, 24,0x0,No,No,No,No,No,No,No,No
2026-04-09 19:59:58,0.0,1500,500,,500,500,44,,200,,,648,,62.6,0.7200,0.6000,0.6000,1.1000,0.00000000,0.10344860,0.15907660,0.01073523,0.00000000,0.19908970,0.32888840,1.02695000,0.00000000,0.00042735,0.00586080,0.00940170,3.61440400,3.30446500,1.80903400,1.10695900,0.61794810,1.10586000,0.80219700,0.72178200,3.31776200,3.31501500,0.79824100,5.06117900,5.07056000,0.00256410, 2, 255, 7, 24,0x0,No,No,No,No,No,No,No,No
2026-04-09 20:00:01,14.3,2400,910,,910,960,44,,200,,,648,,62.6,0.9033,0.6000,0.6000,1.1000,0.00000000,0.10149670,0.16786000,0.00780744,0.00000000,0.19616190,0.33084030,1.70563000,0.00000000,0.00042735,0.00512820,0.00940170,3.59862900,3.31188900,1.80463800,1.11355200,0.62161110,1.10842400,0.80292960,0.90712980,3.31776200,3.31318300,0.79794790,5.01562000,5.03304000,0.00256410, 2, 255, 7, 24,0x0,No,No,No,No,No,No,No,No
2026-04-09 20:00:03,0.0,2400,910,,910,960,44,,200,,,648,,64.2,0.9033,0.6000,0.6000,1.1000,0.00000000,0.10540040,0.16590810,0.00780744,0.00000000,0.19713790,0.33084030,1.73242000,0.00006105,0.00042735,0.00586080,0.00915750,3.60419700,3.31931300,1.80903400,1.10805800,0.61977960,1.10732500,0.80256330,0.90712980,3.31959400,3.31226800,0.79794790,5.03572000,5.04242000,0.00256410, 2, 255, 7, 24,0x0,No,No,No,No,No,No,No,No
2026-04-09 20:00:05,0.0,2400,910,,910,960,44,,200,,,648,,65.3,0.9033,0.6000,0.6000,1.1000,0.00000000,0.10540040,0.16883590,0.00683151,0.00000000,0.20006570,0.32986440,1.71456000,0.00012210,0.00018315,0.00512820,0.00964590,3.60419700,3.35735900,1.80805700,1.11355200,0.61794810,1.10952300,0.79963290,0.90712980,3.31776200,3.31318300,0.79824100,5.03170000,5.03304000,0.00256410, 2, 255, 7, 24,0x0,No,No,No,No,No,No,No,No
2026-04-09 20:00:07,2.7,1500,500,,500,500,44,,200,,,648,,62.6,0.7200,0.6000,0.6000,1.1000,0.00000000,0.10052080,0.16102850,0.00878337,0.00000000,0.19616190,0.33181620,1.06267000,0.00000000,0.00042735,0.00531135,0.00915750,3.61811600,3.30724900,1.80463800,1.11062200,0.61648290,1.10915600,0.80292960,0.72178200,3.32050900,3.31318300,0.79824100,5.05314000,5.06788000,0.00256410, 2, 255, 7, 24,0x0,No,No,No,No,No,No,No,No
2026-04-09 20:00:09,0.0,1500,500,,500,500,44,,200,,,648,,63.1,0.7200,0.6000,0.6000,1.1000,0.00000000,0.10149670,0.16102850,0.00975930,0.00000000,0.19713790,0.33279210,1.05374000,0.00012210,0.00042735,0.00537240,0.00964590,3.61069200,3.30724900,1.80366100,1.11208700,0.61831440,1.10842400,0.80109810,0.72205060,3.31776200,3.31409900,0.79794790,5.06654000,5.06788000,0.00256410, 2, 255, 7, 24,0x0,No,No,No,No,No,No,No,No
2026-04-09 20:00:11,0.0,1500,500,,500,500,44,,200,,,648,,61.5,0.7200,0.6000,0.6000,1.1000,0.00000000,0.09759300,0.16200440,0.00683151,0.00000000,0.19713790,0.33084030,1.05374000,0.00024420,0.00018315,0.00586080,0.01001220,3.62090000,3.32766400,1.80415000,1.11355200,0.60769170,1.10586000,0.80329590,0.72178200,3.31776200,3.31318300,0.79824100,5.07190000,5.05314000,0.00256410, 2, 255, 7, 24,0x0,No,No,No,No,No,No,No,No
2026-04-09 20:00:13,3.5,2400,910,,910,960,44,,200,,,648,,63.1,0.9033,0.6000,0.6000,1.1000,0.00000000,0.09759300,0.16883590,0.00585558,0.00000000,0.19811380,0.33084030,1.69670000,0.00006105,0.00042735,0.00525030,0.00915750,3.60419700,3.32766400,1.80512600,1.11282000,0.61831440,1.10586000,0.80036550,0.90712980,3.31776200,3.31409900,0.79824100,5.03438000,5.04376000,0.00256410, 2, 255, 7, 24,0x0,No,No,No,No,No,No,No,No
2026-04-09 20:00:15,0.0,2400,910,,910,960,44,,200,,,648,,63.7,0.9033,0.6000,0.6000,1.1000,0.00000000,0.09856894,0.16688400,0.00780744,0.00000000,0.19908970,0.33279210,1.70563000,0.00012210,0.00018315,0.00543345,0.00964590,3.60419700,3.31374500,1.80512600,1.10695900,0.61831440,1.10915600,0.80219700,0.90766700,3.31776200,3.31409900,0.79882700,5.03304000,5.03170000,0.00256410, 2, 255, 7, 24,0x0,No,No,No,No,No,No,No,No
2026-04-09 20:00:18,3.5,2400,910,,910,960,44,,200,,,648,,64.2,0.9033,0.6000,0.6000,1.1000,0.00000000,0.12979870,0.16883590,0.00780744,0.00000000,0.35426260,0.48406130,1.74135000,0.00012210,0.00042735,0.00586080,0.00989010,3.57728600,3.30817700,1.80415000,1.10512700,0.60512760,1.10292900,0.79963290,0.90712980,3.31867800,3.31226800,0.79794790,4.97408000,4.89100000,0.00256410, 2, 255, 7, 24,0x0,No,No,No,No,No,No,No,No
2026-04-09 20:00:20,0.5,2400,910,,910,960,44,,200,,,648,,65.3,0.9033,0.6000,0.6000,1.1000,0.00000000,0.12979870,0.16590810,0.00878337,0.00000000,0.35426260,0.48894090,1.75921000,0.00012210,0.00018315,0.00543345,0.01013430,3.57357400,3.30724900,1.80463800,1.10439400,0.60879060,1.10146400,0.79926660,0.90739830,3.31867800,3.31226800,0.79794790,4.97408000,4.97810000,0.00256410, 2, 255, 7, 24,0x0,No,No,No,No,No,No,No,No
2026-04-09 20:00:22,0.2,1500,500,,500,500,44,,200,,,648,,64.2,0.7200,0.6000,0.6000,1.1000,0.00000000,0.12979870,0.16200440,0.00878337,0.00343140,0.35426260,0.48503720,1.09839000,0.00000000,0.00018315,0.00518925,0.01050060,3.59306100,3.35550300,1.80366100,1.10805800,0.60292980,1.10146400,0.79999920,0.72231920,3.31776200,3.31409900,0.79882700,5.01026000,5.01562000,0.00256410, 2, 255, 7, 24,0x0,No,No,No,No,No,No,No,No
2026-04-09 20:00:24,1.3,2400,910,,910,960,44,,200,,,648,,64.8,0.9033,0.6000,0.6000,1.1000,0.00000000,0.14248580,0.16590810,0.00878337,0.00000000,0.35523850,0.48406130,1.76814000,0.00012210,0.00018315,0.00543345,0.01025640,3.57821400,3.32766400,1.80463800,1.11208700,0.60439500,1.10586000,0.79963290,0.90659250,3.31776200,3.31318300,0.79794790,4.96872000,4.97810000,0.00256410, 2, 255, 7, 24,0x0,No,No,No,No,No,No,No,No
2026-04-09 20:00:26,1.8,2400,910,,910,960,44,,200,,,648,,65.3,0.9033,0.6000,0.6000,1.1000,0.00000000,0.13175060,0.16688400,0.00780744,0.00000000,0.35621450,0.48210940,1.78600000,0.00012210,0.00018315,0.00494505,0.00964590,3.57635800,3.31374500,1.80512600,1.10732500,0.60476130,1.10622600,0.79963290,0.90712980,3.31867800,3.31226800,0.79794790,4.97676000,4.91512000,0.00256410, 2, 255, 7, 24,0x0,No,No,No,No,No,No,No,No
2026-04-09 20:00:28,3.0,2400,910,,910,960,44,,200,,,648,,66.4,0.9033,0.6000,0.6000,1.1000,0.00000000,0.13175060,0.16688400,0.01171116,0.00000000,0.35035890,0.48113350,1.79493000,0.00006105,0.00036630,0.00610500,0.01001220,3.57728600,3.35735900,1.80415000,1.11282000,0.60476130,1.10659200,0.79926660,0.90712980,3.31959400,3.31409900,0.79794790,4.98480000,4.98212000,0.00256410, 2, 255, 7, 24,0x0,No,No,No,No,No,No,No,No
2026-04-09 20:00:30,3.2,2400,910,,910,960,44,,200,,,648,,66.4,0.9033,0.6000,0.6000,1.1000,0.00000000,0.14053390,0.16786000,0.00683151,0.00000000,0.35231080,0.48308540,1.79493000,0.00006105,0.00042735,0.00506715,0.01013430,3.57821400,3.30724900,1.80903400,1.11208700,0.60219720,1.10586000,0.79926660,0.90686110,3.31959400,3.31226800,0.79794790,4.97140000,4.98614000,0.00256410, 2, 255, 7, 24,0x0,No,No,No,No,No,No,No,No
2026-04-09 20:00:33,6.0,2400,910,,910,960,44,,200,,,648,,65.9,0.7933,0.6000,0.6000,1.1000,0.00000000,0.13077460,0.16102850,0.00975930,0.00000000,0.35426260,0.48698910,1.28592000,0.00012210,0.00018315,0.00543345,0.01013430,3.58842100,3.30724900,1.80463800,1.10732500,0.60476130,1.10769100,0.79999920,0.79699550,3.31776200,3.31318300,0.79824100,5.00758000,5.00758000,0.00256410, 2, 255, 7, 24,0x0,No,No,No,No,No,No,No,No
2026-04-09 20:00:35,14.3,2400,910,,910,960,44,,200,,,648,,65.9,0.9033,0.6000,0.6000,1.1000,0.00000000,0.13467840,0.16688400,0.00780744,0.00000000,0.35426260,0.48601320,1.79493000,0.00012210,0.00042735,0.00537240,0.01025640,3.56986200,3.31838500,1.80512600,1.10695900,0.60512760,1.10439400,0.79999920,0.90712980,3.31959400,3.31409900,0.79794790,4.97408000,4.97274000,0.00256410, 2, 255, 7, 24,0x0,No,No,No,No,No,No,No,No
2026-04-09 20:00:37,18.9,2400,910,,910,960,44,,200,,,648,,67.0,0.9033,0.6000,0.6000,1.1000,0.00000000,0.12882280,0.16981180,0.01171116,0.00000000,0.35328660,0.48406130,1.79493000,0.00012210,0.00036630,0.00586080,0.00989010,3.57357400,3.30724900,1.80415000,1.11062200,0.60439500,1.10292900,0.80036550,0.90739830,3.31776200,3.31501500,0.79765500,4.97542000,4.97274000,0.00256410, 2, 255, 7, 24,0x0,No,No,No,No,No,No,No,No
2026-04-09 20:00:39,20.9,2400,910,,910,960,44,,200,,,648,,66.4,0.9033,0.6000,0.6000,1.1000,0.00000000,0.13565430,0.16590810,0.00878337,0.00000000,0.36597380,0.48210940,1.80386000,0.00012210,0.00042735,0.00506715,0.00989010,3.57357400,3.30260900,1.80317300,1.11282000,0.60219720,1.10329600,0.79963290,0.90659250,3.31959400,3.31226800,0.79794790,4.97944000,4.97944000,0.00256410, 2, 255, 7, 24,0x0,No,No,No,No,No,No,No,No
2026-04-09 20:00:41,18.6,2400,910,,910,960,44,,200,,,648,,68.1,0.9033,0.6000,0.6000,1.1000,0.00000000,0.12979870,0.16590810,0.00780744,0.00000000,0.35523850,0.48406130,1.82172000,0.00012210,0.00042735,0.00573870,0.01001220,3.56986200,3.31188900,1.80463800,1.10695900,0.60402870,1.10586000,0.79963290,0.90793570,3.31776200,3.31318300,0.79824100,4.97810000,4.96604000,0.00256410, 2, 255, 7, 24,0x0,No,No,No,No,No,No,No,No
2026-04-09 20:00:43,16.8,2400,910,,910,960,43,,200,,,648,,68.6,0.9033,0.6000,0.6000,1.1000,0.00000000,0.12589500,0.16786000,0.00878337,0.00000000,0.35426260,0.49967620,2.92904000,0.00006105,0.00042735,0.00531135,0.01013430,3.58099800,3.30724900,1.80121900,1.10439400,0.60842430,1.10586000,0.79999920,0.90766700,3.31959400,3.31409900,0.79794790,4.99016000,4.97140000,0.00256410, 2, 255, 7, 24,0x0,No,No,No,No,No,No,No,No
2026-04-09 20:00:45,21.1,2400,910,,910,960,44,,200,,,648,,67.5,0.9033,0.6000,0.6000,1.1000,0.00000000,0.12784680,0.16981180,0.00585558,0.00000000,0.35426260,0.48210940,1.82172000,0.00006105,0.00042735,0.00506715,0.00964590,3.56893400,3.31188900,1.80415000,1.11062200,0.60769170,1.10476100,0.79963290,0.90659250,3.31776200,3.31226800,0.79794790,4.97274000,4.97810000,0.00256410, 2, 255, 7, 24,0x0,No,No,No,No,No,No,No,No
2026-04-09 20:00:47,17.4,2400,910,,910,960,44,,200,,,648,,69.2,0.9033,0.6000,0.6000,1.1000,0.00000000,0.13760610,0.16786000,0.02049453,0.00000000,0.36597380,0.48796500,2.88439000,0.00012210,0.00042735,0.00506715,0.00989010,3.55130300,3.30724900,1.80463800,1.10732500,0.60805800,1.10219700,0.79963290,0.90712980,3.31959400,3.31226800,0.79794790,4.93120000,4.92450000,0.00256410, 2, 255, 7, 24,0x0,No,No,No,No,No,No,No,No
2026-04-09 20:00:50,15.2,2400,910,,910,960,44,,200,,,648,,68.6,0.9033,0.6000,0.6000,1.1000,0.00000000,0.15907660,0.16981180,0.00683151,0.00000000,0.35719040,0.48503720,1.84851000,0.00006105,0.00042735,0.00537240,0.00976800,3.57171800,3.32952100,1.80463800,1.10732500,0.60915690,1.10622600,0.79926660,0.90766700,3.32050900,3.31501500,0.79824100,4.90306000,4.98480000,0.00256410, 2, 255, 7, 24,0x0,No,No,No,No,No,No,No,No
2026-04-09 20:00:52,6.7,2400,910,,910,960,44,,200,,,648,,69.2,0.9033,0.6000,0.6000,1.1000,0.00000000,0.13077460,0.18054710,0.09661707,0.02598060,0.35621450,0.56115970,4.84899000,0.00006105,0.00018315,0.00494505,0.01001220,3.46778600,3.32766400,1.80415000,1.11355200,0.60512760,1.10476100,0.79926660,0.90659250,3.31867800,3.31226800,0.79794790,4.80256000,4.84410000,0.00256410, 2, 255, 7, 24,0x0,No,No,No,No,No,No,No,No
2026-04-09 20:00:54,0.5,2400,910,,910,960,44,,200,,,648,,69.7,0.9033,0.6000,0.6000,1.1000,0.06441138,0.13175060,0.17469150,0.11320790,0.01127460,0.35523850,0.54261710,4.62574000,0.00006105,0.00018315,0.00512820,0.01025640,3.50212100,3.31188900,1.80512600,1.10439400,0.60659280,1.10549400,0.80073180,0.90632400,3.31867800,3.31318300,0.79794790,4.85348000,4.83740000,0.00256410, 2, 255, 7, 24,0x0,No,No,No,No,No,No,No,No
2026-04-09 20:00:56,1.5,1500,500,,500,500,44,,200,,,648,,65.9,0.7200,0.6000,0.6000,1.1000,0.05465208,0.13955800,0.16005250,0.01171116,0.00000000,0.36499780,0.48601320,1.13411000,0.00012210,0.00018315,0.00537240,0.01001220,3.57543000,3.32952100,1.79877700,1.10732500,0.60219720,1.10329600,0.79670250,0.72178200,3.31776200,3.31226800,0.79794790,4.96336000,4.96872000,0.00256410, 2, 255, 7, 24,0x0,No,No,No,No,No,No,No,No
2026-04-09 20:00:58,0.3,2400,910,,910,960,44,,200,,,648,,67.5,0.9033,0.6000,0.6000,1.1000,0.06148359,0.12979870,0.16395620,0.01073523,0.00000000,0.35621450,0.48601320,1.82172000,0.00006105,0.00018315,0.00543345,0.01001220,3.55687100,3.32766400,1.80268400,1.10439400,0.60366240,1.10586000,0.79963290,0.90739830,3.31867800,3.31318300,0.79794790,4.96604000,4.96470000,0.00256410, 2, 255, 7, 24,0x0,No,No,No,No,No,No,No,No
2026-04-09 20:01:00,0.0,2400,910,,910,960,44,,200,,,648,,68.1,0.9033,0.6000,0.6000,1.1000,0.00000000,0.13370240,0.16688400,0.00975930,0.00000000,0.35231080,0.48210940,1.83958000,0.00000000,0.00042735,0.00537240,0.00964590,3.57357400,3.30724900,1.80463800,1.11355200,0.60292980,1.10256300,0.79963290,0.90659250,3.31867800,3.31226800,0.79736190,4.97140000,4.98346000,0.00256410, 2, 255, 7, 24,0x0,No,No,No,No,No,No,No,No
2026-04-09 20:01:02,1.7,1500,500,,500,500,44,,200,,,648,,65.9,0.7200,0.6000,0.6000,1.1000,0.00000000,0.13175060,0.16102850,0.00975930,0.00000000,0.35328660,0.47039830,1.14304000,0.00006105,0.00042735,0.00525030,0.01001220,3.58471000,3.31931300,1.80415000,1.10732500,0.60329610,1.10476100,0.80073180,0.72178200,3.31867800,3.31318300,0.79736190,5.01026000,5.01428000,0.00256410, 2, 255, 7, 24,0x0,No,No,No,No,No,No,No,No
2026-04-09 20:01:05,1.3,2400,910,,910,960,44,,200,,,648,,67.5,0.9033,0.6000,0.6000,1.1000,0.00000000,0.12882280,0.17566740,0.01171116,0.00000000,0.35328660,0.48503720,1.83065000,0.00006105,0.00018315,0.00543345,0.00989010,3.56429400,3.30168200,1.81294100,1.10879000,0.60439500,1.10256300,0.80292960,0.90659250,3.31959400,3.31226800,0.79794790,4.96202000,4.97944000,0.00256410, 2, 255, 7, 24,0x0,No,No,No,No,No,No,No,No
2026-04-09 20:01:07,1.5,2400,910,,910,960,44,,200,,,648,,68.1,0.9033,0.6000,0.6000,1.1000,0.00000000,0.13175060,0.16688400,0.02927790,0.00000000,0.35426260,0.48015760,1.83065000,0.00000000,0.00018315,0.00531135,0.00989010,3.56893400,3.31188900,1.80512600,1.11355200,0.60256350,1.10146400,0.79999920,0.90712980,3.31959400,3.31043600,0.79794790,4.97810000,4.97810000,0.00256410, 2, 255, 7, 24,0x0,No,No,No,No,No,No,No,No
2026-04-09 20:01:09,3.5,2400,910,,910,960,44,,200,,,648,,68.1,0.9033,0.6000,0.6000,1.1000,0.00000000,0.12979870,0.16590810,0.01171116,0.00000000,0.35328660,0.48601320,1.83958000,0.00012210,0.00018315,0.00549450,0.00964590,3.57171800,3.30168200,1.80463800,1.11355200,0.60183090,1.10219700,0.79999920,0.90712980,3.31776200,3.31135200,0.79794790,4.97274000,4.97274000,0.00256410, 2, 255, 7, 24,0x0,No,No,No,No,No,No,No,No
2026-04-09 20:01:11,4.0,2400,910,,910,960,44,,200,,,648,,68.1,0.9033,0.6000,0.6000,1.1000,0.00000000,0.13272650,0.16883590,0.00975930,0.00000000,0.35621450,0.48698910,1.83958000,0.00012210,0.00018315,0.00531135,0.00989010,3.57079000,3.30168200,1.80561500,1.11355200,0.60622650,1.10476100,0.80036550,0.90712980,3.31959400,3.31409900,0.79794790,4.97944000,4.97274000,0.00256410, 2, 255, 7, 24,0x0,No,No,No,No,No,No,No,No
2026-04-09 20:01:13,11.8,2400,910,,910,960,44,,200,,,648,,69.2,0.9033,0.6000,0.6000,1.1000,0.00000000,0.12979870,0.17078780,0.00878337,0.00000000,0.34352740,0.48601320,1.86637000,0.00006105,0.00042735,0.00531135,0.00976800,3.56615000,3.30724900,1.80366100,1.10732500,0.60402870,1.10146400,0.80073180,0.90766700,3.31776200,3.31318300,0.79824100,4.97542000,4.97140000,0.00256410, 2, 255, 7, 24,0x0,No,No,No,No,No,No,No,No
2026-04-09 20:01:15,18.7,2400,910,,910,960,44,,200,,,648,,68.1,0.9033,0.6000,0.6000,1.1000,0.00000000,0.12687090,0.16688400,0.00878337,0.00000000,0.35231080,0.48308540,1.83958000,0.00006105,0.00018315,0.00549450,0.00952380,3.57171800,3.32952100,1.80512600,1.10805800,0.60732540,1.10622600,0.79926660,0.91115910,3.32050900,3.31318300,0.79824100,4.97810000,4.97676000,0.00256410, 2, 255, 7, 24,0x0,No,No,No,No,No,No,No,No
2026-04-09 20:01:17,25.2,2400,910,,910,960,44,,200,,,648,,69.2,0.9033,0.6000,0.6000,1.1000,0.00000000,0.19518600,0.16688400,0.00780744,0.00000000,0.35523850,0.48406130,1.87530000,0.00012210,0.00042735,0.00525030,0.00976800,3.56893400,3.31374500,1.80415000,1.11062200,0.60329610,1.10219700,0.79963290,0.90766700,3.31776200,3.31318300,0.79765500,4.97542000,4.98212000,0.00256410, 2, 255, 7, 24,0x0,No,No,No,No,No,No,No,No
2026-04-09 20:01:19,18.5,1500,500,,636,653,44,,200,,,648,,68.6,0.8208,0.6000,0.6000,1.1000,0.00000000,0.12589500,0.16493220,0.00780744,0.00000000,0.35621450,0.48503720,1.51810000,0.00018315,0.00018315,0.00561660,0.00952380,3.57450200,3.32766400,1.80366100,1.10732500,0.60659280,1.10476100,0.79999920,0.83701990,3.31867800,3.31226800,0.79794790,4.99418000,4.99016000,0.00256410, 2, 255, 7, 24,0x0,No,No,No,No,No,No,No,No
2026-04-09 20:01:22,19.0,2400,910,,910,960,44,,200,,,648,,68.6,0.9033,0.6000,0.6000,1.1000,0.00000000,0.12979870,0.16786000,0.02244639,0.00000000,0.35523850,0.49577240,3.00048000,0.00006105,0.00042735,0.00549450,0.00989010,3.54387900,3.30446500,1.80415000,1.10586000,0.60292980,1.10659200,0.79926660,0.90739830,3.31867800,3.31318300,0.79794790,4.92584000,4.92584000,0.00256410, 2, 255, 7, 24,0x0,No,No,No,No,No,No,No,No
2026-04-09 20:01:24,17.6,2400,910,,910,960,44,,200,,,648,,69.2,0.9033,0.6000,0.6000,1.1000,0.00000000,0.12979870,0.16688400,0.01073523,0.00000000,0.35426260,0.48698910,1.91102000,0.00012210,0.00042735,0.00573870,0.01001220,3.57079000,3.32766400,1.80512600,1.10512700,0.60805800,1.10439400,0.79963290,0.90712980,3.31867800,3.31501500,0.79794790,4.97140000,4.97274000,0.00256410, 2, 255, 7, 24,0x0,No,No,No,No,No,No,No,No
2026-04-09 20:01:26,17.3,2400,910,,910,960,44,,200,,,648,,69.7,0.9033,0.6000,0.6000,1.1000,0.00000000,0.12979870,0.16688400,0.00780744,0.00000000,0.35621450,0.48601320,1.89316000,0.00012210,0.00042735,0.00525030,0.01025640,3.56893400,3.35735900,1.79877700,1.11355200,0.60256350,1.10659200,0.79999920,0.90766700,3.31959400,3.31409900,0.79794790,4.97944000,4.97810000,0.00256410, 2, 255, 7, 24,0x0,No,No,No,No,No,No,No,No
2026-04-09 20:01:28,14.0,2400,910,,910,960,44,,200,,,648,,69.7,0.9033,0.6000,0.6000,1.1000,0.00000000,0.12882280,0.16981180,0.02635011,0.00000000,0.35328660,0.48991690,2.87546000,0.00012210,0.00018315,0.00518925,0.00964590,3.54666300,3.30446500,1.80512600,1.11098800,0.60622650,1.10219700,0.80036550,0.90793570,3.31776200,3.31318300,0.79794790,4.98614000,4.97542000,0.00256410, 2, 255, 7, 24,0x0,No,No,No,No,No,No,No,No
2026-04-09 20:01:30,5.3,2400,910,,910,960,44,,200,,,648,,70.8,0.9033,0.6000,0.6000,1.1000,0.00000000,0.13858210,0.17566740,0.13467840,0.03627480,0.35621450,0.56408760,5.25977000,0.00012210,0.00018315,0.00518925,0.00964590,3.49469700,3.32766400,1.80268400,1.11098800,0.60183090,1.10292900,0.80036550,0.91008460,3.31684600,3.31135200,0.79794790,4.74762000,4.80122000,0.00256410, 2, 255, 7, 24,0x0,No,No,No,No,No,No,No,No
2026-04-09 20:01:32,0.3,2400,910,,910,960,44,,200,,,648,,69.7,0.9033,0.6000,0.6000,1.1000,0.00000000,0.13370240,0.18054710,0.14248580,0.01029420,0.35426260,0.54749670,4.54537000,0.00018315,0.00030525,0.00482295,0.00964590,3.50026500,3.32952100,1.80463800,1.10805800,0.60402870,1.10219700,0.79999920,0.90444360,3.31867800,3.31226800,0.79765500,4.87760000,4.77844000,0.00256410, 2, 255, 7, 24,0x0,No,No,No,No,No,No,No,No
2026-04-09 20:01:34,0.3,1500,500,,500,500,44,,200,,,648,,67.5,0.7200,0.6000,0.6000,1.1000,0.00000000,0.13565430,0.16102850,0.00878337,0.00000000,0.36499780,0.48503720,1.16983000,0.00006105,0.00042735,0.00531135,0.00989010,3.58192500,3.35735900,1.80463800,1.11025500,0.60586020,1.10219700,0.79926660,0.72178200,3.31867800,3.31226800,0.79794790,5.01160000,5.00490000,0.00341880, 2, 255, 7, 24,0x0,No,No,No,No,No,No,No,No
2026-04-09 20:01:37,0.2,2400,910,,910,960,44,,200,,,648,,69.2,0.9033,0.6000,0.6000,1.1000,0.00000000,0.12979870,0.16981180,0.00683151,0.00000000,0.35426260,0.48308540,1.84851000,0.00006105,0.00042735,0.00531135,0.01037850,3.56893400,3.35735900,1.80415000,1.11025500,0.60402870,1.10439400,0.79963290,0.90712980,3.31684600,3.31776200,0.79794790,4.97408000,4.97140000,0.00256410, 2, 255, 7, 24,0x0,No,No,No,No,No,No,No,No
2026-04-09 20:01:39,0.2,2400,910,,910,960,44,,200,,,648,,69.7,0.9033,0.6000,0.6000,1.1000,0.00000000,0.12882280,0.16688400,0.00780744,0.00000000,0.35523850,0.48698910,1.87530000,0.00006105,0.00042735,0.00531135,0.01025640,3.56893400,3.31188900,1.80463800,1.10879000,0.60366240,1.10512700,0.79963290,0.90739830,3.31867800,3.31318300,0.79736190,4.97810000,4.97542000,0.00256410, 2, 255, 7, 24,0x0,No,No,No,No,No,No,No,No
2026-04-09 20:01:41,1.5,2400,910,,910,960,44,,200,,,648,,69.7,0.9033,0.6000,0.6000,1.1000,0.00000000,0.13175060,0.16786000,0.00780744,0.00000000,0.35328660,0.48503720,1.87530000,0.00006105,0.00030525,0.00531135,0.00989010,3.56522200,3.31188900,1.80463800,1.10915600,0.60366240,1.10366200,0.79999920,0.90686110,3.31959400,3.31226800,0.79794790,4.97676000,4.97542000,0.00256410, 2, 255, 7, 24,0x0,No,No,No,No,No,No,No,No
2026-04-09 20:01:43,1.5,2400,910,,910,960,44,,200,,,648,,69.2,0.9033,0.6000,0.6000,1.1000,0.00000000,0.13175060,0.16981180,0.00975930,0.00000000,0.35523850,0.48698910,1.87530000,0.00012210,0.00042735,0.00573870,0.00964590,3.56615000,3.30724900,1.80512600,1.11062200,0.60512760,1.10622600,0.79963290,0.90712980,3.31959400,3.31226800,0.79794790,4.96068000,4.97140000,0.00256410, 2, 255, 7, 24,0x0,No,No,No,No,No,No,No,No
2026-04-09 20:01:45,2.5,1500,500,,500,500,44,,200,,,648,,69.7,0.7200,0.6000,0.6000,1.1000,0.00000000,0.13175060,0.16200440,0.00975930,0.00000000,0.35523850,0.48601320,1.18769000,0.00006105,0.00042735,0.00525030,0.01001220,3.58192500,3.31374500,1.80512600,1.11282000,0.60476130,1.10292900,0.80036550,0.72178200,3.31776200,3.31409900,0.79824100,5.01294000,5.01964000,0.00256410, 2, 255, 7, 24,0x0,No,No,No,No,No,No,No,No
2026-04-09 20:01:47,3.0,2400,910,,910,960,44,,200,,,648,,69.7,0.9033,0.6000,0.6000,1.1000,0.00000000,0.13077460,0.16688400,0.00878337,0.00000000,0.35719040,0.48698910,1.87530000,0.00006105,0.00042735,0.00586080,0.00964590,3.56615000,3.30168200,1.79877700,1.10659200,0.60476130,1.10622600,0.79999920,0.90793570,3.31776200,3.31226800,0.79824100,4.90976000,4.91512000,0.00256410, 2, 255, 7, 24,0x0,No,No,No,No,No,No,No,No
2026-04-09 20:01:49,7.5,2400,910,,910,960,44,,200,,,648,,71.4,0.9033,0.6000,0.6000,1.1000,0.00000000,0.13175060,0.16590810,0.00878337,0.00000000,0.35621450,0.48406130,1.88423000,0.00012210,0.00042735,0.00586080,0.01001220,3.56615000,3.30446500,1.80463800,1.10732500,0.60476130,1.10476100,0.80036550,0.90766700,3.31776200,3.31226800,0.79765500,4.97542000,4.97810000,0.00256410, 2, 255, 7, 24,0x0,No,No,No,No,No,No,No,No
2026-04-09 20:01:51,13.0,1500,500,,500,500,44,,200,,,648,,69.2,0.7200,0.6000,0.6000,1.1000,0.00000000,0.13272650,0.16005250,0.00878337,0.00000000,0.35426260,0.48503720,1.18769000,0.00006105,0.00042735,0.00518925,0.00964590,3.57635800,3.35735900,1.80463800,1.11355200,0.60256350,1.10329600,0.79926660,0.72205060,3.31867800,3.31409900,0.79794790,5.01696000,5.01696000,0.00256410, 2, 255, 7, 24,0x0,No,No,No,No,No,No,No,No
2026-04-09 20:01:54,19.4,2400,910,,910,960,44,,200,,,648,,69.7,0.9033,0.6000,0.6000,1.1000,0.00000000,0.13175060,0.16688400,0.01366302,0.00000000,0.35523850,0.48698910,2.82188000,0.00006105,0.00018315,0.00543345,0.00976800,3.56429400,3.30168200,1.80463800,1.10805800,0.60659280,1.10622600,0.79963290,0.90739830,3.31776200,3.31318300,0.79824100,4.97274000,4.97140000,0.00256410, 2, 255, 7, 24,0x0,No,No,No,No,No,No,No,No
2026-04-09 20:01:56,19.1,2400,910,,910,960,44,,200,,,648,,71.9,0.9033,0.6000,0.6000,1.1000,0.00000000,0.13077460,0.16590810,0.01463895,0.00000000,0.35426260,0.48503720,1.88423000,0.00012210,0.00018315,0.00531135,0.00964590,3.56429400,3.30168200,1.80512600,1.11208700,0.60476130,1.10622600,0.79963290,0.90739830,3.31776200,3.31318300,0.79824100,4.97542000,4.97542000,0.00256410, 2, 255, 7, 24,0x0,No,No,No,No,No,No,No,No
2026-04-09 20:01:58,18.3,1500,500,,910,960,44,,200,,,648,,69.7,0.9033,0.6000,0.6000,1.1000,0.00000000,0.12979870,0.16786000,0.01171116,0.00000000,0.35523850,0.48698910,1.88423000,0.00012210,0.00018315,0.00555555,0.00976800,3.56615000,3.30724900,1.80463800,1.10439400,0.60292980,1.10476100,0.79963290,0.90793570,3.31776200,3.31318300,0.79824100,4.97810000,4.97274000,0.00256410, 2, 255, 7, 24,0x0,No,No,No,No,No,No,No,No
2026-04-09 20:02:00,38.3,2400,910,,910,960,44,,200,,,648,,71.4,0.9033,0.6000,0.6000,1.1000,0.00000000,0.12979870,0.16883590,0.01561488,0.00000000,0.35523850,0.49382060,3.04513000,0.00012210,0.00018315,0.00586080,0.00976800,3.54109500,3.30260900,1.80366100,1.11355200,0.60219720,1.10622600,0.79999920,0.90766700,3.31776200,3.31226800,0.79794790,4.92048000,4.92718000,0.00256410, 2, 255, 7, 24,0x0,No,No,No,No,No,No,No,No
2026-04-09 20:02:02,19.0,2400,910,,910,960,44,,200,,,648,,71.4,0.9033,0.6000,0.6000,1.1000,0.00000000,0.12687090,0.16688400,0.01366302,0.00000000,0.35719040,0.48406130,1.91995000,0.00012210,0.00042735,0.00506715,0.00940170,3.55037500,3.30168200,1.80512600,1.10439400,0.60879060,1.10292900,0.79999920,0.90766700,3.31776200,3.31409900,0.79794790,4.95934000,4.93522000,0.00256410, 2, 255, 7, 24,0x0,No,No,No,No,No,No,No,No
2026-04-09 20:02:04,17.6,2400,910,,910,960,44,,200,,,648,,70.3,0.9033,0.6000,0.6000,1.1000,0.00000000,0.13175060,0.16883590,0.01171116,0.00000000,0.35719040,0.48406130,1.90209000,0.00012210,0.00042735,0.00592185,0.00976800,3.56243800,3.32766400,1.80415000,1.10732500,0.60622650,1.10292900,0.79963290,0.90793570,3.31959400,3.31318300,0.79794790,4.98212000,4.98346000,0.00256410, 2, 255, 7, 24,0x0,No,No,No,No,No,No,No,No
2026-04-09 20:02:07,16.0,2400,910,,910,960,44,,200,,,648,,72.5,0.9033,0.6000,0.6000,1.1000,0.00000000,0.12882280,0.16590810,0.00780744,0.00000000,0.35426260,0.48210940,1.91995000,0.00012210,0.00042735,0.00598290,0.00989010,3.56615000,3.30446500,1.80415000,1.11282000,0.60695910,1.10292900,0.79999920,0.90739830,3.32050900,3.31318300,0.79765500,4.97542000,4.98480000,0.00256410, 2, 255, 7, 24,0x0,No,No,No,No,No,No,No,No
2026-04-09 20:02:09,9.2,2400,910,,910,960,44,,200,,,648,,74.1,0.9033,0.6000,0.6000,1.1000,0.00195186,0.13077460,0.16981180,0.03122976,0.00931380,0.35523850,0.55920790,4.19710000,0.00012210,0.00042735,0.00531135,0.00952380,3.57635800,3.31188900,1.80463800,1.11135400,0.60659280,1.10146400,0.79999920,0.90712980,3.31867800,3.31226800,0.79794790,5.01160000,4.99820000,0.00256410, 2, 255, 7, 24,0x0,No,No,No,No,No,No,No,No
2026-04-09 20:02:11,1.0,2400,910,,910,960,44,,200,,,648,,72.5,0.9033,0.6000,0.6000,1.1000,0.00000000,0.13175060,0.18054710,0.12589500,0.00147060,0.35426260,0.48991690,3.02727000,0.00012210,0.00030525,0.00561660,0.00976800,3.46500200,3.35735900,1.80415000,1.10146400,0.60549390,1.10622600,0.80073180,0.90605530,3.31776200,3.31135200,0.79765500,4.73288000,4.77040000,0.00256410, 2, 255, 7, 24,0x0,No,No,No,No,No,No,No,No
2026-04-09 20:02:13,0.3,2400,910,,910,960,43,,200,,,648,,71.9,0.9033,0.6000,0.6000,1.1000,0.00000000,0.12979870,0.16981180,0.06245952,0.00245100,0.35523850,0.51431510,2.92904000,0.00012210,0.00042735,0.00506715,0.00976800,3.54016700,3.31188900,1.80463800,1.10732500,0.60292980,1.10439400,0.79816780,0.90766700,3.31684600,3.31226800,0.79677580,4.81060000,4.73288000,0.00256410, 2, 255, 7, 24,0x0,No,No,No,No,No,No,No,No
2026-04-09 20:02:15,0.3,1500,500,,500,500,44,,200,,,648,,70.3,0.7200,0.6000,0.6000,1.1000,0.00000000,0.12882280,0.16102850,0.00975930,0.00000000,0.35426260,0.48796500,1.20555000,0.00000000,0.00018315,0.00592185,0.00976800,3.57728600,3.35550300,1.80415000,1.11391800,0.60402870,1.10292900,0.79926660,0.72178200,3.31867800,3.31226800,0.79794790,5.02232000,5.01562000,0.00256410, 2, 255, 7, 24,0x0,No,No,No,No,No,No,No,No
2026-04-09 20:02:17,0.0,2400,910,,910,960,44,,200,,,648,,70.3,0.9033,0.6000,0.6000,1.1000,0.00000000,0.13272650,0.16688400,0.00780744,0.00000000,0.35719040,0.48698910,1.90209000,0.00012210,0.00018315,0.00537240,0.00976800,3.56336600,3.30168200,1.80463800,1.10439400,0.60476130,1.10622600,0.79999920,0.90712980,3.31776200,3.31226800,0.79794790,4.97408000,4.96738000,0.00256410, 2, 255, 7, 24,0x0,No,No,No,No,No,No,No,No
2026-04-09 20:02:19,0.8,2400,910,,910,960,44,,200,,,648,,71.4,0.9033,0.6000,0.6000,1.1000,0.00000000,0.13077460,0.16786000,0.01171116,0.00000000,0.35523850,0.48796500,3.18801000,0.00006105,0.00042735,0.00543345,0.00989010,3.54202300,3.32952100,1.80512600,1.11135400,0.60805800,1.10476100,0.79963290,0.90793570,3.31867800,3.31318300,0.79794790,4.93388000,4.91378000,0.00256410, 2, 255, 7, 24,0x0,No,No,No,No,No,No,No,No
2026-04-09 20:02:21,5.5,2400,910,,910,960,43,,200,,,648,,70.8,0.9033,0.6000,0.6000,1.1000,0.00000000,0.12882280,0.16590810,0.00683151,0.00000000,0.35426260,0.48601320,1.89316000,0.00006105,0.00042735,0.00531135,0.00989010,3.56615000,3.30724900,1.80415000,1.11025500,0.60329610,1.10659200,0.79926660,0.90686110,3.31959400,3.31226800,0.79794790,4.98212000,4.98212000,0.00256410, 2, 255, 7, 24,0x0,No,No,No,No,No,No,No,No
2026-04-09 20:02:24,1.5,2400,910,,910,960,44,,200,,,648,,70.8,0.9033,0.6000,0.6000,1.1000,0.00000000,0.13175060,0.16590810,0.00975930,0.00000000,0.37768490,0.48601320,1.91102000,0.00012210,0.00018315,0.00567765,0.00952380,3.56151000,3.32766400,1.80512600,1.10439400,0.60329610,1.10476100,0.79999920,0.90739830,3.31959400,3.31318300,0.79794790,4.97408000,4.97408000,0.00256410, 2, 255, 7, 24,0x0,No,No,No,No,No,No,No,No
2026-04-09 20:02:26,2.3,2400,910,,910,960,44,,200,,,648,,70.3,0.7933,0.6000,0.6000,1.1000,0.00000000,0.12784680,0.16200440,0.01073523,0.00000000,0.35621450,0.48601320,1.39308000,0.00012210,0.00018315,0.00549450,0.01037850,3.56986200,3.31931300,1.79682400,1.10879000,0.60329610,1.10476100,0.79853400,0.79726420,3.31867800,3.31226800,0.79794790,5.00356000,5.00758000,0.00256410, 2, 255, 7, 24,0x0,No,No,No,No,No,No,No,No
2026-04-09 20:02:28,3.2,2400,910,,910,960,44,,200,,,648,,71.9,0.9033,0.6000,0.6000,1.1000,0.00000000,0.12882280,0.16786000,0.01171116,0.00000000,0.35426260,0.48406130,1.90209000,0.00012210,0.00042735,0.00531135,0.00964590,3.53552800,3.31838500,1.80512600,1.11355200,0.60586020,1.10329600,0.79963290,0.90712980,3.31867800,3.31226800,0.79794790,4.99016000,4.97274000,0.00256410, 2, 255, 7, 24,0x0,No,No,No,No,No,No,No,No
2026-04-09 20:02:30,7.0,2400,910,,910,960,44,,200,,,648,,71.4,0.9033,0.6000,0.6000,1.1000,0.00000000,0.12784680,0.16786000,0.00975930,0.00000000,0.35719040,0.48503720,1.91102000,0.00006105,0.00042735,0.00586080,0.00940170,3.56336600,3.31374500,1.80512600,1.10439400,0.60476130,1.10512700,0.80036550,0.90712980,3.31776200,3.31318300,0.79794790,4.96872000,4.97408000,0.00256410, 2, 255, 7, 24,0x0,No,No,No,No,No,No,No,No
2026-04-09 20:02:32,15.2,1500,500,,500,500,44,,200,,,648,,70.8,0.7200,0.6000,0.6000,1.1000,0.00000000,0.12882280,0.16005250,0.01073523,0.00000000,0.35523850,0.48796500,1.22341000,0.00006105,0.00018315,0.00555555,0.00976800,3.57821400,3.30724900,1.80415000,1.10439400,0.60439500,1.10549400,0.79963290,0.72178200,3.31776200,3.31409900,0.79765500,5.01026000,5.01562000,0.00256410, 2, 255, 7, 24,0x0,No,No,No,No,No,No,No,No
2026-04-09 20:02:34,20.8,2400,910,,910,960,44,,200,,,648,,70.8,0.9033,0.6000,0.6000,1.1000,0.00000000,0.13077460,0.16493220,0.01268709,0.00000000,0.35523850,0.48601320,1.90209000,0.00006105,0.00042735,0.00586080,0.00976800,3.56243800,3.31188900,1.80415000,1.11208700,0.60219720,1.10292900,0.79963290,0.90739830,3.31867800,3.31318300,0.79794790,4.97676000,4.98212000,0.00256410, 2, 255, 7, 24,0x0,No,No,No,No,No,No,No,No
2026-04-09 20:02:36,18.8,2400,910,,910,960,44,,200,,,648,,71.4,0.9033,0.6000,0.6000,1.1000,0.00000000,0.13175060,0.16590810,0.01366302,0.00000000,0.35523850,0.48406130,1.91995000,0.00012210,0.00030525,0.00586080,0.00989010,3.56151000,3.31931300,1.80415000,1.10512700,0.60292980,1.10476100,0.79926660,0.90712980,3.31867800,3.31409900,0.79794790,4.97140000,4.96872000,0.00256410, 2, 255, 7, 24,0x0,No,No,No,No,No,No,No,No
2026-04-09 20:02:39,17.9,1600,591,,591,602,44,,200,,,648,,71.4,0.8071,0.6000,0.6000,1.1000,0.00000000,0.12979870,0.16590810,0.01073523,0.00000000,0.35426260,0.48601320,1.58061000,0.00012210,0.00042735,0.00543345,0.00964590,3.56615000,3.30724900,1.79682400,1.11355200,0.60402870,1.10476100,0.79963290,0.83728860,3.31684600,3.31318300,0.79824100,4.98882000,4.99150000,0.00256410, 2, 255, 7, 24,0x0,No,No,No,No,No,No,No,No
2026-04-09 20:02:41,18.7,2400,910,,910,960,44,,200,,,648,,70.8,0.9033,0.6000,0.6000,1.1000,0.00000000,0.12979870,0.16590810,0.01854267,0.00000000,0.35621450,0.48698910,3.14336000,0.00012210,0.00042735,0.00586080,0.00964590,3.53181600,3.31374500,1.80512600,1.11208700,0.60402870,1.10439400,0.79999920,0.90739830,3.31959400,3.31409900,0.79794790,4.92584000,4.92450000,0.00256410, 2, 255, 7, 24,0x0,No,No,No,No,No,No,No,No
2026-04-09 20:02:43,17.7,2400,910,,910,960,44,,200,,,648,,71.9,0.9033,0.6000,0.6000,1.1000,0.00000000,0.12687090,0.16786000,0.01073523,0.00000000,0.35523850,0.48406130,1.92888000,0.00012210,0.00018315,0.00537240,0.00940170,3.55687100,3.30724900,1.80561500,1.11245300,0.60476130,1.10256300,0.79963290,0.90712980,3.32050900,3.31226800,0.79794790,4.96068000,4.94996000,0.00256410, 2, 255, 7, 24,0x0,No,No,No,No,No,No,No,No
2026-04-09 20:02:45,16.5,2400,910,,910,960,44,,200,,,648,,71.4,0.9033,0.6000,0.6000,1.1000,0.00000000,0.12979870,0.16590810,0.02439825,0.00000000,0.35621450,0.48503720,3.08978000,0.00006105,0.00042735,0.00506715,0.00976800,3.53645500,3.30724900,1.80903400,1.10659200,0.60366240,1.10622600,0.79963290,0.90659250,3.31959400,3.31226800,0.79794790,4.92450000,4.92182000,0.00256410, 2, 255, 7, 24,0x0,No,No,No,No,No,No,No,No
2026-04-09 20:02:47,14.8,2400,910,,910,960,44,,200,,,648,,73.0,0.9033,0.6000,0.6000,1.1000,0.00000000,0.14150990,0.16493220,0.01171116,0.00000000,0.35523850,0.48698910,1.95567000,0.00006105,0.00018315,0.00531135,0.00964590,3.55223100,3.32766400,1.80415000,1.10695900,0.60439500,1.10476100,0.79963290,0.90686110,3.31867800,3.31409900,0.79824100,4.97140000,4.97274000,0.00256410, 2, 255, 7, 24,0x0,No,No,No,No,No,No,No,No
2026-04-09 20:02:49,6.5,2400,910,,910,960,44,,200,,,648,,74.1,0.9033,0.6000,0.6000,1.1000,0.00000000,0.13077460,0.17273960,0.16005250,0.01715700,0.35523850,0.50748360,6.55462000,0.00006105,0.00018315,0.00549450,0.00989010,3.45293900,3.30910500,1.80463800,1.10842400,0.60439500,1.10476100,0.79926660,0.90847280,3.31867800,3.31318300,0.79794790,4.80122000,4.94996000,0.00256410, 2, 255, 7, 24,0x0,No,No,No,No,No,No,No,No
2026-04-09 20:02:51,1.8,1500,500,,500,500,44,,200,,,648,,73.0,0.9033,0.6000,0.6000,1.1000,0.00000000,0.12882280,0.17859520,0.19128230,0.05980440,0.35523850,0.57970240,6.01882000,0.00012210,0.00018315,0.00531135,0.01001220,3.48727400,3.31374500,1.80415000,1.11062200,0.60402870,1.10476100,0.79963290,0.90659250,3.31867800,3.31226800,0.79765500,4.80256000,4.82534000,0.00256410, 2, 255, 7, 24,0x0,No,No,No,No,No,No,No,No
2026-04-09 20:02:54,3.5,2400,910,,910,960,44,,200,,,648,,72.5,0.9033,0.6000,0.6000,1.1000,0.00000000,0.13760610,0.16786000,0.03220569,0.00000000,0.35621450,0.48601320,1.91102000,0.00006105,0.00042735,0.00586080,0.00989010,3.56522200,3.31931300,1.80415000,1.10732500,0.60549390,1.10183000,0.79999920,0.90712980,3.31959400,3.31409900,0.79794790,4.98212000,4.98480000,0.00256410, 2, 255, 7, 24,0x0,No,No,No,No,No,No,No,No
2026-04-09 20:02:56,0.3,2400,910,,910,960,44,,200,,,648,,71.4,0.9033,0.6000,0.6000,1.1000,0.06441138,0.13858210,0.16688400,0.01268709,0.00000000,0.35523850,0.48503720,1.93781000,0.00006105,0.00042735,0.00506715,0.00964590,3.54944700,3.30724900,1.80121900,1.10879000,0.60512760,1.10622600,0.79926660,0.90793570,3.31959400,3.31226800,0.79794790,4.95532000,4.95666000,0.00256410, 2, 255, 7, 24,0x0,No,No,No,No,No,No,No,No
2026-04-09 20:02:58,0.2,2400,910,,910,960,44,,200,,,648,,71.9,0.9033,0.6000,0.6000,1.1000,0.06343545,0.13760610,0.16590810,0.01171116,0.00000000,0.35621450,0.47625380,1.94674000,0.00006105,0.00042735,0.00549450,0.00989010,3.54759100,3.32766400,1.80415000,1.11355200,0.60292980,1.10476100,0.80073180,0.90659250,3.31867800,3.31226800,0.79794790,4.96202000,4.95666000,0.00256410, 2, 255, 7, 24,0x0,No,No,No,No,No,No,No,No
2026-04-09 20:03:00,1.8,2400,910,,910,960,44,,200,,,648,,73.6,0.9033,0.6000,0.6000,1.1000,0.06636324,0.14443760,0.16590810,0.01073523,0.00000000,0.35621450,0.48601320,1.92888000,0.00006105,0.00042735,0.00567765,0.00940170,3.55223100,3.32766400,1.80366100,1.11098800,0.60549390,1.10476100,0.79999920,0.90712980,3.31959400,3.31409900,0.79824100,4.96336000,4.96336000,0.00256410, 2, 255, 7, 24,0x0,No,No,No,No,No,No,No,No
2026-04-09 20:03:02,2.0,1500,500,,500,500,44,,200,,,648,,71.4,0.7200,0.6000,0.6000,1.1000,0.00000000,0.13175060,0.16005250,0.00780744,0.00000000,0.35523850,0.48601320,1.24127000,0.00012210,0.00018315,0.00512820,0.00952380,3.58192500,3.31188900,1.80512600,1.11062200,0.60476130,1.10476100,0.79963290,0.72178200,3.31776200,3.31318300,0.79765500,5.00624000,5.00892000,0.00256410, 2, 255, 7, 24,0x0,No,No,No,No,No,No,No,No
2026-04-09 20:03:04,2.5,2400,910,,910,960,44,,200,,,648,,71.9,0.9033,0.6000,0.6000,1.1000,0.00000000,0.13077460,0.16786000,0.00780744,0.00000000,0.35523850,0.46942240,1.92888000,0.00006105,0.00042735,0.00531135,0.00964590,3.54851900,3.32766400,1.80415000,1.10695900,0.60439500,1.10439400,0.79926660,0.90712980,3.31959400,3.31409900,0.79794790,4.97140000,4.97006000,0.00256410, 2, 255, 7, 24,0x0,No,No,No,No,No,No,No,No
2026-04-09 20:03:06,2.8,2400,910,,910,960,44,,200,,,648,,72.5,0.9033,0.6000,0.6000,1.1000,0.00000000,0.12882280,0.16883590,0.00975930,0.00000000,0.35328660,0.53285780,1.96460000,0.00006105,0.00042735,0.00555555,0.00927960,3.56058200,3.30260900,1.80415000,1.11208700,0.60659280,1.10183000,0.80073180,0.90793570,3.31867800,3.31318300,0.79794790,4.97274000,4.97810000,0.00256410, 2, 255, 7, 24,0x0,No,No,No,No,No,No,No,No
2026-04-09 20:03:08,7.7,1500,500,,500,500,44,,200,,,648,,71.4,0.7200,0.6000,0.6000,1.1000,0.00000000,0.13077460,0.16102850,0.00780744,0.00000000,0.35816630,0.48503720,1.24127000,0.00012210,0.00018315,0.00586080,0.01013430,3.57728600,3.31188900,1.80463800,1.10805800,0.60622650,1.10219700,0.80036550,0.72178200,3.31959400,3.31318300,0.79824100,5.00624000,5.01428000,0.00256410, 2, 255, 7, 24,0x0,No,No,No,No,No,No,No,No
2026-04-09 20:03:11,15.3,2400,910,,910,960,44,,200,,,648,,71.9,0.9033,0.6000,0.6000,1.1000,0.00000000,0.12784680,0.16688400,0.00975930,0.00000000,0.35621450,0.48894090,1.93781000,0.00006105,0.00042735,0.00537240,0.00976800,3.56151000,3.32766400,1.80366100,1.11355200,0.60952320,1.10476100,0.79999920,0.90712980,3.31959400,3.31226800,0.79794790,4.97408000,4.97810000,0.00256410, 2, 255, 7, 24,0x0,No,No,No,No,No,No,No,No
2026-04-09 20:03:13,18.9,2400,910,,910,960,44,,200,,,648,,71.4,0.9033,0.6000,0.6000,1.1000,0.00000000,0.13565430,0.17078780,0.00683151,0.00000000,0.35523850,0.48698910,1.93781000,0.00012210,0.00018315,0.00561660,0.00976800,3.56336600,3.30168200,1.80512600,1.11355200,0.60476130,1.10586000,0.79963290,0.90739830,3.31867800,3.31318300,0.79736190,4.97542000,4.97274000,0.00256410, 2, 255, 7, 24,0x0,No,No,No,No,No,No,No,No
2026-04-09 20:03:15,20.3,1900,682,,591,602,44,,200,,,648,,71.9,0.8071,0.6000,0.6000,1.1000,0.00000000,0.13077460,0.16395620,0.00683151,0.00000000,0.35621450,0.48503720,1.51810000,0.00012210,0.00018315,0.00586080,0.01001220,3.57079000,3.35735900,1.80659200,1.10879000,0.60219720,1.10586000,0.79999920,0.81203820,3.31959400,3.31409900,0.79824100,4.99150000,4.99820000,0.00256410, 2, 255, 7, 24,0x0,No,No,No,No,No,No,No,No
2026-04-09 20:03:17,18.1,2400,910,,910,960,44,,200,,,648,,71.9,0.9033,0.6000,0.6000,1.1000,0.00000000,0.13175060,0.16786000,0.00683151,0.00000000,0.35523850,0.48698910,1.93781000,0.00012210,0.00042735,0.00567765,0.00976800,3.55872700,3.30724900,1.80903400,1.10805800,0.60805800,1.10622600,0.79926660,0.90712980,3.31867800,3.31318300,0.79794790,4.97140000,4.97944000,0.00256410, 2, 255, 7, 24,0x0,No,No,No,No,No,No,No,No
2026-04-09 20:03:19,18.0,2400,910,,910,960,44,,200,,,648,,73.0,0.9033,0.6000,0.6000,1.1000,0.00000000,0.12979870,0.16883590,0.00975930,0.00000000,0.35816630,0.48698910,1.93781000,0.00006105,0.00042735,0.00586080,0.00940170,3.55872700,3.30724900,1.80121900,1.11575000,0.60805800,1.10329600,0.79999920,0.90712980,3.31867800,3.31409900,0.79794790,4.91646000,4.92048000,0.00256410, 2, 255, 7, 24,0x0,No,No,No,No,No,No,No,No
2026-04-09 20:03:21,16.8,2400,910,,910,960,43,,200,,,648,,73.0,0.9033,0.6000,0.6000,1.1000,0.00000000,0.13077460,0.16688400,0.00975930,0.01029420,0.35523850,0.48601320,2.86653000,0.00012210,0.00018315,0.00555555,0.00976800,3.56058200,3.30168200,1.80415000,1.11062200,0.60219720,1.10695900,0.79816780,0.90659250,3.31776200,3.31409900,0.79765500,4.97542000,4.97006000,0.00256410, 2, 255, 7, 24,0x0,No,No,No,No,No,No,No,No
2026-04-09 20:03:23,27.4,2400,910,,910,960,44,,200,,,648,,74.1,0.9033,0.6000,0.6000,1.1000,0.00000000,0.14541360,0.16590810,0.01073523,0.00000000,0.35621450,0.48991690,2.21464000,0.00006105,0.00030525,0.00506715,0.01001220,3.55408700,3.31188900,1.80415000,1.10805800,0.60329610,1.10402800,0.80036550,0.90659250,3.31959400,3.31501500,0.79794790,4.97140000,4.97408000,0.00256410, 2, 255, 7, 24,0x0,No,No,No,No,No,No,No,No
2026-04-09 20:03:26,11.5,2400,910,,910,960,44,,200,,,648,,75.7,0.9033,0.6000,0.6000,1.1000,0.00000000,0.13858210,0.16786000,0.01951860,0.00000000,0.36694970,0.48991690,3.15229000,0.00006105,0.00030525,0.00561660,0.00989010,3.54759100,3.35735900,1.80415000,1.11098800,0.60586020,1.10476100,0.79926660,0.90793570,3.31959400,3.31318300,0.79794790,4.95264000,4.94058000,0.00256410, 2, 255, 7, 24,0x0,No,No,No,No,No,No,No,No
2026-04-09 20:03:28,0.5,1500,500,,500,500,44,,200,,,648,,71.4,0.9033,0.6000,0.6000,1.1000,0.00000000,0.12979870,0.16786000,0.02439825,0.00000000,0.35719040,0.48796500,3.05406000,0.00012210,0.00042735,0.00525030,0.00964590,3.54480700,3.31374500,1.80415000,1.11355200,0.60586020,1.10366200,0.79963290,0.90793570,3.31776200,3.31226800,0.79824100,4.94058000,4.72082000,0.00256410, 2, 255, 7, 24,0x0,No,No,No,No,No,No,No,No
2026-04-09 20:03:30,0.3,2400,910,,910,960,44,,200,,,648,,72.5,0.9033,0.6000,0.6000,1.1000,0.00000000,0.13077460,0.17761930,0.09368929,0.00000000,0.35426260,0.51236320,3.03620000,0.00012210,0.00042735,0.00525030,0.01001220,3.51047200,3.32766400,1.80317300,1.11355200,0.60366240,1.10586000,0.79999920,0.90686110,3.31776200,3.31318300,0.79765500,4.91646000,4.92182000,0.00256410, 2, 255, 7, 24,0x0,No,No,No,No,No,No,No,No
2026-04-09 20:03:32,0.3,2400,910,,910,960,44,,200,,,648,,72.5,0.9033,0.6000,0.6000,1.1000,0.00000000,0.13663020,0.16786000,0.00683151,0.00000000,0.35816630,0.48601320,1.94674000,0.00006105,0.00018315,0.00573870,0.01001220,3.56151000,3.32766400,1.80415000,1.11355200,0.60622650,1.10659200,0.79999920,0.90739830,3.32050900,3.31318300,0.79824100,4.97676000,4.97006000,0.00256410, 2, 255, 7, 24,0x0,No,No,No,No,No,No,No,No
2026-04-09 20:03:34,0.3,2400,910,,910,960,44,,200,,,648,,74.1,0.9033,0.6000,0.6000,1.1000,0.00000000,0.14541360,0.16590810,0.00975930,0.00000000,0.37768490,0.48503720,1.93781000,0.00006105,0.00018315,0.00537240,0.00989010,3.55687100,3.30260900,1.79877700,1.11282000,0.60476130,1.10146400,0.79999920,0.90766700,3.31776200,3.31409900,0.79794790,4.96872000,4.97944000,0.00256410, 2, 255, 7, 24,0x0,No,No,No,No,No,No,No,No
2026-04-09 20:03:36,0.3,2400,910,,910,960,44,,200,,,648,,73.6,0.9033,0.6000,0.6000,1.1000,0.00000000,0.12882280,0.17469150,0.00487965,0.00000000,0.35621450,0.48601320,1.94674000,0.00012210,0.00018315,0.00549450,0.00989010,3.55687100,3.30168200,1.80366100,1.10915600,0.60366240,1.10512700,0.79963290,0.90739830,3.32050900,3.31501500,0.79824100,4.97542000,4.96738000,0.00256410, 2, 255, 7, 24,0x0,No,No,No,No,No,No,No,No
2026-04-09 20:03:38,1.7,1500,500,,500,500,44,,200,,,648,,72.5,0.7200,0.6000,0.6000,1.1000,0.00000000,0.12979870,0.16298030,0.00585558,0.00000000,0.35621450,0.48796500,1.25020000,0.00006105,0.00054945,0.00543345,0.00976800,3.57543000,3.30168200,1.81294100,1.11318600,0.60402870,1.10402800,0.79963290,0.72178200,3.31867800,3.31501500,0.79794790,5.00490000,5.01964000,0.00256410, 2, 255, 7, 24,0x0,No,No,No,No,No,No,No,No
2026-04-09 20:03:40,2.3,2400,910,,910,960,44,,200,,,648,,71.9,0.9033,0.6000,0.6000,1.1000,0.00000000,0.13370240,0.16786000,0.00780744,0.00000000,0.35523850,0.48503720,1.94674000,0.00012210,0.00018315,0.00525030,0.01001220,3.55779800,3.35550300,1.80415000,1.11208700,0.60659280,1.10146400,0.79999920,0.90712980,3.31776200,3.31318300,0.79765500,4.97408000,4.97408000,0.00256410, 2, 255, 7, 24,0x0,No,No,No,No,No,No,No,No
2026-04-09 20:03:43,2.5,2400,910,,910,960,44,,200,,,648,,74.1,0.9033,0.6000,0.6000,1.1000,0.00000000,0.12979870,0.16493220,0.01171116,0.00000000,0.35621450,0.48796500,1.94674000,0.00000000,0.00018315,0.00506715,0.01001220,3.55872700,3.30724900,1.80415000,1.10732500,0.60586020,1.10695900,0.79963290,0.90739830,3.32050900,3.31501500,0.79824100,4.97810000,4.97542000,0.00256410, 2, 255, 7, 24,0x0,No,No,No,No,No,No,No,No
2026-04-09 20:03:45,4.0,1500,500,,500,500,44,,200,,,648,,71.4,0.7200,0.6000,0.6000,1.1000,0.00000000,0.12979870,0.16005250,0.00878337,0.00000000,0.35523850,0.48503720,1.25913000,0.00018315,0.00018315,0.00555555,0.01025640,3.57543000,3.30260900,1.79682400,1.10732500,0.60402870,1.10292900,0.79999920,0.72178200,3.31867800,3.31318300,0.79824100,5.00758000,5.01026000,0.00256410, 2, 255, 7, 24,0x0,No,No,No,No,No,No,No,No
2026-04-09 20:03:47,11.7,2400,910,,910,960,44,,200,,,648,,73.6,0.9033,0.6000,0.6000,1.1000,0.00000000,0.14541360,0.16688400,0.00683151,0.00000000,0.37866080,0.48698910,1.94674000,0.00012210,0.00018315,0.00531135,0.00964590,3.55872700,3.30724900,1.80415000,1.11391800,0.60512760,1.10292900,0.79963290,0.90793570,3.31959400,3.31043600,0.79794790,4.95264000,4.97408000,0.00256410, 2, 255, 7, 24,0x0,No,No,No,No,No,No,No,No
2026-04-09 20:03:49,0.3,2400,910,,910,960,44,,200,,,648,,71.9,0.9033,0.6000,0.6000,1.1000,0.00000000,0.12979870,0.16688400,0.00975930,0.00000000,0.35719040,0.48698910,2.01818000,0.00012210,0.00042735,0.00586080,0.00940170,3.55965400,3.32766400,1.80268400,1.10769100,0.60476130,1.10329600,0.79999920,0.90766700,3.31776200,3.31409900,0.79765500,4.98078000,4.96738000,0.00256410, 2, 255, 7, 24,0x0,No,No,No,No,No,No,No,No
2026-04-09 20:03:51,0.2,1500,500,,500,500,44,,200,,,648,,71.4,0.7200,0.6000,0.6000,1.1000,0.00000000,0.12979870,0.15907660,0.02439825,0.00000000,0.35523850,0.48698910,1.25913000,0.00012210,0.00042735,0.00586080,0.00964590,3.57821400,3.31188900,1.80463800,1.10586000,0.60219720,1.10219700,0.79999920,0.72205060,3.31959400,3.31226800,0.79794790,5.01160000,5.01026000,0.00256410, 2, 255, 7, 24,0x0,No,No,No,No,No,No,No,No
2026-04-09 20:03:53,0.3,2400,910,,910,960,44,,200,,,648,,71.9,0.9033,0.6000,0.6000,1.1000,0.00000000,0.12979870,0.16688400,0.00780744,0.00000000,0.35816630,0.48503720,1.92888000,0.00012210,0.00030525,0.00537240,0.00976800,3.55965400,3.32766400,1.80415000,1.11208700,0.60512760,1.10439400,0.79999920,0.90712980,3.31959400,3.31409900,0.79794790,4.97140000,4.97810000,0.00256410, 2, 255, 7, 24,0x0,No,No,No,No,No,No,No,No
2026-04-09 20:03:55,2.0,2400,910,,910,960,44,,200,,,648,,73.0,0.9033,0.6000,0.6000,1.1000,0.00000000,0.12882280,0.16590810,0.00975930,0.00000000,0.35621450,0.48406130,1.94674000,0.00012210,0.00018315,0.00537240,0.00964590,3.56429400,3.31188900,1.80415000,1.11318600,0.60256350,1.10292900,0.80036550,0.90712980,3.31776200,3.31409900,0.79794790,4.97408000,4.98480000,0.00256410, 2, 255, 7, 24,0x0,No,No,No,No,No,No,No,No
2026-04-09 20:03:58,5.5,2400,910,,910,960,44,,200,,,648,,71.9,0.9033,0.6000,0.6000,1.1000,0.00000000,0.13077460,0.16786000,0.00585558,0.00000000,0.35523850,0.48601320,1.93781000,0.00012210,0.00042735,0.00518925,0.01001220,3.55872700,3.30353800,1.80463800,1.11355200,0.60366240,1.10622600,0.79963290,0.90739830,3.31867800,3.31318300,0.79765500,4.97140000,4.97944000,0.00256410, 2, 255, 7, 24,0x0,No,No,No,No,No,No,No,No
2026-04-09 20:04:00,0.2,2400,910,,910,960,44,,200,,,648,,72.5,0.9033,0.6000,0.6000,1.1000,0.00000000,0.13077460,0.16590810,0.01073523,0.00000000,0.35914220,0.48406130,1.92888000,0.00012210,0.00018315,0.00531135,0.00964590,3.55965400,3.31374500,1.80415000,1.11208700,0.60292980,1.10402800,0.79963290,0.90901010,3.31867800,3.31226800,0.79794790,4.96202000,4.97140000,0.00256410, 2, 255, 7, 24,0x0,No,No,No,No,No,No,No,No
2026-04-09 20:04:02,0.0,2400,910,,910,960,44,,200,,,648,,70.8,0.9033,0.6000,0.6000,1.1000,0.00000000,0.10052080,0.16590810,0.00585558,0.00000000,0.20006570,0.33376810,1.91995000,0.00006105,0.00042735,0.00598290,0.00915750,3.58099800,3.29518600,1.80415000,1.11062200,0.61794810,1.10842400,0.80109810,0.90712980,3.31776200,3.31409900,0.79765500,5.03170000,5.02634000,0.00256410, 2, 255, 7, 24,0x0,No,No,No,No,No,No,No,No
2026-04-09 20:04:04,0.0,2400,910,,910,960,44,,200,,,648,,71.4,0.9033,0.6000,0.6000,1.1000,0.00000000,0.09954486,0.16688400,0.00487965,0.00000000,0.20982490,0.33376810,1.91102000,0.00012210,0.00042735,0.00592185,0.00866910,3.58471000,3.29518600,1.81342900,1.11465100,0.61428510,1.10659200,0.80183080,0.90686110,3.31776200,3.31409900,0.79765500,5.02232000,5.03170000,0.00256410, 2, 255, 7, 24,0x0,No,No,No,No,No,No,No,No
2026-04-09 20:04:06,0.0,2400,910,,910,960,44,,200,,,648,,73.0,0.9033,0.6000,0.6000,1.1000,0.00000000,0.09954486,0.16688400,0.00780744,0.00000000,0.22251200,0.33571990,1.90209000,0.00000000,0.00018315,0.00543345,0.00915750,3.58192500,3.32766400,1.80415000,1.11208700,0.61831440,1.10842400,0.80256330,0.90712980,3.31959400,3.31318300,0.79794790,5.01830000,5.02366000,0.00256410, 2, 255, 7, 24,0x0,No,No,No,No,No,No,No,No
2026-04-09 20:04:08,1.8,2400,910,,910,960,44,,200,,,648,,71.4,0.9033,0.6000,0.6000,1.1000,0.00000000,0.10247270,0.16688400,0.00780744,0.00000000,0.19811380,0.33376810,1.90209000,0.00012210,0.00042735,0.00525030,0.00952380,3.58099800,3.30724900,1.80512600,1.10879000,0.61904700,1.10659200,0.80292960,0.90659250,3.31867800,3.31226800,0.79794790,5.01696000,5.03036000,0.00256410, 2, 255, 7, 24,0x0,No,No,No,No,No,No,No,No
2026-04-09 20:04:10,0.0,2400,910,,910,960,44,,200,,,648,,72.5,0.9033,0.6000,0.6000,1.1000,0.00000000,0.10442450,0.16688400,0.00487965,0.00000000,0.20982490,0.33279210,1.90209000,0.00012210,0.00042735,0.00549450,0.00940170,3.58563700,3.32766400,1.80366100,1.10439400,0.61758180,1.10952300,0.80256330,0.90686110,3.31776200,3.31684600,0.79824100,5.02098000,5.02634000,0.00256410, 2, 255, 7, 24,0x0,No,No,No,No,No,No,No,No
2026-04-09 20:04:12,0.0,1500,500,,500,500,44,,200,,,648,,72.5,0.7200,0.6000,0.6000,1.1000,0.00000000,0.10247270,0.15907660,0.00683151,0.00000000,0.19908970,0.33376810,1.21448000,0.00012210,0.00042735,0.00543345,0.00976800,3.60790800,3.30724900,1.80415000,1.10805800,0.60476130,1.10952300,0.80219700,0.72205060,3.31776200,3.31409900,0.79853400,5.05984000,5.06117900,0.00256410, 2, 255, 7, 24,0x0,No,No,No,No,No,No,No,No
2026-04-09 20:04:15,0.0,2400,910,,910,960,44,,200,,,648,,70.8,0.9033,0.6000,0.6000,1.1000,0.00000000,0.09954486,0.16883590,0.00878337,0.00000000,0.20006570,0.33181620,1.90209000,0.00012210,0.00042735,0.00531135,0.00915750,3.58471000,3.31188900,1.80415000,1.12527400,0.61868070,1.10659200,0.79963290,0.90766700,3.31959400,3.31226800,0.79824100,5.01294000,5.02902000,0.00256410, 2, 255, 7, 24,0x0,No,No,No,No,No,No,No,No
2026-04-09 20:04:17,0.0,2400,910,,910,960,44,,200,,,648,,71.9,0.9033,0.6000,0.6000,1.1000,0.00000000,0.10247270,0.16590810,0.00780744,0.00000000,0.19811380,0.33376810,1.90209000,0.00012210,0.00018315,0.00506715,0.00940170,3.58842100,3.30724900,1.80708000,1.11355200,0.61831440,1.10915600,0.80109810,0.90712980,3.31776200,3.31409900,0.79794790,5.03304000,5.03036000,0.00256410, 2, 255, 7, 24,0x0,No,No,No,No,No,No,No,No
2026-04-09 20:04:19,1.2,1500,500,,500,500,44,,200,,,648,,69.2,0.7200,0.6000,0.6000,1.1000,0.00000000,0.09856894,0.15810070,0.00780744,0.00000000,0.20201750,0.33376810,1.17876000,0.00012210,0.00018315,0.00543345,0.00903540,3.60048500,3.32766400,1.80512600,1.10732500,0.61941330,1.10659200,0.80292960,0.72178200,3.31684600,3.31318300,0.79824100,5.05850000,5.06654000,0.00256410, 2, 255, 7, 24,0x0,No,No,No,No,No,No,No,No
2026-04-09 20:04:21,0.0,1500,500,,500,500,44,,200,,,648,,69.7,0.7200,0.6000,0.6000,1.1000,0.00000000,0.09759300,0.16200440,0.01268709,0.00000000,0.20982490,0.33279210,1.17876000,0.00018315,0.00054945,0.00537240,0.00940170,3.60419700,3.35550300,1.80317300,1.11208700,0.61868070,1.10549400,0.79890030,0.72178200,3.31776200,3.31409900,0.79765500,5.05984000,5.06117900,0.00256410, 2, 255, 7, 24,0x0,No,No,No,No,No,No,No,No
2026-04-09 20:04:23,1.5,1900,682,,682,704,43,,200,,,648,,69.7,0.8071,0.6000,0.6000,1.1000,0.00000000,0.10052080,0.16493220,0.00780744,0.00000000,0.19908970,0.32986440,1.40201000,0.00012210,0.00054945,0.00549450,0.00952380,3.60048500,3.32766400,1.80805700,1.11062200,0.60439500,1.10842400,0.80073180,0.81176970,3.31867800,3.31318300,0.79736190,5.04644000,5.05314000,0.00256410, 2, 255, 7, 24,0x0,No,No,No,No,No,No,No,No
2026-04-09 20:04:25,0.2,1500,500,,500,500,44,,200,,,648,,68.6,0.7200,0.6000,0.6000,1.1000,0.00000000,0.10344860,0.15907660,0.00683151,0.00000000,0.19811380,0.33279210,1.16090000,0.00012210,0.00042735,0.00531135,0.00915750,3.60326800,3.30353800,1.80903400,1.10586000,0.61868070,1.10952300,0.79963290,0.72178200,3.31776200,3.31318300,0.79824100,5.07056000,5.05850000,0.00341880, 2, 255, 7, 24,0x0,No,No,No,No,No,No,No,No
2026-04-09 20:04:27,1.5,1500,910,,910,960,44,,200,,,648,,68.6,0.9033,0.6000,0.6000,1.1000,0.00000000,0.10149670,0.16786000,0.05562801,0.00294120,0.19908970,0.33669580,3.04513000,0.00006105,0.00018315,0.00561660,0.00903540,3.56151000,3.31188900,1.80415000,1.11391800,0.60329610,1.10915600,0.80073180,0.90659250,3.31867800,3.31226800,0.79794790,4.98748000,5.07056000,0.00256410, 2, 255, 7, 24,0x0,No,No,No,No,No,No,No,No
2026-04-09 20:04:30,4.0,2400,910,,910,960,44,,200,,,648,,69.2,0.9033,0.6000,0.6000,1.1000,0.00000000,0.10149670,0.16786000,0.00878337,0.00000000,0.20104160,0.33376810,1.84851000,0.00012210,0.00018315,0.00518925,0.00940170,3.58656500,3.30168200,1.80463800,1.10805800,0.61868070,1.10659200,0.80146440,0.90712980,3.31776200,3.31318300,0.79765500,5.03840000,5.02902000,0.00256410, 2, 255, 7, 24,0x0,No,No,No,No,No,No,No,No
2026-04-09 20:04:32,0.0,2400,910,,910,960,44,,200,,,648,,71.4,0.9033,0.6000,0.6000,1.1000,0.00000000,0.10052080,0.16493220,0.00878337,0.00000000,0.19713790,0.33084030,1.84851000,0.00012210,0.00042735,0.00586080,0.00976800,3.58471000,3.30724900,1.80121900,1.11391800,0.61794810,1.10915600,0.80256330,0.90766700,3.32050900,3.31318300,0.79824100,5.01562000,5.02768000,0.00256410, 2, 255, 7, 24,0x0,No,No,No,No,No,No,No,No
2026-04-09 20:04:34,2.0,2400,910,,910,960,44,,200,,,648,,70.3,0.9033,0.6000,0.6000,1.1000,0.00000000,0.10052080,0.16786000,0.01366302,0.00000000,0.19908970,0.33474400,1.84851000,0.00012210,0.00042735,0.00518925,0.00927960,3.58656500,3.30724900,1.81342900,1.11282000,0.61868070,1.10842400,0.80366220,0.90659250,3.31959400,3.31501500,0.79824100,5.02634000,5.03572000,0.00256410, 2, 255, 7, 24,0x0,No,No,No,No,No,No,No,No
2026-04-09 20:04:36,0.0,2400,910,,910,960,44,,200,,,648,,69.2,0.9033,0.6000,0.6000,1.1000,0.00000000,0.10149670,0.16688400,0.01073523,0.00000000,0.19908970,0.33376810,1.84851000,0.00012210,0.00042735,0.00537240,0.00940170,3.58656500,3.30168200,1.80512600,1.10732500,0.61904700,1.10805800,0.79963290,0.90686110,3.31776200,3.31318300,0.79824100,5.03170000,5.02902000,0.00256410, 2, 255, 7, 24,0x0,No,No,No,No,No,No,No,No
2026-04-09 20:04:38,0.0,2400,910,,910,960,44,,200,,,648,,70.8,0.9033,0.6000,0.6000,1.1000,0.00000000,0.10247270,0.16883590,0.00780744,0.00000000,0.20982490,0.34645520,1.84851000,0.00006105,0.00042735,0.00598290,0.00976800,3.58471000,3.30446500,1.80512600,1.11282000,0.61794810,1.10915600,0.80146440,0.90766700,3.31776200,3.31409900,0.79882700,5.01294000,5.03304000,0.00256410, 2, 255, 7, 24,0x0,No,No,No,No,No,No,No,No
2026-04-09 20:04:40,0.0,2400,910,,910,960,44,,200,,,648,,70.3,0.9033,0.6000,0.6000,1.1000,0.00000000,0.10052080,0.16883590,0.00585558,0.00000000,0.20592120,0.33474400,1.86637000,0.00012210,0.00018315,0.00531135,0.00915750,3.58471000,3.30446500,1.80561500,1.11208700,0.61794810,1.10549400,0.79816780,0.90712980,3.31776200,3.31226800,0.79824100,5.02499900,5.03170000,0.00256410, 2, 255, 7, 24,0x0,No,No,No,No,No,No,No,No
2026-04-09 20:04:42,0.0,2400,910,,910,960,44,,200,,,648,,69.7,0.9033,0.6000,0.6000,1.1000,0.00000000,0.10052080,0.16688400,0.00683151,0.00000000,0.19811380,0.33376810,1.86637000,0.00012210,0.00018315,0.00537240,0.00940170,3.58471000,3.31188900,1.80561500,1.11208700,0.61758180,1.10842400,0.80292960,0.90766700,3.31959400,3.31409900,0.79794790,5.02902000,5.03304000,0.00256410, 2, 255, 7, 24,0x0,No,No,No,No,No,No,No,No
2026-04-09 20:04:44,2.0,2400,910,,910,960,43,,200,,,648,,70.8,0.9033,0.6000,0.6000,1.1000,0.00000000,0.11418380,0.16493220,0.00780744,0.00000000,0.21860830,0.33474400,1.86637000,0.00012210,0.00042735,0.00543345,0.00903540,3.58656500,3.30168200,1.80317300,1.10695900,0.61758180,1.10586000,0.80256330,0.90659250,3.31959400,3.31226800,0.79677580,5.02634000,5.02768000,0.00256410, 2, 255, 7, 24,0x0,No,No,No,No,No,No,No,No
2026-04-09 20:04:47,0.0,2400,910,,910,960,44,,200,,,648,,70.8,0.9033,0.6000,0.6000,1.1000,0.00000000,0.10052080,0.16298030,0.01268709,0.00000000,0.20006570,0.33279210,1.86637000,0.00012210,0.00042735,0.00531135,0.00915750,3.59306100,3.30446500,1.80463800,1.11062200,0.61721550,1.10586000,0.80439480,0.90712980,3.31959400,3.31318300,0.79794790,5.03036000,5.03170000,0.00341880, 2, 255, 7, 24,0x0,No,No,No,No,No,No,No,No
2026-04-09 20:04:49,0.0,2400,910,,910,960,44,,200,,,648,,69.7,0.9033,0.6000,0.6000,1.1000,0.00000000,0.10930420,0.16688400,0.00878337,0.00000000,0.20201750,0.33279210,1.86637000,0.00006105,0.00042735,0.00586080,0.00927960,3.59491700,3.30446500,1.80903400,1.10805800,0.61831440,1.10659200,0.80329590,0.90739830,3.32050900,3.31318300,0.79824100,5.04242000,5.03304000,0.00256410, 2, 255, 7, 24,0x0,No,No,No,No,No,No,No,No
2026-04-09 20:04:51,0.0,2400,910,,910,960,44,,200,,,648,,70.3,0.9033,0.6000,0.6000,1.1000,0.00000000,0.10540040,0.16688400,0.00780744,0.00000000,0.19811380,0.33181620,1.86637000,0.00012210,0.00030525,0.00531135,0.01037850,3.58656500,3.32952100,1.80415000,1.11465100,0.61758180,1.10659200,0.80256330,0.90712980,3.31959400,3.31226800,0.79794790,5.02634000,5.02634000,0.00256410, 2, 255, 7, 24,0x0,No,No,No,No,No,No,No,No
2026-04-09 20:04:53,0.0,2400,910,,910,960,44,,200,,,648,,70.3,0.9033,0.6000,0.6000,1.1000,0.00000000,0.10344860,0.16883590,0.00683151,0.00000000,0.19713790,0.33181620,1.87530000,0.00012210,0.00018315,0.00531135,0.00940170,3.58471000,3.31188900,1.80463800,1.11025500,0.61868070,1.10952300,0.80292960,0.90712980,3.31959400,3.31409900,0.79794790,5.03304000,5.03572000,0.00256410, 2, 255, 7, 24,0x0,No,No,No,No,No,No,No,No
2026-04-09 20:04:55,1.5,2400,910,,910,960,44,,200,,,648,,70.3,0.9033,0.6000,0.6000,1.1000,0.05367615,0.09856894,0.16786000,0.00390372,0.00000000,0.19908970,0.33279210,1.85744000,0.00012210,0.00042735,0.00506715,0.00976800,3.57728600,3.31931300,1.80073100,1.11391800,0.61428510,1.10586000,0.79963290,0.90793570,3.32234100,3.31318300,0.79677580,5.02098000,5.01562000,0.00341880, 2, 255, 7, 24,0x0,No,No,No,No,No,No,No,No
2026-04-09 20:04:57,0.0,2400,910,,910,960,44,,200,,,648,,70.3,0.9033,0.6000,0.6000,1.1000,0.06245952,0.10052080,0.16688400,0.00487965,0.00000000,0.19811380,0.33474400,1.87530000,0.00012210,0.00018315,0.00586080,0.00940170,3.57079000,3.32952100,1.79877700,1.11355200,0.61941330,1.10915600,0.80219700,0.90712980,3.31776200,3.31318300,0.79824100,5.01294000,5.02098000,0.00256410, 2, 255, 7, 24,0x0,No,No,No,No,No,No,No,No
2026-04-09 20:04:59,0.5,1500,500,,500,500,44,,200,,,648,,70.3,0.9033,0.6000,0.6000,1.1000,0.06245952,0.10344860,0.16688400,0.01366302,0.00000000,0.22153610,0.34450330,2.99155000,0.00012210,0.00042735,0.00586080,0.00927960,3.54387900,3.30446500,1.80366100,1.11501700,0.60256350,1.10805800,0.79963290,0.90712980,3.31776200,3.31318300,0.79824100,4.95666000,4.97006000,0.00256410, 2, 255, 7, 24,0x0,No,No,No,No,No,No,No,No
2026-04-09 20:05:01,3.5,2400,910,,910,960,44,,200,,,648,,69.7,0.9033,0.6000,0.6000,1.1000,0.00000000,0.09954486,0.16786000,0.00780744,0.00000000,0.19908970,0.33279210,1.86637000,0.00012210,0.00018315,0.00543345,0.00940170,3.58842100,3.30724900,1.80512600,1.11391800,0.61831440,1.10952300,0.80073180,0.90739830,3.32050900,3.31318300,0.79765500,5.02098000,5.03840000,0.00256410, 2, 255, 7, 24,0x0,No,No,No,No,No,No,No,No
2026-04-09 20:05:04,0.0,2400,910,,910,960,44,,200,,,648,,70.8,0.9033,0.6000,0.6000,1.1000,0.00000000,0.10247270,0.16786000,0.00487965,0.00000000,0.19811380,0.33571990,1.86637000,0.00012210,0.00042735,0.00531135,0.00940170,3.58378200,3.31188900,1.80512600,1.11391800,0.61941330,1.10732500,0.80292960,0.90739830,3.31684600,3.31318300,0.79824100,5.02098000,5.02634000,0.00256410, 2, 255, 7, 24,0x0,No,No,No,No,No,No,No,No
2026-04-09 20:05:06,0.5,2400,910,,910,960,44,,200,,,648,,70.3,0.9033,0.6000,0.6000,1.1000,0.00000000,0.10149670,0.16786000,0.00487965,0.00000000,0.19811380,0.33376810,1.86637000,0.00000000,0.00018315,0.00567765,0.00903540,3.58378200,3.31374500,1.80415000,1.10805800,0.61904700,1.10659200,0.80256330,0.90686110,3.31776200,3.31501500,0.79824100,5.02098000,5.03304000,0.00256410, 2, 255, 7, 24,0x0,No,No,No,No,No,No,No,No
2026-04-09 20:05:08,0.0,2400,910,,910,960,44,,200,,,648,,70.3,0.9033,0.6000,0.6000,1.1000,0.00000000,0.10247270,0.16688400,0.00975930,0.00000000,0.19908970,0.33084030,1.87530000,0.00000000,0.00042735,0.00531135,0.00976800,3.59306100,3.31931300,1.79682400,1.11465100,0.61794810,1.10915600,0.80292960,0.90712980,3.31776200,3.31409900,0.79765500,5.03840000,5.03706000,0.00256410, 2, 255, 7, 24,0x0,No,No,No,No,No,No,No,No
2026-04-09 20:05:10,1.5,2400,910,,910,960,44,,200,,,648,,70.3,0.9033,0.6000,0.6000,1.1000,0.00000000,0.09954486,0.16688400,0.00683151,0.00000000,0.19713790,0.33376810,1.86637000,0.00006105,0.00042735,0.00543345,0.00976800,3.58842100,3.30168200,1.80317300,1.11465100,0.61831440,1.10952300,0.80292960,0.90739830,3.31959400,3.31226800,0.79794790,5.02634000,5.02902000,0.00256410, 2, 255, 7, 24,0x0,No,No,No,No,No,No,No,No
2026-04-09 20:05:12,0.0,2400,910,,910,960,44,,200,,,648,,69.7,0.9033,0.6000,0.6000,1.1000,0.00000000,0.09954486,0.16883590,0.00585558,0.00000000,0.19811380,0.33084030,1.86637000,0.00012210,0.00018315,0.00586080,0.00903540,3.58934900,3.32766400,1.80512600,1.11208700,0.61794810,1.10952300,0.80402850,0.90686110,3.31959400,3.31409900,0.79794790,5.02499900,5.02634000,0.00256410, 2, 255, 7, 24,0x0,No,No,No,No,No,No,No,No
2026-04-09 20:05:14,0.0,2400,910,,910,960,44,,200,,,648,,70.3,0.9033,0.6000,0.6000,1.1000,0.00000000,0.10149670,0.16688400,0.00780744,0.00000000,0.22056020,0.33376810,1.86637000,0.00012210,0.00018315,0.00567765,0.00915750,3.59120500,3.31374500,1.80512600,1.11282000,0.61575030,1.10695900,0.79963290,0.90739830,3.32234100,3.31593100,0.79824100,5.03840000,5.03974000,0.00256410, 2, 255, 7, 24,0x0,No,No,No,No,No,No,No,No
2026-04-09 20:05:16,0.0,2400,910,,910,960,44,,200,,,648,,69.7,0.9033,0.6000,0.6000,1.1000,0.00000000,0.09954486,0.16395620,0.01366302,0.00000000,0.20006570,0.32986440,1.86637000,0.00012210,0.00018315,0.00543345,0.00940170,3.58656500,3.30168200,1.81098700,1.10805800,0.61941330,1.10915600,0.80292960,0.90712980,3.31776200,3.31318300,0.79765500,5.02366000,5.03036000,0.00256410, 2, 255, 7, 24,0x0,No,No,No,No,No,No,No,No
2026-04-09 20:05:19,1.2,2400,910,,910,960,44,,200,,,648,,70.3,0.9033,0.6000,0.6000,1.1000,0.00000000,0.10832820,0.16688400,0.00780744,0.00000000,0.20982490,0.33474400,1.85744000,0.00012210,0.00042735,0.00525030,0.00903540,3.58934900,3.31374500,1.80561500,1.11355200,0.61868070,1.10842400,0.80219700,0.90712980,3.31776200,3.31409900,0.79794790,5.02768000,5.01696000,0.00256410, 2, 255, 7, 24,0x0,No,No,No,No,No,No,No,No
2026-04-09 20:05:21,0.5,1500,500,,500,500,44,,200,,,648,,69.2,0.9033,0.6000,0.6000,1.1000,0.00000000,0.14443760,0.16688400,0.01073523,0.00000000,0.19908970,0.33474400,1.83065000,0.00012210,0.00042735,0.00586080,0.00903540,3.58099800,3.30260900,1.80463800,1.11208700,0.60915690,1.10915600,0.80256330,0.90686110,3.31776200,3.31318300,0.79794790,5.02768000,5.03840000,0.00256410, 2, 255, 7, 24,0x0,No,No,No,No,No,No,No,No
2026-04-09 20:05:23,0.0,2400,910,,910,960,44,,200,,,648,,69.7,0.9033,0.6000,0.6000,1.1000,0.00000000,0.10247270,0.16786000,0.00878337,0.00000000,0.20006570,0.33376810,1.85744000,0.00012210,0.00042735,0.00537240,0.00940170,3.59027700,3.30168200,1.80463800,1.11208700,0.61904700,1.10586000,0.80256330,0.90793570,3.31867800,3.31226800,0.79677580,5.01696000,5.03304000,0.00256410, 2, 255, 7, 24,0x0,No,No,No,No,No,No,No,No
2026-04-09 20:05:25,0.0,2400,910,,910,960,44,,200,,,648,,70.8,0.9033,0.6000,0.6000,1.1000,0.00000000,0.09954486,0.16688400,0.01268709,0.00000000,0.19811380,0.33376810,1.86637000,0.00006105,0.00042735,0.00537240,0.00940170,3.58934900,3.31188900,1.80463800,1.11391800,0.61831440,1.10842400,0.80292960,0.90712980,3.31776200,3.31409900,0.79794790,5.03304000,5.03170000,0.00341880, 2, 255, 7, 24,0x0,No,No,No,No,No,No,No,No
2026-04-09 20:05:27,0.2,2400,910,,910,960,44,,200,,,648,,69.7,0.9033,0.6000,0.6000,1.1000,0.00000000,0.10247270,0.16981180,0.00683151,0.00000000,0.19908970,0.33279210,1.86637000,0.00012210,0.00042735,0.00537240,0.00952380,3.58563700,3.30168200,1.80610300,1.11025500,0.61391880,1.10842400,0.80036550,0.90712980,3.31959400,3.31409900,0.79794790,5.03572000,5.04644000,0.00170940, 2, 255, 7, 24,0x0,No,No,No,No,No,No,No,No
2026-04-09 20:05:29,0.0,2400,910,,910,960,44,,200,,,648,,69.7,0.9033,0.6000,0.6000,1.1000,0.00000000,0.10149670,0.16590810,0.00780744,0.00000000,0.19908970,0.33279210,1.86637000,0.00018315,0.00018315,0.00561660,0.00903540,3.58563700,3.30168200,1.80708000,1.10805800,0.61758180,1.10915600,0.80183080,0.90686110,3.31776200,3.31318300,0.79824100,5.02098000,5.03036000,0.00341880, 2, 255, 7, 24,0x0,No,No,No,No,No,No,No,No
2026-04-09 20:05:31,1.5,2400,910,,910,960,44,,200,,,648,,70.3,0.9033,0.6000,0.6000,1.1000,0.00000000,0.10344860,0.17273960,0.11320790,0.00588240,0.19908970,0.37085340,2.83081000,0.00006105,0.00018315,0.00543345,0.00927960,3.56058200,3.32952100,1.80512600,1.11208700,0.60366240,1.10732500,0.80402850,0.90766700,3.31776200,3.31318300,0.79824100,4.97542000,4.98480000,0.00341880, 2, 255, 7, 24,0x0,No,No,No,No,No,No,No,No
2026-04-09 20:05:33,3.0,2400,910,,910,960,44,,200,,,648,,71.4,0.9033,0.6000,0.6000,1.1000,0.00000000,0.10149670,0.16688400,0.00585558,0.00000000,0.19811380,0.33376810,1.85744000,0.00012210,0.00018315,0.00567765,0.00952380,3.57635800,3.31188900,1.80903400,1.11391800,0.61904700,1.10842400,0.79963290,0.90712980,3.31867800,3.31501500,0.79824100,4.99820000,5.03706000,0.00256410, 2, 255, 7, 24,0x0,No,No,No,No,No,No,No,No
2026-04-09 20:05:36,1.0,2400,910,,910,960,44,,200,,,648,,70.3,0.9033,0.6000,0.6000,1.1000,0.00000000,0.10149670,0.16688400,0.00585558,0.00000000,0.20006570,0.33279210,1.86637000,0.00006105,0.00042735,0.00586080,0.00976800,3.58471000,3.31188900,1.81098700,1.11355200,0.61794810,1.10732500,0.80329590,0.90712980,3.32050900,3.31318300,0.79794790,5.02768000,5.03170000,0.00256410, 2, 255, 7, 24,0x0,No,No,No,No,No,No,No,No
2026-04-09 20:05:38,0.0,2400,910,,910,960,44,,200,,,648,,70.8,0.9033,0.6000,0.6000,1.1000,0.00000000,0.10247270,0.16688400,0.00390372,0.00000000,0.20104160,0.33279210,1.86637000,0.00012210,0.00042735,0.00549450,0.00927960,3.58842100,3.30168200,1.80463800,1.10695900,0.61758180,1.10769100,0.80366220,0.90659250,3.31776200,3.31501500,0.79824100,5.02634000,5.02499900,0.00341880, 2, 255, 7, 24,0x0,No,No,No,No,No,No,No,No
2026-04-09 20:05:40,0.0,2400,910,,910,960,44,,200,,,648,,69.7,0.9033,0.6000,0.6000,1.1000,0.00000000,0.10149670,0.16883590,0.00780744,0.00000000,0.19908970,0.33279210,1.84851000,0.00012210,0.00042735,0.00531135,0.00976800,3.57914200,3.30724900,1.80366100,1.11208700,0.61904700,1.10952300,0.80256330,0.90712980,3.31867800,3.31409900,0.79736190,5.01160000,5.00624000,0.00256410, 2, 255, 7, 24,0x0,No,No,No,No,No,No,No,No
2026-04-09 20:05:42,1.5,2400,910,,910,960,44,,200,,,648,,69.7,0.9033,0.6000,0.6000,1.1000,0.00000000,0.10149670,0.16688400,0.00683151,0.00000000,0.19811380,0.33084030,1.86637000,0.00012210,0.00042735,0.00592185,0.00940170,3.58934900,3.32766400,1.80366100,1.11355200,0.61904700,1.10842400,0.82051210,0.90739830,3.31867800,3.31226800,0.79824100,5.03572000,5.01562000,0.00256410, 2, 255, 7, 24,0x0,No,No,No,No,No,No,No,No
2026-04-09 20:05:44,0.0,2400,910,,910,960,44,,200,,,648,,71.9,0.9033,0.6000,0.6000,1.1000,0.00000000,0.10149670,0.16590810,0.00683151,0.00000000,0.19811380,0.33376810,1.86637000,0.00012210,0.00042735,0.00586080,0.00952380,3.58471000,3.30724900,1.80121900,1.10439400,0.61868070,1.10842400,0.80439480,0.90686110,3.31959400,3.31226800,0.79794790,5.02499900,5.02768000,0.00256410, 2, 255, 7, 24,0x0,No,No,No,No,No,No,No,No
2026-04-09 20:05:46,0.0,2400,910,,910,960,44,,200,,,648,,70.8,0.9033,0.6000,0.6000,1.1000,0.00000000,0.10149670,0.16786000,0.00487965,0.00000000,0.19908970,0.33376810,1.85744000,0.00006105,0.00018315,0.00537240,0.00940170,3.57450200,3.32766400,1.80512600,1.10805800,0.61758180,1.10732500,0.80292960,0.90739830,3.31867800,3.31043600,0.79824100,5.01696000,5.01026000,0.00256410, 2, 255, 7, 24,0x0,No,No,No,No,No,No,No,No
2026-04-09 20:05:48,0.0,1500,500,,500,500,44,,200,,,648,,68.1,0.7200,0.6000,0.6000,1.1000,0.00000000,0.10149670,0.16005250,0.00487965,0.00000000,0.20006570,0.33084030,1.16090000,0.00012210,0.00042735,0.00531135,0.00940170,3.60883600,3.30724900,1.80561500,1.11355200,0.61758180,1.10732500,0.80292960,0.72178200,3.31867800,3.31318300,0.79794790,5.06520000,5.06788000,0.00341880, 2, 255, 7, 24,0x0,No,No,No,No,No,No,No,No
2026-04-09 20:05:51,0.0,1500,500,,500,500,44,,200,,,648,,67.5,0.7200,0.6000,0.6000,1.1000,0.00000000,0.11711160,0.16005250,0.01073523,0.00000000,0.21763240,0.33376810,1.15197000,0.00012210,0.00018315,0.00561660,0.00940170,3.60234100,3.32766400,1.80415000,1.10732500,0.61904700,1.10988900,0.79963290,0.72178200,3.31776200,3.31318300,0.79824100,5.05850000,5.05314000,0.00256410, 2, 255, 7, 24,0x0,No,No,No,No,No,No,No,No
2026-04-09 20:05:53,1.7,1500,500,,500,500,44,,200,,,648,,67.5,0.7200,0.6000,0.6000,1.1000,0.00000000,0.10052080,0.16005250,0.00390372,0.00000000,0.19811380,0.33181620,1.13411000,0.00006105,0.00018315,0.00543345,0.00940170,3.59584500,3.30724900,1.80463800,1.10769100,0.61721550,1.10659200,0.80329590,0.72205060,3.32142500,3.31409900,0.79824100,5.02902000,5.03572000,0.00256410, 2, 255, 7, 24,0x0,No,No,No,No,No,No,No,No
2026-04-09 20:05:55,0.0,1500,500,,500,500,44,,200,,,648,,67.0,0.7200,0.6000,0.6000,1.1000,0.00000000,0.10344860,0.16005250,0.00780744,0.00000000,0.19908970,0.33376810,1.14304000,0.00000000,0.00018315,0.00537240,0.00952380,3.60326800,3.32766400,1.80073100,1.11428500,0.61941330,1.10586000,0.79963290,0.72178200,3.31776200,3.31409900,0.79824100,5.05716000,5.05314000,0.00256410, 2, 255, 7, 24,0x0,No,No,No,No,No,No,No,No
2026-04-09 20:05:57,0.0,1500,500,,500,500,44,,200,,,648,,66.4,0.7200,0.6000,0.6000,1.1000,0.00000000,0.10735230,0.16102850,0.00683151,0.00000000,0.21080090,0.33279210,1.14304000,0.00006105,0.00042735,0.00531135,0.00915750,3.59955700,3.31188900,1.80415000,1.11355200,0.61904700,1.10952300,0.80292960,0.72151340,3.31684600,3.31501500,0.79824100,5.06386000,5.06386000,0.00256410, 2, 255, 7, 24,0x0,No,No,No,No,No,No,No,No
2026-04-09 20:05:59,0.0,2400,910,,910,960,44,,200,,,648,,68.1,0.9033,0.6000,0.6000,1.1000,0.00000000,0.10052080,0.16590810,0.00780744,0.00000000,0.19811380,0.33181620,1.81279000,0.00012210,0.00018315,0.00543345,0.01001220,3.58192500,3.31374500,1.80415000,1.11391800,0.61868070,1.10549400,0.80439480,0.90712980,3.31776200,3.31226800,0.79794790,5.01562000,5.02768000,0.00256410, 2, 255, 7, 24,0x0,No,No,No,No,No,No,No,No
2026-04-09 20:06:01,13.5,2400,910,,910,960,44,,200,,,648,,68.6,0.9033,0.6000,0.6000,1.1000,0.00000000,0.10149670,0.16786000,0.00585558,0.00000000,0.19908970,0.33376810,1.83065000,0.00006105,0.00042735,0.00549450,0.00940170,3.58934900,3.32766400,1.81294100,1.11391800,0.61648290,1.10659200,0.82051210,0.90739830,3.32050900,3.31318300,0.79824100,5.03036000,5.03036000,0.00256410, 2, 255, 7, 24,0x0,No,No,No,No,No,No,No,No
2026-04-09 20:06:03,2.0,2400,910,,910,960,44,,200,,,648,,70.3,0.9033,0.6000,0.6000,1.1000,0.00000000,0.09954486,0.16981180,0.05855580,0.00000000,0.19908970,0.36207000,3.02727000,0.00006105,0.00042735,0.00531135,0.00940170,3.56707800,3.32766400,1.80415000,1.10439400,0.60769170,1.10805800,0.80366220,0.90793570,3.31776200,3.31318300,0.79765500,4.98480000,4.98480000,0.00256410, 2, 255, 7, 24,0x0,No,No,No,No,No,No,No,No
2026-04-09 20:06:05,2.8,2400,910,,910,960,44,,200,,,648,,69.2,0.9033,0.6000,0.6000,1.1000,0.00000000,0.09954486,0.16786000,0.00683151,0.00000000,0.19811380,0.33279210,1.85744000,0.00012210,0.00042735,0.00531135,0.00952380,3.57914200,3.30724900,1.81440600,1.10695900,0.61904700,1.10549400,0.80366220,0.90739830,3.31867800,3.31501500,0.79824100,5.00356000,5.03170000,0.00256410, 2, 255, 7, 24,0x0,No,No,No,No,No,No,No,No
2026-04-09 20:06:08,0.5,2400,910,,500,500,44,,200,,,648,,68.6,0.7200,0.6000,0.6000,1.1000,0.00000000,0.10442450,0.16688400,0.00585558,0.00000000,0.20006570,0.33181620,2.13427000,0.00006105,0.00042735,0.00531135,0.00866910,3.58192500,3.31188900,1.80512600,1.10879000,0.60512760,1.10659200,0.80292960,0.81203820,3.31959400,3.31409900,0.79794790,5.01160000,5.00490000,0.00256410, 2, 255, 7, 24,0x0,No,No,No,No,No,No,No,No
2026-04-09 20:06:10,0.0,2400,910,,910,960,44,,200,,,648,,69.2,0.9033,0.6000,0.6000,1.1000,0.00000000,0.10247270,0.16883590,0.00487965,0.00000000,0.20104160,0.33181620,1.83958000,0.00006105,0.00042735,0.00525030,0.00976800,3.58934900,3.35550300,1.80073100,1.11391800,0.61904700,1.10659200,0.80366220,0.90712980,3.31867800,3.31318300,0.79794790,5.02768000,5.02634000,0.00256410, 2, 255, 7, 24,0x0,No,No,No,No,No,No,No,No
2026-04-09 20:06:12,0.0,2400,910,,910,960,44,,200,,,648,,69.2,0.9033,0.6000,0.6000,1.1000,0.00000000,0.10149670,0.16590810,0.00780744,0.00000000,0.19908970,0.33084030,1.84851000,0.00012210,0.00018315,0.00537240,0.00952380,3.59027700,3.32766400,1.80561500,1.11208700,0.61721550,1.10915600,0.80256330,0.90712980,3.31959400,3.31409900,0.79794790,5.01160000,4.99954000,0.00341880, 2, 255, 7, 24,0x0,No,No,No,No,No,No,No,No
2026-04-09 20:06:14,0.0,2400,910,,910,960,44,,200,,,648,,69.2,0.9033,0.6000,0.6000,1.1000,0.00000000,0.10735230,0.16493220,0.00975930,0.00000000,0.19908970,0.33181620,1.83065000,0.00012210,0.00030525,0.00506715,0.00915750,3.58842100,3.30724900,1.80121900,1.10879000,0.61868070,1.10732500,0.80109810,0.90712980,3.31959400,3.31409900,0.79794790,5.02768000,5.02232000,0.00256410, 2, 255, 7, 24,0x0,No,No,No,No,No,No,No,No
2026-04-09 20:06:16,0.0,2400,910,,910,960,44,,200,,,648,,69.2,0.9033,0.6000,0.6000,1.1000,0.00000000,0.11711160,0.16395620,0.01268709,0.00000000,0.19811380,0.33279210,1.85744000,0.00012210,0.00042735,0.00531135,0.00952380,3.58656500,3.32952100,1.80415000,1.10695900,0.61794810,1.10915600,0.80256330,0.90793570,3.31867800,3.31226800,0.79794790,5.02634000,5.01964000,0.00256410, 2, 255, 7, 24,0x0,No,No,No,No,No,No,No,No
2026-04-09 20:06:18,1.8,2400,910,,910,960,44,,200,,,648,,69.2,0.9033,0.6000,0.6000,1.1000,0.00000000,0.10149670,0.16688400,0.00683151,0.00000000,0.19811380,0.33181620,1.84851000,0.00012210,0.00042735,0.00549450,0.00940170,3.57635800,3.32766400,1.80512600,1.11355200,0.61831440,1.10952300,0.80256330,0.90686110,3.31959400,3.31226800,0.79794790,4.99820000,5.00624000,0.00256410, 2, 255, 7, 24,0x0,No,No,No,No,No,No,No,No
2026-04-09 20:06:20,0.0,2400,910,,910,960,44,,200,,,648,,68.6,0.9033,0.6000,0.6000,1.1000,0.00000000,0.10052080,0.16688400,0.00585558,0.00000000,0.19908970,0.33181620,1.85744000,0.00012210,0.00018315,0.00537240,0.00940170,3.59120500,3.32766400,1.80463800,1.11208700,0.61758180,1.10842400,0.80256330,0.90739830,3.32050900,3.31318300,0.79824100,5.03840000,5.03304000,0.00256410, 2, 255, 7, 24,0x0,No,No,No,No,No,No,No,No
2026-04-09 20:06:23,0.0,2400,910,,910,960,44,,200,,,648,,68.6,0.9033,0.6000,0.6000,1.1000,0.00000000,0.10052080,0.16786000,0.00975930,0.00000000,0.19908970,0.33474400,1.84851000,0.00006105,0.00042735,0.00531135,0.00903540,3.58842100,3.30168200,1.80366100,1.10586000,0.61758180,1.10915600,0.80256330,0.90659250,3.32050900,3.31318300,0.79824100,5.03170000,5.03840000,0.00256410, 2, 255, 7, 24,0x0,No,No,No,No,No,No,No,No
2026-04-09 20:06:25,1.0,2400,910,,910,960,44,,200,,,648,,69.2,0.9033,0.6000,0.6000,1.1000,0.00000000,0.10247270,0.16883590,0.00780744,0.00000000,0.19713790,0.33181620,1.83958000,0.00006105,0.00042735,0.00543345,0.00940170,3.58934900,3.32766400,1.80073100,1.11428500,0.61868070,1.10805800,0.80402850,0.90712980,3.31959400,3.31409900,0.79794790,5.03438000,5.03706000,0.00341880, 2, 255, 7, 24,0x0,No,No,No,No,No,No,No,No
2026-04-09 20:06:27,0.0,2400,910,,910,960,44,,200,,,648,,69.2,0.9033,0.6000,0.6000,1.1000,0.00000000,0.10052080,0.16883590,0.00292779,0.00000000,0.19811380,0.33279210,1.86637000,0.00012210,0.00042735,0.00573870,0.00940170,3.58471000,3.31188900,1.80463800,1.10732500,0.61721550,1.10842400,0.80219700,0.90739830,3.31776200,3.31318300,0.79824100,5.03170000,5.03572000,0.00341880, 2, 255, 7, 24,0x0,No,No,No,No,No,No,No,No
2026-04-09 20:06:29,1.8,2400,910,,910,960,44,,200,,,648,,69.2,0.9033,0.6000,0.6000,1.1000,0.00000000,0.10247270,0.16688400,0.00585558,0.00000000,0.19713790,0.33669580,1.83958000,0.00006105,0.00042735,0.00549450,0.00927960,3.59027700,3.30260900,1.80610300,1.10805800,0.61831440,1.10915600,0.80146440,0.90793570,3.31959400,3.31409900,0.79794790,5.02634000,5.02499900,0.00256410, 2, 255, 7, 24,0x0,No,No,No,No,No,No,No,No
2026-04-09 20:06:31,0.0,2400,910,,910,960,44,,200,,,648,,70.3,0.9033,0.6000,0.6000,1.1000,0.00000000,0.10442450,0.16590810,0.00585558,0.00000000,0.20104160,0.33376810,1.84851000,0.00006105,0.00018315,0.00586080,0.00952380,3.57171800,3.30260900,1.80415000,1.11355200,0.61831440,1.10952300,0.80219700,0.90712980,3.31959400,3.31318300,0.79794790,5.00490000,4.99418000,0.00256410, 2, 255, 7, 24,0x0,No,No,No,No,No,No,No,No
2026-04-09 20:06:33,0.0,2400,910,,910,960,44,,200,,,648,,69.7,0.9033,0.6000,0.6000,1.1000,0.00000000,0.09954486,0.16883590,0.00780744,0.00000000,0.19908970,0.33376810,1.84851000,0.00024420,0.00042735,0.00592185,0.00964590,3.59306100,3.31931300,1.80415000,1.11282000,0.61941330,1.10915600,0.80183080,0.90686110,3.31776200,3.31318300,0.79824100,5.03170000,5.03438000,0.00256410, 2, 255, 7, 24,0x0,No,No,No,No,No,No,No,No
2026-04-09 20:06:35,0.0,2400,910,,910,960,44,,200,,,648,,70.3,0.9033,0.6000,0.6000,1.1000,0.00000000,0.10149670,0.16883590,0.01854267,0.00539220,0.19713790,0.34059960,3.00941000,0.00012210,0.00018315,0.00543345,0.00940170,3.56151000,3.32766400,1.80415000,1.10659200,0.60402870,1.10842400,0.80036550,0.90712980,3.32050900,3.31318300,0.79794790,4.99016000,4.98346000,0.00256410, 2, 255, 7, 24,0x0,No,No,No,No,No,No,No,No
2026-04-09 20:06:37,3.2,2400,910,,910,960,44,,200,,,648,,69.2,0.9033,0.6000,0.6000,1.1000,0.00000000,0.10149670,0.16590810,0.00585558,0.00000000,0.19811380,0.33474400,1.85744000,0.00006105,0.00042735,0.00506715,0.00976800,3.56615000,3.30724900,1.80463800,1.10879000,0.61831440,1.10842400,0.80256330,0.90793570,3.31776200,3.31501500,0.79824100,4.99820000,4.99686000,0.00256410, 2, 255, 7, 24,0x0,No,No,No,No,No,No,No,No
2026-04-09 20:06:40,1.8,2400,910,,910,960,44,,200,,,648,,70.8,0.9033,0.6000,0.6000,1.1000,0.00000000,0.10149670,0.16493220,0.00487965,0.00000000,0.20104160,0.33376810,1.84851000,0.00012210,0.00042735,0.00543345,0.00915750,3.58656500,3.30168200,1.80073100,1.10439400,0.61831440,1.10952300,0.80219700,0.90793570,3.31867800,3.31318300,0.79794790,5.02634000,5.02232000,0.00341880, 2, 255, 7, 24,0x0,No,No,No,No,No,No,No,No
2026-04-09 20:06:42,0.0,2400,910,,910,960,44,,200,,,648,,69.2,0.9033,0.6000,0.6000,1.1000,0.00000000,0.10149670,0.16590810,0.00683151,0.00000000,0.19811380,0.33376810,1.83958000,0.00012210,0.00018315,0.00525030,0.00952380,3.58563700,3.30168200,1.80512600,1.10732500,0.61721550,1.10732500,0.80292960,0.90793570,3.31776200,3.31226800,0.79794790,5.02634000,5.03036000,0.00341880, 2, 255, 7, 24,0x0,No,No,No,No,No,No,No,No
2026-04-09 20:06:44,0.0,2400,910,,910,960,44,,200,,,648,,69.2,0.9033,0.6000,0.6000,1.1000,0.00000000,0.10052080,0.16590810,0.01268709,0.00000000,0.19908970,0.33474400,1.85744000,0.00000000,0.00042735,0.00586080,0.00915750,3.57635800,3.31931300,1.80512600,1.10805800,0.61794810,1.10842400,0.80402850,0.90766700,3.31684600,3.31318300,0.79765500,4.99954000,4.97274000,0.00256410, 2, 255, 7, 24,0x0,No,No,No,No,No,No,No,No
2026-04-09 20:06:46,0.2,2400,910,,910,960,44,,200,,,648,,69.7,0.9033,0.6000,0.6000,1.1000,0.00000000,0.10540040,0.16590810,0.00878337,0.00000000,0.19908970,0.33279210,1.85744000,0.00012210,0.00018315,0.00555555,0.00952380,3.59027700,3.30168200,1.80512600,1.10732500,0.61831440,1.10842400,0.80256330,0.90712980,3.31867800,3.31318300,0.79794790,5.02634000,5.03170000,0.00256410, 2, 255, 7, 24,0x0,No,No,No,No,No,No,No,No
2026-04-09 20:06:48,0.0,2400,910,,910,960,44,,200,,,648,,69.7,0.9033,0.6000,0.6000,1.1000,0.00000000,0.10442450,0.16688400,0.00975930,0.00000000,0.19811380,0.33279210,1.84851000,0.00012210,0.00018315,0.00592185,0.00940170,3.58656500,3.30724900,1.81294100,1.11355200,0.61831440,1.10915600,0.80219700,0.90793570,3.31776200,3.31409900,0.79882700,5.02768000,5.03170000,0.00341880, 2, 255, 7, 24,0x0,No,No,No,No,No,No,No,No
2026-04-09 20:06:50,2.0,1600,910,,910,960,44,,200,,,648,,69.7,0.9033,0.6000,0.6000,1.1000,0.00000000,0.10052080,0.16688400,0.00780744,0.00000000,0.19908970,0.33767180,1.82172000,0.00012210,0.00042735,0.00549450,0.00976800,3.59491700,3.30817700,1.80512600,1.10695900,0.61391880,1.10732500,0.80219700,0.90793570,3.31776200,3.31318300,0.79824100,5.02768000,4.99954000,0.00256410, 2, 255, 7, 24,0x0,No,No,No,No,No,No,No,No
2026-04-09 20:06:52,0.0,2400,910,,910,960,44,,200,,,648,,69.2,0.9033,0.6000,0.6000,1.1000,0.00000000,0.09954486,0.16590810,0.01171116,0.00000000,0.19908970,0.33376810,1.84851000,0.00012210,0.00018315,0.00567765,0.00927960,3.59027700,3.30168200,1.81294100,1.10879000,0.61977960,1.10842400,0.80476110,0.90712980,3.31959400,3.31501500,0.79677580,5.03170000,5.03572000,0.00341880, 2, 255, 7, 24,0x0,No,No,No,No,No,No,No,No
2026-04-09 20:06:54,0.2,2400,910,,910,960,44,,200,,,648,,69.2,0.9033,0.6000,0.6000,1.1000,0.00000000,0.10149670,0.16688400,0.00878337,0.00000000,0.19811380,0.33181620,1.83958000,0.00012210,0.00018315,0.00543345,0.00952380,3.59027700,3.32952100,1.80073100,1.11282000,0.61904700,1.10586000,0.80292960,0.90686110,3.31776200,3.31501500,0.79794790,5.02634000,5.02902000,0.00256410, 2, 255, 7, 24,0x0,No,No,No,No,No,No,No,No
2026-04-09 20:06:57,0.0,2400,910,,910,960,44,,200,,,648,,69.2,0.9033,0.6000,0.6000,1.1000,0.06050766,0.10149670,0.16786000,0.01268709,0.00000000,0.19713790,0.33376810,1.84851000,0.00012210,0.00042735,0.00531135,0.00915750,3.57357400,3.30724900,1.80610300,1.11355200,0.61977960,1.10659200,0.80109810,0.90712980,3.32050900,3.31409900,0.79794790,5.01428000,5.01562000,0.00256410, 2, 255, 7, 24,0x0,No,No,No,No,No,No,No,No
2026-04-09 20:06:59,0.0,2400,910,,910,960,44,,200,,,648,,68.6,0.9033,0.6000,0.6000,1.1000,0.04684464,0.10247270,0.16493220,0.00683151,0.00000000,0.19811380,0.33279210,1.83958000,0.00012210,0.00018315,0.00586080,0.00927960,3.57450200,3.32952100,1.80708000,1.11355200,0.60842430,1.10659200,0.79963290,0.90766700,3.32050900,3.31318300,0.79824100,5.01830000,5.02098000,0.00341880, 2, 255, 7, 24,0x0,No,No,No,No,No,No,No,No
2026-04-09 20:07:01,2.0,2400,910,,910,960,44,,200,,,648,,69.2,0.9033,0.6000,0.6000,1.1000,0.05953173,0.10540040,0.16688400,0.00878337,0.00000000,0.19908970,0.33474400,1.84851000,0.00024420,0.00042735,0.00567765,0.00940170,3.57914200,3.30168200,1.80073100,1.11282000,0.60952320,1.10915600,0.80146440,0.90659250,3.31867800,3.31501500,0.79824100,5.02098000,5.02098000,0.00341880, 2, 255, 7, 24,0x0,No,No,No,No,No,No,No,No
2026-04-09 20:07:03,0.0,2400,910,,910,960,44,,200,,,648,,68.6,0.9033,0.6000,0.6000,1.1000,0.00000000,0.10149670,0.16786000,0.00585558,0.00000000,0.19908970,0.33376810,1.85744000,0.00012210,0.00042735,0.00531135,0.00903540,3.59213300,3.30168200,1.80415000,1.11391800,0.61758180,1.10842400,0.80256330,0.90712980,3.31867800,3.31226800,0.79824100,5.03572000,5.03170000,0.00341880, 2, 255, 7, 24,0x0,No,No,No,No,No,No,No,No
2026-04-09 20:07:05,0.0,2400,910,,910,960,44,,200,,,648,,69.2,0.9033,0.6000,0.6000,1.1000,0.00000000,0.10052080,0.16590810,0.00683151,0.00000000,0.19908970,0.33084030,1.85744000,0.00012210,0.00018315,0.00555555,0.00940170,3.58656500,3.30724900,1.80903400,1.10695900,0.61941330,1.10586000,0.80292960,0.90793570,3.31776200,3.31501500,0.79824100,5.02634000,5.03438000,0.00341880, 2, 255, 7, 24,0x0,No,No,No,No,No,No,No,No
2026-04-09 20:07:07,0.0,2400,910,,910,960,44,,200,,,648,,70.8,0.9033,0.6000,0.6000,1.1000,0.00000000,0.09954486,0.17176370,0.05465208,0.00196080,0.19811380,0.33571990,2.89332000,0.00006105,0.00042735,0.00586080,0.00976800,3.56522200,3.30724900,1.80610300,1.11355200,0.60805800,1.10586000,0.80256330,0.90793570,3.31776200,3.31226800,0.79824100,4.97810000,4.97542000,0.00256410, 2, 255, 7, 24,0x0,No,No,No,No,No,No,No,No
2026-04-09 20:07:09,2.8,2400,910,,910,960,44,,200,,,648,,69.2,0.9033,0.6000,0.6000,1.1000,0.00000000,0.10247270,0.16981180,0.00780744,0.00000000,0.19908970,0.33279210,1.84851000,0.00012210,0.00018315,0.00543345,0.00952380,3.58842100,3.32952100,1.80415000,1.11391800,0.61794810,1.10586000,0.80329590,0.90766700,3.31776200,3.31318300,0.79765500,5.03974000,5.02902000,0.00256410, 2, 255, 7, 24,0x0,No,No,No,No,No,No,No,No
2026-04-09 20:07:12,1.8,2400,910,,910,960,44,,200,,,648,,69.7,0.9033,0.6000,0.6000,1.1000,0.00000000,0.10149670,0.16688400,0.00780744,0.00000000,0.19811380,0.33279210,1.83958000,0.00012210,0.00018315,0.00592185,0.00976800,3.58842100,3.30724900,1.80903400,1.10586000,0.61684920,1.10659200,0.80219700,0.90686110,3.31776200,3.31318300,0.79824100,5.02634000,5.03036000,0.00256410, 2, 255, 7, 24,0x0,No,No,No,No,No,No,No,No
2026-04-09 20:07:14,1.0,2400,910,,910,960,44,,200,,,648,,69.7,0.9033,0.6000,0.6000,1.1000,0.00000000,0.09661707,0.16786000,0.00585558,0.00000000,0.19811380,0.33376810,1.85744000,0.00006105,0.00018315,0.00506715,0.00976800,3.58656500,3.30168200,1.79682400,1.10586000,0.61611660,1.10732500,0.80402850,0.90766700,3.32050900,3.31501500,0.79824100,5.03170000,5.02634000,0.00341880, 2, 255, 7, 24,0x0,No,No,No,No,No,No,No,No
2026-04-09 20:07:16,0.0,2400,910,,910,960,44,,200,,,648,,68.1,0.9033,0.6000,0.6000,1.1000,0.00000000,0.10247270,0.16786000,0.00683151,0.00000000,0.19811380,0.33376810,1.85744000,0.00012210,0.00042735,0.00549450,0.00964590,3.58471000,3.31188900,1.80317300,1.10805800,0.61977960,1.10659200,0.80146440,0.90739830,3.32050900,3.31135200,0.79824100,5.03170000,5.03840000,0.00256410, 2, 255, 7, 24,0x0,No,No,No,No,No,No,No,No
2026-04-09 20:07:18,0.0,2400,910,,910,960,44,,200,,,648,,69.7,0.9033,0.6000,0.6000,1.1000,0.00000000,0.10540040,0.16688400,0.00585558,0.00000000,0.19908970,0.33376810,1.85744000,0.00006105,0.00018315,0.00549450,0.00940170,3.59120500,3.32766400,1.80415000,1.11355200,0.61575030,1.10586000,0.80256330,0.90739830,3.31776200,3.31318300,0.79882700,5.03304000,5.02634000,0.00341880, 2, 255, 7, 24,0x0,No,No,No,No,No,No,No,No
2026-04-09 20:07:20,0.0,2400,910,,910,960,44,,200,,,648,,70.3,0.9033,0.6000,0.6000,1.1000,0.00000000,0.10149670,0.16786000,0.00878337,0.00000000,0.20104160,0.33376810,1.86637000,0.00006105,0.00042735,0.00525030,0.00952380,3.58471000,3.31188900,1.80463800,1.11282000,0.61868070,1.10732500,0.80292960,0.90712980,3.31867800,3.31409900,0.79794790,5.03304000,5.02634000,0.00256410, 2, 255, 7, 24,0x0,No,No,No,No,No,No,No,No
2026-04-09 20:07:22,1.7,2400,910,,910,960,44,,200,,,648,,69.7,0.9033,0.6000,0.6000,1.1000,0.00000000,0.10149670,0.16786000,0.00683151,0.00000000,0.19908970,0.33279210,1.83958000,0.00012210,0.00018315,0.00537240,0.00940170,3.58563700,3.32766400,1.79877700,1.10732500,0.61062210,1.10915600,0.80073180,0.90793570,3.31867800,3.31318300,0.79736190,5.03706000,5.02902000,0.00256410, 2, 255, 7, 24,0x0,No,No,No,No,No,No,No,No
2026-04-09 20:07:24,0.0,2400,910,,910,960,44,,200,,,648,,69.2,0.9033,0.6000,0.6000,1.1000,0.00000000,0.10247270,0.16981180,0.00585558,0.00000000,0.19908970,0.33279210,1.85744000,0.00012210,0.00018315,0.00518925,0.00903540,3.58934900,3.31374500,1.80317300,1.10915600,0.61831440,1.10842400,0.80256330,0.90712980,3.31776200,3.31226800,0.79794790,5.03304000,5.02768000,0.00256410, 2, 255, 7, 24,0x0,No,No,No,No,No,No,No,No
2026-04-09 20:07:26,0.0,2400,910,,500,500,44,,200,,,648,,69.2,0.7200,0.6000,0.6000,1.1000,0.00000000,0.09759300,0.16005250,0.00780744,0.00000000,0.19908970,0.33181620,1.17876000,0.00006105,0.00018315,0.00592185,0.00976800,3.58563700,3.30168200,1.80463800,1.11648200,0.60659280,1.10659200,0.80183080,0.72205060,3.32050900,3.31318300,0.79794790,5.06520000,5.06788000,0.00256410, 2, 255, 7, 24,0x0,No,No,No,No,No,No,No,No
2026-04-09 20:07:29,0.0,2400,910,,910,960,44,,200,,,648,,69.2,0.9033,0.6000,0.6000,1.1000,0.00000000,0.10344860,0.16883590,0.00780744,0.00000000,0.20006570,0.33474400,1.83065000,0.00012210,0.00042735,0.00586080,0.00952380,3.58842100,3.30724900,1.80512600,1.11208700,0.61794810,1.10659200,0.80256330,0.90712980,3.31776200,3.31318300,0.79824100,5.02902000,5.02098000,0.00256410, 2, 255, 7, 24,0x0,No,No,No,No,No,No,No,No
2026-04-09 20:07:31,0.0,2400,910,,910,960,44,,200,,,648,,69.2,0.9033,0.6000,0.6000,1.1000,0.00000000,0.10637640,0.16883590,0.00390372,0.00000000,0.20006570,0.33376810,1.85744000,0.00000000,0.00018315,0.00549450,0.00940170,3.59027700,3.30168200,1.80463800,1.10879000,0.61904700,1.10952300,0.80292960,0.90712980,3.31959400,3.31409900,0.79794790,5.03304000,5.03036000,0.00256410, 2, 255, 7, 24,0x0,No,No,No,No,No,No,No,No
2026-04-09 20:07:33,0.3,2400,910,,910,960,44,,200,,,648,,69.2,0.9033,0.6000,0.6000,1.1000,0.00000000,0.10540040,0.16493220,0.01073523,0.00000000,0.19908970,0.33279210,1.85744000,0.00006105,0.00042735,0.00555555,0.00927960,3.58749300,3.32766400,1.80415000,1.11025500,0.61208730,1.10952300,0.80329590,0.90739830,3.32050900,3.31318300,0.79765500,5.02902000,5.02634000,0.00341880, 2, 255, 7, 24,0x0,No,No,No,No,No,No,No,No
2026-04-09 20:07:35,0.0,2400,910,,910,960,44,,200,,,648,,69.2,0.9033,0.6000,0.6000,1.1000,0.00000000,0.10149670,0.16590810,0.00585558,0.00000000,0.19908970,0.33279210,1.84851000,0.00012210,0.00042735,0.00549450,0.00891330,3.58842100,3.31931300,1.80903400,1.11355200,0.61758180,1.10659200,0.80219700,0.90739830,3.32050900,3.31318300,0.79765500,5.02768000,5.03036000,0.00256410, 2, 255, 7, 24,0x0,No,No,No,No,No,No,No,No
2026-04-09 20:07:37,2.0,2400,910,,910,960,44,,200,,,648,,69.7,0.9033,0.6000,0.6000,1.1000,0.00000000,0.11515970,0.16590810,0.01268709,0.00000000,0.19811380,0.33279210,1.84851000,0.00000000,0.00018315,0.00525030,0.00976800,3.59306100,3.31188900,1.80415000,1.11282000,0.61465140,1.10915600,0.79963290,0.90793570,3.31867800,3.31226800,0.79824100,5.03706000,5.02634000,0.00256410, 2, 255, 7, 24,0x0,No,No,No,No,No,No,No,No
2026-04-09 20:07:39,0.0,2400,910,,910,960,44,,200,,,648,,70.3,0.9033,0.6000,0.6000,1.1000,0.00000000,0.10052080,0.17469150,0.11906350,0.00882360,0.19713790,0.33376810,1.83958000,0.00012210,0.00042735,0.00531135,0.00940170,3.55130300,3.30724900,1.80512600,1.10842400,0.60659280,1.10549400,0.80109810,0.90632400,3.31776200,3.31318300,0.79824100,4.95666000,4.95264000,0.00256410, 2, 255, 7, 24,0x0,No,No,No,No,No,No,No,No
2026-04-09 20:07:41,3.0,2400,910,,910,960,43,,200,,,648,,69.2,0.9033,0.6000,0.6000,1.1000,0.00000000,0.10247270,0.16786000,0.00683151,0.00000000,0.19908970,0.33084030,1.86637000,0.00006105,0.00042735,0.00549450,0.00940170,3.59306100,3.31188900,1.80415000,1.11355200,0.61868070,1.10842400,0.80439480,0.90712980,3.31776200,3.31409900,0.79794790,5.02232000,5.03304000,0.00256410, 2, 255, 7, 24,0x0,No,No,No,No,No,No,No,No
2026-04-09 20:07:43,0.0,2400,910,,910,960,44,,200,,,648,,70.8,0.9033,0.6000,0.6000,1.1000,0.00000000,0.10540040,0.16786000,0.00683151,0.00000000,0.19616190,0.33279210,1.84851000,0.00012210,0.00018315,0.00586080,0.00915750,3.58471000,3.31188900,1.80415000,1.10732500,0.61868070,1.10842400,0.80219700,0.90712980,3.31776200,3.31501500,0.79824100,5.02098000,5.01562000,0.00256410, 2, 255, 7, 24,0x0,No,No,No,No,No,No,No,No
2026-04-09 20:07:46,0.0,2400,910,,910,960,44,,200,,,648,,69.2,0.9033,0.6000,0.6000,1.1000,0.00000000,0.10149670,0.16786000,0.00683151,0.00000000,0.19908970,0.33376810,1.83958000,0.00012210,0.00030525,0.00586080,0.00927960,3.58471000,3.31931300,1.80512600,1.10732500,0.61794810,1.10586000,0.80256330,0.90712980,3.31776200,3.31409900,0.79882700,5.02768000,5.02768000,0.00256410, 2, 255, 7, 24,0x0,No,No,No,No,No,No,No,No
2026-04-09 20:07:48,2.8,2400,910,,910,960,44,,200,,,648,,69.7,0.9033,0.6000,0.6000,1.1000,0.00000000,0.09759300,0.16883590,0.00390372,0.00000000,0.20006570,0.33084030,1.84851000,0.00012210,0.00042735,0.00543345,0.00927960,3.57079000,3.32952100,1.80463800,1.11208700,0.61794810,1.10659200,0.80256330,0.90739830,3.31776200,3.31318300,0.79765500,5.00892000,5.03304000,0.00341880, 2, 255, 7, 24,0x0,No,No,No,No,No,No,No,No
2026-04-09 20:07:50,0.0,2400,910,,910,960,44,,200,,,648,,70.3,0.9033,0.6000,0.6000,1.1000,0.00000000,0.10052080,0.16786000,0.01073523,0.00000000,0.19908970,0.33181620,1.85744000,0.00012210,0.00018315,0.00518925,0.00952380,3.58934900,3.32766400,1.80073100,1.10805800,0.61868070,1.10842400,0.79963290,0.90739830,3.31867800,3.31318300,0.79824100,5.02768000,5.03036000,0.00341880, 2, 255, 7, 24,0x0,No,No,No,No,No,No,No,No
2026-04-09 20:07:52,0.0,2400,910,,910,960,44,,200,,,648,,69.7,0.9033,0.6000,0.6000,1.1000,0.00000000,0.10052080,0.16786000,0.00585558,0.00000000,0.19811380,0.33279210,1.84851000,0.00012210,0.00042735,0.00531135,0.00940170,3.59306100,3.31188900,1.80317300,1.11391800,0.61721550,1.10659200,0.80292960,0.90712980,3.31776200,3.31409900,0.79794790,5.03304000,5.03304000,0.00256410, 2, 255, 7, 24,0x0,No,No,No,No,No,No,No,No
2026-04-09 20:07:54,0.0,2400,910,,910,960,43,,200,,,648,,69.7,0.9033,0.6000,0.6000,1.1000,0.00000000,0.10247270,0.16786000,0.01171116,0.00000000,0.19811380,0.33376810,1.84851000,0.00012210,0.00042735,0.00586080,0.00940170,3.58842100,3.32766400,1.80415000,1.11355200,0.61868070,1.10659200,0.80292960,0.90739830,3.31776200,3.31318300,0.79765500,5.02902000,5.03840000,0.00256410, 2, 255, 7, 24,0x0,No,No,No,No,No,No,No,No
2026-04-09 20:07:56,0.0,2400,910,,910,960,44,,200,,,648,,69.2,0.9033,0.6000,0.6000,1.1000,0.00000000,0.10149670,0.16590810,0.01171116,0.00000000,0.19713790,0.33474400,1.85744000,0.00012210,0.00042735,0.00543345,0.00940170,3.58656500,3.30724900,1.81294100,1.11025500,0.61868070,1.10549400,0.80146440,0.90712980,3.31684600,3.31409900,0.79824100,5.02768000,5.02902000,0.00341880, 2, 255, 7, 24,0x0,No,No,No,No,No,No,No,No
2026-04-09 20:07:59,1.8,2400,910,,910,960,44,,200,,,648,,69.7,0.9033,0.6000,0.6000,1.1000,0.00000000,0.09954486,0.16688400,0.00780744,0.00000000,0.19811380,0.33376810,1.83958000,0.00012210,0.00042735,0.00586080,0.00976800,3.58842100,3.30724900,1.80463800,1.11465100,0.61831440,1.10586000,0.80146440,0.90712980,3.31959400,3.31409900,0.79794790,5.03304000,5.02902000,0.00256410, 2, 255, 7, 24,0x0,No,No,No,No,No,No,No,No
2026-04-09 20:08:01,12.0,2400,910,,910,960,44,,200,,,648,,70.3,0.9033,0.6000,0.6000,1.1000,0.00000000,0.10247270,0.16590810,0.00683151,0.00000000,0.20689720,0.33181620,1.84851000,0.00006105,0.00042735,0.00518925,0.00903540,3.58656500,3.30724900,1.80512600,1.10512700,0.61794810,1.10586000,0.79963290,0.90739830,3.31776200,3.31501500,0.79824100,5.03170000,5.02499900,0.00256410, 2, 255, 7, 24,0x0,No,No,No,No,No,No,No,No
2026-04-09 20:08:03,1.0,2400,910,,910,960,44,,200,,,648,,69.7,0.9033,0.6000,0.6000,1.1000,0.00000000,0.10052080,0.16786000,0.00780744,0.00000000,0.19908970,0.33084030,1.86637000,0.00012210,0.00042735,0.00531135,0.00915750,3.58934900,3.31188900,1.80415000,1.11062200,0.61758180,1.10842400,0.80439480,0.90686110,3.31867800,3.31226800,0.79794790,5.02499900,5.03036000,0.00256410, 2, 255, 7, 24,0x0,No,No,No,No,No,No,No,No
2026-04-09 20:08:05,0.2,2400,910,,910,960,44,,200,,,648,,69.7,0.9033,0.6000,0.6000,1.1000,0.00000000,0.10637640,0.16883590,0.00683151,0.00000000,0.20982490,0.33474400,1.85744000,0.00006105,0.00042735,0.00555555,0.00940170,3.58842100,3.30724900,1.81342900,1.10732500,0.61501770,1.10659200,0.79963290,0.90739830,3.31959400,3.31226800,0.79794790,5.02499900,5.03036000,0.00256410, 2, 255, 7, 24,0x0,No,No,No,No,No,No,No,No
2026-04-09 20:08:07,0.0,2400,910,,910,960,44,,200,,,648,,69.2,0.9033,0.6000,0.6000,1.1000,0.00000000,0.10247270,0.16688400,0.01268709,0.00000000,0.19908970,0.33571990,1.85744000,0.00012210,0.00042735,0.00592185,0.00940170,3.58099800,3.30724900,1.80512600,1.11355200,0.61868070,1.10915600,0.80109810,0.90712980,3.32050900,3.31409900,0.79794790,5.01428000,5.00088000,0.00256410, 2, 255, 7, 24,0x0,No,No,No,No,No,No,No,No
2026-04-09 20:08:09,2.0,2400,910,,910,960,44,,200,,,648,,70.8,0.9033,0.6000,0.6000,1.1000,0.00000000,0.10540040,0.16688400,0.00878337,0.00000000,0.19811380,0.32986440,1.84851000,0.00012210,0.00042735,0.00549450,0.00940170,3.58656500,3.30724900,1.80903400,1.10769100,0.61904700,1.10842400,0.80329590,0.90739830,3.31776200,3.31501500,0.79824100,5.03170000,5.02098000,0.00341880, 2, 255, 7, 24,0x0,No,No,No,No,No,No,No,No
2026-04-09 20:08:11,0.0,2400,910,,910,960,44,,200,,,648,,69.7,0.9033,0.6000,0.6000,1.1000,0.00000000,0.10442450,0.16981180,0.03122976,0.00000000,0.19908970,0.34938290,2.89332000,0.00012210,0.00018315,0.00543345,0.01001220,3.56707800,3.31188900,1.80415000,1.10659200,0.60219720,1.10915600,0.79999920,0.90712980,3.31959400,3.31226800,0.79794790,4.98212000,4.98212000,0.00256410, 2, 255, 7, 24,0x0,No,No,No,No,No,No,No,No
2026-04-09 20:08:13,3.2,2400,500,,500,500,44,,200,,,648,,70.3,0.7200,0.6000,0.6000,1.1000,0.00000000,0.10540040,0.16298030,0.01171116,0.00000000,0.19811380,0.33376810,1.18769000,0.00012210,0.00018315,0.00543345,0.00927960,3.59120500,3.32952100,1.80073100,1.11465100,0.60219720,1.10586000,0.80219700,0.72178200,3.31959400,3.31318300,0.79824100,5.03840000,5.01562000,0.00256410, 2, 255, 7, 24,0x0,No,No,No,No,No,No,No,No
2026-04-09 20:08:16,0.0,2400,910,,910,960,44,,200,,,648,,70.3,0.9033,0.6000,0.6000,1.1000,0.00000000,0.10149670,0.16688400,0.00292779,0.00000000,0.19811380,0.33181620,1.85744000,0.00006105,0.00042735,0.00586080,0.00915750,3.58471000,3.31931300,1.80512600,1.11025500,0.61868070,1.10586000,0.80292960,0.90739830,3.31959400,3.31318300,0.79824100,5.03438000,5.03304000,0.00341880, 2, 255, 7, 24,0x0,No,No,No,No,No,No,No,No
2026-04-09 20:08:18,0.0,2400,910,,910,960,44,,200,,,648,,69.2,0.9033,0.6000,0.6000,1.1000,0.00000000,0.09856894,0.16688400,0.00878337,0.00000000,0.19908970,0.33376810,1.84851000,0.00012210,0.00018315,0.00586080,0.00989010,3.58471000,3.31931300,1.80463800,1.10732500,0.61831440,1.10659200,0.80292960,0.90712980,3.31959400,3.31409900,0.79853400,5.01294000,5.03036000,0.00256410, 2, 255, 7, 24,0x0,No,No,No,No,No,No,No,No
2026-04-09 20:08:20,1.3,1500,500,,500,500,44,,200,,,648,,68.1,0.7200,0.6000,0.6000,1.1000,0.00000000,0.10344860,0.15810070,0.00585558,0.00000000,0.21763240,0.33474400,1.16090000,0.00000000,0.00042735,0.00604395,0.00964590,3.58099800,3.30446500,1.80317300,1.11282000,0.61831440,1.10439400,0.80439480,0.72151340,3.31867800,3.31226800,0.79824100,5.01964000,5.02768000,0.00256410, 2, 255, 7, 24,0x0,No,No,No,No,No,No,No,No
2026-04-09 20:08:22,0.0,1500,500,,500,500,44,,200,,,648,,67.5,0.7200,0.6000,0.6000,1.1000,0.00000000,0.10344860,0.16005250,0.00878337,0.00000000,0.19713790,0.33084030,1.14304000,0.00012210,0.00042735,0.00537240,0.01001220,3.60605200,3.31374500,1.80415000,1.11391800,0.61868070,1.10915600,0.79963290,0.72151340,3.31776200,3.31226800,0.79677580,5.07056000,5.06788000,0.00341880, 2, 255, 7, 24,0x0,No,No,No,No,No,No,No,No
2026-04-09 20:08:24,1.7,1800,636,,636,653,44,,200,,,648,,67.5,0.8071,0.6000,0.6000,1.1000,0.00000000,0.10149670,0.16395620,0.00683151,0.00000000,0.19811380,0.33376810,1.36629000,0.00024420,0.00042735,0.00592185,0.00915750,3.59584500,3.30724900,1.80463800,1.11025500,0.61794810,1.10915600,0.80292960,0.81176970,3.31959400,3.31226800,0.79824100,5.05314000,5.05314000,0.00341880, 2, 255, 7, 24,0x0,No,No,No,No,No,No,No,No
2026-04-09 20:08:26,0.5,1500,500,,500,500,44,,200,,,648,,67.0,0.7200,0.6000,0.6000,1.1000,0.00000000,0.09954486,0.16298030,0.00780744,0.00000000,0.19811380,0.33376810,1.13411000,0.00012210,0.00018315,0.00543345,0.00952380,3.59027700,3.30168200,1.80512600,1.11282000,0.61794810,1.10842400,0.80292960,0.72178200,3.31867800,3.31226800,0.79794790,5.04644000,5.03840000,0.00256410, 2, 255, 7, 24,0x0,No,No,No,No,No,No,No,No
2026-04-09 20:08:28,0.2,1500,500,,500,500,44,,200,,,648,,68.1,0.7200,0.6000,0.6000,1.1000,0.00000000,0.10052080,0.16200440,0.01171116,0.00000000,0.19908970,0.33181620,1.12518000,0.00012210,0.00018315,0.00518925,0.01001220,3.60883600,3.30168200,1.80463800,1.11208700,0.61868070,1.10952300,0.80439480,0.72205060,3.31776200,3.31501500,0.79794790,5.06520000,5.06788000,0.00170940, 2, 255, 7, 24,0x0,No,No,No,No,No,No,No,No
2026-04-09 20:08:31,0.0,2400,910,,910,960,44,,200,,,648,,68.1,0.9033,0.6000,0.6000,1.1000,0.00000000,0.10052080,0.16981180,0.00975930,0.00000000,0.20006570,0.33279210,1.80386000,0.00006105,0.00042735,0.00531135,0.00952380,3.58842100,3.30724900,1.80903400,1.11391800,0.61904700,1.10586000,0.80256330,0.90739830,3.31867800,3.31226800,0.79824100,5.03036000,5.03170000,0.00256410, 2, 255, 7, 24,0x0,No,No,No,No,No,No,No,No
2026-04-09 20:08:33,0.0,2400,910,,910,960,44,,200,,,648,,68.1,0.9033,0.6000,0.6000,1.1000,0.00000000,0.10149670,0.16688400,0.00878337,0.00000000,0.19908970,0.33376810,1.83065000,0.00012210,0.00018315,0.00549450,0.00964590,3.57079000,3.32766400,1.80610300,1.11208700,0.61794810,1.10915600,0.80292960,0.90712980,3.31776200,3.31226800,0.79765500,5.00624000,4.97542000,0.00256410, 2, 255, 7, 24,0x0,No,No,No,No,No,No,No,No
2026-04-09 20:08:35,2.0,2400,910,,910,960,44,,200,,,648,,68.6,0.9033,0.6000,0.6000,1.1000,0.00000000,0.10247270,0.16688400,0.00780744,0.00000000,0.19908970,0.33376810,1.83065000,0.00012210,0.00042735,0.00586080,0.00940170,3.58471000,3.31188900,1.80415000,1.10695900,0.61794810,1.10842400,0.80256330,0.90739830,3.31776200,3.31318300,0.79824100,5.03304000,5.03572000,0.00256410, 2, 255, 7, 24,0x0,No,No,No,No,No,No,No,No
2026-04-09 20:08:37,0.0,2400,910,,910,960,44,,200,,,648,,68.6,0.9033,0.6000,0.6000,1.1000,0.00000000,0.10052080,0.16688400,0.01073523,0.00000000,0.19908970,0.33376810,1.83065000,0.00012210,0.00018315,0.00537240,0.00940170,3.58934900,3.31374500,1.80463800,1.11391800,0.61758180,1.10659200,0.80219700,0.90739830,3.31867800,3.31318300,0.79765500,5.03170000,5.02634000,0.00341880, 2, 255, 7, 24,0x0,No,No,No,No,No,No,No,No
2026-04-09 20:08:39,0.0,2400,910,,910,960,44,,200,,,648,,69.7,0.9033,0.6000,0.6000,1.1000,0.00000000,0.10149670,0.16883590,0.00683151,0.00000000,0.19811380,0.33376810,1.83065000,0.00012210,0.00042735,0.00531135,0.00915750,3.57635800,3.30724900,1.81294100,1.11208700,0.61941330,1.10549400,0.79963290,0.90739830,3.31684600,3.31318300,0.79824100,4.99552000,4.99686000,0.00256410, 2, 255, 7, 24,0x0,No,No,No,No,No,No,No,No
2026-04-09 20:08:41,0.0,2400,910,,910,960,44,,200,,,648,,68.6,0.9033,0.6000,0.6000,1.1000,0.00000000,0.10149670,0.16688400,0.00585558,0.00000000,0.20104160,0.33376810,1.83065000,0.00012210,0.00018315,0.00537240,0.00976800,3.59213300,3.30724900,1.80415000,1.11062200,0.61721550,1.10586000,0.80292960,0.90712980,3.31867800,3.31409900,0.79794790,5.02768000,5.03572000,0.00256410, 2, 255, 7, 24,0x0,No,No,No,No,No,No,No,No
2026-04-09 20:08:43,0.2,2400,910,,910,960,44,,200,,,648,,68.6,0.9033,0.6000,0.6000,1.1000,0.00000000,0.10149670,0.16981180,0.05660394,0.00000000,0.20006570,0.34840700,3.06299000,0.00012210,0.00030525,0.00586080,0.00940170,3.56986200,3.30446500,1.80463800,1.10988900,0.60366240,1.10732500,0.80146440,0.90686110,3.31867800,3.31318300,0.79794790,4.98212000,4.98480000,0.00256410, 2, 255, 7, 24,0x0,No,No,No,No,No,No,No,No
2026-04-09 20:08:45,4.7,2400,910,,910,960,44,,200,,,648,,68.6,0.9033,0.6000,0.6000,1.1000,0.00000000,0.10052080,0.16786000,0.00585558,0.00000000,0.19811380,0.33376810,1.83065000,0.00012210,0.00042735,0.00561660,0.00915750,3.56243800,3.32766400,1.80463800,1.10732500,0.61831440,1.10549400,0.80292960,0.90739830,3.31959400,3.31501500,0.79824100,4.99820000,4.99552000,0.00341880, 2, 255, 7, 24,0x0,No,No,No,No,No,No,No,No
2026-04-09 20:08:48,0.0,2400,910,,910,960,44,,200,,,648,,69.7,0.9033,0.6000,0.6000,1.1000,0.00000000,0.09856894,0.16981180,0.00585558,0.00000000,0.19908970,0.33376810,1.83065000,0.00012210,0.00042735,0.00567765,0.00976800,3.59027700,3.32766400,1.80317300,1.11355200,0.61721550,1.10732500,0.80146440,0.90739830,3.31776200,3.31409900,0.79882700,5.03304000,5.02768000,0.00256410, 2, 255, 7, 24,0x0,No,No,No,No,No,No,No,No
2026-04-09 20:08:50,0.0,2400,910,,910,960,44,,200,,,648,,68.6,0.9033,0.6000,0.6000,1.1000,0.00000000,0.10247270,0.16786000,0.00585558,0.00000000,0.20006570,0.33474400,1.83958000,0.00012210,0.00042735,0.00543345,0.00976800,3.59027700,3.30168200,1.80463800,1.11208700,0.61794810,1.10952300,0.80292960,0.90686110,3.31867800,3.31501500,0.79794790,5.02634000,5.03706000,0.00256410, 2, 255, 7, 24,0x0,No,No,No,No,No,No,No,No
2026-04-09 20:08:52,0.0,2400,910,,910,960,44,,200,,,648,,68.6,0.9033,0.6000,0.6000,1.1000,0.00000000,0.10344860,0.16590810,0.00683151,0.00000000,0.20006570,0.33279210,1.83065000,0.00012210,0.00042735,0.00592185,0.00940170,3.58842100,3.30724900,1.81294100,1.10732500,0.61904700,1.10659200,0.79963290,0.90712980,3.31776200,3.31226800,0.79824100,5.02634000,4.99418000,0.00341880, 2, 255, 7, 24,0x0,No,No,No,No,No,No,No,No
2026-04-09 20:08:54,0.0,2400,910,,910,960,44,,200,,,648,,68.6,0.9033,0.6000,0.6000,1.1000,0.00000000,0.10247270,0.16786000,0.00683151,0.00000000,0.20006570,0.33279210,1.83958000,0.00006105,0.00042735,0.00537240,0.00940170,3.59027700,3.30168200,1.80317300,1.11355200,0.61721550,1.10952300,0.80256330,0.90659250,3.31959400,3.31226800,0.79794790,5.03572000,5.02902000,0.00256410, 2, 255, 7, 24,0x0,No,No,No,No,No,No,No,No
2026-04-09 20:08:56,1.8,2400,910,,910,960,44,,200,,,648,,68.6,0.9033,0.6000,0.6000,1.1000,0.00000000,0.09954486,0.16786000,0.00683151,0.00000000,0.19811380,0.33279210,1.83065000,0.00012210,0.00042735,0.00610500,0.00940170,3.58563700,3.32766400,1.80463800,1.10439400,0.61831440,1.10659200,0.79963290,0.90793570,3.31959400,3.31226800,0.79794790,5.03304000,5.03304000,0.00256410, 2, 255, 7, 24,0x0,No,No,No,No,No,No,No,No
2026-04-09 20:08:58,0.0,2400,910,,910,960,44,,200,,,648,,69.2,0.9033,0.6000,0.6000,1.1000,0.07221882,0.10247270,0.16493220,0.01366302,0.00000000,0.19908970,0.33376810,1.83065000,0.00006105,0.00042735,0.00586080,0.00940170,3.57635800,3.30724900,1.81294100,1.10695900,0.61831440,1.10952300,0.80402850,0.90712980,3.31776200,3.31409900,0.79794790,5.01562000,5.01696000,0.00256410, 2, 255, 7, 24,0x0,No,No,No,No,No,No,No,No
2026-04-09 20:09:00,0.0,2400,910,,910,960,44,,200,,,648,,69.2,0.9033,0.6000,0.6000,1.1000,0.04879650,0.10052080,0.16590810,0.00683151,0.00000000,0.19811380,0.33084030,1.83065000,0.00000000,0.00042735,0.00506715,0.00891330,3.58099800,3.30353800,1.81391700,1.11355200,0.61758180,1.10659200,0.80219700,0.90686110,3.31867800,3.31409900,0.79794790,5.01964000,5.02098000,0.00256410, 2, 255, 7, 24,0x0,No,No,No,No,No,No,No,No
2026-04-09 20:09:02,0.2,1500,500,,500,500,44,,200,,,648,,67.5,0.7200,0.6000,0.6000,1.1000,0.06050766,0.10149670,0.16005250,0.00487965,0.00000000,0.19713790,0.33084030,1.16090000,0.00018315,0.00018315,0.00598290,0.00940170,3.59120500,3.30353800,1.80903400,1.11391800,0.61868070,1.10842400,0.80256330,0.72205060,3.31776200,3.31409900,0.79794790,5.05984000,5.05850000,0.00256410, 2, 255, 7, 24,0x0,No,No,No,No,No,No,No,No
2026-04-09 20:09:05,0.0,1500,500,,500,500,44,,200,,,648,,67.0,0.7200,0.6000,0.6000,1.1000,0.00000000,0.10149670,0.16005250,0.01073523,0.00000000,0.19908970,0.32888840,1.14304000,0.00006105,0.00018315,0.00549450,0.00915750,3.60698000,3.32952100,1.80073100,1.10695900,0.61721550,1.10915600,0.80329590,0.72178200,3.31867800,3.31409900,0.79794790,5.06520000,5.05850000,0.00341880, 2, 255, 7, 24,0x0,No,No,No,No,No,No,No,No
2026-04-09 20:09:07,2.0,1500,500,,500,500,44,,200,,,648,,66.4,0.7200,0.6000,0.6000,1.1000,0.00000000,0.10149670,0.16102850,0.00683151,0.00000000,0.19811380,0.33474400,1.11625000,0.00012210,0.00042735,0.00518925,0.00915750,3.60605200,3.32766400,1.79877700,1.11208700,0.61831440,1.10842400,0.80183080,0.72205060,3.31867800,3.31501500,0.79794790,5.07056000,5.05850000,0.00256410, 2, 255, 7, 24,0x0,No,No,No,No,No,No,No,No
2026-04-09 20:09:09,1.0,1500,500,,500,500,44,,200,,,648,,65.3,0.7200,0.6000,0.6000,1.1000,0.00000000,0.10052080,0.16102850,0.01171116,0.00000000,0.19713790,0.33084030,1.12518000,0.00000000,0.00042735,0.00531135,0.00976800,3.60605200,3.31374500,1.80366100,1.10439400,0.61794810,1.10952300,0.80292960,0.72151340,3.31684600,3.31226800,0.79824100,5.05314000,5.06788000,0.00256410, 2, 255, 7, 24,0x0,No,No,No,No,No,No,No,No
2026-04-09 20:09:11,0.0,1500,500,,500,500,44,,200,,,648,,66.4,0.7200,0.6000,0.6000,1.1000,0.00000000,0.10247270,0.16493220,0.00683151,0.00000000,0.19908970,0.33084030,2.26822000,0.00012210,0.00018315,0.00543345,0.00927960,3.58656500,3.30168200,1.80366100,1.10732500,0.60329610,1.10842400,0.80256330,0.83701990,3.32050900,3.31409900,0.79794790,5.02768000,5.00758000,0.00256410, 2, 255, 7, 24,0x0,No,No,No,No,No,No,No,No
2026-04-09 20:09:13,0.0,1500,500,,500,500,44,,200,,,648,,65.9,0.7200,0.6000,0.6000,1.1000,0.00000000,0.09856894,0.16102850,0.00683151,0.00000000,0.20006570,0.33181620,1.11625000,0.00024420,0.00042735,0.00586080,0.00915750,3.60698000,3.30353800,1.80463800,1.10732500,0.61941330,1.10879000,0.80292960,0.72178200,3.31959400,3.31318300,0.79824100,5.06520000,5.06788000,0.00256410, 2, 255, 7, 24,0x0,No,No,No,No,No,No,No,No
2026-04-09 20:09:15,0.0,1500,500,,500,500,44,,200,,,648,,65.9,0.7200,0.6000,0.6000,1.1000,0.00000000,0.10052080,0.16298030,0.03415755,0.00000000,0.20006570,0.34352740,1.67884000,0.00012210,0.00042735,0.00531135,0.00915750,3.59955700,3.31931300,1.80463800,1.10805800,0.60183090,1.10915600,0.80073180,0.72151340,3.31867800,3.31318300,0.79824100,5.04108000,5.04376000,0.00256410, 2, 255, 7, 24,0x0,No,No,No,No,No,No,No,No
2026-04-09 20:09:17,2.8,2400,910,,910,960,44,,200,,,648,,67.5,0.9033,0.6000,0.6000,1.1000,0.00000000,0.11320790,0.16590810,0.00780744,0.00000000,0.20787310,0.33376810,1.79493000,0.00012210,0.00042735,0.00500610,0.00915750,3.57821400,3.30724900,1.80463800,1.10695900,0.61831440,1.10842400,0.80219700,0.90766700,3.31776200,3.31409900,0.79794790,4.98748000,4.98882000,0.00256410, 2, 255, 7, 24,0x0,No,No,No,No,No,No,No,No
2026-04-09 20:09:20,0.0,2400,910,,910,960,44,,200,,,648,,67.5,0.9033,0.6000,0.6000,1.1000,0.00000000,0.10832820,0.16590810,0.00585558,0.00000000,0.20884900,0.33474400,1.79493000,0.00012210,0.00042735,0.00531135,0.00940170,3.59306100,3.31931300,1.80512600,1.11465100,0.60879060,1.10952300,0.80256330,0.90686110,3.31867800,3.31226800,0.79794790,5.01696000,5.03304000,0.00256410, 2, 255, 7, 24,0x0,No,No,No,No,No,No,No,No
2026-04-09 20:09:22,1.8,2400,910,,910,960,44,,200,,,648,,65.9,0.9033,0.6000,0.6000,1.1000,0.00000000,0.09856894,0.16786000,0.00585558,0.00000000,0.20494530,0.33084030,1.79493000,0.00012210,0.00042735,0.00549450,0.00940170,3.59491700,3.31931300,1.80415000,1.11208700,0.61868070,1.10586000,0.80146440,0.90739830,3.31776200,3.31409900,0.79824100,5.03036000,5.02499900,0.00256410, 2, 255, 7, 24,0x0,No,No,No,No,No,No,No,No
2026-04-09 20:09:24,0.0,2400,910,,910,960,44,,200,,,648,,67.5,0.9033,0.6000,0.6000,1.1000,0.00000000,0.10930420,0.16590810,0.00683151,0.00000000,0.21080090,0.33474400,1.80386000,0.00012210,0.00042735,0.00586080,0.00976800,3.58099800,3.31188900,1.80366100,1.11062200,0.61831440,1.10952300,0.79963290,0.90766700,3.31776200,3.31409900,0.79794790,5.01160000,4.98480000,0.00256410, 2, 255, 7, 24,0x0,No,No,No,No,No,No,No,No
2026-04-09 20:09:26,0.0,2400,910,,910,960,44,,200,,,648,,67.5,0.9033,0.6000,0.6000,1.1000,0.00000000,0.10149670,0.16786000,0.00683151,0.00000000,0.19811380,0.32986440,1.79493000,0.00012210,0.00042735,0.00549450,0.00940170,3.59491700,3.30724900,1.80903400,1.11391800,0.61941330,1.10732500,0.80036550,0.90739830,3.31776200,3.31501500,0.79824100,5.02902000,5.03170000,0.00256410, 2, 255, 7, 24,0x0,No,No,No,No,No,No,No,No
2026-04-09 20:09:28,0.0,2400,910,,910,960,44,,200,,,648,,69.2,0.9033,0.6000,0.6000,1.1000,0.00000000,0.10052080,0.16786000,0.01268709,0.00000000,0.20006570,0.33084030,1.80386000,0.00006105,0.00042735,0.00531135,0.01001220,3.59306100,3.30446500,1.80415000,1.11355200,0.61904700,1.10915600,0.80146440,0.90712980,3.31867800,3.31409900,0.79794790,5.03304000,5.02768000,0.00256410, 2, 255, 7, 24,0x0,No,No,No,No,No,No,No,No
2026-04-09 20:09:30,0.0,2400,910,,910,960,44,,200,,,648,,68.6,0.9033,0.6000,0.6000,1.1000,0.00000000,0.13858210,0.16688400,0.00195186,0.00000000,0.20104160,0.33084030,1.82172000,0.00012210,0.00042735,0.00592185,0.00903540,3.58378200,3.31188900,1.80561500,1.10805800,0.60219720,1.10659200,0.79999920,0.90712980,3.31776200,3.31318300,0.79882700,5.01026000,4.98882000,0.00256410, 2, 255, 7, 24,0x0,No,No,No,No,No,No,No,No
2026-04-09 20:09:32,1.7,2400,910,,910,960,44,,200,,,648,,67.5,0.9033,0.6000,0.6000,1.1000,0.00000000,0.11320790,0.16590810,0.00585558,0.00000000,0.19713790,0.33181620,1.81279000,0.00006105,0.00042735,0.00561660,0.00927960,3.59213300,3.32766400,1.80512600,1.10586000,0.61904700,1.10732500,0.80292960,0.90793570,3.32050900,3.31226800,0.79824100,5.02902000,5.02634000,0.00341880, 2, 255, 7, 24,0x0,No,No,No,No,No,No,No,No
2026-04-09 20:09:34,0.0,2400,910,,910,960,44,,200,,,648,,68.1,0.9033,0.6000,0.6000,1.1000,0.00000000,0.10247270,0.16786000,0.00780744,0.00000000,0.19811380,0.33279210,1.82172000,0.00006105,0.00042735,0.00525030,0.00903540,3.59677300,3.31188900,1.80512600,1.11391800,0.61868070,1.10659200,0.80292960,0.90659250,3.32050900,3.31226800,0.79794790,5.03304000,5.02098000,0.00341880, 2, 255, 7, 24,0x0,No,No,No,No,No,No,No,No
2026-04-09 20:09:37,0.0,2400,910,,910,960,44,,200,,,648,,68.1,0.9033,0.6000,0.6000,1.1000,0.00000000,0.09954486,0.16688400,0.00780744,0.00000000,0.19908970,0.33474400,1.82172000,0.00012210,0.00042735,0.00531135,0.00976800,3.59306100,3.31374500,1.80415000,1.11062200,0.61684920,1.10915600,0.80329590,0.90712980,3.31776200,3.31409900,0.79794790,5.01562000,5.03572000,0.00256410, 2, 255, 7, 24,0x0,No,No,No,No,No,No,No,No
2026-04-09 20:09:39,0.0,1500,500,,500,500,44,,200,,,648,,66.4,0.7200,0.6000,0.6000,1.1000,0.00000000,0.11223200,0.16005250,0.00585558,0.00000000,0.20982490,0.33181620,1.11625000,0.00006105,0.00042735,0.00549450,0.00915750,3.60605200,3.35735900,1.79877700,1.11391800,0.62014590,1.10915600,0.80256330,0.72178200,3.32050900,3.31318300,0.79794790,5.05984000,5.06252000,0.00341880, 2, 255, 7, 24,0x0,No,No,No,No,No,No,No,No
2026-04-09 20:09:41,0.0,1500,500,,500,500,44,,200,,,648,,65.9,0.7200,0.6000,0.6000,1.1000,0.00000000,0.10930420,0.16005250,0.01268709,0.00000000,0.19811380,0.33279210,1.10732000,0.00012210,0.00042735,0.00531135,0.00952380,3.61069200,3.30724900,1.80317300,1.10439400,0.61868070,1.10952300,0.80256330,0.72178200,3.31867800,3.31226800,0.79794790,5.06788000,5.05850000,0.00256410, 2, 255, 7, 24,0x0,No,No,No,No,No,No,No,No
2026-04-09 20:09:43,1.7,2400,910,,910,960,44,,200,,,648,,67.5,0.9033,0.6000,0.6000,1.1000,0.00000000,0.10247270,0.16688400,0.00487965,0.00000000,0.19811380,0.33084030,1.79493000,0.00012210,0.00042735,0.00537240,0.00952380,3.59120500,3.32766400,1.80561500,1.10695900,0.61684920,1.10586000,0.80036550,0.90739830,3.31959400,3.31226800,0.79794790,5.02634000,5.03304000,0.00256410, 2, 255, 7, 24,0x0,No,No,No,No,No,No,No,No
2026-04-09 20:09:45,0.0,2400,910,,910,960,44,,200,,,648,,67.5,0.9033,0.6000,0.6000,1.1000,0.00000000,0.10247270,0.16786000,0.00683151,0.00000000,0.20006570,0.33376810,1.81279000,0.00006105,0.00018315,0.00537240,0.00915750,3.59027700,3.30168200,1.80463800,1.11391800,0.61758180,1.10952300,0.80292960,0.90712980,3.31959400,3.31409900,0.79794790,5.03304000,5.03304000,0.00256410, 2, 255, 7, 24,0x0,No,No,No,No,No,No,No,No
2026-04-09 20:09:47,0.0,2400,910,,910,960,44,,200,,,648,,69.2,0.9033,0.6000,0.6000,1.1000,0.00000000,0.10735230,0.17371550,0.02635011,0.00000000,0.19713790,0.35328660,2.78616000,0.00006105,0.00042735,0.00531135,0.00952380,3.56986200,3.30724900,1.80512600,1.10732500,0.60769170,1.10659200,0.80256330,0.90766700,3.31776200,3.31318300,0.79765500,4.97408000,4.99016000,0.00256410, 2, 255, 7, 24,0x0,No,No,No,No,No,No,No,No
2026-04-09 20:09:49,3.0,2400,910,,910,960,44,,200,,,648,,68.1,0.9033,0.6000,0.6000,1.1000,0.00000000,0.10052080,0.16688400,0.00780744,0.00000000,0.20006570,0.33084030,1.81279000,0.00012210,0.00018315,0.00537240,0.00964590,3.59306100,3.32766400,1.80415000,1.11282000,0.61794810,1.10586000,0.80292960,0.90766700,3.31776200,3.31318300,0.79765500,5.02768000,5.02098000,0.00256410, 2, 255, 7, 24,0x0,No,No,No,No,No,No,No,No
2026-04-09 20:09:52,0.0,2400,910,,910,960,44,,200,,,648,,68.1,0.9033,0.6000,0.6000,1.1000,0.00000000,0.09954486,0.16493220,0.00878337,0.00000000,0.19811380,0.33376810,1.83065000,0.00012210,0.00018315,0.00543345,0.00915750,3.58934900,3.32766400,1.80415000,1.11355200,0.61868070,1.10659200,0.80439480,0.90712980,3.31867800,3.31318300,0.79794790,5.03304000,5.03170000,0.00256410, 2, 255, 7, 24,0x0,No,No,No,No,No,No,No,No
2026-04-09 20:09:54,1.7,2400,910,,910,960,44,,200,,,648,,68.1,0.9033,0.6000,0.6000,1.1000,0.00000000,0.09954486,0.16883590,0.01171116,0.00000000,0.19908970,0.33279210,1.80386000,0.00012210,0.00018315,0.00537240,0.00989010,3.59120500,3.31188900,1.80415000,1.10439400,0.61868070,1.10915600,0.80256330,0.90686110,3.31959400,3.31409900,0.79794790,5.03304000,5.02902000,0.00256410, 2, 255, 7, 24,0x0,No,No,No,No,No,No,No,No
2026-04-09 20:09:56,0.0,2400,910,,910,960,44,,200,,,648,,68.1,0.9033,0.6000,0.6000,1.1000,0.00000000,0.10247270,0.16688400,0.00390372,0.00000000,0.19811380,0.33181620,1.83065000,0.00012210,0.00042735,0.00592185,0.00927960,3.59491700,3.30353800,1.80463800,1.11172000,0.61758180,1.10842400,0.80292960,0.90712980,3.31867800,3.31226800,0.79794790,5.03572000,5.03572000,0.00256410, 2, 255, 7, 24,0x0,No,No,No,No,No,No,No,No
2026-04-09 20:09:58,1.5,2400,910,,910,960,44,,200,,,648,,68.6,0.7200,0.6000,0.6000,1.1000,0.00000000,0.10930420,0.16102850,0.00975930,0.00000000,0.20787310,0.33474400,1.16983000,0.00012210,0.00018315,0.00543345,0.00976800,3.61626000,3.30168200,1.80463800,1.10659200,0.60366240,1.10915600,0.80256330,0.72151340,3.31959400,3.31226800,0.79794790,5.06788000,5.06520000,0.00256410, 2, 255, 7, 24,0x0,No,No,No,No,No,No,No,No
2026-04-09 20:10:00,4.5,2400,910,,910,960,44,,200,,,648,,70.3,0.9033,0.6000,0.6000,1.1000,0.00000000,0.09759300,0.16981180,0.07221882,0.00245100,0.19811380,0.38549240,2.78616000,0.00012210,0.00042735,0.00543345,0.00927960,3.57914200,3.30168200,1.80463800,1.10915600,0.60329610,1.10842400,0.80219700,0.90766700,3.31776200,3.31226800,0.79765500,4.95934000,4.99016000,0.00256410, 2, 255, 7, 24,0x0,No,No,No,No,No,No,No,No
2026-04-09 20:10:02,0.0,2400,910,,910,960,44,,200,,,648,,68.1,0.9033,0.6000,0.6000,1.1000,0.00000000,0.10052080,0.16688400,0.00780744,0.00000000,0.20884900,0.33279210,1.83065000,0.00012210,0.00018315,0.00506715,0.00915750,3.58842100,3.30724900,1.80512600,1.10879000,0.61721550,1.10805800,0.80292960,0.90739830,3.31776200,3.31318300,0.79794790,5.03438000,5.02902000,0.00256410, 2, 255, 7, 24,0x0,No,No,No,No,No,No,No,No
2026-04-09 20:10:04,1.5,2400,910,,910,960,44,,200,,,648,,68.6,0.9033,0.6000,0.6000,1.1000,0.00000000,0.10052080,0.16590810,0.00683151,0.00000000,0.20689720,0.33279210,1.81279000,0.00006105,0.00018315,0.00561660,0.00927960,3.59027700,3.32952100,1.80512600,1.11391800,0.61721550,1.10952300,0.80329590,0.90659250,3.31959400,3.31409900,0.79794790,5.02768000,5.02634000,0.00341880, 2, 255, 7, 24,0x0,No,No,No,No,No,No,No,No
2026-04-09 20:10:06,0.0,2400,910,,910,960,44,,200,,,648,,70.3,0.9033,0.6000,0.6000,1.1000,0.00000000,0.10344860,0.16590810,0.00878337,0.00000000,0.20787310,0.33279210,1.83065000,0.00006105,0.00042735,0.00586080,0.00952380,3.59491700,3.30724900,1.80512600,1.11355200,0.60915690,1.10842400,0.80256330,0.90739830,3.31684600,3.31318300,0.79824100,5.03170000,5.01562000,0.00256410, 2, 255, 7, 24,0x0,No,No,No,No,No,No,No,No
2026-04-09 20:10:09,0.8,1500,500,,500,500,44,,200,,,648,,69.2,0.9033,0.6000,0.6000,1.1000,0.00000000,0.09759300,0.16786000,0.01171116,0.00000000,0.19908970,0.33084030,1.83958000,0.00000000,0.00018315,0.00543345,0.00952380,3.58842100,3.30724900,1.80512600,1.10805800,0.61904700,1.10659200,0.80439480,0.90712980,3.31959400,3.31409900,0.79824100,5.03840000,5.03170000,0.00341880, 2, 255, 7, 24,0x0,No,No,No,No,No,No,No,No
2026-04-09 20:10:11,0.0,2400,910,,910,960,44,,200,,,648,,68.6,0.9033,0.6000,0.6000,1.1000,0.00000000,0.10149670,0.16786000,0.00780744,0.00000000,0.19616190,0.33084030,1.82172000,0.00012210,0.00042735,0.00598290,0.00940170,3.58842100,3.30353800,1.80903400,1.10805800,0.61758180,1.10659200,0.80256330,0.90659250,3.31867800,3.31226800,0.79736190,5.02499900,5.03304000,0.00256410, 2, 255, 7, 24,0x0,No,No,No,No,No,No,No,No
2026-04-09 20:10:13,0.0,2400,910,,910,960,44,,200,,,648,,69.7,0.9033,0.6000,0.6000,1.1000,0.00000000,0.10247270,0.16883590,0.00780744,0.00000000,0.19713790,0.32986440,1.83065000,0.00012210,0.00042735,0.00531135,0.01025640,3.58471000,3.31188900,1.80561500,1.11391800,0.61977960,1.10659200,0.80183080,0.90659250,3.31867800,3.31318300,0.79824100,5.03170000,5.03170000,0.00256410, 2, 255, 7, 24,0x0,No,No,No,No,No,No,No,No
2026-04-09 20:10:15,0.0,2400,910,,910,960,43,,200,,,648,,68.6,0.9033,0.6000,0.6000,1.1000,0.00000000,0.09856894,0.16688400,0.00975930,0.00000000,0.19811380,0.33571990,1.82172000,0.00000000,0.00042735,0.00586080,0.00952380,3.59306100,3.30724900,1.79682400,1.10732500,0.61794810,1.10842400,0.80292960,0.90659250,3.31959400,3.31226800,0.79794790,5.03572000,5.03840000,0.00341880, 2, 255, 7, 24,0x0,No,No,No,No,No,No,No,No
2026-04-09 20:10:17,0.0,2400,910,,910,960,44,,200,,,648,,68.6,0.9033,0.6000,0.6000,1.1000,0.00000000,0.10344860,0.16688400,0.00878337,0.00000000,0.20201750,0.32986440,1.83065000,0.00006105,0.00042735,0.00549450,0.00940170,3.59306100,3.31188900,1.80708000,1.10805800,0.60805800,1.10915600,0.79963290,0.90793570,3.31959400,3.31226800,0.79736190,5.02499900,5.03170000,0.00341880, 2, 255, 7, 24,0x0,No,No,No,No,No,No,No,No
2026-04-09 20:10:19,0.0,1500,500,,500,500,44,,200,,,648,,67.5,0.7200,0.6000,0.6000,1.1000,0.00000000,0.10149670,0.16493220,0.04391685,0.00000000,0.19908970,0.36890160,1.97353000,0.00012210,0.00042735,0.00586080,0.00915750,3.58749300,3.30353800,1.81294100,1.11355200,0.60183090,1.10586000,0.80183080,0.79699550,3.31776200,3.31318300,0.79824100,5.02768000,5.02499900,0.00256410, 2, 255, 7, 24,0x0,No,No,No,No,No,No,No,No
2026-04-09 20:10:21,2.8,2400,910,,910,960,44,,200,,,648,,68.6,0.9033,0.6000,0.6000,1.1000,0.00000000,0.10735230,0.16786000,0.00878337,0.00000000,0.19908970,0.33279210,1.83958000,0.00012210,0.00042735,0.00518925,0.00952380,3.59120500,3.35550300,1.80073100,1.10695900,0.61831440,1.10586000,0.80256330,0.90712980,3.32234100,3.31501500,0.79794790,5.03304000,5.03974000,0.00256410, 2, 255, 7, 24,0x0,No,No,No,No,No,No,No,No
2026-04-09 20:10:24,0.0,2400,910,,910,960,44,,200,,,648,,68.1,0.9033,0.6000,0.6000,1.1000,0.00000000,0.11125600,0.16786000,0.01268709,0.00000000,0.20982490,0.33279210,1.83065000,0.00006105,0.00042735,0.00586080,0.00976800,3.59491700,3.31188900,1.81294100,1.10695900,0.61831440,1.10842400,0.80146440,0.90793570,3.31867800,3.31318300,0.79824100,5.03170000,5.03036000,0.00256410, 2, 255, 7, 24,0x0,No,No,No,No,No,No,No,No
2026-04-09 20:10:26,0.0,1500,500,,500,500,44,,200,,,648,,67.0,0.7200,0.6000,0.6000,1.1000,0.00000000,0.10052080,0.16102850,0.00683151,0.00000000,0.20006570,0.33376810,1.13411000,0.00000000,0.00042735,0.00549450,0.00989010,3.60976400,3.31188900,1.80366100,1.11208700,0.61941330,1.10549400,0.80329590,0.72178200,3.31959400,3.31226800,0.79794790,5.05984000,5.06386000,0.00341880, 2, 255, 7, 24,0x0,No,No,No,No,No,No,No,No
2026-04-09 20:10:28,0.0,1500,500,,500,500,44,,200,,,648,,66.4,0.7200,0.6000,0.6000,1.1000,0.00000000,0.09954486,0.16102850,0.00585558,0.00000000,0.20006570,0.32986440,1.11625000,0.00012210,0.00042735,0.00586080,0.00927960,3.61347600,3.31188900,1.81294100,1.11391800,0.61831440,1.10732500,0.79963290,0.72178200,3.31867800,3.31226800,0.79824100,5.06788000,5.06788000,0.00256410, 2, 255, 7, 24,0x0,No,No,No,No,No,No,No,No
2026-04-09 20:10:30,2.2,2400,910,,910,960,44,,200,,,648,,66.4,0.9033,0.6000,0.6000,1.1000,0.00000000,0.10149670,0.16688400,0.00390372,0.00000000,0.19908970,0.33181620,1.80386000,0.00012210,0.00042735,0.00586080,0.00927960,3.59491700,3.31931300,1.80512600,1.10769100,0.61794810,1.10842400,0.80292960,0.90739830,3.31959400,3.31501500,0.79794790,5.03572000,5.03572000,0.00341880, 2, 255, 7, 24,0x0,No,No,No,No,No,No,No,No
2026-04-09 20:10:32,0.0,2400,910,,910,960,43,,200,,,648,,69.7,0.9033,0.6000,0.6000,1.1000,0.00000000,0.10247270,0.16395620,0.00683151,0.00000000,0.19811380,0.33376810,1.82172000,0.00006105,0.00042735,0.00531135,0.00940170,3.59213300,3.30724900,1.80903400,1.10695900,0.61794810,1.10915600,0.80402850,0.90766700,3.31776200,3.31318300,0.79882700,5.02902000,5.02768000,0.00341880, 2, 255, 7, 24,0x0,No,No,No,No,No,No,No,No
2026-04-09 20:10:34,0.0,2400,910,,910,960,44,,200,,,648,,68.6,0.9033,0.6000,0.6000,1.1000,0.00000000,0.10149670,0.16590810,0.00585558,0.00000000,0.19811380,0.33181620,1.83065000,0.00012210,0.00042735,0.00531135,0.00952380,3.58842100,3.30724900,1.80512600,1.11391800,0.61721550,1.10842400,0.79926660,0.90712980,3.32050900,3.31318300,0.79824100,5.03170000,5.02768000,0.00256410, 2, 255, 7, 24,0x0,No,No,No,No,No,No,No,No
2026-04-09 20:10:36,0.0,2400,910,,910,960,44,,200,,,648,,67.5,0.9033,0.6000,0.6000,1.1000,0.00000000,0.10540040,0.16688400,0.00487965,0.00000000,0.19713790,0.32791250,1.83065000,0.00012210,0.00018315,0.00543345,0.00915750,3.59213300,3.30724900,1.80121900,1.11355200,0.61648290,1.10659200,0.80109810,0.90712980,3.31776200,3.31409900,0.79794790,5.03572000,5.03036000,0.00256410, 2, 255, 7, 24,0x0,No,No,No,No,No,No,No,No
2026-04-09 20:10:38,0.0,2400,910,,910,960,44,,200,,,648,,68.6,0.9033,0.6000,0.6000,1.1000,0.00000000,0.10540040,0.16688400,0.00878337,0.00000000,0.19811380,0.33181620,1.83065000,0.00006105,0.00042735,0.00525030,0.00927960,3.59306100,3.31188900,1.80463800,1.11208700,0.61831440,1.10952300,0.80109810,0.90712980,3.31776200,3.31409900,0.79794790,5.03304000,5.03170000,0.00256410, 2, 255, 7, 24,0x0,No,No,No,No,No,No,No,No
2026-04-09 20:10:41,2.0,2400,910,,910,960,44,,200,,,648,,69.2,0.9033,0.6000,0.6000,1.1000,0.00000000,0.10149670,0.16786000,0.00585558,0.00000000,0.19616190,0.33279210,1.81279000,0.00012210,0.00042735,0.00543345,0.00952380,3.59027700,3.30168200,1.80415000,1.11208700,0.61868070,1.10842400,0.80109810,0.90712980,3.32050900,3.31226800,0.79794790,5.03304000,5.03304000,0.00341880, 2, 255, 7, 24,0x0,No,No,No,No,No,No,No,No
2026-04-09 20:10:43,0.0,2400,910,,910,960,44,,200,,,648,,68.1,0.9033,0.6000,0.6000,1.1000,0.00000000,0.10052080,0.16688400,0.00585558,0.00000000,0.19908970,0.33279210,1.82172000,0.00006105,0.00042735,0.00586080,0.00940170,3.59398900,3.30724900,1.80073100,1.10512700,0.61794810,1.10842400,0.80292960,0.90712980,3.31776200,3.31409900,0.79824100,5.03304000,5.03304000,0.00341880, 2, 255, 7, 24,0x0,No,No,No,No,No,No,No,No
2026-04-09 20:10:45,0.0,1500,500,,500,500,44,,200,,,648,,67.5,0.7200,0.6000,0.6000,1.1000,0.00000000,0.09856894,0.16102850,0.01268709,0.00000000,0.19908970,0.33376810,1.67884000,0.00000000,0.00042735,0.00586080,0.00915750,3.59491700,3.31931300,1.80366100,1.10879000,0.60805800,1.10842400,0.80366220,0.72151340,3.31776200,3.31226800,0.79824100,5.04376000,5.04644000,0.00256410, 2, 255, 7, 24,0x0,No,No,No,No,No,No,No,No
2026-04-09 20:10:47,1.0,2400,910,,910,960,44,,200,,,648,,68.6,0.9033,0.6000,0.6000,1.1000,0.00000000,0.09954486,0.16981180,0.00683151,0.00000000,0.19811380,0.33279210,1.82172000,0.00012210,0.00018315,0.00543345,0.00940170,3.59120500,3.32766400,1.80073100,1.11428500,0.61721550,1.10915600,0.80329590,0.90712980,3.31776200,3.31409900,0.79794790,5.03304000,5.03438000,0.00256410, 2, 255, 7, 24,0x0,No,No,No,No,No,No,No,No
2026-04-09 20:10:49,0.0,2400,910,,910,960,44,,200,,,648,,68.6,0.9033,0.6000,0.6000,1.1000,0.00000000,0.10344860,0.17078780,0.00878337,0.00000000,0.20006570,0.33376810,1.81279000,0.00006105,0.00042735,0.00586080,0.00940170,3.59027700,3.30260900,1.80463800,1.11355200,0.61868070,1.10659200,0.80219700,0.90739830,3.32050900,3.31501500,0.79824100,5.03840000,5.03438000,0.00256410, 2, 255, 7, 24,0x0,No,No,No,No,No,No,No,No
2026-04-09 20:10:51,0.0,2400,910,,910,960,44,,200,,,648,,68.6,0.9033,0.6000,0.6000,1.1000,0.00000000,0.10442450,0.17469150,0.03220569,0.00441180,0.19908970,0.36109410,3.46484000,0.00012210,0.00042735,0.00586080,0.00952380,3.55872700,3.30353800,1.80512600,1.10732500,0.60366240,1.10732500,0.80219700,0.90793570,3.32050900,3.31318300,0.79824100,4.96336000,4.97140000,0.00256410, 2, 255, 7, 24,0x0,No,No,No,No,No,No,No,No
2026-04-09 20:10:53,2.8,2400,910,,910,960,44,,200,,,648,,69.7,0.9033,0.6000,0.6000,1.1000,0.00000000,0.10052080,0.16883590,0.00878337,0.00000000,0.19811380,0.33376810,1.82172000,0.00006105,0.00018315,0.00543345,0.00976800,3.58842100,3.30724900,1.81294100,1.11282000,0.61941330,1.10659200,0.80146440,0.90712980,3.31776200,3.31226800,0.79794790,5.03036000,5.02499900,0.00256410, 2, 255, 7, 24,0x0,No,No,No,No,No,No,No,No
2026-04-09 20:10:56,2.0,2400,910,,910,960,44,,200,,,648,,69.2,0.9033,0.6000,0.6000,1.1000,0.00000000,0.10052080,0.16688400,0.00487965,0.00000000,0.19908970,0.33279210,1.83065000,0.00012210,0.00042735,0.00506715,0.00915750,3.58842100,3.30724900,1.81294100,1.11282000,0.61758180,1.10842400,0.80146440,0.90739830,3.31867800,3.31226800,0.79736190,5.02634000,5.02499900,0.00256410, 2, 255, 7, 24,0x0,No,No,No,No,No,No,No,No
2026-04-09 20:10:58,0.0,2400,910,,910,960,44,,200,,,648,,69.2,0.9033,0.6000,0.6000,1.1000,0.00000000,0.09954486,0.16786000,0.00780744,0.00000000,0.19811380,0.33279210,1.83065000,0.00012210,0.00042735,0.00586080,0.00903540,3.58749300,3.31188900,1.79682400,1.11282000,0.61501770,1.10915600,0.80036550,0.90659250,3.31959400,3.31226800,0.79794790,5.02768000,5.02902000,0.00256410, 2, 255, 7, 24,0x0,No,No,No,No,No,No,No,No
2026-04-09 20:11:00,0.0,2400,910,,910,960,44,,200,,,648,,68.6,0.9033,0.6000,0.6000,1.1000,0.06245952,0.10149670,0.16786000,0.00585558,0.00000000,0.19908970,0.33474400,1.82172000,0.00012210,0.00042735,0.00531135,0.00940170,3.58099800,3.30724900,1.80512600,1.11062200,0.61758180,1.10732500,0.80256330,0.90739830,3.31867800,3.31226800,0.79794790,5.01696000,5.01294000,0.00256410, 2, 255, 7, 24,0x0,No,No,No,No,No,No,No,No
2026-04-09 20:11:02,0.3,2400,910,,910,960,44,,200,,,648,,68.6,0.9033,0.6000,0.6000,1.1000,0.06929103,0.10149670,0.16688400,0.00683151,0.00000000,0.20006570,0.33279210,1.83065000,0.00012210,0.00042735,0.00518925,0.00915750,3.57914200,3.30724900,1.80366100,1.11355200,0.61904700,1.10842400,0.80292960,0.90739830,3.31867800,3.31318300,0.79824100,5.02634000,5.02499900,0.00256410, 2, 255, 7, 24,0x0,No,No,No,No,No,No,No,No
2026-04-09 20:11:04,1.5,2400,910,,910,960,44,,200,,,648,,69.2,0.9033,0.6000,0.6000,1.1000,0.06245952,0.10735230,0.16590810,0.00780744,0.00000000,0.19908970,0.33376810,1.83958000,0.00024420,0.00018315,0.00543345,0.00891330,3.57914200,3.30168200,1.80073100,1.11391800,0.61941330,1.10659200,0.80292960,0.90739830,3.31959400,3.31501500,0.79794790,5.01964000,5.01964000,0.00256410, 2, 255, 7, 24,0x0,No,No,No,No,No,No,No,No
2026-04-09 20:11:06,2.0,2400,910,,910,960,44,,200,,,648,,68.6,0.9033,0.6000,0.6000,1.1000,0.00000000,0.10052080,0.16590810,0.00585558,0.00000000,0.19908970,0.33279210,1.82172000,0.00012210,0.00018315,0.00543345,0.00915750,3.58656500,3.30724900,1.80317300,1.10805800,0.61831440,1.10842400,0.80292960,0.90659250,3.31959400,3.31409900,0.79794790,5.03304000,5.02768000,0.00256410, 2, 255, 7, 24,0x0,No,No,No,No,No,No,No,No
2026-04-09 20:11:08,0.0,2400,910,,910,960,43,,200,,,648,,68.6,0.9033,0.6000,0.6000,1.1000,0.00000000,0.10052080,0.16688400,0.00683151,0.00000000,0.19908970,0.33181620,1.83065000,0.00006105,0.00042735,0.00586080,0.00940170,3.59491700,3.31931300,1.80415000,1.10732500,0.61758180,1.10659200,0.79963290,0.90659250,3.31867800,3.31501500,0.79677580,5.02634000,5.02634000,0.00341880, 2, 255, 7, 24,0x0,No,No,No,No,No,No,No,No
2026-04-09 20:11:10,0.2,2400,910,,910,960,44,,200,,,648,,68.1,0.9033,0.6000,0.6000,1.1000,0.00000000,0.09954486,0.16590810,0.00585558,0.00000000,0.19908970,0.33376810,1.83065000,0.00006105,0.00042735,0.00549450,0.00927960,3.58934900,3.32766400,1.81294100,1.10769100,0.61904700,1.10842400,0.80219700,0.90712980,3.31867800,3.31226800,0.79794790,5.02499900,5.03170000,0.00256410, 2, 255, 7, 24,0x0,No,No,No,No,No,No,No,No
2026-04-09 20:11:13,0.2,2400,910,,910,960,44,,200,,,648,,68.6,0.9033,0.6000,0.6000,1.1000,0.00000000,0.10247270,0.16395620,0.02049453,0.00000000,0.20006570,0.32986440,1.83958000,0.00000000,0.00042735,0.00555555,0.00915750,3.59213300,3.30168200,1.80903400,1.10439400,0.61758180,1.10842400,0.80292960,0.90739830,3.31776200,3.31318300,0.79794790,5.02098000,5.02499900,0.00256410, 2, 255, 7, 24,0x0,No,No,No,No,No,No,No,No
2026-04-09 20:11:15,0.0,2400,910,,910,960,44,,200,,,648,,68.6,0.9033,0.6000,0.6000,1.1000,0.00000000,0.11906350,0.16786000,0.00683151,0.00000000,0.19811380,0.33376810,1.82172000,0.00000000,0.00042735,0.00610500,0.00976800,3.59491700,3.31188900,1.79682400,1.10769100,0.61794810,1.10586000,0.80256330,0.90659250,3.31959400,3.31226800,0.79794790,5.02634000,5.02768000,0.00256410, 2, 255, 7, 24,0x0,No,No,No,No,No,No,No,No
2026-04-09 20:11:17,1.8,2400,910,,910,960,44,,200,,,648,,68.6,0.9033,0.6000,0.6000,1.1000,0.00000000,0.10540040,0.16981180,0.00585558,0.00000000,0.20006570,0.33181620,1.83065000,0.00006105,0.00042735,0.00586080,0.00866910,3.59491700,3.31188900,1.80415000,1.11208700,0.61758180,1.10659200,0.80292960,0.90686110,3.31867800,3.31318300,0.79794790,5.02768000,5.02499900,0.00256410, 2, 255, 7, 24,0x0,No,No,No,No,No,No,No,No
2026-04-09 20:11:19,0.0,2400,910,,910,960,43,,200,,,648,,68.6,0.9033,0.6000,0.6000,1.1000,0.00000000,0.10442450,0.16786000,0.00780744,0.00000000,0.20982490,0.33279210,1.83958000,0.00012210,0.00018315,0.00586080,0.00952380,3.59120500,3.35550300,1.80610300,1.11282000,0.61831440,1.10586000,0.79963290,0.90793570,3.31867800,3.31501500,0.79794790,5.02634000,5.03706000,0.00341880, 2, 255, 7, 24,0x0,No,No,No,No,No,No,No,No
2026-04-09 20:11:21,0.0,2400,910,,910,960,44,,200,,,648,,69.2,0.9033,0.6000,0.6000,1.1000,0.00000000,0.09856894,0.16688400,0.00683151,0.00000000,0.20006570,0.33279210,1.83065000,0.00000000,0.00042735,0.00525030,0.00940170,3.59677300,3.31374500,1.80121900,1.11355200,0.61868070,1.10732500,0.80292960,0.90686110,3.31959400,3.31226800,0.79794790,5.02499900,5.03706000,0.00256410, 2, 255, 7, 24,0x0,No,No,No,No,No,No,No,No
2026-04-09 20:11:23,0.0,2400,910,,910,960,44,,200,,,648,,69.2,0.9033,0.6000,0.6000,1.1000,0.00000000,0.09954486,0.16688400,0.00585558,0.00000000,0.19908970,0.33474400,2.50040000,0.00006105,0.00042735,0.00525030,0.00940170,3.58471000,3.31931300,1.80512600,1.10732500,0.60769170,1.10549400,0.80036550,0.90766700,3.31959400,3.31318300,0.79794790,5.02366000,5.02902000,0.00256410, 2, 255, 7, 24,0x0,No,No,No,No,No,No,No,No
2026-04-09 20:11:25,2.5,2400,910,,910,960,44,,200,,,648,,69.7,0.9033,0.6000,0.6000,1.1000,0.00000000,0.10832820,0.16883590,0.00780744,0.00000000,0.20884900,0.33474400,1.83065000,0.00012210,0.00042735,0.00561660,0.00952380,3.59120500,3.35735900,1.80463800,1.11391800,0.61831440,1.10549400,0.80073180,0.90739830,3.32050900,3.31318300,0.79765500,5.02768000,5.02768000,0.00256410, 2, 255, 7, 24,0x0,No,No,No,No,No,No,No,No
2026-04-09 20:11:27,1.5,1500,500,,500,500,44,,200,,,648,,68.6,0.7200,0.6000,0.6000,1.1000,0.00000000,0.09856894,0.16102850,0.01171116,0.00000000,0.19908970,0.33084030,1.14304000,0.00024420,0.00042735,0.00531135,0.00903540,3.60419700,3.31374500,1.80512600,1.10439400,0.61721550,1.10659200,0.80219700,0.72205060,3.31959400,3.31318300,0.79794790,5.06788000,5.06117900,0.00256410, 2, 255, 7, 24,0x0,No,No,No,No,No,No,No,No
2026-04-09 20:11:30,0.0,1500,500,,500,500,44,,200,,,648,,68.1,0.7200,0.6000,0.6000,1.1000,0.00000000,0.10344860,0.16102850,0.00585558,0.00000000,0.19908970,0.33279210,1.12518000,0.00000000,0.00018315,0.00543345,0.00952380,3.60512400,3.30168200,1.80317300,1.10805800,0.61648290,1.10915600,0.80109810,0.72178200,3.31776200,3.31318300,0.79794790,5.05850000,5.06252000,0.00256410, 2, 255, 7, 24,0x0,No,No,No,No,No,No,No,No
2026-04-09 20:11:32,0.0,1500,500,,500,500,44,,200,,,648,,65.3,0.7200,0.6000,0.6000,1.1000,0.00000000,0.10149670,0.16200440,0.00780744,0.00000000,0.20006570,0.33181620,1.12518000,0.00024420,0.00042735,0.00531135,0.00927960,3.60790800,3.31188900,1.80512600,1.10915600,0.61831440,1.10769100,0.80109810,0.72178200,3.31959400,3.31318300,0.79794790,5.05984000,5.06520000,0.00341880, 2, 255, 7, 24,0x0,No,No,No,No,No,No,No,No
2026-04-09 20:11:34,0.0,2400,910,,910,960,44,,200,,,648,,67.5,0.9033,0.6000,0.6000,1.1000,0.00000000,0.10149670,0.16395620,0.00683151,0.00000000,0.19811380,0.33474400,1.80386000,0.00012210,0.00042735,0.00537240,0.00940170,3.59027700,3.30260900,1.80415000,1.10879000,0.61831440,1.10805800,0.80329590,0.90686110,3.31867800,3.31318300,0.79794790,5.03304000,5.03170000,0.00341880, 2, 255, 7, 24,0x0,No,No,No,No,No,No,No,No
2026-04-09 20:11:36,0.0,2400,910,,910,960,44,,200,,,648,,68.1,0.9033,0.6000,0.6000,1.1000,0.00000000,0.10832820,0.16786000,0.00878337,0.00000000,0.20006570,0.33474400,1.81279000,0.00012210,0.00042735,0.00586080,0.00866910,3.58378200,3.31188900,1.79682400,1.10805800,0.61684920,1.10659200,0.80146440,0.90712980,3.31959400,3.31318300,0.79794790,5.02232000,5.02098000,0.00256410, 2, 255, 7, 24,0x0,No,No,No,No,No,No,No,No
2026-04-09 20:11:38,2.0,2400,910,,910,960,44,,200,,,648,,68.6,0.9033,0.6000,0.6000,1.1000,0.00000000,0.10149670,0.16883590,0.01171116,0.00000000,0.19713790,0.33181620,1.82172000,0.00006105,0.00042735,0.00525030,0.00952380,3.56986200,3.31188900,1.80415000,1.10732500,0.61941330,1.10586000,0.80402850,0.90766700,3.31776200,3.31318300,0.79794790,5.00222000,4.99284000,0.00256410, 2, 255, 7, 24,0x0,No,No,No,No,No,No,No,No
2026-04-09 20:11:40,0.0,2400,910,,910,960,44,,200,,,648,,69.2,0.9033,0.6000,0.6000,1.1000,0.00000000,0.10637640,0.16883590,0.00975930,0.00000000,0.19811380,0.33376810,1.83065000,0.00012210,0.00018315,0.00549450,0.00952380,3.59213300,3.31931300,1.80463800,1.10366200,0.61868070,1.10842400,0.80292960,0.90712980,3.31959400,3.31409900,0.79794790,5.03572000,5.03572000,0.00341880, 2, 255, 7, 24,0x0,No,No,No,No,No,No,No,No
2026-04-09 20:11:42,0.5,1500,500,,500,704,44,,200,,,648,,69.2,0.8346,0.6000,0.6000,1.1000,0.00000000,0.10442450,0.16200440,0.00683151,0.00000000,0.20299340,0.33279210,1.50024000,0.00000000,0.00042735,0.00482295,0.00940170,3.59862900,3.31374500,1.80073100,1.10439400,0.61794810,1.10842400,0.80292960,0.83782580,3.31959400,3.31318300,0.79794790,5.05046000,5.05046000,0.00341880, 2, 255, 7, 24,0x0,No,No,No,No,No,No,No,No
2026-04-09 20:11:45,0.0,1500,500,,500,500,44,,200,,,648,,68.1,0.7200,0.6000,0.6000,1.1000,0.00000000,0.10052080,0.15907660,0.00683151,0.00000000,0.19908970,0.33571990,1.13411000,0.00012210,0.00042735,0.00586080,0.00927960,3.59027700,3.31374500,1.80415000,1.10695900,0.61758180,1.10659200,0.79963290,0.72231920,3.31959400,3.31409900,0.79824100,5.05448000,5.07860000,0.00256410, 2, 255, 7, 24,0x0,No,No,No,No,No,No,No,No
2026-04-09 20:11:47,0.0,1500,500,,500,500,44,,200,,,648,,65.9,0.7200,0.6000,0.6000,1.1000,0.00000000,0.10149670,0.16005250,0.01171116,0.00000000,0.19713790,0.32888840,1.12518000,0.00012210,0.00042735,0.00555555,0.00915750,3.60976400,3.30724900,1.80561500,1.10439400,0.61977960,1.10439400,0.79963290,0.72151340,3.31867800,3.31226800,0.79794790,5.06788000,5.06386000,0.00256410, 2, 255, 7, 24,0x0,No,No,No,No,No,No,No,No
2026-04-09 20:11:49,0.5,2400,910,,910,960,44,,200,,,648,,68.1,0.9033,0.6000,0.6000,1.1000,0.00000000,0.10149670,0.16786000,0.00780744,0.00000000,0.19811380,0.33474400,1.80386000,0.00012210,0.00042735,0.00525030,0.00915750,3.59120500,3.35550300,1.80415000,1.11208700,0.61941330,1.10586000,0.80256330,0.90766700,3.31776200,3.31318300,0.79824100,5.02902000,5.03304000,0.00256410, 2, 255, 7, 24,0x0,No,No,No,No,No,No,No,No
2026-04-09 20:11:51,0.0,2400,910,,910,960,44,,200,,,648,,68.1,0.9033,0.6000,0.6000,1.1000,0.00000000,0.10149670,0.16786000,0.00683151,0.00000000,0.19616190,0.33181620,1.81279000,0.00024420,0.00018315,0.00586080,0.00915750,3.57914200,3.30724900,1.80708000,1.11355200,0.61794810,1.10952300,0.80292960,0.90712980,3.31776200,3.31409900,0.79794790,4.99284000,5.02768000,0.00256410, 2, 255, 7, 24,0x0,No,No,No,No,No,No,No,No
2026-04-09 20:11:53,2.5,2400,910,,910,960,44,,200,,,648,,68.1,0.9033,0.6000,0.6000,1.1000,0.00000000,0.10247270,0.16981180,0.00195186,0.00000000,0.19713790,0.33474400,1.81279000,0.00012210,0.00042735,0.00555555,0.01001220,3.59584500,3.30724900,1.81294100,1.11208700,0.61831440,1.10915600,0.80439480,0.90766700,3.32142500,3.31318300,0.79794790,5.03304000,5.03840000,0.00341880, 2, 255, 7, 24,0x0,No,No,No,No,No,No,No,No
2026-04-09 20:11:55,0.0,2400,910,,910,960,44,,200,,,648,,69.2,0.9033,0.6000,0.6000,1.1000,0.00000000,0.10149670,0.17078780,0.02830197,0.00000000,0.19811380,0.35328660,2.93797000,0.00024420,0.00042735,0.00518925,0.00989010,3.57264600,3.30724900,1.80463800,1.11355200,0.60366240,1.10952300,0.80036550,0.90739830,3.31959400,3.31409900,0.79824100,4.97944000,4.98748000,0.00256410, 2, 255, 7, 24,0x0,No,No,No,No,No,No,No,No
2026-04-09 20:11:57,2.8,2400,910,,910,960,44,,200,,,648,,68.1,0.9033,0.6000,0.6000,1.1000,0.00000000,0.09954486,0.16590810,0.00780744,0.00000000,0.19908970,0.33279210,1.82172000,0.00012210,0.00042735,0.00555555,0.00915750,3.59213300,3.30168200,1.79682400,1.10695900,0.61794810,1.10842400,0.80146440,0.90712980,3.31867800,3.31409900,0.79882700,5.02902000,5.03170000,0.00341880, 2, 255, 7, 24,0x0,No,No,No,No,No,No,No,No
2026-04-09 20:12:00,0.0,1500,500,,500,500,44,,200,,,648,,66.4,0.7200,0.6000,0.6000,1.1000,0.00000000,0.09856894,0.16200440,0.01366302,0.00000000,0.20006570,0.33181620,1.13411000,0.00012210,0.00018315,0.00537240,0.00903540,3.61533200,3.32766400,1.80463800,1.11208700,0.61831440,1.10659200,0.80219700,0.72231920,3.31776200,3.31409900,0.79882700,5.07056000,5.06922000,0.00256410, 2, 255, 7, 24,0x0,No,No,No,No,No,No,No,No
2026-04-09 20:12:02,0.0,2400,910,,910,960,44,,200,,,648,,68.1,0.9033,0.6000,0.6000,1.1000,0.00000000,0.10149670,0.16688400,0.00487965,0.00000000,0.20006570,0.32888840,1.81279000,0.00012210,0.00042735,0.00586080,0.00903540,3.59491700,3.30353800,1.80415000,1.10732500,0.61758180,1.10842400,0.80292960,0.90739830,3.31867800,3.31226800,0.79794790,5.03572000,5.03974000,0.00256410, 2, 255, 7, 24,0x0,No,No,No,No,No,No,No,No
2026-04-09 20:12:04,1.0,2400,910,,910,960,44,,200,,,648,,68.1,0.9033,0.6000,0.6000,1.1000,0.00000000,0.10540040,0.16688400,0.00487965,0.00000000,0.19908970,0.33084030,1.82172000,0.00006105,0.00054945,0.00525030,0.00976800,3.59862900,3.31188900,1.80512600,1.11355200,0.61721550,1.10586000,0.80256330,0.90739830,3.31959400,3.31226800,0.79794790,5.02634000,5.03304000,0.00256410, 2, 255, 7, 24,0x0,No,No,No,No,No,No,No,No
2026-04-09 20:12:06,0.0,1500,500,,500,500,44,,200,,,648,,67.0,0.7200,0.6000,0.6000,1.1000,0.00000000,0.11418380,0.15907660,0.00585558,0.00000000,0.20884900,0.33474400,1.13411000,0.00024420,0.00042735,0.00525030,0.00940170,3.61069200,3.30446500,1.80903400,1.11465100,0.61794810,1.10915600,0.79963290,0.72178200,3.31776200,3.31318300,0.79824100,5.07056000,5.06117900,0.00256410, 2, 255, 7, 24,0x0,No,No,No,No,No,No,No,No
2026-04-09 20:12:08,0.0,1500,500,,500,500,44,,200,,,648,,66.4,0.7200,0.6000,0.6000,1.1000,0.00000000,0.10149670,0.16102850,0.01171116,0.00000000,0.20006570,0.33084030,1.11625000,0.00012210,0.00042735,0.00561660,0.00976800,3.60512400,3.32952100,1.80463800,1.11465100,0.60476130,1.10586000,0.80219700,0.72178200,3.31684600,3.31318300,0.79824100,5.05314000,5.05984000,0.00341880, 2, 255, 7, 24,0x0,No,No,No,No,No,No,No,No
2026-04-09 20:12:10,0.0,2400,910,,910,960,44,,200,,,648,,67.5,0.9033,0.6000,0.6000,1.1000,0.00000000,0.10052080,0.16786000,0.00585558,0.00000000,0.19811380,0.33376810,1.80386000,0.00012210,0.00042735,0.00586080,0.00964590,3.59677300,3.35735900,1.79877700,1.11355200,0.61904700,1.10952300,0.80256330,0.90739830,3.31959400,3.31501500,0.79824100,5.02634000,5.03974000,0.00341880, 2, 255, 7, 24,0x0,No,No,No,No,No,No,No,No
2026-04-09 20:12:12,0.0,2400,910,,910,960,44,,200,,,648,,69.2,0.9033,0.6000,0.6000,1.1000,0.00000000,0.10149670,0.16493220,0.00390372,0.00000000,0.19713790,0.33376810,1.81279000,0.00006105,0.00042735,0.00500610,0.00915750,3.59862900,3.31188900,1.80903400,1.11025500,0.61758180,1.10549400,0.80402850,0.90739830,3.31867800,3.31226800,0.79794790,5.02499900,5.03170000,0.00341880, 2, 255, 7, 24,0x0,No,No,No,No,No,No,No,No
2026-04-09 20:12:15,1.7,2400,910,,910,960,44,,200,,,648,,68.6,0.9033,0.6000,0.6000,1.1000,0.00000000,0.10247270,0.16883590,0.00487965,0.00000000,0.19908970,0.33181620,1.80386000,0.00006105,0.00042735,0.00549450,0.00964590,3.58842100,3.30168200,1.81342900,1.11355200,0.61794810,1.11062200,0.80292960,0.90766700,3.32050900,3.31318300,0.79824100,5.02768000,5.03304000,0.00256410, 2, 255, 7, 24,0x0,No,No,No,No,No,No,No,No
2026-04-09 20:12:17,0.0,2400,910,,910,960,44,,200,,,648,,69.7,0.9033,0.6000,0.6000,1.1000,0.00000000,0.10149670,0.16688400,0.00780744,0.00000000,0.19713790,0.33084030,1.82172000,0.00006105,0.00042735,0.00543345,0.00915750,3.59213300,3.32766400,1.79877700,1.11282000,0.61648290,1.10842400,0.79963290,0.90686110,3.31867800,3.31501500,0.79736190,5.04108000,5.03170000,0.00256410, 2, 255, 7, 24,0x0,No,No,No,No,No,No,No,No
2026-04-09 20:12:19,0.8,1500,500,,500,500,44,,200,,,648,,67.5,0.9033,0.6000,0.6000,1.1000,0.00000000,0.10052080,0.16688400,0.00780744,0.00000000,0.19908970,0.33376810,1.79493000,0.00006105,0.00018315,0.00543345,0.00952380,3.59027700,3.32766400,1.79682400,1.10695900,0.61208730,1.10915600,0.80439480,0.90659250,3.32050900,3.31409900,0.79794790,5.02634000,5.02634000,0.00256410, 2, 255, 7, 24,0x0,No,No,No,No,No,No,No,No
2026-04-09 20:12:21,0.0,2400,910,,910,960,44,,200,,,648,,68.6,0.9033,0.6000,0.6000,1.1000,0.00000000,0.09856894,0.16590810,0.00878337,0.00000000,0.20006570,0.33181620,1.81279000,0.00006105,0.00042735,0.00531135,0.00976800,3.59213300,3.30724900,1.80463800,1.11355200,0.61831440,1.10659200,0.80073180,0.90712980,3.31959400,3.31409900,0.79794790,5.03036000,5.02902000,0.00256410, 2, 255, 7, 24,0x0,No,No,No,No,No,No,No,No
2026-04-09 20:12:23,0.2,2400,910,,910,960,44,,200,,,648,,68.6,0.9033,0.6000,0.6000,1.1000,0.00000000,0.10344860,0.16883590,0.00683151,0.00000000,0.19713790,0.32986440,1.82172000,0.00012210,0.00042735,0.00518925,0.00940170,3.59306100,3.30724900,1.79682400,1.11208700,0.61868070,1.10879000,0.80366220,0.90766700,3.32050900,3.31318300,0.79765500,5.03438000,5.03706000,0.00256410, 2, 255, 7, 24,0x0,No,No,No,No,No,No,No,No
2026-04-09 20:12:25,0.0,2400,910,,910,960,44,,200,,,648,,68.1,0.9033,0.6000,0.6000,1.1000,0.00000000,0.10052080,0.16395620,0.00780744,0.00000000,0.20006570,0.33376810,1.81279000,0.00006105,0.00042735,0.00531135,0.00964590,3.59677300,3.31188900,1.80512600,1.11025500,0.61831440,1.10915600,0.80256330,0.90712980,3.32050900,3.31409900,0.79794790,5.03572000,5.02232000,0.00341880, 2, 255, 7, 24,0x0,No,No,No,No,No,No,No,No
2026-04-09 20:12:27,1.2,2400,910,,910,960,44,,200,,,648,,69.2,0.9033,0.6000,0.6000,1.1000,0.00000000,0.10344860,0.16786000,0.05757987,0.00000000,0.19713790,0.34450330,2.98262000,0.00012210,0.00018315,0.00549450,0.00903540,3.60419700,3.31188900,1.80415000,1.10769100,0.60439500,1.10732500,0.80292960,0.90739830,3.31867800,3.31318300,0.79824100,5.05314000,5.05046000,0.00341880, 2, 255, 7, 24,0x0,No,No,No,No,No,No,No,No
2026-04-09 20:12:30,4.5,2400,910,,910,960,44,,200,,,648,,68.1,0.9033,0.6000,0.6000,1.1000,0.00000000,0.09954486,0.16688400,0.00780744,0.00000000,0.19908970,0.33181620,1.83065000,0.00012210,0.00018315,0.00537240,0.00940170,3.59213300,3.30168200,1.80708000,1.11391800,0.61794810,1.10915600,0.79999920,0.90766700,3.31776200,3.31501500,0.79882700,5.03304000,5.04108000,0.00256410, 2, 255, 7, 24,0x0,No,No,No,No,No,No,No,No
2026-04-09 20:12:32,0.0,2400,910,,910,960,44,,200,,,648,,68.6,0.9033,0.6000,0.6000,1.1000,0.00000000,0.09661707,0.16786000,0.01268709,0.00000000,0.19713790,0.33181620,1.83958000,0.00006105,0.00042735,0.00543345,0.00940170,3.59398900,3.30724900,1.80415000,1.11282000,0.61575030,1.10842400,0.80329590,0.90739830,3.31959400,3.31501500,0.79736190,5.01562000,5.02634000,0.00256410, 2, 255, 7, 24,0x0,No,No,No,No,No,No,No,No
2026-04-09 20:12:34,0.0,2400,910,,910,960,44,,200,,,648,,69.2,0.9033,0.6000,0.6000,1.1000,0.00000000,0.10052080,0.16493220,0.00683151,0.00000000,0.19908970,0.33084030,1.82172000,0.00012210,0.00018315,0.00586080,0.00940170,3.59306100,3.31188900,1.80512600,1.10586000,0.61831440,1.10659200,0.80439480,0.90739830,3.32234100,3.31318300,0.79765500,5.03170000,5.02634000,0.00341880, 2, 255, 7, 24,0x0,No,No,No,No,No,No,No,No
2026-04-09 20:12:36,0.0,2400,910,,910,960,44,,200,,,648,,69.2,0.9033,0.6000,0.6000,1.1000,0.00000000,0.10344860,0.16883590,0.00683151,0.00000000,0.20006570,0.33376810,1.83065000,0.00012210,0.00042735,0.00525030,0.00976800,3.59213300,3.32952100,1.80512600,1.11391800,0.62014590,1.10915600,0.79963290,0.90712980,3.31776200,3.31318300,0.79765500,5.03438000,5.03572000,0.00341880, 2, 255, 7, 24,0x0,No,No,No,No,No,No,No,No
2026-04-09 20:12:38,0.0,2400,910,,910,960,44,,200,,,648,,68.6,0.9033,0.6000,0.6000,1.1000,0.00000000,0.10247270,0.16786000,0.00683151,0.00000000,0.19908970,0.33279210,1.82172000,0.00006105,0.00042735,0.00549450,0.00940170,3.58842100,3.30724900,1.81342900,1.10732500,0.60842430,1.10915600,0.80256330,0.90712980,3.31776200,3.31409900,0.79794790,5.02902000,5.03438000,0.00256410, 2, 255, 7, 24,0x0,No,No,No,No,No,No,No,No
2026-04-09 20:12:40,1.7,2400,910,,910,960,44,,200,,,648,,68.6,0.9033,0.6000,0.6000,1.1000,0.00000000,0.10149670,0.16883590,0.00487965,0.00000000,0.19908970,0.33084030,1.81279000,0.00012210,0.00018315,0.00537240,0.00976800,3.59120500,3.31374500,1.80366100,1.11428500,0.61904700,1.10842400,0.80109810,0.90793570,3.31959400,3.31501500,0.79794790,5.02232000,5.03036000,0.00256410, 2, 255, 7, 24,0x0,No,No,No,No,No,No,No,No
2026-04-09 20:12:42,1.0,2400,910,,910,960,43,,200,,,648,,68.1,0.9033,0.6000,0.6000,1.1000,0.00000000,0.10052080,0.16590810,0.00585558,0.00000000,0.19811380,0.33084030,1.82172000,0.00006105,0.00042735,0.00537240,0.00976800,3.58471000,3.32766400,1.80073100,1.11391800,0.61868070,1.10659200,0.80292960,0.90686110,3.31959400,3.31226800,0.79794790,5.00624000,4.99418000,0.00341880, 2, 255, 7, 24,0x0,No,No,No,No,No,No,No,No
2026-04-09 20:12:44,0.2,2400,910,,910,960,44,,200,,,648,,67.0,0.9033,0.6000,0.6000,1.1000,0.00000000,0.10344860,0.16688400,0.00585558,0.00000000,0.19908970,0.33474400,1.82172000,0.00006105,0.00042735,0.00525030,0.00989010,3.59584500,3.31931300,1.80512600,1.11025500,0.61868070,1.10915600,0.80146440,0.90712980,3.31959400,3.31409900,0.79794790,5.02634000,5.03170000,0.00256410, 2, 255, 7, 24,0x0,No,No,No,No,No,No,No,No
2026-04-09 20:12:47,0.0,2400,910,,910,960,44,,200,,,648,,68.6,0.9033,0.6000,0.6000,1.1000,0.00000000,0.10149670,0.16883590,0.01268709,0.00000000,0.20006570,0.33279210,1.83958000,0.00006105,0.00042735,0.00531135,0.00952380,3.58563700,3.32952100,1.80512600,1.11355200,0.61501770,1.10952300,0.80292960,0.90712980,3.31867800,3.31226800,0.79824100,5.03304000,5.03170000,0.00341880, 2, 255, 7, 24,0x0,No,No,No,No,No,No,No,No
2026-04-09 20:12:49,0.0,2400,910,,910,960,43,,200,,,648,,68.1,0.9033,0.6000,0.6000,1.1000,0.00000000,0.10149670,0.16786000,0.00878337,0.00000000,0.19811380,0.33474400,1.82172000,0.00012210,0.00042735,0.00518925,0.00952380,3.59862900,3.31188900,1.80415000,1.11282000,0.61831440,1.10805800,0.80146440,0.90686110,3.31959400,3.31409900,0.79794790,5.02634000,5.04644000,0.00341880, 2, 255, 7, 24,0x0,No,No,No,No,No,No,No,No
2026-04-09 20:12:51,1.8,2400,910,,910,960,44,,200,,,648,,69.2,0.9033,0.6000,0.6000,1.1000,0.00000000,0.10247270,0.16590810,0.00683151,0.00000000,0.20104160,0.33279210,1.83065000,0.00006105,0.00042735,0.00586080,0.00989010,3.59120500,3.31188900,1.80561500,1.10732500,0.62014590,1.10586000,0.80292960,0.90739830,3.32050900,3.31318300,0.79765500,5.03170000,5.02768000,0.00256410, 2, 255, 7, 24,0x0,No,No,No,No,No,No,No,No
2026-04-09 20:12:53,0.0,2400,910,,910,960,44,,200,,,648,,69.7,0.9033,0.6000,0.6000,1.1000,0.00000000,0.10052080,0.16590810,0.00878337,0.00000000,0.20884900,0.33474400,1.83065000,0.00006105,0.00042735,0.00531135,0.00940170,3.59213300,3.30724900,1.80415000,1.10805800,0.61831440,1.10915600,0.80109810,0.90712980,3.32142500,3.31409900,0.79794790,5.02768000,5.02902000,0.00256410, 2, 255, 7, 24,0x0,No,No,No,No,No,No,No,No
2026-04-09 20:12:55,0.0,2400,910,,910,960,44,,200,,,648,,68.1,0.7200,0.6000,0.6000,1.1000,0.00000000,0.10052080,0.16102850,0.00975930,0.00000000,0.19811380,0.33571990,1.16090000,0.00012210,0.00042735,0.00531135,0.00903540,3.61347600,3.31188900,1.80415000,1.10769100,0.61868070,1.10842400,0.80219700,0.72231920,3.31959400,3.31409900,0.79824100,5.07190000,5.07592000,0.00256410, 2, 255, 7, 24,0x0,No,No,No,No,No,No,No,No
2026-04-09 20:12:57,0.0,2400,910,,910,960,44,,200,,,648,,68.1,0.9033,0.6000,0.6000,1.1000,0.00000000,0.10149670,0.16688400,0.00975930,0.00000000,0.19811380,0.33474400,1.83065000,0.00006105,0.00042735,0.00506715,0.00964590,3.58842100,3.30168200,1.81342900,1.11062200,0.61831440,1.10732500,0.80292960,0.90659250,3.31959400,3.31409900,0.79794790,5.02634000,5.03304000,0.00256410, 2, 255, 7, 24,0x0,No,No,No,No,No,No,No,No
2026-04-09 20:12:59,1.3,2400,910,,910,960,44,,200,,,648,,69.2,0.9033,0.6000,0.6000,1.1000,0.06050766,0.09954486,0.17078780,0.05953173,0.00000000,0.20006570,0.34938290,2.92904000,0.00012210,0.00018315,0.00531135,0.00952380,3.56522200,3.30724900,1.80415000,1.10659200,0.60183090,1.10915600,0.80292960,0.90766700,3.31776200,3.31409900,0.79882700,4.98480000,4.91378000,0.00341880, 2, 255, 7, 24,0x0,No,No,No,No,No,No,No,No
2026-04-09 20:13:01,5.0,2400,910,,910,960,44,,200,,,648,,70.8,0.9033,0.6000,0.6000,1.1000,0.05465208,0.10149670,0.16786000,0.00683151,0.00000000,0.19908970,0.33279210,1.83065000,0.00012210,0.00042735,0.00543345,0.00976800,3.58099800,3.30724900,1.80512600,1.11355200,0.61831440,1.10659200,0.80879040,0.90739830,3.31684600,3.31318300,0.79824100,5.01830000,5.03036000,0.00256410, 2, 255, 7, 24,0x0,No,No,No,No,No,No,No,No
2026-04-09 20:13:04,0.0,2400,910,,910,960,44,,200,,,648,,68.6,0.9033,0.6000,0.6000,1.1000,0.06245952,0.10149670,0.16688400,0.00878337,0.00000000,0.19713790,0.33181620,1.82172000,0.00012210,0.00042735,0.00531135,0.00915750,3.57635800,3.32766400,1.80366100,1.10439400,0.61831440,1.10915600,0.80109810,0.90793570,3.31867800,3.31409900,0.79794790,5.02499900,5.02634000,0.00341880, 2, 255, 7, 24,0x0,No,No,No,No,No,No,No,No
2026-04-09 20:13:06,0.0,1500,500,,545,551,43,,200,,,648,,68.1,0.7933,0.6000,0.6000,1.1000,0.00000000,0.10930420,0.16395620,0.00487965,0.00000000,0.19908970,0.33181620,1.32164000,0.00000000,0.00042735,0.00506715,0.00940170,3.60234100,3.30724900,1.80512600,1.10732500,0.60586020,1.10952300,0.80219700,0.79726420,3.31959400,3.31226800,0.79794790,5.05448000,5.05716000,0.00341880, 2, 255, 7, 24,0x0,No,No,No,No,No,No,No,No
2026-04-09 20:13:08,0.0,2400,910,,910,960,44,,200,,,648,,69.2,0.9033,0.6000,0.6000,1.1000,0.00000000,0.10637640,0.16786000,0.00390372,0.00000000,0.20884900,0.33084030,1.82172000,0.00006105,0.00042735,0.00549450,0.00927960,3.59398900,3.32766400,1.80073100,1.10695900,0.61904700,1.10659200,0.80256330,0.90766700,3.31867800,3.31318300,0.79794790,5.04242000,5.03572000,0.00341880, 2, 255, 7, 24,0x0,No,No,No,No,No,No,No,No
2026-04-09 20:13:10,0.0,2400,910,,910,960,44,,200,,,648,,69.2,0.9033,0.6000,0.6000,1.1000,0.00000000,0.10344860,0.16493220,0.00780744,0.00000000,0.20396940,0.32986440,1.83958000,0.00012210,0.00018315,0.00531135,0.00976800,3.59306100,3.30724900,1.80561500,1.11025500,0.61941330,1.10952300,0.80256330,0.90766700,3.31776200,3.31318300,0.79765500,5.02768000,5.02634000,0.00341880, 2, 255, 7, 24,0x0,No,No,No,No,No,No,No,No
2026-04-09 20:13:12,0.0,2400,910,,910,960,44,,200,,,648,,69.2,0.9033,0.6000,0.6000,1.1000,0.00000000,0.10247270,0.16688400,0.00878337,0.00000000,0.21763240,0.33279210,1.83958000,0.00012210,0.00042735,0.00525030,0.00940170,3.59120500,3.31374500,1.80415000,1.10695900,0.61941330,1.10549400,0.80183080,0.90766700,3.32050900,3.31501500,0.79824100,5.02902000,5.02634000,0.00256410, 2, 255, 7, 24,0x0,No,No,No,No,No,No,No,No
2026-04-09 20:13:14,0.0,2400,910,,910,960,44,,200,,,648,,68.1,0.9033,0.6000,0.6000,1.1000,0.00000000,0.10149670,0.16590810,0.00683151,0.00000000,0.19908970,0.33376810,1.83065000,0.00012210,0.00042735,0.00555555,0.00915750,3.59491700,3.30724900,1.81294100,1.11355200,0.61758180,1.10952300,0.80256330,0.90766700,3.32050900,3.31318300,0.79824100,5.02902000,5.03840000,0.00341880, 2, 255, 7, 24,0x0,No,No,No,No,No,No,No,No
2026-04-09 20:13:16,1.8,2400,910,,910,960,44,,200,,,648,,68.6,0.9033,0.6000,0.6000,1.1000,0.00000000,0.10247270,0.16883590,0.00683151,0.00000000,0.20884900,0.32888840,1.83065000,0.00012210,0.00042735,0.00586080,0.00915750,3.59306100,3.30724900,1.80366100,1.11025500,0.61465140,1.10586000,0.80109810,0.90712980,3.31959400,3.31226800,0.79794790,5.01562000,5.03572000,0.00256410, 2, 255, 7, 24,0x0,No,No,No,No,No,No,No,No
2026-04-09 20:13:19,0.0,2400,910,,910,960,44,,200,,,648,,69.2,0.9033,0.6000,0.6000,1.1000,0.00000000,0.10247270,0.16786000,0.00390372,0.00000000,0.20006570,0.33279210,1.83958000,0.00012210,0.00042735,0.00586080,0.01001220,3.59491700,3.30446500,1.81342900,1.11208700,0.61721550,1.10915600,0.80109810,0.90739830,3.31959400,3.31409900,0.79794790,5.03304000,5.03170000,0.00341880, 2, 255, 7, 24,0x0,No,No,No,No,No,No,No,No
2026-04-09 20:13:21,0.0,2400,910,,910,960,44,,200,,,648,,68.6,0.9033,0.6000,0.6000,1.1000,0.00000000,0.10930420,0.16493220,0.00780744,0.00000000,0.20006570,0.33279210,1.84851000,0.00012210,0.00042735,0.00549450,0.01025640,3.58471000,3.31374500,1.80463800,1.10805800,0.61684920,1.10915600,0.79963290,0.90739830,3.31959400,3.31501500,0.79824100,5.03170000,5.04912000,0.00256410, 2, 255, 7, 24,0x0,No,No,No,No,No,No,No,No
2026-04-09 20:13:23,0.0,2400,910,,910,960,44,,200,,,648,,69.7,0.9033,0.6000,0.6000,1.1000,0.00000000,0.09954486,0.16883590,0.00683151,0.00000000,0.22056020,0.33181620,1.83065000,0.00012210,0.00042735,0.00586080,0.00976800,3.58934900,3.31931300,1.80366100,1.10879000,0.61831440,1.10659200,0.80146440,0.90766700,3.31959400,3.31409900,0.79794790,5.02768000,5.01562000,0.00256410, 2, 255, 7, 24,0x0,No,No,No,No,No,No,No,No
2026-04-09 20:13:25,0.0,2400,910,,910,960,44,,200,,,648,,69.7,0.9033,0.6000,0.6000,1.1000,0.00000000,0.09954486,0.16786000,0.01268709,0.00000000,0.19908970,0.33376810,1.82172000,0.00006105,0.00042735,0.00610500,0.00989010,3.59491700,3.31188900,1.80415000,1.10366200,0.61868070,1.10659200,0.80329590,0.90766700,3.31776200,3.31318300,0.79824100,5.02902000,5.02634000,0.00341880, 2, 255, 7, 24,0x0,No,No,No,No,No,No,No,No
2026-04-09 20:13:27,2.2,2400,910,,910,960,44,,200,,,648,,68.6,0.9033,0.6000,0.6000,1.1000,0.00000000,0.10832820,0.16590810,0.00487965,0.00000000,0.19713790,0.33279210,1.82172000,0.00012210,0.00042735,0.00555555,0.00976800,3.59584500,3.30724900,1.80317300,1.10732500,0.61794810,1.10952300,0.80256330,0.90739830,3.32050900,3.31318300,0.79765500,5.03974000,5.03170000,0.00256410, 2, 255, 7, 24,0x0,No,No,No,No,No,No,No,No
2026-04-09 20:13:29,0.0,2400,910,,910,960,44,,200,,,648,,68.6,0.9033,0.6000,0.6000,1.1000,0.00000000,0.10052080,0.16786000,0.00780744,0.00000000,0.19811380,0.33376810,1.83065000,0.00012210,0.00042735,0.00531135,0.00976800,3.58842100,3.30353800,1.80073100,1.11355200,0.61758180,1.10952300,0.79963290,0.90712980,3.31867800,3.31318300,0.79794790,5.03304000,5.02768000,0.00256410, 2, 255, 7, 24,0x0,No,No,No,No,No,No,No,No
2026-04-09 20:13:31,0.0,2400,910,,910,960,44,,200,,,648,,69.2,0.9033,0.6000,0.6000,1.1000,0.00000000,0.13175060,0.16981180,0.05465208,0.00098040,0.19811380,0.37182930,3.01834000,0.00006105,0.00042735,0.00531135,0.00927960,3.55872700,3.35550300,1.80463800,1.11025500,0.60769170,1.10586000,0.80256330,0.90712980,3.31776200,3.31318300,0.79824100,4.97542000,4.97140000,0.00256410, 2, 255, 7, 24,0x0,No,No,No,No,No,No,No,No
2026-04-09 20:13:33,3.2,2400,910,,910,960,44,,200,,,648,,68.6,0.9033,0.6000,0.6000,1.1000,0.00000000,0.10344860,0.16590810,0.00487965,0.00000000,0.19811380,0.33376810,1.83065000,0.00012210,0.00018315,0.00586080,0.00952380,3.59862900,3.31188900,1.80415000,1.10439400,0.61721550,1.10732500,0.80292960,0.90712980,3.31776200,3.31409900,0.79824100,5.03572000,5.04912000,0.00341880, 2, 255, 7, 24,0x0,No,No,No,No,No,No,No,No
2026-04-09 20:13:36,0.0,2400,910,,910,960,44,,200,,,648,,69.2,0.9033,0.6000,0.6000,1.1000,0.00000000,0.10247270,0.16493220,0.00683151,0.00000000,0.19908970,0.33279210,1.83958000,0.00006105,0.00042735,0.00531135,0.01025640,3.59584500,3.30724900,1.80561500,1.10805800,0.61831440,1.10842400,0.80256330,0.90793570,3.31867800,3.31409900,0.79794790,5.02499900,5.03170000,0.00341880, 2, 255, 7, 24,0x0,No,No,No,No,No,No,No,No
2026-04-09 20:13:38,2.2,2400,910,,910,960,44,,200,,,648,,68.6,0.9033,0.6000,0.6000,1.1000,0.00000000,0.10344860,0.16590810,0.00683151,0.00000000,0.19908970,0.33571990,1.83065000,0.00018315,0.00042735,0.00586080,0.00915750,3.59306100,3.31188900,1.80073100,1.11391800,0.61904700,1.10659200,0.80219700,0.90739830,3.31867800,3.31501500,0.79824100,5.02768000,5.03304000,0.00341880, 2, 255, 7, 24,0x0,No,No,No,No,No,No,No,No
2026-04-09 20:13:40,0.0,2400,910,,910,960,44,,200,,,648,,69.2,0.9033,0.6000,0.6000,1.1000,0.00000000,0.10052080,0.16883590,0.00683151,0.00000000,0.20006570,0.33962360,1.84851000,0.00006105,0.00042735,0.00537240,0.00940170,3.56243800,3.32952100,1.80561500,1.11062200,0.61868070,1.10952300,0.80219700,0.90712980,3.31776200,3.31409900,0.79794790,5.03572000,5.02634000,0.00341880, 2, 255, 7, 24,0x0,No,No,No,No,No,No,No,No
2026-04-09 20:13:42,0.0,2400,910,,910,960,43,,200,,,648,,69.2,0.9033,0.6000,0.6000,1.1000,0.00000000,0.10344860,0.16590810,0.00683151,0.00000000,0.19908970,0.33474400,1.83065000,0.00012210,0.00042735,0.00549450,0.00915750,3.58842100,3.32766400,1.80415000,1.11062200,0.61318620,1.10842400,0.79963290,0.90712980,3.31867800,3.31318300,0.79794790,5.03304000,5.02902000,0.00256410, 2, 255, 7, 24,0x0,No,No,No,No,No,No,No,No
2026-04-09 20:13:44,0.0,2400,910,,910,960,44,,200,,,648,,68.6,0.9033,0.6000,0.6000,1.1000,0.00000000,0.10149670,0.16688400,0.00585558,0.00000000,0.19908970,0.33181620,1.83065000,0.00006105,0.00042735,0.00525030,0.00976800,3.59120500,3.31188900,1.80561500,1.11208700,0.61868070,1.10659200,0.79963290,0.90712980,3.31867800,3.31318300,0.79824100,5.03840000,5.03572000,0.00341880, 2, 255, 7, 24,0x0,No,No,No,No,No,No,No,No
2026-04-09 20:13:46,0.0,2400,910,,910,960,44,,200,,,648,,69.7,0.9033,0.6000,0.6000,1.1000,0.00000000,0.10442450,0.16688400,0.00975930,0.00000000,0.19908970,0.33376810,1.84851000,0.00012210,0.00042735,0.00537240,0.00976800,3.57914200,3.32952100,1.79877700,1.11391800,0.61868070,1.10952300,0.80439480,0.90712980,3.31959400,3.31409900,0.79794790,5.00624000,5.02098000,0.00341880, 2, 255, 7, 24,0x0,No,No,No,No,No,No,No,No
2026-04-09 20:13:48,4.0,2400,910,,910,960,44,,200,,,648,,69.2,0.9033,0.6000,0.6000,1.1000,0.00000000,0.10247270,0.16590810,0.00683151,0.00000000,0.19811380,0.33474400,1.84851000,0.00012210,0.00042735,0.00543345,0.00964590,3.59027700,3.30168200,1.80366100,1.10586000,0.61868070,1.10586000,0.80219700,0.90712980,3.31959400,3.31409900,0.79794790,5.03036000,5.02902000,0.00256410, 2, 255, 7, 24,0x0,No,No,No,No,No,No,No,No
2026-04-09 20:13:50,0.0,2400,910,,910,960,44,,200,,,648,,69.2,0.9033,0.6000,0.6000,1.1000,0.00000000,0.10344860,0.16786000,0.00780744,0.00000000,0.19811380,0.33474400,1.83065000,0.00006105,0.00042735,0.00525030,0.00940170,3.59306100,3.31188900,1.80415000,1.10805800,0.61941330,1.10659200,0.80256330,0.90766700,3.31959400,3.31318300,0.79794790,5.03304000,5.03840000,0.00341880, 2, 255, 7, 24,0x0,No,No,No,No,No,No,No,No
2026-04-09 20:13:53,0.0,1500,500,,500,500,44,,200,,,648,,69.2,0.7200,0.6000,0.6000,1.1000,0.00000000,0.11808750,0.15810070,0.00683151,0.00000000,0.20884900,0.33279210,1.16090000,0.00012210,0.00018315,0.00586080,0.00952380,3.56986200,3.31188900,1.80463800,1.10915600,0.60805800,1.10842400,0.80329590,0.72178200,3.31867800,3.31318300,0.79765500,4.99954000,5.00892000,0.00341880, 2, 255, 7, 24,0x0,No,No,No,No,No,No,No,No
2026-04-09 20:13:55,0.0,1500,500,,500,500,44,,200,,,648,,67.0,0.7200,0.6000,0.6000,1.1000,0.00000000,0.10149670,0.15810070,0.00390372,0.00000000,0.20104160,0.33084030,1.15197000,0.00012210,0.00018315,0.00543345,0.00976800,3.60883600,3.30724900,1.81294100,1.10695900,0.61868070,1.10915600,0.80256330,0.72205060,3.31867800,3.31409900,0.79853400,5.06520000,5.06922000,0.00341880, 2, 255, 7, 24,0x0,No,No,No,No,No,No,No,No
2026-04-09 20:13:57,0.0,1500,500,,500,500,44,,200,,,648,,68.1,0.7200,0.6000,0.6000,1.1000,0.00000000,0.09954486,0.16102850,0.00585558,0.00000000,0.19908970,0.32888840,1.14304000,0.00012210,0.00042735,0.00549450,0.00952380,3.60419700,3.31931300,1.80463800,1.10805800,0.61868070,1.10879000,0.80292960,0.72231920,3.32050900,3.31318300,0.79824100,5.06654000,5.06386000,0.00341880, 2, 255, 7, 24,0x0,No,No,No,No,No,No,No,No
2026-04-09 20:13:59,0.2,1500,500,,500,500,44,,200,,,648,,66.4,0.7200,0.6000,0.6000,1.1000,0.00000000,0.09856894,0.16005250,0.00878337,0.00000000,0.21275270,0.33571990,1.11625000,0.00012210,0.00018315,0.00555555,0.00976800,3.59213300,3.30168200,1.80903400,1.10805800,0.61831440,1.10952300,0.80256330,0.72151340,3.31776200,3.31409900,0.79824100,5.05850000,5.08262000,0.00341880, 2, 255, 7, 24,0x0,No,No,No,No,No,No,No,No
2026-04-09 20:14:01,0.0,2400,910,,910,960,44,,200,,,648,,67.5,0.9033,0.6000,0.6000,1.1000,0.00000000,0.11320790,0.16688400,0.00390372,0.00000000,0.20787310,0.33279210,1.81279000,0.00012210,0.00042735,0.00525030,0.00976800,3.59120500,3.31188900,1.80561500,1.11282000,0.61831440,1.10659200,0.80292960,0.90712980,3.31867800,3.31318300,0.79794790,5.03304000,5.02634000,0.00341880, 2, 255, 7, 24,0x0,No,No,No,No,No,No,No,No
2026-04-09 20:14:03,1.3,2400,910,,910,960,44,,200,,,648,,69.7,0.9033,0.6000,0.6000,1.1000,0.00000000,0.10344860,0.17273960,0.08392998,0.00000000,0.20884900,0.34547920,2.86653000,0.00012210,0.00042735,0.00586080,0.00976800,3.56615000,3.30446500,1.80561500,1.10732500,0.60329610,1.10769100,0.80366220,0.90712980,3.31867800,3.31226800,0.79794790,4.97676000,4.98614000,0.00256410, 2, 255, 7, 24,0x0,No,No,No,No,No,No,No,No
2026-04-09 20:14:05,3.3,1500,500,,500,500,44,,200,,,648,,67.0,0.7200,0.6000,0.6000,1.1000,0.00000000,0.10442450,0.16298030,0.00683151,0.00000000,0.20006570,0.33084030,1.13411000,0.00012210,0.00018315,0.00592185,0.00927960,3.59584500,3.30724900,1.80952200,1.10695900,0.61831440,1.10805800,0.79926660,0.72151340,3.31867800,3.31318300,0.79765500,5.02098000,5.03706000,0.00341880, 2, 255, 7, 24,0x0,No,No,No,No,No,No,No,No
2026-04-09 20:14:08,0.0,1500,500,,500,500,44,,200,,,648,,66.4,0.7200,0.6000,0.6000,1.1000,0.00000000,0.10344860,0.16200440,0.00878337,0.00000000,0.19811380,0.32888840,1.12518000,0.00000000,0.00042735,0.00555555,0.00940170,3.61069200,3.31931300,1.80512600,1.10805800,0.61977960,1.10842400,0.80183080,0.72178200,3.31959400,3.31226800,0.79794790,5.06520000,5.06922000,0.00341880, 2, 255, 7, 24,0x0,No,No,No,No,No,No,No,No
2026-04-09 20:14:10,0.0,2400,910,,910,960,44,,200,,,648,,68.6,0.9033,0.6000,0.6000,1.1000,0.00000000,0.10149670,0.16590810,0.00683151,0.00000000,0.19908970,0.33181620,1.80386000,0.00006105,0.00042735,0.00531135,0.00964590,3.59027700,3.30168200,1.80512600,1.11391800,0.61868070,1.10842400,0.80292960,0.90712980,3.31776200,3.31409900,0.79794790,5.03840000,5.02902000,0.00256410, 2, 255, 7, 24,0x0,No,No,No,No,No,No,No,No
2026-04-09 20:14:12,0.0,2400,910,,910,960,44,,200,,,648,,68.6,0.9033,0.6000,0.6000,1.1000,0.00000000,0.10344860,0.16883590,0.00487965,0.00000000,0.19811380,0.32986440,1.80386000,0.00012210,0.00042735,0.00586080,0.00976800,3.58007000,3.30724900,1.80463800,1.10586000,0.61831440,1.10586000,0.80292960,0.90793570,3.31776200,3.31226800,0.79677580,5.00088000,4.99954000,0.00341880, 2, 255, 7, 24,0x0,No,No,No,No,No,No,No,No
2026-04-09 20:14:14,1.5,1500,500,,500,500,44,,200,,,648,,67.5,0.7200,0.6000,0.6000,1.1000,0.00000000,0.11223200,0.16298030,0.01171116,0.00000000,0.19811380,0.33376810,1.15197000,0.00012210,0.00018315,0.00543345,0.00976800,3.60883600,3.30168200,1.80512600,1.10695900,0.61904700,1.10732500,0.80329590,0.72178200,3.31867800,3.31226800,0.79736190,5.06922000,5.05984000,0.00256410, 2, 255, 7, 24,0x0,No,No,No,No,No,No,No,No
2026-04-09 20:14:16,0.0,1500,500,,500,500,44,,200,,,648,,67.0,0.7200,0.6000,0.6000,1.1000,0.00000000,0.10344860,0.16102850,0.00780744,0.00000000,0.19811380,0.32888840,1.12518000,0.00000000,0.00042735,0.00506715,0.00915750,3.60976400,3.31931300,1.79682400,1.11355200,0.61794810,1.10659200,0.80292960,0.72231920,3.31959400,3.31409900,0.79824100,5.06654000,5.06520000,0.00256410, 2, 255, 7, 24,0x0,No,No,No,No,No,No,No,No
2026-04-09 20:14:18,0.0,1500,500,,500,500,44,,200,,,648,,65.3,0.7200,0.6000,0.6000,1.1000,0.00000000,0.10052080,0.16005250,0.00487965,0.00000000,0.19908970,0.33084030,1.10732000,0.00012210,0.00042735,0.00543345,0.00915750,3.58842100,3.30724900,1.80317300,1.11208700,0.61831440,1.10732500,0.79963290,0.72178200,3.31776200,3.31226800,0.79736190,5.04376000,5.03840000,0.00256410, 2, 255, 7, 24,0x0,No,No,No,No,No,No,No,No
2026-04-09 20:14:20,0.0,2400,910,,910,960,44,,200,,,648,,67.5,0.9033,0.6000,0.6000,1.1000,0.00000000,0.10247270,0.16590810,0.00683151,0.00000000,0.19908970,0.33181620,1.79493000,0.00012210,0.00042735,0.00549450,0.00940170,3.59491700,3.31188900,1.80415000,1.10732500,0.61868070,1.10659200,0.80292960,0.90712980,3.31867800,3.31501500,0.79824100,5.03706000,5.03974000,0.00341880, 2, 255, 7, 24,0x0,No,No,No,No,No,No,No,No
2026-04-09 20:14:23,0.2,2400,910,,910,960,44,,200,,,648,,67.0,0.9033,0.6000,0.6000,1.1000,0.00000000,0.10149670,0.16688400,0.00780744,0.00000000,0.19908970,0.33084030,1.82172000,0.00012210,0.00042735,0.00531135,0.00940170,3.59306100,3.31188900,1.80561500,1.11208700,0.61721550,1.10842400,0.79999920,0.90659250,3.31959400,3.31409900,0.79794790,5.03572000,5.03572000,0.00256410, 2, 255, 7, 24,0x0,No,No,No,No,No,No,No,No
2026-04-09 20:14:25,1.7,2400,910,,910,960,43,,200,,,648,,67.5,0.9033,0.6000,0.6000,1.1000,0.00000000,0.09954486,0.16493220,0.01463895,0.00000000,0.20006570,0.33181620,1.83065000,0.00006105,0.00018315,0.00561660,0.00915750,3.57450200,3.32766400,1.80415000,1.10732500,0.61538400,1.10842400,0.79963290,0.90739830,3.31867800,3.31318300,0.79794790,5.00490000,5.00490000,0.00256410, 2, 255, 7, 24,0x0,No,No,No,No,No,No,No,No
2026-04-09 20:14:27,0.0,2400,910,,910,960,44,,200,,,648,,69.2,0.9033,0.6000,0.6000,1.1000,0.00000000,0.10052080,0.16786000,0.00585558,0.00000000,0.19713790,0.33181620,1.82172000,0.00012210,0.00042735,0.00531135,0.00915750,3.59677300,3.31374500,1.80317300,1.11391800,0.61941330,1.10842400,0.80109810,0.90793570,3.31867800,3.31501500,0.79794790,5.03840000,5.03438000,0.00256410, 2, 255, 7, 24,0x0,No,No,No,No,No,No,No,No
2026-04-09 20:14:29,0.0,2400,910,,910,960,44,,200,,,648,,69.2,0.9033,0.6000,0.6000,1.1000,0.00000000,0.11613570,0.16590810,0.00780744,0.00000000,0.19713790,0.32888840,1.82172000,0.00000000,0.00018315,0.00518925,0.00915750,3.58471000,3.30724900,1.80415000,1.10805800,0.60879060,1.10915600,0.80219700,0.90793570,3.31867800,3.31318300,0.79794790,5.02232000,5.03170000,0.00256410, 2, 255, 7, 24,0x0,No,No,No,No,No,No,No,No
2026-04-09 20:14:31,0.2,2400,910,,910,960,44,,200,,,648,,68.1,0.9033,0.6000,0.6000,1.1000,0.00000000,0.10247270,0.16688400,0.00780744,0.00000000,0.19811380,0.33279210,1.81279000,0.00012210,0.00018315,0.00586080,0.00976800,3.57635800,3.31374500,1.80317300,1.10732500,0.61794810,1.10659200,0.80292960,0.90659250,3.31867800,3.31226800,0.79794790,5.00490000,4.99016000,0.00256410, 2, 255, 7, 24,0x0,No,No,No,No,No,No,No,No
2026-04-09 20:14:33,0.0,2400,910,,910,960,44,,200,,,648,,68.6,0.9033,0.6000,0.6000,1.1000,0.00000000,0.10052080,0.16590810,0.01171116,0.00000000,0.19811380,0.33084030,1.82172000,0.00012210,0.00042735,0.00518925,0.00952380,3.59213300,3.30724900,1.80170800,1.11465100,0.61794810,1.10659200,0.80146440,0.90739830,3.32050900,3.31318300,0.79824100,5.03170000,5.03840000,0.00341880, 2, 255, 7, 24,0x0,No,No,No,No,No,No,No,No
2026-04-09 20:14:35,2.0,2400,910,,910,960,44,,200,,,648,,69.2,0.9033,0.6000,0.6000,1.1000,0.00000000,0.10344860,0.17273960,0.04782057,0.00000000,0.19811380,0.36109410,2.86653000,0.00012210,0.00042735,0.00561660,0.00940170,3.57635800,3.31188900,1.80415000,1.11355200,0.60292980,1.10915600,0.80109810,0.90793570,3.31867800,3.31226800,0.79794790,4.99016000,4.98346000,0.00341880, 2, 255, 7, 24,0x0,No,No,No,No,No,No,No,No
2026-04-09 20:14:37,4.0,2400,910,,910,960,44,,200,,,648,,69.7,0.9033,0.6000,0.6000,1.1000,0.00000000,0.10149670,0.17078780,0.00585558,0.00000000,0.19713790,0.33376810,1.82172000,0.00012210,0.00018315,0.00537240,0.00940170,3.59120500,3.32766400,1.79877700,1.10805800,0.61868070,1.10659200,0.79963290,0.90739830,3.31776200,3.31318300,0.79882700,5.01294000,5.00624000,0.00256410, 2, 255, 7, 24,0x0,No,No,No,No,No,No,No,No
2026-04-09 20:14:40,0.0,1600,545,,545,551,43,,200,,,648,,67.5,0.7200,0.6000,0.6000,1.1000,0.00000000,0.10735230,0.15907660,0.00780744,0.00000000,0.19908970,0.32986440,1.14304000,0.00006105,0.00042735,0.00586080,0.00989010,3.60976400,3.31188900,1.79682400,1.11355200,0.61977960,1.10732500,0.80256330,0.72151340,3.31776200,3.31501500,0.79824100,5.06788000,5.05850000,0.00341880, 2, 255, 7, 24,0x0,No,No,No,No,No,No,No,No
2026-04-09 20:14:42,0.0,1500,500,,500,500,44,,200,,,648,,67.5,0.7200,0.6000,0.6000,1.1000,0.00000000,0.10247270,0.16005250,0.00390372,0.00000000,0.20982490,0.33279210,1.12518000,0.00000000,0.00042735,0.00537240,0.00989010,3.61347600,3.31188900,1.79682400,1.10732500,0.61794810,1.10952300,0.80292960,0.72178200,3.32050900,3.31318300,0.79824100,5.05984000,5.06117900,0.00256410, 2, 255, 7, 24,0x0,No,No,No,No,No,No,No,No
2026-04-09 20:14:44,0.0,1500,500,,500,500,44,,200,,,648,,65.3,0.7200,0.6000,0.6000,1.1000,0.00000000,0.10344860,0.16200440,0.00878337,0.00000000,0.20006570,0.33279210,1.12518000,0.00012210,0.00018315,0.00518925,0.00940170,3.58749300,3.32766400,1.80317300,1.11355200,0.61941330,1.10915600,0.80292960,0.72178200,3.31776200,3.31409900,0.79824100,5.04510000,5.03170000,0.00256410, 2, 255, 7, 24,0x0,No,No,No,No,No,No,No,No
2026-04-09 20:14:46,0.0,2400,910,,910,960,44,,200,,,648,,68.1,0.9033,0.6000,0.6000,1.1000,0.00000000,0.09954486,0.16395620,0.00585558,0.00000000,0.19908970,0.33181620,1.78600000,0.00006105,0.00042735,0.00543345,0.00976800,3.59213300,3.32766400,1.80073100,1.10439400,0.61794810,1.10952300,0.80292960,0.90793570,3.31776200,3.31409900,0.79794790,5.03840000,5.02634000,0.00341880, 2, 255, 7, 24,0x0,No,No,No,No,No,No,No,No
2026-04-09 20:14:48,0.0,2400,910,,910,960,44,,200,,,648,,67.5,0.9033,0.6000,0.6000,1.1000,0.00000000,0.10052080,0.16883590,0.00683151,0.00000000,0.19908970,0.33084030,1.80386000,0.00012210,0.00018315,0.00525030,0.00952380,3.59491700,3.30724900,1.80805700,1.11282000,0.61831440,1.10915600,0.80292960,0.90739830,3.31776200,3.31318300,0.79765500,5.03170000,5.03304000,0.00256410, 2, 255, 7, 24,0x0,No,No,No,No,No,No,No,No
2026-04-09 20:14:50,1.7,2400,910,,910,960,44,,200,,,648,,68.6,0.9033,0.6000,0.6000,1.1000,0.00000000,0.09954486,0.16590810,0.00487965,0.00000000,0.20006570,0.33474400,1.81279000,0.00006105,0.00042735,0.00555555,0.00976800,3.58656500,3.30724900,1.80415000,1.10439400,0.61904700,1.10842400,0.80256330,0.90739830,3.31776200,3.31409900,0.79824100,4.99552000,4.99954000,0.00256410, 2, 255, 7, 24,0x0,No,No,No,No,No,No,No,No
2026-04-09 20:14:52,0.0,2400,910,,910,960,44,,200,,,648,,67.5,0.9033,0.6000,0.6000,1.1000,0.00000000,0.10344860,0.16590810,0.00780744,0.00000000,0.19908970,0.33181620,1.80386000,0.00012210,0.00018315,0.00543345,0.00952380,3.59027700,3.30260900,1.80463800,1.10805800,0.61794810,1.10842400,0.80292960,0.90739830,3.31776200,3.31318300,0.79882700,5.03438000,5.03840000,0.00341880, 2, 255, 7, 24,0x0,No,No,No,No,No,No,No,No
2026-04-09 20:14:54,0.0,2400,910,,910,960,44,,200,,,648,,68.6,0.9033,0.6000,0.6000,1.1000,0.00000000,0.09954486,0.16786000,0.00585558,0.00000000,0.20006570,0.33279210,1.83065000,0.00012210,0.00018315,0.00567765,0.00952380,3.59027700,3.32952100,1.80366100,1.11391800,0.61794810,1.10586000,0.80256330,0.90739830,3.31867800,3.31501500,0.79882700,5.02768000,5.02902000,0.00256410, 2, 255, 7, 24,0x0,No,No,No,No,No,No,No,No
2026-04-09 20:14:57,0.0,2400,910,,910,960,44,,200,,,648,,68.6,0.9033,0.6000,0.6000,1.1000,0.00000000,0.10442450,0.17176370,0.00683151,0.00000000,0.20006570,0.33376810,1.81279000,0.00012210,0.00042735,0.00518925,0.00976800,3.59027700,3.30168200,1.80512600,1.10732500,0.61904700,1.10659200,0.80073180,0.90659250,3.31776200,3.31501500,0.79824100,5.02634000,5.01026000,0.00341880, 2, 255, 7, 24,0x0,No,No,No,No,No,No,No,No
2026-04-09 20:14:59,0.0,2400,910,,910,960,44,,200,,,648,,68.1,0.9033,0.6000,0.6000,1.1000,0.00000000,0.10344860,0.17078780,0.00683151,0.00000000,0.19713790,0.33279210,1.82172000,0.00006105,0.00042735,0.00525030,0.00976800,3.59398900,3.30910500,1.80415000,1.10695900,0.61868070,1.10915600,0.79963290,0.90739830,3.31959400,3.31409900,0.79824100,5.03438000,5.03170000,0.00341880, 2, 255, 7, 24,0x0,No,No,No,No,No,No,No,No
2026-04-09 20:15:01,2.0,2400,910,,910,960,44,,200,,,648,,68.6,0.9033,0.6000,0.6000,1.1000,0.06148359,0.10052080,0.16688400,0.00683151,0.00000000,0.20006570,0.33376810,1.82172000,0.00006105,0.00042735,0.00549450,0.00952380,3.57914200,3.30168200,1.80463800,1.10805800,0.60402870,1.10732500,0.80292960,0.90793570,3.31867800,3.31318300,0.79794790,5.02098000,5.02768000,0.00341880, 2, 255, 7, 24,0x0,No,No,No,No,No,No,No,No
2026-04-09 20:15:03,0.0,2400,910,,910,960,44,,200,,,648,,69.2,0.9033,0.6000,0.6000,1.1000,0.04879650,0.10540040,0.16688400,0.00975930,0.00000000,0.19811380,0.33474400,1.83958000,0.00012210,0.00042735,0.00537240,0.00940170,3.57635800,3.31374500,1.80512600,1.11391800,0.61575030,1.10915600,0.80292960,0.90712980,3.31776200,3.31501500,0.79765500,5.01294000,5.01294000,0.00256410, 2, 255, 7, 24,0x0,No,No,No,No,No,No,No,No
2026-04-09 20:15:05,0.5,2400,910,,910,960,44,,200,,,648,,68.1,0.9033,0.6000,0.6000,1.1000,0.05953173,0.10442450,0.16786000,0.00487965,0.00000000,0.19811380,0.32986440,1.83065000,0.00006105,0.00042735,0.00543345,0.00927960,3.57914200,3.30168200,1.79682400,1.11062200,0.61904700,1.10952300,0.80329590,0.90739830,3.31867800,3.31501500,0.79824100,5.02768000,5.02768000,0.00341880, 2, 255, 7, 24,0x0,No,No,No,No,No,No,No,No
2026-04-09 20:15:07,0.0,2400,910,,910,960,44,,200,,,648,,69.2,0.9033,0.6000,0.6000,1.1000,0.00000000,0.09661707,0.17078780,0.03610941,0.00000000,0.20006570,0.34840700,2.87546000,0.00012210,0.00018315,0.00537240,0.00952380,3.56243800,3.31374500,1.80415000,1.11135400,0.60366240,1.10805800,0.80219700,0.90712980,3.31959400,3.31318300,0.79794790,4.97140000,4.98480000,0.00256410, 2, 255, 7, 24,0x0,No,No,No,No,No,No,No,No
2026-04-09 20:15:09,2.8,2400,910,,910,960,44,,200,,,648,,69.2,0.9033,0.6000,0.6000,1.1000,0.00000000,0.10149670,0.16883590,0.00878337,0.00000000,0.19713790,0.33181620,1.82172000,0.00006105,0.00018315,0.00586080,0.00952380,3.59120500,3.32766400,1.80415000,1.11282000,0.61868070,1.10915600,0.80109810,0.90712980,3.31776200,3.31409900,0.79824100,5.02902000,5.02768000,0.00256410, 2, 255, 7, 24,0x0,No,No,No,No,No,No,No,No
2026-04-09 20:15:12,2.2,2400,910,,910,960,44,,200,,,648,,68.6,0.9033,0.6000,0.6000,1.1000,0.00000000,0.10149670,0.16493220,0.01171116,0.00000000,0.19616190,0.33279210,1.82172000,0.00012210,0.00018315,0.00543345,0.00952380,3.59120500,3.32766400,1.80415000,1.11282000,0.61904700,1.10952300,0.80256330,0.90712980,3.31867800,3.31318300,0.79794790,5.02634000,5.02098000,0.00256410, 2, 255, 7, 24,0x0,No,No,No,No,No,No,No,No
2026-04-09 20:15:14,0.0,2400,910,,910,960,44,,200,,,648,,69.7,0.9033,0.6000,0.6000,1.1000,0.00000000,0.10247270,0.16590810,0.00292779,0.00000000,0.19908970,0.33084030,1.94674000,0.00012210,0.00042735,0.00586080,0.00940170,3.59491700,3.30446500,1.80366100,1.10586000,0.61465140,1.10915600,0.80329590,0.90793570,3.31867800,3.31501500,0.79824100,5.03840000,5.01562000,0.00256410, 2, 255, 7, 24,0x0,No,No,No,No,No,No,No,No
2026-04-09 20:15:16,0.0,2400,910,,910,960,44,,200,,,648,,69.7,0.9033,0.6000,0.6000,1.1000,0.00000000,0.10052080,0.16493220,0.00683151,0.00000000,0.19713790,0.33181620,1.82172000,0.00006105,0.00042735,0.00586080,0.00976800,3.59862900,3.31931300,1.80463800,1.11391800,0.61758180,1.10842400,0.80219700,0.90712980,3.31867800,3.31318300,0.79794790,5.03572000,5.03974000,0.00341880, 2, 255, 7, 24,0x0,No,No,No,No,No,No,No,No
2026-04-09 20:15:18,0.0,2400,910,,910,960,44,,200,,,648,,69.2,0.9033,0.6000,0.6000,1.1000,0.00000000,0.10052080,0.16786000,0.00292779,0.00000000,0.19908970,0.33181620,1.82172000,0.00012210,0.00042735,0.00586080,0.00976800,3.59584500,3.30446500,1.80463800,1.11025500,0.62014590,1.10659200,0.80183080,0.90712980,3.31867800,3.31409900,0.79794790,5.03572000,5.04108000,0.00341880, 2, 255, 7, 24,0x0,No,No,No,No,No,No,No,No
2026-04-09 20:15:20,0.0,2400,910,,910,960,44,,200,,,648,,69.2,0.9033,0.6000,0.6000,1.1000,0.00000000,0.10344860,0.16786000,0.00780744,0.00000000,0.20982490,0.33181620,1.81279000,0.00012210,0.00042735,0.00543345,0.00940170,3.59213300,3.32952100,1.80415000,1.11391800,0.61941330,1.10842400,0.80219700,0.90712980,3.31959400,3.31318300,0.79853400,5.03304000,5.02768000,0.00256410, 2, 255, 7, 24,0x0,No,No,No,No,No,No,No,No
2026-04-09 20:15:22,1.7,2400,910,,910,960,44,,200,,,648,,68.1,0.9033,0.6000,0.6000,1.1000,0.00000000,0.10344860,0.16590810,0.00780744,0.00000000,0.19811380,0.33474400,1.83065000,0.00006105,0.00018315,0.00586080,0.00927960,3.58285400,3.35550300,1.80415000,1.10732500,0.61831440,1.10659200,0.79963290,0.90766700,3.31959400,3.31501500,0.79794790,5.01428000,5.01696000,0.00256410, 2, 255, 7, 24,0x0,No,No,No,No,No,No,No,No
2026-04-09 20:15:24,0.0,2400,910,,910,960,44,,200,,,648,,69.2,0.9033,0.6000,0.6000,1.1000,0.00000000,0.10247270,0.16786000,0.01171116,0.00000000,0.19908970,0.32986440,1.83958000,0.00012210,0.00018315,0.00586080,0.00976800,3.59491700,3.31931300,1.80512600,1.11391800,0.60988950,1.10915600,0.80256330,0.90712980,3.31959400,3.31318300,0.79794790,5.01696000,5.03304000,0.00341880, 2, 255, 7, 24,0x0,No,No,No,No,No,No,No,No
2026-04-09 20:15:27,1.5,1500,500,,500,500,44,,200,,,648,,68.6,0.9033,0.6000,0.6000,1.1000,0.00000000,0.10052080,0.16786000,0.01073523,0.00000000,0.19811380,0.33474400,1.82172000,0.00000000,0.00042735,0.00537240,0.00964590,3.58934900,3.32766400,1.80073100,1.10805800,0.60512760,1.10842400,0.80109810,0.90793570,3.31959400,3.31226800,0.79794790,5.03304000,5.02902000,0.00256410, 2, 255, 7, 24,0x0,No,No,No,No,No,No,No,No
2026-04-09 20:15:29,0.0,2400,910,,910,960,44,,200,,,648,,68.6,0.9033,0.6000,0.6000,1.1000,0.00000000,0.10052080,0.16493220,0.00878337,0.00000000,0.31424950,0.33376810,1.82172000,0.00006105,0.00042735,0.00561660,0.00927960,3.58007000,3.32766400,1.80561500,1.10732500,0.61831440,1.10842400,0.80256330,0.90712980,3.31959400,3.31409900,0.79794790,4.99552000,4.99418000,0.00256410, 2, 255, 7, 24,0x0,No,No,No,No,No,No,No,No
2026-04-09 20:15:31,0.0,2400,910,,910,960,44,,200,,,648,,69.7,0.9033,0.6000,0.6000,1.1000,0.00000000,0.10052080,0.16786000,0.00585558,0.00000000,0.19908970,0.33084030,1.82172000,0.00006105,0.00042735,0.00592185,0.00976800,3.59491700,3.30353800,1.80463800,1.10695900,0.62014590,1.10952300,0.80329590,0.90739830,3.31776200,3.31318300,0.79824100,5.03170000,5.03572000,0.00256410, 2, 255, 7, 24,0x0,No,No,No,No,No,No,No,No
2026-04-09 20:15:33,0.0,2400,910,,910,960,44,,200,,,648,,69.2,0.9033,0.6000,0.6000,1.1000,0.00000000,0.10052080,0.16688400,0.00975930,0.00000000,0.20006570,0.33279210,1.82172000,0.00012210,0.00018315,0.00543345,0.00976800,3.58934900,3.31188900,1.80463800,1.11391800,0.61611660,1.10842400,0.79963290,0.90712980,3.31867800,3.31318300,0.79794790,5.03572000,5.03170000,0.00341880, 2, 255, 7, 24,0x0,No,No,No,No,No,No,No,No
2026-04-09 20:15:35,0.0,2400,910,,910,960,44,,200,,,648,,68.6,0.9033,0.6000,0.6000,1.1000,0.00000000,0.10247270,0.16493220,0.00683151,0.00000000,0.19713790,0.33474400,1.83065000,0.00012210,0.00042735,0.00598290,0.00952380,3.56893400,3.31188900,1.80366100,1.11208700,0.61904700,1.10842400,0.79963290,0.90659250,3.31867800,3.31318300,0.79794790,5.03974000,5.03974000,0.00256410, 2, 255, 7, 24,0x0,No,No,No,No,No,No,No,No
2026-04-09 20:15:37,1.7,2400,910,,910,960,44,,200,,,648,,68.1,0.9033,0.6000,0.6000,1.1000,0.00000000,0.12199130,0.16395620,0.00878337,0.00000000,0.19908970,0.33279210,1.83065000,0.00006105,0.00042735,0.00543345,0.00940170,3.58842100,3.30724900,1.80561500,1.11355200,0.61831440,1.10842400,0.80329590,0.90739830,3.31776200,3.31501500,0.79824100,5.02634000,5.02902000,0.00341880, 2, 255, 7, 24,0x0,No,No,No,No,No,No,No,No
2026-04-09 20:15:39,0.0,2400,910,,910,960,44,,200,,,648,,69.7,0.9033,0.6000,0.6000,1.1000,0.00000000,0.10540040,0.17176370,0.01854267,0.00245100,0.19713790,0.36109410,2.93797000,0.00012210,0.00054945,0.00549450,0.00915750,3.56893400,3.30446500,1.80903400,1.10732500,0.60586020,1.10915600,0.79963290,0.90739830,3.31867800,3.31318300,0.79794790,4.98882000,4.98614000,0.00256410, 2, 255, 7, 24,0x0,No,No,No,No,No,No,No,No
2026-04-09 20:15:41,2.8,2400,910,,910,960,43,,200,,,648,,67.5,0.9033,0.6000,0.6000,1.1000,0.00000000,0.09954486,0.16786000,0.00487965,0.00000000,0.19811380,0.33376810,1.83958000,0.00012210,0.00042735,0.00531135,0.00927960,3.57914200,3.30168200,1.80415000,1.11355200,0.61904700,1.10842400,0.79963290,0.90793570,3.31867800,3.31226800,0.79824100,5.00490000,4.99418000,0.00256410, 2, 255, 7, 24,0x0,No,No,No,No,No,No,No,No
2026-04-09 20:15:44,0.0,2400,910,,910,960,44,,200,,,648,,68.1,0.9033,0.6000,0.6000,1.1000,0.00000000,0.10247270,0.16883590,0.01073523,0.00000000,0.20006570,0.33376810,1.83065000,0.00012210,0.00042735,0.00531135,0.00952380,3.59306100,3.31931300,1.80415000,1.11062200,0.61575030,1.10952300,0.80219700,0.90712980,3.31776200,3.31409900,0.79853400,5.03572000,5.03438000,0.00341880, 2, 255, 7, 24,0x0,No,No,No,No,No,No,No,No
2026-04-09 20:15:46,0.0,2400,910,,910,960,44,,200,,,648,,68.6,0.9033,0.6000,0.6000,1.1000,0.00000000,0.10247270,0.16395620,0.00487965,0.00000000,0.19908970,0.33571990,1.83065000,0.00012210,0.00042735,0.00586080,0.00952380,3.58656500,3.30260900,1.80463800,1.10439400,0.61794810,1.10915600,0.79926660,0.90739830,3.32050900,3.31318300,0.79794790,5.03840000,5.03438000,0.00256410, 2, 255, 7, 24,0x0,No,No,No,No,No,No,No,No
2026-04-09 20:15:48,1.5,1700,591,,591,602,44,,200,,,648,,69.2,0.7200,0.6000,0.6000,1.1000,0.00000000,0.10540040,0.16005250,0.00975930,0.00000000,0.20396940,0.33279210,1.15197000,0.00012210,0.00042735,0.00586080,0.00940170,3.58842100,3.30724900,1.80512600,1.11391800,0.61758180,1.10952300,0.80292960,0.72151340,3.31867800,3.31501500,0.79824100,5.02098000,5.03840000,0.00256410, 2, 255, 7, 24,0x0,No,No,No,No,No,No,No,No
2026-04-09 20:15:50,0.0,1500,500,,500,500,44,,200,,,648,,68.6,0.7200,0.6000,0.6000,1.1000,0.00000000,0.10540040,0.16200440,0.00878337,0.00000000,0.19908970,0.33376810,1.13411000,0.00012210,0.00054945,0.00549450,0.00915750,3.61069200,3.30724900,1.81294100,1.11062200,0.61648290,1.10952300,0.79963290,0.72178200,3.31959400,3.31318300,0.79824100,5.07056000,5.07190000,0.00341880, 2, 255, 7, 24,0x0,No,No,No,No,No,No,No,No
2026-04-09 20:15:52,0.5,1500,500,,500,500,44,,200,,,648,,65.9,0.7200,0.6000,0.6000,1.1000,0.00000000,0.10052080,0.16102850,0.00683151,0.00000000,0.20494530,0.33084030,1.12518000,0.00012210,0.00018315,0.00586080,0.00940170,3.60698000,3.31374500,1.80415000,1.11465100,0.61721550,1.10879000,0.80292960,0.72178200,3.32050900,3.31318300,0.79824100,5.06654000,5.06386000,0.00341880, 2, 255, 7, 24,0x0,No,No,No,No,No,No,No,No
2026-04-09 20:15:54,0.0,2400,910,,910,960,44,,200,,,648,,67.5,0.9033,0.6000,0.6000,1.1000,0.00000000,0.10149670,0.16688400,0.00878337,0.00000000,0.19908970,0.33376810,1.80386000,0.00012210,0.00042735,0.00500610,0.00940170,3.57728600,3.31931300,1.80463800,1.11208700,0.61831440,1.10842400,0.80256330,0.90793570,3.31867800,3.31409900,0.79794790,5.00356000,4.99954000,0.00341880, 2, 255, 7, 24,0x0,No,No,No,No,No,No,No,No
2026-04-09 20:15:56,0.0,2400,910,,910,960,44,,200,,,648,,68.6,0.9033,0.6000,0.6000,1.1000,0.00000000,0.10052080,0.16883590,0.00683151,0.00000000,0.19908970,0.33474400,1.81279000,0.00012210,0.00018315,0.00506715,0.00940170,3.59213300,3.30168200,1.80073100,1.10732500,0.62014590,1.10915600,0.80256330,0.90766700,3.31776200,3.31318300,0.79765500,5.03840000,5.03438000,0.00256410, 2, 255, 7, 24,0x0,No,No,No,No,No,No,No,No
2026-04-09 20:15:58,2.0,2400,910,,910,960,44,,200,,,648,,67.5,0.9033,0.6000,0.6000,1.1000,0.00000000,0.10247270,0.16883590,0.00683151,0.00000000,0.19811380,0.33279210,1.82172000,0.00012210,0.00018315,0.00586080,0.00976800,3.58934900,3.31374500,1.80463800,1.10695900,0.61868070,1.10659200,0.80292960,0.90659250,3.31867800,3.31226800,0.79824100,5.03170000,5.02634000,0.00341880, 2, 255, 7, 24,0x0,No,No,No,No,No,No,No,No
2026-04-09 20:16:01,13.7,2400,910,,910,960,44,,200,,,648,,68.1,0.9033,0.6000,0.6000,1.1000,0.00000000,0.10149670,0.16786000,0.00683151,0.00000000,0.20104160,0.33376810,1.83065000,0.00012210,0.00042735,0.00561660,0.00927960,3.57543000,3.32766400,1.80512600,1.10805800,0.61831440,1.10879000,0.80036550,0.90793570,3.31776200,3.31409900,0.79794790,5.00624000,5.00356000,0.00256410, 2, 255, 7, 24,0x0,No,No,No,No,No,No,No,No
2026-04-09 20:16:03,0.0,2400,910,,910,960,44,,200,,,648,,68.1,0.9033,0.6000,0.6000,1.1000,0.00000000,0.10247270,0.16786000,0.00487965,0.00000000,0.19908970,0.33279210,1.83065000,0.00006105,0.00042735,0.00506715,0.00866910,3.59584500,3.30353800,1.81294100,1.11355200,0.61794810,1.10842400,0.79963290,0.90712980,3.31867800,3.31318300,0.79765500,5.02634000,5.03706000,0.00256410, 2, 255, 7, 24,0x0,No,No,No,No,No,No,No,No
2026-04-09 20:16:05,0.0,2400,910,,910,960,44,,200,,,648,,69.7,0.9033,0.6000,0.6000,1.1000,0.00000000,0.10344860,0.16883590,0.00975930,0.00000000,0.19811380,0.32986440,1.83065000,0.00012210,0.00018315,0.00531135,0.00940170,3.59398900,3.30724900,1.80512600,1.11355200,0.61831440,1.10659200,0.80292960,0.90766700,3.31959400,3.31226800,0.79853400,5.03304000,5.02634000,0.00256410, 2, 255, 7, 24,0x0,No,No,No,No,No,No,No,No
2026-04-09 20:16:07,0.2,2400,910,,910,960,44,,200,,,648,,68.1,0.9033,0.6000,0.6000,1.1000,0.00000000,0.10247270,0.16590810,0.00292779,0.00000000,0.20006570,0.33279210,1.83065000,0.00012210,0.00042735,0.00531135,0.00952380,3.58656500,3.32952100,1.80512600,1.10805800,0.61977960,1.10842400,0.79963290,0.90793570,3.31867800,3.31318300,0.79853400,5.01696000,5.00624000,0.00256410, 2, 255, 7, 24,0x0,No,No,No,No,No,No,No,No
2026-04-09 20:16:09,1.7,2400,910,,910,960,44,,200,,,648,,68.6,0.9033,0.6000,0.6000,1.1000,0.00000000,0.10247270,0.16688400,0.00683151,0.00000000,0.19908970,0.33279210,1.83065000,0.00006105,0.00048840,0.00586080,0.00940170,3.59862900,3.31931300,1.80512600,1.10695900,0.61721550,1.10586000,0.80439480,0.90712980,3.31867800,3.31409900,0.79824100,5.03438000,5.03304000,0.00256410, 2, 255, 7, 24,0x0,No,No,No,No,No,No,No,No
2026-04-09 20:16:11,0.0,2400,910,,910,960,44,,200,,,648,,69.2,0.9033,0.6000,0.6000,1.1000,0.00000000,0.09856894,0.17469150,0.07124290,0.00000000,0.19713790,0.34743110,3.02727000,0.00012210,0.00018315,0.00537240,0.00952380,3.56893400,3.35735900,1.80463800,1.11135400,0.60402870,1.10915600,0.80366220,0.90793570,3.31776200,3.31318300,0.79824100,4.98614000,4.99016000,0.00256410, 2, 255, 7, 24,0x0,No,No,No,No,No,No,No,No
2026-04-09 20:16:13,2.8,2400,910,,910,960,44,,200,,,648,,69.2,0.9033,0.6000,0.6000,1.1000,0.00000000,0.09954486,0.16590810,0.00683151,0.00000000,0.19713790,0.33474400,1.83065000,0.00012210,0.00018315,0.00525030,0.00952380,3.58471000,3.31931300,1.80366100,1.10695900,0.61794810,1.10842400,0.80292960,0.90739830,3.32142500,3.31409900,0.79882700,5.02768000,5.03840000,0.00256410, 2, 255, 7, 24,0x0,No,No,No,No,No,No,No,No
2026-04-09 20:16:16,1.0,2400,910,,910,960,44,,200,,,648,,69.7,0.9033,0.6000,0.6000,1.1000,0.00000000,0.10149670,0.16590810,0.00585558,0.00000000,0.19713790,0.33279210,1.83065000,0.00012210,0.00042735,0.00543345,0.00940170,3.59027700,3.30168200,1.80708000,1.11025500,0.61538400,1.10915600,0.80439480,0.90712980,3.31959400,3.31409900,0.79794790,5.03304000,5.02768000,0.00341880, 2, 255, 7, 24,0x0,No,No,No,No,No,No,No,No
2026-04-09 20:16:18,0.0,2400,910,,910,960,43,,200,,,648,,68.1,0.9033,0.6000,0.6000,1.1000,0.00000000,0.10052080,0.16786000,0.00683151,0.00000000,0.20104160,0.33181620,1.83065000,0.00006105,0.00042735,0.00549450,0.00989010,3.59398900,3.30724900,1.80073100,1.10805800,0.61941330,1.10952300,0.80439480,0.90712980,3.31776200,3.31409900,0.79882700,5.02902000,5.03170000,0.00341880, 2, 255, 7, 24,0x0,No,No,No,No,No,No,No,No
2026-04-09 20:16:20,1.7,2400,910,,910,960,44,,200,,,648,,68.6,0.9033,0.6000,0.6000,1.1000,0.00000000,0.10149670,0.16590810,0.01073523,0.00000000,0.19713790,0.33279210,1.82172000,0.00012210,0.00018315,0.00586080,0.00952380,3.59677300,3.31188900,1.80512600,1.10732500,0.61611660,1.10842400,0.80219700,0.90793570,3.32050900,3.31318300,0.79794790,5.02634000,5.03840000,0.00341880, 2, 255, 7, 24,0x0,No,No,No,No,No,No,No,No
2026-04-09 20:16:22,0.0,2400,910,,910,960,44,,200,,,648,,68.6,0.9033,0.6000,0.6000,1.1000,0.00000000,0.10149670,0.16688400,0.00683151,0.00000000,0.19811380,0.33181620,1.82172000,0.00012210,0.00042735,0.00586080,0.00927960,3.59120500,3.35735900,1.80415000,1.10915600,0.61868070,1.10842400,0.80439480,0.90739830,3.31776200,3.31318300,0.79765500,5.03840000,5.03572000,0.00341880, 2, 255, 7, 24,0x0,No,No,No,No,No,No,No,No
2026-04-09 20:16:24,0.2,1500,500,,500,500,44,,200,,,648,,68.1,0.7200,0.6000,0.6000,1.1000,0.00000000,0.11418380,0.16883590,0.00292779,0.00000000,0.20006570,0.37475720,1.83065000,0.00012210,0.00018315,0.00549450,0.00976800,3.58656500,3.30724900,1.80366100,1.11208700,0.60476130,1.10915600,0.80256330,0.90739830,3.32050900,3.31501500,0.79824100,4.98882000,5.02098000,0.00341880, 2, 255, 7, 24,0x0,No,No,No,No,No,No,No,No
2026-04-09 20:16:26,0.0,2400,910,,910,960,44,,200,,,648,,69.2,0.9033,0.6000,0.6000,1.1000,0.00000000,0.10052080,0.16786000,0.00683151,0.00000000,0.19811380,0.33376810,1.83958000,0.00012210,0.00042735,0.00531135,0.00940170,3.59584500,3.30724900,1.80903400,1.10879000,0.61794810,1.10586000,0.80292960,0.90712980,3.32050900,3.31409900,0.79765500,5.03840000,5.04108000,0.00256410, 2, 255, 7, 24,0x0,No,No,No,No,No,No,No,No
2026-04-09 20:16:28,0.0,2400,910,,910,960,44,,200,,,648,,68.1,0.9033,0.6000,0.6000,1.1000,0.00000000,0.10344860,0.16786000,0.00487965,0.00000000,0.20006570,0.33571990,1.84851000,0.00006105,0.00042735,0.00586080,0.00940170,3.59213300,3.31931300,1.80512600,1.11355200,0.61721550,1.10842400,0.80109810,0.90739830,3.31959400,3.31226800,0.79794790,5.03036000,5.03572000,0.00256410, 2, 255, 7, 24,0x0,No,No,No,No,No,No,No,No
2026-04-09 20:16:30,0.0,2400,910,,910,960,44,,200,,,648,,69.2,0.9033,0.6000,0.6000,1.1000,0.00000000,0.10247270,0.16688400,0.00585558,0.00000000,0.19908970,0.33376810,1.83065000,0.00012210,0.00042735,0.00506715,0.00976800,3.58842100,3.30724900,1.79682400,1.11208700,0.61868070,1.10659200,0.80073180,0.90766700,3.32050900,3.31318300,0.79824100,5.02902000,5.03840000,0.00341880, 2, 255, 7, 24,0x0,No,No,No,No,No,No,No,No
2026-04-09 20:16:33,1.0,2400,910,,910,960,44,,200,,,648,,68.6,0.9033,0.6000,0.6000,1.1000,0.00000000,0.10247270,0.16688400,0.00390372,0.00000000,0.19811380,0.33376810,1.83065000,0.00012210,0.00042735,0.00537240,0.00976800,3.58934900,3.32766400,1.80366100,1.10439400,0.61941330,1.10659200,0.80292960,0.90766700,3.31959400,3.31409900,0.79882700,5.03438000,5.03840000,0.00256410, 2, 255, 7, 24,0x0,No,No,No,No,No,No,No,No
2026-04-09 20:16:35,1.7,1600,545,,545,551,43,,200,,,648,,68.6,0.8346,0.6000,0.6000,1.1000,0.00000000,0.10344860,0.16298030,0.01073523,0.00000000,0.20104160,0.33084030,1.49131000,0.00012210,0.00042735,0.00525030,0.00915750,3.59862900,3.31931300,1.80512600,1.11391800,0.61904700,1.10952300,0.80292960,0.83701990,3.31867800,3.31501500,0.79677580,5.04778000,5.01562000,0.00341880, 2, 255, 7, 24,0x0,No,No,No,No,No,No,No,No
2026-04-09 20:16:37,0.0,1500,500,,500,500,44,,200,,,648,,67.0,0.7200,0.6000,0.6000,1.1000,0.00000000,0.10247270,0.16200440,0.00487965,0.00000000,0.19908970,0.33181620,1.15197000,0.00012210,0.00042735,0.00549450,0.00940170,3.60326800,3.30724900,1.80512600,1.10586000,0.61904700,1.10732500,0.80292960,0.72151340,3.31867800,3.31501500,0.79824100,5.05850000,5.06386000,0.00256410, 2, 255, 7, 24,0x0,No,No,No,No,No,No,No,No
2026-04-09 20:16:39,0.0,1500,500,,500,500,44,,200,,,648,,66.4,0.7200,0.6000,0.6000,1.1000,0.00000000,0.11320790,0.16005250,0.01073523,0.00000000,0.19811380,0.33474400,1.11625000,0.00012210,0.00018315,0.00518925,0.00903540,3.61069200,3.30724900,1.80903400,1.11208700,0.61868070,1.10659200,0.80256330,0.72178200,3.32050900,3.31318300,0.79794790,5.06520000,5.05314000,0.00256410, 2, 255, 7, 24,0x0,No,No,No,No,No,No,No,No
2026-04-09 20:16:41,0.0,2400,910,,910,960,44,,200,,,648,,67.5,0.9033,0.6000,0.6000,1.1000,0.00097593,0.10149670,0.16493220,0.00780744,0.00000000,0.20006570,0.33474400,1.80386000,0.00012210,0.00042735,0.00549450,0.00940170,3.59677300,3.31374500,1.80463800,1.11208700,0.61758180,1.10842400,0.80256330,0.90739830,3.31867800,3.31501500,0.79765500,5.03974000,5.03572000,0.00341880, 2, 255, 7, 24,0x0,No,No,No,No,No,No,No,No
2026-04-09 20:16:43,0.0,2400,910,,910,960,44,,200,,,648,,68.1,0.9033,0.6000,0.6000,1.1000,0.00000000,0.10052080,0.17371550,0.09661707,0.00000000,0.19811380,0.34938290,2.84867000,0.00006105,0.00042735,0.00586080,0.00952380,3.56893400,3.31931300,1.80415000,1.10622600,0.60366240,1.10952300,0.80256330,0.90632400,3.31867800,3.31409900,0.79824100,4.97810000,4.98212000,0.00256410, 2, 255, 7, 24,0x0,No,No,No,No,No,No,No,No
2026-04-09 20:16:45,5.0,2400,910,,910,960,44,,200,,,648,,68.1,0.9033,0.6000,0.6000,1.1000,0.00000000,0.10247270,0.16883590,0.00585558,0.00000000,0.22251200,0.33376810,1.81279000,0.00006105,0.00042735,0.00525030,0.00976800,3.59677300,3.31374500,1.80415000,1.10805800,0.61794810,1.10915600,0.80366220,0.90739830,3.32050900,3.31318300,0.79824100,5.03974000,5.03706000,0.00256410, 2, 255, 7, 24,0x0,No,No,No,No,No,No,No,No
2026-04-09 20:16:48,0.2,2400,910,,910,960,44,,200,,,648,,69.7,0.9033,0.6000,0.6000,1.1000,0.00000000,0.10344860,0.16688400,0.00585558,0.00000000,0.21958430,0.33376810,1.81279000,0.00012210,0.00042735,0.00525030,0.00940170,3.59677300,3.31188900,1.80415000,1.10805800,0.61904700,1.10842400,0.80219700,0.90766700,3.31959400,3.31409900,0.79794790,5.02768000,5.02098000,0.00341880, 2, 255, 7, 24,0x0,No,No,No,No,No,No,No,No
2026-04-09 20:16:50,0.0,2400,910,,910,960,44,,200,,,648,,68.1,0.9033,0.6000,0.6000,1.1000,0.00000000,0.10052080,0.16688400,0.01171116,0.00000000,0.19908970,0.33376810,1.82172000,0.00012210,0.00042735,0.00586080,0.00915750,3.59491700,3.30724900,1.81342900,1.10695900,0.61941330,1.10842400,0.80586010,0.90766700,3.31959400,3.31318300,0.79824100,5.02768000,5.03840000,0.00256410, 2, 255, 7, 24,0x0,No,No,No,No,No,No,No,No
2026-04-09 20:16:52,7.7,2400,910,,910,960,44,,200,,,648,,69.2,0.9033,0.6000,0.6000,1.1000,0.00000000,0.10832820,0.16981180,0.00878337,0.00000000,0.20006570,0.33084030,3.13443000,0.00006105,0.00042735,0.00531135,0.00976800,3.54851900,3.30724900,1.80512600,1.10988900,0.60366240,1.10952300,0.79963290,0.90712980,3.31776200,3.31409900,0.79882700,4.99954000,4.99016000,0.00341880, 2, 255, 7, 24,0x0,No,No,No,No,No,No,No,No
2026-04-09 20:16:54,16.5,2400,910,,910,960,44,,200,,,648,,69.7,0.9033,0.6000,0.6000,1.1000,0.00000000,0.11223200,0.16590810,0.01171116,0.00000000,0.19908970,0.33181620,2.36645000,0.00012210,0.00042735,0.00543345,0.00976800,3.57728600,3.32766400,1.80073100,1.11355200,0.61794810,1.10805800,0.80219700,0.90739830,3.32234100,3.31318300,0.79824100,5.00758000,5.00490000,0.00256410, 2, 255, 7, 24,0x0,No,No,No,No,No,No,No,No
2026-04-09 20:16:56,24.4,2400,910,,910,960,43,,200,,,648,,70.8,0.9033,0.6000,0.6000,1.1000,0.00000000,0.11223200,0.16590810,0.00878337,0.00000000,0.20006570,0.33084030,2.41110000,0.00012210,0.00018315,0.00543345,0.00915750,3.57914200,3.32952100,1.80463800,1.10732500,0.61794810,1.10842400,0.80292960,0.90712980,3.31959400,3.31501500,0.79824100,5.00356000,5.03036000,0.00256410, 2, 255, 7, 24,0x0,No,No,No,No,No,No,No,No
2026-04-09 20:16:58,22.8,2400,910,,910,960,44,,200,,,648,,70.3,0.9033,0.6000,0.6000,1.1000,0.00000000,0.13565430,0.16786000,0.00585558,0.00000000,0.19908970,0.33571990,2.40217000,0.00012210,0.00018315,0.00518925,0.00976800,3.57543000,3.30724900,1.80463800,1.11062200,0.60805800,1.10952300,0.80329590,0.90712980,3.31776200,3.31409900,0.79824100,5.00624000,5.00624000,0.00341880, 2, 255, 7, 24,0x0,No,No,No,No,No,No,No,No
2026-04-09 20:17:00,23.1,2400,910,,910,960,44,,200,,,648,,70.8,0.9033,0.6000,0.6000,1.1000,0.06050766,0.12491900,0.16590810,0.01951860,0.00000000,0.19908970,0.33181620,2.39324000,0.00000000,0.00018315,0.00543345,0.00940170,3.57079000,3.32766400,1.80415000,1.11098800,0.60769170,1.10732500,0.80256330,0.90739830,3.31867800,3.31318300,0.79824100,5.00758000,5.00490000,0.00256410, 2, 255, 7, 24,0x0,No,No,No,No,No,No,No,No
2026-04-09 20:17:02,1.5,2400,910,,910,960,44,,200,,,648,,70.8,0.9033,0.6000,0.6000,1.1000,0.04684464,0.10930420,0.16883590,0.00683151,0.00000000,0.20006570,0.33084030,1.87530000,0.00006105,0.00042735,0.00531135,0.00989010,3.58099800,3.31838500,1.80512600,1.10805800,0.61758180,1.10659200,0.80146440,0.90766700,3.31959400,3.31409900,0.79794790,5.01294000,5.01026000,0.00341880, 2, 255, 7, 24,0x0,No,No,No,No,No,No,No,No
2026-04-09 20:17:05,0.0,2400,910,,910,960,44,,200,,,648,,69.2,0.9033,0.6000,0.6000,1.1000,0.06245952,0.10832820,0.16688400,0.01171116,0.00000000,0.19811380,0.33279210,1.84851000,0.00012210,0.00042735,0.00518925,0.00952380,3.57635800,3.32766400,1.80512600,1.10805800,0.61758180,1.10952300,0.80146440,0.90712980,3.31959400,3.31501500,0.79794790,5.02634000,5.01428000,0.00341880, 2, 255, 7, 24,0x0,No,No,No,No,No,No,No,No
2026-04-09 20:17:07,1.5,1500,500,,500,500,44,,200,,,648,,68.1,0.7200,0.6000,0.6000,1.1000,0.00000000,0.10052080,0.16005250,0.00780744,0.00000000,0.19811380,0.32986440,1.16090000,0.00012210,0.00042735,0.00549450,0.00952380,3.60605200,3.35550300,1.80610300,1.11391800,0.61941330,1.10842400,0.80256330,0.72151340,3.31776200,3.31318300,0.79882700,5.06117900,5.07190000,0.00256410, 2, 255, 7, 24,0x0,No,No,No,No,No,No,No,No
2026-04-09 20:17:09,0.2,1500,500,,500,500,44,,200,,,648,,67.0,0.7200,0.6000,0.6000,1.1000,0.00000000,0.11418380,0.16102850,0.00780744,0.00000000,0.19811380,0.33279210,1.14304000,0.00012210,0.00042735,0.00586080,0.00976800,3.60326800,3.31931300,1.80512600,1.11062200,0.61684920,1.10659200,0.80292960,0.72205060,3.31959400,3.31409900,0.79794790,5.06520000,5.06520000,0.00341880, 2, 255, 7, 24,0x0,No,No,No,No,No,No,No,No
2026-04-09 20:17:11,0.0,1500,500,,500,500,44,,200,,,648,,67.0,0.7200,0.6000,0.6000,1.1000,0.00000000,0.10149670,0.16102850,0.01073523,0.00000000,0.20982490,0.33181620,1.13411000,0.00012210,0.00018315,0.00555555,0.01025640,3.60605200,3.31188900,1.79682400,1.10805800,0.61758180,1.10915600,0.80256330,0.72178200,3.31867800,3.31318300,0.79824100,5.05314000,5.07056000,0.00256410, 2, 255, 7, 24,0x0,No,No,No,No,No,No,No,No
2026-04-09 20:17:13,0.0,2400,910,,910,960,44,,200,,,648,,69.7,0.9033,0.6000,0.6000,1.1000,0.00000000,0.10442450,0.16688400,0.00878337,0.00000000,0.19713790,0.33181620,1.81279000,0.00012210,0.00018315,0.00531135,0.00952380,3.59027700,3.32952100,1.80512600,1.11355200,0.61794810,1.10695900,0.80219700,0.90793570,3.31867800,3.31409900,0.79677580,5.02499900,4.97274000,0.00341880, 2, 255, 7, 24,0x0,No,No,No,No,No,No,No,No
2026-04-09 20:17:15,0.0,2400,910,,910,960,44,,200,,,648,,68.6,0.9033,0.6000,0.6000,1.1000,0.00000000,0.09661707,0.17078780,0.04294092,0.00049020,0.19811380,0.35328660,2.75937000,0.00024420,0.00042735,0.00531135,0.00952380,3.56615000,3.31931300,1.80415000,1.10732500,0.60586020,1.10952300,0.80439480,0.90712980,3.31776200,3.31409900,0.79824100,4.97408000,4.98614000,0.00256410, 2, 255, 7, 24,0x0,No,No,No,No,No,No,No,No
2026-04-09 20:17:17,4.5,2400,910,,910,960,44,,200,,,648,,68.1,0.9033,0.6000,0.6000,1.1000,0.00000000,0.10247270,0.16688400,0.00780744,0.00000000,0.20006570,0.33181620,1.83065000,0.00006105,0.00042735,0.00543345,0.00940170,3.59027700,3.30168200,1.81294100,1.11208700,0.61868070,1.10915600,0.80256330,0.90659250,3.31867800,3.31318300,0.79794790,5.02499900,5.03974000,0.00341880, 2, 255, 7, 24,0x0,No,No,No,No,No,No,No,No
2026-04-09 20:17:20,0.0,2400,910,,910,960,44,,200,,,648,,68.1,0.9033,0.6000,0.6000,1.1000,0.00000000,0.10247270,0.16883590,0.00487965,0.00000000,0.20104160,0.33376810,1.83065000,0.00012210,0.00042735,0.00525030,0.00964590,3.59677300,3.31188900,1.80268400,1.11282000,0.61868070,1.10842400,0.80256330,0.90712980,3.31776200,3.31409900,0.79824100,5.03304000,5.03706000,0.00341880, 2, 255, 7, 24,0x0,No,No,No,No,No,No,No,No
2026-04-09 20:17:22,1.8,1500,500,,500,500,44,,200,,,648,,68.6,0.9033,0.6000,0.6000,1.1000,0.00000000,0.10052080,0.16883590,0.00975930,0.00000000,0.19908970,0.33279210,1.82172000,0.00012210,0.00042735,0.00555555,0.00940170,3.57914200,3.30724900,1.80903400,1.10586000,0.60659280,1.10842400,0.79963290,0.90793570,3.31776200,3.31501500,0.79824100,5.03170000,5.02634000,0.00256410, 2, 255, 7, 24,0x0,No,No,No,No,No,No,No,No
2026-04-09 20:17:24,0.0,2400,910,,910,960,44,,200,,,648,,68.6,0.9033,0.6000,0.6000,1.1000,0.00000000,0.09954486,0.16688400,0.00683151,0.00000000,0.20006570,0.33474400,1.82172000,0.00012210,0.00042735,0.00525030,0.00952380,3.59306100,3.30724900,1.80463800,1.11391800,0.62014590,1.10805800,0.80292960,0.90712980,3.31959400,3.31409900,0.79824100,5.03304000,5.03170000,0.00341880, 2, 255, 7, 24,0x0,No,No,No,No,No,No,No,No
2026-04-09 20:17:26,0.2,2400,910,,910,960,44,,200,,,648,,68.6,0.9033,0.6000,0.6000,1.1000,0.00000000,0.10052080,0.16590810,0.00683151,0.00000000,0.19908970,0.33181620,1.83958000,0.00012210,0.00018315,0.00543345,0.00915750,3.59213300,3.30724900,1.80463800,1.10805800,0.61794810,1.10805800,0.80292960,0.90766700,3.31776200,3.31409900,0.79824100,5.03304000,5.02768000,0.00341880, 2, 255, 7, 24,0x0,No,No,No,No,No,No,No,No
2026-04-09 20:17:28,0.0,2400,910,,910,960,44,,200,,,648,,69.2,0.9033,0.6000,0.6000,1.1000,0.00000000,0.10247270,0.16786000,0.00683151,0.00000000,0.19908970,0.33474400,1.83958000,0.00012210,0.00042735,0.00561660,0.00903540,3.59120500,3.32766400,1.80805700,1.11355200,0.61904700,1.10659200,0.79999920,0.90793570,3.31867800,3.31501500,0.79824100,5.03036000,5.03304000,0.00256410, 2, 255, 7, 24,0x0,No,No,No,No,No,No,No,No
2026-04-09 20:17:30,0.0,2400,910,,910,960,44,,200,,,648,,68.1,0.9033,0.6000,0.6000,1.1000,0.00000000,0.10540040,0.16688400,0.01171116,0.00000000,0.19908970,0.33376810,1.82172000,0.00012210,0.00042735,0.00549450,0.00940170,3.59027700,3.32766400,1.80512600,1.10695900,0.61868070,1.10952300,0.80256330,0.90712980,3.31867800,3.31409900,0.79794790,5.03304000,5.03170000,0.00341880, 2, 255, 7, 24,0x0,No,No,No,No,No,No,No,No
2026-04-09 20:17:32,1.7,2400,910,,910,960,44,,200,,,648,,68.1,0.9033,0.6000,0.6000,1.1000,0.00000000,0.10344860,0.16786000,0.01171116,0.00000000,0.19908970,0.33474400,1.83065000,0.00006105,0.00042735,0.00555555,0.00940170,3.59491700,3.30446500,1.80512600,1.11391800,0.61684920,1.10915600,0.80219700,0.90712980,3.32142500,3.31409900,0.79794790,5.02768000,5.03572000,0.00256410, 2, 255, 7, 24,0x0,No,No,No,No,No,No,No,No
2026-04-09 20:17:34,0.0,2400,910,,910,960,44,,200,,,648,,68.6,0.9033,0.6000,0.6000,1.1000,0.00000000,0.10052080,0.16786000,0.00585558,0.00000000,0.19811380,0.33084030,1.82172000,0.00000000,0.00036630,0.00531135,0.00964590,3.58842100,3.30724900,1.80610300,1.11208700,0.61794810,1.10732500,0.80366220,0.90712980,3.31776200,3.31409900,0.79765500,5.01294000,5.03304000,0.00256410, 2, 255, 7, 24,0x0,No,No,No,No,No,No,No,No
2026-04-09 20:17:37,0.0,2400,910,,910,960,44,,200,,,648,,69.2,0.9033,0.6000,0.6000,1.1000,0.00000000,0.09954486,0.16688400,0.01171116,0.00000000,0.19811380,0.33181620,1.83065000,0.00006105,0.00042735,0.00549450,0.00927960,3.59120500,3.31374500,1.80463800,1.11282000,0.61904700,1.10586000,0.80146440,0.90793570,3.31867800,3.31226800,0.79794790,5.02098000,5.03036000,0.00341880, 2, 255, 7, 24,0x0,No,No,No,No,No,No,No,No
2026-04-09 20:17:39,0.0,2400,910,,910,960,44,,200,,,648,,68.6,0.9033,0.6000,0.6000,1.1000,0.00000000,0.10540040,0.16883590,0.00683151,0.00000000,0.20884900,0.33279210,1.83065000,0.00006105,0.00042735,0.00531135,0.00976800,3.59677300,3.31188900,1.80463800,1.11391800,0.61794810,1.10732500,0.80036550,0.90739830,3.31959400,3.31501500,0.79824100,5.02634000,5.03438000,0.00341880, 2, 255, 7, 24,0x0,No,No,No,No,No,No,No,No
2026-04-09 20:17:41,0.0,2400,910,,910,960,44,,200,,,648,,69.2,0.9033,0.6000,0.6000,1.1000,0.00000000,0.09954486,0.16590810,0.00683151,0.00000000,0.20006570,0.33474400,1.83065000,0.00006105,0.00042735,0.00537240,0.00915750,3.58934900,3.32766400,1.80463800,1.11282000,0.61868070,1.10659200,0.80292960,0.90766700,3.32050900,3.31318300,0.79824100,5.02634000,5.02768000,0.00256410, 2, 255, 7, 24,0x0,No,No,No,No,No,No,No,No
2026-04-09 20:17:43,1.7,2400,910,,910,960,44,,200,,,648,,68.1,0.9033,0.6000,0.6000,1.1000,0.00000000,0.10149670,0.16688400,0.00585558,0.00000000,0.22056020,0.33376810,1.83065000,0.00006105,0.00042735,0.00555555,0.00927960,3.59027700,3.32766400,1.80317300,1.10732500,0.61135470,1.10842400,0.80146440,0.90739830,3.31867800,3.31501500,0.79794790,5.02634000,5.04108000,0.00341880, 2, 255, 7, 24,0x0,No,No,No,No,No,No,No,No
2026-04-09 20:17:45,0.0,2400,910,,910,960,44,,200,,,648,,69.2,0.9033,0.6000,0.6000,1.1000,0.00000000,0.10052080,0.16688400,0.00585558,0.00000000,0.20787310,0.33279210,1.83958000,0.00012210,0.00042735,0.00525030,0.00915750,3.59491700,3.30817700,1.80317300,1.10805800,0.61465140,1.10842400,0.80329590,0.90739830,3.31776200,3.31318300,0.79882700,5.03438000,5.03170000,0.00256410, 2, 255, 7, 24,0x0,No,No,No,No,No,No,No,No
2026-04-09 20:17:47,0.0,2400,910,,910,960,44,,200,,,648,,70.3,0.9033,0.6000,0.6000,1.1000,0.00000000,0.10052080,0.16688400,0.00878337,0.00784320,0.19811380,0.37573300,1.83065000,0.00006105,0.00042735,0.00525030,0.00940170,3.58934900,3.31188900,1.80512600,1.11025500,0.60586020,1.10915600,0.80329590,0.90793570,3.31867800,3.31226800,0.79794790,5.02634000,5.03572000,0.00256410, 2, 255, 7, 24,0x0,No,No,No,No,No,No,No,No
2026-04-09 20:17:49,4.5,2400,910,,910,960,44,,200,,,648,,68.6,0.9033,0.6000,0.6000,1.1000,0.00000000,0.10149670,0.16493220,0.00780744,0.00000000,0.19811380,0.33376810,1.83958000,0.00006105,0.00042735,0.00586080,0.00915750,3.59027700,3.32952100,1.80073100,1.10988900,0.60952320,1.10915600,0.80402850,0.90766700,3.31959400,3.31409900,0.79853400,5.03036000,5.03170000,0.00341880, 2, 255, 7, 24,0x0,No,No,No,No,No,No,No,No
2026-04-09 20:17:51,0.0,2400,910,,910,960,44,,200,,,648,,68.1,0.9033,0.6000,0.6000,1.1000,0.00000000,0.10247270,0.16786000,0.00878337,0.00000000,0.19908970,0.33474400,1.83065000,0.00006105,0.00036630,0.00506715,0.00964590,3.59584500,3.30446500,1.80463800,1.11391800,0.61831440,1.10842400,0.80256330,0.90739830,3.31684600,3.31318300,0.79824100,5.03840000,5.03304000,0.00341880, 2, 255, 7, 24,0x0,No,No,No,No,No,No,No,No
2026-04-09 20:17:54,2.0,2400,910,,910,960,44,,200,,,648,,68.6,0.9033,0.6000,0.6000,1.1000,0.00000000,0.11515970,0.16786000,0.01268709,0.00000000,0.20982490,0.33279210,1.83065000,0.00006105,0.00042735,0.00561660,0.00915750,3.58934900,3.35550300,1.80415000,1.11355200,0.61831440,1.10805800,0.80109810,0.90766700,3.31776200,3.31318300,0.79824100,5.02902000,5.02902000,0.00341880, 2, 255, 7, 24,0x0,No,No,No,No,No,No,No,No
2026-04-09 20:17:56,0.0,2400,910,,910,960,44,,200,,,648,,69.2,0.9033,0.6000,0.6000,1.1000,0.00000000,0.10442450,0.16493220,0.00780744,0.00000000,0.21470460,0.33474400,1.83958000,0.00024420,0.00042735,0.00592185,0.00940170,3.59491700,3.31931300,1.81294100,1.10805800,0.61062210,1.10659200,0.80292960,0.90712980,3.32050900,3.31409900,0.79853400,5.03840000,5.02902000,0.00341880, 2, 255, 7, 24,0x0,No,No,No,No,No,No,No,No
2026-04-09 20:17:58,0.0,2400,910,,910,960,44,,200,,,648,,69.2,0.9033,0.6000,0.6000,1.1000,0.00000000,0.10540040,0.16590810,0.00878337,0.00000000,0.19908970,0.33376810,1.83958000,0.00012210,0.00018315,0.00543345,0.00915750,3.59027700,3.30168200,1.80073100,1.11355200,0.61904700,1.10659200,0.80219700,0.90793570,3.31867800,3.31226800,0.79794790,5.02634000,5.02634000,0.00341880, 2, 255, 7, 24,0x0,No,No,No,No,No,No,No,No
2026-04-09 20:18:00,0.0,2400,910,,910,960,44,,200,,,648,,68.6,0.9033,0.6000,0.6000,1.1000,0.00000000,0.11320790,0.16883590,0.00487965,0.00000000,0.19908970,0.33279210,1.83065000,0.00012210,0.00018315,0.00518925,0.00976800,3.58842100,3.30168200,1.80268400,1.11208700,0.61868070,1.10659200,0.79963290,0.90712980,3.31867800,3.31501500,0.79794790,5.02232000,5.01964000,0.00341880, 2, 255, 7, 24,0x0,No,No,No,No,No,No,No,No
2026-04-09 20:18:02,0.0,2400,910,,910,960,44,,200,,,648,,69.7,0.9033,0.6000,0.6000,1.1000,0.00000000,0.10735230,0.16590810,0.01366302,0.00000000,0.20006570,0.33376810,1.83065000,0.00006105,0.00042735,0.00525030,0.00976800,3.59027700,3.32952100,1.80415000,1.10805800,0.61794810,1.10732500,0.80292960,0.90659250,3.32050900,3.31501500,0.79824100,5.02768000,5.03304000,0.00256410, 2, 255, 7, 24,0x0,No,No,No,No,No,No,No,No
2026-04-09 20:18:04,2.0,2400,910,,910,960,44,,200,,,648,,69.2,0.9033,0.6000,0.6000,1.1000,0.00000000,0.10149670,0.16981180,0.00780744,0.00000000,0.19713790,0.33279210,1.83958000,0.00012210,0.00042735,0.00586080,0.00915750,3.59584500,3.30446500,1.79877700,1.10805800,0.61941330,1.10659200,0.80183080,0.90659250,3.32142500,3.31409900,0.79794790,5.03572000,5.02634000,0.00341880, 2, 255, 7, 24,0x0,No,No,No,No,No,No,No,No
2026-04-09 20:18:06,0.0,2400,910,,910,960,44,,200,,,648,,69.2,0.9033,0.6000,0.6000,1.1000,0.00000000,0.10149670,0.16883590,0.01171116,0.00000000,0.19908970,0.33279210,1.83958000,0.00006105,0.00042735,0.00598290,0.00927960,3.58842100,3.30724900,1.80512600,1.11282000,0.61758180,1.10915600,0.79963290,0.90793570,3.31867800,3.31226800,0.79794790,5.02499900,5.01562000,0.00341880, 2, 255, 7, 24,0x0,No,No,No,No,No,No,No,No
2026-04-09 20:18:09,0.0,2400,910,,500,500,44,,200,,,648,,68.6,0.7200,0.6000,0.6000,1.1000,0.00000000,0.10052080,0.16005250,0.02537418,0.00000000,0.20787310,0.33279210,1.15197000,0.00012210,0.00018315,0.00567765,0.00952380,3.60883600,3.30168200,1.80512600,1.11391800,0.60476130,1.10732500,0.80256330,0.72178200,3.32050900,3.31501500,0.79824100,5.07190000,5.06386000,0.00341880, 2, 255, 7, 24,0x0,No,No,No,No,No,No,No,No
2026-04-09 20:18:11,1.2,2400,910,,910,960,44,,200,,,648,,68.6,0.9033,0.6000,0.6000,1.1000,0.00000000,0.09954486,0.16590810,0.01171116,0.00000000,0.20787310,0.33084030,1.83958000,0.00012210,0.00042735,0.00518925,0.00915750,3.59491700,3.31188900,1.80512600,1.10439400,0.61611660,1.10952300,0.80256330,0.90739830,3.32050900,3.31318300,0.79882700,5.02902000,5.03572000,0.00341880, 2, 255, 7, 24,0x0,No,No,No,No,No,No,No,No
2026-04-09 20:18:13,0.0,2400,910,,910,960,44,,200,,,648,,70.3,0.9033,0.6000,0.6000,1.1000,0.00000000,0.10149670,0.16786000,0.00683151,0.00000000,0.22251200,0.33279210,1.83065000,0.00012210,0.00018315,0.00586080,0.00927960,3.59306100,3.32766400,1.80317300,1.10695900,0.61794810,1.10659200,0.80292960,0.90739830,3.31776200,3.31501500,0.79824100,5.02768000,5.03170000,0.00341880, 2, 255, 7, 24,0x0,No,No,No,No,No,No,No,No
2026-04-09 20:18:15,0.7,2400,910,,910,960,43,,200,,,648,,69.7,0.9033,0.6000,0.6000,1.1000,0.00000000,0.10344860,0.16688400,0.01171116,0.00000000,0.19811380,0.33279210,1.83958000,0.00012210,0.00042735,0.00586080,0.00915750,3.58842100,3.30724900,1.80463800,1.11391800,0.61794810,1.10659200,0.80292960,0.90712980,3.31959400,3.31318300,0.79794790,5.03572000,5.03572000,0.00341880, 2, 255, 7, 24,0x0,No,No,No,No,No,No,No,No
2026-04-09 20:18:17,0.0,2400,910,,910,960,44,,200,,,648,,69.2,0.9033,0.6000,0.6000,1.1000,0.00000000,0.10247270,0.16786000,0.00878337,0.00000000,0.19908970,0.33181620,1.84851000,0.00024420,0.00042735,0.00543345,0.00952380,3.59120500,3.31374500,1.80903400,1.11355200,0.62051220,1.10842400,0.80402850,0.90793570,3.31776200,3.31226800,0.79765500,5.03170000,5.04644000,0.00341880, 2, 255, 7, 24,0x0,No,No,No,No,No,No,No,No
2026-04-09 20:18:19,1.8,2400,910,,910,960,44,,200,,,648,,69.2,0.9033,0.6000,0.6000,1.1000,0.00000000,0.10247270,0.16786000,0.00780744,0.00000000,0.19908970,0.33181620,1.83065000,0.00000000,0.00042735,0.00586080,0.01025640,3.59862900,3.31838500,1.80512600,1.11062200,0.61318620,1.10732500,0.80292960,0.90739830,3.31867800,3.31501500,0.79824100,5.03170000,5.03304000,0.00341880, 2, 255, 7, 24,0x0,No,No,No,No,No,No,No,No
2026-04-09 20:18:21,3.5,2400,910,,910,960,44,,200,,,648,,69.2,0.9033,0.6000,0.6000,1.1000,0.00000000,0.10052080,0.16493220,0.01268709,0.00000000,0.19908970,0.33279210,1.83958000,0.00012210,0.00042735,0.00586080,0.00927960,3.59306100,3.31931300,1.80463800,1.11355200,0.62014590,1.10769100,0.80256330,0.90712980,3.31776200,3.31409900,0.79824100,5.01562000,5.03438000,0.00256410, 2, 255, 7, 24,0x0,No,No,No,No,No,No,No,No
2026-04-09 20:18:23,0.2,2400,910,,910,960,44,,200,,,648,,69.2,0.9033,0.6000,0.6000,1.1000,0.00000000,0.10247270,0.16786000,0.01268709,0.00000000,0.20884900,0.33279210,1.83958000,0.00012210,0.00042735,0.00531135,0.00989010,3.59491700,3.31931300,1.80463800,1.11282000,0.61904700,1.10952300,0.80219700,0.90712980,3.31959400,3.31318300,0.79794790,5.03572000,5.03572000,0.00341880, 2, 255, 7, 24,0x0,No,No,No,No,No,No,No,No
2026-04-09 20:18:26,0.2,2400,910,,910,960,44,,200,,,648,,69.7,0.9033,0.6000,0.6000,1.1000,0.00000000,0.09954486,0.16493220,0.00585558,0.00000000,0.22153610,0.33279210,1.83065000,0.00000000,0.00042735,0.00525030,0.00927960,3.59491700,3.31188900,1.80463800,1.11208700,0.61868070,1.10732500,0.80292960,0.90739830,3.31776200,3.31409900,0.79794790,5.03036000,5.04376000,0.00341880, 2, 255, 7, 24,0x0,No,No,No,No,No,No,No,No
2026-04-09 20:18:28,1.0,2400,910,,910,960,44,,200,,,648,,69.2,0.9033,0.6000,0.6000,1.1000,0.00000000,0.10052080,0.16883590,0.00487965,0.00000000,0.20982490,0.33279210,1.83958000,0.00024420,0.00042735,0.00598290,0.00915750,3.59306100,3.30724900,1.81294100,1.10292900,0.61245360,1.10915600,0.79963290,0.90739830,3.31776200,3.31501500,0.79824100,5.03036000,5.03438000,0.00256410, 2, 255, 7, 24,0x0,No,No,No,No,No,No,No,No
2026-04-09 20:18:30,1.7,1800,636,,591,602,44,,200,,,648,,68.6,0.8071,0.6000,0.6000,1.1000,0.00000000,0.10442450,0.16395620,0.00390372,0.00000000,0.19713790,0.33084030,1.37522000,0.00024420,0.00042735,0.00543345,0.00976800,3.60048500,3.30168200,1.79682400,1.10732500,0.61868070,1.10586000,0.80219700,0.81230690,3.31776200,3.31409900,0.79882700,5.05984000,5.05984000,0.00341880, 2, 255, 7, 24,0x0,No,No,No,No,No,No,No,No
2026-04-09 20:18:32,0.0,1500,500,,500,500,44,,200,,,648,,67.5,0.7200,0.6000,0.6000,1.1000,0.00000000,0.10344860,0.15907660,0.01171116,0.00000000,0.20006570,0.33181620,1.15197000,0.00024420,0.00042735,0.00518925,0.00940170,3.60605200,3.31374500,1.80512600,1.11391800,0.61868070,1.10915600,0.79963290,0.72205060,3.31867800,3.31226800,0.79794790,5.06788000,5.07056000,0.00341880, 2, 255, 7, 24,0x0,No,No,No,No,No,No,No,No
2026-04-09 20:18:34,0.0,1500,500,,500,500,44,,200,,,648,,67.0,0.7200,0.6000,0.6000,1.1000,0.00000000,0.10149670,0.15907660,0.00487965,0.00000000,0.19713790,0.33181620,1.12518000,0.00012210,0.00042735,0.00525030,0.00976800,3.60605200,3.35735900,1.80415000,1.11355200,0.61758180,1.10659200,0.79963290,0.72151340,3.31867800,3.31318300,0.79794790,5.06922000,5.06386000,0.00341880, 2, 255, 7, 24,0x0,No,No,No,No,No,No,No,No
2026-04-09 20:18:36,0.0,1500,500,,500,500,44,,200,,,648,,66.4,0.7200,0.6000,0.6000,1.1000,0.00000000,0.10442450,0.15907660,0.00390372,0.00000000,0.19908970,0.33279210,1.12518000,0.00006105,0.00042735,0.00561660,0.00940170,3.60605200,3.31374500,1.80463800,1.11208700,0.60366240,1.10659200,0.79963290,0.72178200,3.31867800,3.31409900,0.79794790,5.06788000,5.07190000,0.00256410, 2, 255, 7, 24,0x0,No,No,No,No,No,No,No,No
2026-04-09 20:18:38,0.0,1500,500,,500,500,44,,200,,,648,,66.4,0.7200,0.6000,0.6000,1.1000,0.00000000,0.10149670,0.16005250,0.01073523,0.00000000,0.21763240,0.33084030,1.12518000,0.00012210,0.00042735,0.00543345,0.00940170,3.60883600,3.32952100,1.80463800,1.11208700,0.61684920,1.10842400,0.80109810,0.72151340,3.31959400,3.31409900,0.79794790,5.05984000,5.06117900,0.00341880, 2, 255, 7, 24,0x0,No,No,No,No,No,No,No,No
2026-04-09 20:18:41,1.7,1500,500,,500,500,44,,200,,,648,,65.9,0.7200,0.6000,0.6000,1.1000,0.00000000,0.09954486,0.16005250,0.00683151,0.00000000,0.19908970,0.33279210,1.11625000,0.00024420,0.00042735,0.00543345,0.00940170,3.60790800,3.31188900,1.79877700,1.11208700,0.61868070,1.10732500,0.80329590,0.72151340,3.31867800,3.31501500,0.79794790,5.06520000,5.06788000,0.00341880, 2, 255, 7, 24,0x0,No,No,No,No,No,No,No,No
2026-04-09 20:18:43,0.0,1500,500,,500,500,44,,200,,,648,,65.3,0.7200,0.6000,0.6000,1.1000,0.00000000,0.11125600,0.16102850,0.01073523,0.00000000,0.19908970,0.33376810,1.11625000,0.00012210,0.00042735,0.00543345,0.00989010,3.61533200,3.32952100,1.80073100,1.10805800,0.61758180,1.10915600,0.80292960,0.72151340,3.31867800,3.31501500,0.79824100,5.06922000,5.07056000,0.00341880, 2, 255, 7, 24,0x0,No,No,No,No,No,No,No,No
2026-04-09 20:18:45,0.0,1500,500,,500,500,44,,200,,,648,,65.9,0.7200,0.6000,0.6000,1.1000,0.00000000,0.10344860,0.16102850,0.01073523,0.00000000,0.20884900,0.33084030,1.10732000,0.00012210,0.00018315,0.00586080,0.00952380,3.60790800,3.32952100,1.80805700,1.10439400,0.61794810,1.10842400,0.80256330,0.72178200,3.31684600,3.31501500,0.79765500,5.06117900,5.06922000,0.00341880, 2, 255, 7, 24,0x0,No,No,No,No,No,No,No,No
2026-04-09 20:18:47,0.0,1500,500,,500,500,44,,200,,,648,,66.4,0.7200,0.6000,0.6000,1.1000,0.00000000,0.10149670,0.16298030,0.00390372,0.00000000,0.19811380,0.33279210,1.11625000,0.00012210,0.00042735,0.00531135,0.00964590,3.61069200,3.30724900,1.81294100,1.10439400,0.61904700,1.10659200,0.80256330,0.72151340,3.31867800,3.31501500,0.79824100,5.06788000,5.06117900,0.00341880, 2, 255, 7, 24,0x0,No,No,No,No,No,No,No,No
2026-04-09 20:18:49,0.0,1500,500,,500,500,44,,200,,,648,,65.3,0.7200,0.6000,0.6000,1.1000,0.00000000,0.10540040,0.16102850,0.00487965,0.00000000,0.19811380,0.33181620,1.09839000,0.00000000,0.00042735,0.00506715,0.00940170,3.60883600,3.32766400,1.80415000,1.11025500,0.61977960,1.10842400,0.80219700,0.72205060,3.31867800,3.31318300,0.79824100,5.06922000,5.07056000,0.00341880, 2, 255, 7, 24,0x0,No,No,No,No,No,No,No,No
2026-04-09 20:18:51,1.5,1500,500,,500,500,44,,200,,,648,,65.3,0.7200,0.6000,0.6000,1.1000,0.00000000,0.09856894,0.16005250,0.00487965,0.00000000,0.19908970,0.33084030,1.11625000,0.00012210,0.00018315,0.00586080,0.00915750,3.61069200,3.30353800,1.80903400,1.11208700,0.60586020,1.10659200,0.79963290,0.72178200,3.31867800,3.31318300,0.79824100,5.06386000,5.06386000,0.00341880, 2, 255, 7, 24,0x0,No,No,No,No,No,No,No,No
2026-04-09 20:18:53,3.2,2400,910,,910,960,44,,200,,,648,,67.0,0.9033,0.6000,0.6000,1.1000,0.00000000,0.15322100,0.16786000,0.01073523,0.00000000,0.19908970,0.33181620,1.79493000,0.00012210,0.00042735,0.00586080,0.00866910,3.59491700,3.31188900,1.80463800,1.11282000,0.60659280,1.10586000,0.80109810,0.90712980,3.31959400,3.31318300,0.79882700,5.01562000,5.01830000,0.00341880, 2, 255, 7, 24,0x0,No,No,No,No,No,No,No,No
2026-04-09 20:18:55,0.0,2400,910,,910,960,44,,200,,,648,,68.6,0.9033,0.6000,0.6000,1.1000,0.00000000,0.10247270,0.16786000,0.00878337,0.00000000,0.20884900,0.33474400,1.79493000,0.00006105,0.00042735,0.00586080,0.00976800,3.59027700,3.30168200,1.80415000,1.11025500,0.61831440,1.10952300,0.79963290,0.90739830,3.32050900,3.31226800,0.79853400,5.03572000,5.03170000,0.00256410, 2, 255, 7, 24,0x0,No,No,No,No,No,No,No,No
2026-04-09 20:18:58,0.0,1500,500,,500,500,44,,200,,,648,,65.9,0.7200,0.6000,0.6000,1.1000,0.00000000,0.10052080,0.16005250,0.00878337,0.00000000,0.19811380,0.32986440,1.12518000,0.00012210,0.00042735,0.00531135,0.00903540,3.60326800,3.30353800,1.80317300,1.10805800,0.61868070,1.10915600,0.79963290,0.72205060,3.31959400,3.31318300,0.79794790,5.06117900,5.05850000,0.00256410, 2, 255, 7, 24,0x0,No,No,No,No,No,No,No,No
2026-04-09 20:19:00,0.0,1500,500,,500,500,44,,200,,,648,,65.9,0.7200,0.6000,0.6000,1.1000,0.00000000,0.10930420,0.15810070,0.00683151,0.00000000,0.19908970,0.33279210,1.11625000,0.00024420,0.00042735,0.00586080,0.00940170,3.61069200,3.30724900,1.80463800,1.11465100,0.61355250,1.10952300,0.80292960,0.72231920,3.31959400,3.31409900,0.79794790,5.06520000,5.06252000,0.00341880, 2, 255, 7, 24,0x0,No,No,No,No,No,No,No,No
2026-04-09 20:19:02,1.5,1500,500,,500,500,44,,200,,,648,,65.9,0.7200,0.6000,0.6000,1.1000,0.06733918,0.10052080,0.16102850,0.01073523,0.00000000,0.19908970,0.33279210,1.10732000,0.00024420,0.00042735,0.00518925,0.00952380,3.59213300,3.30168200,1.80415000,1.10695900,0.61904700,1.10805800,0.80439480,0.72231920,3.31867800,3.31501500,0.79824100,5.05314000,5.05314000,0.00341880, 2, 255, 7, 24,0x0,No,No,No,No,No,No,No,No
2026-04-09 20:19:04,0.2,1500,500,,500,500,44,,200,,,648,,66.4,0.7200,0.6000,0.6000,1.1000,0.04684464,0.10052080,0.16005250,0.00585558,0.00000000,0.19713790,0.33084030,1.11625000,0.00012210,0.00042735,0.00586080,0.00976800,3.60141300,3.30168200,1.80073100,1.10586000,0.61794810,1.10952300,0.80292960,0.72151340,3.31776200,3.31318300,0.79824100,5.05314000,5.06520000,0.00256410, 2, 255, 7, 24,0x0,No,No,No,No,No,No,No,No
2026-04-09 20:19:06,0.3,1500,500,,500,500,44,,200,,,648,,63.7,0.8071,0.6000,0.6000,1.1000,0.06831510,0.14150990,0.16688400,0.00487965,0.00000000,0.20006570,0.33084030,1.31271000,0.00000000,0.00042735,0.00525030,0.01001220,3.59306100,3.30724900,1.80512600,1.11025500,0.60622650,1.10842400,0.79963290,0.81203820,3.31867800,3.31501500,0.79824100,5.05180000,5.05046000,0.00256410, 2, 255, 7, 24,0x0,No,No,No,No,No,No,No,No
2026-04-09 20:19:08,0.0,1500,500,,500,500,44,,200,,,648,,65.3,0.7200,0.6000,0.6000,1.1000,0.00000000,0.10247270,0.16200440,0.01171116,0.00000000,0.19908970,0.33376810,1.08946000,0.00012210,0.00042735,0.00506715,0.00976800,3.61069200,3.30817700,1.81342900,1.11355200,0.61831440,1.10842400,0.79963290,0.72312500,3.31776200,3.31226800,0.79824100,5.05850000,5.07190000,0.00341880, 2, 255, 7, 24,0x0,No,No,No,No,No,No,No,No
2026-04-09 20:19:10,0.0,1500,500,,500,500,44,,200,,,648,,64.8,0.7200,0.6000,0.6000,1.1000,0.00000000,0.10637640,0.15907660,0.00683151,0.00000000,0.19811380,0.33084030,1.09839000,0.00012210,0.00042735,0.00586080,0.00903540,3.61533200,3.32952100,1.80415000,1.11355200,0.61904700,1.10952300,0.79963290,0.72151340,3.31867800,3.31501500,0.79824100,5.06117900,5.06252000,0.00341880, 2, 255, 7, 24,0x0,No,No,No,No,No,No,No,No
2026-04-09 20:19:13,0.0,1500,500,,500,500,44,,200,,,648,,64.8,0.7200,0.6000,0.6000,1.1000,0.00000000,0.10442450,0.16005250,0.00975930,0.00000000,0.21958430,0.33279210,1.08946000,0.00012210,0.00042735,0.00525030,0.00976800,3.61347600,3.31374500,1.80463800,1.10586000,0.61904700,1.10732500,0.80146440,0.72178200,3.32050900,3.31318300,0.79882700,5.06117900,5.07190000,0.00341880, 2, 255, 7, 24,0x0,No,No,No,No,No,No,No,No
2026-04-09 20:19:15,0.0,1500,500,,500,500,44,,200,,,648,,63.7,0.7200,0.6000,0.6000,1.1000,0.00000000,0.09954486,0.16005250,0.00487965,0.00000000,0.19713790,0.33084030,1.08053000,0.00012210,0.00042735,0.00543345,0.00976800,3.61347600,3.31931300,1.79682400,1.11208700,0.61941330,1.10842400,0.80292960,0.72151340,3.31776200,3.31409900,0.79794790,5.06922000,5.07190000,0.00341880, 2, 255, 7, 24,0x0,No,No,No,No,No,No,No,No
2026-04-09 20:19:17,2.7,1500,500,,500,500,44,,200,,,648,,63.7,0.7200,0.6000,0.6000,1.1000,0.00000000,0.11125600,0.16102850,0.00585558,0.00000000,0.19908970,0.33376810,1.08946000,0.00012210,0.00042735,0.00549450,0.00915750,3.60605200,3.31374500,1.80415000,1.11355200,0.61135470,1.10659200,0.80219700,0.72124470,3.31867800,3.31318300,0.79794790,5.06922000,5.06520000,0.00341880, 2, 255, 7, 24,0x0,No,No,No,No,No,No,No,No
2026-04-09 20:19:19,0.0,1500,500,,500,500,44,,200,,,648,,64.2,0.7200,0.6000,0.6000,1.1000,0.00000000,0.10149670,0.16005250,0.00878337,0.00000000,0.21275270,0.33181620,1.08946000,0.00012210,0.00042735,0.00537240,0.00976800,3.61626000,3.30910500,1.80317300,1.11355200,0.62087850,1.10842400,0.80256330,0.72178200,3.31959400,3.31318300,0.79882700,5.06520000,5.07056000,0.00341880, 2, 255, 7, 24,0x0,No,No,No,No,No,No,No,No
2026-04-09 20:19:21,0.0,1500,500,,500,500,44,,200,,,648,,65.3,0.7200,0.6000,0.6000,1.1000,0.00000000,0.09954486,0.16005250,0.00585558,0.00000000,0.19811380,0.33279210,1.08053000,0.00024420,0.00042735,0.00518925,0.00940170,3.61347600,3.31374500,1.79682400,1.11208700,0.61941330,1.10842400,0.80439480,0.72205060,3.31867800,3.31409900,0.79794790,5.07056000,5.06922000,0.00341880, 2, 255, 7, 24,0x0,No,No,No,No,No,No,No,No
2026-04-09 20:19:23,0.0,2400,910,,910,960,44,,200,,,648,,64.2,0.9033,0.6000,0.6000,1.1000,0.00000000,0.10540040,0.16786000,0.00487965,0.00000000,0.19908970,0.32888840,1.74135000,0.00006105,0.00036630,0.00543345,0.00940170,3.56615000,3.30724900,1.80561500,1.10805800,0.60915690,1.10586000,0.80256330,0.90793570,3.31776200,3.31409900,0.79853400,4.96336000,4.96738000,0.00341880, 2, 255, 7, 24,0x0,No,No,No,No,No,No,No,No
2026-04-09 20:19:25,2.8,2400,910,,910,960,44,,200,,,648,,65.3,0.9033,0.6000,0.6000,1.1000,0.00000000,0.10149670,0.16786000,0.00292779,0.00000000,0.19713790,0.33181620,1.77707000,0.00006105,0.00042735,0.00537240,0.00940170,3.59027700,3.30168200,1.80073100,1.10439400,0.61794810,1.10952300,0.80256330,0.90739830,3.31776200,3.31318300,0.79824100,5.03840000,5.03438000,0.00341880, 2, 255, 7, 24,0x0,No,No,No,No,No,No,No,No
2026-04-09 20:19:28,2.0,1500,500,,500,500,44,,200,,,648,,65.3,0.7200,0.6000,0.6000,1.1000,0.00000000,0.10442450,0.16005250,0.00585558,0.00000000,0.19811380,0.33279210,1.09839000,0.00024420,0.00042735,0.00506715,0.00940170,3.61069200,3.30724900,1.80415000,1.10439400,0.61794810,1.10659200,0.80292960,0.72231920,3.31776200,3.31318300,0.79882700,5.06520000,5.06252000,0.00256410, 2, 255, 7, 24,0x0,No,No,No,No,No,No,No,No
2026-04-09 20:19:30,0.0,1500,500,,500,500,44,,200,,,648,,64.2,0.7200,0.6000,0.6000,1.1000,0.00000000,0.11418380,0.16005250,0.00390372,0.00000000,0.21080090,0.33084030,1.08946000,0.00012210,0.00042735,0.00537240,0.00976800,3.61347600,3.35550300,1.80073100,1.11355200,0.61904700,1.10842400,0.80292960,0.72151340,3.31867800,3.31501500,0.79824100,5.05314000,5.05314000,0.00341880, 2, 255, 7, 24,0x0,No,No,No,No,No,No,No,No
2026-04-09 20:19:32,0.0,1500,500,,500,500,44,,200,,,648,,65.3,0.7200,0.6000,0.6000,1.1000,0.00000000,0.10149670,0.16200440,0.01073523,0.00000000,0.19908970,0.33084030,1.08946000,0.00012210,0.00042735,0.00543345,0.00964590,3.61533200,3.32952100,1.80708000,1.10439400,0.61941330,1.10549400,0.80256330,0.72178200,3.31776200,3.31409900,0.79824100,5.06520000,5.06788000,0.00341880, 2, 255, 7, 24,0x0,No,No,No,No,No,No,No,No
2026-04-09 20:19:34,0.0,2400,910,,910,960,43,,200,,,648,,67.5,0.9033,0.6000,0.6000,1.1000,0.00000000,0.09954486,0.16786000,0.00487965,0.00000000,0.19713790,0.33181620,1.76814000,0.00012210,0.00042735,0.00543345,0.00940170,3.59491700,3.31374500,1.79682400,1.10732500,0.61648290,1.10842400,0.80402850,0.90766700,3.31776200,3.31318300,0.79824100,5.01026000,5.03438000,0.00341880, 2, 255, 7, 24,0x0,No,No,No,No,No,No,No,No
