timestamp,cpu_percent,arm_mhz,core_mhz,h264_mhz,isp_mhz,v3d_mhz,uart_mhz,pwm_mhz,emmc_mhz,pixel_mhz,vec_mhz,hdmi_mhz,dpi_mhz,arm_temp,core_volt,sdram_c_volt,sdram_i_volt,sdram_p_volt,3V7_WL_SW_A,3V3_SYS_A,1V8_SYS_A,DDR_VDD2_A,DDR_VDDQ_A,1V1_SYS_A,0V8_SW_A,VDD_CORE_A,3V3_DAC_A,3V3_ADC_A,0V8_AON_A,HDMI_A,3V7_WL_SW_V,3V3_SYS_V,1V8_SYS_V,DDR_VDD2_V,DDR_VDDQ_V,1V1_SYS_V,0V8_SW_V,VDD_CORE_V,3V3_DAC_V,3V3_ADC_V,0V8_AON_V,HDMI_V,EXT5V_V,BATT_V,readmr_4,readmr_5,readmr_6,readmr_8,throttle_hex,UV,ArmFreqCap,CurThrottle,SoftTempLimit,UV_occured,ArmFreqCap_occured,Throttle_occured,SoftTempLimit_occured
2026-04-16 18:18:18,0.0,2000,910,,910,960,44,,200,,,648,,51.6,0.8976,0.6000,0.6000,1.1000,0.00000000,0.06245952,0.13467840,0.00292779,0.00000000,0.20689720,0.32791250,1.81279000,0.00067155,0.00103785,0.00427350,0.02722830,3.70070400,3.30724900,1.81684800,1.10769100,0.61465140,1.10292900,0.80146440,0.89960840,3.30036300,3.30311000,0.79853400,5.07860000,5.08262000,0.00854700, 2, 255, 7, 24,0x0,No,No,No,No,No,No,No,No
2026-04-16 18:18:20,0.2,2000,910,,910,960,44,,200,,,648,,51.6,0.8976,0.6000,0.6000,1.1000,0.00000000,0.06343545,0.13272650,0.00585558,0.00000000,0.19616190,0.32986440,1.83065000,0.00054945,0.00103785,0.00409035,0.02747250,3.69977600,3.30724900,1.78754400,1.10439400,0.61648290,1.10512700,0.79890030,0.89933980,3.30036300,3.30402600,0.79941320,5.08262000,5.08530000,0.00854700, 2, 255, 7, 24,0x0,No,No,No,No,No,No,No,No
2026-04-16 18:18:23,1.2,1500,500,,500,500,44,,200,,,648,,52.1,0.7200,0.6000,0.6000,1.1000,0.00000000,0.05953173,0.12491900,0.00683151,0.00000000,0.19713790,0.33181620,1.23234000,0.00048840,0.00079365,0.00457875,0.02759460,3.70070400,3.32580900,1.80024200,1.10512700,0.61611660,1.10366200,0.80073180,0.72070740,3.30127900,3.30311000,0.79912020,5.10808000,5.11210000,0.00940170, 2, 255, 7, 24,0x0,No,No,No,No,No,No,No,No
2026-04-16 18:18:25,0.0,1500,500,,500,500,44,,200,,,648,,49.9,0.7200,0.6000,0.6000,1.1000,0.00000000,0.06050766,0.12687090,0.00585558,0.00000000,0.21080090,0.33279210,1.18769000,0.00054945,0.00091575,0.00433455,0.02747250,3.70070400,3.32952100,1.79828900,1.10439400,0.61648290,1.10146400,0.80036550,0.71990160,3.30402600,3.30311000,0.79853400,5.11344000,5.09870000,0.00769230, 2, 255, 7, 24,0x0,No,No,No,No,No,No,No,No
2026-04-16 18:18:27,0.2,1500,500,,500,500,44,,200,,,648,,51.0,0.7200,0.6000,0.6000,1.1000,0.00000000,0.06245952,0.12491900,0.00487965,0.00000000,0.21177680,0.33474400,1.17876000,0.00036630,0.00042735,0.00488400,0.02722830,3.69977600,3.29889800,1.80610300,1.10769100,0.61611660,1.10512700,0.79963290,0.72070740,3.30402600,3.30494200,0.79941320,5.09066000,5.11210000,0.00854700, 2, 255, 7, 24,0x0,No,No,No,No,No,No,No,No
2026-04-16 18:18:29,4.7,2000,910,,910,960,44,,200,,,648,,52.7,0.8976,0.6000,0.6000,1.1000,0.00000000,0.06245952,0.12979870,0.00000000,0.00000000,0.19811380,0.33767180,1.82172000,0.00042735,0.00103785,0.00433455,0.02759460,3.69977600,3.29240200,1.81684800,1.10622600,0.61648290,1.10292900,0.79999920,0.89960840,3.30127900,3.30311000,0.79853400,5.08262000,5.08262000,0.00854700, 2, 255, 7, 24,0x0,No,No,No,No,No,No,No,No
2026-04-16 18:18:31,1.5,2000,910,,910,960,44,,200,,,648,,53.2,0.8976,0.6000,0.6000,1.1000,0.00000000,0.07026696,0.12882280,0.00292779,0.00000000,0.19713790,0.33474400,1.83065000,0.00061050,0.00115995,0.00415140,0.02783880,3.69977600,3.31188900,1.81733600,1.10586000,0.61062210,1.10366200,0.80036550,0.89987700,3.30219400,3.30219400,0.79882700,5.07726000,5.07190000,0.00940170, 2, 255, 7, 24,0x0,No,No,No,No,No,No,No,No
2026-04-16 18:18:33,1.5,1500,500,,500,500,43,,200,,,648,,51.6,0.7200,0.6000,0.6000,1.1000,0.00000000,0.05660394,0.12687090,0.00292779,0.00000000,0.19616190,0.33376810,1.20555000,0.00054945,0.00091575,0.00384615,0.02759460,3.69884800,3.32766400,1.79828900,1.10292900,0.61501770,1.09999900,0.80036550,0.72017020,3.30311000,3.30402600,0.79853400,5.11344000,5.10674000,0.00854700, 2, 255, 7, 24,0x0,No,No,No,No,No,No,No,No
2026-04-16 18:18:35,0.0,1500,500,,500,500,44,,200,,,648,,50.5,0.7200,0.6000,0.6000,1.1000,0.00000000,0.06050766,0.12394310,0.00487965,0.00000000,0.20787310,0.33084030,1.18769000,0.00054945,0.00079365,0.00421245,0.02747250,3.70070400,3.31096100,1.80024200,1.10512700,0.61758180,1.10073200,0.79963290,0.72017020,3.29944700,3.30494200,0.79941320,5.11210000,5.11210000,0.00854700, 2, 255, 7, 24,0x0,No,No,No,No,No,No,No,No
2026-04-16 18:18:38,0.0,1500,500,,500,500,44,,200,,,648,,51.0,0.7200,0.6000,0.6000,1.1000,0.00000000,0.06245952,0.12394310,0.00390372,0.00000000,0.19518600,0.33181620,1.16983000,0.00048840,0.00091575,0.00384615,0.02783880,3.70070400,3.30168200,1.80024200,1.10146400,0.61684920,1.10146400,0.80073180,0.72070740,3.30127900,3.30494200,0.79912020,5.10540000,5.10004000,0.00854700, 2, 255, 7, 24,0x0,No,No,No,No,No,No,No,No
2026-04-16 18:18:40,0.0,1500,500,,500,500,43,,200,,,648,,50.5,0.7200,0.6000,0.6000,1.1000,0.00000000,0.10344860,0.15712470,0.00878337,0.00000000,0.19616190,0.33279210,1.17876000,0.00048840,0.00079365,0.00439560,0.02771670,3.69884800,3.29518600,1.79096300,1.10695900,0.61501770,1.10256300,0.80073180,0.72017020,3.30219400,3.30402600,0.79941320,5.09602000,5.09736000,0.00854700, 2, 255, 7, 24,0x0,No,No,No,No,No,No,No,No
2026-04-16 18:18:42,0.0,1500,500,,500,500,44,,200,,,648,,49.4,0.7200,0.6000,0.6000,1.1000,0.00000000,0.06538731,0.12296720,0.00487965,0.00000000,0.19713790,0.33279210,1.16983000,0.00036630,0.00067155,0.00409035,0.02759460,3.70070400,3.29889800,1.80024200,1.10512700,0.61428510,1.10073200,0.79999920,0.72043880,3.30219400,3.30311000,0.79882700,5.12148000,5.12148000,0.00854700, 2, 255, 7, 24,0x0,No,No,No,No,No,No,No,No
2026-04-16 18:18:44,1.8,2000,910,,910,960,44,,200,,,648,,51.6,0.8976,0.6000,0.6000,1.1000,0.00000000,0.06148359,0.12882280,0.01951860,0.00000000,0.19713790,0.33376810,1.81279000,0.00042735,0.00042735,0.00439560,0.02759460,3.69977600,3.29518600,1.82124300,1.10695900,0.61538400,1.10292900,0.80036550,0.89987700,3.30219400,3.30219400,0.79912020,5.07994000,5.07994000,0.00854700, 2, 255, 7, 24,0x0,No,No,No,No,No,No,No,No
2026-04-16 18:18:46,0.0,2000,910,,910,960,44,,200,,,648,,52.1,0.8976,0.6000,0.6000,1.1000,0.00000000,0.06245952,0.12882280,0.00390372,0.00000000,0.19811380,0.33084030,1.83065000,0.00042735,0.00054945,0.00512820,0.02722830,3.69792000,3.31931300,1.81684800,1.10622600,0.61281990,1.10073200,0.80036550,0.89960840,3.30402600,3.30402600,0.79941320,5.08128000,5.07726000,0.00854700, 2, 255, 7, 24,0x0,No,No,No,No,No,No,No,No
2026-04-16 18:18:48,0.2,2000,910,,910,960,44,,200,,,648,,52.7,0.8976,0.6000,0.6000,1.1000,0.00000000,0.05757987,0.12979870,0.00487965,0.00000000,0.20006570,0.33181620,1.83065000,0.00061050,0.00042735,0.00421245,0.02759460,3.70070400,3.32952100,1.79828900,1.10366200,0.61172100,1.10109800,0.80073180,0.89907110,3.30219400,3.30402600,0.79941320,5.08262000,5.08530000,0.00854700, 2, 255, 7, 24,0x0,No,No,No,No,No,No,No,No
2026-04-16 18:18:51,19.6,2000,910,,910,960,44,,200,,,648,,53.2,0.8976,0.6000,0.6000,1.1000,0.00000000,0.08880963,0.12979870,0.00780744,0.00098040,0.35523850,0.48503720,2.81295000,0.00061050,0.00091575,0.00488400,0.02808300,3.70163200,3.30168200,1.80024200,1.10402800,0.60512760,1.10036500,0.80036550,0.90014570,3.29944700,3.30494200,0.79941320,5.03840000,5.03438000,0.00854700, 2, 255, 7, 24,0x0,No,No,No,No,No,No,No,No
2026-04-16 18:18:53,1.5,2000,910,,910,960,44,,200,,,648,,53.8,0.8976,0.6000,0.6000,1.1000,0.00000000,0.09076149,0.13077460,0.00683151,0.00000000,0.35035890,0.48698910,1.99139000,0.00061050,0.00042735,0.00445665,0.02796090,3.70256000,3.32673600,1.79096300,1.10659200,0.60695910,1.09890000,0.79999920,0.90041420,3.30036300,3.30402600,0.79912020,5.05850000,5.06520000,0.00854700, 2, 255, 7, 24,0x0,No,No,No,No,No,No,No,No
2026-04-16 18:18:55,10.0,2000,910,,910,960,44,,200,,,648,,54.9,0.8976,0.6000,0.6000,1.1000,0.00000000,0.09368929,0.12979870,0.00585558,0.00000000,0.35328660,0.48601320,1.91995000,0.00067155,0.00103785,0.00427350,0.02783880,3.70256000,3.29518600,1.81684800,1.10769100,0.60512760,1.09853400,0.79963290,0.89987700,3.30219400,3.30311000,0.79912020,5.07592000,5.06922000,0.00854700, 2, 255, 7, 24,0x0,No,No,No,No,No,No,No,No
2026-04-16 18:18:57,34.4,2000,910,,910,960,44,,200,,,648,,54.9,0.8976,0.6000,0.6000,1.1000,0.00000000,0.08880963,0.13272650,0.00683151,0.00000000,0.35328660,0.50357990,3.09871000,0.00061050,0.00085470,0.00409035,0.02832720,3.70070400,3.29889800,1.80024200,1.10292900,0.60146460,1.09926600,0.80036550,0.90014570,3.30127900,3.30494200,0.79941320,5.06788000,5.07190000,0.00940170, 2, 255, 7, 24,0x0,No,No,No,No,No,No,No,No
2026-04-16 18:18:59,8.4,2000,910,,910,960,44,,200,,,648,,55.4,0.8976,0.6000,0.6000,1.1000,0.00000000,0.13272650,0.14150990,0.11613570,0.00490200,0.35231080,0.53968930,2.83081000,0.00042735,0.00073260,0.00433455,0.02747250,3.69977600,3.29889800,1.79926600,1.10402800,0.60402870,1.09926600,0.80036550,0.90041420,3.29944700,3.30402600,0.79882700,4.97408000,5.01160000,0.00854700, 2, 255, 7, 24,0x0,No,No,No,No,No,No,No,No
2026-04-16 18:19:01,0.0,1500,500,,500,500,44,,200,,,648,,54.9,0.7200,0.6000,0.6000,1.1000,0.00000000,0.13175060,0.12979870,0.02147046,0.00392160,0.35328660,0.49479650,2.14320000,0.00054945,0.00067155,0.00433455,0.02771670,3.69884800,3.29518600,1.82124300,1.10146400,0.60219720,1.10146400,0.79926660,0.79028010,3.30219400,3.30311000,0.79912020,5.05448000,5.05314000,0.00940170, 2, 255, 7, 24,0x0,No,No,No,No,No,No,No,No
2026-04-16 18:19:04,34.1,2000,910,,910,960,44,,200,,,648,,56.5,0.8976,0.6000,0.6000,1.1000,0.00000000,0.09173742,0.13077460,0.01073523,0.00000000,0.35328660,0.48796500,1.96460000,0.00042735,0.00067155,0.00439560,0.02783880,3.69884800,3.29518600,1.82124300,1.10659200,0.60805800,1.09853400,0.79963290,0.90014570,3.30219400,3.30311000,0.79912020,5.06520000,5.06788000,0.00940170, 2, 255, 7, 24,0x0,No,No,No,No,No,No,No,No
2026-04-16 18:19:06,9.0,2000,910,,910,960,44,,200,,,648,,54.9,0.8976,0.6000,0.6000,1.1000,0.00000000,0.08978556,0.12882280,0.01659081,0.00000000,0.35231080,0.48894090,2.85760000,0.00061050,0.00115995,0.00439560,0.02808300,3.69977600,3.29425800,1.81733600,1.10586000,0.60256350,1.10036500,0.79926660,0.89987700,3.30219400,3.30311000,0.79882700,5.03304000,5.00758000,0.00940170, 2, 255, 7, 24,0x0,No,No,No,No,No,No,No,No
2026-04-16 18:19:08,3.3,1500,500,,500,500,44,,200,,,648,,53.8,0.7200,0.6000,0.6000,1.1000,0.00000000,0.09466522,0.12687090,0.00878337,0.00000000,0.35231080,0.49382060,1.77707000,0.00054945,0.00067155,0.00409035,0.02771670,3.69977600,3.29889800,1.79926600,1.10622600,0.60292980,1.09926600,0.79963290,0.72070740,3.30219400,3.30311000,0.79794790,5.08932000,5.09602000,0.00854700, 2, 255, 7, 24,0x0,No,No,No,No,No,No,No,No
2026-04-16 18:19:10,19.2,2000,910,,910,960,44,,200,,,648,,54.9,0.8976,0.6000,0.6000,1.1000,0.00000000,0.09661707,0.12979870,0.01951860,0.00000000,0.35231080,0.48796500,1.95567000,0.00061050,0.00109890,0.00439560,0.02722830,3.70070400,3.29147400,1.79389300,1.10622600,0.60695910,1.10109800,0.79926660,0.90041420,3.30219400,3.30219400,0.79882700,5.06117900,5.05984000,0.00940170, 2, 255, 7, 24,0x0,No,No,No,No,No,No,No,No
2026-04-16 18:19:12,21.6,2000,910,,910,960,44,,200,,,648,,57.6,0.8976,0.6000,0.6000,1.1000,0.00000000,0.09271335,0.14736540,0.12979870,0.01421580,0.35426260,0.56311160,2.96476000,0.00061050,0.00091575,0.00488400,0.02783880,3.70070400,3.32952100,1.79828900,1.10219700,0.60439500,1.10146400,0.79890030,0.89907110,3.29944700,3.30311000,0.79970620,5.01696000,5.01562000,0.00940170, 2, 255, 7, 24,0x0,No,No,No,No,No,No,No,No
2026-04-16 18:19:14,0.5,1500,500,,500,500,44,,200,,,648,,54.3,0.7200,0.6000,0.6000,1.1000,0.05855580,0.09368929,0.12687090,0.01073523,0.00000000,0.35035890,0.48991690,1.30378000,0.00054945,0.00079365,0.00433455,0.02759460,3.70163200,3.30260900,1.80024200,1.10146400,0.60549390,1.10036500,0.80036550,0.72124470,3.29944700,3.30402600,0.79941320,5.04242000,5.04912000,0.00940170, 2, 255, 7, 24,0x0,No,No,No,No,No,No,No,No
2026-04-16 18:19:17,0.3,2000,910,,910,960,44,,200,,,648,,57.6,0.8976,0.6000,0.6000,1.1000,0.00000000,0.13858210,0.13077460,0.00585558,0.00000000,0.35133480,0.48601320,1.95567000,0.00042735,0.00067155,0.00451770,0.02747250,3.69977600,3.31188900,1.82124300,1.10622600,0.60805800,1.10183000,0.79963290,0.89987700,3.30311000,3.30311000,0.79794790,5.06252000,5.06386000,0.00940170, 2, 255, 7, 24,0x0,No,No,No,No,No,No,No,No
2026-04-16 18:19:20,2.2,1500,500,,500,500,44,,200,,,648,,55.4,0.7200,0.6000,0.6000,1.1000,0.00000000,0.13175060,0.12589500,0.00780744,0.00000000,0.35523850,0.55140050,1.32164000,0.00054945,0.00091575,0.00409035,0.02808300,3.70070400,3.30168200,1.80024200,1.10988900,0.60805800,1.09999900,0.79816780,0.72070740,3.30311000,3.30494200,0.79794790,5.08128000,5.07860000,0.00854700, 2, 255, 7, 24,0x0,No,No,No,No,No,No,No,No
2026-04-16 18:19:23,14.6,2000,910,,910,960,44,,200,,,648,,56.0,0.8976,0.6000,0.6000,1.1000,0.00000000,0.09271335,0.12979870,0.00975930,0.00000000,0.35426260,0.49577240,2.93797000,0.00042735,0.00067155,0.00463980,0.02771670,3.69977600,3.29147400,1.82124300,1.10476100,0.60292980,1.09999900,0.79963290,0.89987700,3.30311000,3.30494200,0.79794790,5.03706000,5.02902000,0.00940170, 2, 255, 7, 24,0x0,No,No,No,No,No,No,No,No
2026-04-16 18:19:26,2.5,1600,582,,582,592,44,,200,,,648,,56.0,0.7876,0.6000,0.6000,1.1000,0.00000000,0.09076149,0.12784680,0.00780744,0.00000000,0.35328660,0.48991690,1.50917000,0.00042735,0.00042735,0.00445665,0.02783880,3.70256000,3.35735900,1.80659200,1.10695900,0.60476130,1.09999900,0.80036550,0.79081740,3.29944700,3.30402600,0.79853400,5.08128000,5.07726000,0.00940170, 2, 255, 7, 24,0x0,No,No,No,No,No,No,No,No
2026-04-16 18:19:28,7.0,2000,910,,910,960,44,,200,,,648,,57.1,0.8976,0.6000,0.6000,1.1000,0.00000000,0.09271335,0.12882280,0.01659081,0.01813740,0.35426260,0.48601320,1.98246000,0.00067155,0.00042735,0.00445665,0.02771670,3.70070400,3.32580900,1.79828900,1.10695900,0.60842430,1.10036500,0.80036550,0.90041420,3.30311000,3.30402600,0.79941320,5.05850000,5.05984000,0.00854700, 2, 255, 7, 24,0x0,No,No,No,No,No,No,No,No
2026-04-16 18:19:31,1.2,2000,910,,910,960,44,,200,,,648,,56.5,0.8976,0.6000,0.6000,1.1000,0.00000000,0.09076149,0.13077460,0.00975930,0.00000000,0.35426260,0.48503720,2.00925000,0.00067155,0.00115995,0.00463980,0.02783880,3.70163200,3.29518600,1.81733600,1.10769100,0.60659280,1.10183000,0.79963290,0.89987700,3.30219400,3.30311000,0.79912020,5.05984000,5.06386000,0.00854700, 2, 255, 7, 24,0x0,No,No,No,No,No,No,No,No
2026-04-16 18:19:33,0.0,1500,500,,500,500,43,,200,,,648,,54.3,0.7200,0.6000,0.6000,1.1000,0.00000000,0.08783370,0.12589500,0.00780744,0.00000000,0.35328660,0.48991690,1.83065000,0.00054945,0.00091575,0.00494505,0.02771670,3.70070400,3.30168200,1.80024200,1.10769100,0.60439500,1.10109800,0.80036550,0.72070740,3.29944700,3.30494200,0.79882700,5.06922000,5.06922000,0.00854700, 2, 255, 7, 24,0x0,No,No,No,No,No,No,No,No
2026-04-16 18:19:35,27.5,2000,910,,910,960,44,,200,,,648,,58.2,0.8976,0.6000,0.6000,1.1000,0.00000000,0.09173742,0.12882280,0.00878337,0.00000000,0.35523850,0.48698910,2.00925000,0.00067155,0.00067155,0.00427350,0.02771670,3.70256000,3.29518600,1.82124300,1.10439400,0.60586020,1.09999900,0.80036550,0.90041420,3.29944700,3.30494200,0.79941320,5.06386000,5.06117900,0.00940170, 2, 255, 7, 24,0x0,No,No,No,No,No,No,No,No
2026-04-16 18:19:37,15.8,2000,910,,910,960,44,,200,,,648,,58.7,0.8976,0.6000,0.6000,1.1000,0.00000000,0.09368929,0.13175060,0.01561488,0.00000000,0.35328660,0.48601320,2.92011000,0.00042735,0.00103785,0.00421245,0.02759460,3.69977600,3.29240200,1.81684800,1.10439400,0.60183090,1.10109800,0.80036550,0.90041420,3.29944700,3.30494200,0.79941320,5.02634000,5.03438000,0.00940170, 2, 255, 7, 24,0x0,No,No,No,No,No,No,No,No
2026-04-16 18:19:39,3.2,2000,910,,910,960,44,,200,,,648,,56.5,0.8976,0.6000,0.6000,1.1000,0.00000000,0.08880963,0.13272650,0.00683151,0.00000000,0.35231080,0.48698910,2.01818000,0.00054945,0.00067155,0.00427350,0.02783880,3.69977600,3.29518600,1.81733600,1.10695900,0.60366240,1.10036500,0.79999920,0.89987700,3.29944700,3.30952000,0.79941320,5.05314000,5.05984000,0.00854700, 2, 255, 7, 24,0x0,No,No,No,No,No,No,No,No
2026-04-16 18:19:41,14.1,2000,910,,910,960,44,,200,,,648,,58.7,0.8976,0.6000,0.6000,1.1000,0.00000000,0.09076149,0.13077460,0.00390372,0.00000000,0.35328660,0.48698910,2.02711000,0.00042735,0.00054945,0.00433455,0.02783880,3.69977600,3.29518600,1.81684800,1.10879000,0.60439500,1.10146400,0.79963290,0.89960840,3.30311000,3.30494200,0.79941320,5.05850000,5.06117900,0.00940170, 2, 255, 7, 24,0x0,No,No,No,No,No,No,No,No
2026-04-16 18:19:43,32.9,1700,664,,664,684,44,,200,,,648,,59.3,0.8976,0.6000,0.6000,1.1000,0.00000000,0.13858210,0.13077460,0.00487965,0.00000000,0.35426260,0.48894090,2.04497000,0.00042735,0.00079365,0.00445665,0.02747250,3.70163200,3.32580900,1.79828900,1.10915600,0.60366240,1.10109800,0.79999920,0.89907110,3.30127900,3.30402600,0.79941320,5.00490000,5.07056000,0.00854700, 2, 255, 7, 24,0x0,No,No,No,No,No,No,No,No
2026-04-16 18:19:46,7.5,2000,910,,910,960,44,,200,,,648,,59.3,0.8976,0.6000,0.6000,1.1000,0.00000000,0.11613570,0.14346170,0.12003940,0.00441180,0.35231080,0.54164120,2.94690000,0.00054945,0.00054945,0.00427350,0.02735040,3.70070400,3.30353800,1.81684800,1.10622600,0.60036570,1.09999900,0.79926660,0.89987700,3.30127900,3.30311000,0.79882700,5.01562000,5.02634000,0.00940170, 2, 255, 7, 24,0x0,No,No,No,No,No,No,No,No
2026-04-16 18:19:50,0.0,1500,500,,500,500,43,,200,,,648,,58.2,0.7200,0.6000,0.6000,1.1000,0.00000000,0.14346170,0.12491900,0.00487965,0.00000000,0.35231080,0.48698910,1.33950000,0.00054945,0.00091575,0.00488400,0.02783880,3.70070400,3.29889800,1.79828900,1.11062200,0.60622650,1.10109800,0.80036550,0.72017020,3.30402600,3.30402600,0.79941320,5.08128000,5.09200000,0.00940170, 2, 255, 7, 24,0x0,No,No,No,No,No,No,No,No
2026-04-16 18:19:52,0.0,1500,500,,500,500,44,,200,,,648,,56.5,0.7200,0.6000,0.6000,1.1000,0.00000000,0.09368929,0.12394310,0.00585558,0.00000000,0.35133480,0.48601320,1.93781000,0.00036630,0.00067155,0.00427350,0.02796090,3.69977600,3.29797000,1.78852100,1.10695900,0.60549390,1.10036500,0.79963290,0.72097620,3.30219400,3.30311000,0.79912020,5.08664000,5.08798000,0.00940170, 2, 255, 7, 24,0x0,No,No,No,No,No,No,No,No
2026-04-16 18:19:55,1.0,1500,500,,500,500,44,,200,,,648,,56.0,0.7200,0.6000,0.6000,1.1000,0.00000000,0.08880963,0.12687090,0.00975930,0.00000000,0.35426260,0.48601320,1.30378000,0.00036630,0.00042735,0.00445665,0.02747250,3.70163200,3.32766400,1.79828900,1.10439400,0.60622650,1.10146400,0.80036550,0.72017020,3.29944700,3.30402600,0.79970620,5.09066000,5.09066000,0.00940170, 2, 255, 7, 24,0x0,No,No,No,No,No,No,No,No
2026-04-16 18:19:57,14.3,2000,910,,910,960,44,,200,,,648,,56.5,0.8976,0.6000,0.6000,1.1000,0.00000000,0.09076149,0.13272650,0.00975930,0.00000000,0.36499780,0.48796500,2.87546000,0.00042735,0.00067155,0.00439560,0.02747250,3.69977600,3.29147400,1.82124300,1.10915600,0.60183090,1.09853400,0.79963290,0.90014570,3.29944700,3.30494200,0.79941320,5.01696000,5.01294000,0.00940170, 2, 255, 7, 24,0x0,No,No,No,No,No,No,No,No
2026-04-16 18:19:59,1.5,2000,910,,910,960,44,,200,,,648,,57.1,0.8976,0.6000,0.6000,1.1000,0.00000000,0.09466522,0.13077460,0.00780744,0.00000000,0.35523850,0.48601320,3.17015000,0.00054945,0.00115995,0.00427350,0.02759460,3.70163200,3.31188900,1.81733600,1.10586000,0.60549390,1.10036500,0.79999920,0.89960840,3.30127900,3.30402600,0.79912020,5.05314000,5.06788000,0.00940170, 2, 255, 7, 24,0x0,No,No,No,No,No,No,No,No
2026-04-16 18:20:01,14.9,2000,910,,910,960,44,,200,,,648,,58.7,0.8976,0.6000,0.6000,1.1000,0.00000000,0.08880963,0.12979870,0.00878337,0.00000000,0.35523850,0.48991690,2.02711000,0.00042735,0.00042735,0.00439560,0.02722830,3.69884800,3.31096100,1.79096300,1.10292900,0.60586020,1.10036500,0.79963290,0.89987700,3.30311000,3.30402600,0.79912020,5.06520000,5.06386000,0.00854700, 2, 255, 7, 24,0x0,No,No,No,No,No,No,No,No
2026-04-16 18:20:03,1.0,1500,500,,500,500,43,,200,,,648,,54.9,0.7200,0.6000,0.6000,1.1000,0.00000000,0.09173742,0.12687090,0.00390372,0.00000000,0.35328660,0.48796500,1.33950000,0.00054945,0.00091575,0.00488400,0.02759460,3.70070400,3.30168200,1.80024200,1.10292900,0.60586020,1.09999900,0.79816780,0.72070740,3.30219400,3.30494200,0.79970620,5.08932000,5.08932000,0.00854700, 2, 255, 7, 24,0x0,No,No,No,No,No,No,No,No
2026-04-16 18:20:05,0.0,1500,500,,500,500,43,,200,,,648,,56.0,0.7200,0.6000,0.6000,1.1000,0.00000000,0.08783370,0.12491900,0.00585558,0.00000000,0.35231080,0.48796500,1.32164000,0.00054945,0.00042735,0.00433455,0.02747250,3.69884800,3.29889800,1.79828900,1.10549400,0.60622650,1.09963300,0.80036550,0.72017020,3.30402600,3.30402600,0.79941320,5.08530000,5.08530000,0.00940170, 2, 255, 7, 24,0x0,No,No,No,No,No,No,No,No
2026-04-16 18:20:08,31.8,2000,910,,910,960,44,,200,,,648,,58.7,0.8976,0.6000,0.6000,1.1000,0.00000000,0.10735230,0.13077460,0.00585558,0.00000000,0.35426260,0.48796500,2.50040000,0.00061050,0.00067155,0.00439560,0.02759460,3.69977600,3.29333000,1.81342900,1.10659200,0.60292980,1.10073200,0.79963290,0.89960840,3.30127900,3.30311000,0.79912020,5.06922000,5.05314000,0.00940170, 2, 255, 7, 24,0x0,No,No,No,No,No,No,No,No
2026-04-16 18:20:10,7.2,2000,910,,910,960,44,,200,,,648,,59.3,0.8976,0.6000,0.6000,1.1000,0.00000000,0.08880963,0.13858210,0.07514661,0.00392160,0.35231080,0.50943550,2.91118000,0.00054945,0.00103785,0.00427350,0.02735040,3.69977600,3.30724900,1.81684800,1.10329600,0.60183090,1.09963300,0.79963290,0.89987700,3.29944700,3.30402600,0.79912020,5.02499900,5.02902000,0.00940170, 2, 255, 7, 24,0x0,No,No,No,No,No,No,No,No
2026-04-16 18:20:12,2.8,2000,910,,910,960,44,,200,,,648,,57.6,0.8976,0.6000,0.6000,1.1000,0.00000000,0.09271335,0.12882280,0.00487965,0.00000000,0.35035890,0.49089280,2.02711000,0.00054945,0.00103785,0.00433455,0.02735040,3.69977600,3.30724900,1.81684800,1.10622600,0.60769170,1.09999900,0.79926660,0.89987700,3.30219400,3.30311000,0.79882700,5.06520000,5.05850000,0.00940170, 2, 255, 7, 24,0x0,No,No,No,No,No,No,No,No
2026-04-16 18:20:14,21.1,2000,910,,910,960,44,,200,,,648,,60.9,0.8976,0.6000,0.6000,1.1000,0.00000000,0.12979870,0.16200440,0.07417068,0.00000000,0.35426260,0.48601320,2.97369000,0.00042735,0.00067155,0.00439560,0.02710620,3.69977600,3.29518600,1.82124300,1.10512700,0.60586020,1.09926600,0.79816780,0.89960840,3.29944700,3.30494200,0.79941320,5.05314000,5.05984000,0.00940170, 2, 255, 7, 24,0x0,No,No,No,No,No,No,No,No
2026-04-16 18:20:16,17.5,2000,910,,910,960,44,,200,,,648,,59.8,0.8976,0.6000,0.6000,1.1000,0.00000000,0.09856894,0.14150990,0.07514661,0.00588240,0.35133480,0.52212260,5.21512000,0.00042735,0.00067155,0.00457875,0.02747250,3.70256000,3.30446500,1.81733600,1.10622600,0.60366240,1.09999900,0.79816780,0.89987700,3.29944700,3.30402600,0.79970620,5.02634000,4.90440000,0.00940170, 2, 255, 7, 24,0x0,No,No,No,No,No,No,No,No
2026-04-16 18:20:18,1.0,2000,910,,910,960,44,,200,,,648,,59.3,0.8976,0.6000,0.6000,1.1000,0.00000000,0.09661707,0.13175060,0.01171116,0.00000000,0.35719040,0.48991690,2.05390000,0.00067155,0.00091575,0.00445665,0.02735040,3.70070400,3.31281700,1.79096300,1.10439400,0.60842430,1.09999900,0.79999920,0.89933980,3.30402600,3.30402600,0.79853400,5.06117900,5.06252000,0.00854700, 2, 255, 7, 24,0x0,No,No,No,No,No,No,No,No
2026-04-16 18:20:20,15.6,2000,910,,910,960,44,,200,,,648,,58.7,0.8976,0.6000,0.6000,1.1000,0.00000000,0.12784680,0.13077460,0.00585558,0.00000000,0.35231080,0.48698910,2.07176000,0.00067155,0.00091575,0.00445665,0.02735040,3.70070400,3.29889800,1.80610300,1.10219700,0.60695910,1.10036500,0.80036550,0.89960840,3.30402600,3.30402600,0.79853400,5.04242000,5.03572000,0.00854700, 2, 255, 7, 24,0x0,No,No,No,No,No,No,No,No
2026-04-16 18:20:23,0.0,1500,500,,500,500,43,,200,,,648,,57.1,0.7200,0.6000,0.6000,1.1000,0.00000000,0.13663020,0.12491900,0.00975930,0.00000000,0.35328660,0.48991690,1.36629000,0.00067155,0.00079365,0.00439560,0.02735040,3.70163200,3.32580900,1.79828900,1.10695900,0.60146460,1.09853400,0.79890030,0.72070740,3.30127900,3.30494200,0.79941320,5.06922000,5.09200000,0.00854700, 2, 255, 7, 24,0x0,No,No,No,No,No,No,No,No
2026-04-16 18:20:26,5.5,2000,910,,910,960,44,,200,,,648,,58.7,0.8976,0.6000,0.6000,1.1000,0.00000000,0.09076149,0.12979870,0.00683151,0.00000000,0.35231080,0.48894090,2.08962000,0.00042735,0.00079365,0.00488400,0.02722830,3.69977600,3.30168200,1.80024200,1.10769100,0.60769170,1.09999900,0.79999920,0.89933980,3.30127900,3.30768900,0.79882700,5.06117900,5.06520000,0.00854700, 2, 255, 7, 24,0x0,No,No,No,No,No,No,No,No
2026-04-16 18:20:28,27.6,2000,910,,910,960,44,,200,,,648,,60.4,0.8976,0.6000,0.6000,1.1000,0.00000000,0.09076149,0.12979870,0.00585558,0.00000000,0.35133480,0.48796500,2.09855000,0.00042735,0.00067155,0.00463980,0.02747250,3.69977600,3.30260900,1.82124300,1.10476100,0.60586020,1.09999900,0.79963290,0.90014570,3.30311000,3.30494200,0.79912020,5.04778000,5.06117900,0.00940170, 2, 255, 7, 24,0x0,No,No,No,No,No,No,No,No
2026-04-16 18:20:31,10.5,2000,910,,910,960,44,,200,,,648,,60.9,0.8976,0.6000,0.6000,1.1000,0.00000000,0.12979870,0.16493220,0.01171116,0.00000000,0.35328660,0.48601320,2.97369000,0.00067155,0.00103785,0.00427350,0.02759460,3.69977600,3.29425800,1.81684800,1.10439400,0.60146460,1.09999900,0.79963290,0.90014570,3.30219400,3.30311000,0.79941320,5.03572000,5.03572000,0.00854700, 2, 255, 7, 24,0x0,No,No,No,No,No,No,No,No
2026-04-16 18:20:33,4.0,2000,910,,910,960,44,,200,,,648,,58.7,0.8976,0.6000,0.6000,1.1000,0.00000000,0.09271335,0.13370240,0.00585558,0.00000000,0.35426260,0.48796500,2.08069000,0.00042735,0.00115995,0.00433455,0.02735040,3.69977600,3.29333000,1.81684800,1.10695900,0.60732540,1.09853400,0.80036550,0.90014570,3.29944700,3.30402600,0.79970620,5.04778000,5.06520000,0.00940170, 2, 255, 7, 24,0x0,No,No,No,No,No,No,No,No
2026-04-16 18:20:35,16.0,2000,910,,910,960,44,,200,,,648,,59.3,0.8976,0.6000,0.6000,1.1000,0.00000000,0.10540040,0.13077460,0.00683151,0.00000000,0.35426260,0.48601320,2.08962000,0.00067155,0.00115995,0.00463980,0.02735040,3.70163200,3.29240200,1.81733600,1.10879000,0.60476130,1.09853400,0.79816780,0.89907110,3.30311000,3.30494200,0.79970620,5.05850000,5.05582000,0.00940170, 2, 255, 7, 24,0x0,No,No,No,No,No,No,No,No
2026-04-16 18:20:37,24.2,2000,910,,910,960,44,,200,,,648,,60.4,0.8976,0.6000,0.6000,1.1000,0.00000000,0.09076149,0.14346170,0.11808750,0.00441180,0.35328660,0.54359300,3.00048000,0.00042735,0.00042735,0.00439560,0.02735040,3.70256000,3.31188900,1.79389300,1.10512700,0.60366240,1.10109800,0.79963290,0.90014570,3.29944700,3.30311000,0.79912020,4.97408000,5.01562000,0.00854700, 2, 255, 7, 24,0x0,No,No,No,No,No,No,No,No
2026-04-16 18:20:39,0.3,2000,910,,910,960,44,,200,,,648,,59.3,0.8976,0.6000,0.6000,1.1000,0.00000000,0.09759300,0.13272650,0.00585558,0.00000000,0.35328660,0.48796500,2.10748000,0.00042735,0.00079365,0.00494505,0.02722830,3.70163200,3.30168200,1.80024200,1.10769100,0.60183090,1.10146400,0.79853400,0.89933980,3.30127900,3.30311000,0.79941320,5.07190000,5.06788000,0.00854700, 2, 255, 7, 24,0x0,No,No,No,No,No,No,No,No
2026-04-16 18:20:41,17.7,1700,664,,664,684,43,,200,,,648,,60.9,0.7200,0.6000,0.6000,1.1000,0.00000000,0.09076149,0.12589500,0.00585558,0.00931380,0.35523850,0.48796500,1.44666000,0.00067155,0.00042735,0.00488400,0.02759460,3.69977600,3.29889800,1.80610300,1.10476100,0.60549390,1.09926600,0.79999920,0.72097620,3.30402600,3.30311000,0.79853400,5.09334000,5.09736000,0.00940170, 2, 255, 7, 24,0x0,No,No,No,No,No,No,No,No
2026-04-16 18:20:44,1.8,2000,910,,910,960,44,,200,,,648,,59.8,0.8976,0.6000,0.6000,1.1000,0.00000000,0.13370240,0.13175060,0.01073523,0.00000000,0.35426260,0.48796500,2.07176000,0.00042735,0.00091575,0.00463980,0.02735040,3.69977600,3.29518600,1.82124300,1.11062200,0.60769170,1.09926600,0.79963290,0.90014570,3.30311000,3.30494200,0.79941320,5.04778000,5.04912000,0.00940170, 2, 255, 7, 24,0x0,No,No,No,No,No,No,No,No
2026-04-16 18:20:46,10.0,2000,910,,910,960,44,,200,,,648,,59.3,0.8976,0.6000,0.6000,1.1000,0.00000000,0.08880963,0.13467840,0.01171116,0.00000000,0.35328660,0.48991690,2.10748000,0.00067155,0.00097680,0.00463980,0.02747250,3.70256000,3.31281700,1.79096300,1.10695900,0.60292980,1.10109800,0.79926660,0.89987700,3.30219400,3.30311000,0.79882700,5.06520000,5.04778000,0.00940170, 2, 255, 7, 24,0x0,No,No,No,No,No,No,No,No
2026-04-16 18:20:48,34.2,2000,910,,910,960,44,,200,,,648,,63.7,0.8976,0.6000,0.6000,1.1000,0.00000000,0.09368929,0.13467840,0.01171116,0.00000000,0.35523850,0.48991690,3.08978000,0.00097680,0.00054945,0.00433455,0.02735040,3.69977600,3.29518600,1.81684800,1.10659200,0.60256350,1.10146400,0.79926660,0.89987700,3.30036300,3.30219400,0.79882700,5.02768000,5.02499900,0.00940170, 2, 255, 7, 24,0x0,No,No,No,No,No,No,No,No
2026-04-16 18:20:50,0.0,2000,910,,910,960,44,,200,,,648,,60.4,0.8976,0.6000,0.6000,1.1000,0.06050766,0.09368929,0.12882280,0.00683151,0.00000000,0.35523850,0.48991690,2.11641000,0.00042735,0.00067155,0.00457875,0.02722830,3.69977600,3.30724900,1.81684800,1.10329600,0.60183090,1.10036500,0.79999920,0.90041420,3.30402600,3.30402600,0.79941320,5.05314000,5.05314000,0.00940170, 2, 255, 7, 24,0x0,No,No,No,No,No,No,No,No
2026-04-16 18:20:52,3.5,2000,910,,910,960,44,,200,,,648,,60.4,0.8976,0.6000,0.6000,1.1000,0.00000000,0.09368929,0.13077460,0.00487965,0.00000000,0.35621450,0.49089280,2.10748000,0.00042735,0.00054945,0.00463980,0.02759460,3.70163200,3.29518600,1.81684800,1.10402800,0.60549390,1.09926600,0.79890030,0.89960840,3.30494200,3.30402600,0.79941320,5.04778000,5.01160000,0.00940170, 2, 255, 7, 24,0x0,No,No,No,No,No,No,No,No
2026-04-16 18:20:54,0.3,1500,500,,500,500,44,,200,,,648,,58.2,0.7200,0.6000,0.6000,1.1000,0.00000000,0.09076149,0.12784680,0.00878337,0.00000000,0.35328660,0.48698910,1.40201000,0.00042735,0.00079365,0.00433455,0.02747250,3.70163200,3.32952100,1.80024200,1.10695900,0.60659280,1.09853400,0.79963290,0.72070740,3.29944700,3.30494200,0.79794790,5.08932000,5.08530000,0.00854700, 2, 255, 7, 24,0x0,No,No,No,No,No,No,No,No
2026-04-16 18:20:57,30.1,2000,910,,910,960,44,,200,,,648,,60.4,0.8976,0.6000,0.6000,1.1000,0.00000000,0.08880963,0.13077460,0.00683151,0.00000000,0.35426260,0.48698910,2.13427000,0.00042735,0.00054945,0.00421245,0.02710620,3.69977600,3.30446500,1.81684800,1.10439400,0.60695910,1.09926600,0.79999920,0.90068290,3.30402600,3.30402600,0.79941320,5.04778000,5.06252000,0.00940170, 2, 255, 7, 24,0x0,No,No,No,No,No,No,No,No
2026-04-16 18:20:59,11.6,2000,910,,910,960,44,,200,,,648,,60.4,0.8976,0.6000,0.6000,1.1000,0.00000000,0.08880963,0.13565430,0.01073523,0.00000000,0.35523850,0.48991690,3.06299000,0.00042735,0.00054945,0.00415140,0.02735040,3.69977600,3.29333000,1.81684800,1.10879000,0.60476130,1.09963300,0.80036550,0.90014570,3.30494200,3.30402600,0.79941320,5.03170000,5.02499900,0.00940170, 2, 255, 7, 24,0x0,No,No,No,No,No,No,No,No
2026-04-16 18:21:01,0.0,1500,500,,500,500,43,,200,,,648,,59.3,0.7200,0.6000,0.6000,1.1000,0.00000000,0.09368929,0.12491900,0.00683151,0.00000000,0.35426260,0.48991690,1.42880000,0.00054945,0.00042735,0.00494505,0.02735040,3.70070400,3.29889800,1.79828900,1.10769100,0.60695910,1.09999900,0.80036550,0.72017020,3.30402600,3.30402600,0.79941320,5.08530000,5.08262000,0.00854700, 2, 255, 7, 24,0x0,No,No,No,No,No,No,No,No
2026-04-16 18:21:03,0.3,1500,500,,500,500,44,,200,,,648,,59.3,0.7200,0.6000,0.6000,1.1000,0.00000000,0.09466522,0.12784680,0.00390372,0.00000000,0.37670900,0.48796500,1.39308000,0.00054945,0.00079365,0.00445665,0.02735040,3.70070400,3.30168200,1.79828900,1.10476100,0.60512760,1.09853400,0.79963290,0.72043880,3.29944700,3.30494200,0.79970620,5.08932000,5.08530000,0.00854700, 2, 255, 7, 24,0x0,No,No,No,No,No,No,No,No
2026-04-16 18:21:05,1.7,1500,500,,500,500,44,,200,,,648,,58.7,0.8976,0.6000,0.6000,1.1000,0.00000000,0.08978556,0.12882280,0.00878337,0.00000000,0.35231080,0.49089280,2.02711000,0.00042735,0.00103785,0.00439560,0.02735040,3.70163200,3.29518600,1.81733600,1.10292900,0.60439500,1.10146400,0.80036550,0.90014570,3.30311000,3.30494200,0.79941320,5.06252000,5.06520000,0.00940170, 2, 255, 7, 24,0x0,No,No,No,No,No,No,No,No
2026-04-16 18:21:07,0.3,2000,910,,910,960,44,,200,,,648,,60.9,0.8976,0.6000,0.6000,1.1000,0.00000000,0.08978556,0.13077460,0.01073523,0.00000000,0.35816630,0.49186870,2.06283000,0.00067155,0.00103785,0.00427350,0.02722830,3.70070400,3.30353800,1.81684800,1.10732500,0.60549390,1.09999900,0.79963290,0.89987700,3.30219400,3.30311000,0.79912020,5.05984000,5.06788000,0.00940170, 2, 255, 7, 24,0x0,No,No,No,No,No,No,No,No
2026-04-16 18:21:10,22.4,2000,910,,910,960,44,,200,,,648,,61.5,0.8976,0.6000,0.6000,1.1000,0.00000000,0.10247270,0.12979870,0.00780744,0.00000000,0.35523850,0.48796500,2.13427000,0.00061050,0.00067155,0.00463980,0.02710620,3.70256000,3.31188900,1.79389300,1.10292900,0.60695910,1.10036500,0.79926660,0.89987700,3.30127900,3.30219400,0.79882700,5.06117900,5.05984000,0.00940170, 2, 255, 7, 24,0x0,No,No,No,No,No,No,No,No
2026-04-16 18:21:12,17.0,2000,910,,910,960,44,,200,,,648,,62.6,0.8976,0.6000,0.6000,1.1000,0.00000000,0.08978556,0.13077460,0.01268709,0.00000000,0.35523850,0.53090590,3.26838000,0.00054945,0.00103785,0.00427350,0.02735040,3.69977600,3.30446500,1.81684800,1.10769100,0.60586020,1.09853400,0.79926660,0.89987700,3.30219400,3.30585700,0.79882700,5.02902000,5.03170000,0.00940170, 2, 255, 7, 24,0x0,No,No,No,No,No,No,No,No
2026-04-16 18:21:14,1.3,2000,910,,910,960,44,,200,,,648,,62.0,0.8976,0.6000,0.6000,1.1000,0.00000000,0.09466522,0.13175060,0.00878337,0.00000000,0.35328660,0.48796500,2.11641000,0.00067155,0.00103785,0.00433455,0.02735040,3.69977600,3.30353800,1.81684800,1.11062200,0.60805800,1.09999900,0.79963290,0.89987700,3.30219400,3.30311000,0.79882700,5.06520000,5.05984000,0.00940170, 2, 255, 7, 24,0x0,No,No,No,No,No,No,No,No
2026-04-16 18:21:16,32.6,2000,910,,582,592,44,,200,,,648,,60.9,0.7876,0.6000,0.6000,1.1000,0.00000000,0.09076149,0.13077460,0.01366302,0.00000000,0.35133480,0.49186870,1.75921000,0.00048840,0.00067155,0.00421245,0.02759460,3.70163200,3.29518600,1.81733600,1.10586000,0.60586020,1.09853400,0.79926660,0.79028010,3.30219400,3.30402600,0.79912020,5.04912000,5.04912000,0.00940170, 2, 255, 7, 24,0x0,No,No,No,No,No,No,No,No
2026-04-16 18:21:18,1.0,1500,500,,500,500,44,,200,,,648,,58.7,0.7200,0.6000,0.6000,1.1000,0.00000000,0.08880963,0.12491900,0.00683151,0.00000000,0.35426260,0.48991690,1.41987000,0.00061050,0.00079365,0.00445665,0.02722830,3.70070400,3.32580900,1.79828900,1.10695900,0.60659280,1.09999900,0.79963290,0.72070740,3.30219400,3.30494200,0.79912020,5.08128000,5.08530000,0.00854700, 2, 255, 7, 24,0x0,No,No,No,No,No,No,No,No
2026-04-16 18:21:20,0.3,1500,500,,500,500,44,,200,,,648,,58.2,0.7200,0.6000,0.6000,1.1000,0.00000000,0.09076149,0.12491900,0.00390372,0.00000000,0.35328660,0.49186870,1.40201000,0.00036630,0.00042735,0.00445665,0.02722830,3.69977600,3.29518600,1.79096300,1.10879000,0.60732540,1.09999900,0.80036550,0.72017020,3.29944700,3.30494200,0.79941320,5.09066000,5.09200000,0.00854700, 2, 255, 7, 24,0x0,No,No,No,No,No,No,No,No
2026-04-16 18:21:22,2.0,2000,910,,910,960,44,,200,,,648,,58.7,0.8976,0.6000,0.6000,1.1000,0.00000000,0.09759300,0.13272650,0.02830197,0.00000000,0.35523850,0.49577240,3.06299000,0.00067155,0.00115995,0.00439560,0.02710620,3.70256000,3.29333000,1.81733600,1.10769100,0.60586020,1.10036500,0.79926660,0.89987700,3.30219400,3.30585700,0.79882700,5.01428000,4.97408000,0.00854700, 2, 255, 7, 24,0x0,No,No,No,No,No,No,No,No
2026-04-16 18:21:25,32.8,2000,910,,910,960,44,,200,,,648,,61.5,0.8976,0.6000,0.6000,1.1000,0.00000000,0.11808750,0.13272650,0.00585558,0.00000000,0.35328660,0.49479650,2.14320000,0.00061050,0.00109890,0.00463980,0.02686200,3.70070400,3.29518600,1.79389300,1.10439400,0.60366240,1.10073200,0.79999920,0.90041420,3.30402600,3.30311000,0.79912020,5.05314000,5.06117900,0.00940170, 2, 255, 7, 24,0x0,No,No,No,No,No,No,No,No
2026-04-16 18:21:27,1.5,2000,910,,910,592,44,,200,,,648,,59.8,0.7876,0.6000,0.6000,1.1000,0.00000000,0.09173742,0.12882280,0.00780744,0.00000000,0.35328660,0.49186870,1.62526000,0.00054945,0.00067155,0.00439560,0.02722830,3.69884800,3.29518600,1.79389300,1.10732500,0.60146460,1.09999900,0.79926660,0.79028010,3.30219400,3.30219400,0.79882700,5.09200000,5.08530000,0.00940170, 2, 255, 7, 24,0x0,No,No,No,No,No,No,No,No
2026-04-16 18:21:29,17.0,2000,910,,910,960,44,,200,,,648,,61.5,0.8976,0.6000,0.6000,1.1000,0.00000000,0.09076149,0.13077460,0.00780744,0.00000000,0.35328660,0.48796500,2.15213000,0.00067155,0.00103785,0.00433455,0.02710620,3.69977600,3.30260900,1.81684800,1.10805800,0.60879060,1.10036500,0.79963290,0.90014570,3.30219400,3.30311000,0.79970620,5.05984000,5.05314000,0.00940170, 2, 255, 7, 24,0x0,No,No,No,No,No,No,No,No
2026-04-16 18:21:31,23.9,2000,910,,910,960,44,,200,,,648,,62.0,0.8976,0.6000,0.6000,1.1000,0.00000000,0.08685777,0.15224510,0.08880963,0.00147060,0.35328660,0.54749670,3.83097000,0.00042735,0.00067155,0.00463980,0.02686200,3.70256000,3.31931300,1.81684800,1.10915600,0.60366240,1.10036500,0.79816780,0.90068290,3.30402600,3.30494200,0.79941320,5.02098000,5.02499900,0.00940170, 2, 255, 7, 24,0x0,No,No,No,No,No,No,No,No
2026-04-16 18:21:33,0.5,2000,910,,910,960,44,,200,,,648,,60.9,0.8976,0.6000,0.6000,1.1000,0.00000000,0.09076149,0.13272650,0.12979870,0.00000000,0.35426260,0.48991690,2.16999000,0.00042735,0.00103785,0.00463980,0.02722830,3.70163200,3.31931300,1.81684800,1.10805800,0.60476130,1.10183000,0.80036550,0.89960840,3.29944700,3.30494200,0.79941320,5.06922000,5.07190000,0.00940170, 2, 255, 7, 24,0x0,No,No,No,No,No,No,No,No
2026-04-16 18:21:35,17.7,2000,910,,910,960,44,,200,,,648,,63.1,0.8976,0.6000,0.6000,1.1000,0.00000000,0.09856894,0.12882280,0.00878337,0.00000000,0.35328660,0.49089280,2.18785000,0.00067155,0.00103785,0.00433455,0.02735040,3.70163200,3.29333000,1.81684800,1.10439400,0.60512760,1.10109800,0.79963290,0.89987700,3.30219400,3.30311000,0.79941320,5.05716000,5.05984000,0.00940170, 2, 255, 7, 24,0x0,No,No,No,No,No,No,No,No
2026-04-16 18:21:38,17.8,2000,910,,910,960,44,,200,,,648,,62.6,0.8976,0.6000,0.6000,1.1000,0.00000000,0.09076149,0.12979870,0.01171116,0.00196080,0.35523850,0.49577240,3.16122000,0.00048840,0.00079365,0.00488400,0.02735040,3.70163200,3.29889800,1.79828900,1.10769100,0.60439500,1.09999900,0.79963290,0.89987700,3.30219400,3.30311000,0.79794790,5.02499900,5.03840000,0.00940170, 2, 255, 7, 24,0x0,No,No,No,No,No,No,No,No
2026-04-16 18:21:40,1.5,2000,910,,910,960,44,,200,,,648,,63.1,0.8976,0.6000,0.6000,1.1000,0.00000000,0.09076149,0.13370240,0.00780744,0.00000000,0.36694970,0.49186870,2.18785000,0.00048840,0.00073260,0.00488400,0.02722830,3.69977600,3.30168200,1.79926600,1.10805800,0.60769170,1.10036500,0.79999920,0.89933980,3.30127900,3.30402600,0.79824100,5.05582000,5.04778000,0.00940170, 2, 255, 7, 24,0x0,No,No,No,No,No,No,No,No
2026-04-16 18:21:42,28.3,2000,910,,910,960,44,,200,,,648,,62.6,0.8976,0.6000,0.6000,1.1000,0.00000000,0.09759300,0.13077460,0.00878337,0.00000000,0.35328660,0.49284470,2.22357000,0.00054945,0.00079365,0.00488400,0.02735040,3.70070400,3.32580900,1.80024200,1.10769100,0.60659280,1.10109800,0.79999920,0.90041420,3.30219400,3.30219400,0.79882700,5.05984000,5.05984000,0.00854700, 2, 255, 7, 24,0x0,No,No,No,No,No,No,No,No
2026-04-16 18:21:44,9.3,2000,910,,910,960,44,,200,,,648,,63.1,0.8976,0.6000,0.6000,1.1000,0.00000000,0.09271335,0.12979870,0.00683151,0.00000000,0.35523850,0.54652080,3.07192000,0.00054945,0.00067155,0.00439560,0.02735040,3.70256000,3.29518600,1.81733600,1.10549400,0.60329610,1.10036500,0.80036550,0.89987700,3.30494200,3.30402600,0.79941320,5.01026000,5.01160000,0.00940170, 2, 255, 7, 24,0x0,No,No,No,No,No,No,No,No
2026-04-16 18:21:46,1.3,2000,910,,910,960,44,,200,,,648,,63.1,0.8976,0.6000,0.6000,1.1000,0.00000000,0.09271335,0.12979870,0.00487965,0.00000000,0.35426260,0.49089280,2.27715000,0.00042735,0.00103785,0.00433455,0.02747250,3.70163200,3.30353800,1.81684800,1.10695900,0.60549390,1.10146400,0.80036550,0.89907110,3.30127900,3.30402600,0.79941320,5.05850000,5.05314000,0.00854700, 2, 255, 7, 24,0x0,No,No,No,No,No,No,No,No
2026-04-16 18:21:48,32.4,2000,910,,910,960,44,,200,,,648,,64.2,0.8976,0.6000,0.6000,1.1000,0.00000000,0.11418380,0.13175060,0.00292779,0.00000000,0.35621450,0.48796500,3.04513000,0.00042735,0.00067155,0.00463980,0.02735040,3.70070400,3.29518600,1.79389300,1.10805800,0.60256350,1.10183000,0.79926660,0.89987700,3.30219400,3.30402600,0.79882700,5.05984000,5.05314000,0.00940170, 2, 255, 7, 24,0x0,No,No,No,No,No,No,No,No
2026-04-16 18:21:50,1.5,1500,500,,500,500,44,,200,,,648,,61.5,0.7200,0.6000,0.6000,1.1000,0.00000000,0.09076149,0.12784680,0.00585558,0.00000000,0.35523850,0.49186870,1.45559000,0.00054945,0.00067155,0.00463980,0.02710620,3.70256000,3.31374500,1.79389300,1.10805800,0.60695910,1.10146400,0.79999920,0.72097620,3.30127900,3.30402600,0.79941320,5.08262000,5.08262000,0.00940170, 2, 255, 7, 24,0x0,No,No,No,No,No,No,No,No
2026-04-16 18:21:53,0.0,1500,500,,500,500,44,,200,,,648,,60.4,0.7200,0.6000,0.6000,1.1000,0.00000000,0.09661707,0.12784680,0.00878337,0.00000000,0.35328660,0.48698910,1.43773000,0.00054945,0.00091575,0.00488400,0.02710620,3.70070400,3.32580900,1.79828900,1.10988900,0.60732540,1.09853400,0.79963290,0.72043880,3.29944700,3.30494200,0.79941320,5.08664000,5.08530000,0.00940170, 2, 255, 7, 24,0x0,No,No,No,No,No,No,No,No
2026-04-16 18:21:55,0.0,1500,500,,500,500,43,,200,,,648,,59.8,0.7200,0.6000,0.6000,1.1000,0.00000000,0.09173742,0.12687090,0.00683151,0.00000000,0.35133480,0.55237640,1.42880000,0.00054945,0.00079365,0.00445665,0.02722830,3.70070400,3.32580900,1.79828900,1.10805800,0.60769170,1.09963300,0.79963290,0.72070740,3.30219400,3.30494200,0.79941320,5.08530000,5.09200000,0.00940170, 2, 255, 7, 24,0x0,No,No,No,No,No,No,No,No
2026-04-16 18:21:57,27.0,2000,910,,910,960,44,,200,,,648,,60.9,0.8976,0.6000,0.6000,1.1000,0.00000000,0.09076149,0.13175060,0.01171116,0.00000000,0.35523850,0.48894090,2.14320000,0.00042735,0.00103785,0.00488400,0.02686200,3.69977600,3.29240200,1.81684800,1.10805800,0.60695910,1.10036500,0.79999920,0.90041420,3.30402600,3.30402600,0.79853400,5.05314000,5.05046000,0.00940170, 2, 255, 7, 24,0x0,No,No,No,No,No,No,No,No
2026-04-16 18:21:59,12.3,2000,910,,910,960,44,,200,,,648,,64.2,0.8976,0.6000,0.6000,1.1000,0.00000000,0.09856894,0.13077460,0.00780744,0.00000000,0.36499780,0.48991690,3.08085000,0.00054945,0.00067155,0.00433455,0.02722830,3.70163200,3.30260900,1.81684800,1.10512700,0.60219720,1.10183000,0.79926660,0.89987700,3.30036300,3.30219400,0.79882700,5.01294000,5.02098000,0.00940170, 2, 255, 7, 24,0x0,No,No,No,No,No,No,No,No
2026-04-16 18:22:01,2.3,1500,500,,500,500,44,,200,,,648,,61.5,0.7200,0.6000,0.6000,1.1000,0.00000000,0.09564114,0.12394310,0.00585558,0.00392160,0.35523850,0.49186870,1.47345000,0.00048840,0.00042735,0.00488400,0.02673990,3.70256000,3.32580900,1.79828900,1.10439400,0.60439500,1.09999900,0.79963290,0.72017020,3.30311000,3.30494200,0.79853400,5.08932000,5.08530000,0.00940170, 2, 255, 7, 24,0x0,No,No,No,No,No,No,No,No
2026-04-16 18:22:03,31.7,2000,910,,910,960,44,,200,,,648,,63.7,0.8976,0.6000,0.6000,1.1000,0.00000000,0.18152300,0.12882280,0.00780744,0.00000000,0.36402190,0.49382060,2.20571000,0.00042735,0.00067155,0.00463980,0.02722830,3.70163200,3.29518600,1.82124300,1.10732500,0.60146460,1.10109800,0.79963290,0.89960840,3.30311000,3.30494200,0.79912020,5.06788000,5.07324000,0.00854700, 2, 255, 7, 24,0x0,No,No,No,No,No,No,No,No
2026-04-16 18:22:05,4.2,2000,910,,910,960,44,,200,,,648,,62.0,0.8976,0.6000,0.6000,1.1000,0.00000000,0.09076149,0.13077460,0.00585558,0.00000000,0.35719040,0.49382060,2.19678000,0.00042735,0.00103785,0.00451770,0.02710620,3.69977600,3.29518600,1.81684800,1.10622600,0.60622650,1.09999900,0.80036550,0.89907110,3.30311000,3.30494200,0.79941320,5.04778000,5.06252000,0.00940170, 2, 255, 7, 24,0x0,No,No,No,No,No,No,No,No
2026-04-16 18:22:08,3.3,2000,910,,910,960,44,,200,,,648,,63.1,0.8976,0.6000,0.6000,1.1000,0.00000000,0.08978556,0.13077460,0.00878337,0.00000000,0.35621450,0.49186870,2.16999000,0.00067155,0.00091575,0.00488400,0.02735040,3.70070400,3.32766400,1.80610300,1.10622600,0.60402870,1.09926600,0.80036550,0.90041420,3.30402600,3.30311000,0.79941320,5.05314000,5.06252000,0.00854700, 2, 255, 7, 24,0x0,No,No,No,No,No,No,No,No
2026-04-16 18:22:10,0.0,2000,910,,910,960,44,,200,,,648,,62.6,0.8976,0.6000,0.6000,1.1000,0.00000000,0.09954486,0.13272650,0.00487965,0.00000000,0.35328660,0.48796500,2.17892000,0.00042735,0.00067155,0.00488400,0.02710620,3.70070400,3.30168200,1.80024200,1.10805800,0.60622650,1.10109800,0.79999920,0.90041420,3.30402600,3.30402600,0.79824100,5.05314000,5.05984000,0.00854700, 2, 255, 7, 24,0x0,No,No,No,No,No,No,No,No
2026-04-16 18:22:12,26.1,2000,910,,910,960,44,,200,,,648,,63.7,0.8976,0.6000,0.6000,1.1000,0.00000000,0.09076149,0.13077460,0.00878337,0.00000000,0.35426260,0.49089280,2.21464000,0.00054945,0.00067155,0.00463980,0.02735040,3.70070400,3.29425800,1.81684800,1.10622600,0.60842430,1.09926600,0.79999920,0.89933980,3.30127900,3.30311000,0.79824100,5.04912000,5.04644000,0.00854700, 2, 255, 7, 24,0x0,No,No,No,No,No,No,No,No
2026-04-16 18:22:14,1.0,2000,910,,910,960,44,,200,,,648,,62.6,0.8976,0.6000,0.6000,1.1000,0.00000000,0.09271335,0.13175060,0.00487965,0.00000000,0.35426260,0.48894090,2.19678000,0.00067155,0.00103785,0.00463980,0.02710620,3.70163200,3.29333000,1.81684800,1.10695900,0.60329610,1.09853400,0.79963290,0.89987700,3.30219400,3.30311000,0.79794790,5.05716000,5.06252000,0.00854700, 2, 255, 7, 24,0x0,No,No,No,No,No,No,No,No
2026-04-16 18:22:16,0.0,2000,910,,910,960,44,,200,,,648,,62.6,0.8976,0.6000,0.6000,1.1000,0.00000000,0.09856894,0.13077460,0.00683151,0.00000000,0.37085340,0.49382060,2.18785000,0.00061050,0.00115995,0.00463980,0.02710620,3.70163200,3.30260900,1.81733600,1.10695900,0.60842430,1.10183000,0.79926660,0.89960840,3.30219400,3.30311000,0.79882700,5.03572000,5.05984000,0.00940170, 2, 255, 7, 24,0x0,No,No,No,No,No,No,No,No
2026-04-16 18:22:18,0.0,1500,500,,500,500,44,,200,,,648,,60.4,0.7200,0.6000,0.6000,1.1000,0.00000000,0.09076149,0.12589500,0.00683151,0.00000000,0.35328660,0.48894090,1.46452000,0.00048840,0.00067155,0.00457875,0.02759460,3.70070400,3.30168200,1.79926600,1.10586000,0.60622650,1.09926600,0.79926660,0.72070740,3.30219400,3.30311000,0.79882700,5.07860000,5.08932000,0.00854700, 2, 255, 7, 24,0x0,No,No,No,No,No,No,No,No
2026-04-16 18:22:20,23.9,2000,910,,910,960,44,,200,,,648,,63.7,0.8976,0.6000,0.6000,1.1000,0.00000000,0.20592120,0.13077460,0.01659081,0.00000000,0.35426260,0.49284470,3.12550000,0.00042735,0.00042735,0.00457875,0.02735040,3.70163200,3.32580900,1.79828900,1.10146400,0.60402870,1.10036500,0.79926660,0.90014570,3.30036300,3.30311000,0.79882700,5.01294000,5.00624000,0.00940170, 2, 255, 7, 24,0x0,No,No,No,No,No,No,No,No
2026-04-16 18:22:23,19.3,2000,910,,910,960,44,,200,,,648,,64.8,0.8976,0.6000,0.6000,1.1000,0.00000000,0.09076149,0.14443760,0.21860830,0.00490200,0.35621450,0.52797810,3.28624000,0.00054945,0.00079365,0.00433455,0.02673990,3.69977600,3.30168200,1.78900900,1.10622600,0.60073200,1.09999900,0.79999920,0.90041420,3.30127900,3.30402600,0.79853400,4.96738000,5.02499900,0.00854700, 2, 255, 7, 24,0x0,No,No,No,No,No,No,No,No
2026-04-16 18:22:25,0.3,2000,910,,910,960,44,,200,,,648,,64.2,0.8976,0.6000,0.6000,1.1000,0.00000000,0.09076149,0.13175060,0.00878337,0.00000000,0.35328660,0.49284470,2.20571000,0.00067155,0.00115995,0.00463980,0.02710620,3.70163200,3.29333000,1.81684800,1.10549400,0.60659280,1.10036500,0.79926660,0.89987700,3.30219400,3.30311000,0.79794790,5.05448000,5.05984000,0.00940170, 2, 255, 7, 24,0x0,No,No,No,No,No,No,No,No
2026-04-16 18:22:27,0.2,2000,910,,910,960,44,,200,,,648,,63.7,0.8976,0.6000,0.6000,1.1000,0.00000000,0.13370240,0.12979870,0.00585558,0.00000000,0.35621450,0.48796500,2.20571000,0.00067155,0.00103785,0.00433455,0.02722830,3.70163200,3.29518600,1.81684800,1.10292900,0.60586020,1.10183000,0.79963290,0.89987700,3.30219400,3.30311000,0.79912020,5.03572000,5.04912000,0.00940170, 2, 255, 7, 24,0x0,No,No,No,No,No,No,No,No
2026-04-16 18:22:31,13.6,2000,910,,910,960,44,,200,,,648,,65.3,0.8976,0.6000,0.6000,1.1000,0.00000000,0.08880963,0.13175060,0.00878337,0.00000000,0.35426260,0.49089280,2.24143000,0.00067155,0.00091575,0.00445665,0.02686200,3.70256000,3.31281700,1.80659200,1.10805800,0.60695910,1.10073200,0.79999920,0.90041420,3.30127900,3.30402600,0.79882700,5.05314000,5.05984000,0.00940170, 2, 255, 7, 24,0x0,No,No,No,No,No,No,No,No
2026-04-16 18:22:33,23.5,2000,910,,910,960,44,,200,,,648,,64.8,0.8976,0.6000,0.6000,1.1000,0.00000000,0.09076149,0.14638950,0.09368929,0.00343140,0.35426260,0.55530420,3.11657000,0.00067155,0.00067155,0.00451770,0.02735040,3.69977600,3.30724900,1.78852100,1.10586000,0.60292980,1.09926600,0.80036550,0.90041420,3.30127900,3.30494200,0.79970620,5.01964000,5.01026000,0.00940170, 2, 255, 7, 24,0x0,No,No,No,No,No,No,No,No
2026-04-16 18:22:35,0.8,1500,500,,500,500,44,,200,,,648,,63.1,0.7200,0.6000,0.6000,1.1000,0.00000000,0.12979870,0.15907660,0.00878337,0.00000000,0.35523850,0.49382060,1.50024000,0.00067155,0.00067155,0.00445665,0.02710620,3.69977600,3.29518600,1.79389300,1.10439400,0.60659280,1.10146400,0.79926660,0.72097620,3.30127900,3.30402600,0.79941320,5.07190000,5.07190000,0.00940170, 2, 255, 7, 24,0x0,No,No,No,No,No,No,No,No
2026-04-16 18:22:37,24.4,2000,910,,910,960,44,,200,,,648,,63.1,0.8976,0.6000,0.6000,1.1000,0.00000000,0.09173742,0.13175060,0.00683151,0.00000000,0.36694970,0.49479650,3.19694000,0.00067155,0.00109890,0.00445665,0.02735040,3.70256000,3.29518600,1.79389300,1.10146400,0.60329610,1.10036500,0.79926660,0.89987700,3.30219400,3.30311000,0.79882700,5.00624000,4.99954000,0.00940170, 2, 255, 7, 24,0x0,No,No,No,No,No,No,No,No
2026-04-16 18:22:39,0.3,2000,910,,910,960,44,,200,,,648,,63.7,0.8976,0.6000,0.6000,1.1000,0.00000000,0.09466522,0.13272650,0.00683151,0.00000000,0.35523850,0.49089280,2.22357000,0.00054945,0.00054945,0.00433455,0.02673990,3.69977600,3.29425800,1.81684800,1.10842400,0.60109830,1.10036500,0.79999920,0.89960840,3.30402600,3.30402600,0.79941320,5.05314000,5.06252000,0.00854700, 2, 255, 7, 24,0x0,No,No,No,No,No,No,No,No
2026-04-16 18:22:42,0.0,1500,500,,500,500,43,,200,,,648,,62.0,0.7200,0.6000,0.6000,1.1000,0.00000000,0.09076149,0.12589500,0.00585558,0.00000000,0.35426260,0.49089280,1.50024000,0.00042735,0.00067155,0.00439560,0.02710620,3.69884800,3.29518600,1.79389300,1.10622600,0.60695910,1.10109800,0.79926660,0.72097620,3.30311000,3.30219400,0.79882700,5.09200000,5.09200000,0.00940170, 2, 255, 7, 24,0x0,No,No,No,No,No,No,No,No
2026-04-16 18:22:44,7.0,2000,910,,910,960,44,,200,,,648,,62.0,0.8976,0.6000,0.6000,1.1000,0.00000000,0.09076149,0.13077460,0.00975930,0.00000000,0.35719040,0.49186870,2.18785000,0.00054945,0.00054945,0.00433455,0.02698410,3.69977600,3.29425800,1.81684800,1.10476100,0.60769170,1.09999900,0.79926660,0.89960840,3.30036300,3.30219400,0.79882700,5.04912000,5.04778000,0.00940170, 2, 255, 7, 24,0x0,No,No,No,No,No,No,No,No
2026-04-16 18:22:46,13.1,2000,910,,910,960,44,,200,,,648,,64.2,0.8976,0.6000,0.6000,1.1000,0.00000000,0.08880963,0.13077460,0.00585558,0.00000000,0.35328660,0.49382060,2.22357000,0.00067155,0.00042735,0.00457875,0.02698410,3.70070400,3.35550300,1.80659200,1.10366200,0.60366240,1.09963300,0.79999920,0.89960840,3.30402600,3.30311000,0.79882700,5.05046000,5.04376000,0.00940170, 2, 255, 7, 24,0x0,No,No,No,No,No,No,No,No
2026-04-16 18:22:48,22.9,2000,910,,910,960,44,,200,,,648,,65.3,0.8976,0.6000,0.6000,1.1000,0.00000000,0.09076149,0.14053390,0.16786000,0.02009820,0.35328660,0.54749670,3.17015000,0.00067155,0.00109890,0.00445665,0.02686200,3.70070400,3.35550300,1.80659200,1.10402800,0.60402870,1.10036500,0.79926660,0.90148870,3.30036300,3.30402600,0.79912020,5.01160000,5.01964000,0.00940170, 2, 255, 7, 24,0x0,No,No,No,No,No,No,No,No
2026-04-16 18:22:50,1.2,2000,910,,910,960,44,,200,,,648,,63.7,0.8976,0.6000,0.6000,1.1000,0.06148359,0.08880963,0.13370240,0.00780744,0.00000000,0.35816630,0.49089280,2.22357000,0.00042735,0.00103785,0.00433455,0.02710620,3.69977600,3.30353800,1.81684800,1.10622600,0.60366240,1.10109800,0.79999920,0.90041420,3.30402600,3.30402600,0.79941320,5.05314000,5.04242000,0.00854700, 2, 255, 7, 24,0x0,No,No,No,No,No,No,No,No
2026-04-16 18:22:53,18.9,2000,910,,910,960,44,,200,,,648,,64.8,0.8976,0.6000,0.6000,1.1000,0.00000000,0.08978556,0.13272650,0.13175060,0.00000000,0.35523850,0.49186870,2.27715000,0.00067155,0.00103785,0.00488400,0.02710620,3.70256000,3.29425800,1.81684800,1.10622600,0.60512760,1.10036500,0.79963290,0.89960840,3.30311000,3.30311000,0.79941320,5.04778000,5.05716000,0.00854700, 2, 255, 7, 24,0x0,No,No,No,No,No,No,No,No
2026-04-16 18:22:55,15.8,2000,910,,910,960,44,,200,,,648,,64.8,0.8976,0.6000,0.6000,1.1000,0.00000000,0.09466522,0.14053390,0.08295405,0.00196080,0.35328660,0.52309850,3.30410000,0.00054945,0.00103785,0.00451770,0.02686200,3.69977600,3.29518600,1.78852100,1.10292900,0.60512760,1.10036500,0.79963290,0.89987700,3.30219400,3.30311000,0.79794790,5.03304000,5.01562000,0.00940170, 2, 255, 7, 24,0x0,No,No,No,No,No,No,No,No
2026-04-16 18:22:57,1.5,2000,910,,910,960,44,,200,,,648,,65.3,0.8976,0.6000,0.6000,1.1000,0.00000000,0.09271335,0.13077460,0.00878337,0.00000000,0.35621450,0.48991690,2.25929000,0.00042735,0.00054945,0.00488400,0.02698410,3.69977600,3.29425800,1.81684800,1.10915600,0.60292980,1.09999900,0.79999920,0.90041420,3.30402600,3.30402600,0.79824100,5.05314000,5.03706000,0.00854700, 2, 255, 7, 24,0x0,No,No,No,No,No,No,No,No
2026-04-16 18:22:59,34.9,2000,910,,910,960,44,,200,,,648,,67.0,0.8976,0.6000,0.6000,1.1000,0.00000000,0.09076149,0.12979870,0.00878337,0.00000000,0.35523850,0.49284470,2.33073000,0.00067155,0.00103785,0.00463980,0.02686200,3.70348800,3.29425800,1.81684800,1.10512700,0.60512760,1.09963300,0.79963290,0.89987700,3.30219400,3.30311000,0.79853400,5.05716000,5.05850000,0.00854700, 2, 255, 7, 24,0x0,No,No,No,No,No,No,No,No
2026-04-16 18:23:01,2.3,2000,910,,910,960,44,,200,,,648,,65.9,0.8976,0.6000,0.6000,1.1000,0.00000000,0.10344860,0.15029320,0.08490592,0.00196080,0.36890160,0.54749670,3.11657000,0.00042735,0.00054945,0.00463980,0.02686200,3.69977600,3.29518600,1.81684800,1.10402800,0.60366240,1.10146400,0.80036550,0.90041420,3.30402600,3.30402600,0.79882700,5.03170000,5.03572000,0.00854700, 2, 255, 7, 24,0x0,No,No,No,No,No,No,No,No
2026-04-16 18:23:03,1.5,2000,910,,910,960,44,,200,,,648,,64.8,0.8976,0.6000,0.6000,1.1000,0.00000000,0.09076149,0.13077460,0.00683151,0.00000000,0.35621450,0.48991690,2.26822000,0.00067155,0.00103785,0.00476190,0.02673990,3.70163200,3.29240200,1.81684800,1.10769100,0.60366240,1.09853400,0.79926660,0.90014570,3.30219400,3.30311000,0.79941320,5.05984000,5.05716000,0.00940170, 2, 255, 7, 24,0x0,No,No,No,No,No,No,No,No
2026-04-16 18:23:06,0.3,2000,910,,910,960,44,,200,,,648,,65.3,0.8976,0.6000,0.6000,1.1000,0.00000000,0.09076149,0.12979870,0.00585558,0.00000000,0.35426260,0.49089280,2.25036000,0.00042735,0.00054945,0.00488400,0.02673990,3.69977600,3.30353800,1.81684800,1.10622600,0.60659280,1.10219700,0.79999920,0.89960840,3.30402600,3.30402600,0.79941320,5.05314000,5.05984000,0.00854700, 2, 255, 7, 24,0x0,No,No,No,No,No,No,No,No
2026-04-16 18:23:08,0.5,1500,500,,500,500,44,,200,,,648,,63.1,0.7200,0.6000,0.6000,1.1000,0.00000000,0.09076149,0.12589500,0.00780744,0.00000000,0.35523850,0.49284470,1.50917000,0.00054945,0.00091575,0.00445665,0.02710620,3.69884800,3.32766400,1.79828900,1.10146400,0.60622650,1.09926600,0.79999920,0.72017020,3.30036300,3.30402600,0.79853400,5.08530000,5.07860000,0.00854700, 2, 255, 7, 24,0x0,No,No,No,No,No,No,No,No
2026-04-16 18:23:10,0.3,2000,910,,910,960,44,,200,,,648,,64.2,0.8976,0.6000,0.6000,1.1000,0.00000000,0.13858210,0.13370240,0.00878337,0.00000000,0.35328660,0.48796500,2.21464000,0.00067155,0.00067155,0.00433455,0.02673990,3.70070400,3.29518600,1.81684800,1.10769100,0.60659280,1.09963300,0.79963290,0.89907110,3.30127900,3.30494200,0.79794790,5.04778000,5.05984000,0.00854700, 2, 255, 7, 24,0x0,No,No,No,No,No,No,No,No
2026-04-16 18:23:16,28.4,2000,910,,910,960,44,,200,,,648,,65.3,0.8976,0.6000,0.6000,1.1000,0.00000000,0.08880963,0.13175060,0.00878337,0.00000000,0.35523850,0.49382060,2.25036000,0.00054945,0.00103785,0.00451770,0.02686200,3.70163200,3.29425800,1.81684800,1.10512700,0.60659280,1.10036500,0.79926660,0.89987700,3.30219400,3.30219400,0.79882700,5.05448000,5.05314000,0.00940170, 2, 255, 7, 24,0x0,No,No,No,No,No,No,No,No
2026-04-16 18:23:18,14.3,2000,910,,910,960,44,,200,,,648,,67.0,0.8976,0.6000,0.6000,1.1000,0.00000000,0.09368929,0.13175060,0.01366302,0.00000000,0.35328660,0.49382060,3.68809000,0.00067155,0.00091575,0.00488400,0.02686200,3.70070400,3.35735900,1.80610300,1.11062200,0.60366240,1.09999900,0.79999920,0.90041420,3.30127900,3.30402600,0.79941320,5.00758000,5.01428000,0.00940170, 2, 255, 7, 24,0x0,No,No,No,No,No,No,No,No
2026-04-16 18:23:20,2.0,2000,910,,910,960,44,,200,,,648,,65.9,0.8976,0.6000,0.6000,1.1000,0.00000000,0.09076149,0.13175060,0.00683151,0.00000000,0.35426260,0.49089280,2.27715000,0.00042735,0.00054945,0.00476190,0.02722830,3.70256000,3.29518600,1.81684800,1.10329600,0.60622650,1.09999900,0.79963290,0.90068290,3.30311000,3.30402600,0.79941320,5.05716000,5.04778000,0.00940170, 2, 255, 7, 24,0x0,No,No,No,No,No,No,No,No
2026-04-16 18:23:22,26.6,2000,910,,910,960,44,,200,,,648,,66.4,0.8976,0.6000,0.6000,1.1000,0.00000000,0.09564114,0.13175060,0.00585558,0.00000000,0.35426260,0.49089280,2.31287000,0.00054945,0.00054945,0.00476190,0.02698410,3.69977600,3.29982600,1.78852100,1.10769100,0.60402870,1.10146400,0.79963290,0.90041420,3.29944700,3.30402600,0.79824100,5.05046000,5.05716000,0.00854700, 2, 255, 7, 24,0x0,No,No,No,No,No,No,No,No
2026-04-16 18:23:24,0.0,1600,582,,582,592,44,,200,,,648,,65.3,0.7200,0.6000,0.6000,1.1000,0.00000000,0.09173742,0.12491900,0.00878337,0.00000000,0.35621450,0.49382060,1.58061000,0.00042735,0.00067155,0.00445665,0.02698410,3.69977600,3.31188900,1.79389300,1.10805800,0.60695910,1.10036500,0.79999920,0.72017020,3.30036300,3.30402600,0.79941320,5.08262000,5.09200000,0.00940170, 2, 255, 7, 24,0x0,No,No,No,No,No,No,No,No
2026-04-16 18:23:27,0.2,1500,500,,500,500,44,,200,,,648,,63.7,0.7200,0.6000,0.6000,1.1000,0.00000000,0.09856894,0.12491900,0.00975930,0.00000000,0.35621450,0.48991690,1.52703000,0.00048840,0.00067155,0.00470085,0.02735040,3.70256000,3.31374500,1.79389300,1.10769100,0.60402870,1.09999900,0.79999920,0.72017020,3.30402600,3.30402600,0.79941320,5.08262000,5.07592000,0.00940170, 2, 255, 7, 24,0x0,No,No,No,No,No,No,No,No
2026-04-16 18:23:29,0.7,1500,500,,500,500,44,,200,,,648,,61.5,0.7200,0.6000,0.6000,1.1000,0.00000000,0.09076149,0.12687090,0.00878337,0.00000000,0.35523850,0.48991690,1.50024000,0.00054945,0.00091575,0.00488400,0.02710620,3.70070400,3.32580900,1.79828900,1.10146400,0.60695910,1.09999900,0.80036550,0.72017020,3.30402600,3.30402600,0.79824100,5.08262000,5.05046000,0.00940170, 2, 255, 7, 24,0x0,No,No,No,No,No,No,No,No
2026-04-16 18:23:31,24.9,2000,910,,910,960,44,,200,,,648,,64.8,0.8976,0.6000,0.6000,1.1000,0.00000000,0.09856894,0.12979870,0.00975930,0.00000000,0.35719040,0.49089280,2.26822000,0.00067155,0.00085470,0.00470085,0.02649570,3.70070400,3.29518600,1.79096300,1.10879000,0.60695910,1.10146400,0.79999920,0.89960840,3.30127900,3.30311000,0.79882700,5.05046000,5.04778000,0.00940170, 2, 255, 7, 24,0x0,No,No,No,No,No,No,No,No
2026-04-16 18:23:33,15.8,2000,910,,910,960,44,,200,,,648,,66.4,0.8976,0.6000,0.6000,1.1000,0.00000000,0.09076149,0.13175060,0.01073523,0.00000000,0.35426260,0.49382060,3.22373000,0.00042735,0.00103785,0.00476190,0.02698410,3.70163200,3.29518600,1.81684800,1.10292900,0.60256350,1.09926600,0.79999920,0.90041420,3.30219400,3.30402600,0.79912020,5.02902000,5.02902000,0.00940170, 2, 255, 7, 24,0x0,No,No,No,No,No,No,No,No
2026-04-16 18:23:35,2.7,1500,500,,500,500,43,,200,,,648,,64.2,0.7200,0.6000,0.6000,1.1000,0.00000000,0.09076149,0.12687090,0.00585558,0.00000000,0.36792560,0.49284470,1.55382000,0.00054945,0.00091575,0.00470085,0.02710620,3.69977600,3.29147400,1.79096300,1.10439400,0.60366240,1.09999900,0.79926660,0.72097620,3.30036300,3.30219400,0.79882700,5.09200000,5.08798000,0.00940170, 2, 255, 7, 24,0x0,No,No,No,No,No,No,No,No
2026-04-16 18:23:37,25.8,2000,910,,910,960,44,,200,,,648,,65.3,0.8976,0.6000,0.6000,1.1000,0.00000000,0.09076149,0.13175060,0.00975930,0.00000000,0.36694970,0.49382060,2.31287000,0.00067155,0.00085470,0.00494505,0.02673990,3.70163200,3.30168200,1.80024200,1.10146400,0.60476130,1.10036500,0.80036550,0.90041420,3.30402600,3.30402600,0.79941320,5.04912000,5.04644000,0.00940170, 2, 255, 7, 24,0x0,No,No,No,No,No,No,No,No
2026-04-16 18:23:39,14.3,2000,910,,910,960,44,,200,,,648,,67.5,0.8976,0.6000,0.6000,1.1000,0.00000000,0.09076149,0.13955800,0.07905034,0.00343140,0.36597380,0.52700220,3.35768000,0.00054945,0.00103785,0.00433455,0.02625150,3.70163200,3.30353800,1.81684800,1.11062200,0.60073200,1.09999900,0.79926660,0.89960840,3.30219400,3.30585700,0.79882700,5.01562000,5.02768000,0.00940170, 2, 255, 7, 24,0x0,No,No,No,No,No,No,No,No
2026-04-16 18:23:42,1.8,1500,500,,500,500,44,,200,,,648,,64.8,0.7200,0.6000,0.6000,1.1000,0.00000000,0.13565430,0.15810070,0.00780744,0.00000000,0.35621450,0.49382060,1.58061000,0.00054945,0.00079365,0.00494505,0.02686200,3.70163200,3.32580900,1.80024200,1.10805800,0.60732540,1.10256300,0.79890030,0.72070740,3.29944700,3.30311000,0.79941320,5.08396000,5.07458000,0.00940170, 2, 255, 7, 24,0x0,No,No,No,No,No,No,No,No
2026-04-16 18:23:44,29.9,2000,910,,910,960,44,,200,,,648,,65.3,0.8976,0.6000,0.6000,1.1000,0.00000000,0.09076149,0.12882280,0.00585558,0.00000000,0.35426260,0.49479650,2.31287000,0.00042735,0.00067155,0.00445665,0.02686200,3.70256000,3.29518600,1.79389300,1.10879000,0.60659280,1.10036500,0.79816780,0.89987700,3.30219400,3.30311000,0.79794790,5.04644000,5.05314000,0.00940170, 2, 255, 7, 24,0x0,No,No,No,No,No,No,No,No
2026-04-16 18:23:46,7.8,2000,910,,910,960,44,,200,,,648,,65.9,0.8976,0.6000,0.6000,1.1000,0.00000000,0.09076149,0.14834140,0.17566740,0.00441180,0.35621450,0.51138740,3.17908000,0.00054945,0.00067155,0.00433455,0.02661780,3.70256000,3.30724900,1.81684800,1.10476100,0.60329610,1.10146400,0.79926660,0.89987700,3.30036300,3.30402600,0.79882700,5.01562000,5.00490000,0.00854700, 2, 255, 7, 24,0x0,No,No,No,No,No,No,No,No
2026-04-16 18:23:48,2.0,1500,500,,500,500,44,,200,,,648,,65.9,0.7200,0.6000,0.6000,1.1000,0.00000000,0.09076149,0.12784680,0.00683151,0.00000000,0.35523850,0.49382060,1.58954000,0.00042735,0.00054945,0.00409035,0.02722830,3.70070400,3.30168200,1.78852100,1.10622600,0.60476130,1.10183000,0.79926660,0.72097620,3.30219400,3.30585700,0.79912020,5.07592000,5.07860000,0.00940170, 2, 255, 7, 24,0x0,No,No,No,No,No,No,No,No
2026-04-16 18:23:50,32.6,2000,910,,910,960,44,,200,,,648,,68.6,0.8976,0.6000,0.6000,1.1000,0.00000000,0.09076149,0.13370240,0.01268709,0.00000000,0.35426260,0.49089280,3.29517000,0.00067155,0.00115995,0.00463980,0.02673990,3.70070400,3.29333000,1.81733600,1.10769100,0.60512760,1.10183000,0.79926660,0.89987700,3.30219400,3.30311000,0.79794790,5.01696000,5.02634000,0.00940170, 2, 255, 7, 24,0x0,No,No,No,No,No,No,No,No
2026-04-16 18:23:52,0.3,2000,910,,910,960,44,,200,,,648,,65.3,0.8976,0.6000,0.6000,1.1000,0.00000000,0.09076149,0.12784680,0.00975930,0.00000000,0.36890160,0.50748360,2.31287000,0.00042735,0.00067155,0.00463980,0.02710620,3.70348800,3.31931300,1.81733600,1.10805800,0.60292980,1.10036500,0.79963290,0.90014570,3.30127900,3.30494200,0.79794790,5.04778000,5.04912000,0.00940170, 2, 255, 7, 24,0x0,No,No,No,No,No,No,No,No
2026-04-16 18:23:55,0.0,1500,500,,500,500,44,,200,,,648,,64.8,0.8976,0.6000,0.6000,1.1000,0.00000000,0.13565430,0.13370240,0.08783370,0.00441180,0.36597380,0.55628010,3.14336000,0.00048840,0.00079365,0.00457875,0.02686200,3.69977600,3.30168200,1.80024200,1.10622600,0.60659280,1.09816700,0.79926660,0.89960840,3.30219400,3.30311000,0.79882700,4.99016000,4.99954000,0.00854700, 2, 255, 7, 24,0x0,No,No,No,No,No,No,No,No
2026-04-16 18:23:57,3.5,2000,910,,910,960,44,,200,,,648,,66.4,0.8976,0.6000,0.6000,1.1000,0.00000000,0.09076149,0.13077460,0.00585558,0.00000000,0.35523850,0.49284470,2.29501000,0.00042735,0.00067155,0.00445665,0.02649570,3.69977600,3.29333000,1.79389300,1.10586000,0.60805800,1.10109800,0.79963290,0.89987700,3.29944700,3.30311000,0.79941320,4.99016000,5.05046000,0.00940170, 2, 255, 7, 24,0x0,No,No,No,No,No,No,No,No
2026-04-16 18:23:59,5.8,2000,910,,910,960,44,,200,,,648,,67.0,0.8976,0.6000,0.6000,1.1000,0.00000000,0.09271335,0.13565430,0.13467840,0.01862760,0.35523850,0.55530420,3.15229000,0.00061050,0.00042735,0.00494505,0.02710620,3.70070400,3.29704200,1.80610300,1.10842400,0.60366240,1.09926600,0.79999920,0.90041420,3.30402600,3.30311000,0.79882700,5.01562000,4.97274000,0.00854700, 2, 255, 7, 24,0x0,No,No,No,No,No,No,No,No
2026-04-16 18:24:01,2.5,2000,910,,910,960,44,,200,,,648,,65.3,0.8976,0.6000,0.6000,1.1000,0.00000000,0.12979870,0.16102850,0.00878337,0.00000000,0.35621450,0.49577240,2.33966000,0.00042735,0.00067155,0.00463980,0.02686200,3.70163200,3.29333000,1.81684800,1.10512700,0.60219720,1.09926600,0.79890030,0.89960840,3.29944700,3.30494200,0.79941320,5.04242000,5.04644000,0.00940170, 2, 255, 7, 24,0x0,No,No,No,No,No,No,No,No
2026-04-16 18:24:03,34.2,2000,910,,910,960,44,,200,,,648,,69.2,0.8976,0.6000,0.6000,1.1000,0.00000000,0.08685777,0.13272650,0.02732604,0.00000000,0.35328660,0.49577240,3.42019000,0.00054945,0.00054945,0.00433455,0.02673990,3.70256000,3.30260900,1.81684800,1.10915600,0.60659280,1.10219700,0.79999920,0.89960840,3.30036300,3.30402600,0.79882700,5.07726000,5.06922000,0.00854700, 2, 255, 7, 24,0x0,No,No,No,No,No,No,No,No
2026-04-16 18:24:05,1.2,1500,500,,500,500,44,,200,,,648,,66.4,0.8976,0.6000,0.6000,1.1000,0.00000000,0.14541360,0.13077460,0.00975930,0.00000000,0.36694970,0.49186870,2.28608000,0.00067155,0.00103785,0.00433455,0.02710620,3.69977600,3.31931300,1.81684800,1.10879000,0.60146460,1.09926600,0.79963290,0.90014570,3.30219400,3.30585700,0.79912020,5.03572000,5.03840000,0.00940170, 2, 255, 7, 24,0x0,No,No,No,No,No,No,No,No
2026-04-16 18:24:07,15.3,2000,910,,910,960,44,,200,,,648,,66.4,0.8976,0.6000,0.6000,1.1000,0.00000000,0.09076149,0.13077460,0.00780744,0.00000000,0.35621450,0.49382060,2.97369000,0.00067155,0.00067155,0.00463980,0.02673990,3.70163200,3.31188900,1.81733600,1.10732500,0.60036570,1.09926600,0.79999920,0.89960840,3.30127900,3.30402600,0.79882700,5.03974000,5.03706000,0.00854700, 2, 255, 7, 24,0x0,No,No,No,No,No,No,No,No
2026-04-16 18:24:10,18.5,2000,910,,910,960,44,,200,,,648,,68.6,0.8976,0.6000,0.6000,1.1000,0.00000000,0.08978556,0.13760610,0.08392998,0.00049020,0.36499780,0.52993000,3.39340000,0.00067155,0.00103785,0.00433455,0.02661780,3.69977600,3.30353800,1.78803200,1.10549400,0.60366240,1.10036500,0.79963290,0.89960840,3.30219400,3.30311000,0.79794790,5.00356000,5.00490000,0.00854700, 2, 255, 7, 24,0x0,No,No,No,No,No,No,No,No
2026-04-16 18:24:12,0.5,2000,910,,910,960,44,,200,,,648,,68.1,0.8976,0.6000,0.6000,1.1000,0.00000000,0.09076149,0.12979870,0.00683151,0.00000000,0.35621450,0.49284470,2.33966000,0.00054945,0.00103785,0.00433455,0.02735040,3.69977600,3.29425800,1.81684800,1.10769100,0.60659280,1.10036500,0.79926660,0.89987700,3.30219400,3.30768900,0.79882700,5.05448000,5.05314000,0.00940170, 2, 255, 7, 24,0x0,No,No,No,No,No,No,No,No
2026-04-16 18:24:14,23.3,2000,910,,910,960,44,,200,,,648,,68.1,0.8976,0.6000,0.6000,1.1000,0.00000000,0.09076149,0.13077460,0.00683151,0.00000000,0.35621450,0.49186870,2.37538000,0.00067155,0.00103785,0.00476190,0.02673990,3.69977600,3.30353800,1.81684800,1.10732500,0.60146460,1.10109800,0.79926660,0.90014570,3.30219400,3.30311000,0.79912020,5.04376000,5.03572000,0.00854700, 2, 255, 7, 24,0x0,No,No,No,No,No,No,No,No
2026-04-16 18:24:16,0.0,1500,500,,500,500,44,,200,,,648,,66.4,0.7200,0.6000,0.6000,1.1000,0.00000000,0.10540040,0.12394310,0.00878337,0.00000000,0.35523850,0.49186870,1.61633000,0.00054945,0.00091575,0.00457875,0.02686200,3.70070400,3.29889800,1.80024200,1.10512700,0.60732540,1.10036500,0.79890030,0.72017020,3.29944700,3.30494200,0.79941320,5.08128000,5.06922000,0.00854700, 2, 255, 7, 24,0x0,No,No,No,No,No,No,No,No
2026-04-16 18:24:18,0.0,1500,500,,500,500,43,,200,,,648,,63.7,0.7200,0.6000,0.6000,1.1000,0.00000000,0.09368929,0.12784680,0.00683151,0.00000000,0.35523850,0.49186870,1.58061000,0.00054945,0.00079365,0.00488400,0.02673990,3.70070400,3.32580900,1.80610300,1.10439400,0.60622650,1.09926600,0.79890030,0.72017020,3.30127900,3.30402600,0.79941320,5.08396000,5.08530000,0.00940170, 2, 255, 7, 24,0x0,No,No,No,No,No,No,No,No
2026-04-16 18:24:20,1.5,1500,500,,500,500,44,,200,,,648,,63.7,0.7200,0.6000,0.6000,1.1000,0.00000000,0.09076149,0.12784680,0.00683151,0.00000000,0.35621450,0.49284470,1.86637000,0.00067155,0.00067155,0.00463980,0.02686200,3.69977600,3.29518600,1.81733600,1.10732500,0.60476130,1.10146400,0.79926660,0.81123240,3.30127900,3.30402600,0.79882700,5.07592000,5.06922000,0.00854700, 2, 255, 7, 24,0x0,No,No,No,No,No,No,No,No
2026-04-16 18:24:23,17.1,2000,910,,910,960,44,,200,,,648,,66.4,0.8976,0.6000,0.6000,1.1000,0.00000000,0.08880963,0.13272650,0.00878337,0.00000000,0.35621450,0.49382060,2.32180000,0.00042735,0.00054945,0.00463980,0.02661780,3.69977600,3.29518600,1.81684800,1.10476100,0.60366240,1.10036500,0.79963290,0.90014570,3.30127900,3.30402600,0.79941320,5.04376000,5.05984000,0.00940170, 2, 255, 7, 24,0x0,No,No,No,No,No,No,No,No
2026-04-16 18:24:25,20.2,2000,910,,910,960,44,,200,,,648,,69.2,0.8976,0.6000,0.6000,1.1000,0.00000000,0.10149670,0.15614880,0.24983810,0.02156880,0.35426260,0.61678780,4.92043000,0.00067155,0.00097680,0.00457875,0.02673990,3.70256000,3.35550300,1.79487000,1.10146400,0.60549390,1.10183000,0.79999920,0.90014570,3.30402600,3.30311000,0.79824100,5.02768000,5.02098000,0.00854700, 2, 255, 7, 24,0x0,No,No,No,No,No,No,No,No
2026-04-16 18:24:27,2.9,1500,500,,500,500,43,,200,,,648,,65.9,0.7200,0.6000,0.6000,1.1000,0.00000000,0.09954486,0.12491900,0.00780744,0.00000000,0.35523850,0.49089280,1.58954000,0.00073260,0.00085470,0.00494505,0.02661780,3.70070400,3.32766400,1.80610300,1.10622600,0.60769170,1.10109800,0.80036550,0.72017020,3.30311000,3.30402600,0.79853400,5.06922000,5.07190000,0.00940170, 2, 255, 7, 24,0x0,No,No,No,No,No,No,No,No
2026-04-16 18:24:29,25.7,2000,910,,910,960,44,,200,,,648,,67.5,0.8976,0.6000,0.6000,1.1000,0.00000000,0.09076149,0.12882280,0.01268709,0.00000000,0.35621450,0.49382060,2.35752000,0.00042735,0.00054945,0.00445665,0.02673990,3.70163200,3.30446500,1.81684800,1.10622600,0.60732540,1.10036500,0.80036550,0.89907110,3.30311000,3.30402600,0.79941320,5.04778000,5.04510000,0.00940170, 2, 255, 7, 24,0x0,No,No,No,No,No,No,No,No
2026-04-16 18:24:31,0.7,2000,910,,910,960,44,,200,,,648,,65.9,0.8976,0.6000,0.6000,1.1000,0.00000000,0.09076149,0.13370240,0.01073523,0.00000000,0.35719040,0.49382060,2.33073000,0.00054945,0.00067155,0.00433455,0.02625150,3.70348800,3.31188900,1.81684800,1.10439400,0.60402870,1.10146400,0.79999920,0.89987700,3.30402600,3.30494200,0.79824100,5.05046000,5.04912000,0.00854700, 2, 255, 7, 24,0x0,No,No,No,No,No,No,No,No
2026-04-16 18:24:33,5.7,2000,910,,910,960,44,,200,,,648,,67.5,0.8976,0.6000,0.6000,1.1000,0.00000000,0.09076149,0.13175060,0.00585558,0.00000000,0.35816630,0.49284470,2.33073000,0.00042735,0.00054945,0.00494505,0.02673990,3.70163200,3.30168200,1.80024200,1.10292900,0.60329610,1.10109800,0.79999920,0.90041420,3.30219400,3.30402600,0.79824100,5.05046000,5.05984000,0.00940170, 2, 255, 7, 24,0x0,No,No,No,No,No,No,No,No
2026-04-16 18:24:35,0.5,2000,910,,910,960,44,,200,,,648,,67.0,0.8976,0.6000,0.6000,1.1000,0.00000000,0.10442450,0.13175060,0.00683151,0.00000000,0.35426260,0.48991690,2.75044000,0.00042735,0.00067155,0.00463980,0.02661780,3.70163200,3.31931300,1.81684800,1.10549400,0.60439500,1.09926600,0.80036550,0.90041420,3.30494200,3.30402600,0.79941320,5.04778000,5.03572000,0.00854700, 2, 255, 7, 24,0x0,No,No,No,No,No,No,No,No
2026-04-16 18:24:38,19.2,2000,910,,910,960,44,,200,,,648,,68.1,0.8976,0.6000,0.6000,1.1000,0.00000000,0.09466522,0.13175060,0.00878337,0.00000000,0.35426260,0.49479650,2.37538000,0.00054945,0.00067155,0.00482295,0.02649570,3.70163200,3.29518600,1.81684800,1.10512700,0.60183090,1.10036500,0.79999920,0.89933980,3.30127900,3.30402600,0.79882700,5.05046000,5.04644000,0.00940170, 2, 255, 7, 24,0x0,No,No,No,No,No,No,No,No
2026-04-16 18:24:40,15.3,2000,910,,910,960,44,,200,,,648,,68.1,0.8976,0.6000,0.6000,1.1000,0.00000000,0.09271335,0.13272650,0.01366302,0.00000000,0.35523850,0.49674840,3.24159000,0.00067155,0.00067155,0.00463980,0.02661780,3.70070400,3.31188900,1.79389300,1.10366200,0.60073200,1.09999900,0.79926660,0.90014570,3.30219400,3.30311000,0.79912020,4.97274000,5.00758000,0.00940170, 2, 255, 7, 24,0x0,No,No,No,No,No,No,No,No
2026-04-16 18:24:42,0.0,2000,910,,910,960,44,,200,,,648,,68.1,0.8976,0.6000,0.6000,1.1000,0.00000000,0.09466522,0.13370240,0.01171116,0.00000000,0.35523850,0.49186870,2.34859000,0.00067155,0.00091575,0.00445665,0.02686200,3.70070400,3.35550300,1.80659200,1.10695900,0.60769170,1.10219700,0.79999920,0.90041420,3.30402600,3.30402600,0.79882700,5.04912000,5.04644000,0.00940170, 2, 255, 7, 24,0x0,No,No,No,No,No,No,No,No
2026-04-16 18:24:44,0.0,2000,910,,910,960,44,,200,,,648,,66.4,0.8976,0.6000,0.6000,1.1000,0.00000000,0.09076149,0.12882280,0.00878337,0.00000000,0.35621450,0.49186870,2.34859000,0.00054945,0.00054945,0.00476190,0.02673990,3.69977600,3.30724900,1.78852100,1.10439400,0.60769170,1.09999900,0.79999920,0.89933980,3.30402600,3.30402600,0.79882700,5.05046000,5.04778000,0.00940170, 2, 255, 7, 24,0x0,No,No,No,No,No,No,No,No
2026-04-16 18:24:46,1.8,2000,910,,910,960,44,,200,,,648,,65.3,0.8976,0.6000,0.6000,1.1000,0.00000000,0.09076149,0.13175060,0.00683151,0.00000000,0.35523850,0.49284470,2.29501000,0.00054945,0.00103785,0.00476190,0.02661780,3.69977600,3.29333000,1.81684800,1.10769100,0.60659280,1.10036500,0.79926660,0.89987700,3.30219400,3.30768900,0.79882700,5.05984000,5.05314000,0.00854700, 2, 255, 7, 24,0x0,No,No,No,No,No,No,No,No
2026-04-16 18:24:48,16.1,2000,910,,910,960,44,,200,,,648,,69.2,0.8976,0.6000,0.6000,1.1000,0.00000000,0.09076149,0.13955800,0.05074836,0.00000000,0.35426260,0.49479650,3.32196000,0.00067155,0.00103785,0.00433455,0.02661780,3.69977600,3.30724900,1.81684800,1.10622600,0.60292980,1.09853400,0.79963290,0.89960840,3.30311000,3.30494200,0.79912020,5.02499900,5.02768000,0.00940170, 2, 255, 7, 24,0x0,No,No,No,No,No,No,No,No
2026-04-16 18:24:50,1.3,2000,910,,910,960,44,,200,,,648,,68.6,0.8976,0.6000,0.6000,1.1000,0.05367615,0.09076149,0.13175060,0.00683151,0.00000000,0.35719040,0.49186870,2.34859000,0.00067155,0.00103785,0.00457875,0.02673990,3.70256000,3.29518600,1.81684800,1.10805800,0.60292980,1.09853400,0.79963290,0.89960840,3.30219400,3.30311000,0.79794790,5.04376000,5.03572000,0.00854700, 2, 255, 7, 24,0x0,No,No,No,No,No,No,No,No
2026-04-16 18:24:53,29.7,2000,910,,910,960,44,,200,,,648,,69.2,0.8976,0.6000,0.6000,1.1000,0.00000000,0.09564114,0.13175060,0.00975930,0.00000000,0.36792560,0.49772430,2.40217000,0.00061050,0.00097680,0.00439560,0.02686200,3.69977600,3.29240200,1.81684800,1.10805800,0.60549390,1.09999900,0.80036550,0.89907110,3.30494200,3.30402600,0.79941320,5.03840000,5.05716000,0.00940170, 2, 255, 7, 24,0x0,No,No,No,No,No,No,No,No
2026-04-16 18:24:55,0.3,2000,910,,910,960,44,,200,,,648,,68.1,0.8976,0.6000,0.6000,1.1000,0.00000000,0.09076149,0.13370240,0.00585558,0.00000000,0.35523850,0.49479650,2.38431000,0.00054945,0.00103785,0.00433455,0.02649570,3.70256000,3.29518600,1.78852100,1.10439400,0.60292980,1.10109800,0.79963290,0.89960840,3.30311000,3.30494200,0.79941320,5.04778000,5.04242000,0.00940170, 2, 255, 7, 24,0x0,No,No,No,No,No,No,No,No
2026-04-16 18:24:57,0.0,1500,500,,500,500,44,,200,,,648,,65.9,0.7200,0.6000,0.6000,1.1000,0.00000000,0.09954486,0.12491900,0.00683151,0.00000000,0.36499780,0.49382060,1.62526000,0.00054945,0.00067155,0.00463980,0.02673990,3.70256000,3.31188900,1.79389300,1.10879000,0.60695910,1.10146400,0.79926660,0.72097620,3.30219400,3.30402600,0.79912020,5.07726000,5.07860000,0.00940170, 2, 255, 7, 24,0x0,No,No,No,No,No,No,No,No
2026-04-16 18:24:59,0.0,1500,500,,500,500,44,,200,,,648,,65.9,0.7200,0.6000,0.6000,1.1000,0.00000000,0.08880963,0.12296720,0.00878337,0.00000000,0.35523850,0.49186870,1.58061000,0.00042735,0.00067155,0.00439560,0.02686200,3.70256000,3.31374500,1.79389300,1.11025500,0.60109830,1.10146400,0.80036550,0.72017020,3.30402600,3.30402600,0.79853400,5.08530000,5.05582000,0.00940170, 2, 255, 7, 24,0x0,No,No,No,No,No,No,No,No
2026-04-16 18:25:01,26.9,2000,910,,910,960,44,,200,,,648,,68.1,0.8976,0.6000,0.6000,1.1000,0.00000000,0.09661707,0.13077460,0.00780744,0.00000000,0.36597380,0.49479650,2.36645000,0.00054945,0.00103785,0.00433455,0.02686200,3.70163200,3.30446500,1.81684800,1.10622600,0.60659280,1.10183000,0.79926660,0.89987700,3.30219400,3.30311000,0.79882700,5.03974000,5.03840000,0.00940170, 2, 255, 7, 24,0x0,No,No,No,No,No,No,No,No
2026-04-16 18:25:03,9.0,2000,910,,910,960,44,,200,,,648,,70.3,0.8976,0.6000,0.6000,1.1000,0.00000000,0.09076149,0.14346170,0.12589500,0.00637260,0.35523850,0.54847260,3.30410000,0.00042735,0.00067155,0.00463980,0.02649570,3.70348800,3.30446500,1.81684800,1.10476100,0.60476130,1.09999900,0.80036550,0.89987700,3.29944700,3.30402600,0.79941320,5.02098000,4.99284000,0.00940170, 2, 255, 7, 24,0x0,No,No,No,No,No,No,No,No
2026-04-16 18:25:05,2.8,2000,910,,910,960,44,,200,,,648,,67.0,0.8976,0.6000,0.6000,1.1000,0.00000000,0.09271335,0.13565430,0.10540040,0.00000000,0.35328660,0.49674840,3.22373000,0.00054945,0.00103785,0.00433455,0.02661780,3.70256000,3.30724900,1.78852100,1.10769100,0.60366240,1.09999900,0.79963290,0.90041420,3.30311000,3.30311000,0.79824100,5.00222000,5.00088000,0.00940170, 2, 255, 7, 24,0x0,No,No,No,No,No,No,No,No
2026-04-16 18:25:08,0.3,2000,910,,910,960,44,,200,,,648,,67.0,0.8976,0.6000,0.6000,1.1000,0.00000000,0.09076149,0.13272650,0.00878337,0.00000000,0.36694970,0.49284470,2.37538000,0.00054945,0.00067155,0.00433455,0.02686200,3.70256000,3.30353800,1.81684800,1.10439400,0.60732540,1.10036500,0.79963290,0.89933980,3.30127900,3.30219400,0.79882700,5.02902000,5.04778000,0.00854700, 2, 255, 7, 24,0x0,No,No,No,No,No,No,No,No
2026-04-16 18:25:10,0.0,2000,910,,910,960,44,,200,,,648,,67.0,0.8976,0.6000,0.6000,1.1000,0.00000000,0.08978556,0.13175060,0.00683151,0.00000000,0.35523850,0.49186870,2.36645000,0.00042735,0.00103785,0.00476190,0.02673990,3.69977600,3.29240200,1.81684800,1.10586000,0.60402870,1.09999900,0.80036550,0.89960840,3.30402600,3.30402600,0.79853400,5.05314000,5.05448000,0.00940170, 2, 255, 7, 24,0x0,No,No,No,No,No,No,No,No
2026-04-16 18:25:12,15.9,2000,910,,910,960,44,,200,,,648,,67.5,0.8976,0.6000,0.6000,1.1000,0.00000000,0.08880963,0.12979870,0.01073523,0.00000000,0.35816630,0.49089280,3.29517000,0.00067155,0.00103785,0.00433455,0.02673990,3.70348800,3.30446500,1.81684800,1.10695900,0.60183090,1.10036500,0.79963290,0.90041420,3.30219400,3.30219400,0.79794790,4.94728000,4.99954000,0.00940170, 2, 255, 7, 24,0x0,No,No,No,No,No,No,No,No
2026-04-16 18:25:14,1.8,2000,910,,910,960,44,,200,,,648,,67.5,0.8976,0.6000,0.6000,1.1000,0.00000000,0.08978556,0.13175060,0.00585558,0.00000000,0.35816630,0.48894090,2.53612000,0.00042735,0.00054945,0.00463980,0.02686200,3.69977600,3.29333000,1.81684800,1.10476100,0.60476130,1.09999900,0.79963290,0.90041420,3.30311000,3.30494200,0.79941320,5.05180000,5.05180000,0.00940170, 2, 255, 7, 24,0x0,No,No,No,No,No,No,No,No
2026-04-16 18:25:16,24.1,2000,910,,910,960,44,,200,,,648,,69.2,0.8976,0.6000,0.6000,1.1000,0.00000000,0.09076149,0.13272650,0.00683151,0.00000000,0.35719040,0.48991690,2.43789000,0.00067155,0.00091575,0.00494505,0.02661780,3.70070400,3.32580900,1.79828900,1.10439400,0.60366240,1.10036500,0.80036550,0.89960840,3.30494200,3.30494200,0.79941320,5.03840000,5.05448000,0.00940170, 2, 255, 7, 24,0x0,No,No,No,No,No,No,No,No
2026-04-16 18:25:18,17.0,2000,910,,910,960,44,,200,,,648,,69.7,0.8976,0.6000,0.6000,1.1000,0.00000000,0.09271335,0.13077460,0.01073523,0.00000000,0.36597380,0.55725600,3.50949000,0.00054945,0.00054945,0.00451770,0.02649570,3.69977600,3.30724900,1.78852100,1.10659200,0.60695910,1.09999900,0.79999920,0.90041420,3.30402600,3.30402600,0.79882700,5.01026000,5.01160000,0.00940170, 2, 255, 7, 24,0x0,No,No,No,No,No,No,No,No
2026-04-16 18:25:20,1.8,2000,910,,910,960,44,,200,,,648,,68.6,0.8976,0.6000,0.6000,1.1000,0.00000000,0.09856894,0.13272650,0.00975930,0.00000000,0.35621450,0.49382060,2.42003000,0.00073260,0.00042735,0.00488400,0.02673990,3.69977600,3.29889800,1.80610300,1.10146400,0.60732540,1.10036500,0.79926660,0.89987700,3.30219400,3.30311000,0.79882700,5.05448000,5.02634000,0.00854700, 2, 255, 7, 24,0x0,No,No,No,No,No,No,No,No
2026-04-16 18:25:23,25.3,2000,910,,910,960,44,,200,,,648,,70.3,0.8976,0.6000,0.6000,1.1000,0.00000000,0.09076149,0.13272650,0.00975930,0.00000000,0.35621450,0.49674840,2.43789000,0.00097680,0.00054945,0.00500610,0.02686200,3.69977600,3.29518600,1.81684800,1.11062200,0.60549390,1.09963300,0.79926660,0.89933980,3.30036300,3.30402600,0.79882700,5.04912000,5.04644000,0.00854700, 2, 255, 7, 24,0x0,No,No,No,No,No,No,No,No
2026-04-16 18:25:25,13.1,2000,910,,910,960,44,,200,,,648,,69.7,0.8976,0.6000,0.6000,1.1000,0.00000000,0.09076149,0.13175060,0.01463895,0.00000000,0.35426260,0.49772430,3.35768000,0.00073260,0.00067155,0.00463980,0.02661780,3.69977600,3.29333000,1.81733600,1.10915600,0.60512760,1.10109800,0.80036550,0.90041420,3.30311000,3.30494200,0.79941320,5.01026000,5.01428000,0.00940170, 2, 255, 7, 24,0x0,No,No,No,No,No,No,No,No
2026-04-16 18:25:27,2.0,1500,500,,500,500,44,,200,,,648,,68.1,0.7200,0.6000,0.6000,1.1000,0.00000000,0.08978556,0.12491900,0.00878337,0.00000000,0.35621450,0.49382060,1.68777000,0.00067155,0.00067155,0.00457875,0.02686200,3.70256000,3.29518600,1.79389300,1.10695900,0.60476130,1.10036500,0.79926660,0.72043880,3.30219400,3.30402600,0.79882700,5.07726000,5.07860000,0.00854700, 2, 255, 7, 24,0x0,No,No,No,No,No,No,No,No
2026-04-16 18:25:29,25.4,2000,910,,910,960,44,,200,,,648,,69.7,0.8976,0.6000,0.6000,1.1000,0.00000000,0.13760610,0.12882280,0.01073523,0.00000000,0.35621450,0.49577240,2.50040000,0.00054945,0.00067155,0.00470085,0.02649570,3.70256000,3.29147400,1.79096300,1.10805800,0.60476130,1.10109800,0.80036550,0.90041420,3.29944700,3.30494200,0.79941320,5.04242000,5.04242000,0.00940170, 2, 255, 7, 24,0x0,No,No,No,No,No,No,No,No
2026-04-16 18:25:31,12.9,2000,910,,910,960,44,,200,,,648,,69.2,0.8976,0.6000,0.6000,1.1000,0.00000000,0.09076149,0.13175060,0.01171116,0.00049020,0.35523850,0.49186870,3.39340000,0.00073260,0.00073260,0.00488400,0.02625150,3.69977600,3.29889800,1.79926600,1.10915600,0.60805800,1.10183000,0.79926660,0.89987700,3.30127900,3.30585700,0.79882700,5.01294000,5.02098000,0.00854700, 2, 255, 7, 24,0x0,No,No,No,No,No,No,No,No
2026-04-16 18:25:33,1.5,1500,500,,500,500,44,,200,,,648,,69.2,0.7200,0.6000,0.6000,1.1000,0.00000000,0.09076149,0.12296720,0.00878337,0.00000000,0.35621450,0.49186870,1.69670000,0.00054945,0.00067155,0.00463980,0.02686200,3.70256000,3.29518600,1.79389300,1.10732500,0.60549390,1.10183000,0.79926660,0.72097620,3.30036300,3.30585700,0.79882700,5.07726000,5.07860000,0.00940170, 2, 255, 7, 24,0x0,No,No,No,No,No,No,No,No
2026-04-16 18:25:36,27.8,2000,910,,910,960,44,,200,,,648,,68.6,0.8976,0.6000,0.6000,1.1000,0.00000000,0.15029320,0.13370240,0.01073523,0.00000000,0.35621450,0.49479650,2.44682000,0.00097680,0.00054945,0.00433455,0.02625150,3.69977600,3.30724900,1.78900900,1.10769100,0.60659280,1.09999900,0.79926660,0.89987700,3.30219400,3.30402600,0.79882700,5.03438000,5.04242000,0.00940170, 2, 255, 7, 24,0x0,No,No,No,No,No,No,No,No
2026-04-16 18:25:38,3.7,2000,910,,910,960,44,,200,,,648,,69.7,0.8976,0.6000,0.6000,1.1000,0.00000000,0.09271335,0.14346170,0.05660394,0.00294120,0.35621450,0.52602620,3.32196000,0.00067155,0.00103785,0.00463980,0.02637360,3.69977600,3.30353800,1.81684800,1.10292900,0.60439500,1.10109800,0.79963290,0.90041420,3.29944700,3.30494200,0.79941320,5.00490000,5.01026000,0.00940170, 2, 255, 7, 24,0x0,No,No,No,No,No,No,No,No
2026-04-16 18:25:40,3.0,2000,910,,910,960,44,,200,,,648,,69.2,0.8976,0.6000,0.6000,1.1000,0.00000000,0.08880963,0.13272650,0.01073523,0.00000000,0.35523850,0.50748360,2.46468000,0.00073260,0.00079365,0.00457875,0.02637360,3.69977600,3.30724900,1.78852100,1.10805800,0.60659280,1.09926600,0.79926660,0.89933980,3.30036300,3.30311000,0.79882700,5.03974000,4.98614000,0.00854700, 2, 255, 7, 24,0x0,No,No,No,No,No,No,No,No
2026-04-16 18:25:43,30.7,2000,910,,910,960,44,,200,,,648,,70.8,0.8976,0.6000,0.6000,1.1000,0.00000000,0.09076149,0.13175060,0.00683151,0.00000000,0.35719040,0.49284470,2.52719000,0.00067155,0.00067155,0.00463980,0.02686200,3.70070400,3.29518600,1.79389300,1.10292900,0.60109830,1.10109800,0.79926660,0.89933980,3.30219400,3.30311000,0.79882700,5.05448000,4.98614000,0.00940170, 2, 255, 7, 24,0x0,No,No,No,No,No,No,No,No
2026-04-16 18:25:45,2.5,2000,910,,910,960,44,,200,,,648,,69.2,0.8976,0.6000,0.6000,1.1000,0.00000000,0.08880963,0.13272650,0.01366302,0.00000000,0.35621450,0.49577240,3.37554000,0.00054945,0.00067155,0.00457875,0.02649570,3.69977600,3.30724900,1.79926600,1.10366200,0.60586020,1.10109800,0.79963290,0.89987700,3.30311000,3.30494200,0.79794790,5.01964000,4.99418000,0.00940170, 2, 255, 7, 24,0x0,No,No,No,No,No,No,No,No
2026-04-16 18:25:47,11.2,2000,910,,910,960,44,,200,,,648,,71.4,0.8976,0.6000,0.6000,1.1000,0.00000000,0.08880963,0.13175060,0.00975930,0.00000000,0.35328660,0.49577240,2.46468000,0.00054945,0.00054945,0.00476190,0.02673990,3.69977600,3.29982600,1.78852100,1.10769100,0.60402870,1.09926600,0.79999920,0.90041420,3.30402600,3.30311000,0.79882700,5.04242000,5.03974000,0.00940170, 2, 255, 7, 24,0x0,No,No,No,No,No,No,No,No
2026-04-16 18:25:49,0.0,2000,910,,910,960,44,,200,,,648,,70.3,0.8976,0.6000,0.6000,1.1000,0.00000000,0.09173742,0.13370240,0.01659081,0.00000000,0.37963680,0.49186870,2.44682000,0.00067155,0.00067155,0.00433455,0.02649570,3.69977600,3.30724900,1.78852100,1.10622600,0.60622650,1.09999900,0.79890030,0.89960840,3.30311000,3.30311000,0.79824100,5.04778000,5.04778000,0.00940170, 2, 255, 7, 24,0x0,No,No,No,No,No,No,No,No
2026-04-16 18:25:51,0.0,1500,500,,500,500,44,,200,,,648,,67.0,0.7200,0.6000,0.6000,1.1000,0.00000000,0.09076149,0.12784680,0.00683151,0.00000000,0.36499780,0.49577240,1.67884000,0.00097680,0.00067155,0.00457875,0.02673990,3.70256000,3.29518600,1.79389300,1.11062200,0.60842430,1.09999900,0.79926660,0.72097620,3.30219400,3.30311000,0.79882700,5.07592000,5.07592000,0.00940170, 2, 255, 7, 24,0x0,No,No,No,No,No,No,No,No
2026-04-16 18:25:53,5.0,2000,910,,910,960,44,,200,,,648,,68.1,0.8976,0.6000,0.6000,1.1000,0.00000000,0.09076149,0.14834140,0.17859520,0.00490200,0.35621450,0.51626700,3.49163000,0.00097680,0.00054945,0.00476190,0.02649570,3.70070400,3.30168200,1.80024200,1.10366200,0.60512760,1.09999900,0.80036550,0.89907110,3.30311000,3.30494200,0.79882700,5.01428000,5.01160000,0.00940170, 2, 255, 7, 24,0x0,No,No,No,No,No,No,No,No
2026-04-16 18:25:56,2.5,2000,910,,910,960,44,,200,,,648,,68.6,0.8976,0.6000,0.6000,1.1000,0.00000000,0.09173742,0.12882280,0.00683151,0.00000000,0.35523850,0.49186870,2.42003000,0.00073260,0.00103785,0.00451770,0.02649570,3.69977600,3.30446500,1.81684800,1.11062200,0.60109830,1.09999900,0.80036550,0.90041420,3.30402600,3.30402600,0.79853400,5.04242000,5.04644000,0.00854700, 2, 255, 7, 24,0x0,No,No,No,No,No,No,No,No
2026-04-16 18:25:58,3.2,2000,910,,910,960,44,,200,,,648,,69.2,0.8976,0.6000,0.6000,1.1000,0.00000000,0.09076149,0.14638950,0.13467840,0.00833340,0.35523850,0.52993000,3.45591000,0.00067155,0.00067155,0.00457875,0.02625150,3.69977600,3.30724900,1.78852100,1.10476100,0.60329610,1.09926600,0.80036550,0.90068290,3.30127900,3.30402600,0.79941320,4.97274000,5.01160000,0.00940170, 2, 255, 7, 24,0x0,No,No,No,No,No,No,No,No
2026-04-16 18:26:00,2.8,2000,910,,910,960,44,,200,,,648,,69.7,0.8976,0.6000,0.6000,1.1000,0.00000000,0.10540040,0.12784680,0.00878337,0.00000000,0.35523850,0.49577240,2.45575000,0.00042735,0.00079365,0.00488400,0.02673990,3.70163200,3.32580900,1.79828900,1.10695900,0.61941330,1.10036500,0.79926660,0.89933980,3.30127900,3.30311000,0.79882700,5.04912000,5.03706000,0.00940170, 2, 255, 7, 24,0x0,No,No,No,No,No,No,No,No
2026-04-16 18:26:02,34.1,2000,910,,910,960,44,,200,,,648,,70.8,0.8976,0.6000,0.6000,1.1000,0.00000000,0.09661707,0.13272650,0.01463895,0.00000000,0.35719040,0.49479650,3.48270000,0.00067155,0.00103785,0.00476190,0.02649570,3.69977600,3.29425800,1.81684800,1.10549400,0.60219720,1.09926600,0.79816780,0.90014570,3.30127900,3.30311000,0.79941320,5.01696000,5.01294000,0.00940170, 2, 255, 7, 24,0x0,No,No,No,No,No,No,No,No
2026-04-16 18:26:04,0.3,1500,500,,500,500,44,,200,,,648,,69.7,0.7200,0.6000,0.6000,1.1000,0.00000000,0.10735230,0.12784680,0.00975930,0.00000000,0.35719040,0.49382060,1.69670000,0.00042735,0.00067155,0.00470085,0.02686200,3.70256000,3.29518600,1.79389300,1.10146400,0.60769170,1.10146400,0.79999920,0.72097620,3.30127900,3.30402600,0.79824100,5.08128000,5.07726000,0.00940170, 2, 255, 7, 24,0x0,No,No,No,No,No,No,No,No
2026-04-16 18:26:06,0.7,1500,500,,500,500,43,,200,,,648,,67.0,0.7200,0.6000,0.6000,1.1000,0.00000000,0.09076149,0.12687090,0.00878337,0.00000000,0.35816630,0.49186870,1.64312000,0.00061050,0.00067155,0.00445665,0.02686200,3.70163200,3.31188900,1.82124300,1.11062200,0.60769170,1.09853400,0.79926660,0.72097620,3.30402600,3.30402600,0.79912020,5.08262000,5.07860000,0.00854700, 2, 255, 7, 24,0x0,No,No,No,No,No,No,No,No
2026-04-16 18:26:08,0.2,1500,500,,500,500,44,,200,,,648,,67.0,0.7200,0.6000,0.6000,1.1000,0.00000000,0.09564114,0.12687090,0.00780744,0.00000000,0.37670900,0.49479650,1.61633000,0.00103785,0.00067155,0.00488400,0.02686200,3.70256000,3.31281700,1.79096300,1.10622600,0.60549390,1.10146400,0.79926660,0.72097620,3.30219400,3.30768900,0.79882700,5.08128000,5.08128000,0.00940170, 2, 255, 7, 24,0x0,No,No,No,No,No,No,No,No
2026-04-16 18:26:11,25.6,2000,910,,910,960,44,,200,,,648,,69.7,0.8976,0.6000,0.6000,1.1000,0.00000000,0.09076149,0.13175060,0.00878337,0.00000000,0.35621450,0.49479650,2.42003000,0.00097680,0.00054945,0.00451770,0.02625150,3.69977600,3.29982600,1.78852100,1.10915600,0.60769170,1.10146400,0.79926660,0.89960840,3.30219400,3.30311000,0.79882700,5.05448000,5.05046000,0.00940170, 2, 255, 7, 24,0x0,No,No,No,No,No,No,No,No
2026-04-16 18:26:13,11.3,2000,910,,910,960,44,,200,,,648,,70.8,0.8976,0.6000,0.6000,1.1000,0.00000000,0.08783370,0.13370240,0.02342232,0.00000000,0.35621450,0.49577240,3.36661000,0.00097680,0.00054945,0.00482295,0.02649570,3.69977600,3.30724900,1.78852100,1.10512700,0.60183090,1.10183000,0.79999920,0.90041420,3.30402600,3.30494200,0.79882700,5.01562000,5.01830000,0.00940170, 2, 255, 7, 24,0x0,No,No,No,No,No,No,No,No
2026-04-16 18:26:15,0.3,1500,500,,500,500,44,,200,,,648,,68.6,0.7200,0.6000,0.6000,1.1000,0.00000000,0.09271335,0.12784680,0.00780744,0.00000000,0.35816630,0.49674840,1.67884000,0.00097680,0.00079365,0.00488400,0.02686200,3.69884800,3.35550300,1.80659200,1.10915600,0.60695910,1.10183000,0.79999920,0.72017020,3.30127900,3.30402600,0.79824100,5.08262000,5.09200000,0.00940170, 2, 255, 7, 24,0x0,No,No,No,No,No,No,No,No
2026-04-16 18:26:17,5.7,2000,910,,910,960,44,,200,,,648,,67.0,0.8976,0.6000,0.6000,1.1000,0.00000000,0.08880963,0.12979870,0.00878337,0.00000000,0.35621450,0.49382060,2.39324000,0.00067155,0.00067155,0.00476190,0.02698410,3.69977600,3.30724900,1.78852100,1.10769100,0.60732540,1.09853400,0.80036550,0.89907110,3.30311000,3.30494200,0.79941320,5.04242000,5.03840000,0.00940170, 2, 255, 7, 24,0x0,No,No,No,No,No,No,No,No
2026-04-16 18:26:19,1.0,2000,910,,910,960,44,,200,,,648,,69.2,0.8976,0.6000,0.6000,1.1000,0.00000000,0.08978556,0.12979870,0.00878337,0.00000000,0.35426260,0.49479650,2.41110000,0.00097680,0.00103785,0.00463980,0.02649570,3.70256000,3.29425800,1.78900900,1.10622600,0.60769170,1.10036500,0.79926660,0.89987700,3.30311000,3.30311000,0.79882700,5.05448000,5.04242000,0.00940170, 2, 255, 7, 24,0x0,No,No,No,No,No,No,No,No
2026-04-16 18:26:21,17.1,2000,910,,910,960,44,,200,,,648,,69.2,0.8976,0.6000,0.6000,1.1000,0.00000000,0.08880963,0.13467840,0.00975930,0.00000000,0.35523850,0.50065210,3.38447000,0.00054945,0.00054945,0.00476190,0.02625150,3.69977600,3.29982600,1.78852100,1.10915600,0.60695910,1.10109800,0.79999920,0.89960840,3.30402600,3.30768900,0.79941320,5.01026000,5.01294000,0.00940170, 2, 255, 7, 24,0x0,No,No,No,No,No,No,No,No
2026-04-16 18:26:23,3.7,2000,910,,910,960,44,,200,,,648,,70.8,0.8976,0.6000,0.6000,1.1000,0.00000000,0.10637640,0.12979870,0.00780744,0.00000000,0.35523850,0.49577240,2.44682000,0.00097680,0.00054945,0.00500610,0.02649570,3.69977600,3.29982600,1.78852100,1.10622600,0.60402870,1.10036500,0.79926660,0.89987700,3.30219400,3.30585700,0.79882700,5.04912000,5.03974000,0.00940170, 2, 255, 7, 24,0x0,No,No,No,No,No,No,No,No
2026-04-16 18:26:26,0.3,2000,910,,910,960,44,,200,,,648,,69.2,0.8976,0.6000,0.6000,1.1000,0.00000000,0.09856894,0.13175060,0.00683151,0.00000000,0.35816630,0.49382060,2.44682000,0.00067155,0.00067155,0.00476190,0.02686200,3.69977600,3.30724900,1.79535800,1.10146400,0.60732540,1.09926600,0.79963290,0.90041420,3.30127900,3.30494200,0.79941320,4.98346000,5.04242000,0.00940170, 2, 255, 7, 24,0x0,No,No,No,No,No,No,No,No
2026-04-16 18:26:28,1.5,2000,910,,910,960,44,,200,,,648,,69.2,0.8976,0.6000,0.6000,1.1000,0.00000000,0.09661707,0.12979870,0.00878337,0.00000000,0.35523850,0.49479650,2.41110000,0.00097680,0.00054945,0.00433455,0.02686200,3.70163200,3.30168200,1.79926600,1.11208700,0.60219720,1.09926600,0.79963290,0.89987700,3.30311000,3.30585700,0.79794790,5.04644000,5.04912000,0.00940170, 2, 255, 7, 24,0x0,No,No,No,No,No,No,No,No
2026-04-16 18:26:30,22.6,2000,910,,910,960,44,,200,,,648,,69.2,0.8976,0.6000,0.6000,1.1000,0.00000000,0.09564114,0.14931730,0.15517290,0.01666680,0.35816630,0.52407440,3.28624000,0.00097680,0.00067155,0.00433455,0.02625150,3.70163200,3.29889800,1.78900900,1.10366200,0.60292980,1.10109800,0.79963290,0.89987700,3.30219400,3.30311000,0.79912020,5.00624000,5.00758000,0.00940170, 2, 255, 7, 24,0x0,No,No,No,No,No,No,No,No
2026-04-16 18:26:32,1.5,2000,910,,910,960,44,,200,,,648,,70.3,0.8976,0.6000,0.6000,1.1000,0.00000000,0.09076149,0.13272650,0.01171116,0.00000000,0.35621450,0.49089280,2.45575000,0.00067155,0.00067155,0.00457875,0.02673990,3.70070400,3.29982600,1.78900900,1.10915600,0.60622650,1.09926600,0.80036550,0.89960840,3.30127900,3.30494200,0.79941320,5.04778000,5.04242000,0.00940170, 2, 255, 7, 24,0x0,No,No,No,No,No,No,No,No
2026-04-16 18:26:34,22.1,2000,910,,910,960,44,,200,,,648,,70.8,0.8976,0.6000,0.6000,1.1000,0.00000000,0.09076149,0.13272650,0.00487965,0.00000000,0.35719040,0.49382060,2.49147000,0.00054945,0.00054945,0.00433455,0.02686200,3.69977600,3.29982600,1.78852100,1.10805800,0.60402870,1.09926600,0.79999920,0.89933980,3.30127900,3.30768900,0.79941320,5.05046000,5.04778000,0.00940170, 2, 255, 7, 24,0x0,No,No,No,No,No,No,No,No
2026-04-16 18:26:36,18.8,2000,910,,910,960,44,,200,,,648,,72.5,0.8976,0.6000,0.6000,1.1000,0.00000000,0.09271335,0.13955800,0.07612254,0.01862760,0.35523850,0.53090590,3.57200000,0.00097680,0.00067155,0.00476190,0.02637360,3.69977600,3.29982600,1.78852100,1.10292900,0.60366240,1.10036500,0.79926660,0.90014570,3.30219400,3.30219400,0.79794790,4.94996000,5.00222000,0.00940170, 2, 255, 7, 24,0x0,No,No,No,No,No,No,No,No
2026-04-16 18:26:39,1.0,1500,500,,500,500,44,,200,,,648,,69.2,0.7200,0.6000,0.6000,1.1000,0.00000000,0.09271335,0.12882280,0.00878337,0.00000000,0.35426260,0.49674840,1.73242000,0.00048840,0.00079365,0.00494505,0.02673990,3.70163200,3.32580900,1.79828900,1.10292900,0.60586020,1.10036500,0.79890030,0.72070740,3.30311000,3.30494200,0.79941320,5.08530000,5.08262000,0.00940170, 2, 255, 7, 24,0x0,No,No,No,No,No,No,No,No
2026-04-16 18:26:41,23.6,2000,910,,910,960,44,,200,,,648,,71.9,0.8976,0.6000,0.6000,1.1000,0.00000000,0.09271335,0.13272650,0.01073523,0.00000000,0.35719040,0.49772430,3.46484000,0.00048840,0.00054945,0.00488400,0.02649570,3.69977600,3.29425800,1.78852100,1.10622600,0.60695910,1.10183000,0.79926660,0.89987700,3.30219400,3.30311000,0.79882700,5.00624000,5.00624000,0.00940170, 2, 255, 7, 24,0x0,No,No,No,No,No,No,No,No
2026-04-16 18:26:43,13.0,2000,910,,910,960,44,,200,,,648,,71.9,0.8976,0.6000,0.6000,1.1000,0.00000000,0.09271335,0.13175060,0.01463895,0.00000000,0.37963680,0.49479650,3.65237000,0.00073260,0.00073260,0.00494505,0.02625150,3.70163200,3.32766400,1.79828900,1.10659200,0.60512760,1.09963300,0.79963290,0.90014570,3.30311000,3.30494200,0.79794790,5.01428000,5.01696000,0.00940170, 2, 255, 7, 24,0x0,No,No,No,No,No,No,No,No
2026-04-16 18:26:45,2.7,1500,500,,500,500,43,,200,,,648,,68.6,0.7200,0.6000,0.6000,1.1000,0.00000000,0.08978556,0.12589500,0.00975930,0.00000000,0.36109410,0.49577240,1.76814000,0.00048840,0.00067155,0.00470085,0.02637360,3.70256000,3.29518600,1.79096300,1.10695900,0.60476130,1.10036500,0.79999920,0.72097620,3.30127900,3.30402600,0.79853400,5.07458000,5.07860000,0.00940170, 2, 255, 7, 24,0x0,No,No,No,No,No,No,No,No
2026-04-16 18:26:47,28.4,2000,910,,910,960,44,,200,,,648,,71.4,0.8976,0.6000,0.6000,1.1000,0.00000000,0.09856894,0.12882280,0.00585558,0.00000000,0.35523850,0.49479650,2.50933000,0.00073260,0.00067155,0.00482295,0.02625150,3.70441600,3.30724900,1.78803200,1.10586000,0.60659280,1.10183000,0.79999920,0.89933980,3.30127900,3.30402600,0.79941320,5.04912000,5.04778000,0.00940170, 2, 255, 7, 24,0x0,No,No,No,No,No,No,No,No
2026-04-16 18:26:49,6.0,2000,910,,910,960,44,,200,,,648,,71.4,0.8976,0.6000,0.6000,1.1000,0.00000000,0.09076149,0.14053390,0.07124290,0.01617660,0.35719040,0.55335230,3.38447000,0.00054945,0.00079365,0.00457875,0.02661780,3.69977600,3.30168200,1.80024200,1.10219700,0.60036570,1.10036500,0.79816780,0.89960840,3.30402600,3.30494200,0.79941320,5.00490000,5.01696000,0.00940170, 2, 255, 7, 24,0x0,No,No,No,No,No,No,No,No
2026-04-16 18:26:52,2.5,1500,500,,500,500,44,,200,,,648,,69.2,0.7200,0.6000,0.6000,1.1000,0.06538731,0.09076149,0.12491900,0.00780744,0.00000000,0.35719040,0.49382060,1.75028000,0.00097680,0.00067155,0.00470085,0.02673990,3.70070400,3.31188900,1.79389300,1.10402800,0.60219720,1.09999900,0.79926660,0.72097620,3.30219400,3.30311000,0.79882700,5.05984000,5.06788000,0.00940170, 2, 255, 7, 24,0x0,No,No,No,No,No,No,No,No
2026-04-16 18:26:54,31.3,2000,910,,910,960,44,,200,,,648,,71.9,0.8976,0.6000,0.6000,1.1000,0.00000000,0.08880963,0.13175060,0.00878337,0.00000000,0.35523850,0.49479650,2.52719000,0.00054945,0.00067155,0.00500610,0.02625150,3.69977600,3.30724900,1.78852100,1.10769100,0.60512760,1.09890000,0.79926660,0.89987700,3.30219400,3.30585700,0.79912020,5.03572000,5.04912000,0.00940170, 2, 255, 7, 24,0x0,No,No,No,No,No,No,No,No
2026-04-16 18:26:56,10.0,2000,910,,910,960,44,,200,,,648,,71.4,0.8976,0.6000,0.6000,1.1000,0.00000000,0.09076149,0.14541360,0.14834140,0.01617660,0.35523850,0.55628010,3.54521000,0.00073260,0.00054945,0.00457875,0.02637360,3.69977600,3.30168200,1.78852100,1.10476100,0.60476130,1.10036500,0.79926660,0.89960840,3.30219400,3.30311000,0.79882700,5.01160000,5.01160000,0.00940170, 2, 255, 7, 24,0x0,No,No,No,No,No,No,No,No
2026-04-16 18:26:58,2.3,1500,500,,500,500,44,,200,,,648,,70.8,0.7200,0.6000,0.6000,1.1000,0.00000000,0.09661707,0.12784680,0.00585558,0.00000000,0.35816630,0.49479650,1.75921000,0.00073260,0.00067155,0.00457875,0.02673990,3.70256000,3.31096100,1.79389300,1.10659200,0.60109830,1.09999900,0.79999920,0.72043880,3.30127900,3.30402600,0.79882700,5.07458000,5.06520000,0.00940170, 2, 255, 7, 24,0x0,No,No,No,No,No,No,No,No
2026-04-16 18:27:00,30.9,2000,910,,910,960,44,,200,,,648,,71.9,0.8976,0.6000,0.6000,1.1000,0.00000000,0.09076149,0.13077460,0.00878337,0.00000000,0.35523850,0.49382060,2.56291000,0.00067155,0.00067155,0.00463980,0.02649570,3.70256000,3.31374500,1.79389300,1.10622600,0.60512760,1.10036500,0.79926660,0.89933980,3.30219400,3.30311000,0.79882700,5.04912000,5.03974000,0.00940170, 2, 255, 7, 24,0x0,No,No,No,No,No,No,No,No
2026-04-16 18:27:02,7.3,2000,910,,910,960,44,,200,,,648,,71.4,0.8976,0.6000,0.6000,1.1000,0.00000000,0.09271335,0.13272650,0.01073523,0.00000000,0.35621450,0.49186870,2.52719000,0.00097680,0.00067155,0.00482295,0.02637360,3.70163200,3.30168200,1.80024200,1.10805800,0.60292980,1.10036500,0.79963290,0.89907110,3.30311000,3.30585700,0.79941320,5.04644000,5.04912000,0.00940170, 2, 255, 7, 24,0x0,No,No,No,No,No,No,No,No
2026-04-16 18:27:04,16.0,1500,500,,500,500,44,,200,,,648,,70.3,0.7200,0.6000,0.6000,1.1000,0.00000000,0.09271335,0.12589500,0.01073523,0.00000000,0.36109410,0.49284470,1.77707000,0.00061050,0.00079365,0.00488400,0.02673990,3.70070400,3.32580900,1.80610300,1.10915600,0.60329610,1.09926600,0.80036550,0.72070740,3.30127900,3.30402600,0.79941320,5.06922000,5.08128000,0.00940170, 2, 255, 7, 24,0x0,No,No,No,No,No,No,No,No
2026-04-16 18:27:07,27.4,2000,910,,910,960,44,,200,,,648,,73.6,0.8976,0.6000,0.6000,1.1000,0.00000000,0.09271335,0.15322100,0.26154920,0.02794140,0.35523850,0.59726920,4.89364000,0.00097680,0.00073260,0.00506715,0.02600730,3.70812800,3.32580900,1.80024200,1.10512700,0.60036570,1.10036500,0.80036550,0.89987700,3.29944700,3.30494200,0.79882700,4.93924000,4.93924000,0.00940170, 2, 255, 7, 24,0x0,No,No,No,No,No,No,No,No
2026-04-16 18:27:09,1.8,2000,910,,910,960,44,,200,,,648,,70.3,0.8976,0.6000,0.6000,1.1000,0.00000000,0.09076149,0.13467840,0.00683151,0.00000000,0.35719040,0.49577240,2.51826000,0.00067155,0.00067155,0.00500610,0.02649570,3.69977600,3.30724900,1.79926600,1.10292900,0.60659280,1.10109800,0.79926660,0.89987700,3.30219400,3.30768900,0.79882700,4.94192000,4.97140000,0.00940170, 2, 255, 7, 24,0x0,No,No,No,No,No,No,No,No
2026-04-16 18:27:11,7.0,1700,664,,664,684,43,,200,,,648,,71.9,0.7200,0.6000,0.6000,1.1000,0.00000000,0.09368929,0.12687090,0.00585558,0.00000000,0.35719040,0.49479650,1.79493000,0.00054945,0.00067155,0.00476190,0.02625150,3.70163200,3.31096100,1.81733600,1.10805800,0.60256350,1.10036500,0.79963290,0.72043880,3.30219400,3.30585700,0.79794790,5.07860000,5.08396000,0.00940170, 2, 255, 7, 24,0x0,No,No,No,No,No,No,No,No
2026-04-16 18:27:13,0.7,1500,500,,500,500,44,,200,,,648,,68.1,0.7200,0.6000,0.6000,1.1000,0.00000000,0.09076149,0.12491900,0.00975930,0.00000000,0.35719040,0.49674840,1.73242000,0.00103785,0.00067155,0.00488400,0.02649570,3.70256000,3.29518600,1.79389300,1.10439400,0.60695910,1.09926600,0.79926660,0.72097620,3.30219400,3.30311000,0.79882700,5.07592000,5.07860000,0.00940170, 2, 255, 7, 24,0x0,No,No,No,No,No,No,No,No
2026-04-16 18:27:15,0.0,1500,500,,500,500,44,,200,,,648,,68.1,0.7200,0.6000,0.6000,1.1000,0.00000000,0.09076149,0.12687090,0.00878337,0.00000000,0.35621450,0.49284470,1.68777000,0.00073260,0.00073260,0.00488400,0.02686200,3.69977600,3.35550300,1.80659200,1.10732500,0.60622650,1.10146400,0.79999920,0.72097620,3.30402600,3.30402600,0.79824100,5.08262000,5.07726000,0.00940170, 2, 255, 7, 24,0x0,No,No,No,No,No,No,No,No
2026-04-16 18:27:17,4.2,2000,910,,910,960,44,,200,,,648,,70.3,0.8976,0.6000,0.6000,1.1000,0.00000000,0.09076149,0.14736540,0.13467840,0.00343140,0.36792560,0.55432830,3.29517000,0.00097680,0.00067155,0.00482295,0.02637360,3.70163200,3.30168200,1.79926600,1.10659200,0.60292980,1.10109800,0.79926660,0.90014570,3.30311000,3.30494200,0.79853400,5.01428000,5.01294000,0.00940170, 2, 255, 7, 24,0x0,No,No,No,No,No,No,No,No
2026-04-16 18:27:19,3.5,2000,910,,910,960,44,,200,,,648,,70.8,0.8976,0.6000,0.6000,1.1000,0.00000000,0.09271335,0.13175060,0.00975930,0.00000000,0.35523850,0.49186870,2.47361000,0.00067155,0.00103785,0.00500610,0.02661780,3.69977600,3.29982600,1.78900900,1.10732500,0.60366240,1.10036500,0.80036550,0.89960840,3.30311000,3.30402600,0.79824100,5.02634000,5.03170000,0.00940170, 2, 255, 7, 24,0x0,No,No,No,No,No,No,No,No
2026-04-16 18:27:22,32.7,2000,910,,910,960,44,,200,,,648,,71.9,0.8976,0.6000,0.6000,1.1000,0.00000000,0.11223200,0.12979870,0.01268709,0.01372560,0.35523850,0.60117290,3.94706000,0.00097680,0.00054945,0.00506715,0.02637360,3.70163200,3.30168200,1.80024200,1.10769100,0.60805800,1.09853400,0.79963290,0.90014570,3.30311000,3.30494200,0.79941320,5.03572000,5.03840000,0.00854700, 2, 255, 7, 24,0x0,No,No,No,No,No,No,No,No
2026-04-16 18:27:24,2.2,2000,910,,910,960,44,,200,,,648,,71.9,0.8976,0.6000,0.6000,1.1000,0.00000000,0.09076149,0.15029320,0.23812690,0.01960800,0.36792560,0.61093220,5.90273000,0.00061050,0.00097680,0.00457875,0.02612940,3.69792000,3.31560100,1.80024200,1.10146400,0.60256350,1.10109800,0.79999920,0.89960840,3.30311000,3.30402600,0.79941320,4.95398000,4.96336000,0.00940170, 2, 255, 7, 24,0x0,No,No,No,No,No,No,No,No
2026-04-16 18:27:26,2.0,2000,910,,910,960,44,,200,,,648,,71.4,0.8976,0.6000,0.6000,1.1000,0.00000000,0.12979870,0.16395620,0.01171116,0.00000000,0.35621450,0.49382060,2.53612000,0.00067155,0.00103785,0.00433455,0.02649570,3.70534400,3.29425800,1.78900900,1.10512700,0.60586020,1.10036500,0.80036550,0.90041420,3.30311000,3.30494200,0.79941320,5.03170000,5.03170000,0.00940170, 2, 255, 7, 24,0x0,No,No,No,No,No,No,No,No
2026-04-16 18:27:28,5.3,2000,910,,910,960,44,,200,,,648,,71.9,0.8976,0.6000,0.6000,1.1000,0.00000000,0.09076149,0.13175060,0.00975930,0.00000000,0.36792560,0.49186870,2.51826000,0.00054945,0.00103785,0.00433455,0.02637360,3.70348800,3.29518600,1.81684800,1.10439400,0.60659280,1.10036500,0.79926660,0.89987700,3.30219400,3.30311000,0.79882700,5.03572000,5.05046000,0.00940170, 2, 255, 7, 24,0x0,No,No,No,No,No,No,No,No
2026-04-16 18:27:30,2.0,2000,910,,910,960,44,,200,,,648,,69.7,0.8976,0.6000,0.6000,1.1000,0.00000000,0.09076149,0.12979870,0.01171116,0.00000000,0.35719040,0.49284470,2.50040000,0.00067155,0.00097680,0.00470085,0.02625150,3.70256000,3.31281700,1.79096300,1.11025500,0.60659280,1.09926600,0.79926660,0.89933980,3.30127900,3.30311000,0.79941320,5.04510000,5.04242000,0.00940170, 2, 255, 7, 24,0x0,No,No,No,No,No,No,No,No
2026-04-16 18:27:32,10.3,2000,910,,910,960,44,,200,,,648,,74.1,0.8976,0.6000,0.6000,1.1000,0.00000000,0.09856894,0.13175060,0.00975930,0.00000000,0.35719040,0.52602620,3.54521000,0.00054945,0.00103785,0.00512820,0.02625150,3.70256000,3.30724900,1.78900900,1.10988900,0.60586020,1.09999900,0.79926660,0.90041420,3.30311000,3.30311000,0.79794790,5.01696000,5.01160000,0.00940170, 2, 255, 7, 24,0x0,No,No,No,No,No,No,No,No
2026-04-16 18:27:34,2.2,2000,910,,910,960,44,,200,,,648,,72.5,0.8976,0.6000,0.6000,1.1000,0.00000000,0.09076149,0.13467840,0.00878337,0.00000000,0.35426260,0.49479650,2.53612000,0.00067155,0.00067155,0.00476190,0.02625150,3.70070400,3.30168200,1.79926600,1.10439400,0.60622650,1.10036500,0.79999920,0.90041420,3.30402600,3.30402600,0.79824100,5.04242000,5.04242000,0.00940170, 2, 255, 7, 24,0x0,No,No,No,No,No,No,No,No
2026-04-16 18:27:37,28.5,2000,910,,910,960,44,,200,,,648,,73.0,0.8976,0.6000,0.6000,1.1000,0.00000000,0.09076149,0.12979870,0.00878337,0.00000000,0.35621450,0.49479650,2.58970000,0.00073260,0.00054945,0.00488400,0.02625150,3.69977600,3.30353800,1.81684800,1.10586000,0.60329610,1.10036500,0.79999920,0.89960840,3.30402600,3.30311000,0.79941320,5.04912000,5.04242000,0.00940170, 2, 255, 7, 24,0x0,No,No,No,No,No,No,No,No
2026-04-16 18:27:39,15.0,2000,910,,910,960,44,,200,,,648,,73.6,0.8976,0.6000,0.6000,1.1000,0.00000000,0.09173742,0.13175060,0.01073523,0.00000000,0.36792560,0.49772430,3.52735000,0.00073260,0.00085470,0.00494505,0.02637360,3.70256000,3.31374500,1.79096300,1.10769100,0.60292980,1.09999900,0.79963290,0.90041420,3.30219400,3.30494200,0.79794790,5.00356000,4.99686000,0.00940170, 2, 255, 7, 24,0x0,No,No,No,No,No,No,No,No
2026-04-16 18:27:41,1.3,2000,910,,910,960,44,,200,,,648,,71.9,0.8976,0.6000,0.6000,1.1000,0.00000000,0.09856894,0.13272650,0.00683151,0.00000000,0.37768490,0.49577240,2.55398000,0.00067155,0.00067155,0.00476190,0.02649570,3.70256000,3.31188900,1.79389300,1.10769100,0.60659280,1.09999900,0.79926660,0.89987700,3.30219400,3.30585700,0.79882700,5.04376000,5.03840000,0.00940170, 2, 255, 7, 24,0x0,No,No,No,No,No,No,No,No
2026-04-16 18:27:43,25.0,2000,910,,910,960,44,,200,,,648,,73.0,0.8976,0.6000,0.6000,1.1000,0.00000000,0.09173742,0.13272650,0.01463895,0.00000000,0.35719040,0.49674840,3.52735000,0.00067155,0.00109890,0.00476190,0.02637360,3.68771300,3.30075400,1.82124300,1.10439400,0.60183090,1.10183000,0.79926660,0.89987700,3.30219400,3.30311000,0.79794790,4.99284000,5.06117900,0.00940170, 2, 255, 7, 24,0x0,No,No,No,No,No,No,No,No
2026-04-16 18:27:45,15.9,2000,910,,910,960,44,,200,,,648,,73.0,0.8976,0.6000,0.6000,1.1000,0.00000000,0.09271335,0.13370240,0.01073523,0.00196080,0.35523850,0.49870020,3.52735000,0.00073260,0.00054945,0.00457875,0.02649570,3.69977600,3.29425800,1.79535800,1.10622600,0.60769170,1.10183000,0.79926660,0.89987700,3.30127900,3.30402600,0.79882700,5.01294000,5.01026000,0.00940170, 2, 255, 7, 24,0x0,No,No,No,No,No,No,No,No
2026-04-16 18:27:47,1.5,2000,910,,910,960,44,,200,,,648,,71.9,0.8976,0.6000,0.6000,1.1000,0.00000000,0.09271335,0.13175060,0.01073523,0.00000000,0.35816630,0.49382060,2.57184000,0.00073260,0.00073260,0.00494505,0.02625150,3.70441600,3.30168200,1.79926600,1.10659200,0.60769170,1.10109800,0.79926660,0.89907110,3.30219400,3.30219400,0.79882700,5.04778000,5.04108000,0.00940170, 2, 255, 7, 24,0x0,No,No,No,No,No,No,No,No
2026-04-16 18:27:49,27.8,2000,910,,910,960,44,,200,,,648,,73.0,0.8976,0.6000,0.6000,1.1000,0.00000000,0.09661707,0.13370240,0.00975930,0.00000000,0.36987750,0.49577240,2.61649000,0.00067155,0.00054945,0.00500610,0.02625150,3.69977600,3.29982600,1.79926600,1.10842400,0.60402870,1.10036500,0.79999920,0.90041420,3.30219400,3.30402600,0.79853400,5.03840000,5.04912000,0.00940170, 2, 255, 7, 24,0x0,No,No,No,No,No,No,No,No
2026-04-16 18:27:52,9.1,2000,910,,910,960,44,,200,,,648,,72.5,0.8976,0.6000,0.6000,1.1000,0.00000000,0.09271335,0.13663020,0.08197812,0.00588240,0.35816630,0.49967620,3.59879000,0.00067155,0.00097680,0.00476190,0.02600730,3.70256000,3.29518600,1.79389300,1.10219700,0.60329610,1.10109800,0.79926660,0.89987700,3.30219400,3.30311000,0.79882700,4.99016000,4.99686000,0.00940170, 2, 255, 7, 24,0x0,No,No,No,No,No,No,No,No
2026-04-16 18:27:54,1.8,2000,910,,910,960,44,,200,,,648,,73.6,0.8976,0.6000,0.6000,1.1000,0.00000000,0.09856894,0.13077460,0.01366302,0.00000000,0.35719040,0.49577240,2.60756000,0.00097680,0.00067155,0.00494505,0.02637360,3.69699300,3.30168200,1.80024200,1.10512700,0.60439500,1.09999900,0.79963290,0.89960840,3.30311000,3.30311000,0.79794790,5.04376000,5.03438000,0.00940170, 2, 255, 7, 24,0x0,No,No,No,No,No,No,No,No
2026-04-16 18:27:56,34.7,2000,910,,910,960,44,,200,,,648,,74.7,0.8976,0.6000,0.6000,1.1000,0.00000000,0.09173742,0.14638950,0.01366302,0.00000000,0.35816630,0.49382060,3.62558000,0.00067155,0.00079365,0.00586080,0.02649570,3.70163200,3.32952100,1.80024200,1.10805800,0.60109830,1.10109800,0.79853400,0.89933980,3.30127900,3.30311000,0.79824100,5.01294000,5.01160000,0.00940170, 131, 255, 7, 24,0x0,No,No,No,No,No,No,No,No
2026-04-16 18:27:58,1.5,2000,910,,910,960,44,,200,,,648,,72.5,0.8976,0.6000,0.6000,1.1000,0.00000000,0.09954486,0.13272650,0.00878337,0.00000000,0.35523850,0.49577240,2.59863000,0.00054945,0.00067155,0.00494505,0.02637360,3.70163200,3.30168200,1.79926600,1.10439400,0.60366240,1.09853400,0.79963290,0.89960840,3.30311000,3.30494200,0.79941320,5.03840000,5.03572000,0.00854700, 2, 255, 7, 24,0x0,No,No,No,No,No,No,No,No
2026-04-16 18:28:00,14.2,1500,500,,500,500,44,,200,,,648,,73.6,0.7200,0.6000,0.6000,1.1000,0.00000000,0.09076149,0.12882280,0.01073523,0.00000000,0.35523850,0.49674840,1.85744000,0.00097680,0.00097680,0.00476190,0.02637360,3.69884800,3.29333000,1.82124300,1.10439400,0.60842430,1.10183000,0.79926660,0.72043880,3.30219400,3.30585700,0.79882700,5.07592000,5.07860000,0.00940170, 2, 255, 7, 24,0x0,No,No,No,No,No,No,No,No
2026-04-16 18:28:02,0.0,1500,500,,500,500,43,,200,,,648,,70.8,0.7200,0.6000,0.6000,1.1000,0.00000000,0.09173742,0.12882280,0.00878337,0.00000000,0.35719040,0.49870020,1.77707000,0.00097680,0.00067155,0.00463980,0.02661780,3.69977600,3.29333000,1.82124300,1.10622600,0.60256350,1.09999900,0.79926660,0.72043880,3.30219400,3.30311000,0.79794790,5.07592000,5.06922000,0.00940170, 2, 255, 7, 24,0x0,No,No,No,No,No,No,No,No
2026-04-16 18:28:04,1.0,1500,500,,500,500,44,,200,,,648,,69.2,0.7200,0.6000,0.6000,1.1000,0.00000000,0.08978556,0.12589500,0.00878337,0.00000000,0.35816630,0.49674840,1.74135000,0.00097680,0.00067155,0.00463980,0.02661780,3.70256000,3.29333000,1.79389300,1.10769100,0.60512760,1.10036500,0.79926660,0.72097620,3.30219400,3.30585700,0.79882700,5.07592000,5.08262000,0.00940170, 2, 255, 7, 24,0x0,No,No,No,No,No,No,No,No
2026-04-16 18:28:07,7.8,2000,910,,910,960,44,,200,,,648,,71.9,0.8976,0.6000,0.6000,1.1000,0.00000000,0.09954486,0.14541360,0.17469150,0.00343140,0.35523850,0.52309850,3.63451000,0.00067155,0.00054945,0.00488400,0.02600730,3.70441600,3.30724900,1.79926600,1.10622600,0.60439500,1.10183000,0.79999920,0.90041420,3.30402600,3.30402600,0.79912020,5.01026000,5.01160000,0.00940170, 131, 255, 7, 24,0x0,No,No,No,No,No,No,No,No
2026-04-16 18:28:09,2.7,2000,910,,910,960,44,,200,,,648,,71.9,0.8976,0.6000,0.6000,1.1000,0.00000000,0.08880963,0.13467840,0.00878337,0.00000000,0.35621450,0.49674840,2.54505000,0.00073260,0.00073260,0.00500610,0.02625150,3.70534400,3.30168200,1.79926600,1.10659200,0.60695910,1.10036500,0.79926660,0.89987700,3.30219400,3.30311000,0.79882700,5.03438000,5.03572000,0.00940170, 2, 255, 7, 24,0x0,No,No,No,No,No,No,No,No
2026-04-16 18:28:11,31.7,2000,910,,910,960,44,,200,,,648,,74.7,0.8976,0.6000,0.6000,1.1000,0.00000000,0.09076149,0.13370240,0.01366302,0.00000000,0.35914220,0.49772430,3.60772000,0.00073260,0.00054945,0.00482295,0.02637360,3.69977600,3.29425800,1.81684800,1.10915600,0.60695910,1.09999900,0.79999920,0.90041420,3.30402600,3.30402600,0.79824100,5.01562000,5.01964000,0.00940170, 131, 255, 7, 24,0x0,No,No,No,No,No,No,No,No
2026-04-16 18:28:13,1.0,2000,910,,910,960,44,,200,,,648,,73.0,0.8976,0.6000,0.6000,1.1000,0.00000000,0.12882280,0.16005250,0.01171116,0.00000000,0.35914220,0.49870020,3.50949000,0.00073260,0.00073260,0.00494505,0.02612940,3.69977600,3.30168200,1.79926600,1.10586000,0.60366240,1.10036500,0.79926660,0.89960840,3.30219400,3.30768900,0.79882700,4.99150000,5.05984000,0.00940170, 2, 255, 7, 24,0x0,No,No,No,No,No,No,No,No
2026-04-16 18:28:15,17.3,2000,910,,910,960,44,,200,,,648,,72.5,0.8976,0.6000,0.6000,1.1000,0.00000000,0.09564114,0.13175060,0.01073523,0.00000000,0.37963680,0.49382060,2.60756000,0.00097680,0.00054945,0.00500610,0.02661780,3.70163200,3.30168200,1.79926600,1.10292900,0.60366240,1.10183000,0.79963290,0.89907110,3.30311000,3.30402600,0.79912020,5.04108000,5.03438000,0.00940170, 2, 255, 7, 24,0x0,No,No,No,No,No,No,No,No
2026-04-16 18:28:17,26.1,2000,910,,910,960,44,,200,,,648,,75.2,0.8976,0.6000,0.6000,1.1000,0.00000000,0.08880963,0.13272650,0.02049453,0.00000000,0.35621450,0.49577240,3.56307000,0.00073260,0.00073260,0.00506715,0.02625150,3.69977600,3.30168200,1.79926600,1.10842400,0.60476130,1.10219700,0.79926660,0.89987700,3.30219400,3.30585700,0.79882700,5.01562000,5.01696000,0.00940170, 131, 255, 7, 24,0x0,No,No,No,No,No,No,No,No
2026-04-16 18:28:19,0.5,2000,910,,910,960,44,,200,,,648,,73.6,0.8976,0.6000,0.6000,1.1000,0.00000000,0.09271335,0.13077460,0.01171116,0.00000000,0.36011820,0.49772430,2.60756000,0.00097680,0.00054945,0.00500610,0.02637360,3.69977600,3.29982600,1.79926600,1.11062200,0.60219720,1.10109800,0.79926660,0.90014570,3.30311000,3.30494200,0.79794790,5.03572000,4.99016000,0.00940170, 2, 255, 7, 24,0x0,No,No,No,No,No,No,No,No
2026-04-16 18:28:21,15.4,1500,500,,500,500,44,,200,,,648,,71.9,0.7200,0.6000,0.6000,1.1000,0.00000000,0.09271335,0.12784680,0.02439825,0.00000000,0.35621450,0.49577240,1.86637000,0.00097680,0.00103785,0.00512820,0.02661780,3.70163200,3.30260900,1.81684800,1.10366200,0.60512760,1.10036500,0.79963290,0.72043880,3.30219400,3.30311000,0.79882700,5.07592000,5.08128000,0.00854700, 2, 255, 7, 24,0x0,No,No,No,No,No,No,No,No
2026-04-16 18:28:24,24.3,2000,910,,910,960,44,,200,,,648,,72.5,0.8976,0.6000,0.6000,1.1000,0.00000000,0.09173742,0.14150990,0.08783370,0.01666680,0.35621450,0.56213570,3.50056000,0.00067155,0.00067155,0.00463980,0.02576310,3.70070400,3.31096100,1.82124300,1.10586000,0.60292980,1.10036500,0.80036550,0.90014570,3.30219400,3.30311000,0.79794790,4.99418000,5.00758000,0.00940170, 3, 255, 7, 24,0x0,No,No,No,No,No,No,No,No
2026-04-16 18:28:26,0.0,2000,910,,910,960,44,,200,,,648,,73.0,0.8976,0.6000,0.6000,1.1000,0.00000000,0.09856894,0.13467840,0.02537418,0.00000000,0.36694970,0.49772430,2.59863000,0.00073260,0.00054945,0.00476190,0.02625150,3.70441600,3.30724900,1.79145100,1.10659200,0.60549390,1.09926600,0.79926660,0.89933980,3.30219400,3.30402600,0.79882700,5.04376000,4.98882000,0.00854700, 3, 255, 7, 24,0x0,No,No,No,No,No,No,No,No
2026-04-16 18:28:28,0.3,2000,910,,910,960,44,,200,,,648,,73.6,0.7876,0.6000,0.6000,1.1000,0.00000000,0.09856894,0.13370240,0.02635011,0.00000000,0.35816630,0.49577240,2.06283000,0.00097680,0.00067155,0.00476190,0.02649570,3.70256000,3.29333000,1.82124300,1.10769100,0.60586020,1.09853400,0.79816780,0.79054870,3.30311000,3.30494200,0.79882700,5.06788000,5.07592000,0.00940170, 3, 255, 7, 24,0x0,No,No,No,No,No,No,No,No
2026-04-16 18:28:30,1.5,2000,910,,910,960,44,,200,,,648,,72.5,0.8976,0.6000,0.6000,1.1000,0.00000000,0.09076149,0.13370240,0.02830197,0.00000000,0.35621450,0.49186870,2.52719000,0.00073260,0.00061050,0.00506715,0.02637360,3.69977600,3.30168200,1.79926600,1.10366200,0.60109830,1.09853400,0.79926660,0.89987700,3.30219400,3.30311000,0.79882700,5.03438000,5.04912000,0.00940170, 3, 255, 7, 24,0x0,No,No,No,No,No,No,No,No
2026-04-16 18:28:32,27.4,2000,910,,910,960,44,,200,,,648,,73.0,0.8976,0.6000,0.6000,1.1000,0.00000000,0.09466522,0.14443760,0.15322100,0.03480420,0.35621450,0.60019700,6.31350900,0.00073260,0.00073260,0.00488400,0.02637360,3.69792000,3.30168200,1.80024200,1.10659200,0.60146460,1.10073200,0.79926660,0.89692220,3.30311000,3.30311000,0.79794790,4.89904000,4.90842000,0.00940170, 3, 255, 7, 24,0x0,No,No,No,No,No,No,No,No
2026-04-16 18:28:34,0.8,2000,910,,910,960,44,,200,,,648,,74.1,0.8976,0.6000,0.6000,1.1000,0.00000000,0.09076149,0.13663020,0.02635011,0.00000000,0.35523850,0.49674840,2.62542000,0.00067155,0.00067155,0.00488400,0.02612940,3.70256000,3.29333000,1.79389300,1.10586000,0.60659280,1.10036500,0.79926660,0.89987700,3.30219400,3.30768900,0.79912020,5.03974000,5.03974000,0.00940170, 3, 255, 7, 24,0x0,No,No,No,No,No,No,No,No
2026-04-16 18:28:36,17.7,2000,910,,910,960,44,,200,,,648,,73.0,0.8976,0.6000,0.6000,1.1000,0.00000000,0.09076149,0.13467840,0.03220569,0.00000000,0.35621450,0.49870020,2.61649000,0.00097680,0.00067155,0.00506715,0.02637360,3.69977600,3.30168200,1.80024200,1.10549400,0.60586020,1.10109800,0.79963290,0.89987700,3.29944700,3.30494200,0.79941320,5.04108000,5.03304000,0.00940170, 3, 255, 7, 24,0x0,No,No,No,No,No,No,No,No
2026-04-16 18:28:39,1.0,2000,910,,910,960,44,,200,,,648,,73.0,0.8976,0.6000,0.6000,1.1000,0.00000000,0.12589500,0.13565430,0.02830197,0.00000000,0.35719040,0.49284470,2.65221000,0.00054945,0.00103785,0.00512820,0.02625150,3.69977600,3.29518600,1.78900900,1.10695900,0.60439500,1.09926600,0.79890030,0.90014570,3.30127900,3.30311000,0.79912020,5.02634000,4.98212000,0.00940170, 3, 255, 7, 24,0x0,No,No,No,No,No,No,No,No
2026-04-16 18:28:41,0.7,1500,500,,500,500,43,,200,,,648,,71.9,0.7200,0.6000,0.6000,1.1000,0.00000000,0.09954486,0.13370240,0.03122976,0.00000000,0.35914220,0.49479650,1.80386000,0.00073260,0.00073260,0.00494505,0.02637360,3.70256000,3.32766400,1.80610300,1.10366200,0.60769170,1.10109800,0.79999920,0.72097620,3.30127900,3.30402600,0.79824100,5.05850000,5.05850000,0.00940170, 3, 255, 7, 24,0x0,No,No,No,No,No,No,No,No
2026-04-16 18:28:43,0.0,1500,500,,500,500,44,,200,,,648,,70.8,0.7200,0.6000,0.6000,1.1000,0.00000000,0.09661707,0.13077460,0.03122976,0.00000000,0.35523850,0.49577240,2.26822000,0.00097680,0.00067155,0.00463980,0.02625150,3.69977600,3.29333000,1.81733600,1.10952300,0.60073200,1.09999900,0.79963290,0.72097620,3.30219400,3.30311000,0.79794790,5.06520000,5.08932000,0.00854700, 3, 255, 7, 24,0x0,No,No,No,No,No,No,No,No
2026-04-16 18:28:45,16.5,2000,910,,910,960,44,,200,,,648,,71.9,0.8976,0.6000,0.6000,1.1000,0.00000000,0.09271335,0.13565430,0.18152300,0.00000000,0.35816630,0.49674840,2.57184000,0.00073260,0.00073260,0.00494505,0.02625150,3.70441600,3.30168200,1.80024200,1.10439400,0.60769170,1.09853400,0.79926660,0.89960840,3.30219400,3.30311000,0.79794790,5.03572000,5.03572000,0.00854700, 3, 255, 7, 24,0x0,No,No,No,No,No,No,No,No
2026-04-16 18:28:47,0.0,2000,910,,910,960,44,,200,,,648,,73.0,0.8976,0.6000,0.6000,1.1000,0.00000000,0.09076149,0.13272650,0.03220569,0.00000000,0.35719040,0.49382060,2.56291000,0.00067155,0.00103785,0.00433455,0.02625150,3.69977600,3.30353800,1.78803200,1.10659200,0.60622650,1.09926600,0.79999920,0.89960840,3.30311000,3.30494200,0.79941320,5.04644000,5.04108000,0.00940170, 3, 255, 7, 24,0x0,No,No,No,No,No,No,No,No
2026-04-16 18:28:49,0.5,1500,500,,500,500,44,,200,,,648,,71.4,0.7200,0.6000,0.6000,1.1000,0.00000000,0.09076149,0.12882280,0.03025383,0.00000000,0.35816630,0.49479650,1.77707000,0.00048840,0.00097680,0.00476190,0.02637360,3.70163200,3.30260900,1.81684800,1.10402800,0.60549390,1.10183000,0.79926660,0.72097620,3.30219400,3.30311000,0.79912020,5.07726000,5.08530000,0.00940170, 3, 255, 7, 24,0x0,No,No,No,No,No,No,No,No
2026-04-16 18:28:51,0.8,2000,910,,910,960,44,,200,,,648,,71.9,0.8976,0.6000,0.6000,1.1000,0.00000000,0.08783370,0.13077460,0.03220569,0.00000000,0.35816630,0.49577240,2.56291000,0.00048840,0.00073260,0.00470085,0.02637360,3.70256000,3.29518600,1.79389300,1.10586000,0.60292980,1.09926600,0.80036550,0.89960840,3.30219400,3.30494200,0.79912020,5.05180000,5.05448000,0.00940170, 3, 255, 7, 24,0x0,No,No,No,No,No,No,No,No
2026-04-16 18:28:54,0.0,2000,910,,910,960,44,,200,,,648,,73.0,0.8976,0.6000,0.6000,1.1000,0.06441138,0.10540040,0.13467840,0.02732604,0.00000000,0.35816630,0.49284470,2.55398000,0.00067155,0.00103785,0.00476190,0.02637360,3.69977600,3.30353800,1.79535800,1.10659200,0.60622650,1.10109800,0.79890030,0.89907110,3.30311000,3.30402600,0.79941320,5.03840000,5.02634000,0.00940170, 3, 255, 7, 24,0x0,No,No,No,No,No,No,No,No
2026-04-16 18:28:56,0.0,1500,500,,500,500,44,,200,,,648,,70.3,0.7200,0.6000,0.6000,1.1000,0.00000000,0.09076149,0.12882280,0.02830197,0.00000000,0.35719040,0.49577240,1.77707000,0.00097680,0.00067155,0.00476190,0.02649570,3.70256000,3.31188900,1.79389300,1.10952300,0.60512760,1.10036500,0.79963290,0.72097620,3.30219400,3.30311000,0.79912020,5.07860000,5.08530000,0.00940170, 3, 255, 7, 24,0x0,No,No,No,No,No,No,No,No
2026-04-16 18:28:58,1.5,1500,500,,500,500,44,,200,,,648,,70.3,0.7200,0.6000,0.6000,1.1000,0.00000000,0.09076149,0.13077460,0.02732604,0.00000000,0.35719040,0.49479650,1.74135000,0.00073260,0.00073260,0.00482295,0.02625150,3.70256000,3.35550300,1.80659200,1.10366200,0.60659280,1.10036500,0.79999920,0.72097620,3.30127900,3.30311000,0.79824100,5.07458000,5.07860000,0.00940170, 3, 255, 7, 24,0x0,No,No,No,No,No,No,No,No
2026-04-16 18:29:00,0.0,1500,500,,500,500,44,,200,,,648,,70.3,0.7200,0.6000,0.6000,1.1000,0.00000000,0.06245952,0.12882280,0.02732604,0.00000000,0.20006570,0.33962360,1.69670000,0.00097680,0.00067155,0.00470085,0.02637360,3.69977600,3.29333000,1.79389300,1.11062200,0.61575030,1.10549400,0.79999920,0.72097620,3.30219400,3.30311000,0.79882700,5.09870000,5.10004000,0.00940170, 3, 255, 7, 24,0x0,No,No,No,No,No,No,No,No
2026-04-16 18:29:02,0.0,1500,500,,500,500,44,,200,,,648,,69.2,0.7200,0.6000,0.6000,1.1000,0.00000000,0.07709848,0.12784680,0.02342232,0.00000000,0.20396940,0.33962360,1.67884000,0.00054945,0.00079365,0.00445665,0.02600730,3.69977600,3.31838500,1.79096300,1.10769100,0.61465140,1.09999900,0.80146440,0.72097620,3.30127900,3.30402600,0.79882700,5.09334000,5.09066000,0.00940170, 130, 255, 7, 24,0x0,No,No,No,No,No,No,No,No
2026-04-16 18:29:04,0.0,1500,500,,500,500,44,,200,,,648,,68.6,0.7200,0.6000,0.6000,1.1000,0.00000000,0.07319475,0.13077460,0.02439825,0.00000000,0.20006570,0.33962360,1.66991000,0.00097680,0.00079365,0.00451770,0.02612940,3.70070400,3.35550300,1.80610300,1.10805800,0.61648290,1.10146400,0.79926660,0.71990160,3.30402600,3.30402600,0.79853400,5.09602000,5.09334000,0.00940170, 2, 255, 7, 24,0x0,No,No,No,No,No,No,No,No
2026-04-16 18:29:06,0.0,1500,500,,500,500,44,,200,,,648,,68.1,0.7200,0.6000,0.6000,1.1000,0.00000000,0.06538731,0.12687090,0.02147046,0.00000000,0.20104160,0.34059960,1.65205000,0.00054945,0.00067155,0.00463980,0.02625150,3.69884800,3.29518600,1.79389300,1.10769100,0.61648290,1.10366200,0.80109810,0.72043880,3.30219400,3.30585700,0.79882700,5.09736000,5.10004000,0.00940170, 2, 255, 7, 24,0x0,No,No,No,No,No,No,No,No
2026-04-16 18:29:09,2.2,2000,910,,910,960,44,,200,,,648,,68.6,0.8976,0.6000,0.6000,1.1000,0.00000000,0.06441138,0.13077460,0.00878337,0.00000000,0.19908970,0.33864770,2.38431000,0.00067155,0.00067155,0.00476190,0.02612940,3.70163200,3.31096100,1.78852100,1.10146400,0.61611660,1.10402800,0.79999920,0.89960840,3.30311000,3.30402600,0.79853400,5.05850000,5.06922000,0.00940170, 2, 255, 7, 24,0x0,No,No,No,No,No,No,No,No
2026-04-16 18:29:11,4.5,2000,910,,910,960,44,,200,,,648,,69.2,0.8976,0.6000,0.6000,1.1000,0.00000000,0.06245952,0.13175060,0.01073523,0.00000000,0.20006570,0.33864770,2.42896000,0.00067155,0.00091575,0.00500610,0.02600730,3.70256000,3.31652900,1.79096300,1.10769100,0.61281990,1.10476100,0.80073180,0.89987700,3.30127900,3.30311000,0.79824100,5.06654000,5.06922000,0.00940170, 2, 255, 7, 24,0x0,No,No,No,No,No,No,No,No
2026-04-16 18:29:13,3.0,2000,910,,910,960,44,,200,,,648,,69.7,0.8976,0.6000,0.6000,1.1000,0.00000000,0.06733918,0.12979870,0.00975930,0.00000000,0.20006570,0.33962360,2.43789000,0.00042735,0.00067155,0.00470085,0.02576310,3.69977600,3.30910500,1.78900900,1.11208700,0.61648290,1.10146400,0.79890030,0.89960840,3.30219400,3.30494200,0.79853400,5.07056000,5.04778000,0.00854700, 2, 255, 7, 24,0x0,No,No,No,No,No,No,No,No
